run_id,predeclared_run_id,split,row_index,grna_target_id,genome,label,score,threshold,threshold_selection_split
xgboost_unweighted_F4_sprint2_main_seed42_regen_seed2024,XGB_F4,val,176,176,hg19,1,0.9419994950294495,0.49377796053886414,validation
xgboost_unweighted_F4_sprint2_main_seed42_regen_seed2024,XGB_F4,val,177,176,hg19,1,0.9013707637786865,0.49377796053886414,validation
xgboost_unweighted_F4_sprint2_main_seed42_regen_seed2024,XGB_F4,val,178,176,hg19,1,0.944512665271759,0.49377796053886414,validation
xgboost_unweighted_F4_sprint2_main_seed42_regen_seed2024,XGB_F4,val,179,176,hg19,1,0.8948975205421448,0.49377796053886414,validation
xgboost_unweighted_F4_sprint2_main_seed42_regen_seed2024,XGB_F4,val,180,176,hg19,1,0.9120690226554871,0.49377796053886414,validation
xgboost_unweighted_F4_sprint2_main_seed42_regen_seed2024,XGB_F4,val,181,176,hg19,1,0.9470281004905701,0.49377796053886414,validation
xgboost_unweighted_F4_sprint2_main_seed42_regen_seed2024,XGB_F4,val,182,176,hg19,1,0.8941449522972107,0.49377796053886414,validation
xgboost_unweighted_F4_sprint2_main_seed42_regen_seed2024,XGB_F4,val,183,176,hg19,0,0.9571133255958557,0.49377796053886414,validation
xgboost_unweighted_F4_sprint2_main_seed42_regen_seed2024,XGB_F4,val,184,176,hg19,1,0.9582353830337524,0.49377796053886414,validation
xgboost_unweighted_F4_sprint2_main_seed42_regen_seed2024,XGB_F4,val,185,176,hg19,1,0.9524161219596863,0.49377796053886414,validation
xgboost_unweighted_F4_sprint2_main_seed42_regen_seed2024,XGB_F4,val,186,176,hg19,1,0.851173460483551,0.49377796053886414,validation
xgboost_unweighted_F4_sprint2_main_seed42_regen_seed2024,XGB_F4,val,187,176,hg19,0,0.8460890054702759,0.49377796053886414,validation
xgboost_unweighted_F4_sprint2_main_seed42_regen_seed2024,XGB_F4,val,188,176,hg19,1,0.8705459833145142,0.49377796053886414,validation
xgboost_unweighted_F4_sprint2_main_seed42_regen_seed2024,XGB_F4,val,189,176,hg19,1,0.8710730671882629,0.49377796053886414,validation
xgboost_unweighted_F4_sprint2_main_seed42_regen_seed2024,XGB_F4,val,214,214,hg19,1,0.9623864889144897,0.49377796053886414,validation
xgboost_unweighted_F4_sprint2_main_seed42_regen_seed2024,XGB_F4,val,215,214,hg19,1,0.9327303171157837,0.49377796053886414,validation
xgboost_unweighted_F4_sprint2_main_seed42_regen_seed2024,XGB_F4,val,216,214,hg19,1,0.9695724248886108,0.49377796053886414,validation
xgboost_unweighted_F4_sprint2_main_seed42_regen_seed2024,XGB_F4,val,217,214,hg19,1,0.9486366510391235,0.49377796053886414,validation
xgboost_unweighted_F4_sprint2_main_seed42_regen_seed2024,XGB_F4,val,218,214,hg19,1,0.8972879648208618,0.49377796053886414,validation
xgboost_unweighted_F4_sprint2_main_seed42_regen_seed2024,XGB_F4,val,219,214,hg19,0,0.9091767072677612,0.49377796053886414,validation
xgboost_unweighted_F4_sprint2_main_seed42_regen_seed2024,XGB_F4,val,220,214,hg19,1,0.8271009922027588,0.49377796053886414,validation
xgboost_unweighted_F4_sprint2_main_seed42_regen_seed2024,XGB_F4,val,221,214,hg19,0,0.8904064297676086,0.49377796053886414,validation
xgboost_unweighted_F4_sprint2_main_seed42_regen_seed2024,XGB_F4,val,222,214,hg19,1,0.9648297429084778,0.49377796053886414,validation
xgboost_unweighted_F4_sprint2_main_seed42_regen_seed2024,XGB_F4,val,223,214,hg19,1,0.8727500438690186,0.49377796053886414,validation
xgboost_unweighted_F4_sprint2_main_seed42_regen_seed2024,XGB_F4,val,224,214,hg19,0,0.9250362515449524,0.49377796053886414,validation
xgboost_unweighted_F4_sprint2_main_seed42_regen_seed2024,XGB_F4,val,225,214,hg19,1,0.9079336524009705,0.49377796053886414,validation
xgboost_unweighted_F4_sprint2_main_seed42_regen_seed2024,XGB_F4,val,226,214,hg19,0,0.9128661155700684,0.49377796053886414,validation
xgboost_unweighted_F4_sprint2_main_seed42_regen_seed2024,XGB_F4,val,227,214,hg19,0,0.880020022392273,0.49377796053886414,validation
xgboost_unweighted_F4_sprint2_main_seed42_regen_seed2024,XGB_F4,val,310,310,hg19,1,0.9957200884819031,0.49377796053886414,validation
xgboost_unweighted_F4_sprint2_main_seed42_regen_seed2024,XGB_F4,val,311,310,hg19,1,0.9959138035774231,0.49377796053886414,validation
xgboost_unweighted_F4_sprint2_main_seed42_regen_seed2024,XGB_F4,val,312,310,hg19,1,0.9964467883110046,0.49377796053886414,validation
xgboost_unweighted_F4_sprint2_main_seed42_regen_seed2024,XGB_F4,val,313,310,hg19,1,0.9629716873168945,0.49377796053886414,validation
xgboost_unweighted_F4_sprint2_main_seed42_regen_seed2024,XGB_F4,val,314,310,hg19,1,0.9766744375228882,0.49377796053886414,validation
xgboost_unweighted_F4_sprint2_main_seed42_regen_seed2024,XGB_F4,val,315,310,hg19,1,0.9697152376174927,0.49377796053886414,validation
xgboost_unweighted_F4_sprint2_main_seed42_regen_seed2024,XGB_F4,val,316,310,hg19,1,0.9807367324829102,0.49377796053886414,validation
xgboost_unweighted_F4_sprint2_main_seed42_regen_seed2024,XGB_F4,val,317,310,hg19,1,0.9726426601409912,0.49377796053886414,validation
xgboost_unweighted_F4_sprint2_main_seed42_regen_seed2024,XGB_F4,val,318,310,hg19,0,0.7372950315475464,0.49377796053886414,validation
xgboost_unweighted_F4_sprint2_main_seed42_regen_seed2024,XGB_F4,val,319,310,hg19,1,0.9931524991989136,0.49377796053886414,validation
xgboost_unweighted_F4_sprint2_main_seed42_regen_seed2024,XGB_F4,val,320,310,hg19,1,0.9540635943412781,0.49377796053886414,validation
xgboost_unweighted_F4_sprint2_main_seed42_regen_seed2024,XGB_F4,val,321,310,hg19,0,0.9467803239822388,0.49377796053886414,validation
xgboost_unweighted_F4_sprint2_main_seed42_regen_seed2024,XGB_F4,val,322,322,hg19,1,0.9976703524589539,0.49377796053886414,validation
xgboost_unweighted_F4_sprint2_main_seed42_regen_seed2024,XGB_F4,val,323,322,hg19,1,0.9976703524589539,0.49377796053886414,validation
xgboost_unweighted_F4_sprint2_main_seed42_regen_seed2024,XGB_F4,val,324,322,hg19,1,0.9957678318023682,0.49377796053886414,validation
xgboost_unweighted_F4_sprint2_main_seed42_regen_seed2024,XGB_F4,val,325,322,hg19,1,0.9974669218063354,0.49377796053886414,validation
xgboost_unweighted_F4_sprint2_main_seed42_regen_seed2024,XGB_F4,val,326,322,hg19,1,0.9975827932357788,0.49377796053886414,validation
xgboost_unweighted_F4_sprint2_main_seed42_regen_seed2024,XGB_F4,val,327,322,hg19,1,0.9917901754379272,0.49377796053886414,validation
xgboost_unweighted_F4_sprint2_main_seed42_regen_seed2024,XGB_F4,val,328,322,hg19,1,0.9919375777244568,0.49377796053886414,validation
xgboost_unweighted_F4_sprint2_main_seed42_regen_seed2024,XGB_F4,val,329,322,hg19,1,0.9641132950782776,0.49377796053886414,validation
xgboost_unweighted_F4_sprint2_main_seed42_regen_seed2024,XGB_F4,val,330,322,hg19,1,0.9974919557571411,0.49377796053886414,validation
xgboost_unweighted_F4_sprint2_main_seed42_regen_seed2024,XGB_F4,val,539,541,hg19,1,0.9801574349403381,0.49377796053886414,validation
xgboost_unweighted_F4_sprint2_main_seed42_regen_seed2024,XGB_F4,val,540,541,hg19,1,0.9801173806190491,0.49377796053886414,validation
xgboost_unweighted_F4_sprint2_main_seed42_regen_seed2024,XGB_F4,val,541,541,hg19,1,0.9888516068458557,0.49377796053886414,validation
xgboost_unweighted_F4_sprint2_main_seed42_regen_seed2024,XGB_F4,val,542,541,hg19,1,0.976796567440033,0.49377796053886414,validation
xgboost_unweighted_F4_sprint2_main_seed42_regen_seed2024,XGB_F4,val,543,541,hg19,1,0.9740816354751587,0.49377796053886414,validation
xgboost_unweighted_F4_sprint2_main_seed42_regen_seed2024,XGB_F4,val,544,541,hg19,1,0.9812837243080139,0.49377796053886414,validation
xgboost_unweighted_F4_sprint2_main_seed42_regen_seed2024,XGB_F4,val,545,541,hg19,1,0.9807727336883545,0.49377796053886414,validation
xgboost_unweighted_F4_sprint2_main_seed42_regen_seed2024,XGB_F4,val,546,541,hg19,1,0.9627742767333984,0.49377796053886414,validation
xgboost_unweighted_F4_sprint2_main_seed42_regen_seed2024,XGB_F4,val,547,541,hg19,1,0.9490213990211487,0.49377796053886414,validation
xgboost_unweighted_F4_sprint2_main_seed42_regen_seed2024,XGB_F4,val,548,541,hg19,1,0.9773944616317749,0.49377796053886414,validation
xgboost_unweighted_F4_sprint2_main_seed42_regen_seed2024,XGB_F4,val,549,541,hg19,1,0.9766975045204163,0.49377796053886414,validation
xgboost_unweighted_F4_sprint2_main_seed42_regen_seed2024,XGB_F4,val,550,541,hg19,1,0.9808306694030762,0.49377796053886414,validation
xgboost_unweighted_F4_sprint2_main_seed42_regen_seed2024,XGB_F4,val,551,541,hg19,1,0.9773944616317749,0.49377796053886414,validation
xgboost_unweighted_F4_sprint2_main_seed42_regen_seed2024,XGB_F4,val,552,541,hg19,1,0.983460009098053,0.49377796053886414,validation
xgboost_unweighted_F4_sprint2_main_seed42_regen_seed2024,XGB_F4,val,553,541,hg19,1,0.9834291934967041,0.49377796053886414,validation
xgboost_unweighted_F4_sprint2_main_seed42_regen_seed2024,XGB_F4,val,554,541,hg19,1,0.9411571621894836,0.49377796053886414,validation
xgboost_unweighted_F4_sprint2_main_seed42_regen_seed2024,XGB_F4,val,555,541,hg19,1,0.976291835308075,0.49377796053886414,validation
xgboost_unweighted_F4_sprint2_main_seed42_regen_seed2024,XGB_F4,val,556,541,hg19,1,0.9590975046157837,0.49377796053886414,validation
xgboost_unweighted_F4_sprint2_main_seed42_regen_seed2024,XGB_F4,val,557,541,hg19,1,0.976796567440033,0.49377796053886414,validation
xgboost_unweighted_F4_sprint2_main_seed42_regen_seed2024,XGB_F4,val,558,541,hg19,1,0.976796567440033,0.49377796053886414,validation
xgboost_unweighted_F4_sprint2_main_seed42_regen_seed2024,XGB_F4,val,559,541,hg19,1,0.976796567440033,0.49377796053886414,validation
xgboost_unweighted_F4_sprint2_main_seed42_regen_seed2024,XGB_F4,val,560,541,hg19,1,0.9639012217521667,0.49377796053886414,validation
xgboost_unweighted_F4_sprint2_main_seed42_regen_seed2024,XGB_F4,val,561,541,hg19,1,0.9758346080780029,0.49377796053886414,validation
xgboost_unweighted_F4_sprint2_main_seed42_regen_seed2024,XGB_F4,val,562,541,hg19,1,0.9534993767738342,0.49377796053886414,validation
xgboost_unweighted_F4_sprint2_main_seed42_regen_seed2024,XGB_F4,val,563,541,hg19,1,0.9434854984283447,0.49377796053886414,validation
xgboost_unweighted_F4_sprint2_main_seed42_regen_seed2024,XGB_F4,val,564,541,hg19,1,0.987060546875,0.49377796053886414,validation
xgboost_unweighted_F4_sprint2_main_seed42_regen_seed2024,XGB_F4,val,565,541,hg19,1,0.976796567440033,0.49377796053886414,validation
xgboost_unweighted_F4_sprint2_main_seed42_regen_seed2024,XGB_F4,val,566,541,hg19,1,0.969157338142395,0.49377796053886414,validation
xgboost_unweighted_F4_sprint2_main_seed42_regen_seed2024,XGB_F4,val,567,541,hg19,1,0.976796567440033,0.49377796053886414,validation
xgboost_unweighted_F4_sprint2_main_seed42_regen_seed2024,XGB_F4,val,568,541,hg19,1,0.976796567440033,0.49377796053886414,validation
xgboost_unweighted_F4_sprint2_main_seed42_regen_seed2024,XGB_F4,val,569,541,hg19,1,0.976291835308075,0.49377796053886414,validation
xgboost_unweighted_F4_sprint2_main_seed42_regen_seed2024,XGB_F4,val,570,541,hg19,1,0.9828239679336548,0.49377796053886414,validation
xgboost_unweighted_F4_sprint2_main_seed42_regen_seed2024,XGB_F4,val,571,541,hg19,1,0.9798826575279236,0.49377796053886414,validation
xgboost_unweighted_F4_sprint2_main_seed42_regen_seed2024,XGB_F4,val,572,541,hg19,1,0.9490213990211487,0.49377796053886414,validation
xgboost_unweighted_F4_sprint2_main_seed42_regen_seed2024,XGB_F4,val,573,541,hg19,1,0.9765740633010864,0.49377796053886414,validation
xgboost_unweighted_F4_sprint2_main_seed42_regen_seed2024,XGB_F4,val,574,541,hg19,1,0.981396496295929,0.49377796053886414,validation
xgboost_unweighted_F4_sprint2_main_seed42_regen_seed2024,XGB_F4,val,575,541,hg19,1,0.976291835308075,0.49377796053886414,validation
xgboost_unweighted_F4_sprint2_main_seed42_regen_seed2024,XGB_F4,val,576,541,hg19,1,0.976796567440033,0.49377796053886414,validation
xgboost_unweighted_F4_sprint2_main_seed42_regen_seed2024,XGB_F4,val,577,541,hg19,1,0.976796567440033,0.49377796053886414,validation
xgboost_unweighted_F4_sprint2_main_seed42_regen_seed2024,XGB_F4,val,578,541,hg19,1,0.9490213990211487,0.49377796053886414,validation
xgboost_unweighted_F4_sprint2_main_seed42_regen_seed2024,XGB_F4,val,579,541,hg19,1,0.9690214991569519,0.49377796053886414,validation
xgboost_unweighted_F4_sprint2_main_seed42_regen_seed2024,XGB_F4,val,580,541,hg19,1,0.9706296920776367,0.49377796053886414,validation
xgboost_unweighted_F4_sprint2_main_seed42_regen_seed2024,XGB_F4,val,581,541,hg19,1,0.969157338142395,0.49377796053886414,validation
xgboost_unweighted_F4_sprint2_main_seed42_regen_seed2024,XGB_F4,val,582,541,hg19,1,0.9760622382164001,0.49377796053886414,validation
xgboost_unweighted_F4_sprint2_main_seed42_regen_seed2024,XGB_F4,val,583,541,hg19,1,0.9787201881408691,0.49377796053886414,validation
xgboost_unweighted_F4_sprint2_main_seed42_regen_seed2024,XGB_F4,val,584,541,hg19,1,0.9706296920776367,0.49377796053886414,validation
xgboost_unweighted_F4_sprint2_main_seed42_regen_seed2024,XGB_F4,val,585,541,hg19,1,0.976796567440033,0.49377796053886414,validation
xgboost_unweighted_F4_sprint2_main_seed42_regen_seed2024,XGB_F4,val,586,541,hg19,1,0.9810676574707031,0.49377796053886414,validation
xgboost_unweighted_F4_sprint2_main_seed42_regen_seed2024,XGB_F4,val,587,541,hg19,1,0.9819080233573914,0.49377796053886414,validation
xgboost_unweighted_F4_sprint2_main_seed42_regen_seed2024,XGB_F4,val,588,541,hg19,1,0.9796311259269714,0.49377796053886414,validation
xgboost_unweighted_F4_sprint2_main_seed42_regen_seed2024,XGB_F4,val,589,541,hg19,1,0.9773944616317749,0.49377796053886414,validation
xgboost_unweighted_F4_sprint2_main_seed42_regen_seed2024,XGB_F4,val,590,541,hg19,1,0.976796567440033,0.49377796053886414,validation
xgboost_unweighted_F4_sprint2_main_seed42_regen_seed2024,XGB_F4,val,591,541,hg19,1,0.9773944616317749,0.49377796053886414,validation
xgboost_unweighted_F4_sprint2_main_seed42_regen_seed2024,XGB_F4,val,592,541,hg19,1,0.9765712022781372,0.49377796053886414,validation
xgboost_unweighted_F4_sprint2_main_seed42_regen_seed2024,XGB_F4,val,593,541,hg19,1,0.6160485148429871,0.49377796053886414,validation
xgboost_unweighted_F4_sprint2_main_seed42_regen_seed2024,XGB_F4,val,594,541,hg19,1,0.9700657725334167,0.49377796053886414,validation
xgboost_unweighted_F4_sprint2_main_seed42_regen_seed2024,XGB_F4,val,595,541,hg19,1,0.9811751246452332,0.49377796053886414,validation
xgboost_unweighted_F4_sprint2_main_seed42_regen_seed2024,XGB_F4,val,596,541,hg19,1,0.976796567440033,0.49377796053886414,validation
xgboost_unweighted_F4_sprint2_main_seed42_regen_seed2024,XGB_F4,val,597,541,hg19,1,0.9715504050254822,0.49377796053886414,validation
xgboost_unweighted_F4_sprint2_main_seed42_regen_seed2024,XGB_F4,val,598,541,hg19,1,0.9762182235717773,0.49377796053886414,validation
xgboost_unweighted_F4_sprint2_main_seed42_regen_seed2024,XGB_F4,val,625,625,hg19,1,0.9827191829681396,0.49377796053886414,validation
xgboost_unweighted_F4_sprint2_main_seed42_regen_seed2024,XGB_F4,val,626,625,hg19,1,0.7976180911064148,0.49377796053886414,validation
xgboost_unweighted_F4_sprint2_main_seed42_regen_seed2024,XGB_F4,val,627,625,hg19,1,0.9406411647796631,0.49377796053886414,validation
xgboost_unweighted_F4_sprint2_main_seed42_regen_seed2024,XGB_F4,val,628,625,hg19,1,0.9737882018089294,0.49377796053886414,validation
xgboost_unweighted_F4_sprint2_main_seed42_regen_seed2024,XGB_F4,val,629,625,hg19,1,0.8484131097793579,0.49377796053886414,validation
xgboost_unweighted_F4_sprint2_main_seed42_regen_seed2024,XGB_F4,val,630,625,hg19,1,0.9386784434318542,0.49377796053886414,validation
xgboost_unweighted_F4_sprint2_main_seed42_regen_seed2024,XGB_F4,val,631,625,hg19,1,0.9365163445472717,0.49377796053886414,validation
xgboost_unweighted_F4_sprint2_main_seed42_regen_seed2024,XGB_F4,val,632,625,hg19,1,0.9363737106323242,0.49377796053886414,validation
xgboost_unweighted_F4_sprint2_main_seed42_regen_seed2024,XGB_F4,val,633,625,hg19,1,0.9774441123008728,0.49377796053886414,validation
xgboost_unweighted_F4_sprint2_main_seed42_regen_seed2024,XGB_F4,val,634,625,hg19,1,0.5956149697303772,0.49377796053886414,validation
xgboost_unweighted_F4_sprint2_main_seed42_regen_seed2024,XGB_F4,val,778,779,hg19,1,0.9881565570831299,0.49377796053886414,validation
xgboost_unweighted_F4_sprint2_main_seed42_regen_seed2024,XGB_F4,val,779,779,hg19,1,0.9891502261161804,0.49377796053886414,validation
xgboost_unweighted_F4_sprint2_main_seed42_regen_seed2024,XGB_F4,val,780,779,hg19,1,0.9577803611755371,0.49377796053886414,validation
xgboost_unweighted_F4_sprint2_main_seed42_regen_seed2024,XGB_F4,val,781,779,hg19,1,0.974045991897583,0.49377796053886414,validation
xgboost_unweighted_F4_sprint2_main_seed42_regen_seed2024,XGB_F4,val,782,779,hg19,1,0.9486716389656067,0.49377796053886414,validation
xgboost_unweighted_F4_sprint2_main_seed42_regen_seed2024,XGB_F4,val,783,779,hg19,1,0.95332932472229,0.49377796053886414,validation
xgboost_unweighted_F4_sprint2_main_seed42_regen_seed2024,XGB_F4,val,784,779,hg19,1,0.9449394345283508,0.49377796053886414,validation
xgboost_unweighted_F4_sprint2_main_seed42_regen_seed2024,XGB_F4,val,785,779,hg19,1,0.9571394920349121,0.49377796053886414,validation
xgboost_unweighted_F4_sprint2_main_seed42_regen_seed2024,XGB_F4,val,786,779,hg19,1,0.9559281468391418,0.49377796053886414,validation
xgboost_unweighted_F4_sprint2_main_seed42_regen_seed2024,XGB_F4,val,787,779,hg19,1,0.9586407542228699,0.49377796053886414,validation
xgboost_unweighted_F4_sprint2_main_seed42_regen_seed2024,XGB_F4,val,816,541,hg19,1,0.9572336673736572,0.49377796053886414,validation
xgboost_unweighted_F4_sprint2_main_seed42_regen_seed2024,XGB_F4,val,834,541,hg19,1,0.9827075600624084,0.49377796053886414,validation
xgboost_unweighted_F4_sprint2_main_seed42_regen_seed2024,XGB_F4,val,838,541,hg19,1,0.9639496803283691,0.49377796053886414,validation
xgboost_unweighted_F4_sprint2_main_seed42_regen_seed2024,XGB_F4,val,842,541,hg19,1,0.9673924446105957,0.49377796053886414,validation
xgboost_unweighted_F4_sprint2_main_seed42_regen_seed2024,XGB_F4,val,851,541,hg19,1,0.9426006078720093,0.49377796053886414,validation
xgboost_unweighted_F4_sprint2_main_seed42_regen_seed2024,XGB_F4,val,858,541,hg19,1,0.9471846222877502,0.49377796053886414,validation
xgboost_unweighted_F4_sprint2_main_seed42_regen_seed2024,XGB_F4,val,862,541,hg19,1,0.9501327276229858,0.49377796053886414,validation
xgboost_unweighted_F4_sprint2_main_seed42_regen_seed2024,XGB_F4,val,863,541,hg19,1,0.9497100114822388,0.49377796053886414,validation
xgboost_unweighted_F4_sprint2_main_seed42_regen_seed2024,XGB_F4,val,873,541,hg19,1,0.9774683713912964,0.49377796053886414,validation
xgboost_unweighted_F4_sprint2_main_seed42_regen_seed2024,XGB_F4,val,880,541,hg19,1,0.9310489892959595,0.49377796053886414,validation
xgboost_unweighted_F4_sprint2_main_seed42_regen_seed2024,XGB_F4,val,887,541,hg19,1,0.950666606426239,0.49377796053886414,validation
xgboost_unweighted_F4_sprint2_main_seed42_regen_seed2024,XGB_F4,val,888,541,hg19,1,0.9747036695480347,0.49377796053886414,validation
xgboost_unweighted_F4_sprint2_main_seed42_regen_seed2024,XGB_F4,val,892,541,hg19,1,0.970004677772522,0.49377796053886414,validation
xgboost_unweighted_F4_sprint2_main_seed42_regen_seed2024,XGB_F4,val,894,541,hg19,1,0.9641175866127014,0.49377796053886414,validation
xgboost_unweighted_F4_sprint2_main_seed42_regen_seed2024,XGB_F4,val,895,541,hg19,1,0.9418935179710388,0.49377796053886414,validation
xgboost_unweighted_F4_sprint2_main_seed42_regen_seed2024,XGB_F4,val,898,541,hg19,1,0.9654233455657959,0.49377796053886414,validation
xgboost_unweighted_F4_sprint2_main_seed42_regen_seed2024,XGB_F4,val,899,541,hg19,1,0.9720012545585632,0.49377796053886414,validation
xgboost_unweighted_F4_sprint2_main_seed42_regen_seed2024,XGB_F4,val,901,541,hg19,0,0.9458011388778687,0.49377796053886414,validation
xgboost_unweighted_F4_sprint2_main_seed42_regen_seed2024,XGB_F4,val,906,541,hg19,1,0.9468299746513367,0.49377796053886414,validation
xgboost_unweighted_F4_sprint2_main_seed42_regen_seed2024,XGB_F4,val,913,541,hg19,1,0.9872430562973022,0.49377796053886414,validation
xgboost_unweighted_F4_sprint2_main_seed42_regen_seed2024,XGB_F4,val,915,541,hg19,1,0.9533817768096924,0.49377796053886414,validation
xgboost_unweighted_F4_sprint2_main_seed42_regen_seed2024,XGB_F4,val,916,541,hg19,1,0.9682720899581909,0.49377796053886414,validation
xgboost_unweighted_F4_sprint2_main_seed42_regen_seed2024,XGB_F4,val,933,541,hg19,0,0.951161801815033,0.49377796053886414,validation
xgboost_unweighted_F4_sprint2_main_seed42_regen_seed2024,XGB_F4,val,934,541,hg19,1,0.9779136776924133,0.49377796053886414,validation
xgboost_unweighted_F4_sprint2_main_seed42_regen_seed2024,XGB_F4,val,1273,1272,mm10,0,0.26804786920547485,0.49377796053886414,validation
xgboost_unweighted_F4_sprint2_main_seed42_regen_seed2024,XGB_F4,val,1274,1272,mm10,0,0.3528437614440918,0.49377796053886414,validation
xgboost_unweighted_F4_sprint2_main_seed42_regen_seed2024,XGB_F4,val,1275,1272,mm10,1,0.38927584886550903,0.49377796053886414,validation
xgboost_unweighted_F4_sprint2_main_seed42_regen_seed2024,XGB_F4,val,1278,1272,mm10,0,0.5151095986366272,0.49377796053886414,validation
xgboost_unweighted_F4_sprint2_main_seed42_regen_seed2024,XGB_F4,val,1280,1272,mm10,0,0.2857741713523865,0.49377796053886414,validation
xgboost_unweighted_F4_sprint2_main_seed42_regen_seed2024,XGB_F4,val,1281,1272,mm10,0,0.48806220293045044,0.49377796053886414,validation
xgboost_unweighted_F4_sprint2_main_seed42_regen_seed2024,XGB_F4,val,1282,1272,mm10,0,0.3149423897266388,0.49377796053886414,validation
xgboost_unweighted_F4_sprint2_main_seed42_regen_seed2024,XGB_F4,val,1284,1272,mm10,0,0.34255972504615784,0.49377796053886414,validation
xgboost_unweighted_F4_sprint2_main_seed42_regen_seed2024,XGB_F4,val,1285,1272,mm10,0,0.3532699942588806,0.49377796053886414,validation
xgboost_unweighted_F4_sprint2_main_seed42_regen_seed2024,XGB_F4,val,1287,1272,mm10,0,0.34690433740615845,0.49377796053886414,validation
xgboost_unweighted_F4_sprint2_main_seed42_regen_seed2024,XGB_F4,val,1289,1288,rn5,1,0.4747868478298187,0.49377796053886414,validation
xgboost_unweighted_F4_sprint2_main_seed42_regen_seed2024,XGB_F4,val,1290,1288,rn5,1,0.5143641233444214,0.49377796053886414,validation
xgboost_unweighted_F4_sprint2_main_seed42_regen_seed2024,XGB_F4,val,1291,1288,rn5,0,0.4569075107574463,0.49377796053886414,validation
xgboost_unweighted_F4_sprint2_main_seed42_regen_seed2024,XGB_F4,val,1292,1288,rn5,0,0.5067265033721924,0.49377796053886414,validation
xgboost_unweighted_F4_sprint2_main_seed42_regen_seed2024,XGB_F4,val,1293,1288,rn5,0,0.5553291440010071,0.49377796053886414,validation
xgboost_unweighted_F4_sprint2_main_seed42_regen_seed2024,XGB_F4,val,1294,1288,rn5,0,0.49364951252937317,0.49377796053886414,validation
xgboost_unweighted_F4_sprint2_main_seed42_regen_seed2024,XGB_F4,val,1295,1288,rn5,0,0.456856906414032,0.49377796053886414,validation
xgboost_unweighted_F4_sprint2_main_seed42_regen_seed2024,XGB_F4,val,1296,1288,rn5,0,0.5238799452781677,0.49377796053886414,validation
xgboost_unweighted_F4_sprint2_main_seed42_regen_seed2024,XGB_F4,val,1297,1288,rn5,0,0.49683818221092224,0.49377796053886414,validation
xgboost_unweighted_F4_sprint2_main_seed42_regen_seed2024,XGB_F4,val,1298,1288,rn5,0,0.550513744354248,0.49377796053886414,validation
xgboost_unweighted_F4_sprint2_main_seed42_regen_seed2024,XGB_F4,val,1299,1288,rn5,0,0.6005370020866394,0.49377796053886414,validation
xgboost_unweighted_F4_sprint2_main_seed42_regen_seed2024,XGB_F4,val,1360,1359,mm10,0,0.3901674747467041,0.49377796053886414,validation
xgboost_unweighted_F4_sprint2_main_seed42_regen_seed2024,XGB_F4,val,1361,1359,mm10,0,0.3468189835548401,0.49377796053886414,validation
xgboost_unweighted_F4_sprint2_main_seed42_regen_seed2024,XGB_F4,val,1362,1359,mm10,0,0.3621920347213745,0.49377796053886414,validation
xgboost_unweighted_F4_sprint2_main_seed42_regen_seed2024,XGB_F4,val,1363,1359,mm10,0,0.3730645179748535,0.49377796053886414,validation
xgboost_unweighted_F4_sprint2_main_seed42_regen_seed2024,XGB_F4,val,1364,1359,mm10,0,0.3718233108520508,0.49377796053886414,validation
xgboost_unweighted_F4_sprint2_main_seed42_regen_seed2024,XGB_F4,val,1365,1359,mm10,0,0.44280675053596497,0.49377796053886414,validation
xgboost_unweighted_F4_sprint2_main_seed42_regen_seed2024,XGB_F4,val,1366,1359,mm10,0,0.3377908766269684,0.49377796053886414,validation
xgboost_unweighted_F4_sprint2_main_seed42_regen_seed2024,XGB_F4,val,1367,1359,mm10,0,0.44322681427001953,0.49377796053886414,validation
xgboost_unweighted_F4_sprint2_main_seed42_regen_seed2024,XGB_F4,val,1368,1359,mm10,0,0.6455673575401306,0.49377796053886414,validation
xgboost_unweighted_F4_sprint2_main_seed42_regen_seed2024,XGB_F4,val,1369,1359,mm10,0,0.695348858833313,0.49377796053886414,validation
xgboost_unweighted_F4_sprint2_main_seed42_regen_seed2024,XGB_F4,val,1370,1359,mm10,0,0.39630526304244995,0.49377796053886414,validation
xgboost_unweighted_F4_sprint2_main_seed42_regen_seed2024,XGB_F4,val,1371,1359,mm10,0,0.4151187241077423,0.49377796053886414,validation
xgboost_unweighted_F4_sprint2_main_seed42_regen_seed2024,XGB_F4,val,2711,2711,hg19,1,0.9485135078430176,0.49377796053886414,validation
xgboost_unweighted_F4_sprint2_main_seed42_regen_seed2024,XGB_F4,val,2712,2711,hg19,1,0.8715199828147888,0.49377796053886414,validation
xgboost_unweighted_F4_sprint2_main_seed42_regen_seed2024,XGB_F4,val,2713,2711,hg19,1,0.9420760869979858,0.49377796053886414,validation
xgboost_unweighted_F4_sprint2_main_seed42_regen_seed2024,XGB_F4,val,2714,2711,hg19,1,0.9119636416435242,0.49377796053886414,validation
xgboost_unweighted_F4_sprint2_main_seed42_regen_seed2024,XGB_F4,val,2715,2711,hg19,1,0.8086516857147217,0.49377796053886414,validation
xgboost_unweighted_F4_sprint2_main_seed42_regen_seed2024,XGB_F4,val,2716,2711,hg19,1,0.8094038963317871,0.49377796053886414,validation
xgboost_unweighted_F4_sprint2_main_seed42_regen_seed2024,XGB_F4,val,2717,2711,hg19,1,0.814893901348114,0.49377796053886414,validation
xgboost_unweighted_F4_sprint2_main_seed42_regen_seed2024,XGB_F4,val,2718,2711,hg19,1,0.9072178602218628,0.49377796053886414,validation
xgboost_unweighted_F4_sprint2_main_seed42_regen_seed2024,XGB_F4,val,2719,2711,hg19,1,0.8613080382347107,0.49377796053886414,validation
xgboost_unweighted_F4_sprint2_main_seed42_regen_seed2024,XGB_F4,val,2720,2711,hg19,1,0.8569079637527466,0.49377796053886414,validation
xgboost_unweighted_F4_sprint2_main_seed42_regen_seed2024,XGB_F4,val,2721,2711,hg19,1,0.9309326410293579,0.49377796053886414,validation
xgboost_unweighted_F4_sprint2_main_seed42_regen_seed2024,XGB_F4,val,2722,2711,hg19,1,0.9604642391204834,0.49377796053886414,validation
xgboost_unweighted_F4_sprint2_main_seed42_regen_seed2024,XGB_F4,val,2723,2711,hg19,1,0.8696480989456177,0.49377796053886414,validation
xgboost_unweighted_F4_sprint2_main_seed42_regen_seed2024,XGB_F4,val,2724,2711,hg19,1,0.8026262521743774,0.49377796053886414,validation
xgboost_unweighted_F4_sprint2_main_seed42_regen_seed2024,XGB_F4,val,2725,2711,hg19,1,0.9403006434440613,0.49377796053886414,validation
xgboost_unweighted_F4_sprint2_main_seed42_regen_seed2024,XGB_F4,val,2726,2711,hg19,1,0.8454042077064514,0.49377796053886414,validation
xgboost_unweighted_F4_sprint2_main_seed42_regen_seed2024,XGB_F4,val,2727,2711,hg19,1,0.8369022607803345,0.49377796053886414,validation
xgboost_unweighted_F4_sprint2_main_seed42_regen_seed2024,XGB_F4,val,2728,2711,hg19,1,0.9360766410827637,0.49377796053886414,validation
xgboost_unweighted_F4_sprint2_main_seed42_regen_seed2024,XGB_F4,val,2729,2711,hg19,1,0.7501052021980286,0.49377796053886414,validation
xgboost_unweighted_F4_sprint2_main_seed42_regen_seed2024,XGB_F4,val,2730,2711,hg19,1,0.8393352031707764,0.49377796053886414,validation
xgboost_unweighted_F4_sprint2_main_seed42_regen_seed2024,XGB_F4,val,2731,2711,hg19,1,0.9511439204216003,0.49377796053886414,validation
xgboost_unweighted_F4_sprint2_main_seed42_regen_seed2024,XGB_F4,val,2732,2711,hg19,1,0.9528602361679077,0.49377796053886414,validation
xgboost_unweighted_F4_sprint2_main_seed42_regen_seed2024,XGB_F4,val,2733,2711,hg19,1,0.9158445000648499,0.49377796053886414,validation
xgboost_unweighted_F4_sprint2_main_seed42_regen_seed2024,XGB_F4,val,2734,2711,hg19,1,0.6604102849960327,0.49377796053886414,validation
xgboost_unweighted_F4_sprint2_main_seed42_regen_seed2024,XGB_F4,val,2735,2711,hg19,1,0.9791967272758484,0.49377796053886414,validation
xgboost_unweighted_F4_sprint2_main_seed42_regen_seed2024,XGB_F4,val,2736,2711,hg19,1,0.8932397365570068,0.49377796053886414,validation
xgboost_unweighted_F4_sprint2_main_seed42_regen_seed2024,XGB_F4,val,2737,2711,hg19,1,0.8331512808799744,0.49377796053886414,validation
xgboost_unweighted_F4_sprint2_main_seed42_regen_seed2024,XGB_F4,val,2738,2711,hg19,1,0.8727876543998718,0.49377796053886414,validation
xgboost_unweighted_F4_sprint2_main_seed42_regen_seed2024,XGB_F4,val,2739,2711,hg19,1,0.662273645401001,0.49377796053886414,validation
xgboost_unweighted_F4_sprint2_main_seed42_regen_seed2024,XGB_F4,val,2740,2711,hg19,1,0.9438338279724121,0.49377796053886414,validation
xgboost_unweighted_F4_sprint2_main_seed42_regen_seed2024,XGB_F4,val,2741,2711,hg19,1,0.9097420573234558,0.49377796053886414,validation
xgboost_unweighted_F4_sprint2_main_seed42_regen_seed2024,XGB_F4,val,2742,2711,hg19,1,0.8041128516197205,0.49377796053886414,validation
xgboost_unweighted_F4_sprint2_main_seed42_regen_seed2024,XGB_F4,val,2743,2711,hg19,1,0.8579412698745728,0.49377796053886414,validation
xgboost_unweighted_F4_sprint2_main_seed42_regen_seed2024,XGB_F4,val,2744,2711,hg19,1,0.8188934922218323,0.49377796053886414,validation
xgboost_unweighted_F4_sprint2_main_seed42_regen_seed2024,XGB_F4,val,2745,2711,hg19,1,0.8602785468101501,0.49377796053886414,validation
xgboost_unweighted_F4_sprint2_main_seed42_regen_seed2024,XGB_F4,val,2746,2711,hg19,1,0.863772451877594,0.49377796053886414,validation
xgboost_unweighted_F4_sprint2_main_seed42_regen_seed2024,XGB_F4,val,2747,2711,hg19,1,0.8987478613853455,0.49377796053886414,validation
xgboost_unweighted_F4_sprint2_main_seed42_regen_seed2024,XGB_F4,val,2748,2711,hg19,1,0.9636964797973633,0.49377796053886414,validation
xgboost_unweighted_F4_sprint2_main_seed42_regen_seed2024,XGB_F4,val,2749,2711,hg19,1,0.8980432152748108,0.49377796053886414,validation
xgboost_unweighted_F4_sprint2_main_seed42_regen_seed2024,XGB_F4,val,2750,2711,hg19,1,0.819007396697998,0.49377796053886414,validation
xgboost_unweighted_F4_sprint2_main_seed42_regen_seed2024,XGB_F4,val,2751,2711,hg19,1,0.9768790602684021,0.49377796053886414,validation
xgboost_unweighted_F4_sprint2_main_seed42_regen_seed2024,XGB_F4,val,2752,2711,hg19,1,0.8718504905700684,0.49377796053886414,validation
xgboost_unweighted_F4_sprint2_main_seed42_regen_seed2024,XGB_F4,val,2753,2711,hg19,1,0.8266656398773193,0.49377796053886414,validation
xgboost_unweighted_F4_sprint2_main_seed42_regen_seed2024,XGB_F4,val,2754,2711,hg19,1,0.876376748085022,0.49377796053886414,validation
xgboost_unweighted_F4_sprint2_main_seed42_regen_seed2024,XGB_F4,val,2755,2711,hg19,1,0.7076932787895203,0.49377796053886414,validation
xgboost_unweighted_F4_sprint2_main_seed42_regen_seed2024,XGB_F4,val,2756,2711,hg19,1,0.9084136486053467,0.49377796053886414,validation
xgboost_unweighted_F4_sprint2_main_seed42_regen_seed2024,XGB_F4,val,2757,2711,hg19,1,0.9804051518440247,0.49377796053886414,validation
xgboost_unweighted_F4_sprint2_main_seed42_regen_seed2024,XGB_F4,val,2758,2711,hg19,1,0.7684664130210876,0.49377796053886414,validation
xgboost_unweighted_F4_sprint2_main_seed42_regen_seed2024,XGB_F4,val,2759,2711,hg19,1,0.8394946455955505,0.49377796053886414,validation
xgboost_unweighted_F4_sprint2_main_seed42_regen_seed2024,XGB_F4,val,2760,2711,hg19,1,0.9629834890365601,0.49377796053886414,validation
xgboost_unweighted_F4_sprint2_main_seed42_regen_seed2024,XGB_F4,val,2761,2711,hg19,1,0.9594070315361023,0.49377796053886414,validation
xgboost_unweighted_F4_sprint2_main_seed42_regen_seed2024,XGB_F4,val,2762,2711,hg19,1,0.9669071435928345,0.49377796053886414,validation
xgboost_unweighted_F4_sprint2_main_seed42_regen_seed2024,XGB_F4,val,2763,2711,hg19,1,0.9261369109153748,0.49377796053886414,validation
xgboost_unweighted_F4_sprint2_main_seed42_regen_seed2024,XGB_F4,val,2764,2711,hg19,1,0.8041253685951233,0.49377796053886414,validation
xgboost_unweighted_F4_sprint2_main_seed42_regen_seed2024,XGB_F4,val,2765,2711,hg19,1,0.9207729697227478,0.49377796053886414,validation
xgboost_unweighted_F4_sprint2_main_seed42_regen_seed2024,XGB_F4,val,2766,2711,hg19,1,0.7860435247421265,0.49377796053886414,validation
xgboost_unweighted_F4_sprint2_main_seed42_regen_seed2024,XGB_F4,val,2767,2711,hg19,1,0.6646126508712769,0.49377796053886414,validation
xgboost_unweighted_F4_sprint2_main_seed42_regen_seed2024,XGB_F4,val,2768,2711,hg19,1,0.9060801863670349,0.49377796053886414,validation
xgboost_unweighted_F4_sprint2_main_seed42_regen_seed2024,XGB_F4,val,2769,2711,hg19,1,0.9005715847015381,0.49377796053886414,validation
xgboost_unweighted_F4_sprint2_main_seed42_regen_seed2024,XGB_F4,val,2770,2711,hg19,1,0.8474283218383789,0.49377796053886414,validation
xgboost_unweighted_F4_sprint2_main_seed42_regen_seed2024,XGB_F4,val,2771,2711,hg19,1,0.8800004720687866,0.49377796053886414,validation
xgboost_unweighted_F4_sprint2_main_seed42_regen_seed2024,XGB_F4,val,2772,2711,hg19,1,0.694456934928894,0.49377796053886414,validation
xgboost_unweighted_F4_sprint2_main_seed42_regen_seed2024,XGB_F4,val,2773,2711,hg19,1,0.8293472528457642,0.49377796053886414,validation
xgboost_unweighted_F4_sprint2_main_seed42_regen_seed2024,XGB_F4,val,2774,2711,hg19,1,0.9633413553237915,0.49377796053886414,validation
xgboost_unweighted_F4_sprint2_main_seed42_regen_seed2024,XGB_F4,val,2775,2711,hg19,1,0.8406493067741394,0.49377796053886414,validation
xgboost_unweighted_F4_sprint2_main_seed42_regen_seed2024,XGB_F4,val,2776,2711,hg19,1,0.8269948959350586,0.49377796053886414,validation
xgboost_unweighted_F4_sprint2_main_seed42_regen_seed2024,XGB_F4,val,2777,2711,hg19,1,0.9316089153289795,0.49377796053886414,validation
xgboost_unweighted_F4_sprint2_main_seed42_regen_seed2024,XGB_F4,val,2778,2711,hg19,1,0.8321481347084045,0.49377796053886414,validation
xgboost_unweighted_F4_sprint2_main_seed42_regen_seed2024,XGB_F4,val,2779,2711,hg19,1,0.9409255385398865,0.49377796053886414,validation
xgboost_unweighted_F4_sprint2_main_seed42_regen_seed2024,XGB_F4,val,2780,2711,hg19,1,0.8767815828323364,0.49377796053886414,validation
xgboost_unweighted_F4_sprint2_main_seed42_regen_seed2024,XGB_F4,val,2781,2711,hg19,1,0.9401335120201111,0.49377796053886414,validation
xgboost_unweighted_F4_sprint2_main_seed42_regen_seed2024,XGB_F4,val,2782,2711,hg19,1,0.9222240447998047,0.49377796053886414,validation
xgboost_unweighted_F4_sprint2_main_seed42_regen_seed2024,XGB_F4,val,2783,2711,hg19,1,0.8645317554473877,0.49377796053886414,validation
xgboost_unweighted_F4_sprint2_main_seed42_regen_seed2024,XGB_F4,val,2784,2711,hg19,1,0.8621959686279297,0.49377796053886414,validation
xgboost_unweighted_F4_sprint2_main_seed42_regen_seed2024,XGB_F4,val,2785,2711,hg19,1,0.9405226707458496,0.49377796053886414,validation
xgboost_unweighted_F4_sprint2_main_seed42_regen_seed2024,XGB_F4,val,2786,2711,hg19,1,0.9437967538833618,0.49377796053886414,validation
xgboost_unweighted_F4_sprint2_main_seed42_regen_seed2024,XGB_F4,val,2787,2711,hg19,1,0.9062559604644775,0.49377796053886414,validation
xgboost_unweighted_F4_sprint2_main_seed42_regen_seed2024,XGB_F4,val,2788,2711,hg19,1,0.9208580255508423,0.49377796053886414,validation
xgboost_unweighted_F4_sprint2_main_seed42_regen_seed2024,XGB_F4,val,2789,2711,hg19,1,0.8768516182899475,0.49377796053886414,validation
xgboost_unweighted_F4_sprint2_main_seed42_regen_seed2024,XGB_F4,val,2790,2711,hg19,1,0.9457321166992188,0.49377796053886414,validation
xgboost_unweighted_F4_sprint2_main_seed42_regen_seed2024,XGB_F4,val,2791,2711,hg19,1,0.9097508788108826,0.49377796053886414,validation
xgboost_unweighted_F4_sprint2_main_seed42_regen_seed2024,XGB_F4,val,2792,2711,hg19,1,0.8987483382225037,0.49377796053886414,validation
xgboost_unweighted_F4_sprint2_main_seed42_regen_seed2024,XGB_F4,val,2793,2711,hg19,1,0.7920860648155212,0.49377796053886414,validation
xgboost_unweighted_F4_sprint2_main_seed42_regen_seed2024,XGB_F4,val,2794,2711,hg19,1,0.8868986964225769,0.49377796053886414,validation
xgboost_unweighted_F4_sprint2_main_seed42_regen_seed2024,XGB_F4,val,2795,2711,hg19,1,0.906369149684906,0.49377796053886414,validation
xgboost_unweighted_F4_sprint2_main_seed42_regen_seed2024,XGB_F4,val,2796,2711,hg19,1,0.8270227313041687,0.49377796053886414,validation
xgboost_unweighted_F4_sprint2_main_seed42_regen_seed2024,XGB_F4,val,2797,2711,hg19,1,0.8536048531532288,0.49377796053886414,validation
xgboost_unweighted_F4_sprint2_main_seed42_regen_seed2024,XGB_F4,val,2798,2711,hg19,1,0.9587291479110718,0.49377796053886414,validation
xgboost_unweighted_F4_sprint2_main_seed42_regen_seed2024,XGB_F4,val,2799,2711,hg19,1,0.9455124139785767,0.49377796053886414,validation
xgboost_unweighted_F4_sprint2_main_seed42_regen_seed2024,XGB_F4,val,2800,2711,hg19,1,0.8253968358039856,0.49377796053886414,validation
xgboost_unweighted_F4_sprint2_main_seed42_regen_seed2024,XGB_F4,val,2801,2711,hg19,1,0.8151829838752747,0.49377796053886414,validation
xgboost_unweighted_F4_sprint2_main_seed42_regen_seed2024,XGB_F4,val,2802,2711,hg19,1,0.8569005131721497,0.49377796053886414,validation
xgboost_unweighted_F4_sprint2_main_seed42_regen_seed2024,XGB_F4,val,2803,2711,hg19,1,0.9379478693008423,0.49377796053886414,validation
xgboost_unweighted_F4_sprint2_main_seed42_regen_seed2024,XGB_F4,val,2804,2711,hg19,1,0.6633060574531555,0.49377796053886414,validation
xgboost_unweighted_F4_sprint2_main_seed42_regen_seed2024,XGB_F4,val,2805,2711,hg19,1,0.9527640342712402,0.49377796053886414,validation
xgboost_unweighted_F4_sprint2_main_seed42_regen_seed2024,XGB_F4,val,2806,2711,hg19,1,0.8288075923919678,0.49377796053886414,validation
xgboost_unweighted_F4_sprint2_main_seed42_regen_seed2024,XGB_F4,val,2807,2711,hg19,1,0.9498062133789062,0.49377796053886414,validation
xgboost_unweighted_F4_sprint2_main_seed42_regen_seed2024,XGB_F4,val,2808,2711,hg19,1,0.9551986455917358,0.49377796053886414,validation
xgboost_unweighted_F4_sprint2_main_seed42_regen_seed2024,XGB_F4,val,2809,2711,hg19,1,0.9400972127914429,0.49377796053886414,validation
xgboost_unweighted_F4_sprint2_main_seed42_regen_seed2024,XGB_F4,val,2810,2711,hg19,1,0.9521925449371338,0.49377796053886414,validation
xgboost_unweighted_F4_sprint2_main_seed42_regen_seed2024,XGB_F4,val,2811,2711,hg19,1,0.9317771792411804,0.49377796053886414,validation
xgboost_unweighted_F4_sprint2_main_seed42_regen_seed2024,XGB_F4,val,2812,2711,hg19,1,0.9632346034049988,0.49377796053886414,validation
xgboost_unweighted_F4_sprint2_main_seed42_regen_seed2024,XGB_F4,val,2813,2711,hg19,1,0.7696802616119385,0.49377796053886414,validation
xgboost_unweighted_F4_sprint2_main_seed42_regen_seed2024,XGB_F4,val,2814,2711,hg19,1,0.8610002398490906,0.49377796053886414,validation
xgboost_unweighted_F4_sprint2_main_seed42_regen_seed2024,XGB_F4,val,2815,2711,hg19,1,0.9442309141159058,0.49377796053886414,validation
xgboost_unweighted_F4_sprint2_main_seed42_regen_seed2024,XGB_F4,val,2816,2711,hg19,1,0.7765882611274719,0.49377796053886414,validation
xgboost_unweighted_F4_sprint2_main_seed42_regen_seed2024,XGB_F4,val,2817,2711,hg19,1,0.8929121494293213,0.49377796053886414,validation
xgboost_unweighted_F4_sprint2_main_seed42_regen_seed2024,XGB_F4,val,2818,2711,hg19,1,0.9615287780761719,0.49377796053886414,validation
xgboost_unweighted_F4_sprint2_main_seed42_regen_seed2024,XGB_F4,val,2819,2711,hg19,1,0.9478440880775452,0.49377796053886414,validation
xgboost_unweighted_F4_sprint2_main_seed42_regen_seed2024,XGB_F4,val,2820,2711,hg19,1,0.8361858129501343,0.49377796053886414,validation
xgboost_unweighted_F4_sprint2_main_seed42_regen_seed2024,XGB_F4,val,2821,2711,hg19,1,0.9143646359443665,0.49377796053886414,validation
xgboost_unweighted_F4_sprint2_main_seed42_regen_seed2024,XGB_F4,val,2822,2711,hg19,1,0.9108366370201111,0.49377796053886414,validation
xgboost_unweighted_F4_sprint2_main_seed42_regen_seed2024,XGB_F4,val,2823,2711,hg19,1,0.902678370475769,0.49377796053886414,validation
xgboost_unweighted_F4_sprint2_main_seed42_regen_seed2024,XGB_F4,val,2824,2711,hg19,1,0.8309081196784973,0.49377796053886414,validation
xgboost_unweighted_F4_sprint2_main_seed42_regen_seed2024,XGB_F4,val,2825,2711,hg19,1,0.9707631468772888,0.49377796053886414,validation
xgboost_unweighted_F4_sprint2_main_seed42_regen_seed2024,XGB_F4,val,2826,2711,hg19,1,0.9052072167396545,0.49377796053886414,validation
xgboost_unweighted_F4_sprint2_main_seed42_regen_seed2024,XGB_F4,val,2827,2711,hg19,1,0.8765240907669067,0.49377796053886414,validation
xgboost_unweighted_F4_sprint2_main_seed42_regen_seed2024,XGB_F4,val,2828,2711,hg19,1,0.8050094842910767,0.49377796053886414,validation
xgboost_unweighted_F4_sprint2_main_seed42_regen_seed2024,XGB_F4,val,2829,2711,hg19,1,0.93699711561203,0.49377796053886414,validation
xgboost_unweighted_F4_sprint2_main_seed42_regen_seed2024,XGB_F4,val,2830,2711,hg19,1,0.9284387826919556,0.49377796053886414,validation
xgboost_unweighted_F4_sprint2_main_seed42_regen_seed2024,XGB_F4,val,2831,2711,hg19,1,0.7984203100204468,0.49377796053886414,validation
xgboost_unweighted_F4_sprint2_main_seed42_regen_seed2024,XGB_F4,val,2832,2711,hg19,1,0.8500736951828003,0.49377796053886414,validation
xgboost_unweighted_F4_sprint2_main_seed42_regen_seed2024,XGB_F4,val,2833,2711,hg19,1,0.8825469613075256,0.49377796053886414,validation
xgboost_unweighted_F4_sprint2_main_seed42_regen_seed2024,XGB_F4,val,2834,2711,hg19,1,0.8539515137672424,0.49377796053886414,validation
xgboost_unweighted_F4_sprint2_main_seed42_regen_seed2024,XGB_F4,val,2835,2711,hg19,1,0.9643268585205078,0.49377796053886414,validation
xgboost_unweighted_F4_sprint2_main_seed42_regen_seed2024,XGB_F4,val,2836,2711,hg19,1,0.9369323253631592,0.49377796053886414,validation
xgboost_unweighted_F4_sprint2_main_seed42_regen_seed2024,XGB_F4,val,2837,2711,hg19,1,0.9730538725852966,0.49377796053886414,validation
xgboost_unweighted_F4_sprint2_main_seed42_regen_seed2024,XGB_F4,val,2838,2711,hg19,1,0.9054813981056213,0.49377796053886414,validation
xgboost_unweighted_F4_sprint2_main_seed42_regen_seed2024,XGB_F4,val,2839,2711,hg19,1,0.9472650289535522,0.49377796053886414,validation
xgboost_unweighted_F4_sprint2_main_seed42_regen_seed2024,XGB_F4,val,2840,2711,hg19,1,0.9415082931518555,0.49377796053886414,validation
xgboost_unweighted_F4_sprint2_main_seed42_regen_seed2024,XGB_F4,val,2841,2711,hg19,1,0.8411920666694641,0.49377796053886414,validation
xgboost_unweighted_F4_sprint2_main_seed42_regen_seed2024,XGB_F4,val,2842,2711,hg19,1,0.895187258720398,0.49377796053886414,validation
xgboost_unweighted_F4_sprint2_main_seed42_regen_seed2024,XGB_F4,val,2843,2711,hg19,1,0.9507274031639099,0.49377796053886414,validation
xgboost_unweighted_F4_sprint2_main_seed42_regen_seed2024,XGB_F4,val,2844,2711,hg19,1,0.8707805871963501,0.49377796053886414,validation
xgboost_unweighted_F4_sprint2_main_seed42_regen_seed2024,XGB_F4,val,2845,2711,hg19,1,0.8255927562713623,0.49377796053886414,validation
xgboost_unweighted_F4_sprint2_main_seed42_regen_seed2024,XGB_F4,val,2846,2711,hg19,1,0.9253872632980347,0.49377796053886414,validation
xgboost_unweighted_F4_sprint2_main_seed42_regen_seed2024,XGB_F4,val,2847,2711,hg19,1,0.8730635643005371,0.49377796053886414,validation
xgboost_unweighted_F4_sprint2_main_seed42_regen_seed2024,XGB_F4,val,2848,2711,hg19,1,0.8801875710487366,0.49377796053886414,validation
xgboost_unweighted_F4_sprint2_main_seed42_regen_seed2024,XGB_F4,val,2849,2711,hg19,1,0.9013094902038574,0.49377796053886414,validation
xgboost_unweighted_F4_sprint2_main_seed42_regen_seed2024,XGB_F4,val,2850,2711,hg19,1,0.9715631008148193,0.49377796053886414,validation
xgboost_unweighted_F4_sprint2_main_seed42_regen_seed2024,XGB_F4,val,2851,2711,hg19,1,0.9844973087310791,0.49377796053886414,validation
xgboost_unweighted_F4_sprint2_main_seed42_regen_seed2024,XGB_F4,val,2852,2711,hg19,1,0.9010410904884338,0.49377796053886414,validation
xgboost_unweighted_F4_sprint2_main_seed42_regen_seed2024,XGB_F4,val,2853,2711,hg19,1,0.8306429386138916,0.49377796053886414,validation
xgboost_unweighted_F4_sprint2_main_seed42_regen_seed2024,XGB_F4,val,2854,2711,hg19,1,0.9482383728027344,0.49377796053886414,validation
xgboost_unweighted_F4_sprint2_main_seed42_regen_seed2024,XGB_F4,val,2855,2711,hg19,1,0.9258249402046204,0.49377796053886414,validation
xgboost_unweighted_F4_sprint2_main_seed42_regen_seed2024,XGB_F4,val,2856,2711,hg19,1,0.6707123517990112,0.49377796053886414,validation
xgboost_unweighted_F4_sprint2_main_seed42_regen_seed2024,XGB_F4,val,2857,2711,hg19,1,0.8232156038284302,0.49377796053886414,validation
xgboost_unweighted_F4_sprint2_main_seed42_regen_seed2024,XGB_F4,val,2858,2711,hg19,1,0.9366811513900757,0.49377796053886414,validation
xgboost_unweighted_F4_sprint2_main_seed42_regen_seed2024,XGB_F4,val,2859,2711,hg19,1,0.893458902835846,0.49377796053886414,validation
xgboost_unweighted_F4_sprint2_main_seed42_regen_seed2024,XGB_F4,val,2860,2711,hg19,1,0.8563818335533142,0.49377796053886414,validation
xgboost_unweighted_F4_sprint2_main_seed42_regen_seed2024,XGB_F4,val,2861,2711,hg19,1,0.6490952372550964,0.49377796053886414,validation
xgboost_unweighted_F4_sprint2_main_seed42_regen_seed2024,XGB_F4,val,2862,2711,hg19,1,0.9643629193305969,0.49377796053886414,validation
xgboost_unweighted_F4_sprint2_main_seed42_regen_seed2024,XGB_F4,val,2863,2711,hg19,1,0.8186594247817993,0.49377796053886414,validation
xgboost_unweighted_F4_sprint2_main_seed42_regen_seed2024,XGB_F4,val,2864,2711,hg19,1,0.9238936901092529,0.49377796053886414,validation
xgboost_unweighted_F4_sprint2_main_seed42_regen_seed2024,XGB_F4,val,2865,2711,hg19,1,0.9196272492408752,0.49377796053886414,validation
xgboost_unweighted_F4_sprint2_main_seed42_regen_seed2024,XGB_F4,val,2866,2711,hg19,1,0.8748722672462463,0.49377796053886414,validation
xgboost_unweighted_F4_sprint2_main_seed42_regen_seed2024,XGB_F4,val,2867,2711,hg19,1,0.8790436387062073,0.49377796053886414,validation
xgboost_unweighted_F4_sprint2_main_seed42_regen_seed2024,XGB_F4,val,2868,2711,hg19,1,0.8658357262611389,0.49377796053886414,validation
xgboost_unweighted_F4_sprint2_main_seed42_regen_seed2024,XGB_F4,val,2869,2869,hg19,1,0.9345879554748535,0.49377796053886414,validation
xgboost_unweighted_F4_sprint2_main_seed42_regen_seed2024,XGB_F4,val,2870,2869,hg19,1,0.941714346408844,0.49377796053886414,validation
xgboost_unweighted_F4_sprint2_main_seed42_regen_seed2024,XGB_F4,val,2871,2869,hg19,1,0.8835039734840393,0.49377796053886414,validation
xgboost_unweighted_F4_sprint2_main_seed42_regen_seed2024,XGB_F4,val,2872,2869,hg19,1,0.9006580114364624,0.49377796053886414,validation
xgboost_unweighted_F4_sprint2_main_seed42_regen_seed2024,XGB_F4,val,2873,2869,hg19,1,0.8730827569961548,0.49377796053886414,validation
xgboost_unweighted_F4_sprint2_main_seed42_regen_seed2024,XGB_F4,val,2874,2869,hg19,1,0.9483308792114258,0.49377796053886414,validation
xgboost_unweighted_F4_sprint2_main_seed42_regen_seed2024,XGB_F4,val,2875,2869,hg19,1,0.9282858371734619,0.49377796053886414,validation
xgboost_unweighted_F4_sprint2_main_seed42_regen_seed2024,XGB_F4,val,2876,2869,hg19,1,0.9129644632339478,0.49377796053886414,validation
xgboost_unweighted_F4_sprint2_main_seed42_regen_seed2024,XGB_F4,val,2877,2869,hg19,1,0.9144856333732605,0.49377796053886414,validation
xgboost_unweighted_F4_sprint2_main_seed42_regen_seed2024,XGB_F4,val,2878,2869,hg19,1,0.940747082233429,0.49377796053886414,validation
xgboost_unweighted_F4_sprint2_main_seed42_regen_seed2024,XGB_F4,val,2879,2869,hg19,1,0.9669169783592224,0.49377796053886414,validation
xgboost_unweighted_F4_sprint2_main_seed42_regen_seed2024,XGB_F4,val,2880,2869,hg19,1,0.9576066136360168,0.49377796053886414,validation
xgboost_unweighted_F4_sprint2_main_seed42_regen_seed2024,XGB_F4,val,2881,2869,hg19,1,0.8351534008979797,0.49377796053886414,validation
xgboost_unweighted_F4_sprint2_main_seed42_regen_seed2024,XGB_F4,val,2882,2869,hg19,1,0.9464886784553528,0.49377796053886414,validation
xgboost_unweighted_F4_sprint2_main_seed42_regen_seed2024,XGB_F4,val,2883,2869,hg19,1,0.8955721259117126,0.49377796053886414,validation
xgboost_unweighted_F4_sprint2_main_seed42_regen_seed2024,XGB_F4,val,2884,2869,hg19,1,0.9020008444786072,0.49377796053886414,validation
xgboost_unweighted_F4_sprint2_main_seed42_regen_seed2024,XGB_F4,val,2885,2869,hg19,1,0.9257820844650269,0.49377796053886414,validation
xgboost_unweighted_F4_sprint2_main_seed42_regen_seed2024,XGB_F4,val,2886,2869,hg19,1,0.9635124206542969,0.49377796053886414,validation
xgboost_unweighted_F4_sprint2_main_seed42_regen_seed2024,XGB_F4,val,2887,2869,hg19,1,0.931026041507721,0.49377796053886414,validation
xgboost_unweighted_F4_sprint2_main_seed42_regen_seed2024,XGB_F4,val,2888,2869,hg19,1,0.8867301940917969,0.49377796053886414,validation
xgboost_unweighted_F4_sprint2_main_seed42_regen_seed2024,XGB_F4,val,2889,2869,hg19,1,0.9339510202407837,0.49377796053886414,validation
xgboost_unweighted_F4_sprint2_main_seed42_regen_seed2024,XGB_F4,val,2890,2869,hg19,1,0.7829316258430481,0.49377796053886414,validation
xgboost_unweighted_F4_sprint2_main_seed42_regen_seed2024,XGB_F4,val,2891,2869,hg19,1,0.9075358510017395,0.49377796053886414,validation
xgboost_unweighted_F4_sprint2_main_seed42_regen_seed2024,XGB_F4,val,2892,2869,hg19,1,0.9380683898925781,0.49377796053886414,validation
xgboost_unweighted_F4_sprint2_main_seed42_regen_seed2024,XGB_F4,val,2893,2869,hg19,1,0.9095917344093323,0.49377796053886414,validation
xgboost_unweighted_F4_sprint2_main_seed42_regen_seed2024,XGB_F4,val,2894,2869,hg19,1,0.9665238261222839,0.49377796053886414,validation
xgboost_unweighted_F4_sprint2_main_seed42_regen_seed2024,XGB_F4,val,2895,2869,hg19,1,0.9601869583129883,0.49377796053886414,validation
xgboost_unweighted_F4_sprint2_main_seed42_regen_seed2024,XGB_F4,val,2896,2869,hg19,1,0.9087464809417725,0.49377796053886414,validation
xgboost_unweighted_F4_sprint2_main_seed42_regen_seed2024,XGB_F4,val,2897,2869,hg19,1,0.9533619284629822,0.49377796053886414,validation
xgboost_unweighted_F4_sprint2_main_seed42_regen_seed2024,XGB_F4,val,2898,2869,hg19,1,0.9303852319717407,0.49377796053886414,validation
xgboost_unweighted_F4_sprint2_main_seed42_regen_seed2024,XGB_F4,val,2899,2869,hg19,1,0.8513194918632507,0.49377796053886414,validation
xgboost_unweighted_F4_sprint2_main_seed42_regen_seed2024,XGB_F4,val,2900,2869,hg19,1,0.9247029423713684,0.49377796053886414,validation
xgboost_unweighted_F4_sprint2_main_seed42_regen_seed2024,XGB_F4,val,2901,2869,hg19,1,0.9373468160629272,0.49377796053886414,validation
xgboost_unweighted_F4_sprint2_main_seed42_regen_seed2024,XGB_F4,val,2902,2869,hg19,1,0.9181583523750305,0.49377796053886414,validation
xgboost_unweighted_F4_sprint2_main_seed42_regen_seed2024,XGB_F4,val,2903,2869,hg19,1,0.915783703327179,0.49377796053886414,validation
xgboost_unweighted_F4_sprint2_main_seed42_regen_seed2024,XGB_F4,val,2904,2869,hg19,1,0.9330036640167236,0.49377796053886414,validation
xgboost_unweighted_F4_sprint2_main_seed42_regen_seed2024,XGB_F4,val,2905,2869,hg19,1,0.8458905816078186,0.49377796053886414,validation
xgboost_unweighted_F4_sprint2_main_seed42_regen_seed2024,XGB_F4,val,2906,2869,hg19,1,0.8950935006141663,0.49377796053886414,validation
xgboost_unweighted_F4_sprint2_main_seed42_regen_seed2024,XGB_F4,val,2907,2869,hg19,1,0.982430100440979,0.49377796053886414,validation
xgboost_unweighted_F4_sprint2_main_seed42_regen_seed2024,XGB_F4,val,2908,2869,hg19,1,0.9526790976524353,0.49377796053886414,validation
xgboost_unweighted_F4_sprint2_main_seed42_regen_seed2024,XGB_F4,val,2909,2869,hg19,1,0.9459298253059387,0.49377796053886414,validation
xgboost_unweighted_F4_sprint2_main_seed42_regen_seed2024,XGB_F4,val,2910,2869,hg19,1,0.9347623586654663,0.49377796053886414,validation
xgboost_unweighted_F4_sprint2_main_seed42_regen_seed2024,XGB_F4,val,2911,2869,hg19,1,0.958551287651062,0.49377796053886414,validation
xgboost_unweighted_F4_sprint2_main_seed42_regen_seed2024,XGB_F4,val,2912,2869,hg19,1,0.9060195088386536,0.49377796053886414,validation
xgboost_unweighted_F4_sprint2_main_seed42_regen_seed2024,XGB_F4,val,2913,2869,hg19,1,0.9428883790969849,0.49377796053886414,validation
xgboost_unweighted_F4_sprint2_main_seed42_regen_seed2024,XGB_F4,val,2914,2869,hg19,1,0.9701997637748718,0.49377796053886414,validation
xgboost_unweighted_F4_sprint2_main_seed42_regen_seed2024,XGB_F4,val,2915,2869,hg19,1,0.9490524530410767,0.49377796053886414,validation
xgboost_unweighted_F4_sprint2_main_seed42_regen_seed2024,XGB_F4,val,2916,2869,hg19,1,0.75324946641922,0.49377796053886414,validation
xgboost_unweighted_F4_sprint2_main_seed42_regen_seed2024,XGB_F4,val,2917,2869,hg19,1,0.842063844203949,0.49377796053886414,validation
xgboost_unweighted_F4_sprint2_main_seed42_regen_seed2024,XGB_F4,val,2918,2869,hg19,1,0.911872148513794,0.49377796053886414,validation
xgboost_unweighted_F4_sprint2_main_seed42_regen_seed2024,XGB_F4,val,2919,2869,hg19,1,0.8886064291000366,0.49377796053886414,validation
xgboost_unweighted_F4_sprint2_main_seed42_regen_seed2024,XGB_F4,val,2920,2869,hg19,1,0.9595080018043518,0.49377796053886414,validation
xgboost_unweighted_F4_sprint2_main_seed42_regen_seed2024,XGB_F4,val,2921,2869,hg19,1,0.921326220035553,0.49377796053886414,validation
xgboost_unweighted_F4_sprint2_main_seed42_regen_seed2024,XGB_F4,val,2922,2869,hg19,1,0.927495539188385,0.49377796053886414,validation
xgboost_unweighted_F4_sprint2_main_seed42_regen_seed2024,XGB_F4,val,2923,2869,hg19,1,0.8733550310134888,0.49377796053886414,validation
xgboost_unweighted_F4_sprint2_main_seed42_regen_seed2024,XGB_F4,val,2924,2869,hg19,1,0.8842523694038391,0.49377796053886414,validation
xgboost_unweighted_F4_sprint2_main_seed42_regen_seed2024,XGB_F4,val,2925,2869,hg19,1,0.9341474771499634,0.49377796053886414,validation
xgboost_unweighted_F4_sprint2_main_seed42_regen_seed2024,XGB_F4,val,2926,2869,hg19,1,0.9189319610595703,0.49377796053886414,validation
xgboost_unweighted_F4_sprint2_main_seed42_regen_seed2024,XGB_F4,val,2927,2869,hg19,1,0.8943842649459839,0.49377796053886414,validation
xgboost_unweighted_F4_sprint2_main_seed42_regen_seed2024,XGB_F4,val,2928,2869,hg19,1,0.9138673543930054,0.49377796053886414,validation
xgboost_unweighted_F4_sprint2_main_seed42_regen_seed2024,XGB_F4,val,2929,2869,hg19,1,0.9660684466362,0.49377796053886414,validation
xgboost_unweighted_F4_sprint2_main_seed42_regen_seed2024,XGB_F4,val,2930,2869,hg19,1,0.943549633026123,0.49377796053886414,validation
xgboost_unweighted_F4_sprint2_main_seed42_regen_seed2024,XGB_F4,val,2931,2869,hg19,1,0.960699737071991,0.49377796053886414,validation
xgboost_unweighted_F4_sprint2_main_seed42_regen_seed2024,XGB_F4,val,2932,2869,hg19,1,0.9160367250442505,0.49377796053886414,validation
xgboost_unweighted_F4_sprint2_main_seed42_regen_seed2024,XGB_F4,val,2933,2869,hg19,1,0.9507426619529724,0.49377796053886414,validation
xgboost_unweighted_F4_sprint2_main_seed42_regen_seed2024,XGB_F4,val,2934,2869,hg19,1,0.9143330454826355,0.49377796053886414,validation
xgboost_unweighted_F4_sprint2_main_seed42_regen_seed2024,XGB_F4,val,2935,2869,hg19,1,0.9524115920066833,0.49377796053886414,validation
xgboost_unweighted_F4_sprint2_main_seed42_regen_seed2024,XGB_F4,val,2936,2869,hg19,1,0.950419008731842,0.49377796053886414,validation
xgboost_unweighted_F4_sprint2_main_seed42_regen_seed2024,XGB_F4,val,2937,2869,hg19,1,0.8623213768005371,0.49377796053886414,validation
xgboost_unweighted_F4_sprint2_main_seed42_regen_seed2024,XGB_F4,val,2938,2869,hg19,1,0.8446550369262695,0.49377796053886414,validation
xgboost_unweighted_F4_sprint2_main_seed42_regen_seed2024,XGB_F4,val,2939,2869,hg19,1,0.904039204120636,0.49377796053886414,validation
xgboost_unweighted_F4_sprint2_main_seed42_regen_seed2024,XGB_F4,val,2940,2869,hg19,1,0.9116917252540588,0.49377796053886414,validation
xgboost_unweighted_F4_sprint2_main_seed42_regen_seed2024,XGB_F4,val,2941,2869,hg19,1,0.8857373595237732,0.49377796053886414,validation
xgboost_unweighted_F4_sprint2_main_seed42_regen_seed2024,XGB_F4,val,2942,2869,hg19,1,0.9403519630432129,0.49377796053886414,validation
xgboost_unweighted_F4_sprint2_main_seed42_regen_seed2024,XGB_F4,val,2943,2869,hg19,1,0.8916412591934204,0.49377796053886414,validation
xgboost_unweighted_F4_sprint2_main_seed42_regen_seed2024,XGB_F4,val,2944,2869,hg19,1,0.928881824016571,0.49377796053886414,validation
xgboost_unweighted_F4_sprint2_main_seed42_regen_seed2024,XGB_F4,val,2945,2869,hg19,1,0.9013943076133728,0.49377796053886414,validation
xgboost_unweighted_F4_sprint2_main_seed42_regen_seed2024,XGB_F4,val,2946,2869,hg19,1,0.9560912847518921,0.49377796053886414,validation
xgboost_unweighted_F4_sprint2_main_seed42_regen_seed2024,XGB_F4,val,2947,2869,hg19,1,0.9782413244247437,0.49377796053886414,validation
xgboost_unweighted_F4_sprint2_main_seed42_regen_seed2024,XGB_F4,val,2948,2869,hg19,1,0.9080082774162292,0.49377796053886414,validation
xgboost_unweighted_F4_sprint2_main_seed42_regen_seed2024,XGB_F4,val,2949,2869,hg19,1,0.966155469417572,0.49377796053886414,validation
xgboost_unweighted_F4_sprint2_main_seed42_regen_seed2024,XGB_F4,val,2950,2869,hg19,1,0.9292463660240173,0.49377796053886414,validation
xgboost_unweighted_F4_sprint2_main_seed42_regen_seed2024,XGB_F4,val,2951,2869,hg19,1,0.8853822350502014,0.49377796053886414,validation
xgboost_unweighted_F4_sprint2_main_seed42_regen_seed2024,XGB_F4,val,2952,2869,hg19,1,0.8922192454338074,0.49377796053886414,validation
xgboost_unweighted_F4_sprint2_main_seed42_regen_seed2024,XGB_F4,val,2953,2869,hg19,1,0.8925235271453857,0.49377796053886414,validation
xgboost_unweighted_F4_sprint2_main_seed42_regen_seed2024,XGB_F4,val,2954,2869,hg19,1,0.9591286182403564,0.49377796053886414,validation
xgboost_unweighted_F4_sprint2_main_seed42_regen_seed2024,XGB_F4,val,2955,2869,hg19,1,0.8686307072639465,0.49377796053886414,validation
xgboost_unweighted_F4_sprint2_main_seed42_regen_seed2024,XGB_F4,val,2956,2869,hg19,1,0.9206340909004211,0.49377796053886414,validation
xgboost_unweighted_F4_sprint2_main_seed42_regen_seed2024,XGB_F4,val,2957,2869,hg19,1,0.908987283706665,0.49377796053886414,validation
xgboost_unweighted_F4_sprint2_main_seed42_regen_seed2024,XGB_F4,val,2958,2869,hg19,1,0.9336605072021484,0.49377796053886414,validation
xgboost_unweighted_F4_sprint2_main_seed42_regen_seed2024,XGB_F4,val,2959,2869,hg19,1,0.9292497634887695,0.49377796053886414,validation
xgboost_unweighted_F4_sprint2_main_seed42_regen_seed2024,XGB_F4,val,2960,2869,hg19,1,0.9504988789558411,0.49377796053886414,validation
xgboost_unweighted_F4_sprint2_main_seed42_regen_seed2024,XGB_F4,val,2961,2869,hg19,1,0.9379938244819641,0.49377796053886414,validation
xgboost_unweighted_F4_sprint2_main_seed42_regen_seed2024,XGB_F4,val,2962,2869,hg19,1,0.9134999513626099,0.49377796053886414,validation
xgboost_unweighted_F4_sprint2_main_seed42_regen_seed2024,XGB_F4,val,2963,2869,hg19,1,0.9542078375816345,0.49377796053886414,validation
xgboost_unweighted_F4_sprint2_main_seed42_regen_seed2024,XGB_F4,val,2964,2869,hg19,1,0.8700085878372192,0.49377796053886414,validation
xgboost_unweighted_F4_sprint2_main_seed42_regen_seed2024,XGB_F4,val,2965,2869,hg19,1,0.8660908937454224,0.49377796053886414,validation
xgboost_unweighted_F4_sprint2_main_seed42_regen_seed2024,XGB_F4,val,2966,2869,hg19,1,0.784626841545105,0.49377796053886414,validation
xgboost_unweighted_F4_sprint2_main_seed42_regen_seed2024,XGB_F4,val,2967,2869,hg19,1,0.8582575917243958,0.49377796053886414,validation
xgboost_unweighted_F4_sprint2_main_seed42_regen_seed2024,XGB_F4,val,2968,2869,hg19,1,0.9009485840797424,0.49377796053886414,validation
xgboost_unweighted_F4_sprint2_main_seed42_regen_seed2024,XGB_F4,val,2969,2869,hg19,1,0.9717069268226624,0.49377796053886414,validation
xgboost_unweighted_F4_sprint2_main_seed42_regen_seed2024,XGB_F4,val,2970,2869,hg19,1,0.9180041551589966,0.49377796053886414,validation
xgboost_unweighted_F4_sprint2_main_seed42_regen_seed2024,XGB_F4,val,2971,2869,hg19,1,0.8655003905296326,0.49377796053886414,validation
xgboost_unweighted_F4_sprint2_main_seed42_regen_seed2024,XGB_F4,val,2972,2869,hg19,1,0.9199525117874146,0.49377796053886414,validation
xgboost_unweighted_F4_sprint2_main_seed42_regen_seed2024,XGB_F4,val,2973,2869,hg19,1,0.9351749420166016,0.49377796053886414,validation
xgboost_unweighted_F4_sprint2_main_seed42_regen_seed2024,XGB_F4,val,2974,2869,hg19,1,0.9063664078712463,0.49377796053886414,validation
xgboost_unweighted_F4_sprint2_main_seed42_regen_seed2024,XGB_F4,val,2975,2869,hg19,1,0.9073531627655029,0.49377796053886414,validation
xgboost_unweighted_F4_sprint2_main_seed42_regen_seed2024,XGB_F4,val,2976,2869,hg19,1,0.9142293334007263,0.49377796053886414,validation
xgboost_unweighted_F4_sprint2_main_seed42_regen_seed2024,XGB_F4,val,2977,2869,hg19,1,0.9692186713218689,0.49377796053886414,validation
xgboost_unweighted_F4_sprint2_main_seed42_regen_seed2024,XGB_F4,val,2978,2869,hg19,1,0.9026186466217041,0.49377796053886414,validation
xgboost_unweighted_F4_sprint2_main_seed42_regen_seed2024,XGB_F4,val,2979,2869,hg19,1,0.9232167601585388,0.49377796053886414,validation
xgboost_unweighted_F4_sprint2_main_seed42_regen_seed2024,XGB_F4,val,2980,2869,hg19,1,0.9146844148635864,0.49377796053886414,validation
xgboost_unweighted_F4_sprint2_main_seed42_regen_seed2024,XGB_F4,val,2981,2869,hg19,1,0.9275685548782349,0.49377796053886414,validation
xgboost_unweighted_F4_sprint2_main_seed42_regen_seed2024,XGB_F4,val,2982,2869,hg19,1,0.9684460759162903,0.49377796053886414,validation
xgboost_unweighted_F4_sprint2_main_seed42_regen_seed2024,XGB_F4,val,2983,2869,hg19,1,0.7601231336593628,0.49377796053886414,validation
xgboost_unweighted_F4_sprint2_main_seed42_regen_seed2024,XGB_F4,val,2984,2869,hg19,1,0.9139311909675598,0.49377796053886414,validation
xgboost_unweighted_F4_sprint2_main_seed42_regen_seed2024,XGB_F4,val,2985,2869,hg19,1,0.8970656394958496,0.49377796053886414,validation
xgboost_unweighted_F4_sprint2_main_seed42_regen_seed2024,XGB_F4,val,2986,2869,hg19,1,0.7491559386253357,0.49377796053886414,validation
xgboost_unweighted_F4_sprint2_main_seed42_regen_seed2024,XGB_F4,val,2987,2869,hg19,1,0.9224171042442322,0.49377796053886414,validation
xgboost_unweighted_F4_sprint2_main_seed42_regen_seed2024,XGB_F4,val,2988,2869,hg19,1,0.9318365454673767,0.49377796053886414,validation
xgboost_unweighted_F4_sprint2_main_seed42_regen_seed2024,XGB_F4,val,2989,2869,hg19,1,0.8999799489974976,0.49377796053886414,validation
xgboost_unweighted_F4_sprint2_main_seed42_regen_seed2024,XGB_F4,val,2990,2869,hg19,1,0.9478249549865723,0.49377796053886414,validation
xgboost_unweighted_F4_sprint2_main_seed42_regen_seed2024,XGB_F4,val,2991,2869,hg19,1,0.8925474286079407,0.49377796053886414,validation
xgboost_unweighted_F4_sprint2_main_seed42_regen_seed2024,XGB_F4,val,2992,2869,hg19,1,0.9133509397506714,0.49377796053886414,validation
xgboost_unweighted_F4_sprint2_main_seed42_regen_seed2024,XGB_F4,val,2993,2869,hg19,1,0.9326381087303162,0.49377796053886414,validation
xgboost_unweighted_F4_sprint2_main_seed42_regen_seed2024,XGB_F4,val,2994,2869,hg19,1,0.9061617255210876,0.49377796053886414,validation
xgboost_unweighted_F4_sprint2_main_seed42_regen_seed2024,XGB_F4,val,2995,2869,hg19,1,0.9244149327278137,0.49377796053886414,validation
xgboost_unweighted_F4_sprint2_main_seed42_regen_seed2024,XGB_F4,val,2996,2869,hg19,1,0.9140014052391052,0.49377796053886414,validation
xgboost_unweighted_F4_sprint2_main_seed42_regen_seed2024,XGB_F4,val,2997,2869,hg19,1,0.8694618344306946,0.49377796053886414,validation
xgboost_unweighted_F4_sprint2_main_seed42_regen_seed2024,XGB_F4,val,2998,2869,hg19,1,0.9553259015083313,0.49377796053886414,validation
xgboost_unweighted_F4_sprint2_main_seed42_regen_seed2024,XGB_F4,val,2999,2869,hg19,1,0.9334972500801086,0.49377796053886414,validation
xgboost_unweighted_F4_sprint2_main_seed42_regen_seed2024,XGB_F4,val,3000,2869,hg19,1,0.9384768605232239,0.49377796053886414,validation
xgboost_unweighted_F4_sprint2_main_seed42_regen_seed2024,XGB_F4,val,3001,2869,hg19,1,0.9539692997932434,0.49377796053886414,validation
xgboost_unweighted_F4_sprint2_main_seed42_regen_seed2024,XGB_F4,val,3002,2869,hg19,1,0.8843451738357544,0.49377796053886414,validation
xgboost_unweighted_F4_sprint2_main_seed42_regen_seed2024,XGB_F4,val,3003,2869,hg19,1,0.9023566842079163,0.49377796053886414,validation
xgboost_unweighted_F4_sprint2_main_seed42_regen_seed2024,XGB_F4,val,3004,2869,hg19,1,0.9770724773406982,0.49377796053886414,validation
xgboost_unweighted_F4_sprint2_main_seed42_regen_seed2024,XGB_F4,val,3005,2869,hg19,1,0.9429121017456055,0.49377796053886414,validation
xgboost_unweighted_F4_sprint2_main_seed42_regen_seed2024,XGB_F4,val,3006,2869,hg19,1,0.9746935963630676,0.49377796053886414,validation
xgboost_unweighted_F4_sprint2_main_seed42_regen_seed2024,XGB_F4,val,3007,2869,hg19,1,0.9056142568588257,0.49377796053886414,validation
xgboost_unweighted_F4_sprint2_main_seed42_regen_seed2024,XGB_F4,val,3008,2869,hg19,1,0.9176645278930664,0.49377796053886414,validation
xgboost_unweighted_F4_sprint2_main_seed42_regen_seed2024,XGB_F4,val,3009,2869,hg19,1,0.9050237536430359,0.49377796053886414,validation
xgboost_unweighted_F4_sprint2_main_seed42_regen_seed2024,XGB_F4,val,3010,2869,hg19,1,0.9036358594894409,0.49377796053886414,validation
xgboost_unweighted_F4_sprint2_main_seed42_regen_seed2024,XGB_F4,val,3011,2869,hg19,1,0.7377752065658569,0.49377796053886414,validation
xgboost_unweighted_F4_sprint2_main_seed42_regen_seed2024,XGB_F4,val,3012,2869,hg19,1,0.7807257771492004,0.49377796053886414,validation
xgboost_unweighted_F4_sprint2_main_seed42_regen_seed2024,XGB_F4,val,3013,2869,hg19,1,0.9200417995452881,0.49377796053886414,validation
xgboost_unweighted_F4_sprint2_main_seed42_regen_seed2024,XGB_F4,val,3014,2869,hg19,1,0.890352725982666,0.49377796053886414,validation
xgboost_unweighted_F4_sprint2_main_seed42_regen_seed2024,XGB_F4,val,3015,2869,hg19,1,0.9089294672012329,0.49377796053886414,validation
xgboost_unweighted_F4_sprint2_main_seed42_regen_seed2024,XGB_F4,val,3016,2869,hg19,1,0.9090007543563843,0.49377796053886414,validation
xgboost_unweighted_F4_sprint2_main_seed42_regen_seed2024,XGB_F4,val,3017,2869,hg19,1,0.9606736302375793,0.49377796053886414,validation
xgboost_unweighted_F4_sprint2_main_seed42_regen_seed2024,XGB_F4,val,3018,2869,hg19,1,0.9616004228591919,0.49377796053886414,validation
xgboost_unweighted_F4_sprint2_main_seed42_regen_seed2024,XGB_F4,val,3019,2869,hg19,1,0.9447525143623352,0.49377796053886414,validation
xgboost_unweighted_F4_sprint2_main_seed42_regen_seed2024,XGB_F4,val,3020,2869,hg19,1,0.8861175179481506,0.49377796053886414,validation
xgboost_unweighted_F4_sprint2_main_seed42_regen_seed2024,XGB_F4,val,3021,2869,hg19,1,0.8903281688690186,0.49377796053886414,validation
xgboost_unweighted_F4_sprint2_main_seed42_regen_seed2024,XGB_F4,val,3022,2869,hg19,1,0.8102318048477173,0.49377796053886414,validation
xgboost_unweighted_F4_sprint2_main_seed42_regen_seed2024,XGB_F4,val,3023,2869,hg19,1,0.7487109899520874,0.49377796053886414,validation
xgboost_unweighted_F4_sprint2_main_seed42_regen_seed2024,XGB_F4,val,3024,2869,hg19,1,0.7420351505279541,0.49377796053886414,validation
xgboost_unweighted_F4_sprint2_main_seed42_regen_seed2024,XGB_F4,val,3025,2869,hg19,1,0.8893024921417236,0.49377796053886414,validation
xgboost_unweighted_F4_sprint2_main_seed42_regen_seed2024,XGB_F4,val,3026,2869,hg19,1,0.9340628981590271,0.49377796053886414,validation
xgboost_unweighted_F4_sprint2_main_seed42_regen_seed2024,XGB_F4,val,3027,2869,hg19,1,0.9119194149971008,0.49377796053886414,validation
xgboost_unweighted_F4_sprint2_main_seed42_regen_seed2024,XGB_F4,val,3028,2869,hg19,1,0.9344139695167542,0.49377796053886414,validation
xgboost_unweighted_F4_sprint2_main_seed42_regen_seed2024,XGB_F4,val,3029,2869,hg19,1,0.9067296981811523,0.49377796053886414,validation
xgboost_unweighted_F4_sprint2_main_seed42_regen_seed2024,XGB_F4,val,3030,2869,hg19,1,0.8964573740959167,0.49377796053886414,validation
xgboost_unweighted_F4_sprint2_main_seed42_regen_seed2024,XGB_F4,val,3031,2869,hg19,1,0.9097674489021301,0.49377796053886414,validation
xgboost_unweighted_F4_sprint2_main_seed42_regen_seed2024,XGB_F4,val,3032,2869,hg19,1,0.9393638968467712,0.49377796053886414,validation
xgboost_unweighted_F4_sprint2_main_seed42_regen_seed2024,XGB_F4,val,3033,2869,hg19,1,0.9648600220680237,0.49377796053886414,validation
xgboost_unweighted_F4_sprint2_main_seed42_regen_seed2024,XGB_F4,val,3034,2869,hg19,1,0.874136745929718,0.49377796053886414,validation
xgboost_unweighted_F4_sprint2_main_seed42_regen_seed2024,XGB_F4,val,3035,2869,hg19,1,0.8954328894615173,0.49377796053886414,validation
xgboost_unweighted_F4_sprint2_main_seed42_regen_seed2024,XGB_F4,val,3036,2869,hg19,1,0.9051769375801086,0.49377796053886414,validation
xgboost_unweighted_F4_sprint2_main_seed42_regen_seed2024,XGB_F4,val,3037,2869,hg19,1,0.9178207516670227,0.49377796053886414,validation
xgboost_unweighted_F4_sprint2_main_seed42_regen_seed2024,XGB_F4,val,3038,2869,hg19,1,0.847122848033905,0.49377796053886414,validation
xgboost_unweighted_F4_sprint2_main_seed42_regen_seed2024,XGB_F4,val,3039,2869,hg19,1,0.9495806694030762,0.49377796053886414,validation
xgboost_unweighted_F4_sprint2_main_seed42_regen_seed2024,XGB_F4,val,3040,2869,hg19,1,0.9176233410835266,0.49377796053886414,validation
xgboost_unweighted_F4_sprint2_main_seed42_regen_seed2024,XGB_F4,val,3041,2869,hg19,1,0.9462568759918213,0.49377796053886414,validation
xgboost_unweighted_F4_sprint2_main_seed42_regen_seed2024,XGB_F4,val,3042,2869,hg19,1,0.9171448945999146,0.49377796053886414,validation
xgboost_unweighted_F4_sprint2_main_seed42_regen_seed2024,XGB_F4,val,3043,2869,hg19,1,0.8740442395210266,0.49377796053886414,validation
xgboost_unweighted_F4_sprint2_main_seed42_regen_seed2024,XGB_F4,val,3044,2869,hg19,1,0.9507871866226196,0.49377796053886414,validation
xgboost_unweighted_F4_sprint2_main_seed42_regen_seed2024,XGB_F4,val,3045,2869,hg19,1,0.9108204245567322,0.49377796053886414,validation
xgboost_unweighted_F4_sprint2_main_seed42_regen_seed2024,XGB_F4,val,3046,2869,hg19,1,0.9774630069732666,0.49377796053886414,validation
xgboost_unweighted_F4_sprint2_main_seed42_regen_seed2024,XGB_F4,val,3047,2869,hg19,1,0.9205250144004822,0.49377796053886414,validation
xgboost_unweighted_F4_sprint2_main_seed42_regen_seed2024,XGB_F4,val,3048,2869,hg19,1,0.9143493175506592,0.49377796053886414,validation
xgboost_unweighted_F4_sprint2_main_seed42_regen_seed2024,XGB_F4,val,3049,2869,hg19,1,0.9054182767868042,0.49377796053886414,validation
xgboost_unweighted_F4_sprint2_main_seed42_regen_seed2024,XGB_F4,val,3050,2869,hg19,1,0.960026741027832,0.49377796053886414,validation
xgboost_unweighted_F4_sprint2_main_seed42_regen_seed2024,XGB_F4,val,3051,2869,hg19,1,0.9575172066688538,0.49377796053886414,validation
xgboost_unweighted_F4_sprint2_main_seed42_regen_seed2024,XGB_F4,val,3052,2869,hg19,1,0.9532248973846436,0.49377796053886414,validation
xgboost_unweighted_F4_sprint2_main_seed42_regen_seed2024,XGB_F4,val,3053,2869,hg19,1,0.886121928691864,0.49377796053886414,validation
xgboost_unweighted_F4_sprint2_main_seed42_regen_seed2024,XGB_F4,val,3054,2869,hg19,1,0.829409658908844,0.49377796053886414,validation
xgboost_unweighted_F4_sprint2_main_seed42_regen_seed2024,XGB_F4,val,3055,2869,hg19,1,0.8875752091407776,0.49377796053886414,validation
xgboost_unweighted_F4_sprint2_main_seed42_regen_seed2024,XGB_F4,val,3056,2869,hg19,1,0.9208109378814697,0.49377796053886414,validation
xgboost_unweighted_F4_sprint2_main_seed42_regen_seed2024,XGB_F4,val,3057,2869,hg19,1,0.9251682758331299,0.49377796053886414,validation
xgboost_unweighted_F4_sprint2_main_seed42_regen_seed2024,XGB_F4,val,3058,2869,hg19,1,0.9324604272842407,0.49377796053886414,validation
xgboost_unweighted_F4_sprint2_main_seed42_regen_seed2024,XGB_F4,val,3059,2869,hg19,1,0.8006812930107117,0.49377796053886414,validation
xgboost_unweighted_F4_sprint2_main_seed42_regen_seed2024,XGB_F4,val,3060,2869,hg19,1,0.9017581343650818,0.49377796053886414,validation
xgboost_unweighted_F4_sprint2_main_seed42_regen_seed2024,XGB_F4,val,3061,2869,hg19,1,0.9113000631332397,0.49377796053886414,validation
xgboost_unweighted_F4_sprint2_main_seed42_regen_seed2024,XGB_F4,val,3062,2869,hg19,1,0.9194929003715515,0.49377796053886414,validation
xgboost_unweighted_F4_sprint2_main_seed42_regen_seed2024,XGB_F4,val,3063,2869,hg19,1,0.9320952892303467,0.49377796053886414,validation
xgboost_unweighted_F4_sprint2_main_seed42_regen_seed2024,XGB_F4,val,3064,2869,hg19,1,0.8729983568191528,0.49377796053886414,validation
xgboost_unweighted_F4_sprint2_main_seed42_regen_seed2024,XGB_F4,val,3065,2869,hg19,1,0.9651300311088562,0.49377796053886414,validation
xgboost_unweighted_F4_sprint2_main_seed42_regen_seed2024,XGB_F4,val,3066,2869,hg19,1,0.9540629386901855,0.49377796053886414,validation
xgboost_unweighted_F4_sprint2_main_seed42_regen_seed2024,XGB_F4,val,3067,2869,hg19,1,0.9658005237579346,0.49377796053886414,validation
xgboost_unweighted_F4_sprint2_main_seed42_regen_seed2024,XGB_F4,val,3068,2869,hg19,1,0.9062051773071289,0.49377796053886414,validation
xgboost_unweighted_F4_sprint2_main_seed42_regen_seed2024,XGB_F4,val,3069,2869,hg19,1,0.9107630848884583,0.49377796053886414,validation
xgboost_unweighted_F4_sprint2_main_seed42_regen_seed2024,XGB_F4,val,3070,2869,hg19,1,0.9200161695480347,0.49377796053886414,validation
xgboost_unweighted_F4_sprint2_main_seed42_regen_seed2024,XGB_F4,val,3071,2869,hg19,1,0.966366708278656,0.49377796053886414,validation
xgboost_unweighted_F4_sprint2_main_seed42_regen_seed2024,XGB_F4,val,3072,2869,hg19,1,0.9036535024642944,0.49377796053886414,validation
xgboost_unweighted_F4_sprint2_main_seed42_regen_seed2024,XGB_F4,val,3073,2869,hg19,1,0.8685687780380249,0.49377796053886414,validation
xgboost_unweighted_F4_sprint2_main_seed42_regen_seed2024,XGB_F4,val,3074,2869,hg19,1,0.8960296511650085,0.49377796053886414,validation
xgboost_unweighted_F4_sprint2_main_seed42_regen_seed2024,XGB_F4,val,3075,2869,hg19,1,0.9018885493278503,0.49377796053886414,validation
xgboost_unweighted_F4_sprint2_main_seed42_regen_seed2024,XGB_F4,val,3076,2869,hg19,1,0.9190938472747803,0.49377796053886414,validation
xgboost_unweighted_F4_sprint2_main_seed42_regen_seed2024,XGB_F4,val,3077,2869,hg19,1,0.884269654750824,0.49377796053886414,validation
xgboost_unweighted_F4_sprint2_main_seed42_regen_seed2024,XGB_F4,val,3078,2869,hg19,1,0.9017122387886047,0.49377796053886414,validation
xgboost_unweighted_F4_sprint2_main_seed42_regen_seed2024,XGB_F4,val,3079,2869,hg19,1,0.926182210445404,0.49377796053886414,validation
xgboost_unweighted_F4_sprint2_main_seed42_regen_seed2024,XGB_F4,val,3080,2869,hg19,1,0.9063587188720703,0.49377796053886414,validation
xgboost_unweighted_F4_sprint2_main_seed42_regen_seed2024,XGB_F4,val,3081,2869,hg19,1,0.9074748754501343,0.49377796053886414,validation
xgboost_unweighted_F4_sprint2_main_seed42_regen_seed2024,XGB_F4,val,3082,2869,hg19,1,0.9124701023101807,0.49377796053886414,validation
xgboost_unweighted_F4_sprint2_main_seed42_regen_seed2024,XGB_F4,val,3083,2869,hg19,1,0.8859201669692993,0.49377796053886414,validation
xgboost_unweighted_F4_sprint2_main_seed42_regen_seed2024,XGB_F4,val,3084,2869,hg19,1,0.9180769920349121,0.49377796053886414,validation
xgboost_unweighted_F4_sprint2_main_seed42_regen_seed2024,XGB_F4,val,3085,2869,hg19,1,0.9246311783790588,0.49377796053886414,validation
xgboost_unweighted_F4_sprint2_main_seed42_regen_seed2024,XGB_F4,val,3086,2869,hg19,1,0.8958470821380615,0.49377796053886414,validation
xgboost_unweighted_F4_sprint2_main_seed42_regen_seed2024,XGB_F4,val,3087,2869,hg19,1,0.8621918559074402,0.49377796053886414,validation
xgboost_unweighted_F4_sprint2_main_seed42_regen_seed2024,XGB_F4,val,3088,2869,hg19,1,0.9157321453094482,0.49377796053886414,validation
xgboost_unweighted_F4_sprint2_main_seed42_regen_seed2024,XGB_F4,val,3089,2869,hg19,1,0.8927273154258728,0.49377796053886414,validation
xgboost_unweighted_F4_sprint2_main_seed42_regen_seed2024,XGB_F4,val,3090,2869,hg19,1,0.928891658782959,0.49377796053886414,validation
xgboost_unweighted_F4_sprint2_main_seed42_regen_seed2024,XGB_F4,val,3091,2869,hg19,1,0.9344196915626526,0.49377796053886414,validation
xgboost_unweighted_F4_sprint2_main_seed42_regen_seed2024,XGB_F4,val,3092,2869,hg19,1,0.9032278060913086,0.49377796053886414,validation
xgboost_unweighted_F4_sprint2_main_seed42_regen_seed2024,XGB_F4,val,3093,2869,hg19,1,0.9082587361335754,0.49377796053886414,validation
xgboost_unweighted_F4_sprint2_main_seed42_regen_seed2024,XGB_F4,val,3094,2869,hg19,1,0.9076976776123047,0.49377796053886414,validation
xgboost_unweighted_F4_sprint2_main_seed42_regen_seed2024,XGB_F4,val,3095,2869,hg19,1,0.9518797397613525,0.49377796053886414,validation
xgboost_unweighted_F4_sprint2_main_seed42_regen_seed2024,XGB_F4,val,3096,2869,hg19,1,0.9112175107002258,0.49377796053886414,validation
xgboost_unweighted_F4_sprint2_main_seed42_regen_seed2024,XGB_F4,val,3097,2869,hg19,1,0.9317156672477722,0.49377796053886414,validation
xgboost_unweighted_F4_sprint2_main_seed42_regen_seed2024,XGB_F4,val,3098,2869,hg19,1,0.910995602607727,0.49377796053886414,validation
xgboost_unweighted_F4_sprint2_main_seed42_regen_seed2024,XGB_F4,val,3099,2869,hg19,1,0.9111055731773376,0.49377796053886414,validation
xgboost_unweighted_F4_sprint2_main_seed42_regen_seed2024,XGB_F4,val,3100,2869,hg19,1,0.8614188432693481,0.49377796053886414,validation
xgboost_unweighted_F4_sprint2_main_seed42_regen_seed2024,XGB_F4,val,3101,2869,hg19,1,0.7619726061820984,0.49377796053886414,validation
xgboost_unweighted_F4_sprint2_main_seed42_regen_seed2024,XGB_F4,val,3102,2869,hg19,1,0.8533103466033936,0.49377796053886414,validation
xgboost_unweighted_F4_sprint2_main_seed42_regen_seed2024,XGB_F4,val,3103,2869,hg19,1,0.901269793510437,0.49377796053886414,validation
xgboost_unweighted_F4_sprint2_main_seed42_regen_seed2024,XGB_F4,val,3104,2869,hg19,1,0.8998278379440308,0.49377796053886414,validation
xgboost_unweighted_F4_sprint2_main_seed42_regen_seed2024,XGB_F4,val,3105,2869,hg19,1,0.9057145118713379,0.49377796053886414,validation
xgboost_unweighted_F4_sprint2_main_seed42_regen_seed2024,XGB_F4,val,3106,2869,hg19,1,0.9045738577842712,0.49377796053886414,validation
xgboost_unweighted_F4_sprint2_main_seed42_regen_seed2024,XGB_F4,val,3107,2869,hg19,1,0.9211848974227905,0.49377796053886414,validation
xgboost_unweighted_F4_sprint2_main_seed42_regen_seed2024,XGB_F4,val,3108,2869,hg19,1,0.8740084171295166,0.49377796053886414,validation
xgboost_unweighted_F4_sprint2_main_seed42_regen_seed2024,XGB_F4,val,3109,2869,hg19,1,0.9115083813667297,0.49377796053886414,validation
xgboost_unweighted_F4_sprint2_main_seed42_regen_seed2024,XGB_F4,val,3110,2869,hg19,1,0.9235180616378784,0.49377796053886414,validation
xgboost_unweighted_F4_sprint2_main_seed42_regen_seed2024,XGB_F4,val,3111,2869,hg19,1,0.9464570879936218,0.49377796053886414,validation
xgboost_unweighted_F4_sprint2_main_seed42_regen_seed2024,XGB_F4,val,3112,2869,hg19,1,0.866372287273407,0.49377796053886414,validation
xgboost_unweighted_F4_sprint2_main_seed42_regen_seed2024,XGB_F4,val,3113,2869,hg19,1,0.8824998140335083,0.49377796053886414,validation
xgboost_unweighted_F4_sprint2_main_seed42_regen_seed2024,XGB_F4,val,3114,2869,hg19,1,0.6847491264343262,0.49377796053886414,validation
xgboost_unweighted_F4_sprint2_main_seed42_regen_seed2024,XGB_F4,val,3115,2869,hg19,1,0.9023314118385315,0.49377796053886414,validation
xgboost_unweighted_F4_sprint2_main_seed42_regen_seed2024,XGB_F4,val,3116,2869,hg19,1,0.8980187773704529,0.49377796053886414,validation
xgboost_unweighted_F4_sprint2_main_seed42_regen_seed2024,XGB_F4,val,3117,2869,hg19,1,0.9066989421844482,0.49377796053886414,validation
xgboost_unweighted_F4_sprint2_main_seed42_regen_seed2024,XGB_F4,val,3118,2869,hg19,1,0.8704699873924255,0.49377796053886414,validation
xgboost_unweighted_F4_sprint2_main_seed42_regen_seed2024,XGB_F4,val,3119,2869,hg19,1,0.8863779902458191,0.49377796053886414,validation
xgboost_unweighted_F4_sprint2_main_seed42_regen_seed2024,XGB_F4,val,3120,2869,hg19,1,0.8974774479866028,0.49377796053886414,validation
xgboost_unweighted_F4_sprint2_main_seed42_regen_seed2024,XGB_F4,val,3121,2869,hg19,1,0.9556331634521484,0.49377796053886414,validation
xgboost_unweighted_F4_sprint2_main_seed42_regen_seed2024,XGB_F4,val,3122,2869,hg19,1,0.9387949705123901,0.49377796053886414,validation
xgboost_unweighted_F4_sprint2_main_seed42_regen_seed2024,XGB_F4,val,3123,2869,hg19,1,0.8410481810569763,0.49377796053886414,validation
xgboost_unweighted_F4_sprint2_main_seed42_regen_seed2024,XGB_F4,val,3124,2869,hg19,1,0.8618952035903931,0.49377796053886414,validation
xgboost_unweighted_F4_sprint2_main_seed42_regen_seed2024,XGB_F4,val,3125,2869,hg19,1,0.9463878870010376,0.49377796053886414,validation
xgboost_unweighted_F4_sprint2_main_seed42_regen_seed2024,XGB_F4,val,3126,2869,hg19,1,0.9265909790992737,0.49377796053886414,validation
xgboost_unweighted_F4_sprint2_main_seed42_regen_seed2024,XGB_F4,val,3127,2869,hg19,1,0.9203169345855713,0.49377796053886414,validation
xgboost_unweighted_F4_sprint2_main_seed42_regen_seed2024,XGB_F4,val,3128,2869,hg19,1,0.9150973558425903,0.49377796053886414,validation
xgboost_unweighted_F4_sprint2_main_seed42_regen_seed2024,XGB_F4,val,3129,2869,hg19,1,0.9072274565696716,0.49377796053886414,validation
xgboost_unweighted_F4_sprint2_main_seed42_regen_seed2024,XGB_F4,val,3130,2869,hg19,1,0.8495513200759888,0.49377796053886414,validation
xgboost_unweighted_F4_sprint2_main_seed42_regen_seed2024,XGB_F4,val,3131,2869,hg19,1,0.9469529390335083,0.49377796053886414,validation
xgboost_unweighted_F4_sprint2_main_seed42_regen_seed2024,XGB_F4,val,3132,2869,hg19,1,0.8763514757156372,0.49377796053886414,validation
xgboost_unweighted_F4_sprint2_main_seed42_regen_seed2024,XGB_F4,val,3133,2869,hg19,1,0.9037081003189087,0.49377796053886414,validation
xgboost_unweighted_F4_sprint2_main_seed42_regen_seed2024,XGB_F4,val,3134,2869,hg19,1,0.9099730253219604,0.49377796053886414,validation
xgboost_unweighted_F4_sprint2_main_seed42_regen_seed2024,XGB_F4,val,3135,2869,hg19,1,0.7848555445671082,0.49377796053886414,validation
xgboost_unweighted_F4_sprint2_main_seed42_regen_seed2024,XGB_F4,val,3136,2869,hg19,1,0.9102078080177307,0.49377796053886414,validation
xgboost_unweighted_F4_sprint2_main_seed42_regen_seed2024,XGB_F4,val,3137,2869,hg19,1,0.9020076394081116,0.49377796053886414,validation
xgboost_unweighted_F4_sprint2_main_seed42_regen_seed2024,XGB_F4,val,3138,2869,hg19,1,0.7984194755554199,0.49377796053886414,validation
xgboost_unweighted_F4_sprint2_main_seed42_regen_seed2024,XGB_F4,val,3139,2869,hg19,1,0.9002386927604675,0.49377796053886414,validation
xgboost_unweighted_F4_sprint2_main_seed42_regen_seed2024,XGB_F4,val,3140,2869,hg19,1,0.893317699432373,0.49377796053886414,validation
xgboost_unweighted_F4_sprint2_main_seed42_regen_seed2024,XGB_F4,val,3141,2869,hg19,1,0.8347557187080383,0.49377796053886414,validation
xgboost_unweighted_F4_sprint2_main_seed42_regen_seed2024,XGB_F4,val,3142,2869,hg19,1,0.8711539506912231,0.49377796053886414,validation
xgboost_unweighted_F4_sprint2_main_seed42_regen_seed2024,XGB_F4,val,3143,2869,hg19,1,0.9105812907218933,0.49377796053886414,validation
xgboost_unweighted_F4_sprint2_main_seed42_regen_seed2024,XGB_F4,val,3144,2869,hg19,1,0.9392303228378296,0.49377796053886414,validation
xgboost_unweighted_F4_sprint2_main_seed42_regen_seed2024,XGB_F4,val,3145,2869,hg19,1,0.8893834948539734,0.49377796053886414,validation
xgboost_unweighted_F4_sprint2_main_seed42_regen_seed2024,XGB_F4,val,3146,2869,hg19,1,0.9461466670036316,0.49377796053886414,validation
xgboost_unweighted_F4_sprint2_main_seed42_regen_seed2024,XGB_F4,val,3147,2869,hg19,1,0.7801080346107483,0.49377796053886414,validation
xgboost_unweighted_F4_sprint2_main_seed42_regen_seed2024,XGB_F4,val,3148,2869,hg19,1,0.9481240510940552,0.49377796053886414,validation
xgboost_unweighted_F4_sprint2_main_seed42_regen_seed2024,XGB_F4,val,3149,2869,hg19,1,0.8717881441116333,0.49377796053886414,validation
xgboost_unweighted_F4_sprint2_main_seed42_regen_seed2024,XGB_F4,val,3150,2869,hg19,1,0.9489558935165405,0.49377796053886414,validation
xgboost_unweighted_F4_sprint2_main_seed42_regen_seed2024,XGB_F4,val,3151,2869,hg19,1,0.9226309657096863,0.49377796053886414,validation
xgboost_unweighted_F4_sprint2_main_seed42_regen_seed2024,XGB_F4,val,3152,2869,hg19,1,0.8314462900161743,0.49377796053886414,validation
xgboost_unweighted_F4_sprint2_main_seed42_regen_seed2024,XGB_F4,val,3153,2869,hg19,1,0.9097804427146912,0.49377796053886414,validation
xgboost_unweighted_F4_sprint2_main_seed42_regen_seed2024,XGB_F4,val,3154,2869,hg19,1,0.8925569653511047,0.49377796053886414,validation
xgboost_unweighted_F4_sprint2_main_seed42_regen_seed2024,XGB_F4,val,3155,2869,hg19,1,0.9010285139083862,0.49377796053886414,validation
xgboost_unweighted_F4_sprint2_main_seed42_regen_seed2024,XGB_F4,val,3156,2869,hg19,1,0.9124770760536194,0.49377796053886414,validation
xgboost_unweighted_F4_sprint2_main_seed42_regen_seed2024,XGB_F4,val,3157,2869,hg19,1,0.9077644944190979,0.49377796053886414,validation
xgboost_unweighted_F4_sprint2_main_seed42_regen_seed2024,XGB_F4,val,3158,2869,hg19,1,0.7314063310623169,0.49377796053886414,validation
xgboost_unweighted_F4_sprint2_main_seed42_regen_seed2024,XGB_F4,val,3159,2869,hg19,1,0.7324749231338501,0.49377796053886414,validation
xgboost_unweighted_F4_sprint2_main_seed42_regen_seed2024,XGB_F4,val,3160,2869,hg19,1,0.8851497769355774,0.49377796053886414,validation
xgboost_unweighted_F4_sprint2_main_seed42_regen_seed2024,XGB_F4,val,3161,2869,hg19,1,0.8864466547966003,0.49377796053886414,validation
xgboost_unweighted_F4_sprint2_main_seed42_regen_seed2024,XGB_F4,val,3162,2869,hg19,1,0.9281245470046997,0.49377796053886414,validation
xgboost_unweighted_F4_sprint2_main_seed42_regen_seed2024,XGB_F4,val,3163,2869,hg19,1,0.9516823887825012,0.49377796053886414,validation
xgboost_unweighted_F4_sprint2_main_seed42_regen_seed2024,XGB_F4,val,3164,2869,hg19,1,0.9215083122253418,0.49377796053886414,validation
xgboost_unweighted_F4_sprint2_main_seed42_regen_seed2024,XGB_F4,val,3165,2869,hg19,1,0.8886849284172058,0.49377796053886414,validation
xgboost_unweighted_F4_sprint2_main_seed42_regen_seed2024,XGB_F4,val,3166,2869,hg19,1,0.8871667385101318,0.49377796053886414,validation
xgboost_unweighted_F4_sprint2_main_seed42_regen_seed2024,XGB_F4,val,3167,2869,hg19,1,0.9107763171195984,0.49377796053886414,validation
xgboost_unweighted_F4_sprint2_main_seed42_regen_seed2024,XGB_F4,val,3168,2869,hg19,1,0.8562412261962891,0.49377796053886414,validation
xgboost_unweighted_F4_sprint2_main_seed42_regen_seed2024,XGB_F4,val,3169,2869,hg19,1,0.8745036721229553,0.49377796053886414,validation
xgboost_unweighted_F4_sprint2_main_seed42_regen_seed2024,XGB_F4,val,3170,2869,hg19,1,0.45824822783470154,0.49377796053886414,validation
xgboost_unweighted_F4_sprint2_main_seed42_regen_seed2024,XGB_F4,val,3171,2869,hg19,1,0.8900375962257385,0.49377796053886414,validation
xgboost_unweighted_F4_sprint2_main_seed42_regen_seed2024,XGB_F4,val,3172,2869,hg19,1,0.9519944787025452,0.49377796053886414,validation
xgboost_unweighted_F4_sprint2_main_seed42_regen_seed2024,XGB_F4,val,3173,2869,hg19,1,0.9033060073852539,0.49377796053886414,validation
xgboost_unweighted_F4_sprint2_main_seed42_regen_seed2024,XGB_F4,val,3174,2869,hg19,1,0.8695617318153381,0.49377796053886414,validation
xgboost_unweighted_F4_sprint2_main_seed42_regen_seed2024,XGB_F4,val,3175,2869,hg19,1,0.9323896169662476,0.49377796053886414,validation
xgboost_unweighted_F4_sprint2_main_seed42_regen_seed2024,XGB_F4,val,3176,2869,hg19,1,0.8701765537261963,0.49377796053886414,validation
xgboost_unweighted_F4_sprint2_main_seed42_regen_seed2024,XGB_F4,val,3177,2869,hg19,1,0.9420477151870728,0.49377796053886414,validation
xgboost_unweighted_F4_sprint2_main_seed42_regen_seed2024,XGB_F4,val,3178,2869,hg19,1,0.7859151363372803,0.49377796053886414,validation
xgboost_unweighted_F4_sprint2_main_seed42_regen_seed2024,XGB_F4,val,3179,2869,hg19,1,0.9109426140785217,0.49377796053886414,validation
xgboost_unweighted_F4_sprint2_main_seed42_regen_seed2024,XGB_F4,val,3180,2869,hg19,1,0.8686309456825256,0.49377796053886414,validation
xgboost_unweighted_F4_sprint2_main_seed42_regen_seed2024,XGB_F4,val,3181,2869,hg19,1,0.895632803440094,0.49377796053886414,validation
xgboost_unweighted_F4_sprint2_main_seed42_regen_seed2024,XGB_F4,val,3182,2869,hg19,1,0.9067174196243286,0.49377796053886414,validation
xgboost_unweighted_F4_sprint2_main_seed42_regen_seed2024,XGB_F4,val,3183,2869,hg19,1,0.9030483961105347,0.49377796053886414,validation
xgboost_unweighted_F4_sprint2_main_seed42_regen_seed2024,XGB_F4,val,3184,2869,hg19,1,0.8728848099708557,0.49377796053886414,validation
xgboost_unweighted_F4_sprint2_main_seed42_regen_seed2024,XGB_F4,val,3185,2869,hg19,1,0.9498296976089478,0.49377796053886414,validation
xgboost_unweighted_F4_sprint2_main_seed42_regen_seed2024,XGB_F4,val,3186,2869,hg19,1,0.9427976608276367,0.49377796053886414,validation
xgboost_unweighted_F4_sprint2_main_seed42_regen_seed2024,XGB_F4,val,3187,2869,hg19,1,0.8655319213867188,0.49377796053886414,validation
xgboost_unweighted_F4_sprint2_main_seed42_regen_seed2024,XGB_F4,val,3188,2869,hg19,1,0.8996239900588989,0.49377796053886414,validation
xgboost_unweighted_F4_sprint2_main_seed42_regen_seed2024,XGB_F4,val,3189,2869,hg19,1,0.8597530722618103,0.49377796053886414,validation
xgboost_unweighted_F4_sprint2_main_seed42_regen_seed2024,XGB_F4,val,3190,2869,hg19,1,0.8271225094795227,0.49377796053886414,validation
xgboost_unweighted_F4_sprint2_main_seed42_regen_seed2024,XGB_F4,val,3191,2869,hg19,1,0.8786883354187012,0.49377796053886414,validation
xgboost_unweighted_F4_sprint2_main_seed42_regen_seed2024,XGB_F4,val,3192,2869,hg19,1,0.8951404094696045,0.49377796053886414,validation
xgboost_unweighted_F4_sprint2_main_seed42_regen_seed2024,XGB_F4,val,3193,2869,hg19,1,0.8562870025634766,0.49377796053886414,validation
xgboost_unweighted_F4_sprint2_main_seed42_regen_seed2024,XGB_F4,val,3194,2869,hg19,1,0.8969851732254028,0.49377796053886414,validation
xgboost_unweighted_F4_sprint2_main_seed42_regen_seed2024,XGB_F4,val,3195,2869,hg19,1,0.9519662857055664,0.49377796053886414,validation
xgboost_unweighted_F4_sprint2_main_seed42_regen_seed2024,XGB_F4,val,3196,2869,hg19,1,0.8868056535720825,0.49377796053886414,validation
xgboost_unweighted_F4_sprint2_main_seed42_regen_seed2024,XGB_F4,val,3197,2869,hg19,1,0.8507065773010254,0.49377796053886414,validation
xgboost_unweighted_F4_sprint2_main_seed42_regen_seed2024,XGB_F4,val,3198,2869,hg19,1,0.9177255630493164,0.49377796053886414,validation
xgboost_unweighted_F4_sprint2_main_seed42_regen_seed2024,XGB_F4,val,3199,2869,hg19,1,0.8698838353157043,0.49377796053886414,validation
xgboost_unweighted_F4_sprint2_main_seed42_regen_seed2024,XGB_F4,val,3200,2869,hg19,1,0.8555854558944702,0.49377796053886414,validation
xgboost_unweighted_F4_sprint2_main_seed42_regen_seed2024,XGB_F4,val,3201,2869,hg19,1,0.9369915723800659,0.49377796053886414,validation
xgboost_unweighted_F4_sprint2_main_seed42_regen_seed2024,XGB_F4,val,3202,2869,hg19,1,0.9619464874267578,0.49377796053886414,validation
xgboost_unweighted_F4_sprint2_main_seed42_regen_seed2024,XGB_F4,val,3203,2869,hg19,1,0.950458288192749,0.49377796053886414,validation
xgboost_unweighted_F4_sprint2_main_seed42_regen_seed2024,XGB_F4,val,3204,2869,hg19,1,0.7905753254890442,0.49377796053886414,validation
xgboost_unweighted_F4_sprint2_main_seed42_regen_seed2024,XGB_F4,val,3205,2869,hg19,1,0.9224575757980347,0.49377796053886414,validation
xgboost_unweighted_F4_sprint2_main_seed42_regen_seed2024,XGB_F4,val,3206,2869,hg19,1,0.8824356198310852,0.49377796053886414,validation
xgboost_unweighted_F4_sprint2_main_seed42_regen_seed2024,XGB_F4,val,3207,2869,hg19,1,0.8737678527832031,0.49377796053886414,validation
xgboost_unweighted_F4_sprint2_main_seed42_regen_seed2024,XGB_F4,val,3208,2869,hg19,1,0.8832056522369385,0.49377796053886414,validation
xgboost_unweighted_F4_sprint2_main_seed42_regen_seed2024,XGB_F4,val,3209,2869,hg19,1,0.6698789596557617,0.49377796053886414,validation
xgboost_unweighted_F4_sprint2_main_seed42_regen_seed2024,XGB_F4,val,3210,2869,hg19,1,0.8019812107086182,0.49377796053886414,validation
xgboost_unweighted_F4_sprint2_main_seed42_regen_seed2024,XGB_F4,val,3211,2869,hg19,1,0.9493445754051208,0.49377796053886414,validation
xgboost_unweighted_F4_sprint2_main_seed42_regen_seed2024,XGB_F4,val,3212,2869,hg19,1,0.8193808197975159,0.49377796053886414,validation
xgboost_unweighted_F4_sprint2_main_seed42_regen_seed2024,XGB_F4,val,3213,2869,hg19,1,0.9073918461799622,0.49377796053886414,validation
xgboost_unweighted_F4_sprint2_main_seed42_regen_seed2024,XGB_F4,val,3214,2869,hg19,1,0.8488222360610962,0.49377796053886414,validation
xgboost_unweighted_F4_sprint2_main_seed42_regen_seed2024,XGB_F4,val,3215,2869,hg19,1,0.8621072769165039,0.49377796053886414,validation
xgboost_unweighted_F4_sprint2_main_seed42_regen_seed2024,XGB_F4,val,3216,2869,hg19,1,0.8881726861000061,0.49377796053886414,validation
xgboost_unweighted_F4_sprint2_main_seed42_regen_seed2024,XGB_F4,val,3217,2869,hg19,1,0.8782281875610352,0.49377796053886414,validation
xgboost_unweighted_F4_sprint2_main_seed42_regen_seed2024,XGB_F4,val,3218,2869,hg19,1,0.9019477963447571,0.49377796053886414,validation
xgboost_unweighted_F4_sprint2_main_seed42_regen_seed2024,XGB_F4,val,3219,2869,hg19,1,0.9015320539474487,0.49377796053886414,validation
xgboost_unweighted_F4_sprint2_main_seed42_regen_seed2024,XGB_F4,val,3220,2869,hg19,1,0.5975431203842163,0.49377796053886414,validation
xgboost_unweighted_F4_sprint2_main_seed42_regen_seed2024,XGB_F4,val,3221,2869,hg19,1,0.9516680240631104,0.49377796053886414,validation
xgboost_unweighted_F4_sprint2_main_seed42_regen_seed2024,XGB_F4,val,3222,2869,hg19,1,0.8644774556159973,0.49377796053886414,validation
xgboost_unweighted_F4_sprint2_main_seed42_regen_seed2024,XGB_F4,val,3223,2869,hg19,1,0.9415162205696106,0.49377796053886414,validation
xgboost_unweighted_F4_sprint2_main_seed42_regen_seed2024,XGB_F4,val,3224,2869,hg19,1,0.8974541425704956,0.49377796053886414,validation
xgboost_unweighted_F4_sprint2_main_seed42_regen_seed2024,XGB_F4,val,3225,2869,hg19,1,0.9115170240402222,0.49377796053886414,validation
xgboost_unweighted_F4_sprint2_main_seed42_regen_seed2024,XGB_F4,val,3226,2869,hg19,1,0.8979558348655701,0.49377796053886414,validation
xgboost_unweighted_F4_sprint2_main_seed42_regen_seed2024,XGB_F4,val,3227,2869,hg19,1,0.9464689493179321,0.49377796053886414,validation
xgboost_unweighted_F4_sprint2_main_seed42_regen_seed2024,XGB_F4,val,3228,2869,hg19,1,0.877998948097229,0.49377796053886414,validation
xgboost_unweighted_F4_sprint2_main_seed42_regen_seed2024,XGB_F4,val,3229,2869,hg19,1,0.8164045214653015,0.49377796053886414,validation
xgboost_unweighted_F4_sprint2_main_seed42_regen_seed2024,XGB_F4,val,3230,2869,hg19,1,0.9075583219528198,0.49377796053886414,validation
xgboost_unweighted_F4_sprint2_main_seed42_regen_seed2024,XGB_F4,val,3231,2869,hg19,1,0.9034681916236877,0.49377796053886414,validation
xgboost_unweighted_F4_sprint2_main_seed42_regen_seed2024,XGB_F4,val,3232,2869,hg19,1,0.8955456018447876,0.49377796053886414,validation
xgboost_unweighted_F4_sprint2_main_seed42_regen_seed2024,XGB_F4,val,3233,2869,hg19,1,0.7578661441802979,0.49377796053886414,validation
xgboost_unweighted_F4_sprint2_main_seed42_regen_seed2024,XGB_F4,val,3234,2869,hg19,1,0.8916292190551758,0.49377796053886414,validation
xgboost_unweighted_F4_sprint2_main_seed42_regen_seed2024,XGB_F4,val,3235,2869,hg19,1,0.9294908046722412,0.49377796053886414,validation
xgboost_unweighted_F4_sprint2_main_seed42_regen_seed2024,XGB_F4,val,3236,2869,hg19,1,0.9531989097595215,0.49377796053886414,validation
xgboost_unweighted_F4_sprint2_main_seed42_regen_seed2024,XGB_F4,val,3237,2869,hg19,1,0.8771167993545532,0.49377796053886414,validation
xgboost_unweighted_F4_sprint2_main_seed42_regen_seed2024,XGB_F4,val,3238,2869,hg19,1,0.9168035984039307,0.49377796053886414,validation
xgboost_unweighted_F4_sprint2_main_seed42_regen_seed2024,XGB_F4,val,3239,2869,hg19,1,0.8664286732673645,0.49377796053886414,validation
xgboost_unweighted_F4_sprint2_main_seed42_regen_seed2024,XGB_F4,val,3240,2869,hg19,1,0.9471746683120728,0.49377796053886414,validation
xgboost_unweighted_F4_sprint2_main_seed42_regen_seed2024,XGB_F4,val,3241,2869,hg19,1,0.8416815400123596,0.49377796053886414,validation
xgboost_unweighted_F4_sprint2_main_seed42_regen_seed2024,XGB_F4,val,3242,2869,hg19,1,0.8636890053749084,0.49377796053886414,validation
xgboost_unweighted_F4_sprint2_main_seed42_regen_seed2024,XGB_F4,val,3243,2869,hg19,1,0.9159193634986877,0.49377796053886414,validation
xgboost_unweighted_F4_sprint2_main_seed42_regen_seed2024,XGB_F4,val,3244,2869,hg19,1,0.8987370133399963,0.49377796053886414,validation
xgboost_unweighted_F4_sprint2_main_seed42_regen_seed2024,XGB_F4,val,3245,2869,hg19,1,0.9227470755577087,0.49377796053886414,validation
xgboost_unweighted_F4_sprint2_main_seed42_regen_seed2024,XGB_F4,val,3246,2869,hg19,1,0.8840140104293823,0.49377796053886414,validation
xgboost_unweighted_F4_sprint2_main_seed42_regen_seed2024,XGB_F4,val,3247,2869,hg19,1,0.7280153632164001,0.49377796053886414,validation
xgboost_unweighted_F4_sprint2_main_seed42_regen_seed2024,XGB_F4,val,3248,2869,hg19,1,0.8928633332252502,0.49377796053886414,validation
xgboost_unweighted_F4_sprint2_main_seed42_regen_seed2024,XGB_F4,val,3249,2869,hg19,1,0.8902665972709656,0.49377796053886414,validation
xgboost_unweighted_F4_sprint2_main_seed42_regen_seed2024,XGB_F4,val,3250,2869,hg19,1,0.8466488718986511,0.49377796053886414,validation
xgboost_unweighted_F4_sprint2_main_seed42_regen_seed2024,XGB_F4,val,3251,2869,hg19,1,0.8844928741455078,0.49377796053886414,validation
xgboost_unweighted_F4_sprint2_main_seed42_regen_seed2024,XGB_F4,val,3252,2869,hg19,1,0.8779749274253845,0.49377796053886414,validation
xgboost_unweighted_F4_sprint2_main_seed42_regen_seed2024,XGB_F4,val,3253,2869,hg19,1,0.903213381767273,0.49377796053886414,validation
xgboost_unweighted_F4_sprint2_main_seed42_regen_seed2024,XGB_F4,val,3254,2869,hg19,1,0.8452407717704773,0.49377796053886414,validation
xgboost_unweighted_F4_sprint2_main_seed42_regen_seed2024,XGB_F4,val,3255,2869,hg19,1,0.7971066236495972,0.49377796053886414,validation
xgboost_unweighted_F4_sprint2_main_seed42_regen_seed2024,XGB_F4,val,3256,2869,hg19,1,0.9011066555976868,0.49377796053886414,validation
xgboost_unweighted_F4_sprint2_main_seed42_regen_seed2024,XGB_F4,val,3257,2869,hg19,1,0.8858296275138855,0.49377796053886414,validation
xgboost_unweighted_F4_sprint2_main_seed42_regen_seed2024,XGB_F4,val,3258,2869,hg19,1,0.8987491130828857,0.49377796053886414,validation
xgboost_unweighted_F4_sprint2_main_seed42_regen_seed2024,XGB_F4,val,3259,2869,hg19,1,0.8377576470375061,0.49377796053886414,validation
xgboost_unweighted_F4_sprint2_main_seed42_regen_seed2024,XGB_F4,val,3260,2869,hg19,1,0.8792193531990051,0.49377796053886414,validation
xgboost_unweighted_F4_sprint2_main_seed42_regen_seed2024,XGB_F4,val,3261,2869,hg19,1,0.9465041756629944,0.49377796053886414,validation
xgboost_unweighted_F4_sprint2_main_seed42_regen_seed2024,XGB_F4,val,3262,2869,hg19,1,0.8852195739746094,0.49377796053886414,validation
xgboost_unweighted_F4_sprint2_main_seed42_regen_seed2024,XGB_F4,val,3263,2869,hg19,1,0.852467954158783,0.49377796053886414,validation
xgboost_unweighted_F4_sprint2_main_seed42_regen_seed2024,XGB_F4,val,3264,2869,hg19,1,0.7509782910346985,0.49377796053886414,validation
xgboost_unweighted_F4_sprint2_main_seed42_regen_seed2024,XGB_F4,val,3866,3866,hg19,1,0.975470244884491,0.49377796053886414,validation
xgboost_unweighted_F4_sprint2_main_seed42_regen_seed2024,XGB_F4,val,3867,3866,hg19,1,0.9740550518035889,0.49377796053886414,validation
xgboost_unweighted_F4_sprint2_main_seed42_regen_seed2024,XGB_F4,val,3868,3866,hg19,1,0.9764729738235474,0.49377796053886414,validation
xgboost_unweighted_F4_sprint2_main_seed42_regen_seed2024,XGB_F4,val,3869,3866,hg19,1,0.9547684192657471,0.49377796053886414,validation
xgboost_unweighted_F4_sprint2_main_seed42_regen_seed2024,XGB_F4,val,3870,3866,hg19,1,0.9503640532493591,0.49377796053886414,validation
xgboost_unweighted_F4_sprint2_main_seed42_regen_seed2024,XGB_F4,val,3871,3866,hg19,1,0.9534922242164612,0.49377796053886414,validation
xgboost_unweighted_F4_sprint2_main_seed42_regen_seed2024,XGB_F4,val,3872,3866,hg19,1,0.8997020721435547,0.49377796053886414,validation
xgboost_unweighted_F4_sprint2_main_seed42_regen_seed2024,XGB_F4,val,3873,3866,hg19,1,0.9669653177261353,0.49377796053886414,validation
xgboost_unweighted_F4_sprint2_main_seed42_regen_seed2024,XGB_F4,val,3874,3866,hg19,1,0.9541572332382202,0.49377796053886414,validation
xgboost_unweighted_F4_sprint2_main_seed42_regen_seed2024,XGB_F4,val,3875,3866,hg19,1,0.9674948453903198,0.49377796053886414,validation
xgboost_unweighted_F4_sprint2_main_seed42_regen_seed2024,XGB_F4,val,3876,3866,hg19,1,0.9509639739990234,0.49377796053886414,validation
xgboost_unweighted_F4_sprint2_main_seed42_regen_seed2024,XGB_F4,val,3877,3866,hg19,1,0.96656733751297,0.49377796053886414,validation
xgboost_unweighted_F4_sprint2_main_seed42_regen_seed2024,XGB_F4,val,3878,3866,hg19,1,0.9615294337272644,0.49377796053886414,validation
xgboost_unweighted_F4_sprint2_main_seed42_regen_seed2024,XGB_F4,val,3879,3866,hg19,1,0.9752900004386902,0.49377796053886414,validation
xgboost_unweighted_F4_sprint2_main_seed42_regen_seed2024,XGB_F4,val,3880,3866,hg19,1,0.9726868271827698,0.49377796053886414,validation
xgboost_unweighted_F4_sprint2_main_seed42_regen_seed2024,XGB_F4,val,3881,3866,hg19,1,0.9619308114051819,0.49377796053886414,validation
xgboost_unweighted_F4_sprint2_main_seed42_regen_seed2024,XGB_F4,val,3882,3866,hg19,1,0.9819778800010681,0.49377796053886414,validation
xgboost_unweighted_F4_sprint2_main_seed42_regen_seed2024,XGB_F4,val,3883,3866,hg19,1,0.9591636061668396,0.49377796053886414,validation
xgboost_unweighted_F4_sprint2_main_seed42_regen_seed2024,XGB_F4,val,3884,3866,hg19,1,0.9756082892417908,0.49377796053886414,validation
xgboost_unweighted_F4_sprint2_main_seed42_regen_seed2024,XGB_F4,val,3885,3866,hg19,1,0.9495919346809387,0.49377796053886414,validation
xgboost_unweighted_F4_sprint2_main_seed42_regen_seed2024,XGB_F4,val,3886,3866,hg19,1,0.9696747660636902,0.49377796053886414,validation
xgboost_unweighted_F4_sprint2_main_seed42_regen_seed2024,XGB_F4,val,3887,3866,hg19,1,0.9752296805381775,0.49377796053886414,validation
xgboost_unweighted_F4_sprint2_main_seed42_regen_seed2024,XGB_F4,val,3888,3866,hg19,1,0.9716328978538513,0.49377796053886414,validation
xgboost_unweighted_F4_sprint2_main_seed42_regen_seed2024,XGB_F4,val,3889,3866,hg19,1,0.9578967094421387,0.49377796053886414,validation
xgboost_unweighted_F4_sprint2_main_seed42_regen_seed2024,XGB_F4,val,3890,3866,hg19,1,0.9765433669090271,0.49377796053886414,validation
xgboost_unweighted_F4_sprint2_main_seed42_regen_seed2024,XGB_F4,val,3891,3866,hg19,1,0.9691527485847473,0.49377796053886414,validation
xgboost_unweighted_F4_sprint2_main_seed42_regen_seed2024,XGB_F4,val,3892,3866,hg19,1,0.9865990877151489,0.49377796053886414,validation
xgboost_unweighted_F4_sprint2_main_seed42_regen_seed2024,XGB_F4,val,3893,3866,hg19,1,0.9595926403999329,0.49377796053886414,validation
xgboost_unweighted_F4_sprint2_main_seed42_regen_seed2024,XGB_F4,val,3894,3866,hg19,1,0.9548072218894958,0.49377796053886414,validation
xgboost_unweighted_F4_sprint2_main_seed42_regen_seed2024,XGB_F4,val,3895,3866,hg19,1,0.9714614152908325,0.49377796053886414,validation
xgboost_unweighted_F4_sprint2_main_seed42_regen_seed2024,XGB_F4,val,3896,3866,hg19,1,0.972003161907196,0.49377796053886414,validation
xgboost_unweighted_F4_sprint2_main_seed42_regen_seed2024,XGB_F4,val,3897,3866,hg19,1,0.9636427164077759,0.49377796053886414,validation
xgboost_unweighted_F4_sprint2_main_seed42_regen_seed2024,XGB_F4,val,3898,3866,hg19,1,0.9779027104377747,0.49377796053886414,validation
xgboost_unweighted_F4_sprint2_main_seed42_regen_seed2024,XGB_F4,val,3899,3866,hg19,1,0.9712904095649719,0.49377796053886414,validation
xgboost_unweighted_F4_sprint2_main_seed42_regen_seed2024,XGB_F4,val,3900,3866,hg19,1,0.9428766965866089,0.49377796053886414,validation
xgboost_unweighted_F4_sprint2_main_seed42_regen_seed2024,XGB_F4,val,3901,3866,hg19,1,0.9665238261222839,0.49377796053886414,validation
xgboost_unweighted_F4_sprint2_main_seed42_regen_seed2024,XGB_F4,val,3902,3866,hg19,1,0.9568871855735779,0.49377796053886414,validation
xgboost_unweighted_F4_sprint2_main_seed42_regen_seed2024,XGB_F4,val,3903,3866,hg19,1,0.9750691652297974,0.49377796053886414,validation
xgboost_unweighted_F4_sprint2_main_seed42_regen_seed2024,XGB_F4,val,3904,3866,hg19,1,0.9719910025596619,0.49377796053886414,validation
xgboost_unweighted_F4_sprint2_main_seed42_regen_seed2024,XGB_F4,val,3905,3866,hg19,1,0.9628511667251587,0.49377796053886414,validation
xgboost_unweighted_F4_sprint2_main_seed42_regen_seed2024,XGB_F4,val,3906,3866,hg19,1,0.9179031848907471,0.49377796053886414,validation
xgboost_unweighted_F4_sprint2_main_seed42_regen_seed2024,XGB_F4,val,3907,3866,hg19,1,0.9572996497154236,0.49377796053886414,validation
xgboost_unweighted_F4_sprint2_main_seed42_regen_seed2024,XGB_F4,val,3908,3866,hg19,1,0.9697684645652771,0.49377796053886414,validation
xgboost_unweighted_F4_sprint2_main_seed42_regen_seed2024,XGB_F4,val,3909,3866,hg19,1,0.9727148413658142,0.49377796053886414,validation
xgboost_unweighted_F4_sprint2_main_seed42_regen_seed2024,XGB_F4,val,3910,3866,hg19,1,0.9717069268226624,0.49377796053886414,validation
xgboost_unweighted_F4_sprint2_main_seed42_regen_seed2024,XGB_F4,val,3911,3866,hg19,1,0.9715754985809326,0.49377796053886414,validation
xgboost_unweighted_F4_sprint2_main_seed42_regen_seed2024,XGB_F4,val,3912,3866,hg19,1,0.9795216917991638,0.49377796053886414,validation
xgboost_unweighted_F4_sprint2_main_seed42_regen_seed2024,XGB_F4,val,3913,3866,hg19,1,0.9650273323059082,0.49377796053886414,validation
xgboost_unweighted_F4_sprint2_main_seed42_regen_seed2024,XGB_F4,val,3914,3866,hg19,1,0.9566321969032288,0.49377796053886414,validation
xgboost_unweighted_F4_sprint2_main_seed42_regen_seed2024,XGB_F4,val,3915,3866,hg19,1,0.9699572324752808,0.49377796053886414,validation
xgboost_unweighted_F4_sprint2_main_seed42_regen_seed2024,XGB_F4,val,3916,3866,hg19,1,0.9223271608352661,0.49377796053886414,validation
xgboost_unweighted_F4_sprint2_main_seed42_regen_seed2024,XGB_F4,val,3917,3866,hg19,1,0.9647259712219238,0.49377796053886414,validation
xgboost_unweighted_F4_sprint2_main_seed42_regen_seed2024,XGB_F4,val,3918,3866,hg19,1,0.9598464965820312,0.49377796053886414,validation
xgboost_unweighted_F4_sprint2_main_seed42_regen_seed2024,XGB_F4,val,3919,3866,hg19,1,0.9601934552192688,0.49377796053886414,validation
xgboost_unweighted_F4_sprint2_main_seed42_regen_seed2024,XGB_F4,val,3920,3866,hg19,1,0.9692186713218689,0.49377796053886414,validation
xgboost_unweighted_F4_sprint2_main_seed42_regen_seed2024,XGB_F4,val,3921,3866,hg19,1,0.9751377701759338,0.49377796053886414,validation
xgboost_unweighted_F4_sprint2_main_seed42_regen_seed2024,XGB_F4,val,3922,3866,hg19,1,0.973323404788971,0.49377796053886414,validation
xgboost_unweighted_F4_sprint2_main_seed42_regen_seed2024,XGB_F4,val,3923,3866,hg19,1,0.96101975440979,0.49377796053886414,validation
xgboost_unweighted_F4_sprint2_main_seed42_regen_seed2024,XGB_F4,val,3924,3866,hg19,1,0.9700098037719727,0.49377796053886414,validation
xgboost_unweighted_F4_sprint2_main_seed42_regen_seed2024,XGB_F4,val,3925,3866,hg19,1,0.9760220646858215,0.49377796053886414,validation
xgboost_unweighted_F4_sprint2_main_seed42_regen_seed2024,XGB_F4,val,3926,3866,hg19,1,0.9650120139122009,0.49377796053886414,validation
xgboost_unweighted_F4_sprint2_main_seed42_regen_seed2024,XGB_F4,val,3927,3866,hg19,1,0.960699737071991,0.49377796053886414,validation
xgboost_unweighted_F4_sprint2_main_seed42_regen_seed2024,XGB_F4,val,3928,3866,hg19,1,0.9740813970565796,0.49377796053886414,validation
xgboost_unweighted_F4_sprint2_main_seed42_regen_seed2024,XGB_F4,val,3929,3866,hg19,1,0.950950562953949,0.49377796053886414,validation
xgboost_unweighted_F4_sprint2_main_seed42_regen_seed2024,XGB_F4,val,3930,3866,hg19,1,0.9710645079612732,0.49377796053886414,validation
xgboost_unweighted_F4_sprint2_main_seed42_regen_seed2024,XGB_F4,val,3931,3866,hg19,1,0.963765025138855,0.49377796053886414,validation
xgboost_unweighted_F4_sprint2_main_seed42_regen_seed2024,XGB_F4,val,7822,7822,hg19,1,0.9888882040977478,0.49377796053886414,validation
xgboost_unweighted_F4_sprint2_main_seed42_regen_seed2024,XGB_F4,val,7823,7822,hg19,1,0.9753333330154419,0.49377796053886414,validation
xgboost_unweighted_F4_sprint2_main_seed42_regen_seed2024,XGB_F4,val,7824,7822,hg19,1,0.9828821420669556,0.49377796053886414,validation
xgboost_unweighted_F4_sprint2_main_seed42_regen_seed2024,XGB_F4,val,7825,7822,hg19,1,0.9624009132385254,0.49377796053886414,validation
xgboost_unweighted_F4_sprint2_main_seed42_regen_seed2024,XGB_F4,val,7826,7822,hg19,1,0.9683380722999573,0.49377796053886414,validation
xgboost_unweighted_F4_sprint2_main_seed42_regen_seed2024,XGB_F4,val,7827,7822,hg19,1,0.897800862789154,0.49377796053886414,validation
xgboost_unweighted_F4_sprint2_main_seed42_regen_seed2024,XGB_F4,val,7828,7822,hg19,1,0.9693658351898193,0.49377796053886414,validation
xgboost_unweighted_F4_sprint2_main_seed42_regen_seed2024,XGB_F4,val,7829,7822,hg19,1,0.9303123950958252,0.49377796053886414,validation
xgboost_unweighted_F4_sprint2_main_seed42_regen_seed2024,XGB_F4,val,7830,7822,hg19,1,0.9588273763656616,0.49377796053886414,validation
xgboost_unweighted_F4_sprint2_main_seed42_regen_seed2024,XGB_F4,val,7831,7822,hg19,1,0.9698359966278076,0.49377796053886414,validation
xgboost_unweighted_F4_sprint2_main_seed42_regen_seed2024,XGB_F4,val,7832,7822,hg19,1,0.9720866084098816,0.49377796053886414,validation
xgboost_unweighted_F4_sprint2_main_seed42_regen_seed2024,XGB_F4,val,7833,7822,hg19,1,0.941110372543335,0.49377796053886414,validation
xgboost_unweighted_F4_sprint2_main_seed42_regen_seed2024,XGB_F4,val,7834,7822,hg19,1,0.964988112449646,0.49377796053886414,validation
xgboost_unweighted_F4_sprint2_main_seed42_regen_seed2024,XGB_F4,val,7835,7822,hg19,1,0.9776421785354614,0.49377796053886414,validation
xgboost_unweighted_F4_sprint2_main_seed42_regen_seed2024,XGB_F4,val,7836,7822,hg19,1,0.974351704120636,0.49377796053886414,validation
xgboost_unweighted_F4_sprint2_main_seed42_regen_seed2024,XGB_F4,val,7837,7822,hg19,1,0.962977945804596,0.49377796053886414,validation
xgboost_unweighted_F4_sprint2_main_seed42_regen_seed2024,XGB_F4,val,7838,7822,hg19,1,0.979375422000885,0.49377796053886414,validation
xgboost_unweighted_F4_sprint2_main_seed42_regen_seed2024,XGB_F4,val,7839,7822,hg19,1,0.9876466989517212,0.49377796053886414,validation
xgboost_unweighted_F4_sprint2_main_seed42_regen_seed2024,XGB_F4,val,7840,7822,hg19,1,0.9641461968421936,0.49377796053886414,validation
xgboost_unweighted_F4_sprint2_main_seed42_regen_seed2024,XGB_F4,val,7841,7822,hg19,1,0.9806744456291199,0.49377796053886414,validation
xgboost_unweighted_F4_sprint2_main_seed42_regen_seed2024,XGB_F4,val,7842,7822,hg19,1,0.9716973900794983,0.49377796053886414,validation
xgboost_unweighted_F4_sprint2_main_seed42_regen_seed2024,XGB_F4,val,7843,7822,hg19,1,0.9712003469467163,0.49377796053886414,validation
xgboost_unweighted_F4_sprint2_main_seed42_regen_seed2024,XGB_F4,val,7844,7822,hg19,1,0.9449588060379028,0.49377796053886414,validation
xgboost_unweighted_F4_sprint2_main_seed42_regen_seed2024,XGB_F4,val,7845,7822,hg19,1,0.9704582095146179,0.49377796053886414,validation
xgboost_unweighted_F4_sprint2_main_seed42_regen_seed2024,XGB_F4,val,7846,7822,hg19,1,0.9554093480110168,0.49377796053886414,validation
xgboost_unweighted_F4_sprint2_main_seed42_regen_seed2024,XGB_F4,val,7847,7822,hg19,1,0.9695608019828796,0.49377796053886414,validation
xgboost_unweighted_F4_sprint2_main_seed42_regen_seed2024,XGB_F4,val,7848,7822,hg19,1,0.9809883832931519,0.49377796053886414,validation
xgboost_unweighted_F4_sprint2_main_seed42_regen_seed2024,XGB_F4,val,7849,7822,hg19,1,0.9774057269096375,0.49377796053886414,validation
xgboost_unweighted_F4_sprint2_main_seed42_regen_seed2024,XGB_F4,val,7850,7822,hg19,1,0.9732175469398499,0.49377796053886414,validation
xgboost_unweighted_F4_sprint2_main_seed42_regen_seed2024,XGB_F4,val,7851,7822,hg19,1,0.9673802852630615,0.49377796053886414,validation
xgboost_unweighted_F4_sprint2_main_seed42_regen_seed2024,XGB_F4,val,7852,7822,hg19,1,0.8962798118591309,0.49377796053886414,validation
xgboost_unweighted_F4_sprint2_main_seed42_regen_seed2024,XGB_F4,val,7853,7822,hg19,1,0.9671392440795898,0.49377796053886414,validation
xgboost_unweighted_F4_sprint2_main_seed42_regen_seed2024,XGB_F4,val,7854,7822,hg19,1,0.9666839838027954,0.49377796053886414,validation
xgboost_unweighted_F4_sprint2_main_seed42_regen_seed2024,XGB_F4,val,7855,7822,hg19,1,0.974956214427948,0.49377796053886414,validation
xgboost_unweighted_F4_sprint2_main_seed42_regen_seed2024,XGB_F4,val,7856,7822,hg19,1,0.9767778515815735,0.49377796053886414,validation
xgboost_unweighted_F4_sprint2_main_seed42_regen_seed2024,XGB_F4,val,7857,7822,hg19,1,0.9755098223686218,0.49377796053886414,validation
xgboost_unweighted_F4_sprint2_main_seed42_regen_seed2024,XGB_F4,val,7858,7822,hg19,1,0.9680559039115906,0.49377796053886414,validation
xgboost_unweighted_F4_sprint2_main_seed42_regen_seed2024,XGB_F4,val,7859,7822,hg19,1,0.9509307742118835,0.49377796053886414,validation
xgboost_unweighted_F4_sprint2_main_seed42_regen_seed2024,XGB_F4,val,7860,7822,hg19,1,0.9870878458023071,0.49377796053886414,validation
xgboost_unweighted_F4_sprint2_main_seed42_regen_seed2024,XGB_F4,val,7861,7822,hg19,1,0.9634529948234558,0.49377796053886414,validation
xgboost_unweighted_F4_sprint2_main_seed42_regen_seed2024,XGB_F4,val,7862,7822,hg19,1,0.9561269879341125,0.49377796053886414,validation
xgboost_unweighted_F4_sprint2_main_seed42_regen_seed2024,XGB_F4,val,7863,7822,hg19,1,0.94694584608078,0.49377796053886414,validation
xgboost_unweighted_F4_sprint2_main_seed42_regen_seed2024,XGB_F4,val,7864,7822,hg19,1,0.9692363739013672,0.49377796053886414,validation
xgboost_unweighted_F4_sprint2_main_seed42_regen_seed2024,XGB_F4,val,7865,7822,hg19,1,0.9680036306381226,0.49377796053886414,validation
xgboost_unweighted_F4_sprint2_main_seed42_regen_seed2024,XGB_F4,val,7866,7822,hg19,1,0.9690505266189575,0.49377796053886414,validation
xgboost_unweighted_F4_sprint2_main_seed42_regen_seed2024,XGB_F4,val,7867,7822,hg19,1,0.953040599822998,0.49377796053886414,validation
xgboost_unweighted_F4_sprint2_main_seed42_regen_seed2024,XGB_F4,val,7868,7822,hg19,1,0.973337709903717,0.49377796053886414,validation
xgboost_unweighted_F4_sprint2_main_seed42_regen_seed2024,XGB_F4,val,7869,7822,hg19,1,0.960904598236084,0.49377796053886414,validation
xgboost_unweighted_F4_sprint2_main_seed42_regen_seed2024,XGB_F4,val,7870,7822,hg19,1,0.9669956564903259,0.49377796053886414,validation
xgboost_unweighted_F4_sprint2_main_seed42_regen_seed2024,XGB_F4,val,7871,7822,hg19,1,0.9584269523620605,0.49377796053886414,validation
xgboost_unweighted_F4_sprint2_main_seed42_regen_seed2024,XGB_F4,val,7872,7822,hg19,1,0.9038932919502258,0.49377796053886414,validation
xgboost_unweighted_F4_sprint2_main_seed42_regen_seed2024,XGB_F4,val,7873,7822,hg19,1,0.9800792336463928,0.49377796053886414,validation
xgboost_unweighted_F4_sprint2_main_seed42_regen_seed2024,XGB_F4,val,7874,7822,hg19,1,0.973594605922699,0.49377796053886414,validation
xgboost_unweighted_F4_sprint2_main_seed42_regen_seed2024,XGB_F4,val,7875,7822,hg19,1,0.979558527469635,0.49377796053886414,validation
xgboost_unweighted_F4_sprint2_main_seed42_regen_seed2024,XGB_F4,val,7876,7822,hg19,1,0.9546812772750854,0.49377796053886414,validation
xgboost_unweighted_F4_sprint2_main_seed42_regen_seed2024,XGB_F4,val,7877,7822,hg19,1,0.917032778263092,0.49377796053886414,validation
xgboost_unweighted_F4_sprint2_main_seed42_regen_seed2024,XGB_F4,val,7878,7822,hg19,1,0.9660394191741943,0.49377796053886414,validation
xgboost_unweighted_F4_sprint2_main_seed42_regen_seed2024,XGB_F4,val,7879,7822,hg19,1,0.9692742228507996,0.49377796053886414,validation
xgboost_unweighted_F4_sprint2_main_seed42_regen_seed2024,XGB_F4,val,7880,7822,hg19,1,0.9660695791244507,0.49377796053886414,validation
xgboost_unweighted_F4_sprint2_main_seed42_regen_seed2024,XGB_F4,val,7881,7822,hg19,1,0.9583247900009155,0.49377796053886414,validation
xgboost_unweighted_F4_sprint2_main_seed42_regen_seed2024,XGB_F4,val,7882,7822,hg19,1,0.9589132070541382,0.49377796053886414,validation
xgboost_unweighted_F4_sprint2_main_seed42_regen_seed2024,XGB_F4,val,7883,7822,hg19,1,0.9529236555099487,0.49377796053886414,validation
xgboost_unweighted_F4_sprint2_main_seed42_regen_seed2024,XGB_F4,val,7884,7822,hg19,1,0.9566745162010193,0.49377796053886414,validation
xgboost_unweighted_F4_sprint2_main_seed42_regen_seed2024,XGB_F4,val,7885,7822,hg19,1,0.9770696759223938,0.49377796053886414,validation
xgboost_unweighted_F4_sprint2_main_seed42_regen_seed2024,XGB_F4,val,7886,7822,hg19,1,0.9575613737106323,0.49377796053886414,validation
xgboost_unweighted_F4_sprint2_main_seed42_regen_seed2024,XGB_F4,val,7887,7822,hg19,1,0.978217363357544,0.49377796053886414,validation
xgboost_unweighted_F4_sprint2_main_seed42_regen_seed2024,XGB_F4,val,7888,7822,hg19,1,0.9755153656005859,0.49377796053886414,validation
xgboost_unweighted_F4_sprint2_main_seed42_regen_seed2024,XGB_F4,val,7889,7822,hg19,1,0.9728488326072693,0.49377796053886414,validation
xgboost_unweighted_F4_sprint2_main_seed42_regen_seed2024,XGB_F4,val,7890,7822,hg19,1,0.9585759043693542,0.49377796053886414,validation
xgboost_unweighted_F4_sprint2_main_seed42_regen_seed2024,XGB_F4,val,7891,7822,hg19,1,0.9571851491928101,0.49377796053886414,validation
xgboost_unweighted_F4_sprint2_main_seed42_regen_seed2024,XGB_F4,val,7892,7822,hg19,1,0.9531376957893372,0.49377796053886414,validation
xgboost_unweighted_F4_sprint2_main_seed42_regen_seed2024,XGB_F4,val,7893,7822,hg19,1,0.9655625820159912,0.49377796053886414,validation
xgboost_unweighted_F4_sprint2_main_seed42_regen_seed2024,XGB_F4,val,7894,7822,hg19,1,0.9744345545768738,0.49377796053886414,validation
xgboost_unweighted_F4_sprint2_main_seed42_regen_seed2024,XGB_F4,val,7895,7822,hg19,1,0.9801428914070129,0.49377796053886414,validation
xgboost_unweighted_F4_sprint2_main_seed42_regen_seed2024,XGB_F4,val,7896,7822,hg19,1,0.9611623883247375,0.49377796053886414,validation
xgboost_unweighted_F4_sprint2_main_seed42_regen_seed2024,XGB_F4,val,7897,7822,hg19,1,0.9696290493011475,0.49377796053886414,validation
xgboost_unweighted_F4_sprint2_main_seed42_regen_seed2024,XGB_F4,val,7898,7822,hg19,1,0.9640132188796997,0.49377796053886414,validation
xgboost_unweighted_F4_sprint2_main_seed42_regen_seed2024,XGB_F4,val,7899,7822,hg19,1,0.9680591225624084,0.49377796053886414,validation
xgboost_unweighted_F4_sprint2_main_seed42_regen_seed2024,XGB_F4,val,7900,7822,hg19,1,0.9635385274887085,0.49377796053886414,validation
xgboost_unweighted_F4_sprint2_main_seed42_regen_seed2024,XGB_F4,val,7901,7822,hg19,1,0.9561205506324768,0.49377796053886414,validation
xgboost_unweighted_F4_sprint2_main_seed42_regen_seed2024,XGB_F4,val,7902,7822,hg19,1,0.9875229001045227,0.49377796053886414,validation
xgboost_unweighted_F4_sprint2_main_seed42_regen_seed2024,XGB_F4,val,7903,7822,hg19,1,0.9551011919975281,0.49377796053886414,validation
xgboost_unweighted_F4_sprint2_main_seed42_regen_seed2024,XGB_F4,val,7904,7822,hg19,1,0.9632380604743958,0.49377796053886414,validation
xgboost_unweighted_F4_sprint2_main_seed42_regen_seed2024,XGB_F4,val,7905,7822,hg19,1,0.9060414433479309,0.49377796053886414,validation
xgboost_unweighted_F4_sprint2_main_seed42_regen_seed2024,XGB_F4,val,7906,7822,hg19,1,0.9842959642410278,0.49377796053886414,validation
xgboost_unweighted_F4_sprint2_main_seed42_regen_seed2024,XGB_F4,val,7907,7822,hg19,1,0.9778182506561279,0.49377796053886414,validation
xgboost_unweighted_F4_sprint2_main_seed42_regen_seed2024,XGB_F4,val,7908,7822,hg19,1,0.957345724105835,0.49377796053886414,validation
xgboost_unweighted_F4_sprint2_main_seed42_regen_seed2024,XGB_F4,val,7909,7822,hg19,1,0.9676893949508667,0.49377796053886414,validation
xgboost_unweighted_F4_sprint2_main_seed42_regen_seed2024,XGB_F4,val,7910,7822,hg19,1,0.9673765897750854,0.49377796053886414,validation
xgboost_unweighted_F4_sprint2_main_seed42_regen_seed2024,XGB_F4,val,7911,7822,hg19,1,0.9689430594444275,0.49377796053886414,validation
xgboost_unweighted_F4_sprint2_main_seed42_regen_seed2024,XGB_F4,val,7912,7822,hg19,1,0.9645597338676453,0.49377796053886414,validation
xgboost_unweighted_F4_sprint2_main_seed42_regen_seed2024,XGB_F4,val,7913,7822,hg19,1,0.9727752804756165,0.49377796053886414,validation
xgboost_unweighted_F4_sprint2_main_seed42_regen_seed2024,XGB_F4,val,7914,7822,hg19,1,0.9597169756889343,0.49377796053886414,validation
xgboost_unweighted_F4_sprint2_main_seed42_regen_seed2024,XGB_F4,val,7915,7822,hg19,1,0.9580814838409424,0.49377796053886414,validation
xgboost_unweighted_F4_sprint2_main_seed42_regen_seed2024,XGB_F4,val,7916,7822,hg19,1,0.969544529914856,0.49377796053886414,validation
xgboost_unweighted_F4_sprint2_main_seed42_regen_seed2024,XGB_F4,val,7917,7822,hg19,1,0.96290123462677,0.49377796053886414,validation
xgboost_unweighted_F4_sprint2_main_seed42_regen_seed2024,XGB_F4,val,7918,7822,hg19,1,0.9563236236572266,0.49377796053886414,validation
xgboost_unweighted_F4_sprint2_main_seed42_regen_seed2024,XGB_F4,val,7919,7822,hg19,1,0.968105137348175,0.49377796053886414,validation
xgboost_unweighted_F4_sprint2_main_seed42_regen_seed2024,XGB_F4,val,7920,7822,hg19,1,0.9796345829963684,0.49377796053886414,validation
xgboost_unweighted_F4_sprint2_main_seed42_regen_seed2024,XGB_F4,val,7921,7822,hg19,1,0.9605039954185486,0.49377796053886414,validation
xgboost_unweighted_F4_sprint2_main_seed42_regen_seed2024,XGB_F4,val,7922,7822,hg19,1,0.9721617698669434,0.49377796053886414,validation
xgboost_unweighted_F4_sprint2_main_seed42_regen_seed2024,XGB_F4,val,7923,7822,hg19,1,0.9745758175849915,0.49377796053886414,validation
xgboost_unweighted_F4_sprint2_main_seed42_regen_seed2024,XGB_F4,val,7924,7822,hg19,1,0.971704363822937,0.49377796053886414,validation
xgboost_unweighted_F4_sprint2_main_seed42_regen_seed2024,XGB_F4,val,7925,7822,hg19,1,0.8736488223075867,0.49377796053886414,validation
xgboost_unweighted_F4_sprint2_main_seed42_regen_seed2024,XGB_F4,val,7926,7822,hg19,1,0.9630812406539917,0.49377796053886414,validation
xgboost_unweighted_F4_sprint2_main_seed42_regen_seed2024,XGB_F4,val,7927,7822,hg19,1,0.9489402174949646,0.49377796053886414,validation
xgboost_unweighted_F4_sprint2_main_seed42_regen_seed2024,XGB_F4,val,7928,7822,hg19,1,0.9749649167060852,0.49377796053886414,validation
xgboost_unweighted_F4_sprint2_main_seed42_regen_seed2024,XGB_F4,val,7929,7822,hg19,1,0.9739950299263,0.49377796053886414,validation
xgboost_unweighted_F4_sprint2_main_seed42_regen_seed2024,XGB_F4,val,7930,7822,hg19,1,0.9695169925689697,0.49377796053886414,validation
xgboost_unweighted_F4_sprint2_main_seed42_regen_seed2024,XGB_F4,val,7931,7822,hg19,1,0.9090555310249329,0.49377796053886414,validation
xgboost_unweighted_F4_sprint2_main_seed42_regen_seed2024,XGB_F4,val,7932,7822,hg19,1,0.9637041687965393,0.49377796053886414,validation
xgboost_unweighted_F4_sprint2_main_seed42_regen_seed2024,XGB_F4,val,7933,7822,hg19,1,0.9575620889663696,0.49377796053886414,validation
xgboost_unweighted_F4_sprint2_main_seed42_regen_seed2024,XGB_F4,val,7934,7822,hg19,1,0.9553934931755066,0.49377796053886414,validation
xgboost_unweighted_F4_sprint2_main_seed42_regen_seed2024,XGB_F4,val,7935,7822,hg19,1,0.9688359498977661,0.49377796053886414,validation
xgboost_unweighted_F4_sprint2_main_seed42_regen_seed2024,XGB_F4,val,7936,7822,hg19,1,0.9558711051940918,0.49377796053886414,validation
xgboost_unweighted_F4_sprint2_main_seed42_regen_seed2024,XGB_F4,val,7937,7822,hg19,1,0.975894570350647,0.49377796053886414,validation
xgboost_unweighted_F4_sprint2_main_seed42_regen_seed2024,XGB_F4,val,7938,7822,hg19,1,0.9715245366096497,0.49377796053886414,validation
xgboost_unweighted_F4_sprint2_main_seed42_regen_seed2024,XGB_F4,val,7939,7822,hg19,1,0.9589805006980896,0.49377796053886414,validation
xgboost_unweighted_F4_sprint2_main_seed42_regen_seed2024,XGB_F4,val,7940,7822,hg19,1,0.9612097144126892,0.49377796053886414,validation
xgboost_unweighted_F4_sprint2_main_seed42_regen_seed2024,XGB_F4,val,7941,7822,hg19,1,0.9682406783103943,0.49377796053886414,validation
xgboost_unweighted_F4_sprint2_main_seed42_regen_seed2024,XGB_F4,val,7942,7822,hg19,1,0.9780130982398987,0.49377796053886414,validation
xgboost_unweighted_F4_sprint2_main_seed42_regen_seed2024,XGB_F4,val,7943,7822,hg19,1,0.9604071378707886,0.49377796053886414,validation
xgboost_unweighted_F4_sprint2_main_seed42_regen_seed2024,XGB_F4,val,7944,7822,hg19,1,0.9684658646583557,0.49377796053886414,validation
xgboost_unweighted_F4_sprint2_main_seed42_regen_seed2024,XGB_F4,val,7945,7822,hg19,1,0.9650872945785522,0.49377796053886414,validation
xgboost_unweighted_F4_sprint2_main_seed42_regen_seed2024,XGB_F4,val,7946,7822,hg19,1,0.9752857089042664,0.49377796053886414,validation
xgboost_unweighted_F4_sprint2_main_seed42_regen_seed2024,XGB_F4,val,7947,7822,hg19,1,0.9726366400718689,0.49377796053886414,validation
xgboost_unweighted_F4_sprint2_main_seed42_regen_seed2024,XGB_F4,val,7948,7822,hg19,1,0.9680712819099426,0.49377796053886414,validation
xgboost_unweighted_F4_sprint2_main_seed42_regen_seed2024,XGB_F4,val,7949,7822,hg19,1,0.9635497331619263,0.49377796053886414,validation
xgboost_unweighted_F4_sprint2_main_seed42_regen_seed2024,XGB_F4,val,7950,7822,hg19,1,0.9758928418159485,0.49377796053886414,validation
xgboost_unweighted_F4_sprint2_main_seed42_regen_seed2024,XGB_F4,val,7951,7822,hg19,1,0.9719569683074951,0.49377796053886414,validation
xgboost_unweighted_F4_sprint2_main_seed42_regen_seed2024,XGB_F4,val,7952,7822,hg19,1,0.9654819369316101,0.49377796053886414,validation
xgboost_unweighted_F4_sprint2_main_seed42_regen_seed2024,XGB_F4,val,7953,7822,hg19,1,0.9729620218276978,0.49377796053886414,validation
xgboost_unweighted_F4_sprint2_main_seed42_regen_seed2024,XGB_F4,val,7954,7822,hg19,1,0.9821900129318237,0.49377796053886414,validation
xgboost_unweighted_F4_sprint2_main_seed42_regen_seed2024,XGB_F4,val,7955,7822,hg19,1,0.9587496519088745,0.49377796053886414,validation
xgboost_unweighted_F4_sprint2_main_seed42_regen_seed2024,XGB_F4,val,7956,7822,hg19,1,0.9666065573692322,0.49377796053886414,validation
xgboost_unweighted_F4_sprint2_main_seed42_regen_seed2024,XGB_F4,val,7957,7822,hg19,1,0.9825000762939453,0.49377796053886414,validation
xgboost_unweighted_F4_sprint2_main_seed42_regen_seed2024,XGB_F4,val,7958,7822,hg19,1,0.9580123424530029,0.49377796053886414,validation
xgboost_unweighted_F4_sprint2_main_seed42_regen_seed2024,XGB_F4,val,7959,7822,hg19,1,0.9864018559455872,0.49377796053886414,validation
xgboost_unweighted_F4_sprint2_main_seed42_regen_seed2024,XGB_F4,val,7960,7822,hg19,1,0.9639085531234741,0.49377796053886414,validation
xgboost_unweighted_F4_sprint2_main_seed42_regen_seed2024,XGB_F4,val,7961,7822,hg19,1,0.9529971480369568,0.49377796053886414,validation
xgboost_unweighted_F4_sprint2_main_seed42_regen_seed2024,XGB_F4,val,7962,7822,hg19,1,0.9487539529800415,0.49377796053886414,validation
xgboost_unweighted_F4_sprint2_main_seed42_regen_seed2024,XGB_F4,val,7963,7822,hg19,1,0.9782106280326843,0.49377796053886414,validation
xgboost_unweighted_F4_sprint2_main_seed42_regen_seed2024,XGB_F4,val,7964,7822,hg19,1,0.9337354898452759,0.49377796053886414,validation
xgboost_unweighted_F4_sprint2_main_seed42_regen_seed2024,XGB_F4,val,7965,7822,hg19,1,0.969691276550293,0.49377796053886414,validation
xgboost_unweighted_F4_sprint2_main_seed42_regen_seed2024,XGB_F4,val,7966,7822,hg19,1,0.9727351069450378,0.49377796053886414,validation
xgboost_unweighted_F4_sprint2_main_seed42_regen_seed2024,XGB_F4,val,7967,7822,hg19,1,0.9743597507476807,0.49377796053886414,validation
xgboost_unweighted_F4_sprint2_main_seed42_regen_seed2024,XGB_F4,val,7968,7822,hg19,1,0.9663571119308472,0.49377796053886414,validation
xgboost_unweighted_F4_sprint2_main_seed42_regen_seed2024,XGB_F4,val,7969,7822,hg19,1,0.9596102833747864,0.49377796053886414,validation
xgboost_unweighted_F4_sprint2_main_seed42_regen_seed2024,XGB_F4,val,7970,7822,hg19,1,0.9807131290435791,0.49377796053886414,validation
xgboost_unweighted_F4_sprint2_main_seed42_regen_seed2024,XGB_F4,val,7971,7822,hg19,1,0.9665077924728394,0.49377796053886414,validation
xgboost_unweighted_F4_sprint2_main_seed42_regen_seed2024,XGB_F4,val,7972,7822,hg19,1,0.9529637098312378,0.49377796053886414,validation
xgboost_unweighted_F4_sprint2_main_seed42_regen_seed2024,XGB_F4,val,7973,7822,hg19,1,0.955845057964325,0.49377796053886414,validation
xgboost_unweighted_F4_sprint2_main_seed42_regen_seed2024,XGB_F4,val,7974,7822,hg19,1,0.9442470073699951,0.49377796053886414,validation
xgboost_unweighted_F4_sprint2_main_seed42_regen_seed2024,XGB_F4,val,7975,7822,hg19,1,0.9770104885101318,0.49377796053886414,validation
xgboost_unweighted_F4_sprint2_main_seed42_regen_seed2024,XGB_F4,val,7976,7822,hg19,1,0.9517788887023926,0.49377796053886414,validation
xgboost_unweighted_F4_sprint2_main_seed42_regen_seed2024,XGB_F4,val,7977,7822,hg19,1,0.9695001840591431,0.49377796053886414,validation
xgboost_unweighted_F4_sprint2_main_seed42_regen_seed2024,XGB_F4,val,7978,7822,hg19,1,0.98154217004776,0.49377796053886414,validation
xgboost_unweighted_F4_sprint2_main_seed42_regen_seed2024,XGB_F4,val,7979,7822,hg19,1,0.9648141860961914,0.49377796053886414,validation
xgboost_unweighted_F4_sprint2_main_seed42_regen_seed2024,XGB_F4,val,7980,7822,hg19,1,0.9721114039421082,0.49377796053886414,validation
xgboost_unweighted_F4_sprint2_main_seed42_regen_seed2024,XGB_F4,val,7981,7822,hg19,1,0.9751449227333069,0.49377796053886414,validation
xgboost_unweighted_F4_sprint2_main_seed42_regen_seed2024,XGB_F4,val,7982,7822,hg19,1,0.9549087882041931,0.49377796053886414,validation
xgboost_unweighted_F4_sprint2_main_seed42_regen_seed2024,XGB_F4,val,7983,7822,hg19,1,0.9602104425430298,0.49377796053886414,validation
xgboost_unweighted_F4_sprint2_main_seed42_regen_seed2024,XGB_F4,val,7984,7822,hg19,1,0.9635989665985107,0.49377796053886414,validation
xgboost_unweighted_F4_sprint2_main_seed42_regen_seed2024,XGB_F4,val,7985,7822,hg19,1,0.9563508033752441,0.49377796053886414,validation
xgboost_unweighted_F4_sprint2_main_seed42_regen_seed2024,XGB_F4,val,7986,7822,hg19,1,0.9619794487953186,0.49377796053886414,validation
xgboost_unweighted_F4_sprint2_main_seed42_regen_seed2024,XGB_F4,val,7987,7822,hg19,1,0.97368985414505,0.49377796053886414,validation
xgboost_unweighted_F4_sprint2_main_seed42_regen_seed2024,XGB_F4,val,7988,7822,hg19,1,0.9619994163513184,0.49377796053886414,validation
xgboost_unweighted_F4_sprint2_main_seed42_regen_seed2024,XGB_F4,val,7989,7822,hg19,1,0.9764260649681091,0.49377796053886414,validation
xgboost_unweighted_F4_sprint2_main_seed42_regen_seed2024,XGB_F4,val,7990,7822,hg19,1,0.9627232551574707,0.49377796053886414,validation
xgboost_unweighted_F4_sprint2_main_seed42_regen_seed2024,XGB_F4,val,7991,7822,hg19,1,0.9655308127403259,0.49377796053886414,validation
xgboost_unweighted_F4_sprint2_main_seed42_regen_seed2024,XGB_F4,val,7992,7822,hg19,1,0.962418794631958,0.49377796053886414,validation
xgboost_unweighted_F4_sprint2_main_seed42_regen_seed2024,XGB_F4,val,7993,7822,hg19,1,0.957448422908783,0.49377796053886414,validation
xgboost_unweighted_F4_sprint2_main_seed42_regen_seed2024,XGB_F4,val,7994,7822,hg19,1,0.9743312001228333,0.49377796053886414,validation
xgboost_unweighted_F4_sprint2_main_seed42_regen_seed2024,XGB_F4,val,7995,7822,hg19,1,0.9629771709442139,0.49377796053886414,validation
xgboost_unweighted_F4_sprint2_main_seed42_regen_seed2024,XGB_F4,val,7996,7822,hg19,1,0.9609560370445251,0.49377796053886414,validation
xgboost_unweighted_F4_sprint2_main_seed42_regen_seed2024,XGB_F4,val,7997,7822,hg19,1,0.9652359485626221,0.49377796053886414,validation
xgboost_unweighted_F4_sprint2_main_seed42_regen_seed2024,XGB_F4,val,7998,7822,hg19,1,0.953544020652771,0.49377796053886414,validation
xgboost_unweighted_F4_sprint2_main_seed42_regen_seed2024,XGB_F4,val,7999,7822,hg19,1,0.9848091006278992,0.49377796053886414,validation
xgboost_unweighted_F4_sprint2_main_seed42_regen_seed2024,XGB_F4,val,8000,7822,hg19,1,0.9635645747184753,0.49377796053886414,validation
xgboost_unweighted_F4_sprint2_main_seed42_regen_seed2024,XGB_F4,val,8001,7822,hg19,1,0.9655318260192871,0.49377796053886414,validation
xgboost_unweighted_F4_sprint2_main_seed42_regen_seed2024,XGB_F4,val,8002,7822,hg19,1,0.9602379202842712,0.49377796053886414,validation
xgboost_unweighted_F4_sprint2_main_seed42_regen_seed2024,XGB_F4,val,8003,7822,hg19,1,0.955931544303894,0.49377796053886414,validation
xgboost_unweighted_F4_sprint2_main_seed42_regen_seed2024,XGB_F4,val,8004,7822,hg19,1,0.9529163241386414,0.49377796053886414,validation
xgboost_unweighted_F4_sprint2_main_seed42_regen_seed2024,XGB_F4,val,8005,7822,hg19,1,0.9739478826522827,0.49377796053886414,validation
xgboost_unweighted_F4_sprint2_main_seed42_regen_seed2024,XGB_F4,val,8006,7822,hg19,1,0.9791092872619629,0.49377796053886414,validation
xgboost_unweighted_F4_sprint2_main_seed42_regen_seed2024,XGB_F4,val,8007,7822,hg19,1,0.9734619855880737,0.49377796053886414,validation
xgboost_unweighted_F4_sprint2_main_seed42_regen_seed2024,XGB_F4,val,8008,7822,hg19,1,0.9661218523979187,0.49377796053886414,validation
xgboost_unweighted_F4_sprint2_main_seed42_regen_seed2024,XGB_F4,val,8009,7822,hg19,1,0.9703578948974609,0.49377796053886414,validation
xgboost_unweighted_F4_sprint2_main_seed42_regen_seed2024,XGB_F4,val,8010,7822,hg19,1,0.978861391544342,0.49377796053886414,validation
xgboost_unweighted_F4_sprint2_main_seed42_regen_seed2024,XGB_F4,val,8011,7822,hg19,1,0.9610422253608704,0.49377796053886414,validation
xgboost_unweighted_F4_sprint2_main_seed42_regen_seed2024,XGB_F4,val,8012,7822,hg19,1,0.9536303877830505,0.49377796053886414,validation
xgboost_unweighted_F4_sprint2_main_seed42_regen_seed2024,XGB_F4,val,8013,7822,hg19,1,0.9701424241065979,0.49377796053886414,validation
xgboost_unweighted_F4_sprint2_main_seed42_regen_seed2024,XGB_F4,val,8014,7822,hg19,1,0.9770833253860474,0.49377796053886414,validation
xgboost_unweighted_F4_sprint2_main_seed42_regen_seed2024,XGB_F4,val,8015,7822,hg19,1,0.9762685298919678,0.49377796053886414,validation
xgboost_unweighted_F4_sprint2_main_seed42_regen_seed2024,XGB_F4,val,8016,7822,hg19,1,0.9573723077774048,0.49377796053886414,validation
xgboost_unweighted_F4_sprint2_main_seed42_regen_seed2024,XGB_F4,val,8017,7822,hg19,1,0.9632301926612854,0.49377796053886414,validation
xgboost_unweighted_F4_sprint2_main_seed42_regen_seed2024,XGB_F4,val,8018,7822,hg19,1,0.9729076027870178,0.49377796053886414,validation
xgboost_unweighted_F4_sprint2_main_seed42_regen_seed2024,XGB_F4,val,8019,7822,hg19,1,0.9653218388557434,0.49377796053886414,validation
xgboost_unweighted_F4_sprint2_main_seed42_regen_seed2024,XGB_F4,val,8020,7822,hg19,1,0.9593668580055237,0.49377796053886414,validation
xgboost_unweighted_F4_sprint2_main_seed42_regen_seed2024,XGB_F4,val,8021,7822,hg19,1,0.960811197757721,0.49377796053886414,validation
xgboost_unweighted_F4_sprint2_main_seed42_regen_seed2024,XGB_F4,val,8022,7822,hg19,1,0.9568784832954407,0.49377796053886414,validation
xgboost_unweighted_F4_sprint2_main_seed42_regen_seed2024,XGB_F4,val,8023,7822,hg19,1,0.9758954644203186,0.49377796053886414,validation
xgboost_unweighted_F4_sprint2_main_seed42_regen_seed2024,XGB_F4,val,8024,7822,hg19,1,0.9525086879730225,0.49377796053886414,validation
xgboost_unweighted_F4_sprint2_main_seed42_regen_seed2024,XGB_F4,val,8025,7822,hg19,1,0.9671047925949097,0.49377796053886414,validation
xgboost_unweighted_F4_sprint2_main_seed42_regen_seed2024,XGB_F4,val,8026,7822,hg19,1,0.9762226343154907,0.49377796053886414,validation
xgboost_unweighted_F4_sprint2_main_seed42_regen_seed2024,XGB_F4,val,8027,7822,hg19,1,0.9574541449546814,0.49377796053886414,validation
xgboost_unweighted_F4_sprint2_main_seed42_regen_seed2024,XGB_F4,val,8028,7822,hg19,1,0.9676098227500916,0.49377796053886414,validation
xgboost_unweighted_F4_sprint2_main_seed42_regen_seed2024,XGB_F4,val,8029,7822,hg19,1,0.9681564569473267,0.49377796053886414,validation
xgboost_unweighted_F4_sprint2_main_seed42_regen_seed2024,XGB_F4,val,8030,7822,hg19,1,0.9649749398231506,0.49377796053886414,validation
xgboost_unweighted_F4_sprint2_main_seed42_regen_seed2024,XGB_F4,val,8031,7822,hg19,1,0.9623585343360901,0.49377796053886414,validation
xgboost_unweighted_F4_sprint2_main_seed42_regen_seed2024,XGB_F4,val,8032,7822,hg19,1,0.9571008682250977,0.49377796053886414,validation
xgboost_unweighted_F4_sprint2_main_seed42_regen_seed2024,XGB_F4,val,8033,7822,hg19,1,0.9483035802841187,0.49377796053886414,validation
xgboost_unweighted_F4_sprint2_main_seed42_regen_seed2024,XGB_F4,val,8034,7822,hg19,1,0.9486661553382874,0.49377796053886414,validation
xgboost_unweighted_F4_sprint2_main_seed42_regen_seed2024,XGB_F4,val,8035,7822,hg19,1,0.9671115875244141,0.49377796053886414,validation
xgboost_unweighted_F4_sprint2_main_seed42_regen_seed2024,XGB_F4,val,8036,7822,hg19,1,0.521523654460907,0.49377796053886414,validation
xgboost_unweighted_F4_sprint2_main_seed42_regen_seed2024,XGB_F4,val,8037,7822,hg19,1,0.9561185240745544,0.49377796053886414,validation
xgboost_unweighted_F4_sprint2_main_seed42_regen_seed2024,XGB_F4,val,8038,7822,hg19,1,0.9648941159248352,0.49377796053886414,validation
xgboost_unweighted_F4_sprint2_main_seed42_regen_seed2024,XGB_F4,val,8039,7822,hg19,1,0.9581032395362854,0.49377796053886414,validation
xgboost_unweighted_F4_sprint2_main_seed42_regen_seed2024,XGB_F4,val,8040,7822,hg19,1,0.9667088985443115,0.49377796053886414,validation
xgboost_unweighted_F4_sprint2_main_seed42_regen_seed2024,XGB_F4,val,8041,7822,hg19,1,0.9540995359420776,0.49377796053886414,validation
xgboost_unweighted_F4_sprint2_main_seed42_regen_seed2024,XGB_F4,val,8042,7822,hg19,1,0.9773064255714417,0.49377796053886414,validation
xgboost_unweighted_F4_sprint2_main_seed42_regen_seed2024,XGB_F4,val,8043,7822,hg19,1,0.9656242728233337,0.49377796053886414,validation
xgboost_unweighted_F4_sprint2_main_seed42_regen_seed2024,XGB_F4,val,8044,7822,hg19,1,0.9666034579277039,0.49377796053886414,validation
xgboost_unweighted_F4_sprint2_main_seed42_regen_seed2024,XGB_F4,val,8045,7822,hg19,1,0.9489877820014954,0.49377796053886414,validation
xgboost_unweighted_F4_sprint2_main_seed42_regen_seed2024,XGB_F4,val,8046,7822,hg19,1,0.9558337330818176,0.49377796053886414,validation
xgboost_unweighted_F4_sprint2_main_seed42_regen_seed2024,XGB_F4,val,8047,7822,hg19,1,0.9630195498466492,0.49377796053886414,validation
xgboost_unweighted_F4_sprint2_main_seed42_regen_seed2024,XGB_F4,val,8048,7822,hg19,1,0.952165424823761,0.49377796053886414,validation
xgboost_unweighted_F4_sprint2_main_seed42_regen_seed2024,XGB_F4,val,8049,7822,hg19,1,0.9666415452957153,0.49377796053886414,validation
xgboost_unweighted_F4_sprint2_main_seed42_regen_seed2024,XGB_F4,val,8050,7822,hg19,1,0.965072512626648,0.49377796053886414,validation
xgboost_unweighted_F4_sprint2_main_seed42_regen_seed2024,XGB_F4,val,8051,7822,hg19,1,0.9603496193885803,0.49377796053886414,validation
xgboost_unweighted_F4_sprint2_main_seed42_regen_seed2024,XGB_F4,val,8052,7822,hg19,1,0.9741668105125427,0.49377796053886414,validation
xgboost_unweighted_F4_sprint2_main_seed42_regen_seed2024,XGB_F4,val,8053,7822,hg19,1,0.9662871956825256,0.49377796053886414,validation
xgboost_unweighted_F4_sprint2_main_seed42_regen_seed2024,XGB_F4,val,8054,7822,hg19,1,0.9596254229545593,0.49377796053886414,validation
xgboost_unweighted_F4_sprint2_main_seed42_regen_seed2024,XGB_F4,val,8055,7822,hg19,1,0.9675514101982117,0.49377796053886414,validation
xgboost_unweighted_F4_sprint2_main_seed42_regen_seed2024,XGB_F4,val,8056,7822,hg19,1,0.9663081765174866,0.49377796053886414,validation
xgboost_unweighted_F4_sprint2_main_seed42_regen_seed2024,XGB_F4,val,8057,7822,hg19,1,0.9658216238021851,0.49377796053886414,validation
xgboost_unweighted_F4_sprint2_main_seed42_regen_seed2024,XGB_F4,val,8058,7822,hg19,1,0.9467267990112305,0.49377796053886414,validation
xgboost_unweighted_F4_sprint2_main_seed42_regen_seed2024,XGB_F4,val,8059,7822,hg19,1,0.9594623446464539,0.49377796053886414,validation
xgboost_unweighted_F4_sprint2_main_seed42_regen_seed2024,XGB_F4,val,8060,7822,hg19,1,0.9645785689353943,0.49377796053886414,validation
xgboost_unweighted_F4_sprint2_main_seed42_regen_seed2024,XGB_F4,val,8061,7822,hg19,1,0.9713147282600403,0.49377796053886414,validation
xgboost_unweighted_F4_sprint2_main_seed42_regen_seed2024,XGB_F4,val,8062,7822,hg19,1,0.9543604850769043,0.49377796053886414,validation
xgboost_unweighted_F4_sprint2_main_seed42_regen_seed2024,XGB_F4,val,8063,7822,hg19,1,0.969947874546051,0.49377796053886414,validation
xgboost_unweighted_F4_sprint2_main_seed42_regen_seed2024,XGB_F4,val,8064,7822,hg19,1,0.9513095021247864,0.49377796053886414,validation
xgboost_unweighted_F4_sprint2_main_seed42_regen_seed2024,XGB_F4,val,8065,7822,hg19,1,0.9611325263977051,0.49377796053886414,validation
xgboost_unweighted_F4_sprint2_main_seed42_regen_seed2024,XGB_F4,val,8066,7822,hg19,1,0.964978814125061,0.49377796053886414,validation
xgboost_unweighted_F4_sprint2_main_seed42_regen_seed2024,XGB_F4,val,8067,7822,hg19,1,0.9647618532180786,0.49377796053886414,validation
xgboost_unweighted_F4_sprint2_main_seed42_regen_seed2024,XGB_F4,val,8068,7822,hg19,1,0.950599730014801,0.49377796053886414,validation
xgboost_unweighted_F4_sprint2_main_seed42_regen_seed2024,XGB_F4,val,8069,7822,hg19,1,0.9602842330932617,0.49377796053886414,validation
xgboost_unweighted_F4_sprint2_main_seed42_regen_seed2024,XGB_F4,val,8070,7822,hg19,1,0.9603443741798401,0.49377796053886414,validation
xgboost_unweighted_F4_sprint2_main_seed42_regen_seed2024,XGB_F4,val,8071,7822,hg19,1,0.9387256503105164,0.49377796053886414,validation
xgboost_unweighted_F4_sprint2_main_seed42_regen_seed2024,XGB_F4,val,8072,7822,hg19,1,0.9645275473594666,0.49377796053886414,validation
xgboost_unweighted_F4_sprint2_main_seed42_regen_seed2024,XGB_F4,val,8073,7822,hg19,1,0.9688726663589478,0.49377796053886414,validation
xgboost_unweighted_F4_sprint2_main_seed42_regen_seed2024,XGB_F4,val,8074,7822,hg19,1,0.946190595626831,0.49377796053886414,validation
xgboost_unweighted_F4_sprint2_main_seed42_regen_seed2024,XGB_F4,val,8075,7822,hg19,1,0.947559118270874,0.49377796053886414,validation
xgboost_unweighted_F4_sprint2_main_seed42_regen_seed2024,XGB_F4,val,8076,7822,hg19,1,0.9698926210403442,0.49377796053886414,validation
xgboost_unweighted_F4_sprint2_main_seed42_regen_seed2024,XGB_F4,val,8077,7822,hg19,1,0.9562394618988037,0.49377796053886414,validation
xgboost_unweighted_F4_sprint2_main_seed42_regen_seed2024,XGB_F4,val,8078,7822,hg19,1,0.9598506689071655,0.49377796053886414,validation
xgboost_unweighted_F4_sprint2_main_seed42_regen_seed2024,XGB_F4,val,8079,7822,hg19,1,0.9795750975608826,0.49377796053886414,validation
xgboost_unweighted_F4_sprint2_main_seed42_regen_seed2024,XGB_F4,val,8080,7822,hg19,1,0.9906499981880188,0.49377796053886414,validation
xgboost_unweighted_F4_sprint2_main_seed42_regen_seed2024,XGB_F4,val,8081,7822,hg19,1,0.9594101309776306,0.49377796053886414,validation
xgboost_unweighted_F4_sprint2_main_seed42_regen_seed2024,XGB_F4,val,8082,7822,hg19,1,0.909111499786377,0.49377796053886414,validation
xgboost_unweighted_F4_sprint2_main_seed42_regen_seed2024,XGB_F4,val,8083,7822,hg19,1,0.9704110622406006,0.49377796053886414,validation
xgboost_unweighted_F4_sprint2_main_seed42_regen_seed2024,XGB_F4,val,8084,7822,hg19,1,0.9839666485786438,0.49377796053886414,validation
xgboost_unweighted_F4_sprint2_main_seed42_regen_seed2024,XGB_F4,val,8085,7822,hg19,1,0.9554110169410706,0.49377796053886414,validation
xgboost_unweighted_F4_sprint2_main_seed42_regen_seed2024,XGB_F4,val,8086,7822,hg19,1,0.9539546966552734,0.49377796053886414,validation
xgboost_unweighted_F4_sprint2_main_seed42_regen_seed2024,XGB_F4,val,8087,7822,hg19,1,0.9713640809059143,0.49377796053886414,validation
xgboost_unweighted_F4_sprint2_main_seed42_regen_seed2024,XGB_F4,val,8088,7822,hg19,1,0.9666410684585571,0.49377796053886414,validation
xgboost_unweighted_F4_sprint2_main_seed42_regen_seed2024,XGB_F4,val,8089,7822,hg19,1,0.9685360789299011,0.49377796053886414,validation
xgboost_unweighted_F4_sprint2_main_seed42_regen_seed2024,XGB_F4,val,8090,7822,hg19,1,0.9579196572303772,0.49377796053886414,validation
xgboost_unweighted_F4_sprint2_main_seed42_regen_seed2024,XGB_F4,val,8091,7822,hg19,1,0.9468929767608643,0.49377796053886414,validation
xgboost_unweighted_F4_sprint2_main_seed42_regen_seed2024,XGB_F4,val,8092,7822,hg19,1,0.9580750465393066,0.49377796053886414,validation
xgboost_unweighted_F4_sprint2_main_seed42_regen_seed2024,XGB_F4,val,8093,7822,hg19,1,0.9608269333839417,0.49377796053886414,validation
xgboost_unweighted_F4_sprint2_main_seed42_regen_seed2024,XGB_F4,val,8094,7822,hg19,1,0.9674782156944275,0.49377796053886414,validation
xgboost_unweighted_F4_sprint2_main_seed42_regen_seed2024,XGB_F4,val,8095,7822,hg19,1,0.9124442338943481,0.49377796053886414,validation
xgboost_unweighted_F4_sprint2_main_seed42_regen_seed2024,XGB_F4,val,8096,7822,hg19,1,0.9689502120018005,0.49377796053886414,validation
xgboost_unweighted_F4_sprint2_main_seed42_regen_seed2024,XGB_F4,val,8097,7822,hg19,1,0.9360131621360779,0.49377796053886414,validation
xgboost_unweighted_F4_sprint2_main_seed42_regen_seed2024,XGB_F4,val,8098,7822,hg19,1,0.9615805745124817,0.49377796053886414,validation
xgboost_unweighted_F4_sprint2_main_seed42_regen_seed2024,XGB_F4,val,8099,7822,hg19,1,0.9604380130767822,0.49377796053886414,validation
xgboost_unweighted_F4_sprint2_main_seed42_regen_seed2024,XGB_F4,val,8100,7822,hg19,1,0.9581398367881775,0.49377796053886414,validation
xgboost_unweighted_F4_sprint2_main_seed42_regen_seed2024,XGB_F4,val,8101,7822,hg19,1,0.9580627679824829,0.49377796053886414,validation
xgboost_unweighted_F4_sprint2_main_seed42_regen_seed2024,XGB_F4,val,8102,7822,hg19,1,0.9793021082878113,0.49377796053886414,validation
xgboost_unweighted_F4_sprint2_main_seed42_regen_seed2024,XGB_F4,val,8103,7822,hg19,1,0.9757387042045593,0.49377796053886414,validation
xgboost_unweighted_F4_sprint2_main_seed42_regen_seed2024,XGB_F4,val,8104,7822,hg19,1,0.9540501236915588,0.49377796053886414,validation
xgboost_unweighted_F4_sprint2_main_seed42_regen_seed2024,XGB_F4,val,8105,7822,hg19,1,0.9658478498458862,0.49377796053886414,validation
xgboost_unweighted_F4_sprint2_main_seed42_regen_seed2024,XGB_F4,val,8106,7822,hg19,1,0.9880239367485046,0.49377796053886414,validation
xgboost_unweighted_F4_sprint2_main_seed42_regen_seed2024,XGB_F4,val,8107,7822,hg19,1,0.9648334980010986,0.49377796053886414,validation
xgboost_unweighted_F4_sprint2_main_seed42_regen_seed2024,XGB_F4,val,8108,7822,hg19,1,0.9604074954986572,0.49377796053886414,validation
xgboost_unweighted_F4_sprint2_main_seed42_regen_seed2024,XGB_F4,val,8109,7822,hg19,1,0.9567777514457703,0.49377796053886414,validation
xgboost_unweighted_F4_sprint2_main_seed42_regen_seed2024,XGB_F4,val,8110,7822,hg19,1,0.9530012011528015,0.49377796053886414,validation
xgboost_unweighted_F4_sprint2_main_seed42_regen_seed2024,XGB_F4,val,8111,7822,hg19,1,0.9634731411933899,0.49377796053886414,validation
xgboost_unweighted_F4_sprint2_main_seed42_regen_seed2024,XGB_F4,val,8112,7822,hg19,1,0.9797664880752563,0.49377796053886414,validation
xgboost_unweighted_F4_sprint2_main_seed42_regen_seed2024,XGB_F4,val,8113,7822,hg19,1,0.9215846061706543,0.49377796053886414,validation
xgboost_unweighted_F4_sprint2_main_seed42_regen_seed2024,XGB_F4,val,8114,7822,hg19,1,0.9529115557670593,0.49377796053886414,validation
xgboost_unweighted_F4_sprint2_main_seed42_regen_seed2024,XGB_F4,val,8115,7822,hg19,1,0.9526979923248291,0.49377796053886414,validation
xgboost_unweighted_F4_sprint2_main_seed42_regen_seed2024,XGB_F4,val,8116,7822,hg19,1,0.9625967144966125,0.49377796053886414,validation
xgboost_unweighted_F4_sprint2_main_seed42_regen_seed2024,XGB_F4,val,8117,7822,hg19,1,0.9592905044555664,0.49377796053886414,validation
xgboost_unweighted_F4_sprint2_main_seed42_regen_seed2024,XGB_F4,val,8118,7822,hg19,1,0.9658411741256714,0.49377796053886414,validation
xgboost_unweighted_F4_sprint2_main_seed42_regen_seed2024,XGB_F4,val,8119,7822,hg19,1,0.9710666537284851,0.49377796053886414,validation
xgboost_unweighted_F4_sprint2_main_seed42_regen_seed2024,XGB_F4,val,8120,7822,hg19,1,0.975569486618042,0.49377796053886414,validation
xgboost_unweighted_F4_sprint2_main_seed42_regen_seed2024,XGB_F4,val,8121,7822,hg19,1,0.9776785373687744,0.49377796053886414,validation
xgboost_unweighted_F4_sprint2_main_seed42_regen_seed2024,XGB_F4,val,8122,7822,hg19,1,0.9778238534927368,0.49377796053886414,validation
xgboost_unweighted_F4_sprint2_main_seed42_regen_seed2024,XGB_F4,val,8123,7822,hg19,1,0.9550451040267944,0.49377796053886414,validation
xgboost_unweighted_F4_sprint2_main_seed42_regen_seed2024,XGB_F4,val,8124,7822,hg19,1,0.9738102555274963,0.49377796053886414,validation
xgboost_unweighted_F4_sprint2_main_seed42_regen_seed2024,XGB_F4,val,8125,7822,hg19,1,0.9505366683006287,0.49377796053886414,validation
xgboost_unweighted_F4_sprint2_main_seed42_regen_seed2024,XGB_F4,val,8126,7822,hg19,1,0.9510532021522522,0.49377796053886414,validation
xgboost_unweighted_F4_sprint2_main_seed42_regen_seed2024,XGB_F4,val,8127,7822,hg19,1,0.9565478563308716,0.49377796053886414,validation
xgboost_unweighted_F4_sprint2_main_seed42_regen_seed2024,XGB_F4,val,8128,7822,hg19,1,0.9715136885643005,0.49377796053886414,validation
xgboost_unweighted_F4_sprint2_main_seed42_regen_seed2024,XGB_F4,val,8129,7822,hg19,1,0.9193311333656311,0.49377796053886414,validation
xgboost_unweighted_F4_sprint2_main_seed42_regen_seed2024,XGB_F4,val,8130,7822,hg19,1,0.9621526598930359,0.49377796053886414,validation
xgboost_unweighted_F4_sprint2_main_seed42_regen_seed2024,XGB_F4,val,8131,7822,hg19,1,0.9620596766471863,0.49377796053886414,validation
xgboost_unweighted_F4_sprint2_main_seed42_regen_seed2024,XGB_F4,val,8132,7822,hg19,1,0.9588937759399414,0.49377796053886414,validation
xgboost_unweighted_F4_sprint2_main_seed42_regen_seed2024,XGB_F4,val,8133,7822,hg19,1,0.9587982296943665,0.49377796053886414,validation
xgboost_unweighted_F4_sprint2_main_seed42_regen_seed2024,XGB_F4,val,8134,7822,hg19,1,0.9553906321525574,0.49377796053886414,validation
xgboost_unweighted_F4_sprint2_main_seed42_regen_seed2024,XGB_F4,val,8135,7822,hg19,1,0.9571880102157593,0.49377796053886414,validation
xgboost_unweighted_F4_sprint2_main_seed42_regen_seed2024,XGB_F4,val,8136,7822,hg19,1,0.8918838500976562,0.49377796053886414,validation
xgboost_unweighted_F4_sprint2_main_seed42_regen_seed2024,XGB_F4,val,8137,7822,hg19,1,0.960787832736969,0.49377796053886414,validation
xgboost_unweighted_F4_sprint2_main_seed42_regen_seed2024,XGB_F4,val,8138,7822,hg19,1,0.9662362337112427,0.49377796053886414,validation
xgboost_unweighted_F4_sprint2_main_seed42_regen_seed2024,XGB_F4,val,8139,7822,hg19,1,0.958063542842865,0.49377796053886414,validation
xgboost_unweighted_F4_sprint2_main_seed42_regen_seed2024,XGB_F4,val,8140,7822,hg19,1,0.9702286124229431,0.49377796053886414,validation
xgboost_unweighted_F4_sprint2_main_seed42_regen_seed2024,XGB_F4,val,8141,7822,hg19,1,0.9670692086219788,0.49377796053886414,validation
xgboost_unweighted_F4_sprint2_main_seed42_regen_seed2024,XGB_F4,val,8142,7822,hg19,1,0.9801558256149292,0.49377796053886414,validation
xgboost_unweighted_F4_sprint2_main_seed42_regen_seed2024,XGB_F4,val,8143,7822,hg19,1,0.9748122096061707,0.49377796053886414,validation
xgboost_unweighted_F4_sprint2_main_seed42_regen_seed2024,XGB_F4,val,8144,7822,hg19,1,0.9602688550949097,0.49377796053886414,validation
xgboost_unweighted_F4_sprint2_main_seed42_regen_seed2024,XGB_F4,val,8145,7822,hg19,1,0.9600545167922974,0.49377796053886414,validation
xgboost_unweighted_F4_sprint2_main_seed42_regen_seed2024,XGB_F4,val,8146,7822,hg19,1,0.9583081603050232,0.49377796053886414,validation
xgboost_unweighted_F4_sprint2_main_seed42_regen_seed2024,XGB_F4,val,8147,7822,hg19,1,0.9646698832511902,0.49377796053886414,validation
xgboost_unweighted_F4_sprint2_main_seed42_regen_seed2024,XGB_F4,val,8148,7822,hg19,1,0.9761471152305603,0.49377796053886414,validation
xgboost_unweighted_F4_sprint2_main_seed42_regen_seed2024,XGB_F4,val,8149,7822,hg19,1,0.9621965885162354,0.49377796053886414,validation
xgboost_unweighted_F4_sprint2_main_seed42_regen_seed2024,XGB_F4,val,8150,7822,hg19,1,0.9715924859046936,0.49377796053886414,validation
xgboost_unweighted_F4_sprint2_main_seed42_regen_seed2024,XGB_F4,val,8151,7822,hg19,1,0.9609548449516296,0.49377796053886414,validation
xgboost_unweighted_F4_sprint2_main_seed42_regen_seed2024,XGB_F4,val,8152,7822,hg19,1,0.9602174758911133,0.49377796053886414,validation
xgboost_unweighted_F4_sprint2_main_seed42_regen_seed2024,XGB_F4,val,8153,7822,hg19,1,0.9135767817497253,0.49377796053886414,validation
xgboost_unweighted_F4_sprint2_main_seed42_regen_seed2024,XGB_F4,val,8154,7822,hg19,1,0.9641402363777161,0.49377796053886414,validation
xgboost_unweighted_F4_sprint2_main_seed42_regen_seed2024,XGB_F4,val,8155,7822,hg19,1,0.9636859893798828,0.49377796053886414,validation
xgboost_unweighted_F4_sprint2_main_seed42_regen_seed2024,XGB_F4,val,8156,7822,hg19,1,0.9641552567481995,0.49377796053886414,validation
xgboost_unweighted_F4_sprint2_main_seed42_regen_seed2024,XGB_F4,val,8157,7822,hg19,1,0.979233980178833,0.49377796053886414,validation
xgboost_unweighted_F4_sprint2_main_seed42_regen_seed2024,XGB_F4,val,8158,7822,hg19,1,0.957995593547821,0.49377796053886414,validation
xgboost_unweighted_F4_sprint2_main_seed42_regen_seed2024,XGB_F4,val,8159,7822,hg19,1,0.9636164903640747,0.49377796053886414,validation
xgboost_unweighted_F4_sprint2_main_seed42_regen_seed2024,XGB_F4,val,8160,7822,hg19,1,0.9658200740814209,0.49377796053886414,validation
xgboost_unweighted_F4_sprint2_main_seed42_regen_seed2024,XGB_F4,val,8161,7822,hg19,1,0.9706575274467468,0.49377796053886414,validation
xgboost_unweighted_F4_sprint2_main_seed42_regen_seed2024,XGB_F4,val,8162,7822,hg19,1,0.9627711772918701,0.49377796053886414,validation
xgboost_unweighted_F4_sprint2_main_seed42_regen_seed2024,XGB_F4,val,8163,7822,hg19,1,0.9610653519630432,0.49377796053886414,validation
xgboost_unweighted_F4_sprint2_main_seed42_regen_seed2024,XGB_F4,val,8164,7822,hg19,1,0.9675068855285645,0.49377796053886414,validation
xgboost_unweighted_F4_sprint2_main_seed42_regen_seed2024,XGB_F4,val,8165,7822,hg19,1,0.9668128490447998,0.49377796053886414,validation
xgboost_unweighted_F4_sprint2_main_seed42_regen_seed2024,XGB_F4,val,8166,7822,hg19,1,0.9687026143074036,0.49377796053886414,validation
xgboost_unweighted_F4_sprint2_main_seed42_regen_seed2024,XGB_F4,val,8167,7822,hg19,1,0.9107720851898193,0.49377796053886414,validation
xgboost_unweighted_F4_sprint2_main_seed42_regen_seed2024,XGB_F4,val,8168,7822,hg19,1,0.9388030767440796,0.49377796053886414,validation
xgboost_unweighted_F4_sprint2_main_seed42_regen_seed2024,XGB_F4,val,8169,7822,hg19,1,0.9633431434631348,0.49377796053886414,validation
xgboost_unweighted_F4_sprint2_main_seed42_regen_seed2024,XGB_F4,val,8170,7822,hg19,1,0.9813582301139832,0.49377796053886414,validation
xgboost_unweighted_F4_sprint2_main_seed42_regen_seed2024,XGB_F4,val,8171,7822,hg19,1,0.9554930329322815,0.49377796053886414,validation
xgboost_unweighted_F4_sprint2_main_seed42_regen_seed2024,XGB_F4,val,8172,7822,hg19,1,0.9556151032447815,0.49377796053886414,validation
xgboost_unweighted_F4_sprint2_main_seed42_regen_seed2024,XGB_F4,val,8173,7822,hg19,1,0.8913594484329224,0.49377796053886414,validation
xgboost_unweighted_F4_sprint2_main_seed42_regen_seed2024,XGB_F4,val,8174,7822,hg19,1,0.9678406715393066,0.49377796053886414,validation
xgboost_unweighted_F4_sprint2_main_seed42_regen_seed2024,XGB_F4,val,8175,7822,hg19,1,0.931460976600647,0.49377796053886414,validation
xgboost_unweighted_F4_sprint2_main_seed42_regen_seed2024,XGB_F4,val,8176,7822,hg19,1,0.9791644811630249,0.49377796053886414,validation
xgboost_unweighted_F4_sprint2_main_seed42_regen_seed2024,XGB_F4,val,8177,7822,hg19,1,0.9605042338371277,0.49377796053886414,validation
xgboost_unweighted_F4_sprint2_main_seed42_regen_seed2024,XGB_F4,val,8178,7822,hg19,1,0.9821059703826904,0.49377796053886414,validation
xgboost_unweighted_F4_sprint2_main_seed42_regen_seed2024,XGB_F4,val,8179,7822,hg19,1,0.9666780829429626,0.49377796053886414,validation
xgboost_unweighted_F4_sprint2_main_seed42_regen_seed2024,XGB_F4,val,8180,7822,hg19,1,0.9591006636619568,0.49377796053886414,validation
xgboost_unweighted_F4_sprint2_main_seed42_regen_seed2024,XGB_F4,val,8181,7822,hg19,1,0.969284176826477,0.49377796053886414,validation
xgboost_unweighted_F4_sprint2_main_seed42_regen_seed2024,XGB_F4,val,8182,7822,hg19,1,0.9656467437744141,0.49377796053886414,validation
xgboost_unweighted_F4_sprint2_main_seed42_regen_seed2024,XGB_F4,val,8183,7822,hg19,1,0.959071934223175,0.49377796053886414,validation
xgboost_unweighted_F4_sprint2_main_seed42_regen_seed2024,XGB_F4,val,8184,7822,hg19,1,0.9711831212043762,0.49377796053886414,validation
xgboost_unweighted_F4_sprint2_main_seed42_regen_seed2024,XGB_F4,val,8185,7822,hg19,1,0.9650120139122009,0.49377796053886414,validation
xgboost_unweighted_F4_sprint2_main_seed42_regen_seed2024,XGB_F4,val,8186,7822,hg19,1,0.9299548864364624,0.49377796053886414,validation
xgboost_unweighted_F4_sprint2_main_seed42_regen_seed2024,XGB_F4,val,8187,7822,hg19,1,0.9288027286529541,0.49377796053886414,validation
xgboost_unweighted_F4_sprint2_main_seed42_regen_seed2024,XGB_F4,val,8188,7822,hg19,1,0.9469357132911682,0.49377796053886414,validation
xgboost_unweighted_F4_sprint2_main_seed42_regen_seed2024,XGB_F4,val,8189,7822,hg19,1,0.9618702530860901,0.49377796053886414,validation
xgboost_unweighted_F4_sprint2_main_seed42_regen_seed2024,XGB_F4,val,8190,7822,hg19,1,0.8975406885147095,0.49377796053886414,validation
xgboost_unweighted_F4_sprint2_main_seed42_regen_seed2024,XGB_F4,val,8191,7822,hg19,1,0.9618868231773376,0.49377796053886414,validation
xgboost_unweighted_F4_sprint2_main_seed42_regen_seed2024,XGB_F4,val,8192,7822,hg19,1,0.9618808627128601,0.49377796053886414,validation
xgboost_unweighted_F4_sprint2_main_seed42_regen_seed2024,XGB_F4,val,8193,7822,hg19,1,0.9726231098175049,0.49377796053886414,validation
xgboost_unweighted_F4_sprint2_main_seed42_regen_seed2024,XGB_F4,val,8194,7822,hg19,1,0.9618314504623413,0.49377796053886414,validation
xgboost_unweighted_F4_sprint2_main_seed42_regen_seed2024,XGB_F4,val,8195,7822,hg19,1,0.96070796251297,0.49377796053886414,validation
xgboost_unweighted_F4_sprint2_main_seed42_regen_seed2024,XGB_F4,val,8196,7822,hg19,1,0.953158438205719,0.49377796053886414,validation
xgboost_unweighted_F4_sprint2_main_seed42_regen_seed2024,XGB_F4,val,8197,7822,hg19,1,0.9722777009010315,0.49377796053886414,validation
xgboost_unweighted_F4_sprint2_main_seed42_regen_seed2024,XGB_F4,val,8198,7822,hg19,1,0.9620412588119507,0.49377796053886414,validation
xgboost_unweighted_F4_sprint2_main_seed42_regen_seed2024,XGB_F4,val,8199,7822,hg19,1,0.9603032469749451,0.49377796053886414,validation
xgboost_unweighted_F4_sprint2_main_seed42_regen_seed2024,XGB_F4,val,8200,7822,hg19,1,0.960567831993103,0.49377796053886414,validation
xgboost_unweighted_F4_sprint2_main_seed42_regen_seed2024,XGB_F4,val,8201,7822,hg19,1,0.9739465117454529,0.49377796053886414,validation
xgboost_unweighted_F4_sprint2_main_seed42_regen_seed2024,XGB_F4,val,8202,7822,hg19,1,0.957467257976532,0.49377796053886414,validation
xgboost_unweighted_F4_sprint2_main_seed42_regen_seed2024,XGB_F4,val,8203,7822,hg19,1,0.9846746921539307,0.49377796053886414,validation
xgboost_unweighted_F4_sprint2_main_seed42_regen_seed2024,XGB_F4,val,8204,7822,hg19,1,0.9745922684669495,0.49377796053886414,validation
xgboost_unweighted_F4_sprint2_main_seed42_regen_seed2024,XGB_F4,val,8205,7822,hg19,1,0.9832020401954651,0.49377796053886414,validation
xgboost_unweighted_F4_sprint2_main_seed42_regen_seed2024,XGB_F4,val,8206,7822,hg19,1,0.9548147320747375,0.49377796053886414,validation
xgboost_unweighted_F4_sprint2_main_seed42_regen_seed2024,XGB_F4,val,8207,7822,hg19,1,0.9643980264663696,0.49377796053886414,validation
xgboost_unweighted_F4_sprint2_main_seed42_regen_seed2024,XGB_F4,val,8208,7822,hg19,1,0.9478216171264648,0.49377796053886414,validation
xgboost_unweighted_F4_sprint2_main_seed42_regen_seed2024,XGB_F4,val,8209,7822,hg19,1,0.9611812233924866,0.49377796053886414,validation
xgboost_unweighted_F4_sprint2_main_seed42_regen_seed2024,XGB_F4,val,8210,7822,hg19,1,0.9531098008155823,0.49377796053886414,validation
xgboost_unweighted_F4_sprint2_main_seed42_regen_seed2024,XGB_F4,val,8211,7822,hg19,1,0.9723134636878967,0.49377796053886414,validation
xgboost_unweighted_F4_sprint2_main_seed42_regen_seed2024,XGB_F4,val,8212,7822,hg19,1,0.9668114185333252,0.49377796053886414,validation
xgboost_unweighted_F4_sprint2_main_seed42_regen_seed2024,XGB_F4,val,8213,7822,hg19,1,0.9743518233299255,0.49377796053886414,validation
xgboost_unweighted_F4_sprint2_main_seed42_regen_seed2024,XGB_F4,val,8214,7822,hg19,1,0.9723787307739258,0.49377796053886414,validation
xgboost_unweighted_F4_sprint2_main_seed42_regen_seed2024,XGB_F4,val,8215,7822,hg19,1,0.9660288095474243,0.49377796053886414,validation
xgboost_unweighted_F4_sprint2_main_seed42_regen_seed2024,XGB_F4,val,8216,7822,hg19,1,0.957051157951355,0.49377796053886414,validation
xgboost_unweighted_F4_sprint2_main_seed42_regen_seed2024,XGB_F4,val,8217,7822,hg19,1,0.9552306532859802,0.49377796053886414,validation
xgboost_unweighted_F4_sprint2_main_seed42_regen_seed2024,XGB_F4,val,8218,7822,hg19,1,0.9712451100349426,0.49377796053886414,validation
xgboost_unweighted_F4_sprint2_main_seed42_regen_seed2024,XGB_F4,val,8219,7822,hg19,1,0.9444019794464111,0.49377796053886414,validation
xgboost_unweighted_F4_sprint2_main_seed42_regen_seed2024,XGB_F4,val,8220,7822,hg19,1,0.962705671787262,0.49377796053886414,validation
xgboost_unweighted_F4_sprint2_main_seed42_regen_seed2024,XGB_F4,val,8221,7822,hg19,1,0.9699030518531799,0.49377796053886414,validation
xgboost_unweighted_F4_sprint2_main_seed42_regen_seed2024,XGB_F4,val,8222,7822,hg19,1,0.9615944623947144,0.49377796053886414,validation
xgboost_unweighted_F4_sprint2_main_seed42_regen_seed2024,XGB_F4,val,8223,7822,hg19,1,0.9748022556304932,0.49377796053886414,validation
xgboost_unweighted_F4_sprint2_main_seed42_regen_seed2024,XGB_F4,val,8224,7822,hg19,1,0.9905174374580383,0.49377796053886414,validation
xgboost_unweighted_F4_sprint2_main_seed42_regen_seed2024,XGB_F4,val,8225,7822,hg19,1,0.9502752423286438,0.49377796053886414,validation
xgboost_unweighted_F4_sprint2_main_seed42_regen_seed2024,XGB_F4,val,8226,7822,hg19,1,0.8899502754211426,0.49377796053886414,validation
xgboost_unweighted_F4_sprint2_main_seed42_regen_seed2024,XGB_F4,val,8227,7822,hg19,1,0.973285436630249,0.49377796053886414,validation
xgboost_unweighted_F4_sprint2_main_seed42_regen_seed2024,XGB_F4,val,8228,7822,hg19,1,0.9763585329055786,0.49377796053886414,validation
xgboost_unweighted_F4_sprint2_main_seed42_regen_seed2024,XGB_F4,val,8229,7822,hg19,1,0.9562137722969055,0.49377796053886414,validation
xgboost_unweighted_F4_sprint2_main_seed42_regen_seed2024,XGB_F4,val,8230,7822,hg19,1,0.9753131866455078,0.49377796053886414,validation
xgboost_unweighted_F4_sprint2_main_seed42_regen_seed2024,XGB_F4,val,8231,7822,hg19,1,0.9765774607658386,0.49377796053886414,validation
xgboost_unweighted_F4_sprint2_main_seed42_regen_seed2024,XGB_F4,val,8232,7822,hg19,1,0.9649731516838074,0.49377796053886414,validation
xgboost_unweighted_F4_sprint2_main_seed42_regen_seed2024,XGB_F4,val,8233,7822,hg19,1,0.9001092910766602,0.49377796053886414,validation
xgboost_unweighted_F4_sprint2_main_seed42_regen_seed2024,XGB_F4,val,8234,7822,hg19,1,0.9848155975341797,0.49377796053886414,validation
xgboost_unweighted_F4_sprint2_main_seed42_regen_seed2024,XGB_F4,val,8235,7822,hg19,1,0.925044596195221,0.49377796053886414,validation
xgboost_unweighted_F4_sprint2_main_seed42_regen_seed2024,XGB_F4,val,8236,7822,hg19,1,0.9654586911201477,0.49377796053886414,validation
xgboost_unweighted_F4_sprint2_main_seed42_regen_seed2024,XGB_F4,val,8237,7822,hg19,1,0.9574459195137024,0.49377796053886414,validation
xgboost_unweighted_F4_sprint2_main_seed42_regen_seed2024,XGB_F4,val,8238,7822,hg19,1,0.9573719501495361,0.49377796053886414,validation
xgboost_unweighted_F4_sprint2_main_seed42_regen_seed2024,XGB_F4,val,8239,7822,hg19,1,0.9691950678825378,0.49377796053886414,validation
xgboost_unweighted_F4_sprint2_main_seed42_regen_seed2024,XGB_F4,val,8240,7822,hg19,1,0.9537574648857117,0.49377796053886414,validation
xgboost_unweighted_F4_sprint2_main_seed42_regen_seed2024,XGB_F4,val,8241,7822,hg19,1,0.9554571509361267,0.49377796053886414,validation
xgboost_unweighted_F4_sprint2_main_seed42_regen_seed2024,XGB_F4,val,8242,7822,hg19,1,0.9541237354278564,0.49377796053886414,validation
xgboost_unweighted_F4_sprint2_main_seed42_regen_seed2024,XGB_F4,val,8243,7822,hg19,1,0.9595944881439209,0.49377796053886414,validation
xgboost_unweighted_F4_sprint2_main_seed42_regen_seed2024,XGB_F4,val,8244,7822,hg19,1,0.9171625375747681,0.49377796053886414,validation
xgboost_unweighted_F4_sprint2_main_seed42_regen_seed2024,XGB_F4,val,8245,7822,hg19,1,0.9750160574913025,0.49377796053886414,validation
xgboost_unweighted_F4_sprint2_main_seed42_regen_seed2024,XGB_F4,val,8246,7822,hg19,1,0.9684963822364807,0.49377796053886414,validation
xgboost_unweighted_F4_sprint2_main_seed42_regen_seed2024,XGB_F4,val,8247,7822,hg19,1,0.9603329300880432,0.49377796053886414,validation
xgboost_unweighted_F4_sprint2_main_seed42_regen_seed2024,XGB_F4,val,8248,7822,hg19,1,0.950959324836731,0.49377796053886414,validation
xgboost_unweighted_F4_sprint2_main_seed42_regen_seed2024,XGB_F4,val,8249,7822,hg19,1,0.9573730826377869,0.49377796053886414,validation
xgboost_unweighted_F4_sprint2_main_seed42_regen_seed2024,XGB_F4,val,8250,7822,hg19,1,0.9065906405448914,0.49377796053886414,validation
xgboost_unweighted_F4_sprint2_main_seed42_regen_seed2024,XGB_F4,val,8251,7822,hg19,1,0.9662993550300598,0.49377796053886414,validation
xgboost_unweighted_F4_sprint2_main_seed42_regen_seed2024,XGB_F4,val,8252,7822,hg19,1,0.9579424262046814,0.49377796053886414,validation
xgboost_unweighted_F4_sprint2_main_seed42_regen_seed2024,XGB_F4,val,8253,7822,hg19,1,0.9689347743988037,0.49377796053886414,validation
xgboost_unweighted_F4_sprint2_main_seed42_regen_seed2024,XGB_F4,val,8254,7822,hg19,1,0.9581088423728943,0.49377796053886414,validation
xgboost_unweighted_F4_sprint2_main_seed42_regen_seed2024,XGB_F4,val,8255,7822,hg19,1,0.9581072926521301,0.49377796053886414,validation
xgboost_unweighted_F4_sprint2_main_seed42_regen_seed2024,XGB_F4,val,8256,7822,hg19,1,0.9666855335235596,0.49377796053886414,validation
xgboost_unweighted_F4_sprint2_main_seed42_regen_seed2024,XGB_F4,val,8257,7822,hg19,1,0.9602053165435791,0.49377796053886414,validation
xgboost_unweighted_F4_sprint2_main_seed42_regen_seed2024,XGB_F4,val,8258,7822,hg19,1,0.9532781839370728,0.49377796053886414,validation
xgboost_unweighted_F4_sprint2_main_seed42_regen_seed2024,XGB_F4,val,8259,7822,hg19,1,0.9560147523880005,0.49377796053886414,validation
xgboost_unweighted_F4_sprint2_main_seed42_regen_seed2024,XGB_F4,val,8260,7822,hg19,1,0.9696678519248962,0.49377796053886414,validation
xgboost_unweighted_F4_sprint2_main_seed42_regen_seed2024,XGB_F4,val,8261,7822,hg19,1,0.9557859301567078,0.49377796053886414,validation
xgboost_unweighted_F4_sprint2_main_seed42_regen_seed2024,XGB_F4,val,8262,7822,hg19,1,0.9630770087242126,0.49377796053886414,validation
xgboost_unweighted_F4_sprint2_main_seed42_regen_seed2024,XGB_F4,val,8263,7822,hg19,1,0.979190468788147,0.49377796053886414,validation
xgboost_unweighted_F4_sprint2_main_seed42_regen_seed2024,XGB_F4,val,8264,7822,hg19,1,0.9700037837028503,0.49377796053886414,validation
xgboost_unweighted_F4_sprint2_main_seed42_regen_seed2024,XGB_F4,val,8265,7822,hg19,1,0.9626190662384033,0.49377796053886414,validation
xgboost_unweighted_F4_sprint2_main_seed42_regen_seed2024,XGB_F4,val,8266,7822,hg19,1,0.9626096487045288,0.49377796053886414,validation
xgboost_unweighted_F4_sprint2_main_seed42_regen_seed2024,XGB_F4,val,8267,7822,hg19,1,0.9596962332725525,0.49377796053886414,validation
xgboost_unweighted_F4_sprint2_main_seed42_regen_seed2024,XGB_F4,val,8268,7822,hg19,1,0.9623768925666809,0.49377796053886414,validation
xgboost_unweighted_F4_sprint2_main_seed42_regen_seed2024,XGB_F4,val,8269,7822,hg19,1,0.9569333791732788,0.49377796053886414,validation
xgboost_unweighted_F4_sprint2_main_seed42_regen_seed2024,XGB_F4,val,8270,7822,hg19,1,0.9603410363197327,0.49377796053886414,validation
xgboost_unweighted_F4_sprint2_main_seed42_regen_seed2024,XGB_F4,val,8271,7822,hg19,1,0.9668887853622437,0.49377796053886414,validation
xgboost_unweighted_F4_sprint2_main_seed42_regen_seed2024,XGB_F4,val,8272,7822,hg19,1,0.9595435261726379,0.49377796053886414,validation
xgboost_unweighted_F4_sprint2_main_seed42_regen_seed2024,XGB_F4,val,8273,7822,hg19,1,0.9664966464042664,0.49377796053886414,validation
xgboost_unweighted_F4_sprint2_main_seed42_regen_seed2024,XGB_F4,val,8274,7822,hg19,1,0.9560824632644653,0.49377796053886414,validation
xgboost_unweighted_F4_sprint2_main_seed42_regen_seed2024,XGB_F4,val,8275,7822,hg19,1,0.9727961421012878,0.49377796053886414,validation
xgboost_unweighted_F4_sprint2_main_seed42_regen_seed2024,XGB_F4,val,8276,7822,hg19,1,0.9549314975738525,0.49377796053886414,validation
xgboost_unweighted_F4_sprint2_main_seed42_regen_seed2024,XGB_F4,val,8277,7822,hg19,1,0.968237042427063,0.49377796053886414,validation
xgboost_unweighted_F4_sprint2_main_seed42_regen_seed2024,XGB_F4,val,8278,7822,hg19,1,0.9585514664649963,0.49377796053886414,validation
xgboost_unweighted_F4_sprint2_main_seed42_regen_seed2024,XGB_F4,val,8279,7822,hg19,1,0.9568519592285156,0.49377796053886414,validation
xgboost_unweighted_F4_sprint2_main_seed42_regen_seed2024,XGB_F4,val,8280,7822,hg19,1,0.9684339761734009,0.49377796053886414,validation
xgboost_unweighted_F4_sprint2_main_seed42_regen_seed2024,XGB_F4,val,8281,7822,hg19,1,0.9629102349281311,0.49377796053886414,validation
xgboost_unweighted_F4_sprint2_main_seed42_regen_seed2024,XGB_F4,val,8282,7822,hg19,1,0.9671238660812378,0.49377796053886414,validation
xgboost_unweighted_F4_sprint2_main_seed42_regen_seed2024,XGB_F4,val,8283,7822,hg19,1,0.9811131954193115,0.49377796053886414,validation
xgboost_unweighted_F4_sprint2_main_seed42_regen_seed2024,XGB_F4,val,8284,7822,hg19,1,0.9645235538482666,0.49377796053886414,validation
xgboost_unweighted_F4_sprint2_main_seed42_regen_seed2024,XGB_F4,val,8285,7822,hg19,1,0.965196967124939,0.49377796053886414,validation
xgboost_unweighted_F4_sprint2_main_seed42_regen_seed2024,XGB_F4,val,8286,7822,hg19,1,0.9421952366828918,0.49377796053886414,validation
xgboost_unweighted_F4_sprint2_main_seed42_regen_seed2024,XGB_F4,val,8287,7822,hg19,1,0.9635904431343079,0.49377796053886414,validation
xgboost_unweighted_F4_sprint2_main_seed42_regen_seed2024,XGB_F4,val,8288,7822,hg19,1,0.9539079070091248,0.49377796053886414,validation
xgboost_unweighted_F4_sprint2_main_seed42_regen_seed2024,XGB_F4,val,8289,7822,hg19,1,0.9576823711395264,0.49377796053886414,validation
xgboost_unweighted_F4_sprint2_main_seed42_regen_seed2024,XGB_F4,val,8290,7822,hg19,1,0.9633174538612366,0.49377796053886414,validation
xgboost_unweighted_F4_sprint2_main_seed42_regen_seed2024,XGB_F4,val,8291,7822,hg19,1,0.9626593589782715,0.49377796053886414,validation
xgboost_unweighted_F4_sprint2_main_seed42_regen_seed2024,XGB_F4,val,8292,7822,hg19,1,0.9681838154792786,0.49377796053886414,validation
xgboost_unweighted_F4_sprint2_main_seed42_regen_seed2024,XGB_F4,val,8293,7822,hg19,1,0.9597219228744507,0.49377796053886414,validation
xgboost_unweighted_F4_sprint2_main_seed42_regen_seed2024,XGB_F4,val,8294,7822,hg19,1,0.9760913252830505,0.49377796053886414,validation
xgboost_unweighted_F4_sprint2_main_seed42_regen_seed2024,XGB_F4,val,8295,7822,hg19,1,0.9666807651519775,0.49377796053886414,validation
xgboost_unweighted_F4_sprint2_main_seed42_regen_seed2024,XGB_F4,val,8296,7822,hg19,1,0.9678832292556763,0.49377796053886414,validation
xgboost_unweighted_F4_sprint2_main_seed42_regen_seed2024,XGB_F4,val,8297,7822,hg19,1,0.9599151015281677,0.49377796053886414,validation
xgboost_unweighted_F4_sprint2_main_seed42_regen_seed2024,XGB_F4,val,8298,7822,hg19,1,0.964681088924408,0.49377796053886414,validation
xgboost_unweighted_F4_sprint2_main_seed42_regen_seed2024,XGB_F4,val,8299,7822,hg19,1,0.9656574130058289,0.49377796053886414,validation
xgboost_unweighted_F4_sprint2_main_seed42_regen_seed2024,XGB_F4,val,8300,7822,hg19,1,0.9774379730224609,0.49377796053886414,validation
xgboost_unweighted_F4_sprint2_main_seed42_regen_seed2024,XGB_F4,val,8301,7822,hg19,1,0.943130373954773,0.49377796053886414,validation
xgboost_unweighted_F4_sprint2_main_seed42_regen_seed2024,XGB_F4,val,8302,7822,hg19,1,0.9496849775314331,0.49377796053886414,validation
xgboost_unweighted_F4_sprint2_main_seed42_regen_seed2024,XGB_F4,val,8303,7822,hg19,1,0.9591590166091919,0.49377796053886414,validation
xgboost_unweighted_F4_sprint2_main_seed42_regen_seed2024,XGB_F4,val,8304,7822,hg19,1,0.590889036655426,0.49377796053886414,validation
xgboost_unweighted_F4_sprint2_main_seed42_regen_seed2024,XGB_F4,val,8305,7822,hg19,1,0.9711394906044006,0.49377796053886414,validation
xgboost_unweighted_F4_sprint2_main_seed42_regen_seed2024,XGB_F4,val,8306,7822,hg19,1,0.9041397571563721,0.49377796053886414,validation
xgboost_unweighted_F4_sprint2_main_seed42_regen_seed2024,XGB_F4,val,8307,7822,hg19,1,0.9546314477920532,0.49377796053886414,validation
xgboost_unweighted_F4_sprint2_main_seed42_regen_seed2024,XGB_F4,val,8308,7822,hg19,1,0.9660386443138123,0.49377796053886414,validation
xgboost_unweighted_F4_sprint2_main_seed42_regen_seed2024,XGB_F4,val,8309,7822,hg19,1,0.9773773550987244,0.49377796053886414,validation
xgboost_unweighted_F4_sprint2_main_seed42_regen_seed2024,XGB_F4,val,8310,7822,hg19,1,0.9768948554992676,0.49377796053886414,validation
xgboost_unweighted_F4_sprint2_main_seed42_regen_seed2024,XGB_F4,val,8311,7822,hg19,1,0.9592368602752686,0.49377796053886414,validation
xgboost_unweighted_F4_sprint2_main_seed42_regen_seed2024,XGB_F4,val,8312,7822,hg19,1,0.9655753970146179,0.49377796053886414,validation
xgboost_unweighted_F4_sprint2_main_seed42_regen_seed2024,XGB_F4,val,8313,7822,hg19,1,0.9644166827201843,0.49377796053886414,validation
xgboost_unweighted_F4_sprint2_main_seed42_regen_seed2024,XGB_F4,val,8314,7822,hg19,1,0.9574698805809021,0.49377796053886414,validation
xgboost_unweighted_F4_sprint2_main_seed42_regen_seed2024,XGB_F4,val,8315,7822,hg19,1,0.9640538096427917,0.49377796053886414,validation
xgboost_unweighted_F4_sprint2_main_seed42_regen_seed2024,XGB_F4,val,8316,7822,hg19,1,0.9708864092826843,0.49377796053886414,validation
xgboost_unweighted_F4_sprint2_main_seed42_regen_seed2024,XGB_F4,val,8317,7822,hg19,1,0.9662046432495117,0.49377796053886414,validation
xgboost_unweighted_F4_sprint2_main_seed42_regen_seed2024,XGB_F4,val,8318,7822,hg19,1,0.9636296629905701,0.49377796053886414,validation
xgboost_unweighted_F4_sprint2_main_seed42_regen_seed2024,XGB_F4,val,9584,9584,hg38,1,0.6809466481208801,0.49377796053886414,validation
xgboost_unweighted_F4_sprint2_main_seed42_regen_seed2024,XGB_F4,val,9585,9584,hg38,1,0.32158225774765015,0.49377796053886414,validation
xgboost_unweighted_F4_sprint2_main_seed42_regen_seed2024,XGB_F4,val,9586,9584,hg38,1,0.42525967955589294,0.49377796053886414,validation
xgboost_unweighted_F4_sprint2_main_seed42_regen_seed2024,XGB_F4,val,9587,9584,hg38,1,0.49377796053886414,0.49377796053886414,validation
xgboost_unweighted_F4_sprint2_main_seed42_regen_seed2024,XGB_F4,val,9588,9584,hg38,1,0.513822078704834,0.49377796053886414,validation
xgboost_unweighted_F4_sprint2_main_seed42_regen_seed2024,XGB_F4,val,9589,9584,hg38,1,0.6344072222709656,0.49377796053886414,validation
xgboost_unweighted_F4_sprint2_main_seed42_regen_seed2024,XGB_F4,val,9590,9584,hg38,1,0.28281915187835693,0.49377796053886414,validation
xgboost_unweighted_F4_sprint2_main_seed42_regen_seed2024,XGB_F4,val,9591,9584,hg38,1,0.3335210978984833,0.49377796053886414,validation
xgboost_unweighted_F4_sprint2_main_seed42_regen_seed2024,XGB_F4,val,9592,9584,hg38,1,0.33830809593200684,0.49377796053886414,validation
xgboost_unweighted_F4_sprint2_main_seed42_regen_seed2024,XGB_F4,val,9593,9584,hg38,1,0.49518516659736633,0.49377796053886414,validation
xgboost_unweighted_F4_sprint2_main_seed42_regen_seed2024,XGB_F4,val,9594,9584,hg38,1,0.5000472664833069,0.49377796053886414,validation
xgboost_unweighted_F4_sprint2_main_seed42_regen_seed2024,XGB_F4,val,9595,9584,hg38,1,0.38791194558143616,0.49377796053886414,validation
xgboost_unweighted_F4_sprint2_main_seed42_regen_seed2024,XGB_F4,val,9596,9584,hg38,1,0.4156969487667084,0.49377796053886414,validation
xgboost_unweighted_F4_sprint2_main_seed42_regen_seed2024,XGB_F4,val,9597,9584,hg38,1,0.4549206793308258,0.49377796053886414,validation
xgboost_unweighted_F4_sprint2_main_seed42_regen_seed2024,XGB_F4,val,9598,9584,hg38,1,0.38471347093582153,0.49377796053886414,validation
xgboost_unweighted_F4_sprint2_main_seed42_regen_seed2024,XGB_F4,val,9599,9584,hg38,1,0.39733681082725525,0.49377796053886414,validation
xgboost_unweighted_F4_sprint2_main_seed42_regen_seed2024,XGB_F4,val,9600,9584,hg38,1,0.3958362638950348,0.49377796053886414,validation
xgboost_unweighted_F4_sprint2_main_seed42_regen_seed2024,XGB_F4,val,9601,9584,hg38,1,0.5857386589050293,0.49377796053886414,validation
xgboost_unweighted_F4_sprint2_main_seed42_regen_seed2024,XGB_F4,val,9602,9584,hg38,1,0.41662341356277466,0.49377796053886414,validation
xgboost_unweighted_F4_sprint2_main_seed42_regen_seed2024,XGB_F4,val,9603,9584,hg38,1,0.3144063949584961,0.49377796053886414,validation
xgboost_unweighted_F4_sprint2_main_seed42_regen_seed2024,XGB_F4,val,9604,9584,hg38,1,0.3290092945098877,0.49377796053886414,validation
xgboost_unweighted_F4_sprint2_main_seed42_regen_seed2024,XGB_F4,val,9605,9584,hg38,1,0.38694334030151367,0.49377796053886414,validation
xgboost_unweighted_F4_sprint2_main_seed42_regen_seed2024,XGB_F4,val,9606,9584,hg38,1,0.4159586429595947,0.49377796053886414,validation
xgboost_unweighted_F4_sprint2_main_seed42_regen_seed2024,XGB_F4,val,9607,9584,hg38,1,0.5957285761833191,0.49377796053886414,validation
xgboost_unweighted_F4_sprint2_main_seed42_regen_seed2024,XGB_F4,val,9608,9584,hg38,1,0.3368685245513916,0.49377796053886414,validation
xgboost_unweighted_F4_sprint2_main_seed42_regen_seed2024,XGB_F4,val,9609,9584,hg38,1,0.4042164981365204,0.49377796053886414,validation
xgboost_unweighted_F4_sprint2_main_seed42_regen_seed2024,XGB_F4,val,9610,9584,hg38,1,0.3987797200679779,0.49377796053886414,validation
xgboost_unweighted_F4_sprint2_main_seed42_regen_seed2024,XGB_F4,val,9611,9584,hg38,1,0.3716813325881958,0.49377796053886414,validation
xgboost_unweighted_F4_sprint2_main_seed42_regen_seed2024,XGB_F4,val,9612,9584,hg38,1,0.32671740651130676,0.49377796053886414,validation
xgboost_unweighted_F4_sprint2_main_seed42_regen_seed2024,XGB_F4,val,9613,9584,hg38,1,0.35326623916625977,0.49377796053886414,validation
xgboost_unweighted_F4_sprint2_main_seed42_regen_seed2024,XGB_F4,val,9614,9584,hg38,1,0.2715859115123749,0.49377796053886414,validation
xgboost_unweighted_F4_sprint2_main_seed42_regen_seed2024,XGB_F4,val,9615,9584,hg38,1,0.3670255243778229,0.49377796053886414,validation
xgboost_unweighted_F4_sprint2_main_seed42_regen_seed2024,XGB_F4,val,9616,9584,hg38,1,0.32937073707580566,0.49377796053886414,validation
xgboost_unweighted_F4_sprint2_main_seed42_regen_seed2024,XGB_F4,val,9617,9584,hg38,1,0.27131733298301697,0.49377796053886414,validation
xgboost_unweighted_F4_sprint2_main_seed42_regen_seed2024,XGB_F4,val,9618,9584,hg38,1,0.4196808934211731,0.49377796053886414,validation
xgboost_unweighted_F4_sprint2_main_seed42_regen_seed2024,XGB_F4,val,9619,9584,hg38,1,0.4452681541442871,0.49377796053886414,validation
xgboost_unweighted_F4_sprint2_main_seed42_regen_seed2024,XGB_F4,val,9620,9584,hg38,1,0.533900797367096,0.49377796053886414,validation
xgboost_unweighted_F4_sprint2_main_seed42_regen_seed2024,XGB_F4,val,9621,9584,hg38,1,0.3309600055217743,0.49377796053886414,validation
xgboost_unweighted_F4_sprint2_main_seed42_regen_seed2024,XGB_F4,val,9622,9584,hg38,1,0.3226746916770935,0.49377796053886414,validation
xgboost_unweighted_F4_sprint2_main_seed42_regen_seed2024,XGB_F4,val,9623,9584,hg38,1,0.3985269367694855,0.49377796053886414,validation
xgboost_unweighted_F4_sprint2_main_seed42_regen_seed2024,XGB_F4,val,9624,9584,hg38,1,0.3367331326007843,0.49377796053886414,validation
xgboost_unweighted_F4_sprint2_main_seed42_regen_seed2024,XGB_F4,val,9625,9584,hg38,1,0.34557434916496277,0.49377796053886414,validation
xgboost_unweighted_F4_sprint2_main_seed42_regen_seed2024,XGB_F4,val,9626,9584,hg38,1,0.554262101650238,0.49377796053886414,validation
xgboost_unweighted_F4_sprint2_main_seed42_regen_seed2024,XGB_F4,val,9627,9584,hg38,1,0.39604684710502625,0.49377796053886414,validation
xgboost_unweighted_F4_sprint2_main_seed42_regen_seed2024,XGB_F4,val,9628,9584,hg38,1,0.31684035062789917,0.49377796053886414,validation
xgboost_unweighted_F4_sprint2_main_seed42_regen_seed2024,XGB_F4,val,9629,9584,hg38,1,0.42038893699645996,0.49377796053886414,validation
xgboost_unweighted_F4_sprint2_main_seed42_regen_seed2024,XGB_F4,val,9630,9584,hg38,1,0.5436056852340698,0.49377796053886414,validation
xgboost_unweighted_F4_sprint2_main_seed42_regen_seed2024,XGB_F4,val,9631,9584,hg38,1,0.6879237294197083,0.49377796053886414,validation
xgboost_unweighted_F4_sprint2_main_seed42_regen_seed2024,XGB_F4,val,9632,9584,hg38,1,0.3829067349433899,0.49377796053886414,validation
xgboost_unweighted_F4_sprint2_main_seed42_regen_seed2024,XGB_F4,val,9633,9584,hg38,1,0.31070345640182495,0.49377796053886414,validation
xgboost_unweighted_F4_sprint2_main_seed42_regen_seed2024,XGB_F4,val,9634,9584,hg38,1,0.5070405602455139,0.49377796053886414,validation
xgboost_unweighted_F4_sprint2_main_seed42_regen_seed2024,XGB_F4,val,9635,9584,hg38,1,0.3333171010017395,0.49377796053886414,validation
xgboost_unweighted_F4_sprint2_main_seed42_regen_seed2024,XGB_F4,val,9636,9584,hg38,1,0.4380130171775818,0.49377796053886414,validation
xgboost_unweighted_F4_sprint2_main_seed42_regen_seed2024,XGB_F4,val,9637,9584,hg38,1,0.323922336101532,0.49377796053886414,validation
xgboost_unweighted_F4_sprint2_main_seed42_regen_seed2024,XGB_F4,val,9638,9584,hg38,1,0.37113118171691895,0.49377796053886414,validation
xgboost_unweighted_F4_sprint2_main_seed42_regen_seed2024,XGB_F4,val,9639,9584,hg38,1,0.5526719689369202,0.49377796053886414,validation
xgboost_unweighted_F4_sprint2_main_seed42_regen_seed2024,XGB_F4,val,9640,9584,hg38,1,0.6063393354415894,0.49377796053886414,validation
xgboost_unweighted_F4_sprint2_main_seed42_regen_seed2024,XGB_F4,val,9641,9584,hg38,1,0.3683947026729584,0.49377796053886414,validation
xgboost_unweighted_F4_sprint2_main_seed42_regen_seed2024,XGB_F4,val,9642,9584,hg38,1,0.33743682503700256,0.49377796053886414,validation
xgboost_unweighted_F4_sprint2_main_seed42_regen_seed2024,XGB_F4,val,9643,9584,hg38,1,0.40057244896888733,0.49377796053886414,validation
xgboost_unweighted_F4_sprint2_main_seed42_regen_seed2024,XGB_F4,val,9644,9584,hg38,1,0.6963403820991516,0.49377796053886414,validation
xgboost_unweighted_F4_sprint2_main_seed42_regen_seed2024,XGB_F4,val,9645,9584,hg38,1,0.30310723185539246,0.49377796053886414,validation
xgboost_unweighted_F4_sprint2_main_seed42_regen_seed2024,XGB_F4,val,9646,9584,hg38,1,0.38499879837036133,0.49377796053886414,validation
xgboost_unweighted_F4_sprint2_main_seed42_regen_seed2024,XGB_F4,val,9647,9584,hg38,1,0.28055325150489807,0.49377796053886414,validation
xgboost_unweighted_F4_sprint2_main_seed42_regen_seed2024,XGB_F4,val,9648,9584,hg38,1,0.473877489566803,0.49377796053886414,validation
xgboost_unweighted_F4_sprint2_main_seed42_regen_seed2024,XGB_F4,val,9649,9584,hg38,1,0.5049850344657898,0.49377796053886414,validation
xgboost_unweighted_F4_sprint2_main_seed42_regen_seed2024,XGB_F4,val,9650,9584,hg38,1,0.3324846923351288,0.49377796053886414,validation
xgboost_unweighted_F4_sprint2_main_seed42_regen_seed2024,XGB_F4,val,9651,9584,hg38,1,0.39994072914123535,0.49377796053886414,validation
xgboost_unweighted_F4_sprint2_main_seed42_regen_seed2024,XGB_F4,val,9652,9584,hg38,1,0.3230125308036804,0.49377796053886414,validation
xgboost_unweighted_F4_sprint2_main_seed42_regen_seed2024,XGB_F4,val,9653,9584,hg38,1,0.49528029561042786,0.49377796053886414,validation
xgboost_unweighted_F4_sprint2_main_seed42_regen_seed2024,XGB_F4,val,9654,9584,hg38,1,0.6442426443099976,0.49377796053886414,validation
xgboost_unweighted_F4_sprint2_main_seed42_regen_seed2024,XGB_F4,val,9655,9584,hg38,1,0.35511231422424316,0.49377796053886414,validation
xgboost_unweighted_F4_sprint2_main_seed42_regen_seed2024,XGB_F4,val,9656,9584,hg38,1,0.4951677918434143,0.49377796053886414,validation
xgboost_unweighted_F4_sprint2_main_seed42_regen_seed2024,XGB_F4,val,9657,9584,hg38,1,0.35344669222831726,0.49377796053886414,validation
xgboost_unweighted_F4_sprint2_main_seed42_regen_seed2024,XGB_F4,val,9658,9584,hg38,1,0.4030663073062897,0.49377796053886414,validation
xgboost_unweighted_F4_sprint2_main_seed42_regen_seed2024,XGB_F4,val,9659,9584,hg38,1,0.3121333122253418,0.49377796053886414,validation
xgboost_unweighted_F4_sprint2_main_seed42_regen_seed2024,XGB_F4,val,9660,9584,hg38,1,0.3117404282093048,0.49377796053886414,validation
xgboost_unweighted_F4_sprint2_main_seed42_regen_seed2024,XGB_F4,val,9661,9584,hg38,1,0.5472984910011292,0.49377796053886414,validation
xgboost_unweighted_F4_sprint2_main_seed42_regen_seed2024,XGB_F4,val,9662,9584,hg38,1,0.38483595848083496,0.49377796053886414,validation
xgboost_unweighted_F4_sprint2_main_seed42_regen_seed2024,XGB_F4,val,9663,9584,hg38,1,0.3592243492603302,0.49377796053886414,validation
xgboost_unweighted_F4_sprint2_main_seed42_regen_seed2024,XGB_F4,val,9664,9584,hg38,1,0.30840036273002625,0.49377796053886414,validation
xgboost_unweighted_F4_sprint2_main_seed42_regen_seed2024,XGB_F4,val,9665,9584,hg38,1,0.33193713426589966,0.49377796053886414,validation
xgboost_unweighted_F4_sprint2_main_seed42_regen_seed2024,XGB_F4,val,9666,9584,hg38,1,0.3841003179550171,0.49377796053886414,validation
xgboost_unweighted_F4_sprint2_main_seed42_regen_seed2024,XGB_F4,val,9667,9584,hg38,1,0.3463219106197357,0.49377796053886414,validation
xgboost_unweighted_F4_sprint2_main_seed42_regen_seed2024,XGB_F4,val,9668,9584,hg38,1,0.5746480226516724,0.49377796053886414,validation
xgboost_unweighted_F4_sprint2_main_seed42_regen_seed2024,XGB_F4,val,9669,9584,hg38,1,0.75131756067276,0.49377796053886414,validation
xgboost_unweighted_F4_sprint2_main_seed42_regen_seed2024,XGB_F4,val,9670,9584,hg38,1,0.56315678358078,0.49377796053886414,validation
xgboost_unweighted_F4_sprint2_main_seed42_regen_seed2024,XGB_F4,val,9671,9584,hg38,1,0.44502153992652893,0.49377796053886414,validation
xgboost_unweighted_F4_sprint2_main_seed42_regen_seed2024,XGB_F4,val,9672,9584,hg38,1,0.4605671465396881,0.49377796053886414,validation
xgboost_unweighted_F4_sprint2_main_seed42_regen_seed2024,XGB_F4,val,9673,9584,hg38,1,0.39026737213134766,0.49377796053886414,validation
xgboost_unweighted_F4_sprint2_main_seed42_regen_seed2024,XGB_F4,val,9674,9584,hg38,1,0.31564006209373474,0.49377796053886414,validation
xgboost_unweighted_F4_sprint2_main_seed42_regen_seed2024,XGB_F4,val,9675,9584,hg38,1,0.32923978567123413,0.49377796053886414,validation
xgboost_unweighted_F4_sprint2_main_seed42_regen_seed2024,XGB_F4,val,9676,9584,hg38,1,0.5188044905662537,0.49377796053886414,validation
xgboost_unweighted_F4_sprint2_main_seed42_regen_seed2024,XGB_F4,val,9677,9584,hg38,1,0.517181396484375,0.49377796053886414,validation
xgboost_unweighted_F4_sprint2_main_seed42_regen_seed2024,XGB_F4,val,9678,9584,hg38,1,0.3106127977371216,0.49377796053886414,validation
xgboost_unweighted_F4_sprint2_main_seed42_regen_seed2024,XGB_F4,val,9679,9584,hg38,1,0.7508075833320618,0.49377796053886414,validation
xgboost_unweighted_F4_sprint2_main_seed42_regen_seed2024,XGB_F4,val,9680,9584,hg38,1,0.3231012225151062,0.49377796053886414,validation
xgboost_unweighted_F4_sprint2_main_seed42_regen_seed2024,XGB_F4,val,9681,9584,hg38,0,0.3113563060760498,0.49377796053886414,validation
xgboost_unweighted_F4_sprint2_main_seed42_regen_seed2024,XGB_F4,val,9682,9584,hg38,0,0.32843610644340515,0.49377796053886414,validation
xgboost_unweighted_F4_sprint2_main_seed42_regen_seed2024,XGB_F4,val,9683,9584,hg38,0,0.3170534670352936,0.49377796053886414,validation
xgboost_unweighted_F4_sprint2_main_seed42_regen_seed2024,XGB_F4,val,9684,9584,hg38,0,0.45492228865623474,0.49377796053886414,validation
xgboost_unweighted_F4_sprint2_main_seed42_regen_seed2024,XGB_F4,val,9685,9584,hg38,0,0.32517340779304504,0.49377796053886414,validation
xgboost_unweighted_F4_sprint2_main_seed42_regen_seed2024,XGB_F4,val,9686,9584,hg38,0,0.2993602752685547,0.49377796053886414,validation
xgboost_unweighted_F4_sprint2_main_seed42_regen_seed2024,XGB_F4,val,9687,9584,hg38,0,0.32987064123153687,0.49377796053886414,validation
xgboost_unweighted_F4_sprint2_main_seed42_regen_seed2024,XGB_F4,val,9688,9584,hg38,0,0.41858917474746704,0.49377796053886414,validation
xgboost_unweighted_F4_sprint2_main_seed42_regen_seed2024,XGB_F4,val,9689,9584,hg38,0,0.38796862959861755,0.49377796053886414,validation
xgboost_unweighted_F4_sprint2_main_seed42_regen_seed2024,XGB_F4,val,9690,9584,hg38,0,0.37964749336242676,0.49377796053886414,validation
xgboost_unweighted_F4_sprint2_main_seed42_regen_seed2024,XGB_F4,val,9691,9584,hg38,0,0.28105422854423523,0.49377796053886414,validation
xgboost_unweighted_F4_sprint2_main_seed42_regen_seed2024,XGB_F4,val,9692,9584,hg38,0,0.328973650932312,0.49377796053886414,validation
xgboost_unweighted_F4_sprint2_main_seed42_regen_seed2024,XGB_F4,val,9693,9584,hg38,0,0.4447622299194336,0.49377796053886414,validation
xgboost_unweighted_F4_sprint2_main_seed42_regen_seed2024,XGB_F4,val,9694,9584,hg38,0,0.294881671667099,0.49377796053886414,validation
xgboost_unweighted_F4_sprint2_main_seed42_regen_seed2024,XGB_F4,val,9695,9584,hg38,0,0.49802881479263306,0.49377796053886414,validation
xgboost_unweighted_F4_sprint2_main_seed42_regen_seed2024,XGB_F4,val,9696,9584,hg38,0,0.3663903474807739,0.49377796053886414,validation
xgboost_unweighted_F4_sprint2_main_seed42_regen_seed2024,XGB_F4,val,9697,9584,hg38,0,0.2942473590373993,0.49377796053886414,validation
xgboost_unweighted_F4_sprint2_main_seed42_regen_seed2024,XGB_F4,val,9698,9584,hg38,0,0.4597811698913574,0.49377796053886414,validation
xgboost_unweighted_F4_sprint2_main_seed42_regen_seed2024,XGB_F4,val,9699,9584,hg38,0,0.43783193826675415,0.49377796053886414,validation
xgboost_unweighted_F4_sprint2_main_seed42_regen_seed2024,XGB_F4,val,9700,9584,hg38,0,0.28833064436912537,0.49377796053886414,validation
xgboost_unweighted_F4_sprint2_main_seed42_regen_seed2024,XGB_F4,val,9701,9584,hg38,0,0.4477424919605255,0.49377796053886414,validation
xgboost_unweighted_F4_sprint2_main_seed42_regen_seed2024,XGB_F4,val,9702,9584,hg38,0,0.887342631816864,0.49377796053886414,validation
xgboost_unweighted_F4_sprint2_main_seed42_regen_seed2024,XGB_F4,val,9703,9584,hg38,0,0.3175034523010254,0.49377796053886414,validation
xgboost_unweighted_F4_sprint2_main_seed42_regen_seed2024,XGB_F4,val,9704,9584,hg38,0,0.47822272777557373,0.49377796053886414,validation
xgboost_unweighted_F4_sprint2_main_seed42_regen_seed2024,XGB_F4,val,9705,9584,hg38,0,0.3818649649620056,0.49377796053886414,validation
xgboost_unweighted_F4_sprint2_main_seed42_regen_seed2024,XGB_F4,val,9706,9584,hg38,0,0.36183488368988037,0.49377796053886414,validation
xgboost_unweighted_F4_sprint2_main_seed42_regen_seed2024,XGB_F4,val,9707,9584,hg38,0,0.35494351387023926,0.49377796053886414,validation
xgboost_unweighted_F4_sprint2_main_seed42_regen_seed2024,XGB_F4,val,9708,9584,hg38,0,0.34786197543144226,0.49377796053886414,validation
xgboost_unweighted_F4_sprint2_main_seed42_regen_seed2024,XGB_F4,val,9709,9584,hg38,0,0.30757370591163635,0.49377796053886414,validation
xgboost_unweighted_F4_sprint2_main_seed42_regen_seed2024,XGB_F4,val,9710,9584,hg38,0,0.6385882496833801,0.49377796053886414,validation
xgboost_unweighted_F4_sprint2_main_seed42_regen_seed2024,XGB_F4,val,9711,9584,hg38,0,0.2983286678791046,0.49377796053886414,validation
xgboost_unweighted_F4_sprint2_main_seed42_regen_seed2024,XGB_F4,val,9712,9584,hg38,0,0.39976441860198975,0.49377796053886414,validation
xgboost_unweighted_F4_sprint2_main_seed42_regen_seed2024,XGB_F4,val,9713,9584,hg38,0,0.39732271432876587,0.49377796053886414,validation
xgboost_unweighted_F4_sprint2_main_seed42_regen_seed2024,XGB_F4,val,9714,9584,hg38,0,0.39433491230010986,0.49377796053886414,validation
xgboost_unweighted_F4_sprint2_main_seed42_regen_seed2024,XGB_F4,val,9715,9584,hg38,0,0.3174535632133484,0.49377796053886414,validation
xgboost_unweighted_F4_sprint2_main_seed42_regen_seed2024,XGB_F4,val,9716,9584,hg38,0,0.41215527057647705,0.49377796053886414,validation
xgboost_unweighted_F4_sprint2_main_seed42_regen_seed2024,XGB_F4,val,9717,9584,hg38,0,0.7859361171722412,0.49377796053886414,validation
xgboost_unweighted_F4_sprint2_main_seed42_regen_seed2024,XGB_F4,val,9718,9584,hg38,0,0.41494253277778625,0.49377796053886414,validation
xgboost_unweighted_F4_sprint2_main_seed42_regen_seed2024,XGB_F4,val,9719,9584,hg38,0,0.5312658548355103,0.49377796053886414,validation
xgboost_unweighted_F4_sprint2_main_seed42_regen_seed2024,XGB_F4,val,9720,9584,hg38,0,0.619978129863739,0.49377796053886414,validation
xgboost_unweighted_F4_sprint2_main_seed42_regen_seed2024,XGB_F4,val,9721,9584,hg38,0,0.5857231616973877,0.49377796053886414,validation
xgboost_unweighted_F4_sprint2_main_seed42_regen_seed2024,XGB_F4,val,9722,9584,hg38,0,0.41454818844795227,0.49377796053886414,validation
xgboost_unweighted_F4_sprint2_main_seed42_regen_seed2024,XGB_F4,val,9723,9584,hg38,0,0.3471376299858093,0.49377796053886414,validation
xgboost_unweighted_F4_sprint2_main_seed42_regen_seed2024,XGB_F4,val,9724,9584,hg38,0,0.27491310238838196,0.49377796053886414,validation
xgboost_unweighted_F4_sprint2_main_seed42_regen_seed2024,XGB_F4,val,9725,9584,hg38,0,0.5481532216072083,0.49377796053886414,validation
xgboost_unweighted_F4_sprint2_main_seed42_regen_seed2024,XGB_F4,val,9726,9584,hg38,0,0.3553994297981262,0.49377796053886414,validation
xgboost_unweighted_F4_sprint2_main_seed42_regen_seed2024,XGB_F4,val,9727,9584,hg38,0,0.3367542028427124,0.49377796053886414,validation
xgboost_unweighted_F4_sprint2_main_seed42_regen_seed2024,XGB_F4,val,9728,9584,hg38,0,0.5620264410972595,0.49377796053886414,validation
xgboost_unweighted_F4_sprint2_main_seed42_regen_seed2024,XGB_F4,val,9729,9584,hg38,0,0.30161431431770325,0.49377796053886414,validation
xgboost_unweighted_F4_sprint2_main_seed42_regen_seed2024,XGB_F4,val,9730,9584,hg38,0,0.3505834937095642,0.49377796053886414,validation
xgboost_unweighted_F4_sprint2_main_seed42_regen_seed2024,XGB_F4,val,9731,9584,hg38,0,0.3605487644672394,0.49377796053886414,validation
xgboost_unweighted_F4_sprint2_main_seed42_regen_seed2024,XGB_F4,val,9732,9584,hg38,0,0.29978057742118835,0.49377796053886414,validation
xgboost_unweighted_F4_sprint2_main_seed42_regen_seed2024,XGB_F4,val,9733,9584,hg38,0,0.3727675974369049,0.49377796053886414,validation
xgboost_unweighted_F4_sprint2_main_seed42_regen_seed2024,XGB_F4,val,9734,9584,hg38,0,0.396092027425766,0.49377796053886414,validation
xgboost_unweighted_F4_sprint2_main_seed42_regen_seed2024,XGB_F4,val,9735,9584,hg38,0,0.38218432664871216,0.49377796053886414,validation
xgboost_unweighted_F4_sprint2_main_seed42_regen_seed2024,XGB_F4,val,9736,9584,hg38,0,0.3323732614517212,0.49377796053886414,validation
xgboost_unweighted_F4_sprint2_main_seed42_regen_seed2024,XGB_F4,val,9737,9584,hg38,0,0.425441712141037,0.49377796053886414,validation
xgboost_unweighted_F4_sprint2_main_seed42_regen_seed2024,XGB_F4,val,9738,9584,hg38,0,0.3167678415775299,0.49377796053886414,validation
xgboost_unweighted_F4_sprint2_main_seed42_regen_seed2024,XGB_F4,val,9739,9584,hg38,0,0.3732655942440033,0.49377796053886414,validation
xgboost_unweighted_F4_sprint2_main_seed42_regen_seed2024,XGB_F4,val,9740,9584,hg38,0,0.33293774724006653,0.49377796053886414,validation
xgboost_unweighted_F4_sprint2_main_seed42_regen_seed2024,XGB_F4,val,9741,9584,hg38,0,0.3845813274383545,0.49377796053886414,validation
xgboost_unweighted_F4_sprint2_main_seed42_regen_seed2024,XGB_F4,val,9742,9584,hg38,0,0.7620265483856201,0.49377796053886414,validation
xgboost_unweighted_F4_sprint2_main_seed42_regen_seed2024,XGB_F4,val,9743,9584,hg38,0,0.2916249632835388,0.49377796053886414,validation
xgboost_unweighted_F4_sprint2_main_seed42_regen_seed2024,XGB_F4,val,9744,9584,hg38,0,0.33656591176986694,0.49377796053886414,validation
xgboost_unweighted_F4_sprint2_main_seed42_regen_seed2024,XGB_F4,val,9745,9584,hg38,0,0.5483102798461914,0.49377796053886414,validation
xgboost_unweighted_F4_sprint2_main_seed42_regen_seed2024,XGB_F4,val,9746,9584,hg38,0,0.3121400773525238,0.49377796053886414,validation
xgboost_unweighted_F4_sprint2_main_seed42_regen_seed2024,XGB_F4,val,9747,9584,hg38,0,0.3833080530166626,0.49377796053886414,validation
xgboost_unweighted_F4_sprint2_main_seed42_regen_seed2024,XGB_F4,val,9748,9584,hg38,0,0.4432186186313629,0.49377796053886414,validation
xgboost_unweighted_F4_sprint2_main_seed42_regen_seed2024,XGB_F4,val,9749,9584,hg38,0,0.336603581905365,0.49377796053886414,validation
xgboost_unweighted_F4_sprint2_main_seed42_regen_seed2024,XGB_F4,val,9750,9584,hg38,0,0.40728965401649475,0.49377796053886414,validation
xgboost_unweighted_F4_sprint2_main_seed42_regen_seed2024,XGB_F4,val,9751,9584,hg38,0,0.3933643102645874,0.49377796053886414,validation
xgboost_unweighted_F4_sprint2_main_seed42_regen_seed2024,XGB_F4,val,9752,9584,hg38,0,0.5370123982429504,0.49377796053886414,validation
xgboost_unweighted_F4_sprint2_main_seed42_regen_seed2024,XGB_F4,val,9753,9584,hg38,0,0.4259774684906006,0.49377796053886414,validation
xgboost_unweighted_F4_sprint2_main_seed42_regen_seed2024,XGB_F4,val,9754,9584,hg38,0,0.6120999455451965,0.49377796053886414,validation
xgboost_unweighted_F4_sprint2_main_seed42_regen_seed2024,XGB_F4,val,9755,9584,hg38,0,0.46220213174819946,0.49377796053886414,validation
xgboost_unweighted_F4_sprint2_main_seed42_regen_seed2024,XGB_F4,val,9756,9584,hg38,0,0.39604198932647705,0.49377796053886414,validation
xgboost_unweighted_F4_sprint2_main_seed42_regen_seed2024,XGB_F4,val,9757,9584,hg38,0,0.439567506313324,0.49377796053886414,validation
xgboost_unweighted_F4_sprint2_main_seed42_regen_seed2024,XGB_F4,val,9758,9584,hg38,0,0.3535119891166687,0.49377796053886414,validation
xgboost_unweighted_F4_sprint2_main_seed42_regen_seed2024,XGB_F4,val,9759,9584,hg38,0,0.4926483929157257,0.49377796053886414,validation
xgboost_unweighted_F4_sprint2_main_seed42_regen_seed2024,XGB_F4,val,9760,9584,hg38,0,0.29420486092567444,0.49377796053886414,validation
xgboost_unweighted_F4_sprint2_main_seed42_regen_seed2024,XGB_F4,val,9761,9584,hg38,0,0.41888007521629333,0.49377796053886414,validation
xgboost_unweighted_F4_sprint2_main_seed42_regen_seed2024,XGB_F4,val,9762,9584,hg38,0,0.4000815749168396,0.49377796053886414,validation
xgboost_unweighted_F4_sprint2_main_seed42_regen_seed2024,XGB_F4,val,9763,9584,hg38,0,0.44164636731147766,0.49377796053886414,validation
xgboost_unweighted_F4_sprint2_main_seed42_regen_seed2024,XGB_F4,val,9764,9584,hg38,0,0.5532996654510498,0.49377796053886414,validation
xgboost_unweighted_F4_sprint2_main_seed42_regen_seed2024,XGB_F4,val,9765,9584,hg38,0,0.3301466703414917,0.49377796053886414,validation
xgboost_unweighted_F4_sprint2_main_seed42_regen_seed2024,XGB_F4,val,9766,9584,hg38,0,0.39268067479133606,0.49377796053886414,validation
xgboost_unweighted_F4_sprint2_main_seed42_regen_seed2024,XGB_F4,val,9767,9584,hg38,0,0.3788364827632904,0.49377796053886414,validation
xgboost_unweighted_F4_sprint2_main_seed42_regen_seed2024,XGB_F4,val,9768,9584,hg38,0,0.45275479555130005,0.49377796053886414,validation
xgboost_unweighted_F4_sprint2_main_seed42_regen_seed2024,XGB_F4,val,9769,9584,hg38,0,0.5301322340965271,0.49377796053886414,validation
xgboost_unweighted_F4_sprint2_main_seed42_regen_seed2024,XGB_F4,val,9770,9584,hg38,0,0.35002171993255615,0.49377796053886414,validation
xgboost_unweighted_F4_sprint2_main_seed42_regen_seed2024,XGB_F4,val,9771,9584,hg38,0,0.3735513985157013,0.49377796053886414,validation
xgboost_unweighted_F4_sprint2_main_seed42_regen_seed2024,XGB_F4,val,9772,9584,hg38,0,0.8630864024162292,0.49377796053886414,validation
xgboost_unweighted_F4_sprint2_main_seed42_regen_seed2024,XGB_F4,val,9773,9584,hg38,0,0.3493509292602539,0.49377796053886414,validation
xgboost_unweighted_F4_sprint2_main_seed42_regen_seed2024,XGB_F4,val,9774,9584,hg38,0,0.2965043783187866,0.49377796053886414,validation
xgboost_unweighted_F4_sprint2_main_seed42_regen_seed2024,XGB_F4,val,9775,9584,hg38,0,0.47343823313713074,0.49377796053886414,validation
xgboost_unweighted_F4_sprint2_main_seed42_regen_seed2024,XGB_F4,val,9776,9584,hg38,0,0.4085668623447418,0.49377796053886414,validation
xgboost_unweighted_F4_sprint2_main_seed42_regen_seed2024,XGB_F4,val,9777,9584,hg38,0,0.3908343017101288,0.49377796053886414,validation
xgboost_unweighted_F4_sprint2_main_seed42_regen_seed2024,XGB_F4,val,9778,9584,hg38,0,0.625111997127533,0.49377796053886414,validation
xgboost_unweighted_F4_sprint2_main_seed42_regen_seed2024,XGB_F4,val,9779,9584,hg38,0,0.32537320256233215,0.49377796053886414,validation
xgboost_unweighted_F4_sprint2_main_seed42_regen_seed2024,XGB_F4,val,9780,9584,hg38,0,0.43473607301712036,0.49377796053886414,validation
xgboost_unweighted_F4_sprint2_main_seed42_regen_seed2024,XGB_F4,val,9781,9584,hg38,0,0.3815319836139679,0.49377796053886414,validation
xgboost_unweighted_F4_sprint2_main_seed42_regen_seed2024,XGB_F4,val,9782,9584,hg38,0,0.3343169093132019,0.49377796053886414,validation
xgboost_unweighted_F4_sprint2_main_seed42_regen_seed2024,XGB_F4,val,9783,9584,hg38,0,0.3295744061470032,0.49377796053886414,validation
xgboost_unweighted_F4_sprint2_main_seed42_regen_seed2024,XGB_F4,val,9784,9584,hg38,0,0.41203951835632324,0.49377796053886414,validation
xgboost_unweighted_F4_sprint2_main_seed42_regen_seed2024,XGB_F4,val,9785,9584,hg38,0,0.3169698715209961,0.49377796053886414,validation
xgboost_unweighted_F4_sprint2_main_seed42_regen_seed2024,XGB_F4,val,9786,9584,hg38,0,0.32486820220947266,0.49377796053886414,validation
xgboost_unweighted_F4_sprint2_main_seed42_regen_seed2024,XGB_F4,val,9787,9584,hg38,0,0.5322670936584473,0.49377796053886414,validation
xgboost_unweighted_F4_sprint2_main_seed42_regen_seed2024,XGB_F4,val,9788,9584,hg38,0,0.4377047121524811,0.49377796053886414,validation
xgboost_unweighted_F4_sprint2_main_seed42_regen_seed2024,XGB_F4,val,10151,10151,hg38,1,0.6650612354278564,0.49377796053886414,validation
xgboost_unweighted_F4_sprint2_main_seed42_regen_seed2024,XGB_F4,val,10152,10151,hg38,0,0.3505655825138092,0.49377796053886414,validation
xgboost_unweighted_F4_sprint2_main_seed42_regen_seed2024,XGB_F4,val,10153,10151,hg38,0,0.3280593752861023,0.49377796053886414,validation
xgboost_unweighted_F4_sprint2_main_seed42_regen_seed2024,XGB_F4,val,10154,10151,hg38,0,0.3120093047618866,0.49377796053886414,validation
xgboost_unweighted_F4_sprint2_main_seed42_regen_seed2024,XGB_F4,val,10155,10151,hg38,1,0.2993408739566803,0.49377796053886414,validation
xgboost_unweighted_F4_sprint2_main_seed42_regen_seed2024,XGB_F4,val,10156,10151,hg38,0,0.41144418716430664,0.49377796053886414,validation
xgboost_unweighted_F4_sprint2_main_seed42_regen_seed2024,XGB_F4,val,10157,10151,hg38,0,0.27859675884246826,0.49377796053886414,validation
xgboost_unweighted_F4_sprint2_main_seed42_regen_seed2024,XGB_F4,val,10158,10151,hg38,0,0.40239354968070984,0.49377796053886414,validation
xgboost_unweighted_F4_sprint2_main_seed42_regen_seed2024,XGB_F4,val,10159,10151,hg38,0,0.4060705900192261,0.49377796053886414,validation
xgboost_unweighted_F4_sprint2_main_seed42_regen_seed2024,XGB_F4,val,10160,10151,hg38,0,0.3731711208820343,0.49377796053886414,validation
xgboost_unweighted_F4_sprint2_main_seed42_regen_seed2024,XGB_F4,val,10161,10151,hg38,1,0.3396385908126831,0.49377796053886414,validation
xgboost_unweighted_F4_sprint2_main_seed42_regen_seed2024,XGB_F4,val,10162,10151,hg38,0,0.37659308314323425,0.49377796053886414,validation
xgboost_unweighted_F4_sprint2_main_seed42_regen_seed2024,XGB_F4,val,10163,10151,hg38,0,0.2887108325958252,0.49377796053886414,validation
xgboost_unweighted_F4_sprint2_main_seed42_regen_seed2024,XGB_F4,val,10164,10151,hg38,0,0.3659953773021698,0.49377796053886414,validation
xgboost_unweighted_F4_sprint2_main_seed42_regen_seed2024,XGB_F4,val,10165,10151,hg38,0,0.4007590413093567,0.49377796053886414,validation
xgboost_unweighted_F4_sprint2_main_seed42_regen_seed2024,XGB_F4,val,10166,10151,hg38,0,0.3332543969154358,0.49377796053886414,validation
xgboost_unweighted_F4_sprint2_main_seed42_regen_seed2024,XGB_F4,val,10167,10151,hg38,0,0.45003241300582886,0.49377796053886414,validation
xgboost_unweighted_F4_sprint2_main_seed42_regen_seed2024,XGB_F4,val,10168,10151,hg38,1,0.3760054409503937,0.49377796053886414,validation
xgboost_unweighted_F4_sprint2_main_seed42_regen_seed2024,XGB_F4,val,10169,10151,hg38,1,0.33599260449409485,0.49377796053886414,validation
xgboost_unweighted_F4_sprint2_main_seed42_regen_seed2024,XGB_F4,val,10170,10151,hg38,0,0.375551700592041,0.49377796053886414,validation
xgboost_unweighted_F4_sprint2_main_seed42_regen_seed2024,XGB_F4,val,10171,10151,hg38,1,0.3694723844528198,0.49377796053886414,validation
xgboost_unweighted_F4_sprint2_main_seed42_regen_seed2024,XGB_F4,val,10172,10151,hg38,0,0.35703223943710327,0.49377796053886414,validation
xgboost_unweighted_F4_sprint2_main_seed42_regen_seed2024,XGB_F4,val,10173,10151,hg38,1,0.3958589732646942,0.49377796053886414,validation
xgboost_unweighted_F4_sprint2_main_seed42_regen_seed2024,XGB_F4,val,10174,10151,hg38,1,0.42030447721481323,0.49377796053886414,validation
xgboost_unweighted_F4_sprint2_main_seed42_regen_seed2024,XGB_F4,val,10175,10151,hg38,1,0.3026750087738037,0.49377796053886414,validation
xgboost_unweighted_F4_sprint2_main_seed42_regen_seed2024,XGB_F4,val,10176,10151,hg38,0,0.36614033579826355,0.49377796053886414,validation
xgboost_unweighted_F4_sprint2_main_seed42_regen_seed2024,XGB_F4,val,10177,10151,hg38,0,0.3631915748119354,0.49377796053886414,validation
xgboost_unweighted_F4_sprint2_main_seed42_regen_seed2024,XGB_F4,val,10178,10151,hg38,1,0.3902122378349304,0.49377796053886414,validation
xgboost_unweighted_F4_sprint2_main_seed42_regen_seed2024,XGB_F4,val,10179,10151,hg38,0,0.31173670291900635,0.49377796053886414,validation
xgboost_unweighted_F4_sprint2_main_seed42_regen_seed2024,XGB_F4,val,10180,10151,hg38,1,0.29727450013160706,0.49377796053886414,validation
xgboost_unweighted_F4_sprint2_main_seed42_regen_seed2024,XGB_F4,val,10181,10151,hg38,1,0.35433676838874817,0.49377796053886414,validation
xgboost_unweighted_F4_sprint2_main_seed42_regen_seed2024,XGB_F4,val,10182,10151,hg38,1,0.34232765436172485,0.49377796053886414,validation
xgboost_unweighted_F4_sprint2_main_seed42_regen_seed2024,XGB_F4,val,10183,10151,hg38,0,0.3595741391181946,0.49377796053886414,validation
xgboost_unweighted_F4_sprint2_main_seed42_regen_seed2024,XGB_F4,val,10184,10151,hg38,0,0.3955318033695221,0.49377796053886414,validation
xgboost_unweighted_F4_sprint2_main_seed42_regen_seed2024,XGB_F4,val,10185,10151,hg38,0,0.3526410162448883,0.49377796053886414,validation
xgboost_unweighted_F4_sprint2_main_seed42_regen_seed2024,XGB_F4,val,10186,10151,hg38,0,0.32616811990737915,0.49377796053886414,validation
xgboost_unweighted_F4_sprint2_main_seed42_regen_seed2024,XGB_F4,val,10187,10151,hg38,0,0.34249114990234375,0.49377796053886414,validation
xgboost_unweighted_F4_sprint2_main_seed42_regen_seed2024,XGB_F4,val,10188,10151,hg38,0,0.37149447202682495,0.49377796053886414,validation
xgboost_unweighted_F4_sprint2_main_seed42_regen_seed2024,XGB_F4,val,10189,10151,hg38,1,0.42145076394081116,0.49377796053886414,validation
xgboost_unweighted_F4_sprint2_main_seed42_regen_seed2024,XGB_F4,val,10190,10151,hg38,1,0.34644633531570435,0.49377796053886414,validation
xgboost_unweighted_F4_sprint2_main_seed42_regen_seed2024,XGB_F4,val,10191,10151,hg38,1,0.324383944272995,0.49377796053886414,validation
xgboost_unweighted_F4_sprint2_main_seed42_regen_seed2024,XGB_F4,val,10192,10151,hg38,1,0.36711350083351135,0.49377796053886414,validation
xgboost_unweighted_F4_sprint2_main_seed42_regen_seed2024,XGB_F4,val,10193,10151,hg38,0,0.35810092091560364,0.49377796053886414,validation
xgboost_unweighted_F4_sprint2_main_seed42_regen_seed2024,XGB_F4,val,10194,10151,hg38,1,0.3642388880252838,0.49377796053886414,validation
xgboost_unweighted_F4_sprint2_main_seed42_regen_seed2024,XGB_F4,val,10195,10151,hg38,1,0.30829572677612305,0.49377796053886414,validation
xgboost_unweighted_F4_sprint2_main_seed42_regen_seed2024,XGB_F4,val,10196,10151,hg38,0,0.40530118346214294,0.49377796053886414,validation
xgboost_unweighted_F4_sprint2_main_seed42_regen_seed2024,XGB_F4,val,10197,10151,hg38,0,0.31036534905433655,0.49377796053886414,validation
xgboost_unweighted_F4_sprint2_main_seed42_regen_seed2024,XGB_F4,val,10198,10151,hg38,0,0.3599839508533478,0.49377796053886414,validation
xgboost_unweighted_F4_sprint2_main_seed42_regen_seed2024,XGB_F4,val,10199,10151,hg38,1,0.33479955792427063,0.49377796053886414,validation
xgboost_unweighted_F4_sprint2_main_seed42_regen_seed2024,XGB_F4,val,10200,10151,hg38,0,0.4363449513912201,0.49377796053886414,validation
xgboost_unweighted_F4_sprint2_main_seed42_regen_seed2024,XGB_F4,val,10201,10151,hg38,1,0.5255129337310791,0.49377796053886414,validation
xgboost_unweighted_F4_sprint2_main_seed42_regen_seed2024,XGB_F4,val,10202,10151,hg38,1,0.5162361860275269,0.49377796053886414,validation
xgboost_unweighted_F4_sprint2_main_seed42_regen_seed2024,XGB_F4,val,10203,10151,hg38,1,0.36373797059059143,0.49377796053886414,validation
xgboost_unweighted_F4_sprint2_main_seed42_regen_seed2024,XGB_F4,val,10204,10151,hg38,1,0.39005953073501587,0.49377796053886414,validation
xgboost_unweighted_F4_sprint2_main_seed42_regen_seed2024,XGB_F4,val,10205,10151,hg38,1,0.40485450625419617,0.49377796053886414,validation
xgboost_unweighted_F4_sprint2_main_seed42_regen_seed2024,XGB_F4,val,10206,10151,hg38,1,0.3479045629501343,0.49377796053886414,validation
xgboost_unweighted_F4_sprint2_main_seed42_regen_seed2024,XGB_F4,val,10207,10151,hg38,1,0.39559000730514526,0.49377796053886414,validation
xgboost_unweighted_F4_sprint2_main_seed42_regen_seed2024,XGB_F4,val,10208,10151,hg38,1,0.3499504029750824,0.49377796053886414,validation
xgboost_unweighted_F4_sprint2_main_seed42_regen_seed2024,XGB_F4,val,10209,10151,hg38,0,0.4088895618915558,0.49377796053886414,validation
xgboost_unweighted_F4_sprint2_main_seed42_regen_seed2024,XGB_F4,val,10210,10151,hg38,1,0.42505550384521484,0.49377796053886414,validation
xgboost_unweighted_F4_sprint2_main_seed42_regen_seed2024,XGB_F4,val,10211,10151,hg38,0,0.38362011313438416,0.49377796053886414,validation
xgboost_unweighted_F4_sprint2_main_seed42_regen_seed2024,XGB_F4,val,10212,10151,hg38,0,0.3476143181324005,0.49377796053886414,validation
xgboost_unweighted_F4_sprint2_main_seed42_regen_seed2024,XGB_F4,val,10213,10151,hg38,0,0.41657957434654236,0.49377796053886414,validation
xgboost_unweighted_F4_sprint2_main_seed42_regen_seed2024,XGB_F4,val,10214,10151,hg38,0,0.3059682846069336,0.49377796053886414,validation
xgboost_unweighted_F4_sprint2_main_seed42_regen_seed2024,XGB_F4,val,10215,10151,hg38,0,0.36706286668777466,0.49377796053886414,validation
xgboost_unweighted_F4_sprint2_main_seed42_regen_seed2024,XGB_F4,val,10216,10151,hg38,0,0.36962825059890747,0.49377796053886414,validation
xgboost_unweighted_F4_sprint2_main_seed42_regen_seed2024,XGB_F4,val,10217,10151,hg38,1,0.35937249660491943,0.49377796053886414,validation
xgboost_unweighted_F4_sprint2_main_seed42_regen_seed2024,XGB_F4,val,10218,10151,hg38,1,0.3764369487762451,0.49377796053886414,validation
xgboost_unweighted_F4_sprint2_main_seed42_regen_seed2024,XGB_F4,val,10219,10151,hg38,1,0.2886319160461426,0.49377796053886414,validation
xgboost_unweighted_F4_sprint2_main_seed42_regen_seed2024,XGB_F4,val,10220,10151,hg38,1,0.38061705231666565,0.49377796053886414,validation
xgboost_unweighted_F4_sprint2_main_seed42_regen_seed2024,XGB_F4,val,10221,10151,hg38,0,0.43666303157806396,0.49377796053886414,validation
xgboost_unweighted_F4_sprint2_main_seed42_regen_seed2024,XGB_F4,val,10222,10151,hg38,1,0.3539007008075714,0.49377796053886414,validation
xgboost_unweighted_F4_sprint2_main_seed42_regen_seed2024,XGB_F4,val,10223,10151,hg38,0,0.32872986793518066,0.49377796053886414,validation
xgboost_unweighted_F4_sprint2_main_seed42_regen_seed2024,XGB_F4,val,10224,10151,hg38,1,0.2922516465187073,0.49377796053886414,validation
xgboost_unweighted_F4_sprint2_main_seed42_regen_seed2024,XGB_F4,val,10225,10151,hg38,0,0.4048905372619629,0.49377796053886414,validation
xgboost_unweighted_F4_sprint2_main_seed42_regen_seed2024,XGB_F4,val,10226,10151,hg38,0,0.3650742173194885,0.49377796053886414,validation
xgboost_unweighted_F4_sprint2_main_seed42_regen_seed2024,XGB_F4,val,10227,10151,hg38,0,0.36807671189308167,0.49377796053886414,validation
xgboost_unweighted_F4_sprint2_main_seed42_regen_seed2024,XGB_F4,val,10228,10151,hg38,0,0.3876764476299286,0.49377796053886414,validation
xgboost_unweighted_F4_sprint2_main_seed42_regen_seed2024,XGB_F4,val,10229,10151,hg38,0,0.349488228559494,0.49377796053886414,validation
xgboost_unweighted_F4_sprint2_main_seed42_regen_seed2024,XGB_F4,val,10230,10151,hg38,1,0.4194060266017914,0.49377796053886414,validation
xgboost_unweighted_F4_sprint2_main_seed42_regen_seed2024,XGB_F4,val,10231,10151,hg38,1,0.36184558272361755,0.49377796053886414,validation
xgboost_unweighted_F4_sprint2_main_seed42_regen_seed2024,XGB_F4,val,10232,10151,hg38,1,0.36774230003356934,0.49377796053886414,validation
xgboost_unweighted_F4_sprint2_main_seed42_regen_seed2024,XGB_F4,val,10233,10151,hg38,0,0.3487035036087036,0.49377796053886414,validation
xgboost_unweighted_F4_sprint2_main_seed42_regen_seed2024,XGB_F4,val,10234,10151,hg38,0,0.34212610125541687,0.49377796053886414,validation
xgboost_unweighted_F4_sprint2_main_seed42_regen_seed2024,XGB_F4,val,10235,10151,hg38,0,0.35132870078086853,0.49377796053886414,validation
xgboost_unweighted_F4_sprint2_main_seed42_regen_seed2024,XGB_F4,val,10236,10151,hg38,1,0.34659087657928467,0.49377796053886414,validation
xgboost_unweighted_F4_sprint2_main_seed42_regen_seed2024,XGB_F4,val,10237,10151,hg38,1,0.5066613554954529,0.49377796053886414,validation
xgboost_unweighted_F4_sprint2_main_seed42_regen_seed2024,XGB_F4,val,10238,10151,hg38,0,0.32967329025268555,0.49377796053886414,validation
xgboost_unweighted_F4_sprint2_main_seed42_regen_seed2024,XGB_F4,val,10239,10151,hg38,0,0.36506253480911255,0.49377796053886414,validation
xgboost_unweighted_F4_sprint2_main_seed42_regen_seed2024,XGB_F4,val,10240,10151,hg38,0,0.35716313123703003,0.49377796053886414,validation
xgboost_unweighted_F4_sprint2_main_seed42_regen_seed2024,XGB_F4,val,10241,10151,hg38,0,0.4057275652885437,0.49377796053886414,validation
xgboost_unweighted_F4_sprint2_main_seed42_regen_seed2024,XGB_F4,val,10242,10151,hg38,1,0.3348682224750519,0.49377796053886414,validation
xgboost_unweighted_F4_sprint2_main_seed42_regen_seed2024,XGB_F4,val,10243,10151,hg38,1,0.46181485056877136,0.49377796053886414,validation
xgboost_unweighted_F4_sprint2_main_seed42_regen_seed2024,XGB_F4,val,10244,10151,hg38,1,0.3702560365200043,0.49377796053886414,validation
xgboost_unweighted_F4_sprint2_main_seed42_regen_seed2024,XGB_F4,val,10245,10151,hg38,0,0.39908042550086975,0.49377796053886414,validation
xgboost_unweighted_F4_sprint2_main_seed42_regen_seed2024,XGB_F4,val,10246,10151,hg38,1,0.3990798890590668,0.49377796053886414,validation
xgboost_unweighted_F4_sprint2_main_seed42_regen_seed2024,XGB_F4,val,10247,10151,hg38,1,0.38239362835884094,0.49377796053886414,validation
xgboost_unweighted_F4_sprint2_main_seed42_regen_seed2024,XGB_F4,val,10248,10151,hg38,1,0.3536275327205658,0.49377796053886414,validation
xgboost_unweighted_F4_sprint2_main_seed42_regen_seed2024,XGB_F4,val,10249,10151,hg38,0,0.39682358503341675,0.49377796053886414,validation
xgboost_unweighted_F4_sprint2_main_seed42_regen_seed2024,XGB_F4,val,10250,10151,hg38,0,0.3552713990211487,0.49377796053886414,validation
xgboost_unweighted_F4_sprint2_main_seed42_regen_seed2024,XGB_F4,val,10251,10151,hg38,1,0.3603604733943939,0.49377796053886414,validation
xgboost_unweighted_F4_sprint2_main_seed42_regen_seed2024,XGB_F4,val,10252,10151,hg38,1,0.48875370621681213,0.49377796053886414,validation
xgboost_unweighted_F4_sprint2_main_seed42_regen_seed2024,XGB_F4,val,10253,10151,hg38,1,0.3378918170928955,0.49377796053886414,validation
xgboost_unweighted_F4_sprint2_main_seed42_regen_seed2024,XGB_F4,val,10254,10151,hg38,0,0.39670485258102417,0.49377796053886414,validation
xgboost_unweighted_F4_sprint2_main_seed42_regen_seed2024,XGB_F4,val,10255,10151,hg38,1,0.310289591550827,0.49377796053886414,validation
xgboost_unweighted_F4_sprint2_main_seed42_regen_seed2024,XGB_F4,val,10256,10151,hg38,0,0.334242582321167,0.49377796053886414,validation
xgboost_unweighted_F4_sprint2_main_seed42_regen_seed2024,XGB_F4,val,10257,10151,hg38,0,0.4036014676094055,0.49377796053886414,validation
xgboost_unweighted_F4_sprint2_main_seed42_regen_seed2024,XGB_F4,val,10258,10151,hg38,1,0.35147690773010254,0.49377796053886414,validation
xgboost_unweighted_F4_sprint2_main_seed42_regen_seed2024,XGB_F4,val,10259,10151,hg38,1,0.4210345447063446,0.49377796053886414,validation
xgboost_unweighted_F4_sprint2_main_seed42_regen_seed2024,XGB_F4,val,10260,10151,hg38,1,0.365042507648468,0.49377796053886414,validation
xgboost_unweighted_F4_sprint2_main_seed42_regen_seed2024,XGB_F4,val,10261,10151,hg38,0,0.3878723382949829,0.49377796053886414,validation
xgboost_unweighted_F4_sprint2_main_seed42_regen_seed2024,XGB_F4,val,10262,10151,hg38,0,0.34352776408195496,0.49377796053886414,validation
xgboost_unweighted_F4_sprint2_main_seed42_regen_seed2024,XGB_F4,val,10263,10151,hg38,0,0.3095265030860901,0.49377796053886414,validation
xgboost_unweighted_F4_sprint2_main_seed42_regen_seed2024,XGB_F4,val,10264,10151,hg38,1,0.4104689061641693,0.49377796053886414,validation
xgboost_unweighted_F4_sprint2_main_seed42_regen_seed2024,XGB_F4,val,10265,10151,hg38,0,0.3023655414581299,0.49377796053886414,validation
xgboost_unweighted_F4_sprint2_main_seed42_regen_seed2024,XGB_F4,val,10266,10151,hg38,0,0.40319836139678955,0.49377796053886414,validation
xgboost_unweighted_F4_sprint2_main_seed42_regen_seed2024,XGB_F4,val,10267,10151,hg38,0,0.3593381941318512,0.49377796053886414,validation
xgboost_unweighted_F4_sprint2_main_seed42_regen_seed2024,XGB_F4,val,10268,10151,hg38,1,0.4038638174533844,0.49377796053886414,validation
xgboost_unweighted_F4_sprint2_main_seed42_regen_seed2024,XGB_F4,val,10269,10151,hg38,1,0.374978631734848,0.49377796053886414,validation
xgboost_unweighted_F4_sprint2_main_seed42_regen_seed2024,XGB_F4,val,10270,10151,hg38,0,0.3538976311683655,0.49377796053886414,validation
xgboost_unweighted_F4_sprint2_main_seed42_regen_seed2024,XGB_F4,val,10271,10151,hg38,0,0.3734882175922394,0.49377796053886414,validation
xgboost_unweighted_F4_sprint2_main_seed42_regen_seed2024,XGB_F4,val,10272,10151,hg38,1,0.3306998610496521,0.49377796053886414,validation
xgboost_unweighted_F4_sprint2_main_seed42_regen_seed2024,XGB_F4,val,10273,10151,hg38,0,0.36589062213897705,0.49377796053886414,validation
xgboost_unweighted_F4_sprint2_main_seed42_regen_seed2024,XGB_F4,val,10274,10151,hg38,0,0.3092584013938904,0.49377796053886414,validation
xgboost_unweighted_F4_sprint2_main_seed42_regen_seed2024,XGB_F4,val,10275,10151,hg38,0,0.370582640171051,0.49377796053886414,validation
xgboost_unweighted_F4_sprint2_main_seed42_regen_seed2024,XGB_F4,val,10276,10151,hg38,0,0.4027322232723236,0.49377796053886414,validation
xgboost_unweighted_F4_sprint2_main_seed42_regen_seed2024,XGB_F4,val,10277,10151,hg38,0,0.35415658354759216,0.49377796053886414,validation
xgboost_unweighted_F4_sprint2_main_seed42_regen_seed2024,XGB_F4,val,10278,10151,hg38,1,0.3353632986545563,0.49377796053886414,validation
xgboost_unweighted_F4_sprint2_main_seed42_regen_seed2024,XGB_F4,val,10575,10575,hg19,1,0.7434198260307312,0.49377796053886414,validation
xgboost_unweighted_F4_sprint2_main_seed42_regen_seed2024,XGB_F4,val,10576,10575,hg19,1,0.9173943400382996,0.49377796053886414,validation
xgboost_unweighted_F4_sprint2_main_seed42_regen_seed2024,XGB_F4,val,10577,10575,hg19,0,0.9570272564888,0.49377796053886414,validation
xgboost_unweighted_F4_sprint2_main_seed42_regen_seed2024,XGB_F4,val,10578,10575,hg19,1,0.8877118229866028,0.49377796053886414,validation
xgboost_unweighted_F4_sprint2_main_seed42_regen_seed2024,XGB_F4,val,10799,10799,hg19,1,0.9150640368461609,0.49377796053886414,validation
xgboost_unweighted_F4_sprint2_main_seed42_regen_seed2024,XGB_F4,val,10800,10799,hg19,1,0.8089459538459778,0.49377796053886414,validation
xgboost_unweighted_F4_sprint2_main_seed42_regen_seed2024,XGB_F4,val,10801,10799,hg19,1,0.9396452903747559,0.49377796053886414,validation
xgboost_unweighted_F4_sprint2_main_seed42_regen_seed2024,XGB_F4,val,10802,10799,hg19,1,0.812972366809845,0.49377796053886414,validation
xgboost_unweighted_F4_sprint2_main_seed42_regen_seed2024,XGB_F4,val,10803,10799,hg19,1,0.801245391368866,0.49377796053886414,validation
xgboost_unweighted_F4_sprint2_main_seed42_regen_seed2024,XGB_F4,val,10804,10799,hg19,1,0.9199678301811218,0.49377796053886414,validation
xgboost_unweighted_F4_sprint2_main_seed42_regen_seed2024,XGB_F4,val,10805,10799,hg19,1,0.6377694010734558,0.49377796053886414,validation
xgboost_unweighted_F4_sprint2_main_seed42_regen_seed2024,XGB_F4,val,10806,10799,hg19,1,0.7030588388442993,0.49377796053886414,validation
xgboost_unweighted_F4_sprint2_main_seed42_regen_seed2024,XGB_F4,val,10807,10799,hg19,1,0.6837443709373474,0.49377796053886414,validation
xgboost_unweighted_F4_sprint2_main_seed42_regen_seed2024,XGB_F4,val,10808,10799,hg19,0,0.7959634065628052,0.49377796053886414,validation
xgboost_unweighted_F4_sprint2_main_seed42_regen_seed2024,XGB_F4,val,10809,10799,hg19,1,0.718504786491394,0.49377796053886414,validation
xgboost_unweighted_F4_sprint2_main_seed42_regen_seed2024,XGB_F4,val,10810,10799,hg19,1,0.7961374521255493,0.49377796053886414,validation
xgboost_unweighted_F4_sprint2_main_seed42_regen_seed2024,XGB_F4,val,10811,10799,hg19,1,0.7022899389266968,0.49377796053886414,validation
xgboost_unweighted_F4_sprint2_main_seed42_regen_seed2024,XGB_F4,val,10812,10799,hg19,1,0.7990136742591858,0.49377796053886414,validation
xgboost_unweighted_F4_sprint2_main_seed42_regen_seed2024,XGB_F4,val,10813,10799,hg19,0,0.8414220213890076,0.49377796053886414,validation
xgboost_unweighted_F4_sprint2_main_seed42_regen_seed2024,XGB_F4,val,10814,10799,hg19,1,0.6466115713119507,0.49377796053886414,validation
xgboost_unweighted_F4_sprint2_main_seed42_regen_seed2024,XGB_F4,val,10815,10799,hg19,1,0.6363856792449951,0.49377796053886414,validation
xgboost_unweighted_F4_sprint2_main_seed42_regen_seed2024,XGB_F4,val,10816,10799,hg19,1,0.9505662322044373,0.49377796053886414,validation
xgboost_unweighted_F4_sprint2_main_seed42_regen_seed2024,XGB_F4,val,10817,10799,hg19,1,0.7912003993988037,0.49377796053886414,validation
xgboost_unweighted_F4_sprint2_main_seed42_regen_seed2024,XGB_F4,val,10818,10799,hg19,1,0.9222719073295593,0.49377796053886414,validation
xgboost_unweighted_F4_sprint2_main_seed42_regen_seed2024,XGB_F4,val,10819,10799,hg19,1,0.9108124375343323,0.49377796053886414,validation
xgboost_unweighted_F4_sprint2_main_seed42_regen_seed2024,XGB_F4,val,10820,10799,hg19,1,0.8782020807266235,0.49377796053886414,validation
xgboost_unweighted_F4_sprint2_main_seed42_regen_seed2024,XGB_F4,val,10821,10799,hg19,1,0.8168695569038391,0.49377796053886414,validation
xgboost_unweighted_F4_sprint2_main_seed42_regen_seed2024,XGB_F4,val,10822,10799,hg19,1,0.9453534483909607,0.49377796053886414,validation
xgboost_unweighted_F4_sprint2_main_seed42_regen_seed2024,XGB_F4,val,10823,10799,hg19,1,0.7642784118652344,0.49377796053886414,validation
xgboost_unweighted_F4_sprint2_main_seed42_regen_seed2024,XGB_F4,val,10824,10799,hg19,1,0.8697641491889954,0.49377796053886414,validation
xgboost_unweighted_F4_sprint2_main_seed42_regen_seed2024,XGB_F4,val,10825,10799,hg19,1,0.7289104461669922,0.49377796053886414,validation
xgboost_unweighted_F4_sprint2_main_seed42_regen_seed2024,XGB_F4,val,10826,10799,hg19,1,0.8832374811172485,0.49377796053886414,validation
xgboost_unweighted_F4_sprint2_main_seed42_regen_seed2024,XGB_F4,val,10843,10843,hg19,1,0.8254061937332153,0.49377796053886414,validation
xgboost_unweighted_F4_sprint2_main_seed42_regen_seed2024,XGB_F4,val,10844,10843,hg19,1,0.7394199967384338,0.49377796053886414,validation
xgboost_unweighted_F4_sprint2_main_seed42_regen_seed2024,XGB_F4,val,10845,10843,hg19,1,0.5167070031166077,0.49377796053886414,validation
xgboost_unweighted_F4_sprint2_main_seed42_regen_seed2024,XGB_F4,val,10846,10843,hg19,1,0.7873501777648926,0.49377796053886414,validation
xgboost_unweighted_F4_sprint2_main_seed42_regen_seed2024,XGB_F4,val,10847,10843,hg19,1,0.8777168989181519,0.49377796053886414,validation
xgboost_unweighted_F4_sprint2_main_seed42_regen_seed2024,XGB_F4,val,10848,10843,hg19,1,0.8406083583831787,0.49377796053886414,validation
xgboost_unweighted_F4_sprint2_main_seed42_regen_seed2024,XGB_F4,val,10849,10843,hg19,1,0.8933308720588684,0.49377796053886414,validation
xgboost_unweighted_F4_sprint2_main_seed42_regen_seed2024,XGB_F4,val,10850,10843,hg19,1,0.9515538811683655,0.49377796053886414,validation
xgboost_unweighted_F4_sprint2_main_seed42_regen_seed2024,XGB_F4,val,10851,10843,hg19,1,0.8127975463867188,0.49377796053886414,validation
xgboost_unweighted_F4_sprint2_main_seed42_regen_seed2024,XGB_F4,val,10852,10843,hg19,1,0.8740701675415039,0.49377796053886414,validation
xgboost_unweighted_F4_sprint2_main_seed42_regen_seed2024,XGB_F4,val,10853,10843,hg19,1,0.915482759475708,0.49377796053886414,validation
xgboost_unweighted_F4_sprint2_main_seed42_regen_seed2024,XGB_F4,val,10854,10843,hg19,1,0.8855615854263306,0.49377796053886414,validation
xgboost_unweighted_F4_sprint2_main_seed42_regen_seed2024,XGB_F4,val,10855,10843,hg19,0,0.9068678021430969,0.49377796053886414,validation
xgboost_unweighted_F4_sprint2_main_seed42_regen_seed2024,XGB_F4,val,10856,10856,hg19,1,0.9414681196212769,0.49377796053886414,validation
xgboost_unweighted_F4_sprint2_main_seed42_regen_seed2024,XGB_F4,val,10857,10856,hg19,1,0.873487114906311,0.49377796053886414,validation
xgboost_unweighted_F4_sprint2_main_seed42_regen_seed2024,XGB_F4,val,10858,10856,hg19,1,0.835451066493988,0.49377796053886414,validation
xgboost_unweighted_F4_sprint2_main_seed42_regen_seed2024,XGB_F4,val,10859,10856,hg19,1,0.9445380568504333,0.49377796053886414,validation
xgboost_unweighted_F4_sprint2_main_seed42_regen_seed2024,XGB_F4,val,10860,10856,hg19,1,0.7999574542045593,0.49377796053886414,validation
xgboost_unweighted_F4_sprint2_main_seed42_regen_seed2024,XGB_F4,val,10861,10856,hg19,1,0.8073946237564087,0.49377796053886414,validation
xgboost_unweighted_F4_sprint2_main_seed42_regen_seed2024,XGB_F4,val,10862,10856,hg19,1,0.9837296605110168,0.49377796053886414,validation
xgboost_unweighted_F4_sprint2_main_seed42_regen_seed2024,XGB_F4,val,10863,10856,hg19,1,0.8722957372665405,0.49377796053886414,validation
xgboost_unweighted_F4_sprint2_main_seed42_regen_seed2024,XGB_F4,val,10864,10856,hg19,1,0.8303623795509338,0.49377796053886414,validation
xgboost_unweighted_F4_sprint2_main_seed42_regen_seed2024,XGB_F4,val,10865,10856,hg19,1,0.8516470193862915,0.49377796053886414,validation
xgboost_unweighted_F4_sprint2_main_seed42_regen_seed2024,XGB_F4,val,10866,10856,hg19,1,0.7763243317604065,0.49377796053886414,validation
xgboost_unweighted_F4_sprint2_main_seed42_regen_seed2024,XGB_F4,val,10961,10962,hg19,1,0.9676057696342468,0.49377796053886414,validation
xgboost_unweighted_F4_sprint2_main_seed42_regen_seed2024,XGB_F4,val,10962,10962,hg19,1,0.9503143429756165,0.49377796053886414,validation
xgboost_unweighted_F4_sprint2_main_seed42_regen_seed2024,XGB_F4,val,10963,10962,hg19,1,0.9736868143081665,0.49377796053886414,validation
xgboost_unweighted_F4_sprint2_main_seed42_regen_seed2024,XGB_F4,val,10964,10962,hg19,1,0.9660316109657288,0.49377796053886414,validation
xgboost_unweighted_F4_sprint2_main_seed42_regen_seed2024,XGB_F4,val,10965,10962,hg19,1,0.9787694215774536,0.49377796053886414,validation
xgboost_unweighted_F4_sprint2_main_seed42_regen_seed2024,XGB_F4,val,10966,10962,hg19,1,0.9065905213356018,0.49377796053886414,validation
xgboost_unweighted_F4_sprint2_main_seed42_regen_seed2024,XGB_F4,val,10967,10962,hg19,1,0.9452624917030334,0.49377796053886414,validation
xgboost_unweighted_F4_sprint2_main_seed42_regen_seed2024,XGB_F4,val,11040,11040,hg19,1,0.9503143429756165,0.49377796053886414,validation
xgboost_unweighted_F4_sprint2_main_seed42_regen_seed2024,XGB_F4,val,11041,11040,hg19,1,0.9684473872184753,0.49377796053886414,validation
xgboost_unweighted_F4_sprint2_main_seed42_regen_seed2024,XGB_F4,val,11042,11040,hg19,1,0.9729812145233154,0.49377796053886414,validation
xgboost_unweighted_F4_sprint2_main_seed42_regen_seed2024,XGB_F4,val,11043,11040,hg19,1,0.9065905213356018,0.49377796053886414,validation
xgboost_unweighted_F4_sprint2_main_seed42_regen_seed2024,XGB_F4,val,11044,11040,hg19,1,0.9795134663581848,0.49377796053886414,validation
xgboost_unweighted_F4_sprint2_main_seed42_regen_seed2024,XGB_F4,val,11045,11040,hg19,1,0.9630774855613708,0.49377796053886414,validation
xgboost_unweighted_F4_sprint2_main_seed42_regen_seed2024,XGB_F4,val,11046,11040,hg19,1,0.9660316109657288,0.49377796053886414,validation
xgboost_unweighted_F4_sprint2_main_seed42_regen_seed2024,XGB_F4,val,11047,11040,hg19,1,0.9452624917030334,0.49377796053886414,validation
xgboost_unweighted_F4_sprint2_main_seed42_regen_seed2024,XGB_F4,val,11048,11040,hg19,1,0.9486609101295471,0.49377796053886414,validation
xgboost_unweighted_F4_sprint2_main_seed42_regen_seed2024,XGB_F4,val,11065,11065,hg19,1,0.9729212522506714,0.49377796053886414,validation
xgboost_unweighted_F4_sprint2_main_seed42_regen_seed2024,XGB_F4,val,11066,11065,hg19,1,0.9827048182487488,0.49377796053886414,validation
xgboost_unweighted_F4_sprint2_main_seed42_regen_seed2024,XGB_F4,val,11067,11065,hg19,1,0.9574887752532959,0.49377796053886414,validation
xgboost_unweighted_F4_sprint2_main_seed42_regen_seed2024,XGB_F4,val,11068,11065,hg19,1,0.9645088315010071,0.49377796053886414,validation
xgboost_unweighted_F4_sprint2_main_seed42_regen_seed2024,XGB_F4,val,11069,11065,hg19,1,0.9562497138977051,0.49377796053886414,validation
xgboost_unweighted_F4_sprint2_main_seed42_regen_seed2024,XGB_F4,val,11070,11065,hg19,1,0.9758689999580383,0.49377796053886414,validation
xgboost_unweighted_F4_sprint2_main_seed42_regen_seed2024,XGB_F4,val,11071,11065,hg19,1,0.9238292574882507,0.49377796053886414,validation
xgboost_unweighted_F4_sprint2_main_seed42_regen_seed2024,XGB_F4,val,11072,11065,hg19,1,0.8720697164535522,0.49377796053886414,validation
xgboost_unweighted_F4_sprint2_main_seed42_regen_seed2024,XGB_F4,val,11073,11065,hg19,1,0.950309157371521,0.49377796053886414,validation
xgboost_unweighted_F4_sprint2_main_seed42_regen_seed2024,XGB_F4,val,11074,11065,hg19,1,0.9471656680107117,0.49377796053886414,validation
xgboost_unweighted_F4_sprint2_main_seed42_regen_seed2024,XGB_F4,val,11075,11065,hg19,1,0.8922939300537109,0.49377796053886414,validation
xgboost_unweighted_F4_sprint2_main_seed42_regen_seed2024,XGB_F4,val,11076,11065,hg19,1,0.956953763961792,0.49377796053886414,validation
xgboost_unweighted_F4_sprint2_main_seed42_regen_seed2024,XGB_F4,val,11077,11065,hg19,1,0.9532121419906616,0.49377796053886414,validation
xgboost_unweighted_F4_sprint2_main_seed42_regen_seed2024,XGB_F4,val,11078,11065,hg19,1,0.9421637058258057,0.49377796053886414,validation
xgboost_unweighted_F4_sprint2_main_seed42_regen_seed2024,XGB_F4,val,11079,11065,hg19,1,0.9550676941871643,0.49377796053886414,validation
xgboost_unweighted_F4_sprint2_main_seed42_regen_seed2024,XGB_F4,val,11080,11065,hg19,1,0.9258530139923096,0.49377796053886414,validation
xgboost_unweighted_F4_sprint2_main_seed42_regen_seed2024,XGB_F4,val,11081,11065,hg19,1,0.9534148573875427,0.49377796053886414,validation
xgboost_unweighted_F4_sprint2_main_seed42_regen_seed2024,XGB_F4,val,11082,11065,hg19,1,0.9269642233848572,0.49377796053886414,validation
xgboost_unweighted_F4_sprint2_main_seed42_regen_seed2024,XGB_F4,val,11083,11065,hg19,1,0.9544411301612854,0.49377796053886414,validation
xgboost_unweighted_F4_sprint2_main_seed42_regen_seed2024,XGB_F4,val,11084,11065,hg19,1,0.9534485340118408,0.49377796053886414,validation
xgboost_unweighted_F4_sprint2_main_seed42_regen_seed2024,XGB_F4,val,11085,11065,hg19,1,0.9237180948257446,0.49377796053886414,validation
xgboost_unweighted_F4_sprint2_main_seed42_regen_seed2024,XGB_F4,val,11086,11065,hg19,1,0.9333356618881226,0.49377796053886414,validation
xgboost_unweighted_F4_sprint2_main_seed42_regen_seed2024,XGB_F4,val,11087,11065,hg19,1,0.9437118172645569,0.49377796053886414,validation
xgboost_unweighted_F4_sprint2_main_seed42_regen_seed2024,XGB_F4,val,11088,11065,hg19,1,0.9277859330177307,0.49377796053886414,validation
xgboost_unweighted_F4_sprint2_main_seed42_regen_seed2024,XGB_F4,val,11089,11065,hg19,1,0.9319978356361389,0.49377796053886414,validation
xgboost_unweighted_F4_sprint2_main_seed42_regen_seed2024,XGB_F4,val,11090,11065,hg19,1,0.9605910181999207,0.49377796053886414,validation
xgboost_unweighted_F4_sprint2_main_seed42_regen_seed2024,XGB_F4,test,228,228,hg19,1,0.9704068303108215,0.49377796053886414,validation
xgboost_unweighted_F4_sprint2_main_seed42_regen_seed2024,XGB_F4,test,229,228,hg19,1,0.9572103023529053,0.49377796053886414,validation
xgboost_unweighted_F4_sprint2_main_seed42_regen_seed2024,XGB_F4,test,230,228,hg19,0,0.9195715188980103,0.49377796053886414,validation
xgboost_unweighted_F4_sprint2_main_seed42_regen_seed2024,XGB_F4,test,231,228,hg19,0,0.9438212513923645,0.49377796053886414,validation
xgboost_unweighted_F4_sprint2_main_seed42_regen_seed2024,XGB_F4,test,232,228,hg19,1,0.826693058013916,0.49377796053886414,validation
xgboost_unweighted_F4_sprint2_main_seed42_regen_seed2024,XGB_F4,test,233,228,hg19,0,0.8825695514678955,0.49377796053886414,validation
xgboost_unweighted_F4_sprint2_main_seed42_regen_seed2024,XGB_F4,test,234,228,hg19,0,0.8971079587936401,0.49377796053886414,validation
xgboost_unweighted_F4_sprint2_main_seed42_regen_seed2024,XGB_F4,test,235,228,hg19,1,0.9543262720108032,0.49377796053886414,validation
xgboost_unweighted_F4_sprint2_main_seed42_regen_seed2024,XGB_F4,test,236,228,hg19,0,0.9233241081237793,0.49377796053886414,validation
xgboost_unweighted_F4_sprint2_main_seed42_regen_seed2024,XGB_F4,test,237,228,hg19,0,0.8302168846130371,0.49377796053886414,validation
xgboost_unweighted_F4_sprint2_main_seed42_regen_seed2024,XGB_F4,test,238,228,hg19,1,0.9445992112159729,0.49377796053886414,validation
xgboost_unweighted_F4_sprint2_main_seed42_regen_seed2024,XGB_F4,test,239,228,hg19,0,0.9495738744735718,0.49377796053886414,validation
xgboost_unweighted_F4_sprint2_main_seed42_regen_seed2024,XGB_F4,test,278,278,hg19,1,0.9957200884819031,0.49377796053886414,validation
xgboost_unweighted_F4_sprint2_main_seed42_regen_seed2024,XGB_F4,test,279,278,hg19,1,0.9959138035774231,0.49377796053886414,validation
xgboost_unweighted_F4_sprint2_main_seed42_regen_seed2024,XGB_F4,test,280,278,hg19,1,0.7776763439178467,0.49377796053886414,validation
xgboost_unweighted_F4_sprint2_main_seed42_regen_seed2024,XGB_F4,test,281,278,hg19,1,0.9944190382957458,0.49377796053886414,validation
xgboost_unweighted_F4_sprint2_main_seed42_regen_seed2024,XGB_F4,test,282,278,hg19,1,0.9573807120323181,0.49377796053886414,validation
xgboost_unweighted_F4_sprint2_main_seed42_regen_seed2024,XGB_F4,test,283,278,hg19,1,0.9586470127105713,0.49377796053886414,validation
xgboost_unweighted_F4_sprint2_main_seed42_regen_seed2024,XGB_F4,test,284,278,hg19,1,0.9289202690124512,0.49377796053886414,validation
xgboost_unweighted_F4_sprint2_main_seed42_regen_seed2024,XGB_F4,test,285,278,hg19,1,0.9915430545806885,0.49377796053886414,validation
xgboost_unweighted_F4_sprint2_main_seed42_regen_seed2024,XGB_F4,test,286,278,hg19,1,0.994956910610199,0.49377796053886414,validation
xgboost_unweighted_F4_sprint2_main_seed42_regen_seed2024,XGB_F4,test,287,278,hg19,1,0.968156099319458,0.49377796053886414,validation
xgboost_unweighted_F4_sprint2_main_seed42_regen_seed2024,XGB_F4,test,288,278,hg19,1,0.9089876413345337,0.49377796053886414,validation
xgboost_unweighted_F4_sprint2_main_seed42_regen_seed2024,XGB_F4,test,289,278,hg19,1,0.793609082698822,0.49377796053886414,validation
xgboost_unweighted_F4_sprint2_main_seed42_regen_seed2024,XGB_F4,test,290,278,hg19,1,0.9773418307304382,0.49377796053886414,validation
xgboost_unweighted_F4_sprint2_main_seed42_regen_seed2024,XGB_F4,test,291,278,hg19,1,0.8219549059867859,0.49377796053886414,validation
xgboost_unweighted_F4_sprint2_main_seed42_regen_seed2024,XGB_F4,test,635,635,hg19,1,0.7656726241111755,0.49377796053886414,validation
xgboost_unweighted_F4_sprint2_main_seed42_regen_seed2024,XGB_F4,test,636,635,hg19,1,0.47919124364852905,0.49377796053886414,validation
xgboost_unweighted_F4_sprint2_main_seed42_regen_seed2024,XGB_F4,test,637,635,hg19,1,0.9205624461174011,0.49377796053886414,validation
xgboost_unweighted_F4_sprint2_main_seed42_regen_seed2024,XGB_F4,test,804,804,hg19,1,0.9506427049636841,0.49377796053886414,validation
xgboost_unweighted_F4_sprint2_main_seed42_regen_seed2024,XGB_F4,test,805,804,hg19,1,0.9673069715499878,0.49377796053886414,validation
xgboost_unweighted_F4_sprint2_main_seed42_regen_seed2024,XGB_F4,test,806,804,hg19,1,0.9577207565307617,0.49377796053886414,validation
xgboost_unweighted_F4_sprint2_main_seed42_regen_seed2024,XGB_F4,test,807,804,hg19,1,0.9167649149894714,0.49377796053886414,validation
xgboost_unweighted_F4_sprint2_main_seed42_regen_seed2024,XGB_F4,test,1018,1018,hg19,1,0.928303599357605,0.49377796053886414,validation
xgboost_unweighted_F4_sprint2_main_seed42_regen_seed2024,XGB_F4,test,1020,1018,hg19,1,0.9839795827865601,0.49377796053886414,validation
xgboost_unweighted_F4_sprint2_main_seed42_regen_seed2024,XGB_F4,test,1024,1018,hg19,1,0.9934415817260742,0.49377796053886414,validation
xgboost_unweighted_F4_sprint2_main_seed42_regen_seed2024,XGB_F4,test,1025,1018,hg19,1,0.9643753170967102,0.49377796053886414,validation
xgboost_unweighted_F4_sprint2_main_seed42_regen_seed2024,XGB_F4,test,1026,1026,hg19,1,0.9485135078430176,0.49377796053886414,validation
xgboost_unweighted_F4_sprint2_main_seed42_regen_seed2024,XGB_F4,test,1027,1026,hg19,1,0.9511439204216003,0.49377796053886414,validation
xgboost_unweighted_F4_sprint2_main_seed42_regen_seed2024,XGB_F4,test,1029,1028,mm10,0,0.3567527234554291,0.49377796053886414,validation
xgboost_unweighted_F4_sprint2_main_seed42_regen_seed2024,XGB_F4,test,1030,1028,mm10,0,0.3871558606624603,0.49377796053886414,validation
xgboost_unweighted_F4_sprint2_main_seed42_regen_seed2024,XGB_F4,test,1031,1028,mm10,0,0.35905754566192627,0.49377796053886414,validation
xgboost_unweighted_F4_sprint2_main_seed42_regen_seed2024,XGB_F4,test,1032,1028,mm10,0,0.47000712156295776,0.49377796053886414,validation
xgboost_unweighted_F4_sprint2_main_seed42_regen_seed2024,XGB_F4,test,1033,1028,mm10,0,0.37155693769454956,0.49377796053886414,validation
xgboost_unweighted_F4_sprint2_main_seed42_regen_seed2024,XGB_F4,test,1034,1028,mm10,0,0.34995272755622864,0.49377796053886414,validation
xgboost_unweighted_F4_sprint2_main_seed42_regen_seed2024,XGB_F4,test,1035,1028,mm10,1,0.3912780284881592,0.49377796053886414,validation
xgboost_unweighted_F4_sprint2_main_seed42_regen_seed2024,XGB_F4,test,1036,1028,mm10,0,0.34386351704597473,0.49377796053886414,validation
xgboost_unweighted_F4_sprint2_main_seed42_regen_seed2024,XGB_F4,test,1037,1028,mm10,0,0.3596878945827484,0.49377796053886414,validation
xgboost_unweighted_F4_sprint2_main_seed42_regen_seed2024,XGB_F4,test,1038,1028,mm10,0,0.356656551361084,0.49377796053886414,validation
xgboost_unweighted_F4_sprint2_main_seed42_regen_seed2024,XGB_F4,test,1039,1028,mm10,0,0.4381959140300751,0.49377796053886414,validation
xgboost_unweighted_F4_sprint2_main_seed42_regen_seed2024,XGB_F4,test,1040,1028,mm10,0,0.33177557587623596,0.49377796053886414,validation
xgboost_unweighted_F4_sprint2_main_seed42_regen_seed2024,XGB_F4,test,1041,1028,mm10,0,0.31934046745300293,0.49377796053886414,validation
xgboost_unweighted_F4_sprint2_main_seed42_regen_seed2024,XGB_F4,test,1042,1028,mm10,0,0.37034502625465393,0.49377796053886414,validation
xgboost_unweighted_F4_sprint2_main_seed42_regen_seed2024,XGB_F4,test,1043,1028,mm10,0,0.4448203444480896,0.49377796053886414,validation
xgboost_unweighted_F4_sprint2_main_seed42_regen_seed2024,XGB_F4,test,1045,1044,mm10,0,0.40128034353256226,0.49377796053886414,validation
xgboost_unweighted_F4_sprint2_main_seed42_regen_seed2024,XGB_F4,test,1046,1044,mm10,0,0.3676040470600128,0.49377796053886414,validation
xgboost_unweighted_F4_sprint2_main_seed42_regen_seed2024,XGB_F4,test,1047,1044,mm10,0,0.45200231671333313,0.49377796053886414,validation
xgboost_unweighted_F4_sprint2_main_seed42_regen_seed2024,XGB_F4,test,1048,1044,mm10,0,0.29677271842956543,0.49377796053886414,validation
xgboost_unweighted_F4_sprint2_main_seed42_regen_seed2024,XGB_F4,test,1051,1044,mm10,1,0.33476120233535767,0.49377796053886414,validation
xgboost_unweighted_F4_sprint2_main_seed42_regen_seed2024,XGB_F4,test,1052,1044,mm10,0,0.3556690514087677,0.49377796053886414,validation
xgboost_unweighted_F4_sprint2_main_seed42_regen_seed2024,XGB_F4,test,1053,1044,mm10,0,0.28268447518348694,0.49377796053886414,validation
xgboost_unweighted_F4_sprint2_main_seed42_regen_seed2024,XGB_F4,test,1054,1044,mm10,0,0.4574684500694275,0.49377796053886414,validation
xgboost_unweighted_F4_sprint2_main_seed42_regen_seed2024,XGB_F4,test,1055,1044,mm10,0,0.4054325222969055,0.49377796053886414,validation
xgboost_unweighted_F4_sprint2_main_seed42_regen_seed2024,XGB_F4,test,1056,1044,mm10,0,0.27254360914230347,0.49377796053886414,validation
xgboost_unweighted_F4_sprint2_main_seed42_regen_seed2024,XGB_F4,test,1057,1044,mm10,0,0.3653313219547272,0.49377796053886414,validation
xgboost_unweighted_F4_sprint2_main_seed42_regen_seed2024,XGB_F4,test,1058,1044,mm10,0,0.3330594599246979,0.49377796053886414,validation
xgboost_unweighted_F4_sprint2_main_seed42_regen_seed2024,XGB_F4,test,1059,1044,mm10,0,0.6317654252052307,0.49377796053886414,validation
xgboost_unweighted_F4_sprint2_main_seed42_regen_seed2024,XGB_F4,test,1061,1060,mm10,1,0.7426931858062744,0.49377796053886414,validation
xgboost_unweighted_F4_sprint2_main_seed42_regen_seed2024,XGB_F4,test,1062,1060,mm10,0,0.6527237892150879,0.49377796053886414,validation
xgboost_unweighted_F4_sprint2_main_seed42_regen_seed2024,XGB_F4,test,1063,1060,mm10,0,0.8159471154212952,0.49377796053886414,validation
xgboost_unweighted_F4_sprint2_main_seed42_regen_seed2024,XGB_F4,test,1064,1060,mm10,0,0.5638169050216675,0.49377796053886414,validation
xgboost_unweighted_F4_sprint2_main_seed42_regen_seed2024,XGB_F4,test,1065,1060,mm10,0,0.8240358233451843,0.49377796053886414,validation
xgboost_unweighted_F4_sprint2_main_seed42_regen_seed2024,XGB_F4,test,1066,1060,mm10,0,0.6388915777206421,0.49377796053886414,validation
xgboost_unweighted_F4_sprint2_main_seed42_regen_seed2024,XGB_F4,test,1067,1060,mm10,1,0.5932320952415466,0.49377796053886414,validation
xgboost_unweighted_F4_sprint2_main_seed42_regen_seed2024,XGB_F4,test,1068,1060,mm10,0,0.82008957862854,0.49377796053886414,validation
xgboost_unweighted_F4_sprint2_main_seed42_regen_seed2024,XGB_F4,test,1069,1060,mm10,0,0.6923940777778625,0.49377796053886414,validation
xgboost_unweighted_F4_sprint2_main_seed42_regen_seed2024,XGB_F4,test,1070,1060,mm10,0,0.7703655362129211,0.49377796053886414,validation
xgboost_unweighted_F4_sprint2_main_seed42_regen_seed2024,XGB_F4,test,1071,1060,mm10,0,0.5947335362434387,0.49377796053886414,validation
xgboost_unweighted_F4_sprint2_main_seed42_regen_seed2024,XGB_F4,test,1072,1060,mm10,0,0.6142067909240723,0.49377796053886414,validation
xgboost_unweighted_F4_sprint2_main_seed42_regen_seed2024,XGB_F4,test,1073,1060,mm10,0,0.7762042284011841,0.49377796053886414,validation
xgboost_unweighted_F4_sprint2_main_seed42_regen_seed2024,XGB_F4,test,1074,1060,mm10,0,0.79736328125,0.49377796053886414,validation
xgboost_unweighted_F4_sprint2_main_seed42_regen_seed2024,XGB_F4,test,1075,1060,mm10,0,0.7021728157997131,0.49377796053886414,validation
xgboost_unweighted_F4_sprint2_main_seed42_regen_seed2024,XGB_F4,test,1089,1088,mm10,1,0.6959290504455566,0.49377796053886414,validation
xgboost_unweighted_F4_sprint2_main_seed42_regen_seed2024,XGB_F4,test,1090,1088,mm10,0,0.5178636312484741,0.49377796053886414,validation
xgboost_unweighted_F4_sprint2_main_seed42_regen_seed2024,XGB_F4,test,1092,1088,mm10,0,0.5629990100860596,0.49377796053886414,validation
xgboost_unweighted_F4_sprint2_main_seed42_regen_seed2024,XGB_F4,test,1093,1088,mm10,0,0.5530006885528564,0.49377796053886414,validation
xgboost_unweighted_F4_sprint2_main_seed42_regen_seed2024,XGB_F4,test,1095,1088,mm10,0,0.5464404821395874,0.49377796053886414,validation
xgboost_unweighted_F4_sprint2_main_seed42_regen_seed2024,XGB_F4,test,1096,1088,mm10,0,0.6576102375984192,0.49377796053886414,validation
xgboost_unweighted_F4_sprint2_main_seed42_regen_seed2024,XGB_F4,test,1097,1088,mm10,0,0.6897189021110535,0.49377796053886414,validation
xgboost_unweighted_F4_sprint2_main_seed42_regen_seed2024,XGB_F4,test,1098,1088,mm10,0,0.6482100486755371,0.49377796053886414,validation
xgboost_unweighted_F4_sprint2_main_seed42_regen_seed2024,XGB_F4,test,1099,1088,mm10,0,0.6505847573280334,0.49377796053886414,validation
xgboost_unweighted_F4_sprint2_main_seed42_regen_seed2024,XGB_F4,test,1100,1088,mm10,0,0.5825324058532715,0.49377796053886414,validation
xgboost_unweighted_F4_sprint2_main_seed42_regen_seed2024,XGB_F4,test,1101,1088,mm10,0,0.6897748708724976,0.49377796053886414,validation
xgboost_unweighted_F4_sprint2_main_seed42_regen_seed2024,XGB_F4,test,1102,1088,mm10,0,0.5845692157745361,0.49377796053886414,validation
xgboost_unweighted_F4_sprint2_main_seed42_regen_seed2024,XGB_F4,test,1103,1088,mm10,0,0.6468911170959473,0.49377796053886414,validation
xgboost_unweighted_F4_sprint2_main_seed42_regen_seed2024,XGB_F4,test,1121,1120,mm10,1,0.5282898545265198,0.49377796053886414,validation
xgboost_unweighted_F4_sprint2_main_seed42_regen_seed2024,XGB_F4,test,1122,1120,mm10,0,0.5861924290657043,0.49377796053886414,validation
xgboost_unweighted_F4_sprint2_main_seed42_regen_seed2024,XGB_F4,test,1123,1120,mm10,0,0.5732408165931702,0.49377796053886414,validation
xgboost_unweighted_F4_sprint2_main_seed42_regen_seed2024,XGB_F4,test,1124,1120,mm10,0,0.46644797921180725,0.49377796053886414,validation
xgboost_unweighted_F4_sprint2_main_seed42_regen_seed2024,XGB_F4,test,1125,1120,mm10,0,0.5662685036659241,0.49377796053886414,validation
xgboost_unweighted_F4_sprint2_main_seed42_regen_seed2024,XGB_F4,test,1126,1120,mm10,0,0.5666688084602356,0.49377796053886414,validation
xgboost_unweighted_F4_sprint2_main_seed42_regen_seed2024,XGB_F4,test,1127,1120,mm10,0,0.5607656836509705,0.49377796053886414,validation
xgboost_unweighted_F4_sprint2_main_seed42_regen_seed2024,XGB_F4,test,1128,1120,mm10,0,0.5376981496810913,0.49377796053886414,validation
xgboost_unweighted_F4_sprint2_main_seed42_regen_seed2024,XGB_F4,test,1129,1120,mm10,0,0.5423533916473389,0.49377796053886414,validation
xgboost_unweighted_F4_sprint2_main_seed42_regen_seed2024,XGB_F4,test,1130,1120,mm10,0,0.5499019026756287,0.49377796053886414,validation
xgboost_unweighted_F4_sprint2_main_seed42_regen_seed2024,XGB_F4,test,1131,1120,mm10,0,0.5594967603683472,0.49377796053886414,validation
xgboost_unweighted_F4_sprint2_main_seed42_regen_seed2024,XGB_F4,test,1132,1120,mm10,0,0.5383618474006653,0.49377796053886414,validation
xgboost_unweighted_F4_sprint2_main_seed42_regen_seed2024,XGB_F4,test,1133,1120,mm10,0,0.6365110278129578,0.49377796053886414,validation
xgboost_unweighted_F4_sprint2_main_seed42_regen_seed2024,XGB_F4,test,1134,1120,mm10,0,0.6031835079193115,0.49377796053886414,validation
xgboost_unweighted_F4_sprint2_main_seed42_regen_seed2024,XGB_F4,test,1135,1120,mm10,0,0.5960805416107178,0.49377796053886414,validation
xgboost_unweighted_F4_sprint2_main_seed42_regen_seed2024,XGB_F4,test,1409,1408,mm10,0,0.2913411557674408,0.49377796053886414,validation
xgboost_unweighted_F4_sprint2_main_seed42_regen_seed2024,XGB_F4,test,1410,1408,mm10,0,0.3270179331302643,0.49377796053886414,validation
xgboost_unweighted_F4_sprint2_main_seed42_regen_seed2024,XGB_F4,test,1411,1408,mm10,0,0.2873396575450897,0.49377796053886414,validation
xgboost_unweighted_F4_sprint2_main_seed42_regen_seed2024,XGB_F4,test,1412,1408,mm10,0,0.260660856962204,0.49377796053886414,validation
xgboost_unweighted_F4_sprint2_main_seed42_regen_seed2024,XGB_F4,test,1413,1408,mm10,0,0.4218113422393799,0.49377796053886414,validation
xgboost_unweighted_F4_sprint2_main_seed42_regen_seed2024,XGB_F4,test,1414,1408,mm10,0,0.4139286279678345,0.49377796053886414,validation
xgboost_unweighted_F4_sprint2_main_seed42_regen_seed2024,XGB_F4,test,1416,1408,mm10,0,0.3236925005912781,0.49377796053886414,validation
xgboost_unweighted_F4_sprint2_main_seed42_regen_seed2024,XGB_F4,test,1418,1408,mm10,0,0.41538941860198975,0.49377796053886414,validation
xgboost_unweighted_F4_sprint2_main_seed42_regen_seed2024,XGB_F4,test,1419,1408,mm10,0,0.3501774072647095,0.49377796053886414,validation
xgboost_unweighted_F4_sprint2_main_seed42_regen_seed2024,XGB_F4,test,1505,1505,hg19,1,0.696882426738739,0.49377796053886414,validation
xgboost_unweighted_F4_sprint2_main_seed42_regen_seed2024,XGB_F4,test,1506,1505,hg19,1,0.8174902200698853,0.49377796053886414,validation
xgboost_unweighted_F4_sprint2_main_seed42_regen_seed2024,XGB_F4,test,1507,1505,hg19,1,0.8555164933204651,0.49377796053886414,validation
xgboost_unweighted_F4_sprint2_main_seed42_regen_seed2024,XGB_F4,test,1508,1505,hg19,1,0.3318052589893341,0.49377796053886414,validation
xgboost_unweighted_F4_sprint2_main_seed42_regen_seed2024,XGB_F4,test,1509,1505,hg19,1,0.7937114834785461,0.49377796053886414,validation
xgboost_unweighted_F4_sprint2_main_seed42_regen_seed2024,XGB_F4,test,1510,1505,hg19,1,0.8347354531288147,0.49377796053886414,validation
xgboost_unweighted_F4_sprint2_main_seed42_regen_seed2024,XGB_F4,test,1511,1505,hg19,1,0.8045030236244202,0.49377796053886414,validation
xgboost_unweighted_F4_sprint2_main_seed42_regen_seed2024,XGB_F4,test,1512,1505,hg19,1,0.832662045955658,0.49377796053886414,validation
xgboost_unweighted_F4_sprint2_main_seed42_regen_seed2024,XGB_F4,test,1513,1505,hg19,1,0.5258650779724121,0.49377796053886414,validation
xgboost_unweighted_F4_sprint2_main_seed42_regen_seed2024,XGB_F4,test,1514,1505,hg19,1,0.8923709988594055,0.49377796053886414,validation
xgboost_unweighted_F4_sprint2_main_seed42_regen_seed2024,XGB_F4,test,1515,1505,hg19,1,0.36458849906921387,0.49377796053886414,validation
xgboost_unweighted_F4_sprint2_main_seed42_regen_seed2024,XGB_F4,test,1516,1505,hg19,1,0.27231934666633606,0.49377796053886414,validation
xgboost_unweighted_F4_sprint2_main_seed42_regen_seed2024,XGB_F4,test,1517,1505,hg19,1,0.8543667793273926,0.49377796053886414,validation
xgboost_unweighted_F4_sprint2_main_seed42_regen_seed2024,XGB_F4,test,1518,1505,hg19,1,0.32283517718315125,0.49377796053886414,validation
xgboost_unweighted_F4_sprint2_main_seed42_regen_seed2024,XGB_F4,test,1519,1505,hg19,1,0.8313090801239014,0.49377796053886414,validation
xgboost_unweighted_F4_sprint2_main_seed42_regen_seed2024,XGB_F4,test,1520,1505,hg19,1,0.8405764102935791,0.49377796053886414,validation
xgboost_unweighted_F4_sprint2_main_seed42_regen_seed2024,XGB_F4,test,1521,1505,hg19,1,0.8335179686546326,0.49377796053886414,validation
xgboost_unweighted_F4_sprint2_main_seed42_regen_seed2024,XGB_F4,test,1522,1505,hg19,1,0.31557321548461914,0.49377796053886414,validation
xgboost_unweighted_F4_sprint2_main_seed42_regen_seed2024,XGB_F4,test,1523,1505,hg19,1,0.8796824812889099,0.49377796053886414,validation
xgboost_unweighted_F4_sprint2_main_seed42_regen_seed2024,XGB_F4,test,1524,1505,hg19,1,0.28806978464126587,0.49377796053886414,validation
xgboost_unweighted_F4_sprint2_main_seed42_regen_seed2024,XGB_F4,test,1525,1505,hg19,1,0.8585928082466125,0.49377796053886414,validation
xgboost_unweighted_F4_sprint2_main_seed42_regen_seed2024,XGB_F4,test,1526,1505,hg19,1,0.8011134266853333,0.49377796053886414,validation
xgboost_unweighted_F4_sprint2_main_seed42_regen_seed2024,XGB_F4,test,1527,1505,hg19,1,0.9100679755210876,0.49377796053886414,validation
xgboost_unweighted_F4_sprint2_main_seed42_regen_seed2024,XGB_F4,test,1528,1505,hg19,1,0.8152339458465576,0.49377796053886414,validation
xgboost_unweighted_F4_sprint2_main_seed42_regen_seed2024,XGB_F4,test,1529,1505,hg19,1,0.8120577931404114,0.49377796053886414,validation
xgboost_unweighted_F4_sprint2_main_seed42_regen_seed2024,XGB_F4,test,1530,1505,hg19,1,0.8536366820335388,0.49377796053886414,validation
xgboost_unweighted_F4_sprint2_main_seed42_regen_seed2024,XGB_F4,test,1531,1505,hg19,1,0.9221093654632568,0.49377796053886414,validation
xgboost_unweighted_F4_sprint2_main_seed42_regen_seed2024,XGB_F4,test,1532,1505,hg19,1,0.8583271503448486,0.49377796053886414,validation
xgboost_unweighted_F4_sprint2_main_seed42_regen_seed2024,XGB_F4,test,1533,1505,hg19,1,0.8446198105812073,0.49377796053886414,validation
xgboost_unweighted_F4_sprint2_main_seed42_regen_seed2024,XGB_F4,test,1534,1505,hg19,1,0.27457311749458313,0.49377796053886414,validation
xgboost_unweighted_F4_sprint2_main_seed42_regen_seed2024,XGB_F4,test,1535,1505,hg19,1,0.3780430555343628,0.49377796053886414,validation
xgboost_unweighted_F4_sprint2_main_seed42_regen_seed2024,XGB_F4,test,1536,1505,hg19,1,0.8575931787490845,0.49377796053886414,validation
xgboost_unweighted_F4_sprint2_main_seed42_regen_seed2024,XGB_F4,test,1537,1505,hg19,1,0.4416433274745941,0.49377796053886414,validation
xgboost_unweighted_F4_sprint2_main_seed42_regen_seed2024,XGB_F4,test,1538,1505,hg19,1,0.848426878452301,0.49377796053886414,validation
xgboost_unweighted_F4_sprint2_main_seed42_regen_seed2024,XGB_F4,test,1539,1505,hg19,1,0.8416857719421387,0.49377796053886414,validation
xgboost_unweighted_F4_sprint2_main_seed42_regen_seed2024,XGB_F4,test,1540,1505,hg19,1,0.8632015585899353,0.49377796053886414,validation
xgboost_unweighted_F4_sprint2_main_seed42_regen_seed2024,XGB_F4,test,1541,1505,hg19,1,0.810114860534668,0.49377796053886414,validation
xgboost_unweighted_F4_sprint2_main_seed42_regen_seed2024,XGB_F4,test,1542,1505,hg19,1,0.8277469873428345,0.49377796053886414,validation
xgboost_unweighted_F4_sprint2_main_seed42_regen_seed2024,XGB_F4,test,1543,1505,hg19,1,0.8681284189224243,0.49377796053886414,validation
xgboost_unweighted_F4_sprint2_main_seed42_regen_seed2024,XGB_F4,test,1544,1505,hg19,1,0.8161320090293884,0.49377796053886414,validation
xgboost_unweighted_F4_sprint2_main_seed42_regen_seed2024,XGB_F4,test,1545,1505,hg19,1,0.5482260584831238,0.49377796053886414,validation
xgboost_unweighted_F4_sprint2_main_seed42_regen_seed2024,XGB_F4,test,1546,1505,hg19,1,0.8523962497711182,0.49377796053886414,validation
xgboost_unweighted_F4_sprint2_main_seed42_regen_seed2024,XGB_F4,test,1547,1505,hg19,1,0.8383062481880188,0.49377796053886414,validation
xgboost_unweighted_F4_sprint2_main_seed42_regen_seed2024,XGB_F4,test,1548,1505,hg19,1,0.558118999004364,0.49377796053886414,validation
xgboost_unweighted_F4_sprint2_main_seed42_regen_seed2024,XGB_F4,test,1549,1505,hg19,1,0.8624739646911621,0.49377796053886414,validation
xgboost_unweighted_F4_sprint2_main_seed42_regen_seed2024,XGB_F4,test,1550,1505,hg19,1,0.28390514850616455,0.49377796053886414,validation
xgboost_unweighted_F4_sprint2_main_seed42_regen_seed2024,XGB_F4,test,1551,1505,hg19,1,0.8570014834403992,0.49377796053886414,validation
xgboost_unweighted_F4_sprint2_main_seed42_regen_seed2024,XGB_F4,test,1552,1505,hg19,1,0.4281923174858093,0.49377796053886414,validation
xgboost_unweighted_F4_sprint2_main_seed42_regen_seed2024,XGB_F4,test,3265,3265,hg19,1,0.9161005616188049,0.49377796053886414,validation
xgboost_unweighted_F4_sprint2_main_seed42_regen_seed2024,XGB_F4,test,3266,3265,hg19,1,0.9687801003456116,0.49377796053886414,validation
xgboost_unweighted_F4_sprint2_main_seed42_regen_seed2024,XGB_F4,test,3267,3265,hg19,1,0.8817772269248962,0.49377796053886414,validation
xgboost_unweighted_F4_sprint2_main_seed42_regen_seed2024,XGB_F4,test,3268,3265,hg19,1,0.9551591873168945,0.49377796053886414,validation
xgboost_unweighted_F4_sprint2_main_seed42_regen_seed2024,XGB_F4,test,3269,3265,hg19,1,0.9055227637290955,0.49377796053886414,validation
xgboost_unweighted_F4_sprint2_main_seed42_regen_seed2024,XGB_F4,test,3270,3265,hg19,1,0.8633861541748047,0.49377796053886414,validation
xgboost_unweighted_F4_sprint2_main_seed42_regen_seed2024,XGB_F4,test,3271,3265,hg19,1,0.8505094647407532,0.49377796053886414,validation
xgboost_unweighted_F4_sprint2_main_seed42_regen_seed2024,XGB_F4,test,3272,3265,hg19,1,0.876762330532074,0.49377796053886414,validation
xgboost_unweighted_F4_sprint2_main_seed42_regen_seed2024,XGB_F4,test,3273,3265,hg19,1,0.8793691396713257,0.49377796053886414,validation
xgboost_unweighted_F4_sprint2_main_seed42_regen_seed2024,XGB_F4,test,3274,3265,hg19,1,0.8627521395683289,0.49377796053886414,validation
xgboost_unweighted_F4_sprint2_main_seed42_regen_seed2024,XGB_F4,test,3275,3265,hg19,1,0.9009397625923157,0.49377796053886414,validation
xgboost_unweighted_F4_sprint2_main_seed42_regen_seed2024,XGB_F4,test,3276,3265,hg19,1,0.8973514437675476,0.49377796053886414,validation
xgboost_unweighted_F4_sprint2_main_seed42_regen_seed2024,XGB_F4,test,3277,3265,hg19,1,0.8445872664451599,0.49377796053886414,validation
xgboost_unweighted_F4_sprint2_main_seed42_regen_seed2024,XGB_F4,test,3278,3265,hg19,1,0.883761465549469,0.49377796053886414,validation
xgboost_unweighted_F4_sprint2_main_seed42_regen_seed2024,XGB_F4,test,3279,3265,hg19,1,0.8520872592926025,0.49377796053886414,validation
xgboost_unweighted_F4_sprint2_main_seed42_regen_seed2024,XGB_F4,test,3280,3265,hg19,1,0.9377661347389221,0.49377796053886414,validation
xgboost_unweighted_F4_sprint2_main_seed42_regen_seed2024,XGB_F4,test,3281,3265,hg19,1,0.9578831195831299,0.49377796053886414,validation
xgboost_unweighted_F4_sprint2_main_seed42_regen_seed2024,XGB_F4,test,3282,3265,hg19,1,0.8855084180831909,0.49377796053886414,validation
xgboost_unweighted_F4_sprint2_main_seed42_regen_seed2024,XGB_F4,test,3283,3265,hg19,1,0.8752213716506958,0.49377796053886414,validation
xgboost_unweighted_F4_sprint2_main_seed42_regen_seed2024,XGB_F4,test,3284,3265,hg19,1,0.4473476707935333,0.49377796053886414,validation
xgboost_unweighted_F4_sprint2_main_seed42_regen_seed2024,XGB_F4,test,3285,3265,hg19,1,0.8895546793937683,0.49377796053886414,validation
xgboost_unweighted_F4_sprint2_main_seed42_regen_seed2024,XGB_F4,test,3286,3265,hg19,1,0.9274110198020935,0.49377796053886414,validation
xgboost_unweighted_F4_sprint2_main_seed42_regen_seed2024,XGB_F4,test,3287,3265,hg19,1,0.9632405042648315,0.49377796053886414,validation
xgboost_unweighted_F4_sprint2_main_seed42_regen_seed2024,XGB_F4,test,3288,3265,hg19,1,0.9798822999000549,0.49377796053886414,validation
xgboost_unweighted_F4_sprint2_main_seed42_regen_seed2024,XGB_F4,test,3289,3265,hg19,1,0.9039148092269897,0.49377796053886414,validation
xgboost_unweighted_F4_sprint2_main_seed42_regen_seed2024,XGB_F4,test,3290,3265,hg19,1,0.9534252285957336,0.49377796053886414,validation
xgboost_unweighted_F4_sprint2_main_seed42_regen_seed2024,XGB_F4,test,3291,3265,hg19,1,0.9468854665756226,0.49377796053886414,validation
xgboost_unweighted_F4_sprint2_main_seed42_regen_seed2024,XGB_F4,test,3292,3265,hg19,1,0.9458200931549072,0.49377796053886414,validation
xgboost_unweighted_F4_sprint2_main_seed42_regen_seed2024,XGB_F4,test,3293,3265,hg19,1,0.967868447303772,0.49377796053886414,validation
xgboost_unweighted_F4_sprint2_main_seed42_regen_seed2024,XGB_F4,test,3294,3265,hg19,1,0.9523827433586121,0.49377796053886414,validation
xgboost_unweighted_F4_sprint2_main_seed42_regen_seed2024,XGB_F4,test,3295,3265,hg19,1,0.9008222222328186,0.49377796053886414,validation
xgboost_unweighted_F4_sprint2_main_seed42_regen_seed2024,XGB_F4,test,3296,3265,hg19,1,0.874817430973053,0.49377796053886414,validation
xgboost_unweighted_F4_sprint2_main_seed42_regen_seed2024,XGB_F4,test,3297,3265,hg19,1,0.8840371966362,0.49377796053886414,validation
xgboost_unweighted_F4_sprint2_main_seed42_regen_seed2024,XGB_F4,test,3298,3265,hg19,1,0.7856557369232178,0.49377796053886414,validation
xgboost_unweighted_F4_sprint2_main_seed42_regen_seed2024,XGB_F4,test,3299,3265,hg19,1,0.9574781656265259,0.49377796053886414,validation
xgboost_unweighted_F4_sprint2_main_seed42_regen_seed2024,XGB_F4,test,3300,3300,hg19,1,0.9250988960266113,0.49377796053886414,validation
xgboost_unweighted_F4_sprint2_main_seed42_regen_seed2024,XGB_F4,test,3301,3300,hg19,1,0.785007655620575,0.49377796053886414,validation
xgboost_unweighted_F4_sprint2_main_seed42_regen_seed2024,XGB_F4,test,3302,3300,hg19,1,0.9334785342216492,0.49377796053886414,validation
xgboost_unweighted_F4_sprint2_main_seed42_regen_seed2024,XGB_F4,test,3303,3300,hg19,1,0.9409911036491394,0.49377796053886414,validation
xgboost_unweighted_F4_sprint2_main_seed42_regen_seed2024,XGB_F4,test,3304,3300,hg19,1,0.9236264228820801,0.49377796053886414,validation
xgboost_unweighted_F4_sprint2_main_seed42_regen_seed2024,XGB_F4,test,3305,3300,hg19,1,0.8649742007255554,0.49377796053886414,validation
xgboost_unweighted_F4_sprint2_main_seed42_regen_seed2024,XGB_F4,test,3306,3300,hg19,1,0.9727337956428528,0.49377796053886414,validation
xgboost_unweighted_F4_sprint2_main_seed42_regen_seed2024,XGB_F4,test,3307,3300,hg19,1,0.9562135338783264,0.49377796053886414,validation
xgboost_unweighted_F4_sprint2_main_seed42_regen_seed2024,XGB_F4,test,3308,3300,hg19,1,0.9229126572608948,0.49377796053886414,validation
xgboost_unweighted_F4_sprint2_main_seed42_regen_seed2024,XGB_F4,test,3309,3300,hg19,1,0.8824011087417603,0.49377796053886414,validation
xgboost_unweighted_F4_sprint2_main_seed42_regen_seed2024,XGB_F4,test,3310,3300,hg19,1,0.9646244645118713,0.49377796053886414,validation
xgboost_unweighted_F4_sprint2_main_seed42_regen_seed2024,XGB_F4,test,3311,3300,hg19,1,0.7999574542045593,0.49377796053886414,validation
xgboost_unweighted_F4_sprint2_main_seed42_regen_seed2024,XGB_F4,test,3312,3300,hg19,1,0.9698768854141235,0.49377796053886414,validation
xgboost_unweighted_F4_sprint2_main_seed42_regen_seed2024,XGB_F4,test,3313,3300,hg19,1,0.9022594094276428,0.49377796053886414,validation
xgboost_unweighted_F4_sprint2_main_seed42_regen_seed2024,XGB_F4,test,3314,3300,hg19,1,0.9639471173286438,0.49377796053886414,validation
xgboost_unweighted_F4_sprint2_main_seed42_regen_seed2024,XGB_F4,test,3315,3300,hg19,1,0.9136340618133545,0.49377796053886414,validation
xgboost_unweighted_F4_sprint2_main_seed42_regen_seed2024,XGB_F4,test,3316,3300,hg19,1,0.9298686385154724,0.49377796053886414,validation
xgboost_unweighted_F4_sprint2_main_seed42_regen_seed2024,XGB_F4,test,3317,3300,hg19,1,0.9080427885055542,0.49377796053886414,validation
xgboost_unweighted_F4_sprint2_main_seed42_regen_seed2024,XGB_F4,test,3318,3300,hg19,1,0.9451742768287659,0.49377796053886414,validation
xgboost_unweighted_F4_sprint2_main_seed42_regen_seed2024,XGB_F4,test,3319,3300,hg19,1,0.974541187286377,0.49377796053886414,validation
xgboost_unweighted_F4_sprint2_main_seed42_regen_seed2024,XGB_F4,test,3320,3300,hg19,1,0.9504914879798889,0.49377796053886414,validation
xgboost_unweighted_F4_sprint2_main_seed42_regen_seed2024,XGB_F4,test,3321,3300,hg19,1,0.929818868637085,0.49377796053886414,validation
xgboost_unweighted_F4_sprint2_main_seed42_regen_seed2024,XGB_F4,test,3322,3300,hg19,1,0.9640135765075684,0.49377796053886414,validation
xgboost_unweighted_F4_sprint2_main_seed42_regen_seed2024,XGB_F4,test,3323,3300,hg19,1,0.9666094779968262,0.49377796053886414,validation
xgboost_unweighted_F4_sprint2_main_seed42_regen_seed2024,XGB_F4,test,3324,3300,hg19,1,0.9389708638191223,0.49377796053886414,validation
xgboost_unweighted_F4_sprint2_main_seed42_regen_seed2024,XGB_F4,test,3325,3300,hg19,1,0.9473749399185181,0.49377796053886414,validation
xgboost_unweighted_F4_sprint2_main_seed42_regen_seed2024,XGB_F4,test,3326,3300,hg19,1,0.9034309983253479,0.49377796053886414,validation
xgboost_unweighted_F4_sprint2_main_seed42_regen_seed2024,XGB_F4,test,3327,3300,hg19,1,0.9019029140472412,0.49377796053886414,validation
xgboost_unweighted_F4_sprint2_main_seed42_regen_seed2024,XGB_F4,test,3328,3300,hg19,1,0.9588519334793091,0.49377796053886414,validation
xgboost_unweighted_F4_sprint2_main_seed42_regen_seed2024,XGB_F4,test,3329,3300,hg19,1,0.9317280054092407,0.49377796053886414,validation
xgboost_unweighted_F4_sprint2_main_seed42_regen_seed2024,XGB_F4,test,3330,3300,hg19,1,0.9237011671066284,0.49377796053886414,validation
xgboost_unweighted_F4_sprint2_main_seed42_regen_seed2024,XGB_F4,test,3331,3300,hg19,1,0.8343434929847717,0.49377796053886414,validation
xgboost_unweighted_F4_sprint2_main_seed42_regen_seed2024,XGB_F4,test,3332,3300,hg19,1,0.8962188959121704,0.49377796053886414,validation
xgboost_unweighted_F4_sprint2_main_seed42_regen_seed2024,XGB_F4,test,3333,3300,hg19,1,0.9575741291046143,0.49377796053886414,validation
xgboost_unweighted_F4_sprint2_main_seed42_regen_seed2024,XGB_F4,test,3334,3300,hg19,1,0.9545729756355286,0.49377796053886414,validation
xgboost_unweighted_F4_sprint2_main_seed42_regen_seed2024,XGB_F4,test,3335,3300,hg19,1,0.911675214767456,0.49377796053886414,validation
xgboost_unweighted_F4_sprint2_main_seed42_regen_seed2024,XGB_F4,test,3336,3300,hg19,1,0.9013180732727051,0.49377796053886414,validation
xgboost_unweighted_F4_sprint2_main_seed42_regen_seed2024,XGB_F4,test,3337,3300,hg19,1,0.8934766054153442,0.49377796053886414,validation
xgboost_unweighted_F4_sprint2_main_seed42_regen_seed2024,XGB_F4,test,3338,3300,hg19,1,0.9638650417327881,0.49377796053886414,validation
xgboost_unweighted_F4_sprint2_main_seed42_regen_seed2024,XGB_F4,test,3339,3300,hg19,1,0.9118092060089111,0.49377796053886414,validation
xgboost_unweighted_F4_sprint2_main_seed42_regen_seed2024,XGB_F4,test,3340,3300,hg19,1,0.9220677018165588,0.49377796053886414,validation
xgboost_unweighted_F4_sprint2_main_seed42_regen_seed2024,XGB_F4,test,3341,3300,hg19,1,0.8821902871131897,0.49377796053886414,validation
xgboost_unweighted_F4_sprint2_main_seed42_regen_seed2024,XGB_F4,test,3342,3300,hg19,1,0.9328069686889648,0.49377796053886414,validation
xgboost_unweighted_F4_sprint2_main_seed42_regen_seed2024,XGB_F4,test,3343,3300,hg19,1,0.9097034931182861,0.49377796053886414,validation
xgboost_unweighted_F4_sprint2_main_seed42_regen_seed2024,XGB_F4,test,3344,3300,hg19,1,0.913363516330719,0.49377796053886414,validation
xgboost_unweighted_F4_sprint2_main_seed42_regen_seed2024,XGB_F4,test,3345,3300,hg19,1,0.9042592644691467,0.49377796053886414,validation
xgboost_unweighted_F4_sprint2_main_seed42_regen_seed2024,XGB_F4,test,3346,3300,hg19,1,0.911885678768158,0.49377796053886414,validation
xgboost_unweighted_F4_sprint2_main_seed42_regen_seed2024,XGB_F4,test,3347,3300,hg19,1,0.9167107343673706,0.49377796053886414,validation
xgboost_unweighted_F4_sprint2_main_seed42_regen_seed2024,XGB_F4,test,3348,3300,hg19,1,0.9110609292984009,0.49377796053886414,validation
xgboost_unweighted_F4_sprint2_main_seed42_regen_seed2024,XGB_F4,test,3349,3300,hg19,1,0.9009105563163757,0.49377796053886414,validation
xgboost_unweighted_F4_sprint2_main_seed42_regen_seed2024,XGB_F4,test,3350,3300,hg19,1,0.8882918357849121,0.49377796053886414,validation
xgboost_unweighted_F4_sprint2_main_seed42_regen_seed2024,XGB_F4,test,3351,3300,hg19,1,0.8972602486610413,0.49377796053886414,validation
xgboost_unweighted_F4_sprint2_main_seed42_regen_seed2024,XGB_F4,test,3352,3300,hg19,1,0.908797562122345,0.49377796053886414,validation
xgboost_unweighted_F4_sprint2_main_seed42_regen_seed2024,XGB_F4,test,3353,3300,hg19,1,0.9263025522232056,0.49377796053886414,validation
xgboost_unweighted_F4_sprint2_main_seed42_regen_seed2024,XGB_F4,test,3354,3300,hg19,1,0.9562835097312927,0.49377796053886414,validation
xgboost_unweighted_F4_sprint2_main_seed42_regen_seed2024,XGB_F4,test,3355,3300,hg19,1,0.9325370192527771,0.49377796053886414,validation
xgboost_unweighted_F4_sprint2_main_seed42_regen_seed2024,XGB_F4,test,3356,3300,hg19,1,0.921973466873169,0.49377796053886414,validation
xgboost_unweighted_F4_sprint2_main_seed42_regen_seed2024,XGB_F4,test,3357,3300,hg19,1,0.9011167287826538,0.49377796053886414,validation
xgboost_unweighted_F4_sprint2_main_seed42_regen_seed2024,XGB_F4,test,3358,3300,hg19,1,0.8320320844650269,0.49377796053886414,validation
xgboost_unweighted_F4_sprint2_main_seed42_regen_seed2024,XGB_F4,test,3359,3300,hg19,1,0.9195278286933899,0.49377796053886414,validation
xgboost_unweighted_F4_sprint2_main_seed42_regen_seed2024,XGB_F4,test,3360,3300,hg19,1,0.9440091848373413,0.49377796053886414,validation
xgboost_unweighted_F4_sprint2_main_seed42_regen_seed2024,XGB_F4,test,3361,3300,hg19,1,0.9085380434989929,0.49377796053886414,validation
xgboost_unweighted_F4_sprint2_main_seed42_regen_seed2024,XGB_F4,test,3362,3300,hg19,1,0.9137330055236816,0.49377796053886414,validation
xgboost_unweighted_F4_sprint2_main_seed42_regen_seed2024,XGB_F4,test,3363,3300,hg19,1,0.902105450630188,0.49377796053886414,validation
xgboost_unweighted_F4_sprint2_main_seed42_regen_seed2024,XGB_F4,test,3364,3300,hg19,1,0.9570092558860779,0.49377796053886414,validation
xgboost_unweighted_F4_sprint2_main_seed42_regen_seed2024,XGB_F4,test,3365,3300,hg19,1,0.9374545812606812,0.49377796053886414,validation
xgboost_unweighted_F4_sprint2_main_seed42_regen_seed2024,XGB_F4,test,3366,3300,hg19,1,0.950661301612854,0.49377796053886414,validation
xgboost_unweighted_F4_sprint2_main_seed42_regen_seed2024,XGB_F4,test,3367,3300,hg19,1,0.9193632006645203,0.49377796053886414,validation
xgboost_unweighted_F4_sprint2_main_seed42_regen_seed2024,XGB_F4,test,3368,3300,hg19,1,0.9624454379081726,0.49377796053886414,validation
xgboost_unweighted_F4_sprint2_main_seed42_regen_seed2024,XGB_F4,test,3369,3300,hg19,1,0.928697407245636,0.49377796053886414,validation
xgboost_unweighted_F4_sprint2_main_seed42_regen_seed2024,XGB_F4,test,3370,3300,hg19,1,0.9431491494178772,0.49377796053886414,validation
xgboost_unweighted_F4_sprint2_main_seed42_regen_seed2024,XGB_F4,test,3371,3300,hg19,1,0.9218888878822327,0.49377796053886414,validation
xgboost_unweighted_F4_sprint2_main_seed42_regen_seed2024,XGB_F4,test,3372,3300,hg19,1,0.9161686897277832,0.49377796053886414,validation
xgboost_unweighted_F4_sprint2_main_seed42_regen_seed2024,XGB_F4,test,3373,3300,hg19,1,0.9345914721488953,0.49377796053886414,validation
xgboost_unweighted_F4_sprint2_main_seed42_regen_seed2024,XGB_F4,test,3374,3300,hg19,1,0.9361952543258667,0.49377796053886414,validation
xgboost_unweighted_F4_sprint2_main_seed42_regen_seed2024,XGB_F4,test,3375,3300,hg19,1,0.9445956349372864,0.49377796053886414,validation
xgboost_unweighted_F4_sprint2_main_seed42_regen_seed2024,XGB_F4,test,3376,3300,hg19,1,0.8539316654205322,0.49377796053886414,validation
xgboost_unweighted_F4_sprint2_main_seed42_regen_seed2024,XGB_F4,test,3377,3300,hg19,1,0.9382928013801575,0.49377796053886414,validation
xgboost_unweighted_F4_sprint2_main_seed42_regen_seed2024,XGB_F4,test,3378,3300,hg19,1,0.8897883892059326,0.49377796053886414,validation
xgboost_unweighted_F4_sprint2_main_seed42_regen_seed2024,XGB_F4,test,3379,3300,hg19,1,0.9041429162025452,0.49377796053886414,validation
xgboost_unweighted_F4_sprint2_main_seed42_regen_seed2024,XGB_F4,test,3380,3300,hg19,1,0.928067684173584,0.49377796053886414,validation
xgboost_unweighted_F4_sprint2_main_seed42_regen_seed2024,XGB_F4,test,3381,3300,hg19,1,0.9214578866958618,0.49377796053886414,validation
xgboost_unweighted_F4_sprint2_main_seed42_regen_seed2024,XGB_F4,test,3382,3300,hg19,1,0.9264647960662842,0.49377796053886414,validation
xgboost_unweighted_F4_sprint2_main_seed42_regen_seed2024,XGB_F4,test,3383,3300,hg19,1,0.9272721409797668,0.49377796053886414,validation
xgboost_unweighted_F4_sprint2_main_seed42_regen_seed2024,XGB_F4,test,3384,3300,hg19,1,0.9045830965042114,0.49377796053886414,validation
xgboost_unweighted_F4_sprint2_main_seed42_regen_seed2024,XGB_F4,test,3385,3300,hg19,1,0.9260996580123901,0.49377796053886414,validation
xgboost_unweighted_F4_sprint2_main_seed42_regen_seed2024,XGB_F4,test,3386,3300,hg19,1,0.9206159114837646,0.49377796053886414,validation
xgboost_unweighted_F4_sprint2_main_seed42_regen_seed2024,XGB_F4,test,3387,3300,hg19,1,0.9000142216682434,0.49377796053886414,validation
xgboost_unweighted_F4_sprint2_main_seed42_regen_seed2024,XGB_F4,test,3388,3300,hg19,1,0.9351460337638855,0.49377796053886414,validation
xgboost_unweighted_F4_sprint2_main_seed42_regen_seed2024,XGB_F4,test,3389,3300,hg19,1,0.9090076684951782,0.49377796053886414,validation
xgboost_unweighted_F4_sprint2_main_seed42_regen_seed2024,XGB_F4,test,3390,3300,hg19,1,0.9126191139221191,0.49377796053886414,validation
xgboost_unweighted_F4_sprint2_main_seed42_regen_seed2024,XGB_F4,test,3391,3300,hg19,1,0.930755078792572,0.49377796053886414,validation
xgboost_unweighted_F4_sprint2_main_seed42_regen_seed2024,XGB_F4,test,3392,3300,hg19,1,0.9109559655189514,0.49377796053886414,validation
xgboost_unweighted_F4_sprint2_main_seed42_regen_seed2024,XGB_F4,test,3393,3300,hg19,1,0.7926136255264282,0.49377796053886414,validation
xgboost_unweighted_F4_sprint2_main_seed42_regen_seed2024,XGB_F4,test,3394,3300,hg19,1,0.9171879887580872,0.49377796053886414,validation
xgboost_unweighted_F4_sprint2_main_seed42_regen_seed2024,XGB_F4,test,3395,3300,hg19,1,0.9520383477210999,0.49377796053886414,validation
xgboost_unweighted_F4_sprint2_main_seed42_regen_seed2024,XGB_F4,test,3396,3300,hg19,1,0.9442623853683472,0.49377796053886414,validation
xgboost_unweighted_F4_sprint2_main_seed42_regen_seed2024,XGB_F4,test,3397,3300,hg19,1,0.9353825449943542,0.49377796053886414,validation
xgboost_unweighted_F4_sprint2_main_seed42_regen_seed2024,XGB_F4,test,3398,3300,hg19,1,0.8817195892333984,0.49377796053886414,validation
xgboost_unweighted_F4_sprint2_main_seed42_regen_seed2024,XGB_F4,test,3399,3300,hg19,1,0.9322195053100586,0.49377796053886414,validation
xgboost_unweighted_F4_sprint2_main_seed42_regen_seed2024,XGB_F4,test,3400,3300,hg19,1,0.8935324549674988,0.49377796053886414,validation
xgboost_unweighted_F4_sprint2_main_seed42_regen_seed2024,XGB_F4,test,3401,3300,hg19,1,0.964409351348877,0.49377796053886414,validation
xgboost_unweighted_F4_sprint2_main_seed42_regen_seed2024,XGB_F4,test,3402,3300,hg19,1,0.9525290727615356,0.49377796053886414,validation
xgboost_unweighted_F4_sprint2_main_seed42_regen_seed2024,XGB_F4,test,3403,3300,hg19,1,0.9318881034851074,0.49377796053886414,validation
xgboost_unweighted_F4_sprint2_main_seed42_regen_seed2024,XGB_F4,test,3404,3300,hg19,1,0.954728364944458,0.49377796053886414,validation
xgboost_unweighted_F4_sprint2_main_seed42_regen_seed2024,XGB_F4,test,3405,3300,hg19,1,0.9190141558647156,0.49377796053886414,validation
xgboost_unweighted_F4_sprint2_main_seed42_regen_seed2024,XGB_F4,test,3406,3300,hg19,1,0.9583702683448792,0.49377796053886414,validation
xgboost_unweighted_F4_sprint2_main_seed42_regen_seed2024,XGB_F4,test,3407,3300,hg19,1,0.8566588163375854,0.49377796053886414,validation
xgboost_unweighted_F4_sprint2_main_seed42_regen_seed2024,XGB_F4,test,3408,3300,hg19,1,0.908730149269104,0.49377796053886414,validation
xgboost_unweighted_F4_sprint2_main_seed42_regen_seed2024,XGB_F4,test,3409,3300,hg19,1,0.9030008316040039,0.49377796053886414,validation
xgboost_unweighted_F4_sprint2_main_seed42_regen_seed2024,XGB_F4,test,3410,3300,hg19,1,0.9125257134437561,0.49377796053886414,validation
xgboost_unweighted_F4_sprint2_main_seed42_regen_seed2024,XGB_F4,test,3411,3300,hg19,1,0.9343834519386292,0.49377796053886414,validation
xgboost_unweighted_F4_sprint2_main_seed42_regen_seed2024,XGB_F4,test,3412,3300,hg19,1,0.9658542275428772,0.49377796053886414,validation
xgboost_unweighted_F4_sprint2_main_seed42_regen_seed2024,XGB_F4,test,3413,3300,hg19,1,0.9653604626655579,0.49377796053886414,validation
xgboost_unweighted_F4_sprint2_main_seed42_regen_seed2024,XGB_F4,test,3414,3300,hg19,1,0.9266698360443115,0.49377796053886414,validation
xgboost_unweighted_F4_sprint2_main_seed42_regen_seed2024,XGB_F4,test,3415,3300,hg19,1,0.9210406541824341,0.49377796053886414,validation
xgboost_unweighted_F4_sprint2_main_seed42_regen_seed2024,XGB_F4,test,3416,3300,hg19,1,0.93923020362854,0.49377796053886414,validation
xgboost_unweighted_F4_sprint2_main_seed42_regen_seed2024,XGB_F4,test,3417,3300,hg19,1,0.9015016555786133,0.49377796053886414,validation
xgboost_unweighted_F4_sprint2_main_seed42_regen_seed2024,XGB_F4,test,3418,3300,hg19,1,0.8939492702484131,0.49377796053886414,validation
xgboost_unweighted_F4_sprint2_main_seed42_regen_seed2024,XGB_F4,test,3419,3300,hg19,1,0.933479368686676,0.49377796053886414,validation
xgboost_unweighted_F4_sprint2_main_seed42_regen_seed2024,XGB_F4,test,3420,3420,hg19,1,0.9406933784484863,0.49377796053886414,validation
xgboost_unweighted_F4_sprint2_main_seed42_regen_seed2024,XGB_F4,test,3421,3420,hg19,1,0.8333759903907776,0.49377796053886414,validation
xgboost_unweighted_F4_sprint2_main_seed42_regen_seed2024,XGB_F4,test,3422,3420,hg19,1,0.8225886225700378,0.49377796053886414,validation
xgboost_unweighted_F4_sprint2_main_seed42_regen_seed2024,XGB_F4,test,3423,3420,hg19,1,0.8026664853096008,0.49377796053886414,validation
xgboost_unweighted_F4_sprint2_main_seed42_regen_seed2024,XGB_F4,test,3424,3420,hg19,1,0.844815731048584,0.49377796053886414,validation
xgboost_unweighted_F4_sprint2_main_seed42_regen_seed2024,XGB_F4,test,3425,3420,hg19,1,0.8976511359214783,0.49377796053886414,validation
xgboost_unweighted_F4_sprint2_main_seed42_regen_seed2024,XGB_F4,test,3426,3420,hg19,1,0.7654959559440613,0.49377796053886414,validation
xgboost_unweighted_F4_sprint2_main_seed42_regen_seed2024,XGB_F4,test,3427,3420,hg19,1,0.8139647245407104,0.49377796053886414,validation
xgboost_unweighted_F4_sprint2_main_seed42_regen_seed2024,XGB_F4,test,3428,3420,hg19,1,0.85293048620224,0.49377796053886414,validation
xgboost_unweighted_F4_sprint2_main_seed42_regen_seed2024,XGB_F4,test,3429,3420,hg19,1,0.9562653303146362,0.49377796053886414,validation
xgboost_unweighted_F4_sprint2_main_seed42_regen_seed2024,XGB_F4,test,3430,3420,hg19,1,0.9690941572189331,0.49377796053886414,validation
xgboost_unweighted_F4_sprint2_main_seed42_regen_seed2024,XGB_F4,test,3431,3420,hg19,1,0.9294926524162292,0.49377796053886414,validation
xgboost_unweighted_F4_sprint2_main_seed42_regen_seed2024,XGB_F4,test,3432,3420,hg19,1,0.740820050239563,0.49377796053886414,validation
xgboost_unweighted_F4_sprint2_main_seed42_regen_seed2024,XGB_F4,test,3433,3420,hg19,1,0.8400630950927734,0.49377796053886414,validation
xgboost_unweighted_F4_sprint2_main_seed42_regen_seed2024,XGB_F4,test,3434,3420,hg19,1,0.9255762100219727,0.49377796053886414,validation
xgboost_unweighted_F4_sprint2_main_seed42_regen_seed2024,XGB_F4,test,3435,3420,hg19,1,0.9225238561630249,0.49377796053886414,validation
xgboost_unweighted_F4_sprint2_main_seed42_regen_seed2024,XGB_F4,test,3436,3420,hg19,1,0.8030648231506348,0.49377796053886414,validation
xgboost_unweighted_F4_sprint2_main_seed42_regen_seed2024,XGB_F4,test,3437,3420,hg19,1,0.8294392824172974,0.49377796053886414,validation
xgboost_unweighted_F4_sprint2_main_seed42_regen_seed2024,XGB_F4,test,3438,3420,hg19,1,0.716138482093811,0.49377796053886414,validation
xgboost_unweighted_F4_sprint2_main_seed42_regen_seed2024,XGB_F4,test,3439,3420,hg19,1,0.9304507374763489,0.49377796053886414,validation
xgboost_unweighted_F4_sprint2_main_seed42_regen_seed2024,XGB_F4,test,3440,3420,hg19,1,0.8967273235321045,0.49377796053886414,validation
xgboost_unweighted_F4_sprint2_main_seed42_regen_seed2024,XGB_F4,test,3441,3420,hg19,1,0.8399596214294434,0.49377796053886414,validation
xgboost_unweighted_F4_sprint2_main_seed42_regen_seed2024,XGB_F4,test,3442,3420,hg19,1,0.8117696642875671,0.49377796053886414,validation
xgboost_unweighted_F4_sprint2_main_seed42_regen_seed2024,XGB_F4,test,3443,3420,hg19,1,0.7612834572792053,0.49377796053886414,validation
xgboost_unweighted_F4_sprint2_main_seed42_regen_seed2024,XGB_F4,test,3444,3420,hg19,1,0.8381299376487732,0.49377796053886414,validation
xgboost_unweighted_F4_sprint2_main_seed42_regen_seed2024,XGB_F4,test,3445,3420,hg19,1,0.940177321434021,0.49377796053886414,validation
xgboost_unweighted_F4_sprint2_main_seed42_regen_seed2024,XGB_F4,test,3446,3420,hg19,1,0.889274001121521,0.49377796053886414,validation
xgboost_unweighted_F4_sprint2_main_seed42_regen_seed2024,XGB_F4,test,3447,3420,hg19,1,0.6476054191589355,0.49377796053886414,validation
xgboost_unweighted_F4_sprint2_main_seed42_regen_seed2024,XGB_F4,test,3448,3420,hg19,1,0.8973609209060669,0.49377796053886414,validation
xgboost_unweighted_F4_sprint2_main_seed42_regen_seed2024,XGB_F4,test,3449,3420,hg19,1,0.8431406617164612,0.49377796053886414,validation
xgboost_unweighted_F4_sprint2_main_seed42_regen_seed2024,XGB_F4,test,3450,3420,hg19,1,0.9189621210098267,0.49377796053886414,validation
xgboost_unweighted_F4_sprint2_main_seed42_regen_seed2024,XGB_F4,test,3451,3420,hg19,1,0.7927185297012329,0.49377796053886414,validation
xgboost_unweighted_F4_sprint2_main_seed42_regen_seed2024,XGB_F4,test,3452,3420,hg19,1,0.8521847128868103,0.49377796053886414,validation
xgboost_unweighted_F4_sprint2_main_seed42_regen_seed2024,XGB_F4,test,3453,3420,hg19,1,0.6716130375862122,0.49377796053886414,validation
xgboost_unweighted_F4_sprint2_main_seed42_regen_seed2024,XGB_F4,test,3454,3420,hg19,1,0.9335774779319763,0.49377796053886414,validation
xgboost_unweighted_F4_sprint2_main_seed42_regen_seed2024,XGB_F4,test,3455,3420,hg19,1,0.7840657234191895,0.49377796053886414,validation
xgboost_unweighted_F4_sprint2_main_seed42_regen_seed2024,XGB_F4,test,3456,3420,hg19,1,0.9211666584014893,0.49377796053886414,validation
xgboost_unweighted_F4_sprint2_main_seed42_regen_seed2024,XGB_F4,test,3457,3420,hg19,1,0.8075698018074036,0.49377796053886414,validation
xgboost_unweighted_F4_sprint2_main_seed42_regen_seed2024,XGB_F4,test,3458,3420,hg19,1,0.8558143973350525,0.49377796053886414,validation
xgboost_unweighted_F4_sprint2_main_seed42_regen_seed2024,XGB_F4,test,3459,3420,hg19,1,0.9020355939865112,0.49377796053886414,validation
xgboost_unweighted_F4_sprint2_main_seed42_regen_seed2024,XGB_F4,test,3460,3420,hg19,1,0.8397073745727539,0.49377796053886414,validation
xgboost_unweighted_F4_sprint2_main_seed42_regen_seed2024,XGB_F4,test,3461,3420,hg19,1,0.7725242972373962,0.49377796053886414,validation
xgboost_unweighted_F4_sprint2_main_seed42_regen_seed2024,XGB_F4,test,3462,3420,hg19,1,0.8127868175506592,0.49377796053886414,validation
xgboost_unweighted_F4_sprint2_main_seed42_regen_seed2024,XGB_F4,test,3463,3420,hg19,1,0.8388179540634155,0.49377796053886414,validation
xgboost_unweighted_F4_sprint2_main_seed42_regen_seed2024,XGB_F4,test,3464,3420,hg19,1,0.9005428552627563,0.49377796053886414,validation
xgboost_unweighted_F4_sprint2_main_seed42_regen_seed2024,XGB_F4,test,3465,3420,hg19,1,0.8979310393333435,0.49377796053886414,validation
xgboost_unweighted_F4_sprint2_main_seed42_regen_seed2024,XGB_F4,test,3466,3420,hg19,1,0.8330164551734924,0.49377796053886414,validation
xgboost_unweighted_F4_sprint2_main_seed42_regen_seed2024,XGB_F4,test,3467,3420,hg19,1,0.9648836851119995,0.49377796053886414,validation
xgboost_unweighted_F4_sprint2_main_seed42_regen_seed2024,XGB_F4,test,3468,3420,hg19,1,0.9531031847000122,0.49377796053886414,validation
xgboost_unweighted_F4_sprint2_main_seed42_regen_seed2024,XGB_F4,test,3469,3420,hg19,1,0.9449012875556946,0.49377796053886414,validation
xgboost_unweighted_F4_sprint2_main_seed42_regen_seed2024,XGB_F4,test,3470,3420,hg19,1,0.9578829407691956,0.49377796053886414,validation
xgboost_unweighted_F4_sprint2_main_seed42_regen_seed2024,XGB_F4,test,3471,3420,hg19,1,0.8656874895095825,0.49377796053886414,validation
xgboost_unweighted_F4_sprint2_main_seed42_regen_seed2024,XGB_F4,test,3472,3420,hg19,1,0.8708481788635254,0.49377796053886414,validation
xgboost_unweighted_F4_sprint2_main_seed42_regen_seed2024,XGB_F4,test,3473,3420,hg19,1,0.9727398753166199,0.49377796053886414,validation
xgboost_unweighted_F4_sprint2_main_seed42_regen_seed2024,XGB_F4,test,3474,3420,hg19,1,0.8761284947395325,0.49377796053886414,validation
xgboost_unweighted_F4_sprint2_main_seed42_regen_seed2024,XGB_F4,test,3475,3420,hg19,1,0.9591962695121765,0.49377796053886414,validation
xgboost_unweighted_F4_sprint2_main_seed42_regen_seed2024,XGB_F4,test,3476,3420,hg19,1,0.8149738311767578,0.49377796053886414,validation
xgboost_unweighted_F4_sprint2_main_seed42_regen_seed2024,XGB_F4,test,3477,3420,hg19,1,0.9405307769775391,0.49377796053886414,validation
xgboost_unweighted_F4_sprint2_main_seed42_regen_seed2024,XGB_F4,test,3478,3420,hg19,1,0.4943426847457886,0.49377796053886414,validation
xgboost_unweighted_F4_sprint2_main_seed42_regen_seed2024,XGB_F4,test,3479,3420,hg19,1,0.9278445243835449,0.49377796053886414,validation
xgboost_unweighted_F4_sprint2_main_seed42_regen_seed2024,XGB_F4,test,3480,3420,hg19,1,0.8715717792510986,0.49377796053886414,validation
xgboost_unweighted_F4_sprint2_main_seed42_regen_seed2024,XGB_F4,test,3481,3420,hg19,1,0.9293389916419983,0.49377796053886414,validation
xgboost_unweighted_F4_sprint2_main_seed42_regen_seed2024,XGB_F4,test,3482,3420,hg19,1,0.8614975214004517,0.49377796053886414,validation
xgboost_unweighted_F4_sprint2_main_seed42_regen_seed2024,XGB_F4,test,3483,3420,hg19,1,0.8714773058891296,0.49377796053886414,validation
xgboost_unweighted_F4_sprint2_main_seed42_regen_seed2024,XGB_F4,test,3484,3420,hg19,1,0.8848583698272705,0.49377796053886414,validation
xgboost_unweighted_F4_sprint2_main_seed42_regen_seed2024,XGB_F4,test,3485,3420,hg19,1,0.9153608083724976,0.49377796053886414,validation
xgboost_unweighted_F4_sprint2_main_seed42_regen_seed2024,XGB_F4,test,3486,3420,hg19,1,0.8726889491081238,0.49377796053886414,validation
xgboost_unweighted_F4_sprint2_main_seed42_regen_seed2024,XGB_F4,test,3487,3420,hg19,1,0.8587742447853088,0.49377796053886414,validation
xgboost_unweighted_F4_sprint2_main_seed42_regen_seed2024,XGB_F4,test,3488,3420,hg19,1,0.8156328797340393,0.49377796053886414,validation
xgboost_unweighted_F4_sprint2_main_seed42_regen_seed2024,XGB_F4,test,3489,3420,hg19,1,0.7984470129013062,0.49377796053886414,validation
xgboost_unweighted_F4_sprint2_main_seed42_regen_seed2024,XGB_F4,test,3490,3420,hg19,1,0.8612165451049805,0.49377796053886414,validation
xgboost_unweighted_F4_sprint2_main_seed42_regen_seed2024,XGB_F4,test,3491,3420,hg19,1,0.8380945920944214,0.49377796053886414,validation
xgboost_unweighted_F4_sprint2_main_seed42_regen_seed2024,XGB_F4,test,3492,3420,hg19,1,0.8723046183586121,0.49377796053886414,validation
xgboost_unweighted_F4_sprint2_main_seed42_regen_seed2024,XGB_F4,test,3493,3420,hg19,1,0.93829745054245,0.49377796053886414,validation
xgboost_unweighted_F4_sprint2_main_seed42_regen_seed2024,XGB_F4,test,3494,3420,hg19,1,0.8251970410346985,0.49377796053886414,validation
xgboost_unweighted_F4_sprint2_main_seed42_regen_seed2024,XGB_F4,test,3495,3420,hg19,1,0.9419385194778442,0.49377796053886414,validation
xgboost_unweighted_F4_sprint2_main_seed42_regen_seed2024,XGB_F4,test,3496,3420,hg19,1,0.8536345958709717,0.49377796053886414,validation
xgboost_unweighted_F4_sprint2_main_seed42_regen_seed2024,XGB_F4,test,3497,3420,hg19,1,0.7920881509780884,0.49377796053886414,validation
xgboost_unweighted_F4_sprint2_main_seed42_regen_seed2024,XGB_F4,test,3498,3420,hg19,1,0.9238925576210022,0.49377796053886414,validation
xgboost_unweighted_F4_sprint2_main_seed42_regen_seed2024,XGB_F4,test,3499,3420,hg19,1,0.8649001121520996,0.49377796053886414,validation
xgboost_unweighted_F4_sprint2_main_seed42_regen_seed2024,XGB_F4,test,3500,3420,hg19,1,0.8246453404426575,0.49377796053886414,validation
xgboost_unweighted_F4_sprint2_main_seed42_regen_seed2024,XGB_F4,test,3501,3420,hg19,1,0.6446141004562378,0.49377796053886414,validation
xgboost_unweighted_F4_sprint2_main_seed42_regen_seed2024,XGB_F4,test,3502,3420,hg19,1,0.9264547824859619,0.49377796053886414,validation
xgboost_unweighted_F4_sprint2_main_seed42_regen_seed2024,XGB_F4,test,3503,3420,hg19,1,0.9082282781600952,0.49377796053886414,validation
xgboost_unweighted_F4_sprint2_main_seed42_regen_seed2024,XGB_F4,test,3504,3420,hg19,1,0.9340822696685791,0.49377796053886414,validation
xgboost_unweighted_F4_sprint2_main_seed42_regen_seed2024,XGB_F4,test,3505,3420,hg19,1,0.7806361317634583,0.49377796053886414,validation
xgboost_unweighted_F4_sprint2_main_seed42_regen_seed2024,XGB_F4,test,3506,3420,hg19,1,0.9445033073425293,0.49377796053886414,validation
xgboost_unweighted_F4_sprint2_main_seed42_regen_seed2024,XGB_F4,test,3507,3420,hg19,1,0.8693133592605591,0.49377796053886414,validation
xgboost_unweighted_F4_sprint2_main_seed42_regen_seed2024,XGB_F4,test,3508,3420,hg19,1,0.9277133941650391,0.49377796053886414,validation
xgboost_unweighted_F4_sprint2_main_seed42_regen_seed2024,XGB_F4,test,3509,3420,hg19,1,0.8827381730079651,0.49377796053886414,validation
xgboost_unweighted_F4_sprint2_main_seed42_regen_seed2024,XGB_F4,test,3510,3420,hg19,1,0.9309194087982178,0.49377796053886414,validation
xgboost_unweighted_F4_sprint2_main_seed42_regen_seed2024,XGB_F4,test,3511,3420,hg19,1,0.8226562142372131,0.49377796053886414,validation
xgboost_unweighted_F4_sprint2_main_seed42_regen_seed2024,XGB_F4,test,3512,3420,hg19,1,0.9214410781860352,0.49377796053886414,validation
xgboost_unweighted_F4_sprint2_main_seed42_regen_seed2024,XGB_F4,test,3513,3420,hg19,1,0.7642024755477905,0.49377796053886414,validation
xgboost_unweighted_F4_sprint2_main_seed42_regen_seed2024,XGB_F4,test,3514,3420,hg19,1,0.829513430595398,0.49377796053886414,validation
xgboost_unweighted_F4_sprint2_main_seed42_regen_seed2024,XGB_F4,test,3515,3420,hg19,1,0.7400162816047668,0.49377796053886414,validation
xgboost_unweighted_F4_sprint2_main_seed42_regen_seed2024,XGB_F4,test,3516,3420,hg19,1,0.8375097513198853,0.49377796053886414,validation
xgboost_unweighted_F4_sprint2_main_seed42_regen_seed2024,XGB_F4,test,3517,3420,hg19,1,0.7181989550590515,0.49377796053886414,validation
xgboost_unweighted_F4_sprint2_main_seed42_regen_seed2024,XGB_F4,test,3518,3420,hg19,1,0.7569355368614197,0.49377796053886414,validation
xgboost_unweighted_F4_sprint2_main_seed42_regen_seed2024,XGB_F4,test,3519,3420,hg19,1,0.6636661887168884,0.49377796053886414,validation
xgboost_unweighted_F4_sprint2_main_seed42_regen_seed2024,XGB_F4,test,3520,3420,hg19,1,0.9419424533843994,0.49377796053886414,validation
xgboost_unweighted_F4_sprint2_main_seed42_regen_seed2024,XGB_F4,test,3521,3420,hg19,1,0.8340010643005371,0.49377796053886414,validation
xgboost_unweighted_F4_sprint2_main_seed42_regen_seed2024,XGB_F4,test,3522,3420,hg19,1,0.7664393186569214,0.49377796053886414,validation
xgboost_unweighted_F4_sprint2_main_seed42_regen_seed2024,XGB_F4,test,3523,3420,hg19,1,0.89766925573349,0.49377796053886414,validation
xgboost_unweighted_F4_sprint2_main_seed42_regen_seed2024,XGB_F4,test,3524,3420,hg19,1,0.8493448495864868,0.49377796053886414,validation
xgboost_unweighted_F4_sprint2_main_seed42_regen_seed2024,XGB_F4,test,3525,3420,hg19,1,0.8541501760482788,0.49377796053886414,validation
xgboost_unweighted_F4_sprint2_main_seed42_regen_seed2024,XGB_F4,test,3526,3420,hg19,1,0.890764594078064,0.49377796053886414,validation
xgboost_unweighted_F4_sprint2_main_seed42_regen_seed2024,XGB_F4,test,3527,3420,hg19,1,0.9113742113113403,0.49377796053886414,validation
xgboost_unweighted_F4_sprint2_main_seed42_regen_seed2024,XGB_F4,test,3528,3420,hg19,1,0.6877935528755188,0.49377796053886414,validation
xgboost_unweighted_F4_sprint2_main_seed42_regen_seed2024,XGB_F4,test,3529,3420,hg19,1,0.7784988284111023,0.49377796053886414,validation
xgboost_unweighted_F4_sprint2_main_seed42_regen_seed2024,XGB_F4,test,3530,3420,hg19,1,0.8660956025123596,0.49377796053886414,validation
xgboost_unweighted_F4_sprint2_main_seed42_regen_seed2024,XGB_F4,test,3531,3420,hg19,1,0.7848672866821289,0.49377796053886414,validation
xgboost_unweighted_F4_sprint2_main_seed42_regen_seed2024,XGB_F4,test,3532,3420,hg19,1,0.9516230821609497,0.49377796053886414,validation
xgboost_unweighted_F4_sprint2_main_seed42_regen_seed2024,XGB_F4,test,3533,3420,hg19,1,0.9442899227142334,0.49377796053886414,validation
xgboost_unweighted_F4_sprint2_main_seed42_regen_seed2024,XGB_F4,test,3534,3420,hg19,1,0.8422729969024658,0.49377796053886414,validation
xgboost_unweighted_F4_sprint2_main_seed42_regen_seed2024,XGB_F4,test,3535,3420,hg19,1,0.7772974371910095,0.49377796053886414,validation
xgboost_unweighted_F4_sprint2_main_seed42_regen_seed2024,XGB_F4,test,3536,3420,hg19,1,0.9275344014167786,0.49377796053886414,validation
xgboost_unweighted_F4_sprint2_main_seed42_regen_seed2024,XGB_F4,test,3537,3420,hg19,1,0.8093982934951782,0.49377796053886414,validation
xgboost_unweighted_F4_sprint2_main_seed42_regen_seed2024,XGB_F4,test,3538,3420,hg19,1,0.875720739364624,0.49377796053886414,validation
xgboost_unweighted_F4_sprint2_main_seed42_regen_seed2024,XGB_F4,test,3539,3420,hg19,1,0.931830883026123,0.49377796053886414,validation
xgboost_unweighted_F4_sprint2_main_seed42_regen_seed2024,XGB_F4,test,3540,3420,hg19,1,0.937911868095398,0.49377796053886414,validation
xgboost_unweighted_F4_sprint2_main_seed42_regen_seed2024,XGB_F4,test,3541,3420,hg19,1,0.8569856882095337,0.49377796053886414,validation
xgboost_unweighted_F4_sprint2_main_seed42_regen_seed2024,XGB_F4,test,3542,3420,hg19,1,0.9395379424095154,0.49377796053886414,validation
xgboost_unweighted_F4_sprint2_main_seed42_regen_seed2024,XGB_F4,test,3543,3420,hg19,1,0.7878223657608032,0.49377796053886414,validation
xgboost_unweighted_F4_sprint2_main_seed42_regen_seed2024,XGB_F4,test,3544,3420,hg19,1,0.8095578551292419,0.49377796053886414,validation
xgboost_unweighted_F4_sprint2_main_seed42_regen_seed2024,XGB_F4,test,3545,3420,hg19,1,0.8291753530502319,0.49377796053886414,validation
xgboost_unweighted_F4_sprint2_main_seed42_regen_seed2024,XGB_F4,test,3546,3420,hg19,1,0.9681558012962341,0.49377796053886414,validation
xgboost_unweighted_F4_sprint2_main_seed42_regen_seed2024,XGB_F4,test,3547,3420,hg19,1,0.9617201685905457,0.49377796053886414,validation
xgboost_unweighted_F4_sprint2_main_seed42_regen_seed2024,XGB_F4,test,3548,3420,hg19,1,0.8431406617164612,0.49377796053886414,validation
xgboost_unweighted_F4_sprint2_main_seed42_regen_seed2024,XGB_F4,test,3549,3420,hg19,1,0.9498860239982605,0.49377796053886414,validation
xgboost_unweighted_F4_sprint2_main_seed42_regen_seed2024,XGB_F4,test,3550,3420,hg19,1,0.965064525604248,0.49377796053886414,validation
xgboost_unweighted_F4_sprint2_main_seed42_regen_seed2024,XGB_F4,test,3551,3420,hg19,1,0.8048336505889893,0.49377796053886414,validation
xgboost_unweighted_F4_sprint2_main_seed42_regen_seed2024,XGB_F4,test,3552,3420,hg19,1,0.9354172945022583,0.49377796053886414,validation
xgboost_unweighted_F4_sprint2_main_seed42_regen_seed2024,XGB_F4,test,3553,3420,hg19,1,0.8440454602241516,0.49377796053886414,validation
xgboost_unweighted_F4_sprint2_main_seed42_regen_seed2024,XGB_F4,test,3554,3420,hg19,1,0.8242442011833191,0.49377796053886414,validation
xgboost_unweighted_F4_sprint2_main_seed42_regen_seed2024,XGB_F4,test,3555,3420,hg19,1,0.856903612613678,0.49377796053886414,validation
xgboost_unweighted_F4_sprint2_main_seed42_regen_seed2024,XGB_F4,test,3556,3420,hg19,1,0.8517161011695862,0.49377796053886414,validation
xgboost_unweighted_F4_sprint2_main_seed42_regen_seed2024,XGB_F4,test,3557,3420,hg19,1,0.8036202788352966,0.49377796053886414,validation
xgboost_unweighted_F4_sprint2_main_seed42_regen_seed2024,XGB_F4,test,3558,3420,hg19,1,0.70061856508255,0.49377796053886414,validation
xgboost_unweighted_F4_sprint2_main_seed42_regen_seed2024,XGB_F4,test,3559,3420,hg19,1,0.8454946279525757,0.49377796053886414,validation
xgboost_unweighted_F4_sprint2_main_seed42_regen_seed2024,XGB_F4,test,3560,3420,hg19,1,0.8460725545883179,0.49377796053886414,validation
xgboost_unweighted_F4_sprint2_main_seed42_regen_seed2024,XGB_F4,test,3561,3420,hg19,1,0.86068195104599,0.49377796053886414,validation
xgboost_unweighted_F4_sprint2_main_seed42_regen_seed2024,XGB_F4,test,3562,3420,hg19,1,0.8511344790458679,0.49377796053886414,validation
xgboost_unweighted_F4_sprint2_main_seed42_regen_seed2024,XGB_F4,test,3563,3420,hg19,1,0.7503052949905396,0.49377796053886414,validation
xgboost_unweighted_F4_sprint2_main_seed42_regen_seed2024,XGB_F4,test,3564,3420,hg19,1,0.8586897253990173,0.49377796053886414,validation
xgboost_unweighted_F4_sprint2_main_seed42_regen_seed2024,XGB_F4,test,3565,3420,hg19,1,0.9340822696685791,0.49377796053886414,validation
xgboost_unweighted_F4_sprint2_main_seed42_regen_seed2024,XGB_F4,test,3566,3420,hg19,1,0.947043240070343,0.49377796053886414,validation
xgboost_unweighted_F4_sprint2_main_seed42_regen_seed2024,XGB_F4,test,3567,3420,hg19,1,0.8385813236236572,0.49377796053886414,validation
xgboost_unweighted_F4_sprint2_main_seed42_regen_seed2024,XGB_F4,test,3568,3420,hg19,1,0.9049929976463318,0.49377796053886414,validation
xgboost_unweighted_F4_sprint2_main_seed42_regen_seed2024,XGB_F4,test,3569,3420,hg19,1,0.605779230594635,0.49377796053886414,validation
xgboost_unweighted_F4_sprint2_main_seed42_regen_seed2024,XGB_F4,test,3570,3420,hg19,1,0.8506529927253723,0.49377796053886414,validation
xgboost_unweighted_F4_sprint2_main_seed42_regen_seed2024,XGB_F4,test,3571,3420,hg19,1,0.952481210231781,0.49377796053886414,validation
xgboost_unweighted_F4_sprint2_main_seed42_regen_seed2024,XGB_F4,test,3572,3420,hg19,1,0.9542821645736694,0.49377796053886414,validation
xgboost_unweighted_F4_sprint2_main_seed42_regen_seed2024,XGB_F4,test,3573,3420,hg19,1,0.8879849910736084,0.49377796053886414,validation
xgboost_unweighted_F4_sprint2_main_seed42_regen_seed2024,XGB_F4,test,3574,3420,hg19,1,0.8200972080230713,0.49377796053886414,validation
xgboost_unweighted_F4_sprint2_main_seed42_regen_seed2024,XGB_F4,test,3575,3420,hg19,1,0.8150439262390137,0.49377796053886414,validation
xgboost_unweighted_F4_sprint2_main_seed42_regen_seed2024,XGB_F4,test,3576,3420,hg19,1,0.9438776969909668,0.49377796053886414,validation
xgboost_unweighted_F4_sprint2_main_seed42_regen_seed2024,XGB_F4,test,3577,3420,hg19,1,0.9408367872238159,0.49377796053886414,validation
xgboost_unweighted_F4_sprint2_main_seed42_regen_seed2024,XGB_F4,test,3578,3420,hg19,1,0.8235281109809875,0.49377796053886414,validation
xgboost_unweighted_F4_sprint2_main_seed42_regen_seed2024,XGB_F4,test,3579,3420,hg19,1,0.937826931476593,0.49377796053886414,validation
xgboost_unweighted_F4_sprint2_main_seed42_regen_seed2024,XGB_F4,test,3580,3420,hg19,1,0.7460702061653137,0.49377796053886414,validation
xgboost_unweighted_F4_sprint2_main_seed42_regen_seed2024,XGB_F4,test,3581,3420,hg19,1,0.8836311101913452,0.49377796053886414,validation
xgboost_unweighted_F4_sprint2_main_seed42_regen_seed2024,XGB_F4,test,3582,3420,hg19,1,0.8411310911178589,0.49377796053886414,validation
xgboost_unweighted_F4_sprint2_main_seed42_regen_seed2024,XGB_F4,test,3583,3420,hg19,1,0.8370963931083679,0.49377796053886414,validation
xgboost_unweighted_F4_sprint2_main_seed42_regen_seed2024,XGB_F4,test,3584,3420,hg19,1,0.820019543170929,0.49377796053886414,validation
xgboost_unweighted_F4_sprint2_main_seed42_regen_seed2024,XGB_F4,test,3585,3420,hg19,1,0.8592374324798584,0.49377796053886414,validation
xgboost_unweighted_F4_sprint2_main_seed42_regen_seed2024,XGB_F4,test,3586,3420,hg19,1,0.8208344578742981,0.49377796053886414,validation
xgboost_unweighted_F4_sprint2_main_seed42_regen_seed2024,XGB_F4,test,3587,3420,hg19,1,0.9025102257728577,0.49377796053886414,validation
xgboost_unweighted_F4_sprint2_main_seed42_regen_seed2024,XGB_F4,test,3588,3420,hg19,1,0.9268671870231628,0.49377796053886414,validation
xgboost_unweighted_F4_sprint2_main_seed42_regen_seed2024,XGB_F4,test,3589,3420,hg19,1,0.9615916013717651,0.49377796053886414,validation
xgboost_unweighted_F4_sprint2_main_seed42_regen_seed2024,XGB_F4,test,3590,3420,hg19,1,0.8257811069488525,0.49377796053886414,validation
xgboost_unweighted_F4_sprint2_main_seed42_regen_seed2024,XGB_F4,test,3591,3420,hg19,1,0.9020556807518005,0.49377796053886414,validation
xgboost_unweighted_F4_sprint2_main_seed42_regen_seed2024,XGB_F4,test,3592,3420,hg19,1,0.9706190228462219,0.49377796053886414,validation
xgboost_unweighted_F4_sprint2_main_seed42_regen_seed2024,XGB_F4,test,3593,3420,hg19,1,0.9447985291481018,0.49377796053886414,validation
xgboost_unweighted_F4_sprint2_main_seed42_regen_seed2024,XGB_F4,test,3594,3420,hg19,1,0.8778182864189148,0.49377796053886414,validation
xgboost_unweighted_F4_sprint2_main_seed42_regen_seed2024,XGB_F4,test,3595,3420,hg19,1,0.587016761302948,0.49377796053886414,validation
xgboost_unweighted_F4_sprint2_main_seed42_regen_seed2024,XGB_F4,test,3596,3420,hg19,1,0.8282442688941956,0.49377796053886414,validation
xgboost_unweighted_F4_sprint2_main_seed42_regen_seed2024,XGB_F4,test,3597,3420,hg19,1,0.9020565152168274,0.49377796053886414,validation
xgboost_unweighted_F4_sprint2_main_seed42_regen_seed2024,XGB_F4,test,3598,3420,hg19,1,0.8273139595985413,0.49377796053886414,validation
xgboost_unweighted_F4_sprint2_main_seed42_regen_seed2024,XGB_F4,test,3599,3420,hg19,1,0.8577120900154114,0.49377796053886414,validation
xgboost_unweighted_F4_sprint2_main_seed42_regen_seed2024,XGB_F4,test,3600,3420,hg19,1,0.8513166904449463,0.49377796053886414,validation
xgboost_unweighted_F4_sprint2_main_seed42_regen_seed2024,XGB_F4,test,3601,3420,hg19,1,0.7942735552787781,0.49377796053886414,validation
xgboost_unweighted_F4_sprint2_main_seed42_regen_seed2024,XGB_F4,test,3602,3420,hg19,1,0.9126548767089844,0.49377796053886414,validation
xgboost_unweighted_F4_sprint2_main_seed42_regen_seed2024,XGB_F4,test,3603,3420,hg19,1,0.8216587901115417,0.49377796053886414,validation
xgboost_unweighted_F4_sprint2_main_seed42_regen_seed2024,XGB_F4,test,3604,3420,hg19,1,0.9315962791442871,0.49377796053886414,validation
xgboost_unweighted_F4_sprint2_main_seed42_regen_seed2024,XGB_F4,test,3605,3420,hg19,1,0.9199199080467224,0.49377796053886414,validation
xgboost_unweighted_F4_sprint2_main_seed42_regen_seed2024,XGB_F4,test,3606,3420,hg19,1,0.6882489919662476,0.49377796053886414,validation
xgboost_unweighted_F4_sprint2_main_seed42_regen_seed2024,XGB_F4,test,3607,3420,hg19,1,0.7840877771377563,0.49377796053886414,validation
xgboost_unweighted_F4_sprint2_main_seed42_regen_seed2024,XGB_F4,test,3608,3420,hg19,1,0.8202724456787109,0.49377796053886414,validation
xgboost_unweighted_F4_sprint2_main_seed42_regen_seed2024,XGB_F4,test,3609,3420,hg19,1,0.7753334641456604,0.49377796053886414,validation
xgboost_unweighted_F4_sprint2_main_seed42_regen_seed2024,XGB_F4,test,3610,3420,hg19,1,0.8959484100341797,0.49377796053886414,validation
xgboost_unweighted_F4_sprint2_main_seed42_regen_seed2024,XGB_F4,test,3611,3420,hg19,1,0.8110137581825256,0.49377796053886414,validation
xgboost_unweighted_F4_sprint2_main_seed42_regen_seed2024,XGB_F4,test,3612,3420,hg19,1,0.667112410068512,0.49377796053886414,validation
xgboost_unweighted_F4_sprint2_main_seed42_regen_seed2024,XGB_F4,test,3613,3420,hg19,1,0.8510347604751587,0.49377796053886414,validation
xgboost_unweighted_F4_sprint2_main_seed42_regen_seed2024,XGB_F4,test,3614,3420,hg19,1,0.8386748433113098,0.49377796053886414,validation
xgboost_unweighted_F4_sprint2_main_seed42_regen_seed2024,XGB_F4,test,3615,3420,hg19,1,0.8743237257003784,0.49377796053886414,validation
xgboost_unweighted_F4_sprint2_main_seed42_regen_seed2024,XGB_F4,test,3616,3420,hg19,1,0.7991105914115906,0.49377796053886414,validation
xgboost_unweighted_F4_sprint2_main_seed42_regen_seed2024,XGB_F4,test,3617,3420,hg19,1,0.8753848075866699,0.49377796053886414,validation
xgboost_unweighted_F4_sprint2_main_seed42_regen_seed2024,XGB_F4,test,3618,3420,hg19,1,0.8512802124023438,0.49377796053886414,validation
xgboost_unweighted_F4_sprint2_main_seed42_regen_seed2024,XGB_F4,test,3619,3420,hg19,1,0.8454315066337585,0.49377796053886414,validation
xgboost_unweighted_F4_sprint2_main_seed42_regen_seed2024,XGB_F4,test,3620,3420,hg19,1,0.8768311738967896,0.49377796053886414,validation
xgboost_unweighted_F4_sprint2_main_seed42_regen_seed2024,XGB_F4,test,3621,3420,hg19,1,0.8111802339553833,0.49377796053886414,validation
xgboost_unweighted_F4_sprint2_main_seed42_regen_seed2024,XGB_F4,test,3622,3420,hg19,1,0.8709903955459595,0.49377796053886414,validation
xgboost_unweighted_F4_sprint2_main_seed42_regen_seed2024,XGB_F4,test,3623,3420,hg19,1,0.8347225785255432,0.49377796053886414,validation
xgboost_unweighted_F4_sprint2_main_seed42_regen_seed2024,XGB_F4,test,3624,3420,hg19,1,0.6649195551872253,0.49377796053886414,validation
xgboost_unweighted_F4_sprint2_main_seed42_regen_seed2024,XGB_F4,test,3625,3420,hg19,1,0.6248059272766113,0.49377796053886414,validation
xgboost_unweighted_F4_sprint2_main_seed42_regen_seed2024,XGB_F4,test,3626,3420,hg19,1,0.7847365736961365,0.49377796053886414,validation
xgboost_unweighted_F4_sprint2_main_seed42_regen_seed2024,XGB_F4,test,3627,3420,hg19,1,0.963926374912262,0.49377796053886414,validation
xgboost_unweighted_F4_sprint2_main_seed42_regen_seed2024,XGB_F4,test,3628,3420,hg19,1,0.9258722066879272,0.49377796053886414,validation
xgboost_unweighted_F4_sprint2_main_seed42_regen_seed2024,XGB_F4,test,3629,3420,hg19,1,0.767383873462677,0.49377796053886414,validation
xgboost_unweighted_F4_sprint2_main_seed42_regen_seed2024,XGB_F4,test,3630,3420,hg19,1,0.8427352905273438,0.49377796053886414,validation
xgboost_unweighted_F4_sprint2_main_seed42_regen_seed2024,XGB_F4,test,3631,3420,hg19,1,0.7937742471694946,0.49377796053886414,validation
xgboost_unweighted_F4_sprint2_main_seed42_regen_seed2024,XGB_F4,test,3632,3420,hg19,1,0.8241891860961914,0.49377796053886414,validation
xgboost_unweighted_F4_sprint2_main_seed42_regen_seed2024,XGB_F4,test,3633,3420,hg19,1,0.7970904111862183,0.49377796053886414,validation
xgboost_unweighted_F4_sprint2_main_seed42_regen_seed2024,XGB_F4,test,3634,3420,hg19,1,0.9219957590103149,0.49377796053886414,validation
xgboost_unweighted_F4_sprint2_main_seed42_regen_seed2024,XGB_F4,test,3635,3420,hg19,1,0.9015277028083801,0.49377796053886414,validation
xgboost_unweighted_F4_sprint2_main_seed42_regen_seed2024,XGB_F4,test,3636,3420,hg19,1,0.9330257773399353,0.49377796053886414,validation
xgboost_unweighted_F4_sprint2_main_seed42_regen_seed2024,XGB_F4,test,3637,3420,hg19,1,0.8460041284561157,0.49377796053886414,validation
xgboost_unweighted_F4_sprint2_main_seed42_regen_seed2024,XGB_F4,test,3638,3420,hg19,1,0.8578000664710999,0.49377796053886414,validation
xgboost_unweighted_F4_sprint2_main_seed42_regen_seed2024,XGB_F4,test,3639,3420,hg19,1,0.945873498916626,0.49377796053886414,validation
xgboost_unweighted_F4_sprint2_main_seed42_regen_seed2024,XGB_F4,test,3640,3420,hg19,1,0.8112282752990723,0.49377796053886414,validation
xgboost_unweighted_F4_sprint2_main_seed42_regen_seed2024,XGB_F4,test,3641,3420,hg19,1,0.7876023054122925,0.49377796053886414,validation
xgboost_unweighted_F4_sprint2_main_seed42_regen_seed2024,XGB_F4,test,3642,3420,hg19,1,0.8172087073326111,0.49377796053886414,validation
xgboost_unweighted_F4_sprint2_main_seed42_regen_seed2024,XGB_F4,test,3643,3420,hg19,1,0.8438884615898132,0.49377796053886414,validation
xgboost_unweighted_F4_sprint2_main_seed42_regen_seed2024,XGB_F4,test,3644,3420,hg19,1,0.8289203643798828,0.49377796053886414,validation
xgboost_unweighted_F4_sprint2_main_seed42_regen_seed2024,XGB_F4,test,3645,3420,hg19,1,0.8796425461769104,0.49377796053886414,validation
xgboost_unweighted_F4_sprint2_main_seed42_regen_seed2024,XGB_F4,test,3646,3420,hg19,1,0.8189453482627869,0.49377796053886414,validation
xgboost_unweighted_F4_sprint2_main_seed42_regen_seed2024,XGB_F4,test,3647,3420,hg19,1,0.9364330768585205,0.49377796053886414,validation
xgboost_unweighted_F4_sprint2_main_seed42_regen_seed2024,XGB_F4,test,3648,3420,hg19,1,0.8893530964851379,0.49377796053886414,validation
xgboost_unweighted_F4_sprint2_main_seed42_regen_seed2024,XGB_F4,test,3649,3420,hg19,1,0.8220604062080383,0.49377796053886414,validation
xgboost_unweighted_F4_sprint2_main_seed42_regen_seed2024,XGB_F4,test,3650,3420,hg19,1,0.8114516139030457,0.49377796053886414,validation
xgboost_unweighted_F4_sprint2_main_seed42_regen_seed2024,XGB_F4,test,3651,3420,hg19,1,0.6944130063056946,0.49377796053886414,validation
xgboost_unweighted_F4_sprint2_main_seed42_regen_seed2024,XGB_F4,test,3652,3420,hg19,1,0.8949764370918274,0.49377796053886414,validation
xgboost_unweighted_F4_sprint2_main_seed42_regen_seed2024,XGB_F4,test,3653,3420,hg19,1,0.8489553928375244,0.49377796053886414,validation
xgboost_unweighted_F4_sprint2_main_seed42_regen_seed2024,XGB_F4,test,3654,3420,hg19,1,0.9131209850311279,0.49377796053886414,validation
xgboost_unweighted_F4_sprint2_main_seed42_regen_seed2024,XGB_F4,test,3655,3420,hg19,1,0.849791944026947,0.49377796053886414,validation
xgboost_unweighted_F4_sprint2_main_seed42_regen_seed2024,XGB_F4,test,3656,3420,hg19,1,0.8423336744308472,0.49377796053886414,validation
xgboost_unweighted_F4_sprint2_main_seed42_regen_seed2024,XGB_F4,test,3657,3420,hg19,1,0.8533359169960022,0.49377796053886414,validation
xgboost_unweighted_F4_sprint2_main_seed42_regen_seed2024,XGB_F4,test,3658,3420,hg19,1,0.799248993396759,0.49377796053886414,validation
xgboost_unweighted_F4_sprint2_main_seed42_regen_seed2024,XGB_F4,test,3659,3420,hg19,1,0.875316858291626,0.49377796053886414,validation
xgboost_unweighted_F4_sprint2_main_seed42_regen_seed2024,XGB_F4,test,3660,3420,hg19,1,0.5875092148780823,0.49377796053886414,validation
xgboost_unweighted_F4_sprint2_main_seed42_regen_seed2024,XGB_F4,test,3661,3420,hg19,1,0.935970664024353,0.49377796053886414,validation
xgboost_unweighted_F4_sprint2_main_seed42_regen_seed2024,XGB_F4,test,3662,3420,hg19,1,0.6756978631019592,0.49377796053886414,validation
xgboost_unweighted_F4_sprint2_main_seed42_regen_seed2024,XGB_F4,test,3663,3420,hg19,1,0.9470716714859009,0.49377796053886414,validation
xgboost_unweighted_F4_sprint2_main_seed42_regen_seed2024,XGB_F4,test,3664,3420,hg19,1,0.9346951842308044,0.49377796053886414,validation
xgboost_unweighted_F4_sprint2_main_seed42_regen_seed2024,XGB_F4,test,3665,3420,hg19,1,0.7940540909767151,0.49377796053886414,validation
xgboost_unweighted_F4_sprint2_main_seed42_regen_seed2024,XGB_F4,test,3666,3420,hg19,1,0.8864573836326599,0.49377796053886414,validation
xgboost_unweighted_F4_sprint2_main_seed42_regen_seed2024,XGB_F4,test,3667,3420,hg19,1,0.8174888491630554,0.49377796053886414,validation
xgboost_unweighted_F4_sprint2_main_seed42_regen_seed2024,XGB_F4,test,3668,3420,hg19,1,0.8500540852546692,0.49377796053886414,validation
xgboost_unweighted_F4_sprint2_main_seed42_regen_seed2024,XGB_F4,test,3669,3420,hg19,1,0.9757832884788513,0.49377796053886414,validation
xgboost_unweighted_F4_sprint2_main_seed42_regen_seed2024,XGB_F4,test,3670,3420,hg19,1,0.9270108938217163,0.49377796053886414,validation
xgboost_unweighted_F4_sprint2_main_seed42_regen_seed2024,XGB_F4,test,3671,3420,hg19,1,0.8152832388877869,0.49377796053886414,validation
xgboost_unweighted_F4_sprint2_main_seed42_regen_seed2024,XGB_F4,test,3672,3420,hg19,1,0.817619800567627,0.49377796053886414,validation
xgboost_unweighted_F4_sprint2_main_seed42_regen_seed2024,XGB_F4,test,3673,3420,hg19,1,0.8351972699165344,0.49377796053886414,validation
xgboost_unweighted_F4_sprint2_main_seed42_regen_seed2024,XGB_F4,test,3674,3420,hg19,1,0.8745554089546204,0.49377796053886414,validation
xgboost_unweighted_F4_sprint2_main_seed42_regen_seed2024,XGB_F4,test,3675,3420,hg19,1,0.8230582475662231,0.49377796053886414,validation
xgboost_unweighted_F4_sprint2_main_seed42_regen_seed2024,XGB_F4,test,3676,3420,hg19,1,0.8882574439048767,0.49377796053886414,validation
xgboost_unweighted_F4_sprint2_main_seed42_regen_seed2024,XGB_F4,test,3677,3420,hg19,1,0.9453362822532654,0.49377796053886414,validation
xgboost_unweighted_F4_sprint2_main_seed42_regen_seed2024,XGB_F4,test,3678,3420,hg19,1,0.886487603187561,0.49377796053886414,validation
xgboost_unweighted_F4_sprint2_main_seed42_regen_seed2024,XGB_F4,test,3679,3420,hg19,1,0.9436653852462769,0.49377796053886414,validation
xgboost_unweighted_F4_sprint2_main_seed42_regen_seed2024,XGB_F4,test,3680,3420,hg19,1,0.8633691072463989,0.49377796053886414,validation
xgboost_unweighted_F4_sprint2_main_seed42_regen_seed2024,XGB_F4,test,3681,3420,hg19,1,0.9253899455070496,0.49377796053886414,validation
xgboost_unweighted_F4_sprint2_main_seed42_regen_seed2024,XGB_F4,test,3682,3420,hg19,1,0.8032433986663818,0.49377796053886414,validation
xgboost_unweighted_F4_sprint2_main_seed42_regen_seed2024,XGB_F4,test,3683,3420,hg19,1,0.9005366563796997,0.49377796053886414,validation
xgboost_unweighted_F4_sprint2_main_seed42_regen_seed2024,XGB_F4,test,3684,3420,hg19,1,0.9623269438743591,0.49377796053886414,validation
xgboost_unweighted_F4_sprint2_main_seed42_regen_seed2024,XGB_F4,test,3685,3420,hg19,1,0.8579493761062622,0.49377796053886414,validation
xgboost_unweighted_F4_sprint2_main_seed42_regen_seed2024,XGB_F4,test,3686,3420,hg19,1,0.826055109500885,0.49377796053886414,validation
xgboost_unweighted_F4_sprint2_main_seed42_regen_seed2024,XGB_F4,test,3687,3420,hg19,1,0.9636000990867615,0.49377796053886414,validation
xgboost_unweighted_F4_sprint2_main_seed42_regen_seed2024,XGB_F4,test,3688,3420,hg19,1,0.8732110857963562,0.49377796053886414,validation
xgboost_unweighted_F4_sprint2_main_seed42_regen_seed2024,XGB_F4,test,3689,3420,hg19,1,0.8770785331726074,0.49377796053886414,validation
xgboost_unweighted_F4_sprint2_main_seed42_regen_seed2024,XGB_F4,test,3690,3420,hg19,1,0.8850507140159607,0.49377796053886414,validation
xgboost_unweighted_F4_sprint2_main_seed42_regen_seed2024,XGB_F4,test,3691,3420,hg19,1,0.8699209690093994,0.49377796053886414,validation
xgboost_unweighted_F4_sprint2_main_seed42_regen_seed2024,XGB_F4,test,3692,3420,hg19,1,0.8529855012893677,0.49377796053886414,validation
xgboost_unweighted_F4_sprint2_main_seed42_regen_seed2024,XGB_F4,test,3693,3420,hg19,1,0.8419573307037354,0.49377796053886414,validation
xgboost_unweighted_F4_sprint2_main_seed42_regen_seed2024,XGB_F4,test,3694,3420,hg19,1,0.8849703073501587,0.49377796053886414,validation
xgboost_unweighted_F4_sprint2_main_seed42_regen_seed2024,XGB_F4,test,3695,3420,hg19,1,0.8087962865829468,0.49377796053886414,validation
xgboost_unweighted_F4_sprint2_main_seed42_regen_seed2024,XGB_F4,test,3696,3420,hg19,1,0.9165405631065369,0.49377796053886414,validation
xgboost_unweighted_F4_sprint2_main_seed42_regen_seed2024,XGB_F4,test,3697,3420,hg19,1,0.8370665311813354,0.49377796053886414,validation
xgboost_unweighted_F4_sprint2_main_seed42_regen_seed2024,XGB_F4,test,3698,3420,hg19,1,0.9345622062683105,0.49377796053886414,validation
xgboost_unweighted_F4_sprint2_main_seed42_regen_seed2024,XGB_F4,test,3699,3420,hg19,1,0.7815582752227783,0.49377796053886414,validation
xgboost_unweighted_F4_sprint2_main_seed42_regen_seed2024,XGB_F4,test,3700,3420,hg19,1,0.9447099566459656,0.49377796053886414,validation
xgboost_unweighted_F4_sprint2_main_seed42_regen_seed2024,XGB_F4,test,3701,3420,hg19,1,0.8933171629905701,0.49377796053886414,validation
xgboost_unweighted_F4_sprint2_main_seed42_regen_seed2024,XGB_F4,test,3702,3420,hg19,1,0.7897014021873474,0.49377796053886414,validation
xgboost_unweighted_F4_sprint2_main_seed42_regen_seed2024,XGB_F4,test,3703,3420,hg19,1,0.895226001739502,0.49377796053886414,validation
xgboost_unweighted_F4_sprint2_main_seed42_regen_seed2024,XGB_F4,test,3704,3420,hg19,1,0.8858211636543274,0.49377796053886414,validation
xgboost_unweighted_F4_sprint2_main_seed42_regen_seed2024,XGB_F4,test,3705,3420,hg19,1,0.7833771705627441,0.49377796053886414,validation
xgboost_unweighted_F4_sprint2_main_seed42_regen_seed2024,XGB_F4,test,3706,3420,hg19,1,0.9050107598304749,0.49377796053886414,validation
xgboost_unweighted_F4_sprint2_main_seed42_regen_seed2024,XGB_F4,test,3707,3420,hg19,1,0.8030049204826355,0.49377796053886414,validation
xgboost_unweighted_F4_sprint2_main_seed42_regen_seed2024,XGB_F4,test,3708,3420,hg19,1,0.5777806043624878,0.49377796053886414,validation
xgboost_unweighted_F4_sprint2_main_seed42_regen_seed2024,XGB_F4,test,3709,3420,hg19,1,0.4830932915210724,0.49377796053886414,validation
xgboost_unweighted_F4_sprint2_main_seed42_regen_seed2024,XGB_F4,test,3710,3420,hg19,1,0.8515951037406921,0.49377796053886414,validation
xgboost_unweighted_F4_sprint2_main_seed42_regen_seed2024,XGB_F4,test,3711,3420,hg19,1,0.7390350103378296,0.49377796053886414,validation
xgboost_unweighted_F4_sprint2_main_seed42_regen_seed2024,XGB_F4,test,3712,3420,hg19,1,0.8680077195167542,0.49377796053886414,validation
xgboost_unweighted_F4_sprint2_main_seed42_regen_seed2024,XGB_F4,test,3713,3420,hg19,1,0.8014291524887085,0.49377796053886414,validation
xgboost_unweighted_F4_sprint2_main_seed42_regen_seed2024,XGB_F4,test,3714,3420,hg19,1,0.9233538508415222,0.49377796053886414,validation
xgboost_unweighted_F4_sprint2_main_seed42_regen_seed2024,XGB_F4,test,3715,3420,hg19,1,0.9486099481582642,0.49377796053886414,validation
xgboost_unweighted_F4_sprint2_main_seed42_regen_seed2024,XGB_F4,test,3716,3420,hg19,1,0.9521844387054443,0.49377796053886414,validation
xgboost_unweighted_F4_sprint2_main_seed42_regen_seed2024,XGB_F4,test,3717,3420,hg19,1,0.8975502848625183,0.49377796053886414,validation
xgboost_unweighted_F4_sprint2_main_seed42_regen_seed2024,XGB_F4,test,3718,3420,hg19,1,0.8305037617683411,0.49377796053886414,validation
xgboost_unweighted_F4_sprint2_main_seed42_regen_seed2024,XGB_F4,test,3719,3420,hg19,1,0.7884616851806641,0.49377796053886414,validation
xgboost_unweighted_F4_sprint2_main_seed42_regen_seed2024,XGB_F4,test,3720,3420,hg19,1,0.8983263373374939,0.49377796053886414,validation
xgboost_unweighted_F4_sprint2_main_seed42_regen_seed2024,XGB_F4,test,3721,3420,hg19,1,0.9587552547454834,0.49377796053886414,validation
xgboost_unweighted_F4_sprint2_main_seed42_regen_seed2024,XGB_F4,test,3722,3420,hg19,1,0.9431054592132568,0.49377796053886414,validation
xgboost_unweighted_F4_sprint2_main_seed42_regen_seed2024,XGB_F4,test,3723,3420,hg19,1,0.8665030002593994,0.49377796053886414,validation
xgboost_unweighted_F4_sprint2_main_seed42_regen_seed2024,XGB_F4,test,3724,3420,hg19,1,0.7936509251594543,0.49377796053886414,validation
xgboost_unweighted_F4_sprint2_main_seed42_regen_seed2024,XGB_F4,test,3725,3420,hg19,1,0.7204762697219849,0.49377796053886414,validation
xgboost_unweighted_F4_sprint2_main_seed42_regen_seed2024,XGB_F4,test,3726,3420,hg19,1,0.9143139123916626,0.49377796053886414,validation
xgboost_unweighted_F4_sprint2_main_seed42_regen_seed2024,XGB_F4,test,3727,3420,hg19,1,0.9494220614433289,0.49377796053886414,validation
xgboost_unweighted_F4_sprint2_main_seed42_regen_seed2024,XGB_F4,test,3728,3420,hg19,1,0.9451299905776978,0.49377796053886414,validation
xgboost_unweighted_F4_sprint2_main_seed42_regen_seed2024,XGB_F4,test,3729,3420,hg19,1,0.8426453471183777,0.49377796053886414,validation
xgboost_unweighted_F4_sprint2_main_seed42_regen_seed2024,XGB_F4,test,3730,3420,hg19,1,0.8132494688034058,0.49377796053886414,validation
xgboost_unweighted_F4_sprint2_main_seed42_regen_seed2024,XGB_F4,test,3731,3420,hg19,1,0.8085470795631409,0.49377796053886414,validation
xgboost_unweighted_F4_sprint2_main_seed42_regen_seed2024,XGB_F4,test,3732,3420,hg19,1,0.8407421112060547,0.49377796053886414,validation
xgboost_unweighted_F4_sprint2_main_seed42_regen_seed2024,XGB_F4,test,3733,3420,hg19,1,0.8296128511428833,0.49377796053886414,validation
xgboost_unweighted_F4_sprint2_main_seed42_regen_seed2024,XGB_F4,test,3734,3420,hg19,1,0.8849254846572876,0.49377796053886414,validation
xgboost_unweighted_F4_sprint2_main_seed42_regen_seed2024,XGB_F4,test,3735,3420,hg19,1,0.8163049221038818,0.49377796053886414,validation
xgboost_unweighted_F4_sprint2_main_seed42_regen_seed2024,XGB_F4,test,3736,3420,hg19,1,0.825637936592102,0.49377796053886414,validation
xgboost_unweighted_F4_sprint2_main_seed42_regen_seed2024,XGB_F4,test,3737,3420,hg19,1,0.9305073022842407,0.49377796053886414,validation
xgboost_unweighted_F4_sprint2_main_seed42_regen_seed2024,XGB_F4,test,3738,3420,hg19,1,0.9504309296607971,0.49377796053886414,validation
xgboost_unweighted_F4_sprint2_main_seed42_regen_seed2024,XGB_F4,test,3739,3420,hg19,1,0.8401172161102295,0.49377796053886414,validation
xgboost_unweighted_F4_sprint2_main_seed42_regen_seed2024,XGB_F4,test,7696,7696,hg19,1,0.9503143429756165,0.49377796053886414,validation
xgboost_unweighted_F4_sprint2_main_seed42_regen_seed2024,XGB_F4,test,7697,7696,hg19,1,0.9490386843681335,0.49377796053886414,validation
xgboost_unweighted_F4_sprint2_main_seed42_regen_seed2024,XGB_F4,test,7698,7696,hg19,1,0.9651280045509338,0.49377796053886414,validation
xgboost_unweighted_F4_sprint2_main_seed42_regen_seed2024,XGB_F4,test,7699,7696,hg19,1,0.9065905213356018,0.49377796053886414,validation
xgboost_unweighted_F4_sprint2_main_seed42_regen_seed2024,XGB_F4,test,7700,7696,hg19,1,0.9745550155639648,0.49377796053886414,validation
xgboost_unweighted_F4_sprint2_main_seed42_regen_seed2024,XGB_F4,test,7701,7696,hg19,1,0.9362065196037292,0.49377796053886414,validation
xgboost_unweighted_F4_sprint2_main_seed42_regen_seed2024,XGB_F4,test,7702,7696,hg19,1,0.9403006434440613,0.49377796053886414,validation
xgboost_unweighted_F4_sprint2_main_seed42_regen_seed2024,XGB_F4,test,7703,7696,hg19,1,0.9352163076400757,0.49377796053886414,validation
xgboost_unweighted_F4_sprint2_main_seed42_regen_seed2024,XGB_F4,test,7704,7696,hg19,1,0.920648455619812,0.49377796053886414,validation
xgboost_unweighted_F4_sprint2_main_seed42_regen_seed2024,XGB_F4,test,7705,7696,hg19,1,0.9669400453567505,0.49377796053886414,validation
xgboost_unweighted_F4_sprint2_main_seed42_regen_seed2024,XGB_F4,test,7706,7696,hg19,1,0.9454712867736816,0.49377796053886414,validation
xgboost_unweighted_F4_sprint2_main_seed42_regen_seed2024,XGB_F4,test,7707,7696,hg19,1,0.9235823154449463,0.49377796053886414,validation
xgboost_unweighted_F4_sprint2_main_seed42_regen_seed2024,XGB_F4,test,7708,7696,hg19,1,0.9684473872184753,0.49377796053886414,validation
xgboost_unweighted_F4_sprint2_main_seed42_regen_seed2024,XGB_F4,test,7709,7696,hg19,1,0.9505981802940369,0.49377796053886414,validation
xgboost_unweighted_F4_sprint2_main_seed42_regen_seed2024,XGB_F4,test,7710,7696,hg19,1,0.9254483580589294,0.49377796053886414,validation
xgboost_unweighted_F4_sprint2_main_seed42_regen_seed2024,XGB_F4,test,7711,7696,hg19,1,0.9574632048606873,0.49377796053886414,validation
xgboost_unweighted_F4_sprint2_main_seed42_regen_seed2024,XGB_F4,test,7712,7696,hg19,1,0.9210034608840942,0.49377796053886414,validation
xgboost_unweighted_F4_sprint2_main_seed42_regen_seed2024,XGB_F4,test,7713,7696,hg19,1,0.9782118797302246,0.49377796053886414,validation
xgboost_unweighted_F4_sprint2_main_seed42_regen_seed2024,XGB_F4,test,7714,7696,hg19,1,0.9545661211013794,0.49377796053886414,validation
xgboost_unweighted_F4_sprint2_main_seed42_regen_seed2024,XGB_F4,test,7715,7696,hg19,1,0.9729812145233154,0.49377796053886414,validation
xgboost_unweighted_F4_sprint2_main_seed42_regen_seed2024,XGB_F4,test,7716,7696,hg19,1,0.9426628947257996,0.49377796053886414,validation
xgboost_unweighted_F4_sprint2_main_seed42_regen_seed2024,XGB_F4,test,7717,7696,hg19,1,0.9325650334358215,0.49377796053886414,validation
xgboost_unweighted_F4_sprint2_main_seed42_regen_seed2024,XGB_F4,test,7718,7696,hg19,1,0.8937624096870422,0.49377796053886414,validation
xgboost_unweighted_F4_sprint2_main_seed42_regen_seed2024,XGB_F4,test,7719,7696,hg19,1,0.9804051518440247,0.49377796053886414,validation
xgboost_unweighted_F4_sprint2_main_seed42_regen_seed2024,XGB_F4,test,7720,7696,hg19,1,0.9352636337280273,0.49377796053886414,validation
xgboost_unweighted_F4_sprint2_main_seed42_regen_seed2024,XGB_F4,test,7721,7696,hg19,1,0.9532870054244995,0.49377796053886414,validation
xgboost_unweighted_F4_sprint2_main_seed42_regen_seed2024,XGB_F4,test,7722,7696,hg19,1,0.9386147260665894,0.49377796053886414,validation
xgboost_unweighted_F4_sprint2_main_seed42_regen_seed2024,XGB_F4,test,7723,7696,hg19,1,0.9320139288902283,0.49377796053886414,validation
xgboost_unweighted_F4_sprint2_main_seed42_regen_seed2024,XGB_F4,test,7724,7696,hg19,1,0.9229361414909363,0.49377796053886414,validation
xgboost_unweighted_F4_sprint2_main_seed42_regen_seed2024,XGB_F4,test,7725,7696,hg19,1,0.8101885318756104,0.49377796053886414,validation
xgboost_unweighted_F4_sprint2_main_seed42_regen_seed2024,XGB_F4,test,7726,7696,hg19,1,0.9471223950386047,0.49377796053886414,validation
xgboost_unweighted_F4_sprint2_main_seed42_regen_seed2024,XGB_F4,test,7727,7696,hg19,1,0.9541394710540771,0.49377796053886414,validation
xgboost_unweighted_F4_sprint2_main_seed42_regen_seed2024,XGB_F4,test,7728,7696,hg19,1,0.9484286904335022,0.49377796053886414,validation
xgboost_unweighted_F4_sprint2_main_seed42_regen_seed2024,XGB_F4,test,7729,7696,hg19,1,0.9323733448982239,0.49377796053886414,validation
xgboost_unweighted_F4_sprint2_main_seed42_regen_seed2024,XGB_F4,test,7730,7696,hg19,1,0.9624001383781433,0.49377796053886414,validation
xgboost_unweighted_F4_sprint2_main_seed42_regen_seed2024,XGB_F4,test,7731,7696,hg19,1,0.9097420573234558,0.49377796053886414,validation
xgboost_unweighted_F4_sprint2_main_seed42_regen_seed2024,XGB_F4,test,7732,7696,hg19,1,0.9528602361679077,0.49377796053886414,validation
xgboost_unweighted_F4_sprint2_main_seed42_regen_seed2024,XGB_F4,test,7733,7696,hg19,1,0.9795134663581848,0.49377796053886414,validation
xgboost_unweighted_F4_sprint2_main_seed42_regen_seed2024,XGB_F4,test,7734,7696,hg19,1,0.9630774855613708,0.49377796053886414,validation
xgboost_unweighted_F4_sprint2_main_seed42_regen_seed2024,XGB_F4,test,7735,7696,hg19,1,0.9486609101295471,0.49377796053886414,validation
xgboost_unweighted_F4_sprint2_main_seed42_regen_seed2024,XGB_F4,test,7736,7696,hg19,1,0.9336163401603699,0.49377796053886414,validation
xgboost_unweighted_F4_sprint2_main_seed42_regen_seed2024,XGB_F4,test,7737,7696,hg19,1,0.9254519939422607,0.49377796053886414,validation
xgboost_unweighted_F4_sprint2_main_seed42_regen_seed2024,XGB_F4,test,7738,7696,hg19,1,0.9749072790145874,0.49377796053886414,validation
xgboost_unweighted_F4_sprint2_main_seed42_regen_seed2024,XGB_F4,test,7739,7696,hg19,1,0.9827840328216553,0.49377796053886414,validation
xgboost_unweighted_F4_sprint2_main_seed42_regen_seed2024,XGB_F4,test,7740,7696,hg19,1,0.9505870938301086,0.49377796053886414,validation
xgboost_unweighted_F4_sprint2_main_seed42_regen_seed2024,XGB_F4,test,7741,7696,hg19,1,0.9526802897453308,0.49377796053886414,validation
xgboost_unweighted_F4_sprint2_main_seed42_regen_seed2024,XGB_F4,test,7742,7696,hg19,1,0.8696739673614502,0.49377796053886414,validation
xgboost_unweighted_F4_sprint2_main_seed42_regen_seed2024,XGB_F4,test,7743,7696,hg19,1,0.9596295952796936,0.49377796053886414,validation
xgboost_unweighted_F4_sprint2_main_seed42_regen_seed2024,XGB_F4,test,7744,7696,hg19,1,0.9185044169425964,0.49377796053886414,validation
xgboost_unweighted_F4_sprint2_main_seed42_regen_seed2024,XGB_F4,test,7745,7696,hg19,1,0.9778604507446289,0.49377796053886414,validation
xgboost_unweighted_F4_sprint2_main_seed42_regen_seed2024,XGB_F4,test,7746,7696,hg19,1,0.9453350305557251,0.49377796053886414,validation
xgboost_unweighted_F4_sprint2_main_seed42_regen_seed2024,XGB_F4,test,7747,7696,hg19,1,0.9698374271392822,0.49377796053886414,validation
xgboost_unweighted_F4_sprint2_main_seed42_regen_seed2024,XGB_F4,test,7748,7696,hg19,1,0.9384563565254211,0.49377796053886414,validation
xgboost_unweighted_F4_sprint2_main_seed42_regen_seed2024,XGB_F4,test,7749,7696,hg19,1,0.9588753581047058,0.49377796053886414,validation
xgboost_unweighted_F4_sprint2_main_seed42_regen_seed2024,XGB_F4,test,7750,7696,hg19,1,0.9657261967658997,0.49377796053886414,validation
xgboost_unweighted_F4_sprint2_main_seed42_regen_seed2024,XGB_F4,test,7751,7696,hg19,1,0.9302753210067749,0.49377796053886414,validation
xgboost_unweighted_F4_sprint2_main_seed42_regen_seed2024,XGB_F4,test,7752,7696,hg19,1,0.9787524342536926,0.49377796053886414,validation
xgboost_unweighted_F4_sprint2_main_seed42_regen_seed2024,XGB_F4,test,7753,7696,hg19,1,0.9313417077064514,0.49377796053886414,validation
xgboost_unweighted_F4_sprint2_main_seed42_regen_seed2024,XGB_F4,test,7754,7696,hg19,1,0.9605815410614014,0.49377796053886414,validation
xgboost_unweighted_F4_sprint2_main_seed42_regen_seed2024,XGB_F4,test,7755,7696,hg19,1,0.9348923563957214,0.49377796053886414,validation
xgboost_unweighted_F4_sprint2_main_seed42_regen_seed2024,XGB_F4,test,7756,7696,hg19,1,0.8819050192832947,0.49377796053886414,validation
xgboost_unweighted_F4_sprint2_main_seed42_regen_seed2024,XGB_F4,test,7757,7696,hg19,1,0.9521925449371338,0.49377796053886414,validation
xgboost_unweighted_F4_sprint2_main_seed42_regen_seed2024,XGB_F4,test,7758,7696,hg19,1,0.9696109890937805,0.49377796053886414,validation
xgboost_unweighted_F4_sprint2_main_seed42_regen_seed2024,XGB_F4,test,7759,7696,hg19,1,0.9500279426574707,0.49377796053886414,validation
xgboost_unweighted_F4_sprint2_main_seed42_regen_seed2024,XGB_F4,test,7760,7696,hg19,1,0.9428983330726624,0.49377796053886414,validation
xgboost_unweighted_F4_sprint2_main_seed42_regen_seed2024,XGB_F4,test,7761,7696,hg19,1,0.9360278844833374,0.49377796053886414,validation
xgboost_unweighted_F4_sprint2_main_seed42_regen_seed2024,XGB_F4,test,7762,7696,hg19,1,0.9416409134864807,0.49377796053886414,validation
xgboost_unweighted_F4_sprint2_main_seed42_regen_seed2024,XGB_F4,test,7763,7696,hg19,1,0.9222240447998047,0.49377796053886414,validation
xgboost_unweighted_F4_sprint2_main_seed42_regen_seed2024,XGB_F4,test,7764,7696,hg19,1,0.9705893993377686,0.49377796053886414,validation
xgboost_unweighted_F4_sprint2_main_seed42_regen_seed2024,XGB_F4,test,7765,7696,hg19,1,0.9416159391403198,0.49377796053886414,validation
xgboost_unweighted_F4_sprint2_main_seed42_regen_seed2024,XGB_F4,test,7766,7696,hg19,1,0.9695361256599426,0.49377796053886414,validation
xgboost_unweighted_F4_sprint2_main_seed42_regen_seed2024,XGB_F4,test,7767,7696,hg19,1,0.9309898018836975,0.49377796053886414,validation
xgboost_unweighted_F4_sprint2_main_seed42_regen_seed2024,XGB_F4,test,7768,7696,hg19,1,0.9641448855400085,0.49377796053886414,validation
xgboost_unweighted_F4_sprint2_main_seed42_regen_seed2024,XGB_F4,test,7769,7696,hg19,1,0.9513331055641174,0.49377796053886414,validation
xgboost_unweighted_F4_sprint2_main_seed42_regen_seed2024,XGB_F4,test,7770,7696,hg19,1,0.9215426445007324,0.49377796053886414,validation
xgboost_unweighted_F4_sprint2_main_seed42_regen_seed2024,XGB_F4,test,7771,7696,hg19,1,0.9460057020187378,0.49377796053886414,validation
xgboost_unweighted_F4_sprint2_main_seed42_regen_seed2024,XGB_F4,test,7772,7696,hg19,1,0.9648141860961914,0.49377796053886414,validation
xgboost_unweighted_F4_sprint2_main_seed42_regen_seed2024,XGB_F4,test,7773,7696,hg19,1,0.9753816723823547,0.49377796053886414,validation
xgboost_unweighted_F4_sprint2_main_seed42_regen_seed2024,XGB_F4,test,7774,7696,hg19,1,0.961702287197113,0.49377796053886414,validation
xgboost_unweighted_F4_sprint2_main_seed42_regen_seed2024,XGB_F4,test,7775,7696,hg19,1,0.9496416449546814,0.49377796053886414,validation
xgboost_unweighted_F4_sprint2_main_seed42_regen_seed2024,XGB_F4,test,7776,7696,hg19,1,0.9449852108955383,0.49377796053886414,validation
xgboost_unweighted_F4_sprint2_main_seed42_regen_seed2024,XGB_F4,test,7777,7696,hg19,1,0.9667488932609558,0.49377796053886414,validation
xgboost_unweighted_F4_sprint2_main_seed42_regen_seed2024,XGB_F4,test,7778,7696,hg19,1,0.9512675404548645,0.49377796053886414,validation
xgboost_unweighted_F4_sprint2_main_seed42_regen_seed2024,XGB_F4,test,7779,7696,hg19,1,0.9385125041007996,0.49377796053886414,validation
xgboost_unweighted_F4_sprint2_main_seed42_regen_seed2024,XGB_F4,test,7780,7696,hg19,1,0.949298620223999,0.49377796053886414,validation
xgboost_unweighted_F4_sprint2_main_seed42_regen_seed2024,XGB_F4,test,7781,7696,hg19,1,0.9495968222618103,0.49377796053886414,validation
xgboost_unweighted_F4_sprint2_main_seed42_regen_seed2024,XGB_F4,test,7782,7696,hg19,1,0.8965128660202026,0.49377796053886414,validation
xgboost_unweighted_F4_sprint2_main_seed42_regen_seed2024,XGB_F4,test,7783,7696,hg19,1,0.965893030166626,0.49377796053886414,validation
xgboost_unweighted_F4_sprint2_main_seed42_regen_seed2024,XGB_F4,test,7784,7696,hg19,1,0.9504770040512085,0.49377796053886414,validation
xgboost_unweighted_F4_sprint2_main_seed42_regen_seed2024,XGB_F4,test,7785,7696,hg19,1,0.961534321308136,0.49377796053886414,validation
xgboost_unweighted_F4_sprint2_main_seed42_regen_seed2024,XGB_F4,test,7786,7696,hg19,1,0.9452624917030334,0.49377796053886414,validation
xgboost_unweighted_F4_sprint2_main_seed42_regen_seed2024,XGB_F4,test,7787,7696,hg19,1,0.8869485855102539,0.49377796053886414,validation
xgboost_unweighted_F4_sprint2_main_seed42_regen_seed2024,XGB_F4,test,7788,7696,hg19,1,0.9655706882476807,0.49377796053886414,validation
xgboost_unweighted_F4_sprint2_main_seed42_regen_seed2024,XGB_F4,test,7789,7696,hg19,1,0.9575462937355042,0.49377796053886414,validation
xgboost_unweighted_F4_sprint2_main_seed42_regen_seed2024,XGB_F4,test,7790,7696,hg19,1,0.9605817794799805,0.49377796053886414,validation
xgboost_unweighted_F4_sprint2_main_seed42_regen_seed2024,XGB_F4,test,7791,7696,hg19,1,0.9395930767059326,0.49377796053886414,validation
xgboost_unweighted_F4_sprint2_main_seed42_regen_seed2024,XGB_F4,test,7792,7696,hg19,1,0.9237175583839417,0.49377796053886414,validation
xgboost_unweighted_F4_sprint2_main_seed42_regen_seed2024,XGB_F4,test,7793,7696,hg19,1,0.9570714831352234,0.49377796053886414,validation
xgboost_unweighted_F4_sprint2_main_seed42_regen_seed2024,XGB_F4,test,7794,7696,hg19,1,0.9099985957145691,0.49377796053886414,validation
xgboost_unweighted_F4_sprint2_main_seed42_regen_seed2024,XGB_F4,test,7795,7696,hg19,1,0.8969669342041016,0.49377796053886414,validation
xgboost_unweighted_F4_sprint2_main_seed42_regen_seed2024,XGB_F4,test,7796,7696,hg19,1,0.9411922097206116,0.49377796053886414,validation
xgboost_unweighted_F4_sprint2_main_seed42_regen_seed2024,XGB_F4,test,7797,7696,hg19,1,0.9268366694450378,0.49377796053886414,validation
xgboost_unweighted_F4_sprint2_main_seed42_regen_seed2024,XGB_F4,test,7798,7696,hg19,1,0.9230350255966187,0.49377796053886414,validation
xgboost_unweighted_F4_sprint2_main_seed42_regen_seed2024,XGB_F4,test,7799,7696,hg19,1,0.9520096182823181,0.49377796053886414,validation
xgboost_unweighted_F4_sprint2_main_seed42_regen_seed2024,XGB_F4,test,7800,7696,hg19,1,0.9764777421951294,0.49377796053886414,validation
xgboost_unweighted_F4_sprint2_main_seed42_regen_seed2024,XGB_F4,test,7801,7696,hg19,1,0.9504832625389099,0.49377796053886414,validation
xgboost_unweighted_F4_sprint2_main_seed42_regen_seed2024,XGB_F4,test,7802,7696,hg19,1,0.9416972398757935,0.49377796053886414,validation
xgboost_unweighted_F4_sprint2_main_seed42_regen_seed2024,XGB_F4,test,7803,7696,hg19,1,0.9389829635620117,0.49377796053886414,validation
xgboost_unweighted_F4_sprint2_main_seed42_regen_seed2024,XGB_F4,test,7804,7696,hg19,1,0.948387086391449,0.49377796053886414,validation
xgboost_unweighted_F4_sprint2_main_seed42_regen_seed2024,XGB_F4,test,7805,7696,hg19,1,0.9396806359291077,0.49377796053886414,validation
xgboost_unweighted_F4_sprint2_main_seed42_regen_seed2024,XGB_F4,test,7806,7696,hg19,1,0.9679110050201416,0.49377796053886414,validation
xgboost_unweighted_F4_sprint2_main_seed42_regen_seed2024,XGB_F4,test,7807,7696,hg19,1,0.8871164917945862,0.49377796053886414,validation
xgboost_unweighted_F4_sprint2_main_seed42_regen_seed2024,XGB_F4,test,7808,7696,hg19,1,0.9654477834701538,0.49377796053886414,validation
xgboost_unweighted_F4_sprint2_main_seed42_regen_seed2024,XGB_F4,test,7809,7696,hg19,1,0.9408280253410339,0.49377796053886414,validation
xgboost_unweighted_F4_sprint2_main_seed42_regen_seed2024,XGB_F4,test,7810,7696,hg19,1,0.9322472810745239,0.49377796053886414,validation
xgboost_unweighted_F4_sprint2_main_seed42_regen_seed2024,XGB_F4,test,7811,7696,hg19,1,0.9070718884468079,0.49377796053886414,validation
xgboost_unweighted_F4_sprint2_main_seed42_regen_seed2024,XGB_F4,test,7812,7696,hg19,1,0.9002847075462341,0.49377796053886414,validation
xgboost_unweighted_F4_sprint2_main_seed42_regen_seed2024,XGB_F4,test,7813,7696,hg19,1,0.972331702709198,0.49377796053886414,validation
xgboost_unweighted_F4_sprint2_main_seed42_regen_seed2024,XGB_F4,test,7814,7696,hg19,1,0.9646347761154175,0.49377796053886414,validation
xgboost_unweighted_F4_sprint2_main_seed42_regen_seed2024,XGB_F4,test,7815,7696,hg19,1,0.9721934199333191,0.49377796053886414,validation
xgboost_unweighted_F4_sprint2_main_seed42_regen_seed2024,XGB_F4,test,7816,7696,hg19,1,0.9726917147636414,0.49377796053886414,validation
xgboost_unweighted_F4_sprint2_main_seed42_regen_seed2024,XGB_F4,test,7817,7696,hg19,1,0.9379478693008423,0.49377796053886414,validation
xgboost_unweighted_F4_sprint2_main_seed42_regen_seed2024,XGB_F4,test,7818,7696,hg19,1,0.9847293496131897,0.49377796053886414,validation
xgboost_unweighted_F4_sprint2_main_seed42_regen_seed2024,XGB_F4,test,7819,7696,hg19,1,0.9460485577583313,0.49377796053886414,validation
xgboost_unweighted_F4_sprint2_main_seed42_regen_seed2024,XGB_F4,test,7820,7696,hg19,1,0.9457691311836243,0.49377796053886414,validation
xgboost_unweighted_F4_sprint2_main_seed42_regen_seed2024,XGB_F4,test,7821,7696,hg19,1,0.9394862651824951,0.49377796053886414,validation
xgboost_unweighted_F4_sprint2_main_seed42_regen_seed2024,XGB_F4,test,8319,8319,hg19,1,0.9503143429756165,0.49377796053886414,validation
xgboost_unweighted_F4_sprint2_main_seed42_regen_seed2024,XGB_F4,test,8320,8319,hg19,1,0.9660316109657288,0.49377796053886414,validation
xgboost_unweighted_F4_sprint2_main_seed42_regen_seed2024,XGB_F4,test,8321,8319,hg19,1,0.9065905213356018,0.49377796053886414,validation
xgboost_unweighted_F4_sprint2_main_seed42_regen_seed2024,XGB_F4,test,8322,8319,hg19,1,0.9418088793754578,0.49377796053886414,validation
xgboost_unweighted_F4_sprint2_main_seed42_regen_seed2024,XGB_F4,test,8323,8319,hg19,1,0.9378112554550171,0.49377796053886414,validation
xgboost_unweighted_F4_sprint2_main_seed42_regen_seed2024,XGB_F4,test,8324,8319,hg19,1,0.920648455619812,0.49377796053886414,validation
xgboost_unweighted_F4_sprint2_main_seed42_regen_seed2024,XGB_F4,test,8325,8319,hg19,1,0.9352163076400757,0.49377796053886414,validation
xgboost_unweighted_F4_sprint2_main_seed42_regen_seed2024,XGB_F4,test,8326,8319,hg19,1,0.9736868143081665,0.49377796053886414,validation
xgboost_unweighted_F4_sprint2_main_seed42_regen_seed2024,XGB_F4,test,8327,8319,hg19,1,0.9210034608840942,0.49377796053886414,validation
xgboost_unweighted_F4_sprint2_main_seed42_regen_seed2024,XGB_F4,test,8328,8319,hg19,1,0.9574632048606873,0.49377796053886414,validation
xgboost_unweighted_F4_sprint2_main_seed42_regen_seed2024,XGB_F4,test,8329,8319,hg19,1,0.9179165363311768,0.49377796053886414,validation
xgboost_unweighted_F4_sprint2_main_seed42_regen_seed2024,XGB_F4,test,8330,8319,hg19,1,0.9325650334358215,0.49377796053886414,validation
xgboost_unweighted_F4_sprint2_main_seed42_regen_seed2024,XGB_F4,test,8331,8319,hg19,1,0.9676057696342468,0.49377796053886414,validation
xgboost_unweighted_F4_sprint2_main_seed42_regen_seed2024,XGB_F4,test,8332,8319,hg19,1,0.9745550155639648,0.49377796053886414,validation
xgboost_unweighted_F4_sprint2_main_seed42_regen_seed2024,XGB_F4,test,8333,8319,hg19,1,0.9454712867736816,0.49377796053886414,validation
xgboost_unweighted_F4_sprint2_main_seed42_regen_seed2024,XGB_F4,test,8334,8319,hg19,1,0.9493054747581482,0.49377796053886414,validation
xgboost_unweighted_F4_sprint2_main_seed42_regen_seed2024,XGB_F4,test,8335,8319,hg19,1,0.8937624096870422,0.49377796053886414,validation
xgboost_unweighted_F4_sprint2_main_seed42_regen_seed2024,XGB_F4,test,8336,8319,hg19,1,0.9254483580589294,0.49377796053886414,validation
xgboost_unweighted_F4_sprint2_main_seed42_regen_seed2024,XGB_F4,test,8337,8319,hg19,1,0.9657553434371948,0.49377796053886414,validation
xgboost_unweighted_F4_sprint2_main_seed42_regen_seed2024,XGB_F4,test,8338,8319,hg19,1,0.9235823154449463,0.49377796053886414,validation
xgboost_unweighted_F4_sprint2_main_seed42_regen_seed2024,XGB_F4,test,8339,8319,hg19,1,0.978783905506134,0.49377796053886414,validation
xgboost_unweighted_F4_sprint2_main_seed42_regen_seed2024,XGB_F4,test,8340,8319,hg19,1,0.9757297039031982,0.49377796053886414,validation
xgboost_unweighted_F4_sprint2_main_seed42_regen_seed2024,XGB_F4,test,8341,8319,hg19,1,0.9426628947257996,0.49377796053886414,validation
xgboost_unweighted_F4_sprint2_main_seed42_regen_seed2024,XGB_F4,test,8342,8319,hg19,1,0.9532870054244995,0.49377796053886414,validation
xgboost_unweighted_F4_sprint2_main_seed42_regen_seed2024,XGB_F4,test,8343,8319,hg19,1,0.8101885318756104,0.49377796053886414,validation
xgboost_unweighted_F4_sprint2_main_seed42_regen_seed2024,XGB_F4,test,8344,8319,hg19,1,0.9804051518440247,0.49377796053886414,validation
xgboost_unweighted_F4_sprint2_main_seed42_regen_seed2024,XGB_F4,test,8345,8319,hg19,1,0.9320139288902283,0.49377796053886414,validation
xgboost_unweighted_F4_sprint2_main_seed42_regen_seed2024,XGB_F4,test,8346,8319,hg19,1,0.9336163401603699,0.49377796053886414,validation
xgboost_unweighted_F4_sprint2_main_seed42_regen_seed2024,XGB_F4,test,8347,8319,hg19,1,0.9695361256599426,0.49377796053886414,validation
xgboost_unweighted_F4_sprint2_main_seed42_regen_seed2024,XGB_F4,test,8348,8319,hg19,1,0.9528602361679077,0.49377796053886414,validation
xgboost_unweighted_F4_sprint2_main_seed42_regen_seed2024,XGB_F4,test,8349,8319,hg19,1,0.9484286904335022,0.49377796053886414,validation
xgboost_unweighted_F4_sprint2_main_seed42_regen_seed2024,XGB_F4,test,8350,8319,hg19,1,0.9193264245986938,0.49377796053886414,validation
xgboost_unweighted_F4_sprint2_main_seed42_regen_seed2024,XGB_F4,test,8351,8319,hg19,1,0.8696739673614502,0.49377796053886414,validation
xgboost_unweighted_F4_sprint2_main_seed42_regen_seed2024,XGB_F4,test,8352,8319,hg19,1,0.9386147260665894,0.49377796053886414,validation
xgboost_unweighted_F4_sprint2_main_seed42_regen_seed2024,XGB_F4,test,8353,8319,hg19,1,0.9453350305557251,0.49377796053886414,validation
xgboost_unweighted_F4_sprint2_main_seed42_regen_seed2024,XGB_F4,test,8354,8319,hg19,1,0.9471223950386047,0.49377796053886414,validation
xgboost_unweighted_F4_sprint2_main_seed42_regen_seed2024,XGB_F4,test,8355,8319,hg19,1,0.9302753210067749,0.49377796053886414,validation
xgboost_unweighted_F4_sprint2_main_seed42_regen_seed2024,XGB_F4,test,8356,8319,hg19,1,0.9505870938301086,0.49377796053886414,validation
xgboost_unweighted_F4_sprint2_main_seed42_regen_seed2024,XGB_F4,test,8357,8319,hg19,1,0.9658469557762146,0.49377796053886414,validation
xgboost_unweighted_F4_sprint2_main_seed42_regen_seed2024,XGB_F4,test,8358,8319,hg19,1,0.9795134663581848,0.49377796053886414,validation
xgboost_unweighted_F4_sprint2_main_seed42_regen_seed2024,XGB_F4,test,8359,8319,hg19,1,0.9445997476577759,0.49377796053886414,validation
xgboost_unweighted_F4_sprint2_main_seed42_regen_seed2024,XGB_F4,test,8360,8319,hg19,1,0.9229361414909363,0.49377796053886414,validation
xgboost_unweighted_F4_sprint2_main_seed42_regen_seed2024,XGB_F4,test,8361,8319,hg19,1,0.9323733448982239,0.49377796053886414,validation
xgboost_unweighted_F4_sprint2_main_seed42_regen_seed2024,XGB_F4,test,8362,8319,hg19,1,0.9630774855613708,0.49377796053886414,validation
xgboost_unweighted_F4_sprint2_main_seed42_regen_seed2024,XGB_F4,test,8363,8319,hg19,1,0.9119500517845154,0.49377796053886414,validation
xgboost_unweighted_F4_sprint2_main_seed42_regen_seed2024,XGB_F4,test,8364,8319,hg19,1,0.961144208908081,0.49377796053886414,validation
xgboost_unweighted_F4_sprint2_main_seed42_regen_seed2024,XGB_F4,test,8365,8319,hg19,1,0.9636897444725037,0.49377796053886414,validation
xgboost_unweighted_F4_sprint2_main_seed42_regen_seed2024,XGB_F4,test,8366,8319,hg19,1,0.9773454666137695,0.49377796053886414,validation
xgboost_unweighted_F4_sprint2_main_seed42_regen_seed2024,XGB_F4,test,8367,8319,hg19,1,0.9384563565254211,0.49377796053886414,validation
xgboost_unweighted_F4_sprint2_main_seed42_regen_seed2024,XGB_F4,test,8368,8319,hg19,1,0.9526802897453308,0.49377796053886414,validation
xgboost_unweighted_F4_sprint2_main_seed42_regen_seed2024,XGB_F4,test,8369,8319,hg19,1,0.9784415364265442,0.49377796053886414,validation
xgboost_unweighted_F4_sprint2_main_seed42_regen_seed2024,XGB_F4,test,8370,8319,hg19,1,0.9185044169425964,0.49377796053886414,validation
xgboost_unweighted_F4_sprint2_main_seed42_regen_seed2024,XGB_F4,test,8371,8319,hg19,1,0.9348923563957214,0.49377796053886414,validation
xgboost_unweighted_F4_sprint2_main_seed42_regen_seed2024,XGB_F4,test,8372,8319,hg19,1,0.9605815410614014,0.49377796053886414,validation
xgboost_unweighted_F4_sprint2_main_seed42_regen_seed2024,XGB_F4,test,8373,8319,hg19,1,0.9254519939422607,0.49377796053886414,validation
xgboost_unweighted_F4_sprint2_main_seed42_regen_seed2024,XGB_F4,test,8374,8319,hg19,1,0.8965128660202026,0.49377796053886414,validation
xgboost_unweighted_F4_sprint2_main_seed42_regen_seed2024,XGB_F4,test,8375,8319,hg19,1,0.9764777421951294,0.49377796053886414,validation
xgboost_unweighted_F4_sprint2_main_seed42_regen_seed2024,XGB_F4,test,8376,8319,hg19,1,0.9416159391403198,0.49377796053886414,validation
xgboost_unweighted_F4_sprint2_main_seed42_regen_seed2024,XGB_F4,test,8377,8319,hg19,1,0.9657261967658997,0.49377796053886414,validation
xgboost_unweighted_F4_sprint2_main_seed42_regen_seed2024,XGB_F4,test,8378,8319,hg19,1,0.9648141860961914,0.49377796053886414,validation
xgboost_unweighted_F4_sprint2_main_seed42_regen_seed2024,XGB_F4,test,8379,8319,hg19,1,0.9496416449546814,0.49377796053886414,validation
xgboost_unweighted_F4_sprint2_main_seed42_regen_seed2024,XGB_F4,test,8380,8319,hg19,1,0.9604316353797913,0.49377796053886414,validation
xgboost_unweighted_F4_sprint2_main_seed42_regen_seed2024,XGB_F4,test,8381,8319,hg19,1,0.9491813778877258,0.49377796053886414,validation
xgboost_unweighted_F4_sprint2_main_seed42_regen_seed2024,XGB_F4,test,8382,8319,hg19,1,0.9787524342536926,0.49377796053886414,validation
xgboost_unweighted_F4_sprint2_main_seed42_regen_seed2024,XGB_F4,test,8383,8319,hg19,1,0.9603376388549805,0.49377796053886414,validation
xgboost_unweighted_F4_sprint2_main_seed42_regen_seed2024,XGB_F4,test,8384,8319,hg19,1,0.9482006430625916,0.49377796053886414,validation
xgboost_unweighted_F4_sprint2_main_seed42_regen_seed2024,XGB_F4,test,8385,8319,hg19,1,0.9667488932609558,0.49377796053886414,validation
xgboost_unweighted_F4_sprint2_main_seed42_regen_seed2024,XGB_F4,test,8386,8319,hg19,1,0.969711184501648,0.49377796053886414,validation
xgboost_unweighted_F4_sprint2_main_seed42_regen_seed2024,XGB_F4,test,8387,8319,hg19,1,0.9636707901954651,0.49377796053886414,validation
xgboost_unweighted_F4_sprint2_main_seed42_regen_seed2024,XGB_F4,test,8388,8319,hg19,1,0.9379478693008423,0.49377796053886414,validation
xgboost_unweighted_F4_sprint2_main_seed42_regen_seed2024,XGB_F4,test,8389,8319,hg19,1,0.9486609101295471,0.49377796053886414,validation
xgboost_unweighted_F4_sprint2_main_seed42_regen_seed2024,XGB_F4,test,8390,8319,hg19,1,0.9809888005256653,0.49377796053886414,validation
xgboost_unweighted_F4_sprint2_main_seed42_regen_seed2024,XGB_F4,test,8391,8319,hg19,1,0.963251531124115,0.49377796053886414,validation
xgboost_unweighted_F4_sprint2_main_seed42_regen_seed2024,XGB_F4,test,8392,8319,hg19,1,0.9495968222618103,0.49377796053886414,validation
xgboost_unweighted_F4_sprint2_main_seed42_regen_seed2024,XGB_F4,test,8393,8319,hg19,1,0.9641448855400085,0.49377796053886414,validation
xgboost_unweighted_F4_sprint2_main_seed42_regen_seed2024,XGB_F4,test,8394,8319,hg19,1,0.965893030166626,0.49377796053886414,validation
xgboost_unweighted_F4_sprint2_main_seed42_regen_seed2024,XGB_F4,test,8395,8319,hg19,1,0.9215426445007324,0.49377796053886414,validation
xgboost_unweighted_F4_sprint2_main_seed42_regen_seed2024,XGB_F4,test,8396,8319,hg19,1,0.935859739780426,0.49377796053886414,validation
xgboost_unweighted_F4_sprint2_main_seed42_regen_seed2024,XGB_F4,test,8397,8319,hg19,1,0.9545661211013794,0.49377796053886414,validation
xgboost_unweighted_F4_sprint2_main_seed42_regen_seed2024,XGB_F4,test,8398,8319,hg19,1,0.9705893993377686,0.49377796053886414,validation
xgboost_unweighted_F4_sprint2_main_seed42_regen_seed2024,XGB_F4,test,8399,8319,hg19,1,0.9755321741104126,0.49377796053886414,validation
xgboost_unweighted_F4_sprint2_main_seed42_regen_seed2024,XGB_F4,test,8400,8319,hg19,1,0.9428983330726624,0.49377796053886414,validation
xgboost_unweighted_F4_sprint2_main_seed42_regen_seed2024,XGB_F4,test,8401,8319,hg19,1,0.9237175583839417,0.49377796053886414,validation
xgboost_unweighted_F4_sprint2_main_seed42_regen_seed2024,XGB_F4,test,8402,8319,hg19,1,0.9698374271392822,0.49377796053886414,validation
xgboost_unweighted_F4_sprint2_main_seed42_regen_seed2024,XGB_F4,test,8403,8319,hg19,1,0.9595603346824646,0.49377796053886414,validation
xgboost_unweighted_F4_sprint2_main_seed42_regen_seed2024,XGB_F4,test,8404,8319,hg19,1,0.9497019648551941,0.49377796053886414,validation
xgboost_unweighted_F4_sprint2_main_seed42_regen_seed2024,XGB_F4,test,8405,8319,hg19,1,0.9406096339225769,0.49377796053886414,validation
xgboost_unweighted_F4_sprint2_main_seed42_regen_seed2024,XGB_F4,test,8406,8319,hg19,1,0.9762415289878845,0.49377796053886414,validation
xgboost_unweighted_F4_sprint2_main_seed42_regen_seed2024,XGB_F4,test,8407,8319,hg19,1,0.9416409134864807,0.49377796053886414,validation
xgboost_unweighted_F4_sprint2_main_seed42_regen_seed2024,XGB_F4,test,8408,8319,hg19,1,0.9510669112205505,0.49377796053886414,validation
xgboost_unweighted_F4_sprint2_main_seed42_regen_seed2024,XGB_F4,test,8409,8319,hg19,1,0.9696109890937805,0.49377796053886414,validation
xgboost_unweighted_F4_sprint2_main_seed42_regen_seed2024,XGB_F4,test,8410,8319,hg19,1,0.9520096182823181,0.49377796053886414,validation
xgboost_unweighted_F4_sprint2_main_seed42_regen_seed2024,XGB_F4,test,8411,8319,hg19,1,0.9099985957145691,0.49377796053886414,validation
xgboost_unweighted_F4_sprint2_main_seed42_regen_seed2024,XGB_F4,test,8412,8319,hg19,1,0.9500279426574707,0.49377796053886414,validation
xgboost_unweighted_F4_sprint2_main_seed42_regen_seed2024,XGB_F4,test,8413,8319,hg19,1,0.9467613101005554,0.49377796053886414,validation
xgboost_unweighted_F4_sprint2_main_seed42_regen_seed2024,XGB_F4,test,8414,8319,hg19,1,0.9354135394096375,0.49377796053886414,validation
xgboost_unweighted_F4_sprint2_main_seed42_regen_seed2024,XGB_F4,test,8415,8319,hg19,1,0.9402369856834412,0.49377796053886414,validation
xgboost_unweighted_F4_sprint2_main_seed42_regen_seed2024,XGB_F4,test,8416,8319,hg19,1,0.9568823575973511,0.49377796053886414,validation
xgboost_unweighted_F4_sprint2_main_seed42_regen_seed2024,XGB_F4,test,8417,8319,hg19,1,0.8819050192832947,0.49377796053886414,validation
xgboost_unweighted_F4_sprint2_main_seed42_regen_seed2024,XGB_F4,test,8418,8319,hg19,1,0.9452418088912964,0.49377796053886414,validation
xgboost_unweighted_F4_sprint2_main_seed42_regen_seed2024,XGB_F4,test,8419,8319,hg19,1,0.9377897381782532,0.49377796053886414,validation
xgboost_unweighted_F4_sprint2_main_seed42_regen_seed2024,XGB_F4,test,8420,8420,hg19,1,0.9888882040977478,0.49377796053886414,validation
xgboost_unweighted_F4_sprint2_main_seed42_regen_seed2024,XGB_F4,test,8421,8420,hg19,1,0.9828821420669556,0.49377796053886414,validation
xgboost_unweighted_F4_sprint2_main_seed42_regen_seed2024,XGB_F4,test,8422,8420,hg19,1,0.9753333330154419,0.49377796053886414,validation
xgboost_unweighted_F4_sprint2_main_seed42_regen_seed2024,XGB_F4,test,8423,8420,hg19,1,0.9685479998588562,0.49377796053886414,validation
xgboost_unweighted_F4_sprint2_main_seed42_regen_seed2024,XGB_F4,test,8424,8420,hg19,1,0.9624009132385254,0.49377796053886414,validation
xgboost_unweighted_F4_sprint2_main_seed42_regen_seed2024,XGB_F4,test,8425,8420,hg19,1,0.9303123950958252,0.49377796053886414,validation
xgboost_unweighted_F4_sprint2_main_seed42_regen_seed2024,XGB_F4,test,8426,8420,hg19,1,0.9688202738761902,0.49377796053886414,validation
xgboost_unweighted_F4_sprint2_main_seed42_regen_seed2024,XGB_F4,test,8427,8420,hg19,1,0.9674937129020691,0.49377796053886414,validation
xgboost_unweighted_F4_sprint2_main_seed42_regen_seed2024,XGB_F4,test,8428,8420,hg19,1,0.9806744456291199,0.49377796053886414,validation
xgboost_unweighted_F4_sprint2_main_seed42_regen_seed2024,XGB_F4,test,8429,8420,hg19,1,0.941110372543335,0.49377796053886414,validation
xgboost_unweighted_F4_sprint2_main_seed42_regen_seed2024,XGB_F4,test,8430,8420,hg19,1,0.9776421785354614,0.49377796053886414,validation
xgboost_unweighted_F4_sprint2_main_seed42_regen_seed2024,XGB_F4,test,8431,8420,hg19,1,0.8919253349304199,0.49377796053886414,validation
xgboost_unweighted_F4_sprint2_main_seed42_regen_seed2024,XGB_F4,test,8432,8420,hg19,1,0.9720866084098816,0.49377796053886414,validation
xgboost_unweighted_F4_sprint2_main_seed42_regen_seed2024,XGB_F4,test,8433,8420,hg19,1,0.964988112449646,0.49377796053886414,validation
xgboost_unweighted_F4_sprint2_main_seed42_regen_seed2024,XGB_F4,test,8434,8420,hg19,1,0.9588273763656616,0.49377796053886414,validation
xgboost_unweighted_F4_sprint2_main_seed42_regen_seed2024,XGB_F4,test,8435,8420,hg19,1,0.962977945804596,0.49377796053886414,validation
xgboost_unweighted_F4_sprint2_main_seed42_regen_seed2024,XGB_F4,test,8436,8420,hg19,1,0.9732175469398499,0.49377796053886414,validation
xgboost_unweighted_F4_sprint2_main_seed42_regen_seed2024,XGB_F4,test,8437,8420,hg19,1,0.9800986051559448,0.49377796053886414,validation
xgboost_unweighted_F4_sprint2_main_seed42_regen_seed2024,XGB_F4,test,8438,8420,hg19,1,0.9774057269096375,0.49377796053886414,validation
xgboost_unweighted_F4_sprint2_main_seed42_regen_seed2024,XGB_F4,test,8439,8420,hg19,1,0.974351704120636,0.49377796053886414,validation
xgboost_unweighted_F4_sprint2_main_seed42_regen_seed2024,XGB_F4,test,8440,8420,hg19,1,0.9712003469467163,0.49377796053886414,validation
xgboost_unweighted_F4_sprint2_main_seed42_regen_seed2024,XGB_F4,test,8441,8420,hg19,1,0.9692363739013672,0.49377796053886414,validation
xgboost_unweighted_F4_sprint2_main_seed42_regen_seed2024,XGB_F4,test,8442,8420,hg19,1,0.9671392440795898,0.49377796053886414,validation
xgboost_unweighted_F4_sprint2_main_seed42_regen_seed2024,XGB_F4,test,8443,8420,hg19,1,0.9876466989517212,0.49377796053886414,validation
xgboost_unweighted_F4_sprint2_main_seed42_regen_seed2024,XGB_F4,test,8444,8420,hg19,1,0.9809883832931519,0.49377796053886414,validation
xgboost_unweighted_F4_sprint2_main_seed42_regen_seed2024,XGB_F4,test,8445,8420,hg19,1,0.9641461968421936,0.49377796053886414,validation
xgboost_unweighted_F4_sprint2_main_seed42_regen_seed2024,XGB_F4,test,8446,8420,hg19,1,0.901944637298584,0.49377796053886414,validation
xgboost_unweighted_F4_sprint2_main_seed42_regen_seed2024,XGB_F4,test,8447,8420,hg19,1,0.9509307742118835,0.49377796053886414,validation
xgboost_unweighted_F4_sprint2_main_seed42_regen_seed2024,XGB_F4,test,8448,8420,hg19,1,0.9584269523620605,0.49377796053886414,validation
xgboost_unweighted_F4_sprint2_main_seed42_regen_seed2024,XGB_F4,test,8449,8420,hg19,1,0.9038932919502258,0.49377796053886414,validation
xgboost_unweighted_F4_sprint2_main_seed42_regen_seed2024,XGB_F4,test,8450,8420,hg19,1,0.9669956564903259,0.49377796053886414,validation
xgboost_unweighted_F4_sprint2_main_seed42_regen_seed2024,XGB_F4,test,8451,8420,hg19,1,0.9716973900794983,0.49377796053886414,validation
xgboost_unweighted_F4_sprint2_main_seed42_regen_seed2024,XGB_F4,test,8452,8420,hg19,1,0.979558527469635,0.49377796053886414,validation
xgboost_unweighted_F4_sprint2_main_seed42_regen_seed2024,XGB_F4,test,8453,8420,hg19,1,0.9666839838027954,0.49377796053886414,validation
xgboost_unweighted_F4_sprint2_main_seed42_regen_seed2024,XGB_F4,test,8454,8420,hg19,1,0.973337709903717,0.49377796053886414,validation
xgboost_unweighted_F4_sprint2_main_seed42_regen_seed2024,XGB_F4,test,8455,8420,hg19,1,0.9763652682304382,0.49377796053886414,validation
xgboost_unweighted_F4_sprint2_main_seed42_regen_seed2024,XGB_F4,test,8456,8420,hg19,1,0.9767778515815735,0.49377796053886414,validation
xgboost_unweighted_F4_sprint2_main_seed42_regen_seed2024,XGB_F4,test,8457,8420,hg19,1,0.9695608019828796,0.49377796053886414,validation
xgboost_unweighted_F4_sprint2_main_seed42_regen_seed2024,XGB_F4,test,8458,8420,hg19,1,0.9449588060379028,0.49377796053886414,validation
xgboost_unweighted_F4_sprint2_main_seed42_regen_seed2024,XGB_F4,test,8459,8420,hg19,1,0.9673802852630615,0.49377796053886414,validation
xgboost_unweighted_F4_sprint2_main_seed42_regen_seed2024,XGB_F4,test,8460,8420,hg19,1,0.9554093480110168,0.49377796053886414,validation
xgboost_unweighted_F4_sprint2_main_seed42_regen_seed2024,XGB_F4,test,8461,8420,hg19,1,0.9800792336463928,0.49377796053886414,validation
xgboost_unweighted_F4_sprint2_main_seed42_regen_seed2024,XGB_F4,test,8462,8420,hg19,1,0.9583247900009155,0.49377796053886414,validation
xgboost_unweighted_F4_sprint2_main_seed42_regen_seed2024,XGB_F4,test,8463,8420,hg19,1,0.9870878458023071,0.49377796053886414,validation
xgboost_unweighted_F4_sprint2_main_seed42_regen_seed2024,XGB_F4,test,8464,8420,hg19,1,0.94694584608078,0.49377796053886414,validation
xgboost_unweighted_F4_sprint2_main_seed42_regen_seed2024,XGB_F4,test,8465,8420,hg19,1,0.9704582095146179,0.49377796053886414,validation
xgboost_unweighted_F4_sprint2_main_seed42_regen_seed2024,XGB_F4,test,8466,8420,hg19,1,0.9634529948234558,0.49377796053886414,validation
xgboost_unweighted_F4_sprint2_main_seed42_regen_seed2024,XGB_F4,test,8467,8420,hg19,1,0.9842959642410278,0.49377796053886414,validation
xgboost_unweighted_F4_sprint2_main_seed42_regen_seed2024,XGB_F4,test,8468,8420,hg19,1,0.974956214427948,0.49377796053886414,validation
xgboost_unweighted_F4_sprint2_main_seed42_regen_seed2024,XGB_F4,test,8469,8420,hg19,1,0.9680559039115906,0.49377796053886414,validation
xgboost_unweighted_F4_sprint2_main_seed42_regen_seed2024,XGB_F4,test,8470,8420,hg19,1,0.9680036306381226,0.49377796053886414,validation
xgboost_unweighted_F4_sprint2_main_seed42_regen_seed2024,XGB_F4,test,8471,8420,hg19,1,0.9589132070541382,0.49377796053886414,validation
xgboost_unweighted_F4_sprint2_main_seed42_regen_seed2024,XGB_F4,test,8472,8420,hg19,1,0.9635385274887085,0.49377796053886414,validation
xgboost_unweighted_F4_sprint2_main_seed42_regen_seed2024,XGB_F4,test,8473,8420,hg19,1,0.96290123462677,0.49377796053886414,validation
xgboost_unweighted_F4_sprint2_main_seed42_regen_seed2024,XGB_F4,test,8474,8420,hg19,1,0.9690505266189575,0.49377796053886414,validation
xgboost_unweighted_F4_sprint2_main_seed42_regen_seed2024,XGB_F4,test,8475,8420,hg19,1,0.9660394191741943,0.49377796053886414,validation
xgboost_unweighted_F4_sprint2_main_seed42_regen_seed2024,XGB_F4,test,8476,8420,hg19,1,0.978933572769165,0.49377796053886414,validation
xgboost_unweighted_F4_sprint2_main_seed42_regen_seed2024,XGB_F4,test,8477,8420,hg19,1,0.9566745162010193,0.49377796053886414,validation
xgboost_unweighted_F4_sprint2_main_seed42_regen_seed2024,XGB_F4,test,8478,8420,hg19,1,0.9572535157203674,0.49377796053886414,validation
xgboost_unweighted_F4_sprint2_main_seed42_regen_seed2024,XGB_F4,test,8479,8420,hg19,1,0.973594605922699,0.49377796053886414,validation
xgboost_unweighted_F4_sprint2_main_seed42_regen_seed2024,XGB_F4,test,8480,8420,hg19,1,0.9692742228507996,0.49377796053886414,validation
xgboost_unweighted_F4_sprint2_main_seed42_regen_seed2024,XGB_F4,test,8481,8420,hg19,1,0.9571851491928101,0.49377796053886414,validation
xgboost_unweighted_F4_sprint2_main_seed42_regen_seed2024,XGB_F4,test,8482,8420,hg19,1,0.9531376957893372,0.49377796053886414,validation
xgboost_unweighted_F4_sprint2_main_seed42_regen_seed2024,XGB_F4,test,8483,8420,hg19,1,0.9585759043693542,0.49377796053886414,validation
xgboost_unweighted_F4_sprint2_main_seed42_regen_seed2024,XGB_F4,test,8484,8420,hg19,1,0.9755153656005859,0.49377796053886414,validation
xgboost_unweighted_F4_sprint2_main_seed42_regen_seed2024,XGB_F4,test,8485,8420,hg19,1,0.9744345545768738,0.49377796053886414,validation
xgboost_unweighted_F4_sprint2_main_seed42_regen_seed2024,XGB_F4,test,8486,8420,hg19,1,0.960904598236084,0.49377796053886414,validation
xgboost_unweighted_F4_sprint2_main_seed42_regen_seed2024,XGB_F4,test,8487,8420,hg19,1,0.9728488326072693,0.49377796053886414,validation
xgboost_unweighted_F4_sprint2_main_seed42_regen_seed2024,XGB_F4,test,8488,8420,hg19,1,0.9685069918632507,0.49377796053886414,validation
xgboost_unweighted_F4_sprint2_main_seed42_regen_seed2024,XGB_F4,test,8489,8420,hg19,1,0.9770649671554565,0.49377796053886414,validation
xgboost_unweighted_F4_sprint2_main_seed42_regen_seed2024,XGB_F4,test,8490,8420,hg19,1,0.953040599822998,0.49377796053886414,validation
xgboost_unweighted_F4_sprint2_main_seed42_regen_seed2024,XGB_F4,test,8491,8420,hg19,1,0.9512621164321899,0.49377796053886414,validation
xgboost_unweighted_F4_sprint2_main_seed42_regen_seed2024,XGB_F4,test,8492,8420,hg19,1,0.968817949295044,0.49377796053886414,validation
xgboost_unweighted_F4_sprint2_main_seed42_regen_seed2024,XGB_F4,test,8493,8420,hg19,1,0.9669131636619568,0.49377796053886414,validation
xgboost_unweighted_F4_sprint2_main_seed42_regen_seed2024,XGB_F4,test,8494,8420,hg19,1,0.9546812772750854,0.49377796053886414,validation
xgboost_unweighted_F4_sprint2_main_seed42_regen_seed2024,XGB_F4,test,8495,8420,hg19,1,0.9770696759223938,0.49377796053886414,validation
xgboost_unweighted_F4_sprint2_main_seed42_regen_seed2024,XGB_F4,test,8496,8420,hg19,1,0.9597169756889343,0.49377796053886414,validation
xgboost_unweighted_F4_sprint2_main_seed42_regen_seed2024,XGB_F4,test,8497,8420,hg19,1,0.9788660407066345,0.49377796053886414,validation
xgboost_unweighted_F4_sprint2_main_seed42_regen_seed2024,XGB_F4,test,8498,8420,hg19,1,0.968809187412262,0.49377796053886414,validation
xgboost_unweighted_F4_sprint2_main_seed42_regen_seed2024,XGB_F4,test,8499,8420,hg19,1,0.957345724105835,0.49377796053886414,validation
xgboost_unweighted_F4_sprint2_main_seed42_regen_seed2024,XGB_F4,test,8500,8420,hg19,1,0.9580814838409424,0.49377796053886414,validation
xgboost_unweighted_F4_sprint2_main_seed42_regen_seed2024,XGB_F4,test,8501,8420,hg19,1,0.9645597338676453,0.49377796053886414,validation
xgboost_unweighted_F4_sprint2_main_seed42_regen_seed2024,XGB_F4,test,8502,8420,hg19,1,0.9695169925689697,0.49377796053886414,validation
xgboost_unweighted_F4_sprint2_main_seed42_regen_seed2024,XGB_F4,test,8503,8420,hg19,1,0.9489402174949646,0.49377796053886414,validation
xgboost_unweighted_F4_sprint2_main_seed42_regen_seed2024,XGB_F4,test,8504,8420,hg19,1,0.9553934931755066,0.49377796053886414,validation
xgboost_unweighted_F4_sprint2_main_seed42_regen_seed2024,XGB_F4,test,8505,8420,hg19,1,0.9655625820159912,0.49377796053886414,validation
xgboost_unweighted_F4_sprint2_main_seed42_regen_seed2024,XGB_F4,test,8506,8420,hg19,1,0.9190783500671387,0.49377796053886414,validation
xgboost_unweighted_F4_sprint2_main_seed42_regen_seed2024,XGB_F4,test,8507,8420,hg19,1,0.9605039954185486,0.49377796053886414,validation
xgboost_unweighted_F4_sprint2_main_seed42_regen_seed2024,XGB_F4,test,8508,8420,hg19,1,0.9751346111297607,0.49377796053886414,validation
xgboost_unweighted_F4_sprint2_main_seed42_regen_seed2024,XGB_F4,test,8509,8420,hg19,1,0.9875229001045227,0.49377796053886414,validation
xgboost_unweighted_F4_sprint2_main_seed42_regen_seed2024,XGB_F4,test,8510,8420,hg19,1,0.9684658646583557,0.49377796053886414,validation
xgboost_unweighted_F4_sprint2_main_seed42_regen_seed2024,XGB_F4,test,8511,8420,hg19,1,0.9551011919975281,0.49377796053886414,validation
xgboost_unweighted_F4_sprint2_main_seed42_regen_seed2024,XGB_F4,test,8512,8420,hg19,1,0.9639614224433899,0.49377796053886414,validation
xgboost_unweighted_F4_sprint2_main_seed42_regen_seed2024,XGB_F4,test,8513,8420,hg19,1,0.9640132188796997,0.49377796053886414,validation
xgboost_unweighted_F4_sprint2_main_seed42_regen_seed2024,XGB_F4,test,8514,8420,hg19,1,0.9611623883247375,0.49377796053886414,validation
xgboost_unweighted_F4_sprint2_main_seed42_regen_seed2024,XGB_F4,test,8515,8420,hg19,1,0.9727752804756165,0.49377796053886414,validation
xgboost_unweighted_F4_sprint2_main_seed42_regen_seed2024,XGB_F4,test,8516,8420,hg19,1,0.9575613737106323,0.49377796053886414,validation
xgboost_unweighted_F4_sprint2_main_seed42_regen_seed2024,XGB_F4,test,8517,8420,hg19,1,0.9653839468955994,0.49377796053886414,validation
xgboost_unweighted_F4_sprint2_main_seed42_regen_seed2024,XGB_F4,test,8518,8420,hg19,1,0.9614547491073608,0.49377796053886414,validation
xgboost_unweighted_F4_sprint2_main_seed42_regen_seed2024,XGB_F4,test,8519,8420,hg19,1,0.9709470868110657,0.49377796053886414,validation
xgboost_unweighted_F4_sprint2_main_seed42_regen_seed2024,XGB_F4,test,8520,8420,hg19,1,0.9773467183113098,0.49377796053886414,validation
xgboost_unweighted_F4_sprint2_main_seed42_regen_seed2024,XGB_F4,test,8521,8420,hg19,1,0.9745758175849915,0.49377796053886414,validation
xgboost_unweighted_F4_sprint2_main_seed42_regen_seed2024,XGB_F4,test,8522,8420,hg19,1,0.9529971480369568,0.49377796053886414,validation
xgboost_unweighted_F4_sprint2_main_seed42_regen_seed2024,XGB_F4,test,8523,8420,hg19,1,0.8695721626281738,0.49377796053886414,validation
xgboost_unweighted_F4_sprint2_main_seed42_regen_seed2024,XGB_F4,test,8524,8420,hg19,1,0.9587496519088745,0.49377796053886414,validation
xgboost_unweighted_F4_sprint2_main_seed42_regen_seed2024,XGB_F4,test,8525,8420,hg19,1,0.9780130982398987,0.49377796053886414,validation
xgboost_unweighted_F4_sprint2_main_seed42_regen_seed2024,XGB_F4,test,8526,8420,hg19,1,0.9558711051940918,0.49377796053886414,validation
xgboost_unweighted_F4_sprint2_main_seed42_regen_seed2024,XGB_F4,test,8527,8420,hg19,1,0.9561205506324768,0.49377796053886414,validation
xgboost_unweighted_F4_sprint2_main_seed42_regen_seed2024,XGB_F4,test,8528,8420,hg19,1,0.969544529914856,0.49377796053886414,validation
xgboost_unweighted_F4_sprint2_main_seed42_regen_seed2024,XGB_F4,test,8529,8420,hg19,1,0.9580123424530029,0.49377796053886414,validation
xgboost_unweighted_F4_sprint2_main_seed42_regen_seed2024,XGB_F4,test,8530,8420,hg19,1,0.9563236236572266,0.49377796053886414,validation
xgboost_unweighted_F4_sprint2_main_seed42_regen_seed2024,XGB_F4,test,8531,8420,hg19,1,0.9689430594444275,0.49377796053886414,validation
xgboost_unweighted_F4_sprint2_main_seed42_regen_seed2024,XGB_F4,test,8532,8420,hg19,1,0.9589805006980896,0.49377796053886414,validation
xgboost_unweighted_F4_sprint2_main_seed42_regen_seed2024,XGB_F4,test,8533,8420,hg19,1,0.9650872945785522,0.49377796053886414,validation
xgboost_unweighted_F4_sprint2_main_seed42_regen_seed2024,XGB_F4,test,8534,8420,hg19,1,0.9037010073661804,0.49377796053886414,validation
xgboost_unweighted_F4_sprint2_main_seed42_regen_seed2024,XGB_F4,test,8535,8420,hg19,1,0.9752857089042664,0.49377796053886414,validation
xgboost_unweighted_F4_sprint2_main_seed42_regen_seed2024,XGB_F4,test,8536,8420,hg19,1,0.9632380604743958,0.49377796053886414,validation
xgboost_unweighted_F4_sprint2_main_seed42_regen_seed2024,XGB_F4,test,8537,8420,hg19,1,0.9722671508789062,0.49377796053886414,validation
xgboost_unweighted_F4_sprint2_main_seed42_regen_seed2024,XGB_F4,test,8538,8420,hg19,1,0.9688359498977661,0.49377796053886414,validation
xgboost_unweighted_F4_sprint2_main_seed42_regen_seed2024,XGB_F4,test,8539,8420,hg19,1,0.9807131290435791,0.49377796053886414,validation
xgboost_unweighted_F4_sprint2_main_seed42_regen_seed2024,XGB_F4,test,8540,8420,hg19,1,0.9721617698669434,0.49377796053886414,validation
xgboost_unweighted_F4_sprint2_main_seed42_regen_seed2024,XGB_F4,test,8541,8420,hg19,1,0.9630812406539917,0.49377796053886414,validation
xgboost_unweighted_F4_sprint2_main_seed42_regen_seed2024,XGB_F4,test,8542,8420,hg19,1,0.9654819369316101,0.49377796053886414,validation
xgboost_unweighted_F4_sprint2_main_seed42_regen_seed2024,XGB_F4,test,8543,8420,hg19,1,0.9758928418159485,0.49377796053886414,validation
xgboost_unweighted_F4_sprint2_main_seed42_regen_seed2024,XGB_F4,test,8544,8420,hg19,1,0.9575620889663696,0.49377796053886414,validation
xgboost_unweighted_F4_sprint2_main_seed42_regen_seed2024,XGB_F4,test,8545,8420,hg19,1,0.9612097144126892,0.49377796053886414,validation
xgboost_unweighted_F4_sprint2_main_seed42_regen_seed2024,XGB_F4,test,8546,8420,hg19,1,0.9529637098312378,0.49377796053886414,validation
xgboost_unweighted_F4_sprint2_main_seed42_regen_seed2024,XGB_F4,test,8547,8420,hg19,1,0.9680712819099426,0.49377796053886414,validation
xgboost_unweighted_F4_sprint2_main_seed42_regen_seed2024,XGB_F4,test,8548,8420,hg19,1,0.9517788887023926,0.49377796053886414,validation
xgboost_unweighted_F4_sprint2_main_seed42_regen_seed2024,XGB_F4,test,8549,8420,hg19,1,0.9825000762939453,0.49377796053886414,validation
xgboost_unweighted_F4_sprint2_main_seed42_regen_seed2024,XGB_F4,test,8550,8420,hg19,1,0.9067824482917786,0.49377796053886414,validation
xgboost_unweighted_F4_sprint2_main_seed42_regen_seed2024,XGB_F4,test,8551,8420,hg19,1,0.9864018559455872,0.49377796053886414,validation
xgboost_unweighted_F4_sprint2_main_seed42_regen_seed2024,XGB_F4,test,8552,8420,hg19,1,0.9682406783103943,0.49377796053886414,validation
xgboost_unweighted_F4_sprint2_main_seed42_regen_seed2024,XGB_F4,test,8553,8420,hg19,1,0.9796345829963684,0.49377796053886414,validation
xgboost_unweighted_F4_sprint2_main_seed42_regen_seed2024,XGB_F4,test,8554,8420,hg19,1,0.9857321381568909,0.49377796053886414,validation
xgboost_unweighted_F4_sprint2_main_seed42_regen_seed2024,XGB_F4,test,8555,8420,hg19,1,0.968105137348175,0.49377796053886414,validation
xgboost_unweighted_F4_sprint2_main_seed42_regen_seed2024,XGB_F4,test,8556,8420,hg19,1,0.9739950299263,0.49377796053886414,validation
xgboost_unweighted_F4_sprint2_main_seed42_regen_seed2024,XGB_F4,test,8557,8420,hg19,1,0.9568784832954407,0.49377796053886414,validation
xgboost_unweighted_F4_sprint2_main_seed42_regen_seed2024,XGB_F4,test,8558,8420,hg19,1,0.9596102833747864,0.49377796053886414,validation
xgboost_unweighted_F4_sprint2_main_seed42_regen_seed2024,XGB_F4,test,8559,8420,hg19,1,0.9770104885101318,0.49377796053886414,validation
xgboost_unweighted_F4_sprint2_main_seed42_regen_seed2024,XGB_F4,test,8560,8420,hg19,1,0.9635497331619263,0.49377796053886414,validation
xgboost_unweighted_F4_sprint2_main_seed42_regen_seed2024,XGB_F4,test,8561,8420,hg19,1,0.957448422908783,0.49377796053886414,validation
xgboost_unweighted_F4_sprint2_main_seed42_regen_seed2024,XGB_F4,test,8562,8420,hg19,1,0.955845057964325,0.49377796053886414,validation
xgboost_unweighted_F4_sprint2_main_seed42_regen_seed2024,XGB_F4,test,8563,8420,hg19,1,0.9635645747184753,0.49377796053886414,validation
xgboost_unweighted_F4_sprint2_main_seed42_regen_seed2024,XGB_F4,test,8564,8420,hg19,1,0.9791092872619629,0.49377796053886414,validation
xgboost_unweighted_F4_sprint2_main_seed42_regen_seed2024,XGB_F4,test,8565,8420,hg19,1,0.9782106280326843,0.49377796053886414,validation
xgboost_unweighted_F4_sprint2_main_seed42_regen_seed2024,XGB_F4,test,8566,8420,hg19,1,0.9639085531234741,0.49377796053886414,validation
xgboost_unweighted_F4_sprint2_main_seed42_regen_seed2024,XGB_F4,test,8567,8420,hg19,1,0.9549087882041931,0.49377796053886414,validation
xgboost_unweighted_F4_sprint2_main_seed42_regen_seed2024,XGB_F4,test,8568,8420,hg19,1,0.9635989665985107,0.49377796053886414,validation
xgboost_unweighted_F4_sprint2_main_seed42_regen_seed2024,XGB_F4,test,8569,8420,hg19,1,0.9727351069450378,0.49377796053886414,validation
xgboost_unweighted_F4_sprint2_main_seed42_regen_seed2024,XGB_F4,test,8570,8420,hg19,1,0.9743597507476807,0.49377796053886414,validation
xgboost_unweighted_F4_sprint2_main_seed42_regen_seed2024,XGB_F4,test,8571,8420,hg19,1,0.9663571119308472,0.49377796053886414,validation
xgboost_unweighted_F4_sprint2_main_seed42_regen_seed2024,XGB_F4,test,8572,8420,hg19,1,0.9604071378707886,0.49377796053886414,validation
xgboost_unweighted_F4_sprint2_main_seed42_regen_seed2024,XGB_F4,test,8573,8420,hg19,1,0.9618222713470459,0.49377796053886414,validation
xgboost_unweighted_F4_sprint2_main_seed42_regen_seed2024,XGB_F4,test,8574,8420,hg19,1,0.9666065573692322,0.49377796053886414,validation
xgboost_unweighted_F4_sprint2_main_seed42_regen_seed2024,XGB_F4,test,8575,8420,hg19,1,0.9661218523979187,0.49377796053886414,validation
xgboost_unweighted_F4_sprint2_main_seed42_regen_seed2024,XGB_F4,test,8576,8420,hg19,1,0.9546715021133423,0.49377796053886414,validation
xgboost_unweighted_F4_sprint2_main_seed42_regen_seed2024,XGB_F4,test,8577,8420,hg19,1,0.9337354898452759,0.49377796053886414,validation
xgboost_unweighted_F4_sprint2_main_seed42_regen_seed2024,XGB_F4,test,8578,8420,hg19,1,0.9821900129318237,0.49377796053886414,validation
xgboost_unweighted_F4_sprint2_main_seed42_regen_seed2024,XGB_F4,test,8579,8420,hg19,1,0.9648941159248352,0.49377796053886414,validation
xgboost_unweighted_F4_sprint2_main_seed42_regen_seed2024,XGB_F4,test,8580,8420,hg19,1,0.9701424241065979,0.49377796053886414,validation
xgboost_unweighted_F4_sprint2_main_seed42_regen_seed2024,XGB_F4,test,8581,8420,hg19,1,0.9496203660964966,0.49377796053886414,validation
xgboost_unweighted_F4_sprint2_main_seed42_regen_seed2024,XGB_F4,test,8582,8420,hg19,1,0.9722374677658081,0.49377796053886414,validation
xgboost_unweighted_F4_sprint2_main_seed42_regen_seed2024,XGB_F4,test,8583,8420,hg19,1,0.9739478826522827,0.49377796053886414,validation
xgboost_unweighted_F4_sprint2_main_seed42_regen_seed2024,XGB_F4,test,8584,8420,hg19,1,0.9726366400718689,0.49377796053886414,validation
xgboost_unweighted_F4_sprint2_main_seed42_regen_seed2024,XGB_F4,test,8585,8420,hg19,1,0.9553906321525574,0.49377796053886414,validation
xgboost_unweighted_F4_sprint2_main_seed42_regen_seed2024,XGB_F4,test,8586,8420,hg19,1,0.9703670740127563,0.49377796053886414,validation
xgboost_unweighted_F4_sprint2_main_seed42_regen_seed2024,XGB_F4,test,8587,8420,hg19,1,0.9671047925949097,0.49377796053886414,validation
xgboost_unweighted_F4_sprint2_main_seed42_regen_seed2024,XGB_F4,test,8588,8420,hg19,1,0.9602104425430298,0.49377796053886414,validation
xgboost_unweighted_F4_sprint2_main_seed42_regen_seed2024,XGB_F4,test,8589,8420,hg19,1,0.9751449227333069,0.49377796053886414,validation
xgboost_unweighted_F4_sprint2_main_seed42_regen_seed2024,XGB_F4,test,8590,8420,hg19,1,0.97368985414505,0.49377796053886414,validation
xgboost_unweighted_F4_sprint2_main_seed42_regen_seed2024,XGB_F4,test,8591,8420,hg19,1,0.9619994163513184,0.49377796053886414,validation
xgboost_unweighted_F4_sprint2_main_seed42_regen_seed2024,XGB_F4,test,8592,8420,hg19,1,0.9525086879730225,0.49377796053886414,validation
xgboost_unweighted_F4_sprint2_main_seed42_regen_seed2024,XGB_F4,test,8593,8420,hg19,1,0.9563508033752441,0.49377796053886414,validation
xgboost_unweighted_F4_sprint2_main_seed42_regen_seed2024,XGB_F4,test,8594,8420,hg19,1,0.9695001840591431,0.49377796053886414,validation
xgboost_unweighted_F4_sprint2_main_seed42_regen_seed2024,XGB_F4,test,8595,8420,hg19,1,0.969691276550293,0.49377796053886414,validation
xgboost_unweighted_F4_sprint2_main_seed42_regen_seed2024,XGB_F4,test,8596,8420,hg19,1,0.9839666485786438,0.49377796053886414,validation
xgboost_unweighted_F4_sprint2_main_seed42_regen_seed2024,XGB_F4,test,8597,8420,hg19,1,0.9602379202842712,0.49377796053886414,validation
xgboost_unweighted_F4_sprint2_main_seed42_regen_seed2024,XGB_F4,test,8598,8420,hg19,1,0.9581032395362854,0.49377796053886414,validation
xgboost_unweighted_F4_sprint2_main_seed42_regen_seed2024,XGB_F4,test,8599,8420,hg19,1,0.9810431003570557,0.49377796053886414,validation
xgboost_unweighted_F4_sprint2_main_seed42_regen_seed2024,XGB_F4,test,8600,8420,hg19,1,0.9644179940223694,0.49377796053886414,validation
xgboost_unweighted_F4_sprint2_main_seed42_regen_seed2024,XGB_F4,test,8601,8420,hg19,1,0.9442470073699951,0.49377796053886414,validation
xgboost_unweighted_F4_sprint2_main_seed42_regen_seed2024,XGB_F4,test,8602,8420,hg19,1,0.9610422253608704,0.49377796053886414,validation
xgboost_unweighted_F4_sprint2_main_seed42_regen_seed2024,XGB_F4,test,8603,8420,hg19,1,0.9467267990112305,0.49377796053886414,validation
xgboost_unweighted_F4_sprint2_main_seed42_regen_seed2024,XGB_F4,test,8604,8420,hg19,1,0.9651756286621094,0.49377796053886414,validation
xgboost_unweighted_F4_sprint2_main_seed42_regen_seed2024,XGB_F4,test,8605,8420,hg19,1,0.9486661553382874,0.49377796053886414,validation
xgboost_unweighted_F4_sprint2_main_seed42_regen_seed2024,XGB_F4,test,8606,8420,hg19,1,0.9632743000984192,0.49377796053886414,validation
xgboost_unweighted_F4_sprint2_main_seed42_regen_seed2024,XGB_F4,test,8607,8420,hg19,1,0.962418794631958,0.49377796053886414,validation
xgboost_unweighted_F4_sprint2_main_seed42_regen_seed2024,XGB_F4,test,8608,8420,hg19,1,0.9602842330932617,0.49377796053886414,validation
xgboost_unweighted_F4_sprint2_main_seed42_regen_seed2024,XGB_F4,test,8609,8420,hg19,1,0.9562394618988037,0.49377796053886414,validation
xgboost_unweighted_F4_sprint2_main_seed42_regen_seed2024,XGB_F4,test,8610,8420,hg19,1,0.9649749398231506,0.49377796053886414,validation
xgboost_unweighted_F4_sprint2_main_seed42_regen_seed2024,XGB_F4,test,8611,8420,hg19,1,0.9641552567481995,0.49377796053886414,validation
xgboost_unweighted_F4_sprint2_main_seed42_regen_seed2024,XGB_F4,test,8612,8420,hg19,1,0.9705472588539124,0.49377796053886414,validation
xgboost_unweighted_F4_sprint2_main_seed42_regen_seed2024,XGB_F4,test,8613,8420,hg19,1,0.521523654460907,0.49377796053886414,validation
xgboost_unweighted_F4_sprint2_main_seed42_regen_seed2024,XGB_F4,test,8614,8420,hg19,1,0.9655308127403259,0.49377796053886414,validation
xgboost_unweighted_F4_sprint2_main_seed42_regen_seed2024,XGB_F4,test,8615,8420,hg19,1,0.9561185240745544,0.49377796053886414,validation
xgboost_unweighted_F4_sprint2_main_seed42_regen_seed2024,XGB_F4,test,8616,8420,hg19,1,0.9529115557670593,0.49377796053886414,validation
xgboost_unweighted_F4_sprint2_main_seed42_regen_seed2024,XGB_F4,test,8617,8420,hg19,1,0.955931544303894,0.49377796053886414,validation
xgboost_unweighted_F4_sprint2_main_seed42_regen_seed2024,XGB_F4,test,8618,8420,hg19,1,0.9734619855880737,0.49377796053886414,validation
xgboost_unweighted_F4_sprint2_main_seed42_regen_seed2024,XGB_F4,test,8619,8420,hg19,1,0.9579196572303772,0.49377796053886414,validation
xgboost_unweighted_F4_sprint2_main_seed42_regen_seed2024,XGB_F4,test,8620,8420,hg19,1,0.9619794487953186,0.49377796053886414,validation
xgboost_unweighted_F4_sprint2_main_seed42_regen_seed2024,XGB_F4,test,8621,8420,hg19,1,0.9571008682250977,0.49377796053886414,validation
xgboost_unweighted_F4_sprint2_main_seed42_regen_seed2024,XGB_F4,test,8622,8420,hg19,1,0.909111499786377,0.49377796053886414,validation
xgboost_unweighted_F4_sprint2_main_seed42_regen_seed2024,XGB_F4,test,8623,8420,hg19,1,0.9629771709442139,0.49377796053886414,validation
xgboost_unweighted_F4_sprint2_main_seed42_regen_seed2024,XGB_F4,test,8624,8420,hg19,1,0.9681564569473267,0.49377796053886414,validation
xgboost_unweighted_F4_sprint2_main_seed42_regen_seed2024,XGB_F4,test,8625,8420,hg19,1,0.9678676724433899,0.49377796053886414,validation
xgboost_unweighted_F4_sprint2_main_seed42_regen_seed2024,XGB_F4,test,8626,8420,hg19,1,0.9741668105125427,0.49377796053886414,validation
xgboost_unweighted_F4_sprint2_main_seed42_regen_seed2024,XGB_F4,test,8627,8420,hg19,1,0.952165424823761,0.49377796053886414,validation
xgboost_unweighted_F4_sprint2_main_seed42_regen_seed2024,XGB_F4,test,8628,8420,hg19,1,0.9663081765174866,0.49377796053886414,validation
xgboost_unweighted_F4_sprint2_main_seed42_regen_seed2024,XGB_F4,test,8629,8420,hg19,1,0.9658216238021851,0.49377796053886414,validation
xgboost_unweighted_F4_sprint2_main_seed42_regen_seed2024,XGB_F4,test,8630,8420,hg19,1,0.9729076027870178,0.49377796053886414,validation
xgboost_unweighted_F4_sprint2_main_seed42_regen_seed2024,XGB_F4,test,8631,8420,hg19,1,0.9594623446464539,0.49377796053886414,validation
xgboost_unweighted_F4_sprint2_main_seed42_regen_seed2024,XGB_F4,test,8632,8420,hg19,1,0.9666415452957153,0.49377796053886414,validation
xgboost_unweighted_F4_sprint2_main_seed42_regen_seed2024,XGB_F4,test,8633,8420,hg19,1,0.9124442338943481,0.49377796053886414,validation
xgboost_unweighted_F4_sprint2_main_seed42_regen_seed2024,XGB_F4,test,8634,8420,hg19,1,0.9762226343154907,0.49377796053886414,validation
xgboost_unweighted_F4_sprint2_main_seed42_regen_seed2024,XGB_F4,test,8635,8420,hg19,1,0.9801121354103088,0.49377796053886414,validation
xgboost_unweighted_F4_sprint2_main_seed42_regen_seed2024,XGB_F4,test,8636,8420,hg19,1,0.9567777514457703,0.49377796053886414,validation
xgboost_unweighted_F4_sprint2_main_seed42_regen_seed2024,XGB_F4,test,8637,8420,hg19,1,0.9579674005508423,0.49377796053886414,validation
xgboost_unweighted_F4_sprint2_main_seed42_regen_seed2024,XGB_F4,test,8638,8420,hg19,1,0.9645785689353943,0.49377796053886414,validation
xgboost_unweighted_F4_sprint2_main_seed42_regen_seed2024,XGB_F4,test,8639,8420,hg19,1,0.9762685298919678,0.49377796053886414,validation
xgboost_unweighted_F4_sprint2_main_seed42_regen_seed2024,XGB_F4,test,8640,8420,hg19,1,0.9487539529800415,0.49377796053886414,validation
xgboost_unweighted_F4_sprint2_main_seed42_regen_seed2024,XGB_F4,test,8641,8420,hg19,1,0.9387256503105164,0.49377796053886414,validation
xgboost_unweighted_F4_sprint2_main_seed42_regen_seed2024,XGB_F4,test,8642,8420,hg19,1,0.9574541449546814,0.49377796053886414,validation
xgboost_unweighted_F4_sprint2_main_seed42_regen_seed2024,XGB_F4,test,8643,8420,hg19,1,0.9704110622406006,0.49377796053886414,validation
xgboost_unweighted_F4_sprint2_main_seed42_regen_seed2024,XGB_F4,test,8644,8420,hg19,1,0.9513095021247864,0.49377796053886414,validation
xgboost_unweighted_F4_sprint2_main_seed42_regen_seed2024,XGB_F4,test,8645,8420,hg19,1,0.9666034579277039,0.49377796053886414,validation
xgboost_unweighted_F4_sprint2_main_seed42_regen_seed2024,XGB_F4,test,8646,8420,hg19,1,0.9703578948974609,0.49377796053886414,validation
xgboost_unweighted_F4_sprint2_main_seed42_regen_seed2024,XGB_F4,test,8647,8420,hg19,1,0.9489877820014954,0.49377796053886414,validation
xgboost_unweighted_F4_sprint2_main_seed42_regen_seed2024,XGB_F4,test,8648,8420,hg19,1,0.9646152853965759,0.49377796053886414,validation
xgboost_unweighted_F4_sprint2_main_seed42_regen_seed2024,XGB_F4,test,8649,8420,hg19,1,0.9602688550949097,0.49377796053886414,validation
xgboost_unweighted_F4_sprint2_main_seed42_regen_seed2024,XGB_F4,test,8650,8420,hg19,1,0.9554110169410706,0.49377796053886414,validation
xgboost_unweighted_F4_sprint2_main_seed42_regen_seed2024,XGB_F4,test,8651,8420,hg19,1,0.9539546966552734,0.49377796053886414,validation
xgboost_unweighted_F4_sprint2_main_seed42_regen_seed2024,XGB_F4,test,8652,8420,hg19,1,0.978861391544342,0.49377796053886414,validation
xgboost_unweighted_F4_sprint2_main_seed42_regen_seed2024,XGB_F4,test,8653,8420,hg19,1,0.9676967263221741,0.49377796053886414,validation
xgboost_unweighted_F4_sprint2_main_seed42_regen_seed2024,XGB_F4,test,8654,8420,hg19,1,0.9675514101982117,0.49377796053886414,validation
xgboost_unweighted_F4_sprint2_main_seed42_regen_seed2024,XGB_F4,test,8655,8420,hg19,1,0.9602174758911133,0.49377796053886414,validation
xgboost_unweighted_F4_sprint2_main_seed42_regen_seed2024,XGB_F4,test,8656,8420,hg19,1,0.9603443741798401,0.49377796053886414,validation
xgboost_unweighted_F4_sprint2_main_seed42_regen_seed2024,XGB_F4,test,8657,8420,hg19,1,0.9598506689071655,0.49377796053886414,validation
xgboost_unweighted_F4_sprint2_main_seed42_regen_seed2024,XGB_F4,test,8658,8420,hg19,1,0.9764260649681091,0.49377796053886414,validation
xgboost_unweighted_F4_sprint2_main_seed42_regen_seed2024,XGB_F4,test,8659,8420,hg19,1,0.9653218388557434,0.49377796053886414,validation
xgboost_unweighted_F4_sprint2_main_seed42_regen_seed2024,XGB_F4,test,8660,8420,hg19,1,0.9716389775276184,0.49377796053886414,validation
xgboost_unweighted_F4_sprint2_main_seed42_regen_seed2024,XGB_F4,test,8661,8420,hg19,1,0.9615805745124817,0.49377796053886414,validation
xgboost_unweighted_F4_sprint2_main_seed42_regen_seed2024,XGB_F4,test,8662,8420,hg19,1,0.9802985787391663,0.49377796053886414,validation
xgboost_unweighted_F4_sprint2_main_seed42_regen_seed2024,XGB_F4,test,8663,8420,hg19,1,0.9652359485626221,0.49377796053886414,validation
xgboost_unweighted_F4_sprint2_main_seed42_regen_seed2024,XGB_F4,test,8664,8420,hg19,1,0.9543604850769043,0.49377796053886414,validation
xgboost_unweighted_F4_sprint2_main_seed42_regen_seed2024,XGB_F4,test,8665,8420,hg19,1,0.9656242728233337,0.49377796053886414,validation
xgboost_unweighted_F4_sprint2_main_seed42_regen_seed2024,XGB_F4,test,8666,8420,hg19,1,0.9469357132911682,0.49377796053886414,validation
xgboost_unweighted_F4_sprint2_main_seed42_regen_seed2024,XGB_F4,test,8667,8420,hg19,1,0.9600545167922974,0.49377796053886414,validation
xgboost_unweighted_F4_sprint2_main_seed42_regen_seed2024,XGB_F4,test,8668,8420,hg19,1,0.9765863418579102,0.49377796053886414,validation
xgboost_unweighted_F4_sprint2_main_seed42_regen_seed2024,XGB_F4,test,8669,8420,hg19,1,0.9647618532180786,0.49377796053886414,validation
xgboost_unweighted_F4_sprint2_main_seed42_regen_seed2024,XGB_F4,test,8670,8420,hg19,1,0.976772129535675,0.49377796053886414,validation
xgboost_unweighted_F4_sprint2_main_seed42_regen_seed2024,XGB_F4,test,8671,8420,hg19,1,0.9596254229545593,0.49377796053886414,validation
xgboost_unweighted_F4_sprint2_main_seed42_regen_seed2024,XGB_F4,test,8672,8420,hg19,1,0.9632483124732971,0.49377796053886414,validation
xgboost_unweighted_F4_sprint2_main_seed42_regen_seed2024,XGB_F4,test,8673,8420,hg19,1,0.9880239367485046,0.49377796053886414,validation
xgboost_unweighted_F4_sprint2_main_seed42_regen_seed2024,XGB_F4,test,8674,8420,hg19,1,0.9678406715393066,0.49377796053886414,validation
xgboost_unweighted_F4_sprint2_main_seed42_regen_seed2024,XGB_F4,test,8675,8420,hg19,1,0.9707741737365723,0.49377796053886414,validation
xgboost_unweighted_F4_sprint2_main_seed42_regen_seed2024,XGB_F4,test,8676,8420,hg19,1,0.933176577091217,0.49377796053886414,validation
xgboost_unweighted_F4_sprint2_main_seed42_regen_seed2024,XGB_F4,test,8677,8420,hg19,1,0.965072512626648,0.49377796053886414,validation
xgboost_unweighted_F4_sprint2_main_seed42_regen_seed2024,XGB_F4,test,8678,8420,hg19,1,0.9613611102104187,0.49377796053886414,validation
xgboost_unweighted_F4_sprint2_main_seed42_regen_seed2024,XGB_F4,test,8679,8420,hg19,1,0.9689502120018005,0.49377796053886414,validation
xgboost_unweighted_F4_sprint2_main_seed42_regen_seed2024,XGB_F4,test,8680,8420,hg19,1,0.9622929692268372,0.49377796053886414,validation
xgboost_unweighted_F4_sprint2_main_seed42_regen_seed2024,XGB_F4,test,8681,8420,hg19,1,0.9608269333839417,0.49377796053886414,validation
xgboost_unweighted_F4_sprint2_main_seed42_regen_seed2024,XGB_F4,test,8682,8420,hg19,1,0.969947874546051,0.49377796053886414,validation
xgboost_unweighted_F4_sprint2_main_seed42_regen_seed2024,XGB_F4,test,8683,8420,hg19,1,0.953544020652771,0.49377796053886414,validation
xgboost_unweighted_F4_sprint2_main_seed42_regen_seed2024,XGB_F4,test,8684,8420,hg19,1,0.9269835948944092,0.49377796053886414,validation
xgboost_unweighted_F4_sprint2_main_seed42_regen_seed2024,XGB_F4,test,8685,8420,hg19,1,0.9719569683074951,0.49377796053886414,validation
xgboost_unweighted_F4_sprint2_main_seed42_regen_seed2024,XGB_F4,test,8686,8420,hg19,1,0.9645275473594666,0.49377796053886414,validation
xgboost_unweighted_F4_sprint2_main_seed42_regen_seed2024,XGB_F4,test,8687,8420,hg19,1,0.9569566249847412,0.49377796053886414,validation
xgboost_unweighted_F4_sprint2_main_seed42_regen_seed2024,XGB_F4,test,8688,8420,hg19,1,0.9650417566299438,0.49377796053886414,validation
xgboost_unweighted_F4_sprint2_main_seed42_regen_seed2024,XGB_F4,test,8689,8420,hg19,1,0.9726231098175049,0.49377796053886414,validation
xgboost_unweighted_F4_sprint2_main_seed42_regen_seed2024,XGB_F4,test,8690,8420,hg19,1,0.9758954644203186,0.49377796053886414,validation
xgboost_unweighted_F4_sprint2_main_seed42_regen_seed2024,XGB_F4,test,8691,8420,hg19,1,0.9668128490447998,0.49377796053886414,validation
xgboost_unweighted_F4_sprint2_main_seed42_regen_seed2024,XGB_F4,test,8692,8420,hg19,1,0.9688726663589478,0.49377796053886414,validation
xgboost_unweighted_F4_sprint2_main_seed42_regen_seed2024,XGB_F4,test,8693,8420,hg19,1,0.9552274942398071,0.49377796053886414,validation
xgboost_unweighted_F4_sprint2_main_seed42_regen_seed2024,XGB_F4,test,8694,8420,hg19,1,0.9621965885162354,0.49377796053886414,validation
xgboost_unweighted_F4_sprint2_main_seed42_regen_seed2024,XGB_F4,test,8695,8420,hg19,1,0.9630195498466492,0.49377796053886414,validation
xgboost_unweighted_F4_sprint2_main_seed42_regen_seed2024,XGB_F4,test,8696,8420,hg19,1,0.947559118270874,0.49377796053886414,validation
xgboost_unweighted_F4_sprint2_main_seed42_regen_seed2024,XGB_F4,test,8697,8420,hg19,1,0.9658478498458862,0.49377796053886414,validation
xgboost_unweighted_F4_sprint2_main_seed42_regen_seed2024,XGB_F4,test,8698,8420,hg19,1,0.9478216171264648,0.49377796053886414,validation
xgboost_unweighted_F4_sprint2_main_seed42_regen_seed2024,XGB_F4,test,8699,8420,hg19,1,0.9536303877830505,0.49377796053886414,validation
xgboost_unweighted_F4_sprint2_main_seed42_regen_seed2024,XGB_F4,test,8700,8420,hg19,1,0.9698926210403442,0.49377796053886414,validation
xgboost_unweighted_F4_sprint2_main_seed42_regen_seed2024,XGB_F4,test,8701,8420,hg19,1,0.9631881713867188,0.49377796053886414,validation
xgboost_unweighted_F4_sprint2_main_seed42_regen_seed2024,XGB_F4,test,8702,8420,hg19,1,0.9723134636878967,0.49377796053886414,validation
xgboost_unweighted_F4_sprint2_main_seed42_regen_seed2024,XGB_F4,test,8703,8420,hg19,1,0.958293616771698,0.49377796053886414,validation
xgboost_unweighted_F4_sprint2_main_seed42_regen_seed2024,XGB_F4,test,8704,8420,hg19,1,0.9906499981880188,0.49377796053886414,validation
xgboost_unweighted_F4_sprint2_main_seed42_regen_seed2024,XGB_F4,test,8705,8420,hg19,1,0.9550451040267944,0.49377796053886414,validation
xgboost_unweighted_F4_sprint2_main_seed42_regen_seed2024,XGB_F4,test,8706,8420,hg19,1,0.9617993235588074,0.49377796053886414,validation
xgboost_unweighted_F4_sprint2_main_seed42_regen_seed2024,XGB_F4,test,8707,8420,hg19,1,0.9823059439659119,0.49377796053886414,validation
xgboost_unweighted_F4_sprint2_main_seed42_regen_seed2024,XGB_F4,test,8708,8420,hg19,1,0.9611325263977051,0.49377796053886414,validation
xgboost_unweighted_F4_sprint2_main_seed42_regen_seed2024,XGB_F4,test,8709,8420,hg19,1,0.9768992066383362,0.49377796053886414,validation
xgboost_unweighted_F4_sprint2_main_seed42_regen_seed2024,XGB_F4,test,8710,8420,hg19,1,0.9529163241386414,0.49377796053886414,validation
xgboost_unweighted_F4_sprint2_main_seed42_regen_seed2024,XGB_F4,test,8711,8420,hg19,1,0.9618808627128601,0.49377796053886414,validation
xgboost_unweighted_F4_sprint2_main_seed42_regen_seed2024,XGB_F4,test,8712,8420,hg19,1,0.9699030518531799,0.49377796053886414,validation
xgboost_unweighted_F4_sprint2_main_seed42_regen_seed2024,XGB_F4,test,8713,8420,hg19,1,0.9657530188560486,0.49377796053886414,validation
xgboost_unweighted_F4_sprint2_main_seed42_regen_seed2024,XGB_F4,test,8714,8420,hg19,1,0.956578254699707,0.49377796053886414,validation
xgboost_unweighted_F4_sprint2_main_seed42_regen_seed2024,XGB_F4,test,8715,8420,hg19,1,0.9643927216529846,0.49377796053886414,validation
xgboost_unweighted_F4_sprint2_main_seed42_regen_seed2024,XGB_F4,test,8716,8420,hg19,1,0.9571880102157593,0.49377796053886414,validation
xgboost_unweighted_F4_sprint2_main_seed42_regen_seed2024,XGB_F4,test,8717,8420,hg19,1,0.9846746921539307,0.49377796053886414,validation
xgboost_unweighted_F4_sprint2_main_seed42_regen_seed2024,XGB_F4,test,8718,8420,hg19,1,0.8918838500976562,0.49377796053886414,validation
xgboost_unweighted_F4_sprint2_main_seed42_regen_seed2024,XGB_F4,test,8719,8420,hg19,1,0.9658411741256714,0.49377796053886414,validation
xgboost_unweighted_F4_sprint2_main_seed42_regen_seed2024,XGB_F4,test,8720,8420,hg19,1,0.9584679007530212,0.49377796053886414,validation
xgboost_unweighted_F4_sprint2_main_seed42_regen_seed2024,XGB_F4,test,8721,8420,hg19,1,0.9666780829429626,0.49377796053886414,validation
xgboost_unweighted_F4_sprint2_main_seed42_regen_seed2024,XGB_F4,test,8722,8420,hg19,1,0.9678905010223389,0.49377796053886414,validation
xgboost_unweighted_F4_sprint2_main_seed42_regen_seed2024,XGB_F4,test,8723,8420,hg19,1,0.9681838154792786,0.49377796053886414,validation
xgboost_unweighted_F4_sprint2_main_seed42_regen_seed2024,XGB_F4,test,8724,8420,hg19,1,0.9656557440757751,0.49377796053886414,validation
xgboost_unweighted_F4_sprint2_main_seed42_regen_seed2024,XGB_F4,test,8725,8420,hg19,1,0.9636557698249817,0.49377796053886414,validation
xgboost_unweighted_F4_sprint2_main_seed42_regen_seed2024,XGB_F4,test,8726,8420,hg19,1,0.979233980178833,0.49377796053886414,validation
xgboost_unweighted_F4_sprint2_main_seed42_regen_seed2024,XGB_F4,test,8727,8420,hg19,1,0.9603496193885803,0.49377796053886414,validation
xgboost_unweighted_F4_sprint2_main_seed42_regen_seed2024,XGB_F4,test,8728,8420,hg19,1,0.9530012011528015,0.49377796053886414,validation
xgboost_unweighted_F4_sprint2_main_seed42_regen_seed2024,XGB_F4,test,8729,8420,hg19,1,0.956587016582489,0.49377796053886414,validation
xgboost_unweighted_F4_sprint2_main_seed42_regen_seed2024,XGB_F4,test,8730,8420,hg19,1,0.9607789516448975,0.49377796053886414,validation
xgboost_unweighted_F4_sprint2_main_seed42_regen_seed2024,XGB_F4,test,8731,8420,hg19,1,0.948441743850708,0.49377796053886414,validation
xgboost_unweighted_F4_sprint2_main_seed42_regen_seed2024,XGB_F4,test,8732,8420,hg19,1,0.9671115875244141,0.49377796053886414,validation
xgboost_unweighted_F4_sprint2_main_seed42_regen_seed2024,XGB_F4,test,8733,8420,hg19,1,0.950959324836731,0.49377796053886414,validation
xgboost_unweighted_F4_sprint2_main_seed42_regen_seed2024,XGB_F4,test,8734,8420,hg19,1,0.9565478563308716,0.49377796053886414,validation
xgboost_unweighted_F4_sprint2_main_seed42_regen_seed2024,XGB_F4,test,8735,8420,hg19,1,0.9065906405448914,0.49377796053886414,validation
xgboost_unweighted_F4_sprint2_main_seed42_regen_seed2024,XGB_F4,test,8736,8420,hg19,1,0.9676098227500916,0.49377796053886414,validation
xgboost_unweighted_F4_sprint2_main_seed42_regen_seed2024,XGB_F4,test,8737,8420,hg19,1,0.9722566604614258,0.49377796053886414,validation
xgboost_unweighted_F4_sprint2_main_seed42_regen_seed2024,XGB_F4,test,8738,8420,hg19,1,0.9806779026985168,0.49377796053886414,validation
xgboost_unweighted_F4_sprint2_main_seed42_regen_seed2024,XGB_F4,test,8739,8420,hg19,1,0.9215846061706543,0.49377796053886414,validation
xgboost_unweighted_F4_sprint2_main_seed42_regen_seed2024,XGB_F4,test,8740,8420,hg19,1,0.9666855335235596,0.49377796053886414,validation
xgboost_unweighted_F4_sprint2_main_seed42_regen_seed2024,XGB_F4,test,8741,8420,hg19,1,0.9658200740814209,0.49377796053886414,validation
xgboost_unweighted_F4_sprint2_main_seed42_regen_seed2024,XGB_F4,test,8742,8420,hg19,1,0.9646698832511902,0.49377796053886414,validation
xgboost_unweighted_F4_sprint2_main_seed42_regen_seed2024,XGB_F4,test,8743,8420,hg19,1,0.9675068855285645,0.49377796053886414,validation
xgboost_unweighted_F4_sprint2_main_seed42_regen_seed2024,XGB_F4,test,8744,8420,hg19,1,0.9739421010017395,0.49377796053886414,validation
xgboost_unweighted_F4_sprint2_main_seed42_regen_seed2024,XGB_F4,test,8745,8420,hg19,1,0.959963321685791,0.49377796053886414,validation
xgboost_unweighted_F4_sprint2_main_seed42_regen_seed2024,XGB_F4,test,8746,8420,hg19,1,0.9623768925666809,0.49377796053886414,validation
xgboost_unweighted_F4_sprint2_main_seed42_regen_seed2024,XGB_F4,test,8747,8420,hg19,1,0.9626171588897705,0.49377796053886414,validation
xgboost_unweighted_F4_sprint2_main_seed42_regen_seed2024,XGB_F4,test,8748,8420,hg19,1,0.9558843970298767,0.49377796053886414,validation
xgboost_unweighted_F4_sprint2_main_seed42_regen_seed2024,XGB_F4,test,8749,8420,hg19,1,0.9715924859046936,0.49377796053886414,validation
xgboost_unweighted_F4_sprint2_main_seed42_regen_seed2024,XGB_F4,test,8750,8420,hg19,1,0.957158625125885,0.49377796053886414,validation
xgboost_unweighted_F4_sprint2_main_seed42_regen_seed2024,XGB_F4,test,8751,8420,hg19,1,0.946190595626831,0.49377796053886414,validation
xgboost_unweighted_F4_sprint2_main_seed42_regen_seed2024,XGB_F4,test,8752,8420,hg19,1,0.976581871509552,0.49377796053886414,validation
xgboost_unweighted_F4_sprint2_main_seed42_regen_seed2024,XGB_F4,test,8753,8420,hg19,1,0.957467257976532,0.49377796053886414,validation
xgboost_unweighted_F4_sprint2_main_seed42_regen_seed2024,XGB_F4,test,8754,8420,hg19,1,0.9622548818588257,0.49377796053886414,validation
xgboost_unweighted_F4_sprint2_main_seed42_regen_seed2024,XGB_F4,test,8755,8420,hg19,1,0.9654586911201477,0.49377796053886414,validation
xgboost_unweighted_F4_sprint2_main_seed42_regen_seed2024,XGB_F4,test,8756,8420,hg19,1,0.9641379714012146,0.49377796053886414,validation
xgboost_unweighted_F4_sprint2_main_seed42_regen_seed2024,XGB_F4,test,8757,8420,hg19,1,0.9605042338371277,0.49377796053886414,validation
xgboost_unweighted_F4_sprint2_main_seed42_regen_seed2024,XGB_F4,test,8758,8420,hg19,1,0.9565750956535339,0.49377796053886414,validation
xgboost_unweighted_F4_sprint2_main_seed42_regen_seed2024,XGB_F4,test,8759,8420,hg19,1,0.9702286124229431,0.49377796053886414,validation
xgboost_unweighted_F4_sprint2_main_seed42_regen_seed2024,XGB_F4,test,8760,8420,hg19,1,0.9648451805114746,0.49377796053886414,validation
xgboost_unweighted_F4_sprint2_main_seed42_regen_seed2024,XGB_F4,test,8761,8420,hg19,1,0.9597219228744507,0.49377796053886414,validation
xgboost_unweighted_F4_sprint2_main_seed42_regen_seed2024,XGB_F4,test,8762,8420,hg19,1,0.9770833253860474,0.49377796053886414,validation
xgboost_unweighted_F4_sprint2_main_seed42_regen_seed2024,XGB_F4,test,8763,8420,hg19,1,0.9694911241531372,0.49377796053886414,validation
xgboost_unweighted_F4_sprint2_main_seed42_regen_seed2024,XGB_F4,test,8764,8420,hg19,1,0.9556688666343689,0.49377796053886414,validation
xgboost_unweighted_F4_sprint2_main_seed42_regen_seed2024,XGB_F4,test,8765,8420,hg19,1,0.9505366683006287,0.49377796053886414,validation
xgboost_unweighted_F4_sprint2_main_seed42_regen_seed2024,XGB_F4,test,8766,8420,hg19,1,0.9442712068557739,0.49377796053886414,validation
xgboost_unweighted_F4_sprint2_main_seed42_regen_seed2024,XGB_F4,test,8767,8420,hg19,1,0.9603329300880432,0.49377796053886414,validation
xgboost_unweighted_F4_sprint2_main_seed42_regen_seed2024,XGB_F4,test,8768,8420,hg19,1,0.9655753970146179,0.49377796053886414,validation
xgboost_unweighted_F4_sprint2_main_seed42_regen_seed2024,XGB_F4,test,8769,8420,hg19,1,0.9636164903640747,0.49377796053886414,validation
xgboost_unweighted_F4_sprint2_main_seed42_regen_seed2024,XGB_F4,test,8770,8420,hg19,1,0.9662993550300598,0.49377796053886414,validation
xgboost_unweighted_F4_sprint2_main_seed42_regen_seed2024,XGB_F4,test,8771,8420,hg19,1,0.9513334035873413,0.49377796053886414,validation
xgboost_unweighted_F4_sprint2_main_seed42_regen_seed2024,XGB_F4,test,8772,8420,hg19,1,0.9618868231773376,0.49377796053886414,validation
xgboost_unweighted_F4_sprint2_main_seed42_regen_seed2024,XGB_F4,test,8773,8420,hg19,1,0.9669745564460754,0.49377796053886414,validation
xgboost_unweighted_F4_sprint2_main_seed42_regen_seed2024,XGB_F4,test,8774,8420,hg19,1,0.9623277187347412,0.49377796053886414,validation
xgboost_unweighted_F4_sprint2_main_seed42_regen_seed2024,XGB_F4,test,8775,8420,hg19,1,0.9560147523880005,0.49377796053886414,validation
xgboost_unweighted_F4_sprint2_main_seed42_regen_seed2024,XGB_F4,test,8776,8420,hg19,1,0.9748022556304932,0.49377796053886414,validation
xgboost_unweighted_F4_sprint2_main_seed42_regen_seed2024,XGB_F4,test,8777,8420,hg19,1,0.9907694458961487,0.49377796053886414,validation
xgboost_unweighted_F4_sprint2_main_seed42_regen_seed2024,XGB_F4,test,8778,8420,hg19,1,0.9842804670333862,0.49377796053886414,validation
xgboost_unweighted_F4_sprint2_main_seed42_regen_seed2024,XGB_F4,test,8779,8420,hg19,1,0.953158438205719,0.49377796053886414,validation
xgboost_unweighted_F4_sprint2_main_seed42_regen_seed2024,XGB_F4,test,8780,8420,hg19,1,0.9107720851898193,0.49377796053886414,validation
xgboost_unweighted_F4_sprint2_main_seed42_regen_seed2024,XGB_F4,test,8781,8420,hg19,1,0.9622712135314941,0.49377796053886414,validation
xgboost_unweighted_F4_sprint2_main_seed42_regen_seed2024,XGB_F4,test,8782,8420,hg19,1,0.9674782156944275,0.49377796053886414,validation
xgboost_unweighted_F4_sprint2_main_seed42_regen_seed2024,XGB_F4,test,8783,8420,hg19,1,0.9595435261726379,0.49377796053886414,validation
xgboost_unweighted_F4_sprint2_main_seed42_regen_seed2024,XGB_F4,test,8784,8420,hg19,1,0.9626513123512268,0.49377796053886414,validation
xgboost_unweighted_F4_sprint2_main_seed42_regen_seed2024,XGB_F4,test,8785,8420,hg19,1,0.9664966464042664,0.49377796053886414,validation
xgboost_unweighted_F4_sprint2_main_seed42_regen_seed2024,XGB_F4,test,8786,8420,hg19,1,0.9640423655509949,0.49377796053886414,validation
xgboost_unweighted_F4_sprint2_main_seed42_regen_seed2024,XGB_F4,test,8787,8420,hg19,1,0.9573723077774048,0.49377796053886414,validation
xgboost_unweighted_F4_sprint2_main_seed42_regen_seed2024,XGB_F4,test,8788,8420,hg19,1,0.9069849848747253,0.49377796053886414,validation
xgboost_unweighted_F4_sprint2_main_seed42_regen_seed2024,XGB_F4,test,8789,8420,hg19,1,0.9760940670967102,0.49377796053886414,validation
xgboost_unweighted_F4_sprint2_main_seed42_regen_seed2024,XGB_F4,test,8790,8420,hg19,1,0.9737991690635681,0.49377796053886414,validation
xgboost_unweighted_F4_sprint2_main_seed42_regen_seed2024,XGB_F4,test,8791,8420,hg19,1,0.960787832736969,0.49377796053886414,validation
xgboost_unweighted_F4_sprint2_main_seed42_regen_seed2024,XGB_F4,test,8792,8420,hg19,1,0.9648141860961914,0.49377796053886414,validation
xgboost_unweighted_F4_sprint2_main_seed42_regen_seed2024,XGB_F4,test,8793,8420,hg19,1,0.9687022566795349,0.49377796053886414,validation
xgboost_unweighted_F4_sprint2_main_seed42_regen_seed2024,XGB_F4,test,8794,8420,hg19,1,0.9135767817497253,0.49377796053886414,validation
xgboost_unweighted_F4_sprint2_main_seed42_regen_seed2024,XGB_F4,test,8795,8420,hg19,1,0.9693785309791565,0.49377796053886414,validation
xgboost_unweighted_F4_sprint2_main_seed42_regen_seed2024,XGB_F4,test,8796,8420,hg19,1,0.9821059703826904,0.49377796053886414,validation
xgboost_unweighted_F4_sprint2_main_seed42_regen_seed2024,XGB_F4,test,8797,8420,hg19,1,0.975569486618042,0.49377796053886414,validation
xgboost_unweighted_F4_sprint2_main_seed42_regen_seed2024,XGB_F4,test,8798,8420,hg19,1,0.9550887942314148,0.49377796053886414,validation
xgboost_unweighted_F4_sprint2_main_seed42_regen_seed2024,XGB_F4,test,8799,8420,hg19,1,0.9576823711395264,0.49377796053886414,validation
xgboost_unweighted_F4_sprint2_main_seed42_regen_seed2024,XGB_F4,test,8800,8420,hg19,1,0.9541237354278564,0.49377796053886414,validation
xgboost_unweighted_F4_sprint2_main_seed42_regen_seed2024,XGB_F4,test,8801,8420,hg19,1,0.9638115167617798,0.49377796053886414,validation
xgboost_unweighted_F4_sprint2_main_seed42_regen_seed2024,XGB_F4,test,8802,8420,hg19,1,0.9739736318588257,0.49377796053886414,validation
xgboost_unweighted_F4_sprint2_main_seed42_regen_seed2024,XGB_F4,test,8803,8420,hg19,1,0.9667088985443115,0.49377796053886414,validation
xgboost_unweighted_F4_sprint2_main_seed42_regen_seed2024,XGB_F4,test,8804,8420,hg19,1,0.9604074954986572,0.49377796053886414,validation
xgboost_unweighted_F4_sprint2_main_seed42_regen_seed2024,XGB_F4,test,8805,8420,hg19,1,0.9645623564720154,0.49377796053886414,validation
xgboost_unweighted_F4_sprint2_main_seed42_regen_seed2024,XGB_F4,test,8806,8420,hg19,1,0.9507927894592285,0.49377796053886414,validation
xgboost_unweighted_F4_sprint2_main_seed42_regen_seed2024,XGB_F4,test,8807,8420,hg19,1,0.9481745362281799,0.49377796053886414,validation
xgboost_unweighted_F4_sprint2_main_seed42_regen_seed2024,XGB_F4,test,8808,8420,hg19,1,0.9595977663993835,0.49377796053886414,validation
xgboost_unweighted_F4_sprint2_main_seed42_regen_seed2024,XGB_F4,test,8809,8420,hg19,1,0.9584231376647949,0.49377796053886414,validation
xgboost_unweighted_F4_sprint2_main_seed42_regen_seed2024,XGB_F4,test,8810,8420,hg19,1,0.97708660364151,0.49377796053886414,validation
xgboost_unweighted_F4_sprint2_main_seed42_regen_seed2024,XGB_F4,test,8811,8420,hg19,1,0.9171625375747681,0.49377796053886414,validation
xgboost_unweighted_F4_sprint2_main_seed42_regen_seed2024,XGB_F4,test,8812,8420,hg19,1,0.9666566848754883,0.49377796053886414,validation
xgboost_unweighted_F4_sprint2_main_seed42_regen_seed2024,XGB_F4,test,8813,8420,hg19,1,0.978943407535553,0.49377796053886414,validation
xgboost_unweighted_F4_sprint2_main_seed42_regen_seed2024,XGB_F4,test,8814,8420,hg19,1,0.9468929767608643,0.49377796053886414,validation
xgboost_unweighted_F4_sprint2_main_seed42_regen_seed2024,XGB_F4,test,8815,8420,hg19,1,0.9746885299682617,0.49377796053886414,validation
xgboost_unweighted_F4_sprint2_main_seed42_regen_seed2024,XGB_F4,test,8816,8420,hg19,1,0.9738102555274963,0.49377796053886414,validation
xgboost_unweighted_F4_sprint2_main_seed42_regen_seed2024,XGB_F4,test,8817,8420,hg19,1,0.9831295609474182,0.49377796053886414,validation
xgboost_unweighted_F4_sprint2_main_seed42_regen_seed2024,XGB_F4,test,8818,8420,hg19,1,0.9779016971588135,0.49377796053886414,validation
xgboost_unweighted_F4_sprint2_main_seed42_regen_seed2024,XGB_F4,test,8819,8420,hg19,1,0.9730186462402344,0.49377796053886414,validation
xgboost_unweighted_F4_sprint2_main_seed42_regen_seed2024,XGB_F4,test,8820,8420,hg19,1,0.9609917998313904,0.49377796053886414,validation
xgboost_unweighted_F4_sprint2_main_seed42_regen_seed2024,XGB_F4,test,8821,8420,hg19,1,0.9560502767562866,0.49377796053886414,validation
xgboost_unweighted_F4_sprint2_main_seed42_regen_seed2024,XGB_F4,test,8822,8420,hg19,1,0.9845368266105652,0.49377796053886414,validation
xgboost_unweighted_F4_sprint2_main_seed42_regen_seed2024,XGB_F4,test,8823,8420,hg19,1,0.9773773550987244,0.49377796053886414,validation
xgboost_unweighted_F4_sprint2_main_seed42_regen_seed2024,XGB_F4,test,8824,8420,hg19,1,0.9510532021522522,0.49377796053886414,validation
xgboost_unweighted_F4_sprint2_main_seed42_regen_seed2024,XGB_F4,test,8825,8420,hg19,1,0.9634434580802917,0.49377796053886414,validation
xgboost_unweighted_F4_sprint2_main_seed42_regen_seed2024,XGB_F4,test,8826,8420,hg19,1,0.9721696376800537,0.49377796053886414,validation
xgboost_unweighted_F4_sprint2_main_seed42_regen_seed2024,XGB_F4,test,8827,8420,hg19,1,0.9668848514556885,0.49377796053886414,validation
xgboost_unweighted_F4_sprint2_main_seed42_regen_seed2024,XGB_F4,test,9251,9251,hg38,1,0.9536694288253784,0.49377796053886414,validation
xgboost_unweighted_F4_sprint2_main_seed42_regen_seed2024,XGB_F4,test,9252,9251,hg38,1,0.9728000164031982,0.49377796053886414,validation
xgboost_unweighted_F4_sprint2_main_seed42_regen_seed2024,XGB_F4,test,9253,9251,hg38,1,0.5596044063568115,0.49377796053886414,validation
xgboost_unweighted_F4_sprint2_main_seed42_regen_seed2024,XGB_F4,test,9254,9251,hg38,1,0.5415399074554443,0.49377796053886414,validation
xgboost_unweighted_F4_sprint2_main_seed42_regen_seed2024,XGB_F4,test,9255,9251,hg38,1,0.7711783051490784,0.49377796053886414,validation
xgboost_unweighted_F4_sprint2_main_seed42_regen_seed2024,XGB_F4,test,9256,9251,hg38,1,0.614247739315033,0.49377796053886414,validation
xgboost_unweighted_F4_sprint2_main_seed42_regen_seed2024,XGB_F4,test,9257,9251,hg38,1,0.792896568775177,0.49377796053886414,validation
xgboost_unweighted_F4_sprint2_main_seed42_regen_seed2024,XGB_F4,test,9258,9251,hg38,1,0.7626438736915588,0.49377796053886414,validation
xgboost_unweighted_F4_sprint2_main_seed42_regen_seed2024,XGB_F4,test,9259,9251,hg38,1,0.7285517454147339,0.49377796053886414,validation
xgboost_unweighted_F4_sprint2_main_seed42_regen_seed2024,XGB_F4,test,9260,9251,hg38,1,0.6649077534675598,0.49377796053886414,validation
xgboost_unweighted_F4_sprint2_main_seed42_regen_seed2024,XGB_F4,test,9261,9251,hg38,1,0.5852149128913879,0.49377796053886414,validation
xgboost_unweighted_F4_sprint2_main_seed42_regen_seed2024,XGB_F4,test,9262,9251,hg38,1,0.7566937208175659,0.49377796053886414,validation
xgboost_unweighted_F4_sprint2_main_seed42_regen_seed2024,XGB_F4,test,9263,9251,hg38,1,0.5791078209877014,0.49377796053886414,validation
xgboost_unweighted_F4_sprint2_main_seed42_regen_seed2024,XGB_F4,test,9264,9251,hg38,1,0.5372159481048584,0.49377796053886414,validation
xgboost_unweighted_F4_sprint2_main_seed42_regen_seed2024,XGB_F4,test,9265,9251,hg38,1,0.7674348950386047,0.49377796053886414,validation
xgboost_unweighted_F4_sprint2_main_seed42_regen_seed2024,XGB_F4,test,9266,9251,hg38,1,0.6828757524490356,0.49377796053886414,validation
xgboost_unweighted_F4_sprint2_main_seed42_regen_seed2024,XGB_F4,test,9267,9251,hg38,1,0.5283883213996887,0.49377796053886414,validation
xgboost_unweighted_F4_sprint2_main_seed42_regen_seed2024,XGB_F4,test,9268,9251,hg38,1,0.5351570248603821,0.49377796053886414,validation
xgboost_unweighted_F4_sprint2_main_seed42_regen_seed2024,XGB_F4,test,9269,9251,hg38,1,0.5198952555656433,0.49377796053886414,validation
xgboost_unweighted_F4_sprint2_main_seed42_regen_seed2024,XGB_F4,test,9270,9251,hg38,1,0.5783550143241882,0.49377796053886414,validation
xgboost_unweighted_F4_sprint2_main_seed42_regen_seed2024,XGB_F4,test,9271,9251,hg38,1,0.7677932381629944,0.49377796053886414,validation
xgboost_unweighted_F4_sprint2_main_seed42_regen_seed2024,XGB_F4,test,9272,9251,hg38,1,0.6840543746948242,0.49377796053886414,validation
xgboost_unweighted_F4_sprint2_main_seed42_regen_seed2024,XGB_F4,test,9273,9251,hg38,1,0.6690200567245483,0.49377796053886414,validation
xgboost_unweighted_F4_sprint2_main_seed42_regen_seed2024,XGB_F4,test,9274,9251,hg38,1,0.6971687078475952,0.49377796053886414,validation
xgboost_unweighted_F4_sprint2_main_seed42_regen_seed2024,XGB_F4,test,9275,9251,hg38,1,0.7773855924606323,0.49377796053886414,validation
xgboost_unweighted_F4_sprint2_main_seed42_regen_seed2024,XGB_F4,test,9276,9251,hg38,1,0.5019029378890991,0.49377796053886414,validation
xgboost_unweighted_F4_sprint2_main_seed42_regen_seed2024,XGB_F4,test,9277,9251,hg38,1,0.710470974445343,0.49377796053886414,validation
xgboost_unweighted_F4_sprint2_main_seed42_regen_seed2024,XGB_F4,test,9278,9251,hg38,1,0.6848366260528564,0.49377796053886414,validation
xgboost_unweighted_F4_sprint2_main_seed42_regen_seed2024,XGB_F4,test,9279,9251,hg38,1,0.6221614480018616,0.49377796053886414,validation
xgboost_unweighted_F4_sprint2_main_seed42_regen_seed2024,XGB_F4,test,9280,9251,hg38,1,0.5907884240150452,0.49377796053886414,validation
xgboost_unweighted_F4_sprint2_main_seed42_regen_seed2024,XGB_F4,test,9281,9251,hg38,1,0.593300998210907,0.49377796053886414,validation
xgboost_unweighted_F4_sprint2_main_seed42_regen_seed2024,XGB_F4,test,9282,9251,hg38,1,0.4991551637649536,0.49377796053886414,validation
xgboost_unweighted_F4_sprint2_main_seed42_regen_seed2024,XGB_F4,test,9283,9251,hg38,1,0.6832708716392517,0.49377796053886414,validation
xgboost_unweighted_F4_sprint2_main_seed42_regen_seed2024,XGB_F4,test,9284,9251,hg38,1,0.6352429389953613,0.49377796053886414,validation
xgboost_unweighted_F4_sprint2_main_seed42_regen_seed2024,XGB_F4,test,9285,9251,hg38,1,0.579925000667572,0.49377796053886414,validation
xgboost_unweighted_F4_sprint2_main_seed42_regen_seed2024,XGB_F4,test,9286,9251,hg38,1,0.6458777785301208,0.49377796053886414,validation
xgboost_unweighted_F4_sprint2_main_seed42_regen_seed2024,XGB_F4,test,9287,9251,hg38,1,0.7112586498260498,0.49377796053886414,validation
xgboost_unweighted_F4_sprint2_main_seed42_regen_seed2024,XGB_F4,test,9288,9251,hg38,1,0.7343602180480957,0.49377796053886414,validation
xgboost_unweighted_F4_sprint2_main_seed42_regen_seed2024,XGB_F4,test,9289,9251,hg38,1,0.5969631671905518,0.49377796053886414,validation
xgboost_unweighted_F4_sprint2_main_seed42_regen_seed2024,XGB_F4,test,9290,9251,hg38,1,0.6197144985198975,0.49377796053886414,validation
xgboost_unweighted_F4_sprint2_main_seed42_regen_seed2024,XGB_F4,test,9291,9251,hg38,1,0.6851096749305725,0.49377796053886414,validation
xgboost_unweighted_F4_sprint2_main_seed42_regen_seed2024,XGB_F4,test,9292,9251,hg38,1,0.4656084179878235,0.49377796053886414,validation
xgboost_unweighted_F4_sprint2_main_seed42_regen_seed2024,XGB_F4,test,9293,9251,hg38,1,0.6654962301254272,0.49377796053886414,validation
xgboost_unweighted_F4_sprint2_main_seed42_regen_seed2024,XGB_F4,test,9294,9251,hg38,1,0.6128969788551331,0.49377796053886414,validation
xgboost_unweighted_F4_sprint2_main_seed42_regen_seed2024,XGB_F4,test,9295,9251,hg38,1,0.5294809341430664,0.49377796053886414,validation
xgboost_unweighted_F4_sprint2_main_seed42_regen_seed2024,XGB_F4,test,9296,9251,hg38,1,0.5033997893333435,0.49377796053886414,validation
xgboost_unweighted_F4_sprint2_main_seed42_regen_seed2024,XGB_F4,test,9297,9251,hg38,1,0.5141381025314331,0.49377796053886414,validation
xgboost_unweighted_F4_sprint2_main_seed42_regen_seed2024,XGB_F4,test,9298,9251,hg38,1,0.539835512638092,0.49377796053886414,validation
xgboost_unweighted_F4_sprint2_main_seed42_regen_seed2024,XGB_F4,test,9299,9251,hg38,1,0.7474846243858337,0.49377796053886414,validation
xgboost_unweighted_F4_sprint2_main_seed42_regen_seed2024,XGB_F4,test,9300,9251,hg38,1,0.6844213604927063,0.49377796053886414,validation
xgboost_unweighted_F4_sprint2_main_seed42_regen_seed2024,XGB_F4,test,9301,9251,hg38,1,0.7595882415771484,0.49377796053886414,validation
xgboost_unweighted_F4_sprint2_main_seed42_regen_seed2024,XGB_F4,test,9302,9251,hg38,1,0.5702925324440002,0.49377796053886414,validation
xgboost_unweighted_F4_sprint2_main_seed42_regen_seed2024,XGB_F4,test,9303,9251,hg38,1,0.517198383808136,0.49377796053886414,validation
xgboost_unweighted_F4_sprint2_main_seed42_regen_seed2024,XGB_F4,test,9304,9251,hg38,1,0.522127091884613,0.49377796053886414,validation
xgboost_unweighted_F4_sprint2_main_seed42_regen_seed2024,XGB_F4,test,9305,9251,hg38,1,0.6264859437942505,0.49377796053886414,validation
xgboost_unweighted_F4_sprint2_main_seed42_regen_seed2024,XGB_F4,test,9306,9251,hg38,1,0.5805667638778687,0.49377796053886414,validation
xgboost_unweighted_F4_sprint2_main_seed42_regen_seed2024,XGB_F4,test,9307,9251,hg38,1,0.6474518179893494,0.49377796053886414,validation
xgboost_unweighted_F4_sprint2_main_seed42_regen_seed2024,XGB_F4,test,9308,9251,hg38,1,0.5323930978775024,0.49377796053886414,validation
xgboost_unweighted_F4_sprint2_main_seed42_regen_seed2024,XGB_F4,test,9309,9251,hg38,1,0.49512776732444763,0.49377796053886414,validation
xgboost_unweighted_F4_sprint2_main_seed42_regen_seed2024,XGB_F4,test,9310,9251,hg38,1,0.4478374421596527,0.49377796053886414,validation
xgboost_unweighted_F4_sprint2_main_seed42_regen_seed2024,XGB_F4,test,9311,9251,hg38,1,0.5881252288818359,0.49377796053886414,validation
xgboost_unweighted_F4_sprint2_main_seed42_regen_seed2024,XGB_F4,test,9312,9251,hg38,1,0.5761376619338989,0.49377796053886414,validation
xgboost_unweighted_F4_sprint2_main_seed42_regen_seed2024,XGB_F4,test,9313,9251,hg38,1,0.6232185959815979,0.49377796053886414,validation
xgboost_unweighted_F4_sprint2_main_seed42_regen_seed2024,XGB_F4,test,9314,9251,hg38,1,0.6135608553886414,0.49377796053886414,validation
xgboost_unweighted_F4_sprint2_main_seed42_regen_seed2024,XGB_F4,test,9315,9251,hg38,1,0.5266542434692383,0.49377796053886414,validation
xgboost_unweighted_F4_sprint2_main_seed42_regen_seed2024,XGB_F4,test,9316,9251,hg38,1,0.6672917604446411,0.49377796053886414,validation
xgboost_unweighted_F4_sprint2_main_seed42_regen_seed2024,XGB_F4,test,9317,9251,hg38,1,0.6992961168289185,0.49377796053886414,validation
xgboost_unweighted_F4_sprint2_main_seed42_regen_seed2024,XGB_F4,test,9318,9251,hg38,1,0.7414949536323547,0.49377796053886414,validation
xgboost_unweighted_F4_sprint2_main_seed42_regen_seed2024,XGB_F4,test,9319,9251,hg38,1,0.5038067102432251,0.49377796053886414,validation
xgboost_unweighted_F4_sprint2_main_seed42_regen_seed2024,XGB_F4,test,9320,9251,hg38,1,0.6336732506752014,0.49377796053886414,validation
xgboost_unweighted_F4_sprint2_main_seed42_regen_seed2024,XGB_F4,test,9321,9251,hg38,1,0.6471946239471436,0.49377796053886414,validation
xgboost_unweighted_F4_sprint2_main_seed42_regen_seed2024,XGB_F4,test,9322,9251,hg38,1,0.5410640239715576,0.49377796053886414,validation
xgboost_unweighted_F4_sprint2_main_seed42_regen_seed2024,XGB_F4,test,9323,9251,hg38,1,0.48921313881874084,0.49377796053886414,validation
xgboost_unweighted_F4_sprint2_main_seed42_regen_seed2024,XGB_F4,test,9324,9251,hg38,1,0.8012213706970215,0.49377796053886414,validation
xgboost_unweighted_F4_sprint2_main_seed42_regen_seed2024,XGB_F4,test,9325,9251,hg38,1,0.4649888575077057,0.49377796053886414,validation
xgboost_unweighted_F4_sprint2_main_seed42_regen_seed2024,XGB_F4,test,9326,9251,hg38,1,0.5107563138008118,0.49377796053886414,validation
xgboost_unweighted_F4_sprint2_main_seed42_regen_seed2024,XGB_F4,test,9327,9251,hg38,1,0.7165132761001587,0.49377796053886414,validation
xgboost_unweighted_F4_sprint2_main_seed42_regen_seed2024,XGB_F4,test,9328,9251,hg38,1,0.5413171648979187,0.49377796053886414,validation
xgboost_unweighted_F4_sprint2_main_seed42_regen_seed2024,XGB_F4,test,9329,9251,hg38,1,0.49992817640304565,0.49377796053886414,validation
xgboost_unweighted_F4_sprint2_main_seed42_regen_seed2024,XGB_F4,test,9330,9251,hg38,1,0.8130393028259277,0.49377796053886414,validation
xgboost_unweighted_F4_sprint2_main_seed42_regen_seed2024,XGB_F4,test,9331,9251,hg38,1,0.7509870529174805,0.49377796053886414,validation
xgboost_unweighted_F4_sprint2_main_seed42_regen_seed2024,XGB_F4,test,9332,9251,hg38,1,0.5125169157981873,0.49377796053886414,validation
xgboost_unweighted_F4_sprint2_main_seed42_regen_seed2024,XGB_F4,test,9333,9251,hg38,1,0.512453019618988,0.49377796053886414,validation
xgboost_unweighted_F4_sprint2_main_seed42_regen_seed2024,XGB_F4,test,9334,9251,hg38,1,0.623491644859314,0.49377796053886414,validation
xgboost_unweighted_F4_sprint2_main_seed42_regen_seed2024,XGB_F4,test,9335,9251,hg38,1,0.6474745869636536,0.49377796053886414,validation
xgboost_unweighted_F4_sprint2_main_seed42_regen_seed2024,XGB_F4,test,9336,9251,hg38,1,0.5914671421051025,0.49377796053886414,validation
xgboost_unweighted_F4_sprint2_main_seed42_regen_seed2024,XGB_F4,test,9337,9251,hg38,1,0.6008514761924744,0.49377796053886414,validation
xgboost_unweighted_F4_sprint2_main_seed42_regen_seed2024,XGB_F4,test,9338,9251,hg38,1,0.6000284552574158,0.49377796053886414,validation
xgboost_unweighted_F4_sprint2_main_seed42_regen_seed2024,XGB_F4,test,9339,9251,hg38,1,0.585403561592102,0.49377796053886414,validation
xgboost_unweighted_F4_sprint2_main_seed42_regen_seed2024,XGB_F4,test,9340,9251,hg38,1,0.5694456696510315,0.49377796053886414,validation
xgboost_unweighted_F4_sprint2_main_seed42_regen_seed2024,XGB_F4,test,9341,9251,hg38,1,0.5391180515289307,0.49377796053886414,validation
xgboost_unweighted_F4_sprint2_main_seed42_regen_seed2024,XGB_F4,test,9342,9251,hg38,1,0.6165733933448792,0.49377796053886414,validation
xgboost_unweighted_F4_sprint2_main_seed42_regen_seed2024,XGB_F4,test,9343,9251,hg38,1,0.8028056621551514,0.49377796053886414,validation
xgboost_unweighted_F4_sprint2_main_seed42_regen_seed2024,XGB_F4,test,9344,9251,hg38,1,0.6245166659355164,0.49377796053886414,validation
xgboost_unweighted_F4_sprint2_main_seed42_regen_seed2024,XGB_F4,test,9345,9251,hg38,1,0.6368343830108643,0.49377796053886414,validation
xgboost_unweighted_F4_sprint2_main_seed42_regen_seed2024,XGB_F4,test,9346,9251,hg38,1,0.6154322624206543,0.49377796053886414,validation
xgboost_unweighted_F4_sprint2_main_seed42_regen_seed2024,XGB_F4,test,9347,9251,hg38,0,0.699517548084259,0.49377796053886414,validation
xgboost_unweighted_F4_sprint2_main_seed42_regen_seed2024,XGB_F4,test,9348,9251,hg38,0,0.468534916639328,0.49377796053886414,validation
xgboost_unweighted_F4_sprint2_main_seed42_regen_seed2024,XGB_F4,test,9349,9251,hg38,0,0.6160179972648621,0.49377796053886414,validation
xgboost_unweighted_F4_sprint2_main_seed42_regen_seed2024,XGB_F4,test,9350,9251,hg38,0,0.5971090793609619,0.49377796053886414,validation
xgboost_unweighted_F4_sprint2_main_seed42_regen_seed2024,XGB_F4,test,9351,9251,hg38,0,0.5233321189880371,0.49377796053886414,validation
xgboost_unweighted_F4_sprint2_main_seed42_regen_seed2024,XGB_F4,test,9352,9251,hg38,0,0.7083635330200195,0.49377796053886414,validation
xgboost_unweighted_F4_sprint2_main_seed42_regen_seed2024,XGB_F4,test,9353,9251,hg38,0,0.5334426164627075,0.49377796053886414,validation
xgboost_unweighted_F4_sprint2_main_seed42_regen_seed2024,XGB_F4,test,9354,9251,hg38,0,0.5589645504951477,0.49377796053886414,validation
xgboost_unweighted_F4_sprint2_main_seed42_regen_seed2024,XGB_F4,test,9355,9251,hg38,0,0.5464280843734741,0.49377796053886414,validation
xgboost_unweighted_F4_sprint2_main_seed42_regen_seed2024,XGB_F4,test,9356,9251,hg38,0,0.9608908891677856,0.49377796053886414,validation
xgboost_unweighted_F4_sprint2_main_seed42_regen_seed2024,XGB_F4,test,9357,9251,hg38,0,0.7096763253211975,0.49377796053886414,validation
xgboost_unweighted_F4_sprint2_main_seed42_regen_seed2024,XGB_F4,test,9358,9251,hg38,0,0.5626493096351624,0.49377796053886414,validation
xgboost_unweighted_F4_sprint2_main_seed42_regen_seed2024,XGB_F4,test,9359,9251,hg38,0,0.5758215188980103,0.49377796053886414,validation
xgboost_unweighted_F4_sprint2_main_seed42_regen_seed2024,XGB_F4,test,9360,9251,hg38,0,0.5257437825202942,0.49377796053886414,validation
xgboost_unweighted_F4_sprint2_main_seed42_regen_seed2024,XGB_F4,test,9361,9251,hg38,0,0.5333212614059448,0.49377796053886414,validation
xgboost_unweighted_F4_sprint2_main_seed42_regen_seed2024,XGB_F4,test,9362,9251,hg38,0,0.592884361743927,0.49377796053886414,validation
xgboost_unweighted_F4_sprint2_main_seed42_regen_seed2024,XGB_F4,test,9363,9251,hg38,0,0.5271550416946411,0.49377796053886414,validation
xgboost_unweighted_F4_sprint2_main_seed42_regen_seed2024,XGB_F4,test,9364,9251,hg38,0,0.6561625599861145,0.49377796053886414,validation
xgboost_unweighted_F4_sprint2_main_seed42_regen_seed2024,XGB_F4,test,9365,9251,hg38,0,0.5508860349655151,0.49377796053886414,validation
xgboost_unweighted_F4_sprint2_main_seed42_regen_seed2024,XGB_F4,test,9366,9251,hg38,0,0.5554786324501038,0.49377796053886414,validation
xgboost_unweighted_F4_sprint2_main_seed42_regen_seed2024,XGB_F4,test,9367,9251,hg38,0,0.4923158884048462,0.49377796053886414,validation
xgboost_unweighted_F4_sprint2_main_seed42_regen_seed2024,XGB_F4,test,9368,9251,hg38,0,0.5329126715660095,0.49377796053886414,validation
xgboost_unweighted_F4_sprint2_main_seed42_regen_seed2024,XGB_F4,test,9369,9251,hg38,0,0.6231729984283447,0.49377796053886414,validation
xgboost_unweighted_F4_sprint2_main_seed42_regen_seed2024,XGB_F4,test,9370,9251,hg38,0,0.5876787900924683,0.49377796053886414,validation
xgboost_unweighted_F4_sprint2_main_seed42_regen_seed2024,XGB_F4,test,9371,9251,hg38,0,0.46713194251060486,0.49377796053886414,validation
xgboost_unweighted_F4_sprint2_main_seed42_regen_seed2024,XGB_F4,test,9372,9251,hg38,0,0.6872153878211975,0.49377796053886414,validation
xgboost_unweighted_F4_sprint2_main_seed42_regen_seed2024,XGB_F4,test,9373,9251,hg38,0,0.6049132347106934,0.49377796053886414,validation
xgboost_unweighted_F4_sprint2_main_seed42_regen_seed2024,XGB_F4,test,9374,9251,hg38,0,0.4835211932659149,0.49377796053886414,validation
xgboost_unweighted_F4_sprint2_main_seed42_regen_seed2024,XGB_F4,test,9375,9251,hg38,0,0.5516809225082397,0.49377796053886414,validation
xgboost_unweighted_F4_sprint2_main_seed42_regen_seed2024,XGB_F4,test,9376,9251,hg38,0,0.6335349082946777,0.49377796053886414,validation
xgboost_unweighted_F4_sprint2_main_seed42_regen_seed2024,XGB_F4,test,9377,9251,hg38,0,0.6296961307525635,0.49377796053886414,validation
xgboost_unweighted_F4_sprint2_main_seed42_regen_seed2024,XGB_F4,test,9378,9251,hg38,0,0.7246829271316528,0.49377796053886414,validation
xgboost_unweighted_F4_sprint2_main_seed42_regen_seed2024,XGB_F4,test,9379,9251,hg38,0,0.690331757068634,0.49377796053886414,validation
xgboost_unweighted_F4_sprint2_main_seed42_regen_seed2024,XGB_F4,test,9380,9251,hg38,0,0.5073449611663818,0.49377796053886414,validation
xgboost_unweighted_F4_sprint2_main_seed42_regen_seed2024,XGB_F4,test,9381,9251,hg38,0,0.5144778490066528,0.49377796053886414,validation
xgboost_unweighted_F4_sprint2_main_seed42_regen_seed2024,XGB_F4,test,9382,9251,hg38,0,0.6356491446495056,0.49377796053886414,validation
xgboost_unweighted_F4_sprint2_main_seed42_regen_seed2024,XGB_F4,test,9383,9251,hg38,0,0.49788182973861694,0.49377796053886414,validation
xgboost_unweighted_F4_sprint2_main_seed42_regen_seed2024,XGB_F4,test,9384,9251,hg38,0,0.4985930025577545,0.49377796053886414,validation
xgboost_unweighted_F4_sprint2_main_seed42_regen_seed2024,XGB_F4,test,9385,9251,hg38,0,0.5985179543495178,0.49377796053886414,validation
xgboost_unweighted_F4_sprint2_main_seed42_regen_seed2024,XGB_F4,test,9386,9251,hg38,0,0.6738110780715942,0.49377796053886414,validation
xgboost_unweighted_F4_sprint2_main_seed42_regen_seed2024,XGB_F4,test,9387,9251,hg38,0,0.6576647162437439,0.49377796053886414,validation
xgboost_unweighted_F4_sprint2_main_seed42_regen_seed2024,XGB_F4,test,9388,9251,hg38,0,0.6765856742858887,0.49377796053886414,validation
xgboost_unweighted_F4_sprint2_main_seed42_regen_seed2024,XGB_F4,test,9389,9251,hg38,0,0.7812815308570862,0.49377796053886414,validation
xgboost_unweighted_F4_sprint2_main_seed42_regen_seed2024,XGB_F4,test,9390,9251,hg38,0,0.5011306405067444,0.49377796053886414,validation
xgboost_unweighted_F4_sprint2_main_seed42_regen_seed2024,XGB_F4,test,9391,9251,hg38,0,0.5040438175201416,0.49377796053886414,validation
xgboost_unweighted_F4_sprint2_main_seed42_regen_seed2024,XGB_F4,test,9392,9251,hg38,0,0.7270087599754333,0.49377796053886414,validation
xgboost_unweighted_F4_sprint2_main_seed42_regen_seed2024,XGB_F4,test,9393,9251,hg38,0,0.5755181312561035,0.49377796053886414,validation
xgboost_unweighted_F4_sprint2_main_seed42_regen_seed2024,XGB_F4,test,9394,9251,hg38,0,0.5761249661445618,0.49377796053886414,validation
xgboost_unweighted_F4_sprint2_main_seed42_regen_seed2024,XGB_F4,test,9395,9251,hg38,0,0.7234662175178528,0.49377796053886414,validation
xgboost_unweighted_F4_sprint2_main_seed42_regen_seed2024,XGB_F4,test,9396,9251,hg38,0,0.6750996112823486,0.49377796053886414,validation
xgboost_unweighted_F4_sprint2_main_seed42_regen_seed2024,XGB_F4,test,9397,9251,hg38,0,0.5655883550643921,0.49377796053886414,validation
xgboost_unweighted_F4_sprint2_main_seed42_regen_seed2024,XGB_F4,test,9398,9251,hg38,0,0.5958186388015747,0.49377796053886414,validation
xgboost_unweighted_F4_sprint2_main_seed42_regen_seed2024,XGB_F4,test,9399,9251,hg38,0,0.7148457765579224,0.49377796053886414,validation
xgboost_unweighted_F4_sprint2_main_seed42_regen_seed2024,XGB_F4,test,9400,9251,hg38,0,0.6379159688949585,0.49377796053886414,validation
xgboost_unweighted_F4_sprint2_main_seed42_regen_seed2024,XGB_F4,test,9401,9251,hg38,0,0.7048311233520508,0.49377796053886414,validation
xgboost_unweighted_F4_sprint2_main_seed42_regen_seed2024,XGB_F4,test,9402,9251,hg38,0,0.6539903879165649,0.49377796053886414,validation
xgboost_unweighted_F4_sprint2_main_seed42_regen_seed2024,XGB_F4,test,9403,9251,hg38,0,0.49689167737960815,0.49377796053886414,validation
xgboost_unweighted_F4_sprint2_main_seed42_regen_seed2024,XGB_F4,test,9404,9251,hg38,0,0.6031838655471802,0.49377796053886414,validation
xgboost_unweighted_F4_sprint2_main_seed42_regen_seed2024,XGB_F4,test,9405,9251,hg38,0,0.5848502516746521,0.49377796053886414,validation
xgboost_unweighted_F4_sprint2_main_seed42_regen_seed2024,XGB_F4,test,9406,9251,hg38,0,0.7503494024276733,0.49377796053886414,validation
xgboost_unweighted_F4_sprint2_main_seed42_regen_seed2024,XGB_F4,test,9407,9251,hg38,0,0.5413633584976196,0.49377796053886414,validation
xgboost_unweighted_F4_sprint2_main_seed42_regen_seed2024,XGB_F4,test,9408,9251,hg38,0,0.7453818917274475,0.49377796053886414,validation
xgboost_unweighted_F4_sprint2_main_seed42_regen_seed2024,XGB_F4,test,9409,9251,hg38,0,0.632086455821991,0.49377796053886414,validation
xgboost_unweighted_F4_sprint2_main_seed42_regen_seed2024,XGB_F4,test,9410,9251,hg38,0,0.5586272478103638,0.49377796053886414,validation
xgboost_unweighted_F4_sprint2_main_seed42_regen_seed2024,XGB_F4,test,9411,9251,hg38,0,0.7114158868789673,0.49377796053886414,validation
xgboost_unweighted_F4_sprint2_main_seed42_regen_seed2024,XGB_F4,test,9412,9251,hg38,0,0.5857639312744141,0.49377796053886414,validation
xgboost_unweighted_F4_sprint2_main_seed42_regen_seed2024,XGB_F4,test,9413,9251,hg38,0,0.45832860469818115,0.49377796053886414,validation
xgboost_unweighted_F4_sprint2_main_seed42_regen_seed2024,XGB_F4,test,9414,9251,hg38,0,0.5068528056144714,0.49377796053886414,validation
xgboost_unweighted_F4_sprint2_main_seed42_regen_seed2024,XGB_F4,test,9415,9251,hg38,0,0.5328199863433838,0.49377796053886414,validation
xgboost_unweighted_F4_sprint2_main_seed42_regen_seed2024,XGB_F4,test,9416,9251,hg38,0,0.6079466938972473,0.49377796053886414,validation
xgboost_unweighted_F4_sprint2_main_seed42_regen_seed2024,XGB_F4,test,9417,9251,hg38,0,0.679633617401123,0.49377796053886414,validation
xgboost_unweighted_F4_sprint2_main_seed42_regen_seed2024,XGB_F4,test,9418,9251,hg38,0,0.6256373524665833,0.49377796053886414,validation
xgboost_unweighted_F4_sprint2_main_seed42_regen_seed2024,XGB_F4,test,9419,9251,hg38,0,0.5234487056732178,0.49377796053886414,validation
xgboost_unweighted_F4_sprint2_main_seed42_regen_seed2024,XGB_F4,test,9420,9251,hg38,0,0.5897461175918579,0.49377796053886414,validation
xgboost_unweighted_F4_sprint2_main_seed42_regen_seed2024,XGB_F4,test,9421,9251,hg38,0,0.7662993669509888,0.49377796053886414,validation
xgboost_unweighted_F4_sprint2_main_seed42_regen_seed2024,XGB_F4,test,9422,9251,hg38,0,0.5441499352455139,0.49377796053886414,validation
xgboost_unweighted_F4_sprint2_main_seed42_regen_seed2024,XGB_F4,test,9423,9251,hg38,0,0.5046226382255554,0.49377796053886414,validation
xgboost_unweighted_F4_sprint2_main_seed42_regen_seed2024,XGB_F4,test,9424,9251,hg38,0,0.5681756734848022,0.49377796053886414,validation
xgboost_unweighted_F4_sprint2_main_seed42_regen_seed2024,XGB_F4,test,9425,9251,hg38,0,0.5309159755706787,0.49377796053886414,validation
xgboost_unweighted_F4_sprint2_main_seed42_regen_seed2024,XGB_F4,test,9426,9251,hg38,0,0.5252460241317749,0.49377796053886414,validation
xgboost_unweighted_F4_sprint2_main_seed42_regen_seed2024,XGB_F4,test,10597,10597,hg19,1,0.9793838858604431,0.49377796053886414,validation
xgboost_unweighted_F4_sprint2_main_seed42_regen_seed2024,XGB_F4,test,10598,10597,hg19,1,0.679262101650238,0.49377796053886414,validation
xgboost_unweighted_F4_sprint2_main_seed42_regen_seed2024,XGB_F4,test,10600,10599,hg19,1,0.947444498538971,0.49377796053886414,validation
xgboost_unweighted_F4_sprint2_main_seed42_regen_seed2024,XGB_F4,test,10601,10599,hg19,1,0.9702826738357544,0.49377796053886414,validation
xgboost_unweighted_F4_sprint2_main_seed42_regen_seed2024,XGB_F4,test,10602,10599,hg19,1,0.9393552541732788,0.49377796053886414,validation
xgboost_unweighted_F4_sprint2_main_seed42_regen_seed2024,XGB_F4,test,10603,10599,hg19,1,0.9750739336013794,0.49377796053886414,validation
xgboost_unweighted_F4_sprint2_main_seed42_regen_seed2024,XGB_F4,test,10604,10599,hg19,1,0.9604777693748474,0.49377796053886414,validation
xgboost_unweighted_F4_sprint2_main_seed42_regen_seed2024,XGB_F4,test,10605,10599,hg19,1,0.9481317400932312,0.49377796053886414,validation
xgboost_unweighted_F4_sprint2_main_seed42_regen_seed2024,XGB_F4,test,10606,10599,hg19,1,0.7427507638931274,0.49377796053886414,validation
xgboost_unweighted_F4_sprint2_main_seed42_regen_seed2024,XGB_F4,test,10607,10599,hg19,1,0.6783458590507507,0.49377796053886414,validation
xgboost_unweighted_F4_sprint2_main_seed42_regen_seed2024,XGB_F4,test,10608,10599,hg19,1,0.5028135776519775,0.49377796053886414,validation
xgboost_unweighted_F4_sprint2_main_seed42_regen_seed2024,XGB_F4,test,10609,10599,hg19,1,0.9817560911178589,0.49377796053886414,validation
xgboost_unweighted_F4_sprint2_main_seed42_regen_seed2024,XGB_F4,test,10610,10599,hg19,1,0.9281282424926758,0.49377796053886414,validation
xgboost_unweighted_F4_sprint2_main_seed42_regen_seed2024,XGB_F4,test,10611,10599,hg19,1,0.9719902276992798,0.49377796053886414,validation
xgboost_unweighted_F4_sprint2_main_seed42_regen_seed2024,XGB_F4,test,10612,10599,hg19,1,0.9373080730438232,0.49377796053886414,validation
xgboost_unweighted_F4_sprint2_main_seed42_regen_seed2024,XGB_F4,test,10613,10599,hg19,1,0.9280493855476379,0.49377796053886414,validation
xgboost_unweighted_F4_sprint2_main_seed42_regen_seed2024,XGB_F4,test,10614,10599,hg19,1,0.77383953332901,0.49377796053886414,validation
xgboost_unweighted_F4_sprint2_main_seed42_regen_seed2024,XGB_F4,test,10615,10599,hg19,1,0.5570276975631714,0.49377796053886414,validation
xgboost_unweighted_F4_sprint2_main_seed42_regen_seed2024,XGB_F4,test,10616,10599,hg19,1,0.9271425604820251,0.49377796053886414,validation
xgboost_unweighted_F4_sprint2_main_seed42_regen_seed2024,XGB_F4,test,10617,10599,hg19,1,0.7564488649368286,0.49377796053886414,validation
xgboost_unweighted_F4_sprint2_main_seed42_regen_seed2024,XGB_F4,test,10618,10599,hg19,1,0.9326875805854797,0.49377796053886414,validation
xgboost_unweighted_F4_sprint2_main_seed42_regen_seed2024,XGB_F4,test,10619,10599,hg19,1,0.5778816342353821,0.49377796053886414,validation
xgboost_unweighted_F4_sprint2_main_seed42_regen_seed2024,XGB_F4,test,10620,10599,hg19,1,0.9570298790931702,0.49377796053886414,validation
xgboost_unweighted_F4_sprint2_main_seed42_regen_seed2024,XGB_F4,test,10621,10599,hg19,1,0.9719415903091431,0.49377796053886414,validation
xgboost_unweighted_F4_sprint2_main_seed42_regen_seed2024,XGB_F4,test,10622,10599,hg19,1,0.9400283694267273,0.49377796053886414,validation
xgboost_unweighted_F4_sprint2_main_seed42_regen_seed2024,XGB_F4,test,10623,10599,hg19,1,0.9345107674598694,0.49377796053886414,validation
xgboost_unweighted_F4_sprint2_main_seed42_regen_seed2024,XGB_F4,test,10624,10599,hg19,1,0.9541485905647278,0.49377796053886414,validation
xgboost_unweighted_F4_sprint2_main_seed42_regen_seed2024,XGB_F4,test,10625,10599,hg19,1,0.5534313321113586,0.49377796053886414,validation
xgboost_unweighted_F4_sprint2_main_seed42_regen_seed2024,XGB_F4,test,10626,10599,hg19,1,0.9466429948806763,0.49377796053886414,validation
xgboost_unweighted_F4_sprint2_main_seed42_regen_seed2024,XGB_F4,test,10627,10599,hg19,1,0.6116365194320679,0.49377796053886414,validation
xgboost_unweighted_F4_sprint2_main_seed42_regen_seed2024,XGB_F4,test,10628,10599,hg19,1,0.9466722011566162,0.49377796053886414,validation
xgboost_unweighted_F4_sprint2_main_seed42_regen_seed2024,XGB_F4,test,10629,10599,hg19,1,0.9704814553260803,0.49377796053886414,validation
xgboost_unweighted_F4_sprint2_main_seed42_regen_seed2024,XGB_F4,test,10630,10599,hg19,1,0.6222980618476868,0.49377796053886414,validation
xgboost_unweighted_F4_sprint2_main_seed42_regen_seed2024,XGB_F4,test,10631,10599,hg19,1,0.6801360845565796,0.49377796053886414,validation
xgboost_unweighted_F4_sprint2_main_seed42_regen_seed2024,XGB_F4,test,10632,10599,hg19,1,0.9640216827392578,0.49377796053886414,validation
xgboost_unweighted_F4_sprint2_main_seed42_regen_seed2024,XGB_F4,test,10957,10957,hg19,1,0.9674931764602661,0.49377796053886414,validation
xgboost_unweighted_F4_sprint2_main_seed42_regen_seed2024,XGB_F4,test,10958,10957,hg19,1,0.732365608215332,0.49377796053886414,validation
xgboost_unweighted_F4_sprint2_main_seed42_regen_seed2024,XGB_F4,test,10959,10957,hg19,1,0.9781515598297119,0.49377796053886414,validation
xgboost_unweighted_F4_sprint2_main_seed42_regen_seed2024,XGB_F4,test,10960,10957,hg19,1,0.9795437455177307,0.49377796053886414,validation
xgboost_unweighted_F4_sprint2_main_seed42_regen_seed2024,XGB_F4,test,10990,10990,hg19,1,0.9809209108352661,0.49377796053886414,validation
xgboost_unweighted_F4_sprint2_main_seed42_regen_seed2024,XGB_F4,test,10991,10990,hg19,1,0.9309893846511841,0.49377796053886414,validation
xgboost_unweighted_F4_sprint2_main_seed42_regen_seed2024,XGB_F4,test,10992,10990,hg19,1,0.9771958589553833,0.49377796053886414,validation
xgboost_unweighted_F4_sprint2_main_seed42_regen_seed2024,XGB_F4,test,10993,10990,hg19,1,0.9686692357063293,0.49377796053886414,validation
xgboost_unweighted_F4_sprint2_main_seed42_regen_seed2024,XGB_F4,test,10994,10990,hg19,1,0.9589248895645142,0.49377796053886414,validation
xgboost_unweighted_F4_sprint2_main_seed42_regen_seed2024,XGB_F4,test,10995,10990,hg19,1,0.9460592269897461,0.49377796053886414,validation
xgboost_unweighted_F4_sprint2_main_seed42_regen_seed2024,XGB_F4,test,10996,10990,hg19,1,0.8066952228546143,0.49377796053886414,validation
xgboost_unweighted_F4_sprint2_main_seed42_regen_seed2024,XGB_F4,test,10997,10990,hg19,1,0.9445000290870667,0.49377796053886414,validation
xgboost_unweighted_F4_sprint2_main_seed42_regen_seed2024,XGB_F4,test,10998,10990,hg19,1,0.9612160325050354,0.49377796053886414,validation
xgboost_unweighted_F4_sprint2_main_seed42_regen_seed2024,XGB_F4,test,10999,10990,hg19,1,0.9325141310691833,0.49377796053886414,validation
xgboost_unweighted_F4_sprint2_main_seed42_regen_seed2024,XGB_F4,test,11000,10990,hg19,1,0.9599319100379944,0.49377796053886414,validation
xgboost_unweighted_F4_sprint2_main_seed42_regen_seed2024,XGB_F4,test,11001,10990,hg19,1,0.958349347114563,0.49377796053886414,validation
xgboost_unweighted_F4_sprint2_main_seed42_regen_seed2024,XGB_F4,test,11002,10990,hg19,1,0.9365442395210266,0.49377796053886414,validation
xgboost_unweighted_F4_sprint2_main_seed42_regen_seed2024,XGB_F4,test,11003,10990,hg19,1,0.9550319314002991,0.49377796053886414,validation
xgboost_unweighted_F4_sprint2_main_seed42_regen_seed2024,XGB_F4,test,11004,10990,hg19,1,0.9791771769523621,0.49377796053886414,validation
xgboost_unweighted_F4_sprint2_main_seed42_regen_seed2024,XGB_F4,test,11005,10990,hg19,1,0.9614123106002808,0.49377796053886414,validation
xgboost_unweighted_F4_sprint2_main_seed42_regen_seed2024,XGB_F4,test,11006,10990,hg19,1,0.9357675909996033,0.49377796053886414,validation
xgboost_unweighted_F4_sprint2_main_seed42_regen_seed2024,XGB_F4,test,11007,10990,hg19,1,0.9685347080230713,0.49377796053886414,validation
xgboost_unweighted_F4_sprint2_main_seed42_regen_seed2024,XGB_F4,test,11008,10990,hg19,1,0.9542801380157471,0.49377796053886414,validation
xgboost_unweighted_F4_sprint2_main_seed42_regen_seed2024,XGB_F4,test,11009,10990,hg19,1,0.9555478096008301,0.49377796053886414,validation
xgboost_unweighted_F4_sprint2_main_seed42_regen_seed2024,XGB_F4,test,11010,11012,hg19,1,0.9670985341072083,0.49377796053886414,validation
xgboost_unweighted_F4_sprint2_main_seed42_regen_seed2024,XGB_F4,test,11011,11012,hg19,1,0.9845274686813354,0.49377796053886414,validation
xgboost_unweighted_F4_sprint2_main_seed42_regen_seed2024,XGB_F4,test,11012,11012,hg19,1,0.9875839352607727,0.49377796053886414,validation
xgboost_unweighted_F4_sprint2_main_seed42_regen_seed2024,XGB_F4,test,11013,11012,hg19,1,0.9742539525032043,0.49377796053886414,validation
xgboost_unweighted_F4_sprint2_main_seed42_regen_seed2024,XGB_F4,test,11014,11012,hg19,1,0.9740073084831238,0.49377796053886414,validation
xgboost_unweighted_F4_sprint2_main_seed42_regen_seed2024,XGB_F4,test,11015,11012,hg19,1,0.9695965647697449,0.49377796053886414,validation
xgboost_unweighted_F4_sprint2_main_seed42_regen_seed2024,XGB_F4,test,11016,11012,hg19,1,0.9797670841217041,0.49377796053886414,validation
xgboost_unweighted_F4_sprint2_main_seed42_regen_seed2024,XGB_F4,test,11017,11012,hg19,1,0.9609694480895996,0.49377796053886414,validation
xgboost_unweighted_F4_sprint2_main_seed42_regen_seed2024,XGB_F4,test,11136,11173,hg19,1,0.9967362284660339,0.49377796053886414,validation
xgboost_unweighted_F4_sprint2_main_seed42_regen_seed2024,XGB_F4,test,11137,11173,hg19,1,0.9941980838775635,0.49377796053886414,validation
xgboost_unweighted_F4_sprint2_main_seed42_regen_seed2024,XGB_F4,test,11138,11173,hg19,1,0.9961483478546143,0.49377796053886414,validation
xgboost_unweighted_F4_sprint2_main_seed42_regen_seed2024,XGB_F4,test,11139,11173,hg19,1,0.9957926273345947,0.49377796053886414,validation
xgboost_unweighted_F4_sprint2_main_seed42_regen_seed2024,XGB_F4,test,11140,11173,hg19,1,0.9943743944168091,0.49377796053886414,validation
xgboost_unweighted_F4_sprint2_main_seed42_regen_seed2024,XGB_F4,test,11141,11173,hg19,1,0.9964653253555298,0.49377796053886414,validation
xgboost_unweighted_F4_sprint2_main_seed42_regen_seed2024,XGB_F4,test,11142,11173,hg19,1,0.994841992855072,0.49377796053886414,validation
xgboost_unweighted_F4_sprint2_main_seed42_regen_seed2024,XGB_F4,test,11143,11173,hg19,1,0.9951757192611694,0.49377796053886414,validation
xgboost_unweighted_F4_sprint2_main_seed42_regen_seed2024,XGB_F4,test,11144,11173,hg19,1,0.9963605999946594,0.49377796053886414,validation
xgboost_unweighted_F4_sprint2_main_seed42_regen_seed2024,XGB_F4,test,11145,11173,hg19,1,0.9967746138572693,0.49377796053886414,validation
xgboost_unweighted_F4_sprint2_main_seed42_regen_seed2024,XGB_F4,test,11146,11173,hg19,1,0.9945578575134277,0.49377796053886414,validation
xgboost_unweighted_F4_sprint2_main_seed42_regen_seed2024,XGB_F4,test,11147,11173,hg19,1,0.9941425919532776,0.49377796053886414,validation
xgboost_unweighted_F4_sprint2_main_seed42_regen_seed2024,XGB_F4,test,11148,11173,hg19,1,0.9959508180618286,0.49377796053886414,validation
xgboost_unweighted_F4_sprint2_main_seed42_regen_seed2024,XGB_F4,test,11149,11173,hg19,1,0.9945358037948608,0.49377796053886414,validation
xgboost_unweighted_F4_sprint2_main_seed42_regen_seed2024,XGB_F4,test,11150,11173,hg19,1,0.9959779381752014,0.49377796053886414,validation
xgboost_unweighted_F4_sprint2_main_seed42_regen_seed2024,XGB_F4,test,11151,11173,hg19,1,0.9964411854743958,0.49377796053886414,validation
xgboost_unweighted_F4_sprint2_main_seed42_regen_seed2024,XGB_F4,test,11152,11173,hg19,1,0.9955332279205322,0.49377796053886414,validation
xgboost_unweighted_F4_sprint2_main_seed42_regen_seed2024,XGB_F4,test,11153,11173,hg19,1,0.9949960708618164,0.49377796053886414,validation
xgboost_unweighted_F4_sprint2_main_seed42_regen_seed2024,XGB_F4,test,11154,11173,hg19,1,0.995020866394043,0.49377796053886414,validation
xgboost_unweighted_F4_sprint2_main_seed42_regen_seed2024,XGB_F4,test,11155,11173,hg19,1,0.9961767196655273,0.49377796053886414,validation
xgboost_unweighted_F4_sprint2_main_seed42_regen_seed2024,XGB_F4,test,11156,11173,hg19,1,0.9946777820587158,0.49377796053886414,validation
xgboost_unweighted_F4_sprint2_main_seed42_regen_seed2024,XGB_F4,test,11157,11173,hg19,1,0.9967445135116577,0.49377796053886414,validation
xgboost_unweighted_F4_sprint2_main_seed42_regen_seed2024,XGB_F4,test,11158,11173,hg19,1,0.9811020493507385,0.49377796053886414,validation
xgboost_unweighted_F4_sprint2_main_seed42_regen_seed2024,XGB_F4,test,11159,11173,hg19,1,0.995162308216095,0.49377796053886414,validation
xgboost_unweighted_F4_sprint2_main_seed42_regen_seed2024,XGB_F4,test,11160,11173,hg19,1,0.9951901435852051,0.49377796053886414,validation
xgboost_unweighted_F4_sprint2_main_seed42_regen_seed2024,XGB_F4,test,11161,11173,hg19,1,0.9966673254966736,0.49377796053886414,validation
xgboost_unweighted_F4_sprint2_main_seed42_regen_seed2024,XGB_F4,test,11162,11173,hg19,1,0.9958802461624146,0.49377796053886414,validation
xgboost_unweighted_F4_sprint2_main_seed42_regen_seed2024,XGB_F4,test,11163,11173,hg19,1,0.9963592886924744,0.49377796053886414,validation
xgboost_unweighted_F4_sprint2_main_seed42_regen_seed2024,XGB_F4,test,11164,11173,hg19,1,0.9964816570281982,0.49377796053886414,validation
xgboost_unweighted_F4_sprint2_main_seed42_regen_seed2024,XGB_F4,test,11165,11173,hg19,1,0.9965605139732361,0.49377796053886414,validation
xgboost_unweighted_F4_sprint2_main_seed42_regen_seed2024,XGB_F4,test,11166,11173,hg19,1,0.9935490489006042,0.49377796053886414,validation
xgboost_unweighted_F4_sprint2_main_seed42_regen_seed2024,XGB_F4,test,11167,11173,hg19,1,0.9945212602615356,0.49377796053886414,validation
xgboost_unweighted_F4_sprint2_main_seed42_regen_seed2024,XGB_F4,test,11168,11173,hg19,1,0.9918597340583801,0.49377796053886414,validation
xgboost_unweighted_F4_sprint2_main_seed42_regen_seed2024,XGB_F4,test,11169,11173,hg19,1,0.9956647753715515,0.49377796053886414,validation
xgboost_unweighted_F4_sprint2_main_seed42_regen_seed2024,XGB_F4,test,11170,11173,hg19,1,0.9959660768508911,0.49377796053886414,validation
xgboost_unweighted_F4_sprint2_main_seed42_regen_seed2024,XGB_F4,test,11171,11173,hg19,1,0.9946566820144653,0.49377796053886414,validation
xgboost_unweighted_F4_sprint2_main_seed42_regen_seed2024,XGB_F4,test,11172,11173,hg19,1,0.9935057163238525,0.49377796053886414,validation
xgboost_unweighted_F4_sprint2_main_seed42_regen_seed2024,XGB_F4,test,11173,11173,hg19,1,0.9962312579154968,0.49377796053886414,validation
xgboost_unweighted_F4_sprint2_main_seed42_regen_seed2024,XGB_F4,test,11174,11173,hg19,1,0.9969316720962524,0.49377796053886414,validation
xgboost_unweighted_F4_sprint2_main_seed42_regen_seed2024,XGB_F4,test,11175,11173,hg19,1,0.9946168065071106,0.49377796053886414,validation
xgboost_unweighted_F4_sprint2_main_seed42_regen_seed2024,XGB_F4,test,11176,11173,hg19,1,0.9955263733863831,0.49377796053886414,validation
xgboost_unweighted_F4_sprint2_main_seed42_regen_seed2024,XGB_F4,test,11177,11173,hg19,1,0.9950445890426636,0.49377796053886414,validation
xgboost_unweighted_F4_sprint2_main_seed42_regen_seed2024,XGB_F4,test,11178,11173,hg19,1,0.9947364926338196,0.49377796053886414,validation
xgboost_unweighted_F4_sprint2_main_seed42_regen_seed2024,XGB_F4,test,11179,11173,hg19,1,0.996928870677948,0.49377796053886414,validation
xgboost_unweighted_F4_sprint2_main_seed42_regen_seed2024,XGB_F4,test,11180,11173,hg19,1,0.9947355389595032,0.49377796053886414,validation
xgboost_unweighted_F4_sprint2_main_seed42_regen_seed2024,XGB_F4,test,11181,11173,hg19,1,0.9941639304161072,0.49377796053886414,validation
xgboost_unweighted_F4_sprint2_main_seed42_regen_seed2024,XGB_F4,test,11182,11173,hg19,1,0.9830596446990967,0.49377796053886414,validation
xgboost_unweighted_F4_sprint2_main_seed42_regen_seed2024,XGB_F4,test,11183,11173,hg19,1,0.9949500560760498,0.49377796053886414,validation
xgboost_unweighted_F4_sprint2_main_seed42_regen_seed2024,XGB_F4,test,11184,11173,hg19,1,0.9947885274887085,0.49377796053886414,validation
xgboost_unweighted_F4_sprint2_main_seed42_regen_seed2024,XGB_F4,test,11185,11173,hg19,1,0.9930822849273682,0.49377796053886414,validation
xgboost_unweighted_F4_sprint2_main_seed42_regen_seed2024,XGB_F4,test,11186,11173,hg19,1,0.993738055229187,0.49377796053886414,validation
xgboost_unweighted_F4_sprint2_main_seed42_regen_seed2024,XGB_F4,test,11187,11173,hg19,1,0.9945501685142517,0.49377796053886414,validation
xgboost_unweighted_F4_sprint2_main_seed42_regen_seed2024,XGB_F4,test,11188,11173,hg19,1,0.9945268034934998,0.49377796053886414,validation
xgboost_unweighted_F4_sprint2_main_seed42_regen_seed2024,XGB_F4,test,11189,11173,hg19,1,0.9967756867408752,0.49377796053886414,validation
xgboost_unweighted_F4_sprint2_main_seed42_regen_seed2024,XGB_F4,test,11190,11173,hg19,1,0.9956709146499634,0.49377796053886414,validation
xgboost_unweighted_F4_sprint2_main_seed42_regen_seed2024,XGB_F4,test,11191,11173,hg19,1,0.995155930519104,0.49377796053886414,validation
xgboost_unweighted_F4_sprint2_main_seed42_regen_seed2024,XGB_F4,test,11192,11173,hg19,1,0.995444655418396,0.49377796053886414,validation
xgboost_unweighted_F4_sprint2_main_seed42_regen_seed2024,XGB_F4,test,11193,11173,hg19,1,0.9958882927894592,0.49377796053886414,validation
xgboost_unweighted_F4_sprint2_main_seed42_regen_seed2024,XGB_F4,test,11194,11173,hg19,1,0.9933040738105774,0.49377796053886414,validation
xgboost_unweighted_F4_sprint2_main_seed42_regen_seed2024,XGB_F4,test,11195,11173,hg19,1,0.9948364496231079,0.49377796053886414,validation
xgboost_unweighted_F4_sprint2_main_seed42_regen_seed2024,XGB_F4,test,11196,11173,hg19,1,0.9947307109832764,0.49377796053886414,validation
xgboost_unweighted_F4_sprint2_main_seed42_regen_seed2024,XGB_F4,test,11197,11173,hg19,1,0.9947149157524109,0.49377796053886414,validation
xgboost_unweighted_F4_sprint2_main_seed42_regen_seed2024,XGB_F4,test,11198,11173,hg19,1,0.9949930310249329,0.49377796053886414,validation
xgboost_unweighted_F4_sprint2_main_seed42_regen_seed2024,XGB_F4,test,11199,11173,hg19,1,0.9949451088905334,0.49377796053886414,validation
xgboost_unweighted_F4_sprint2_main_seed42_regen_seed2024,XGB_F4,test,11200,11173,hg19,1,0.9958599209785461,0.49377796053886414,validation
xgboost_unweighted_F4_sprint2_main_seed42_regen_seed2024,XGB_F4,test,11201,11173,hg19,1,0.994203507900238,0.49377796053886414,validation
xgboost_unweighted_F4_sprint2_main_seed42_regen_seed2024,XGB_F4,test,11202,11173,hg19,1,0.9959654808044434,0.49377796053886414,validation
xgboost_unweighted_F4_sprint2_main_seed42_regen_seed2024,XGB_F4,test,11203,11173,hg19,1,0.9961487054824829,0.49377796053886414,validation
xgboost_unweighted_F4_sprint2_main_seed42_regen_seed2024,XGB_F4,test,11204,11173,hg19,1,0.9962761402130127,0.49377796053886414,validation
xgboost_unweighted_F4_sprint2_main_seed42_regen_seed2024,XGB_F4,test,11205,11173,hg19,1,0.9933779835700989,0.49377796053886414,validation
xgboost_unweighted_F4_sprint2_main_seed42_regen_seed2024,XGB_F4,test,11206,11173,hg19,1,0.9945908784866333,0.49377796053886414,validation
xgboost_unweighted_F4_sprint2_main_seed42_regen_seed2024,XGB_F4,test,11207,11173,hg19,1,0.9957159161567688,0.49377796053886414,validation
xgboost_unweighted_F4_sprint2_main_seed42_regen_seed2024,XGB_F4,test,11208,11173,hg19,1,0.9955783486366272,0.49377796053886414,validation
xgboost_unweighted_F4_sprint2_main_seed42_regen_seed2024,XGB_F4,test,11209,11173,hg19,1,0.9964140057563782,0.49377796053886414,validation
xgboost_unweighted_F4_sprint2_main_seed42_regen_seed2024,XGB_F4,test,11210,11173,hg19,1,0.9950215816497803,0.49377796053886414,validation
xgboost_unweighted_F4_sprint2_main_seed42_regen_seed2024,XGB_F4,test,11211,11173,hg19,1,0.9938848614692688,0.49377796053886414,validation
xgboost_unweighted_F4_sprint2_main_seed42_regen_seed2024,XGB_F4,test,11212,11173,hg19,1,0.9953030347824097,0.49377796053886414,validation
xgboost_unweighted_F4_sprint2_main_seed42_regen_seed2024,XGB_F4,test,11213,11173,hg19,1,0.997036337852478,0.49377796053886414,validation
xgboost_unweighted_F4_sprint2_main_seed42_regen_seed2024,XGB_F4,test,11214,11173,hg19,1,0.9953565001487732,0.49377796053886414,validation
xgboost_unweighted_F4_sprint2_main_seed42_regen_seed2024,XGB_F4,test,11215,11173,hg19,1,0.9935882091522217,0.49377796053886414,validation
xgboost_unweighted_F4_sprint2_main_seed42_regen_seed2024,XGB_F4,test,11216,11173,hg19,1,0.9960410594940186,0.49377796053886414,validation
xgboost_unweighted_F4_sprint2_main_seed42_regen_seed2024,XGB_F4,test,11217,11173,hg19,1,0.9965177774429321,0.49377796053886414,validation
xgboost_unweighted_F4_sprint2_main_seed42_regen_seed2024,XGB_F4,test,11218,11173,hg19,1,0.9941284656524658,0.49377796053886414,validation
xgboost_unweighted_F4_sprint2_main_seed42_regen_seed2024,XGB_F4,test,11219,11173,hg19,1,0.99483323097229,0.49377796053886414,validation
xgboost_unweighted_F4_sprint2_main_seed42_regen_seed2024,XGB_F4,test,11220,11173,hg19,1,0.9951658248901367,0.49377796053886414,validation
xgboost_unweighted_F4_sprint2_main_seed42_regen_seed2024,XGB_F4,test,11221,11173,hg19,1,0.996442973613739,0.49377796053886414,validation
xgboost_unweighted_F4_sprint2_main_seed42_regen_seed2024,XGB_F4,test,11222,11173,hg19,1,0.991654634475708,0.49377796053886414,validation
xgboost_unweighted_F4_sprint2_main_seed42_regen_seed2024,XGB_F4,test,11223,11173,hg19,1,0.984274685382843,0.49377796053886414,validation
xgboost_unweighted_F4_sprint2_main_seed42_regen_seed2024,XGB_F4,test,11224,11173,hg19,1,0.9937329888343811,0.49377796053886414,validation
xgboost_unweighted_F4_sprint2_main_seed42_regen_seed2024,XGB_F4,test,11225,11173,hg19,1,0.9949447512626648,0.49377796053886414,validation
xgboost_unweighted_F4_sprint2_main_seed42_regen_seed2024,XGB_F4,test,11226,11173,hg19,1,0.9947874546051025,0.49377796053886414,validation
xgboost_unweighted_F4_sprint2_main_seed42_regen_seed2024,XGB_F4,test,11227,11173,hg19,1,0.995317816734314,0.49377796053886414,validation
xgboost_unweighted_F4_sprint2_main_seed42_regen_seed2024,XGB_F4,test,11228,11173,hg19,1,0.99566251039505,0.49377796053886414,validation
xgboost_unweighted_F4_sprint2_main_seed42_regen_seed2024,XGB_F4,test,11229,11173,hg19,1,0.9961863160133362,0.49377796053886414,validation
xgboost_unweighted_F4_sprint2_main_seed42_regen_seed2024,XGB_F4,test,11230,11173,hg19,1,0.9952002763748169,0.49377796053886414,validation
xgboost_unweighted_F4_sprint2_main_seed42_regen_seed2024,XGB_F4,test,11231,11173,hg19,1,0.9938797950744629,0.49377796053886414,validation
xgboost_unweighted_F4_sprint2_main_seed42_regen_seed2024,XGB_F4,test,11232,11173,hg19,1,0.9955765008926392,0.49377796053886414,validation
xgboost_unweighted_F4_sprint2_main_seed42_regen_seed2024,XGB_F4,test,11233,11173,hg19,1,0.9957922697067261,0.49377796053886414,validation
xgboost_unweighted_F4_sprint2_main_seed42_regen_seed2024,XGB_F4,test,11234,11173,hg19,1,0.9939741492271423,0.49377796053886414,validation
xgboost_unweighted_F4_sprint2_main_seed42_regen_seed2024,XGB_F4,test,11235,11173,hg19,1,0.9961572289466858,0.49377796053886414,validation
xgboost_unweighted_F4_sprint2_main_seed42_regen_seed2024,XGB_F4,test,11236,11173,hg19,1,0.9958341121673584,0.49377796053886414,validation
xgboost_unweighted_F4_sprint2_main_seed42_regen_seed2024,XGB_F4,test,11237,11173,hg19,1,0.9932743310928345,0.49377796053886414,validation
xgboost_unweighted_F4_sprint2_main_seed42_regen_seed2024,XGB_F4,test,11238,11173,hg19,1,0.995909571647644,0.49377796053886414,validation
xgboost_unweighted_F4_sprint2_main_seed42_regen_seed2024,XGB_F4,test,11239,11173,hg19,1,0.9945271611213684,0.49377796053886414,validation
xgboost_unweighted_F4_sprint2_main_seed42_regen_seed2024,XGB_F4,test,11240,11173,hg19,1,0.994909942150116,0.49377796053886414,validation
xgboost_unweighted_F4_sprint2_main_seed42_regen_seed2024,XGB_F4,test,11241,11173,hg19,1,0.9951222538948059,0.49377796053886414,validation
xgboost_unweighted_F4_sprint2_main_seed42_regen_seed2024,XGB_F4,test,11242,11173,hg19,1,0.9950986504554749,0.49377796053886414,validation
xgboost_unweighted_F4_sprint2_main_seed42_regen_seed2024,XGB_F4,test,11243,11173,hg19,1,0.9962466359138489,0.49377796053886414,validation
xgboost_unweighted_F4_sprint2_main_seed42_regen_seed2024,XGB_F4,test,11244,11173,hg19,1,0.9928332567214966,0.49377796053886414,validation
xgboost_unweighted_F4_sprint2_main_seed42_regen_seed2024,XGB_F4,test,11245,11173,hg19,1,0.9957106113433838,0.49377796053886414,validation
xgboost_unweighted_F4_sprint2_main_seed42_regen_seed2024,XGB_F4,test,11246,11173,hg19,1,0.9966800212860107,0.49377796053886414,validation
xgboost_unweighted_F4_sprint2_main_seed42_regen_seed2024,XGB_F4,test,11247,11173,hg19,1,0.9957885146141052,0.49377796053886414,validation
xgboost_unweighted_F4_sprint2_main_seed42_regen_seed2024,XGB_F4,test,11248,11173,hg19,1,0.9956848621368408,0.49377796053886414,validation
xgboost_unweighted_F4_sprint2_main_seed42_regen_seed2024,XGB_F4,test,11249,11173,hg19,1,0.996062695980072,0.49377796053886414,validation
xgboost_unweighted_F4_sprint2_main_seed42_regen_seed2024,XGB_F4,test,11250,11173,hg19,1,0.9947187900543213,0.49377796053886414,validation
xgboost_unweighted_F4_sprint2_main_seed42_regen_seed2024,XGB_F4,test,11251,11173,hg19,1,0.7222155928611755,0.49377796053886414,validation
xgboost_unweighted_F4_sprint2_main_seed42_regen_seed2024,XGB_F4,test,11252,11173,hg19,1,0.9936791062355042,0.49377796053886414,validation
xgboost_unweighted_F4_sprint2_main_seed42_regen_seed2024,XGB_F4,test,11253,11173,hg19,1,0.9955947995185852,0.49377796053886414,validation
xgboost_unweighted_F4_sprint2_main_seed42_regen_seed2024,XGB_F4,test,11254,11173,hg19,1,0.9952284097671509,0.49377796053886414,validation
xgboost_unweighted_F4_sprint2_main_seed42_regen_seed2024,XGB_F4,test,11255,11173,hg19,1,0.995964527130127,0.49377796053886414,validation
xgboost_unweighted_F4_sprint2_main_seed42_regen_seed2024,XGB_F4,test,11256,11173,hg19,1,0.9939548373222351,0.49377796053886414,validation
xgboost_unweighted_F4_sprint2_main_seed42_regen_seed2024,XGB_F4,test,11257,11173,hg19,1,0.9947040677070618,0.49377796053886414,validation
xgboost_unweighted_F4_sprint2_main_seed42_regen_seed2024,XGB_F4,test,11258,11173,hg19,1,0.9963157773017883,0.49377796053886414,validation
xgboost_unweighted_F4_sprint2_main_seed42_regen_seed2024,XGB_F4,test,11259,11173,hg19,1,0.9957364797592163,0.49377796053886414,validation
xgboost_unweighted_F4_sprint2_main_seed42_regen_seed2024,XGB_F4,test,11260,11173,hg19,1,0.9920215010643005,0.49377796053886414,validation
xgboost_unweighted_F4_sprint2_main_seed42_regen_seed2024,XGB_F4,test,11261,11173,hg19,1,0.9973515272140503,0.49377796053886414,validation
xgboost_unweighted_F4_sprint2_main_seed42_regen_seed2024,XGB_F4,test,11262,11173,hg19,1,0.988644003868103,0.49377796053886414,validation
xgboost_unweighted_F4_sprint2_main_seed42_regen_seed2024,XGB_F4,test,11263,11173,hg19,1,0.9967736601829529,0.49377796053886414,validation
xgboost_unweighted_F4_sprint2_main_seed42_regen_seed2024,XGB_F4,test,11264,11173,hg19,1,0.9947787523269653,0.49377796053886414,validation
xgboost_unweighted_F4_sprint2_main_seed42_regen_seed2024,XGB_F4,test,11265,11173,hg19,1,0.9967406392097473,0.49377796053886414,validation
xgboost_unweighted_F4_sprint2_main_seed42_regen_seed2024,XGB_F4,test,11266,11173,hg19,1,0.9919204711914062,0.49377796053886414,validation
xgboost_unweighted_F4_sprint2_main_seed42_regen_seed2024,XGB_F4,test,11267,11173,hg19,1,0.9959391355514526,0.49377796053886414,validation
xgboost_unweighted_F4_sprint2_main_seed42_regen_seed2024,XGB_F4,test,11268,11173,hg19,1,0.9953101277351379,0.49377796053886414,validation
xgboost_unweighted_F4_sprint2_main_seed42_regen_seed2024,XGB_F4,test,11269,11173,hg19,1,0.9957413673400879,0.49377796053886414,validation
xgboost_unweighted_F4_sprint2_main_seed42_regen_seed2024,XGB_F4,test,11270,11173,hg19,1,0.9954749941825867,0.49377796053886414,validation
xgboost_unweighted_F4_sprint2_main_seed42_regen_seed2024,XGB_F4,test,11271,11173,hg19,1,0.996588945388794,0.49377796053886414,validation
xgboost_unweighted_F4_sprint2_main_seed42_regen_seed2024,XGB_F4,test,11272,11173,hg19,1,0.9946820139884949,0.49377796053886414,validation
xgboost_unweighted_F4_sprint2_main_seed42_regen_seed2024,XGB_F4,test,11273,11173,hg19,1,0.9935594797134399,0.49377796053886414,validation
xgboost_unweighted_F4_sprint2_main_seed42_regen_seed2024,XGB_F4,test,11274,11173,hg19,1,0.9955170750617981,0.49377796053886414,validation
xgboost_unweighted_F4_sprint2_main_seed42_regen_seed2024,XGB_F4,test,11275,11173,hg19,1,0.9957295060157776,0.49377796053886414,validation
xgboost_unweighted_F4_sprint2_main_seed42_regen_seed2024,XGB_F4,test,11276,11173,hg19,1,0.9939715266227722,0.49377796053886414,validation
xgboost_unweighted_F4_sprint2_main_seed42_regen_seed2024,XGB_F4,test,11277,11173,hg19,1,0.9920403361320496,0.49377796053886414,validation
xgboost_unweighted_F4_sprint2_main_seed42_regen_seed2024,XGB_F4,test,11278,11173,hg19,1,0.9961140155792236,0.49377796053886414,validation
xgboost_unweighted_F4_sprint2_main_seed42_regen_seed2024,XGB_F4,test,11279,11173,hg19,1,0.9959484934806824,0.49377796053886414,validation
xgboost_unweighted_F4_sprint2_main_seed42_regen_seed2024,XGB_F4,test,11280,11173,hg19,1,0.995465874671936,0.49377796053886414,validation
xgboost_unweighted_F4_sprint2_main_seed42_regen_seed2024,XGB_F4,test,11299,11299,hg19,1,0.9852845072746277,0.49377796053886414,validation
xgboost_unweighted_F4_sprint2_main_seed42_regen_seed2024,XGB_F4,test,11300,11299,hg19,1,0.9848921298980713,0.49377796053886414,validation
xgboost_unweighted_F4_sprint2_main_seed42_regen_seed2024,XGB_F4,test,11301,11299,hg19,1,0.9613829255104065,0.49377796053886414,validation
xgboost_unweighted_F4_sprint2_main_seed42_regen_seed2024,XGB_F4,test,11302,11299,hg19,1,0.9515039324760437,0.49377796053886414,validation
xgboost_unweighted_F4_sprint2_main_seed42_regen_seed2024,XGB_F4,test,11303,11299,hg19,1,0.9491227865219116,0.49377796053886414,validation
xgboost_unweighted_F4_sprint2_main_seed42_regen_seed2024,XGB_F4,test,11304,11299,hg19,1,0.9705990552902222,0.49377796053886414,validation
xgboost_unweighted_F4_sprint2_main_seed42_regen_seed2024,XGB_F4,test,11305,11299,hg19,1,0.9653868079185486,0.49377796053886414,validation
xgboost_unweighted_F4_sprint2_main_seed42_regen_seed2024,XGB_F4,test,11306,11299,hg19,1,0.9648149013519287,0.49377796053886414,validation
xgboost_unweighted_F4_sprint2_main_seed42_regen_seed2024,XGB_F4,test,11307,11299,hg19,1,0.9491227865219116,0.49377796053886414,validation
xgboost_unweighted_F4_sprint2_main_seed42_regen_seed2024,XGB_F4,test,11308,11299,hg19,1,0.954865038394928,0.49377796053886414,validation
xgboost_unweighted_F4_sprint2_main_seed42_regen_seed2024,XGB_F4,test,11309,11299,hg19,1,0.9536550045013428,0.49377796053886414,validation
xgboost_unweighted_F4_sprint2_main_seed42_regen_seed2024,XGB_F4,test,11480,11487,hg19,1,0.9740816354751587,0.49377796053886414,validation
xgboost_unweighted_F4_sprint2_main_seed42_regen_seed2024,XGB_F4,test,11481,11487,hg19,1,0.9801574349403381,0.49377796053886414,validation
xgboost_unweighted_F4_sprint2_main_seed42_regen_seed2024,XGB_F4,test,11482,11487,hg19,1,0.976796567440033,0.49377796053886414,validation
xgboost_unweighted_F4_sprint2_main_seed42_regen_seed2024,XGB_F4,test,11483,11487,hg19,1,0.9801173806190491,0.49377796053886414,validation
xgboost_unweighted_F4_sprint2_main_seed42_regen_seed2024,XGB_F4,test,11484,11487,hg19,1,0.9807727336883545,0.49377796053886414,validation
xgboost_unweighted_F4_sprint2_main_seed42_regen_seed2024,XGB_F4,test,11485,11487,hg19,1,0.9627742767333984,0.49377796053886414,validation
xgboost_unweighted_F4_sprint2_main_seed42_regen_seed2024,XGB_F4,test,11486,11487,hg19,1,0.9766975045204163,0.49377796053886414,validation
xgboost_unweighted_F4_sprint2_main_seed42_regen_seed2024,XGB_F4,test,11487,11487,hg19,1,0.9888516068458557,0.49377796053886414,validation
xgboost_unweighted_F4_sprint2_main_seed42_regen_seed2024,XGB_F4,test,11488,11487,hg19,1,0.9834291934967041,0.49377796053886414,validation
xgboost_unweighted_F4_sprint2_main_seed42_regen_seed2024,XGB_F4,test,11489,11487,hg19,1,0.976796567440033,0.49377796053886414,validation
xgboost_unweighted_F4_sprint2_main_seed42_regen_seed2024,XGB_F4,test,11490,11487,hg19,1,0.9808306694030762,0.49377796053886414,validation
xgboost_unweighted_F4_sprint2_main_seed42_regen_seed2024,XGB_F4,test,11491,11487,hg19,1,0.9490213990211487,0.49377796053886414,validation
xgboost_unweighted_F4_sprint2_main_seed42_regen_seed2024,XGB_F4,test,11492,11487,hg19,1,0.9534993767738342,0.49377796053886414,validation
xgboost_unweighted_F4_sprint2_main_seed42_regen_seed2024,XGB_F4,test,11506,11506,hg19,1,0.9802439212799072,0.49377796053886414,validation
xgboost_unweighted_F4_sprint2_main_seed42_regen_seed2024,XGB_F4,test,11507,11506,hg19,1,0.9533906579017639,0.49377796053886414,validation
xgboost_unweighted_F4_sprint2_main_seed42_regen_seed2024,XGB_F4,test,11508,11506,hg19,1,0.9673935174942017,0.49377796053886414,validation
xgboost_unweighted_F4_sprint2_main_seed42_regen_seed2024,XGB_F4,test,11509,11506,hg19,0,0.8143303990364075,0.49377796053886414,validation
xgboost_unweighted_F4_sprint2_main_seed42_regen_seed2024,XGB_F4,test,11510,11506,hg19,1,0.9882771372795105,0.49377796053886414,validation
xgboost_unweighted_F4_sprint2_main_seed42_regen_seed2024,XGB_F4,test,11511,11506,hg19,1,0.9254101514816284,0.49377796053886414,validation
xgboost_unweighted_F4_sprint2_main_seed42_regen_seed2024,XGB_F4,test,11512,11506,hg19,0,0.9697961807250977,0.49377796053886414,validation
xgboost_unweighted_F4_sprint2_main_seed42_regen_seed2024,XGB_F4,test,11513,11506,hg19,0,0.91557776927948,0.49377796053886414,validation
xgboost_unweighted_F4_sprint2_main_seed42_regen_seed2024,XGB_F4,test,11514,11506,hg19,0,0.9684814810752869,0.49377796053886414,validation
xgboost_unweighted_F4_sprint2_main_seed42_regen_seed2024,XGB_F4,test,11515,11506,hg19,0,0.9832776188850403,0.49377796053886414,validation
xgboost_unweighted_F4_sprint2_main_seed42_regen_seed2024,XGB_F4,test,11516,11506,hg19,0,0.9624594449996948,0.49377796053886414,validation
xgboost_unweighted_F4_sprint2_main_seed42_regen_seed2024,XGB_F4,test,11517,11506,hg19,0,0.9548442959785461,0.49377796053886414,validation
xgboost_unweighted_F4_sprint2_main_seed42_regen_seed2024,XGB_F4,test,11518,11506,hg19,0,0.9528121948242188,0.49377796053886414,validation
