run_id,predeclared_run_id,role,model_name,architecture,graph_schema,feature_set,split,row_index,grna_target_id,genome,label,score
sprint9_multiseed_S8A_R2_seed7_S8A_R2_context_edge_film,S8A_R2_context_edge_film,graph_c_gatv2_context_edge_film_interaction,gatv2_graph_c_sprint8a_context_edge_film,gatv2,graph_c_context_observation,S5F2_energy,val,0,176,,1,0.5581461191177368
sprint9_multiseed_S8A_R2_seed7_S8A_R2_context_edge_film,S8A_R2_context_edge_film,graph_c_gatv2_context_edge_film_interaction,gatv2_graph_c_sprint8a_context_edge_film,gatv2,graph_c_context_observation,S5F2_energy,val,1,176,,1,0.5014258623123169
sprint9_multiseed_S8A_R2_seed7_S8A_R2_context_edge_film,S8A_R2_context_edge_film,graph_c_gatv2_context_edge_film_interaction,gatv2_graph_c_sprint8a_context_edge_film,gatv2,graph_c_context_observation,S5F2_energy,val,2,176,,1,0.30194300413131714
sprint9_multiseed_S8A_R2_seed7_S8A_R2_context_edge_film,S8A_R2_context_edge_film,graph_c_gatv2_context_edge_film_interaction,gatv2_graph_c_sprint8a_context_edge_film,gatv2,graph_c_context_observation,S5F2_energy,val,3,176,,1,0.31189802289009094
sprint9_multiseed_S8A_R2_seed7_S8A_R2_context_edge_film,S8A_R2_context_edge_film,graph_c_gatv2_context_edge_film_interaction,gatv2_graph_c_sprint8a_context_edge_film,gatv2,graph_c_context_observation,S5F2_energy,val,4,176,,1,0.32256174087524414
sprint9_multiseed_S8A_R2_seed7_S8A_R2_context_edge_film,S8A_R2_context_edge_film,graph_c_gatv2_context_edge_film_interaction,gatv2_graph_c_sprint8a_context_edge_film,gatv2,graph_c_context_observation,S5F2_energy,val,5,176,,1,0.35640841722488403
sprint9_multiseed_S8A_R2_seed7_S8A_R2_context_edge_film,S8A_R2_context_edge_film,graph_c_gatv2_context_edge_film_interaction,gatv2_graph_c_sprint8a_context_edge_film,gatv2,graph_c_context_observation,S5F2_energy,val,6,176,,1,0.2860965132713318
sprint9_multiseed_S8A_R2_seed7_S8A_R2_context_edge_film,S8A_R2_context_edge_film,graph_c_gatv2_context_edge_film_interaction,gatv2_graph_c_sprint8a_context_edge_film,gatv2,graph_c_context_observation,S5F2_energy,val,7,176,,0,0.31599798798561096
sprint9_multiseed_S8A_R2_seed7_S8A_R2_context_edge_film,S8A_R2_context_edge_film,graph_c_gatv2_context_edge_film_interaction,gatv2_graph_c_sprint8a_context_edge_film,gatv2,graph_c_context_observation,S5F2_energy,val,8,176,,1,0.2659248411655426
sprint9_multiseed_S8A_R2_seed7_S8A_R2_context_edge_film,S8A_R2_context_edge_film,graph_c_gatv2_context_edge_film_interaction,gatv2_graph_c_sprint8a_context_edge_film,gatv2,graph_c_context_observation,S5F2_energy,val,9,176,,1,0.2726913094520569
sprint9_multiseed_S8A_R2_seed7_S8A_R2_context_edge_film,S8A_R2_context_edge_film,graph_c_gatv2_context_edge_film_interaction,gatv2_graph_c_sprint8a_context_edge_film,gatv2,graph_c_context_observation,S5F2_energy,val,10,176,,1,0.2728525996208191
sprint9_multiseed_S8A_R2_seed7_S8A_R2_context_edge_film,S8A_R2_context_edge_film,graph_c_gatv2_context_edge_film_interaction,gatv2_graph_c_sprint8a_context_edge_film,gatv2,graph_c_context_observation,S5F2_energy,val,11,176,,0,0.30905619263648987
sprint9_multiseed_S8A_R2_seed7_S8A_R2_context_edge_film,S8A_R2_context_edge_film,graph_c_gatv2_context_edge_film_interaction,gatv2_graph_c_sprint8a_context_edge_film,gatv2,graph_c_context_observation,S5F2_energy,val,12,176,,1,0.2873014509677887
sprint9_multiseed_S8A_R2_seed7_S8A_R2_context_edge_film,S8A_R2_context_edge_film,graph_c_gatv2_context_edge_film_interaction,gatv2_graph_c_sprint8a_context_edge_film,gatv2,graph_c_context_observation,S5F2_energy,val,13,176,,1,0.3304859399795532
sprint9_multiseed_S8A_R2_seed7_S8A_R2_context_edge_film,S8A_R2_context_edge_film,graph_c_gatv2_context_edge_film_interaction,gatv2_graph_c_sprint8a_context_edge_film,gatv2,graph_c_context_observation,S5F2_energy,val,14,214,,1,0.7079363465309143
sprint9_multiseed_S8A_R2_seed7_S8A_R2_context_edge_film,S8A_R2_context_edge_film,graph_c_gatv2_context_edge_film_interaction,gatv2_graph_c_sprint8a_context_edge_film,gatv2,graph_c_context_observation,S5F2_energy,val,15,214,,1,0.696966290473938
sprint9_multiseed_S8A_R2_seed7_S8A_R2_context_edge_film,S8A_R2_context_edge_film,graph_c_gatv2_context_edge_film_interaction,gatv2_graph_c_sprint8a_context_edge_film,gatv2,graph_c_context_observation,S5F2_energy,val,16,214,,1,0.5505744218826294
sprint9_multiseed_S8A_R2_seed7_S8A_R2_context_edge_film,S8A_R2_context_edge_film,graph_c_gatv2_context_edge_film_interaction,gatv2_graph_c_sprint8a_context_edge_film,gatv2,graph_c_context_observation,S5F2_energy,val,17,214,,1,0.7339597940444946
sprint9_multiseed_S8A_R2_seed7_S8A_R2_context_edge_film,S8A_R2_context_edge_film,graph_c_gatv2_context_edge_film_interaction,gatv2_graph_c_sprint8a_context_edge_film,gatv2,graph_c_context_observation,S5F2_energy,val,18,214,,1,0.5777509212493896
sprint9_multiseed_S8A_R2_seed7_S8A_R2_context_edge_film,S8A_R2_context_edge_film,graph_c_gatv2_context_edge_film_interaction,gatv2_graph_c_sprint8a_context_edge_film,gatv2,graph_c_context_observation,S5F2_energy,val,19,214,,0,0.4129346013069153
sprint9_multiseed_S8A_R2_seed7_S8A_R2_context_edge_film,S8A_R2_context_edge_film,graph_c_gatv2_context_edge_film_interaction,gatv2_graph_c_sprint8a_context_edge_film,gatv2,graph_c_context_observation,S5F2_energy,val,20,214,,1,0.5282144546508789
sprint9_multiseed_S8A_R2_seed7_S8A_R2_context_edge_film,S8A_R2_context_edge_film,graph_c_gatv2_context_edge_film_interaction,gatv2_graph_c_sprint8a_context_edge_film,gatv2,graph_c_context_observation,S5F2_energy,val,21,214,,0,0.47340312600135803
sprint9_multiseed_S8A_R2_seed7_S8A_R2_context_edge_film,S8A_R2_context_edge_film,graph_c_gatv2_context_edge_film_interaction,gatv2_graph_c_sprint8a_context_edge_film,gatv2,graph_c_context_observation,S5F2_energy,val,22,214,,1,0.3429100215435028
sprint9_multiseed_S8A_R2_seed7_S8A_R2_context_edge_film,S8A_R2_context_edge_film,graph_c_gatv2_context_edge_film_interaction,gatv2_graph_c_sprint8a_context_edge_film,gatv2,graph_c_context_observation,S5F2_energy,val,23,214,,1,0.42160606384277344
sprint9_multiseed_S8A_R2_seed7_S8A_R2_context_edge_film,S8A_R2_context_edge_film,graph_c_gatv2_context_edge_film_interaction,gatv2_graph_c_sprint8a_context_edge_film,gatv2,graph_c_context_observation,S5F2_energy,val,24,214,,0,0.25680285692214966
sprint9_multiseed_S8A_R2_seed7_S8A_R2_context_edge_film,S8A_R2_context_edge_film,graph_c_gatv2_context_edge_film_interaction,gatv2_graph_c_sprint8a_context_edge_film,gatv2,graph_c_context_observation,S5F2_energy,val,25,214,,1,0.4960113763809204
sprint9_multiseed_S8A_R2_seed7_S8A_R2_context_edge_film,S8A_R2_context_edge_film,graph_c_gatv2_context_edge_film_interaction,gatv2_graph_c_sprint8a_context_edge_film,gatv2,graph_c_context_observation,S5F2_energy,val,26,214,,0,0.5613639950752258
sprint9_multiseed_S8A_R2_seed7_S8A_R2_context_edge_film,S8A_R2_context_edge_film,graph_c_gatv2_context_edge_film_interaction,gatv2_graph_c_sprint8a_context_edge_film,gatv2,graph_c_context_observation,S5F2_energy,val,27,214,,0,0.33578771352767944
sprint9_multiseed_S8A_R2_seed7_S8A_R2_context_edge_film,S8A_R2_context_edge_film,graph_c_gatv2_context_edge_film_interaction,gatv2_graph_c_sprint8a_context_edge_film,gatv2,graph_c_context_observation,S5F2_energy,val,28,310,,1,0.7062079906463623
sprint9_multiseed_S8A_R2_seed7_S8A_R2_context_edge_film,S8A_R2_context_edge_film,graph_c_gatv2_context_edge_film_interaction,gatv2_graph_c_sprint8a_context_edge_film,gatv2,graph_c_context_observation,S5F2_energy,val,29,310,,1,0.5624876022338867
sprint9_multiseed_S8A_R2_seed7_S8A_R2_context_edge_film,S8A_R2_context_edge_film,graph_c_gatv2_context_edge_film_interaction,gatv2_graph_c_sprint8a_context_edge_film,gatv2,graph_c_context_observation,S5F2_energy,val,30,310,,1,0.6143313050270081
sprint9_multiseed_S8A_R2_seed7_S8A_R2_context_edge_film,S8A_R2_context_edge_film,graph_c_gatv2_context_edge_film_interaction,gatv2_graph_c_sprint8a_context_edge_film,gatv2,graph_c_context_observation,S5F2_energy,val,31,310,,1,0.5452085733413696
sprint9_multiseed_S8A_R2_seed7_S8A_R2_context_edge_film,S8A_R2_context_edge_film,graph_c_gatv2_context_edge_film_interaction,gatv2_graph_c_sprint8a_context_edge_film,gatv2,graph_c_context_observation,S5F2_energy,val,32,310,,1,0.6285917162895203
sprint9_multiseed_S8A_R2_seed7_S8A_R2_context_edge_film,S8A_R2_context_edge_film,graph_c_gatv2_context_edge_film_interaction,gatv2_graph_c_sprint8a_context_edge_film,gatv2,graph_c_context_observation,S5F2_energy,val,33,310,,1,0.3463910222053528
sprint9_multiseed_S8A_R2_seed7_S8A_R2_context_edge_film,S8A_R2_context_edge_film,graph_c_gatv2_context_edge_film_interaction,gatv2_graph_c_sprint8a_context_edge_film,gatv2,graph_c_context_observation,S5F2_energy,val,34,310,,1,0.4887576401233673
sprint9_multiseed_S8A_R2_seed7_S8A_R2_context_edge_film,S8A_R2_context_edge_film,graph_c_gatv2_context_edge_film_interaction,gatv2_graph_c_sprint8a_context_edge_film,gatv2,graph_c_context_observation,S5F2_energy,val,35,310,,1,0.5151947140693665
sprint9_multiseed_S8A_R2_seed7_S8A_R2_context_edge_film,S8A_R2_context_edge_film,graph_c_gatv2_context_edge_film_interaction,gatv2_graph_c_sprint8a_context_edge_film,gatv2,graph_c_context_observation,S5F2_energy,val,36,310,,0,0.2045917510986328
sprint9_multiseed_S8A_R2_seed7_S8A_R2_context_edge_film,S8A_R2_context_edge_film,graph_c_gatv2_context_edge_film_interaction,gatv2_graph_c_sprint8a_context_edge_film,gatv2,graph_c_context_observation,S5F2_energy,val,37,310,,1,0.37236687541007996
sprint9_multiseed_S8A_R2_seed7_S8A_R2_context_edge_film,S8A_R2_context_edge_film,graph_c_gatv2_context_edge_film_interaction,gatv2_graph_c_sprint8a_context_edge_film,gatv2,graph_c_context_observation,S5F2_energy,val,38,310,,1,0.353251188993454
sprint9_multiseed_S8A_R2_seed7_S8A_R2_context_edge_film,S8A_R2_context_edge_film,graph_c_gatv2_context_edge_film_interaction,gatv2_graph_c_sprint8a_context_edge_film,gatv2,graph_c_context_observation,S5F2_energy,val,39,310,,0,0.18960125744342804
sprint9_multiseed_S8A_R2_seed7_S8A_R2_context_edge_film,S8A_R2_context_edge_film,graph_c_gatv2_context_edge_film_interaction,gatv2_graph_c_sprint8a_context_edge_film,gatv2,graph_c_context_observation,S5F2_energy,val,40,322,,1,0.3998091220855713
sprint9_multiseed_S8A_R2_seed7_S8A_R2_context_edge_film,S8A_R2_context_edge_film,graph_c_gatv2_context_edge_film_interaction,gatv2_graph_c_sprint8a_context_edge_film,gatv2,graph_c_context_observation,S5F2_energy,val,41,322,,1,0.393771767616272
sprint9_multiseed_S8A_R2_seed7_S8A_R2_context_edge_film,S8A_R2_context_edge_film,graph_c_gatv2_context_edge_film_interaction,gatv2_graph_c_sprint8a_context_edge_film,gatv2,graph_c_context_observation,S5F2_energy,val,42,322,,1,0.2958243489265442
sprint9_multiseed_S8A_R2_seed7_S8A_R2_context_edge_film,S8A_R2_context_edge_film,graph_c_gatv2_context_edge_film_interaction,gatv2_graph_c_sprint8a_context_edge_film,gatv2,graph_c_context_observation,S5F2_energy,val,43,322,,1,0.33895763754844666
sprint9_multiseed_S8A_R2_seed7_S8A_R2_context_edge_film,S8A_R2_context_edge_film,graph_c_gatv2_context_edge_film_interaction,gatv2_graph_c_sprint8a_context_edge_film,gatv2,graph_c_context_observation,S5F2_energy,val,44,322,,1,0.35171952843666077
sprint9_multiseed_S8A_R2_seed7_S8A_R2_context_edge_film,S8A_R2_context_edge_film,graph_c_gatv2_context_edge_film_interaction,gatv2_graph_c_sprint8a_context_edge_film,gatv2,graph_c_context_observation,S5F2_energy,val,45,322,,1,0.1842910498380661
sprint9_multiseed_S8A_R2_seed7_S8A_R2_context_edge_film,S8A_R2_context_edge_film,graph_c_gatv2_context_edge_film_interaction,gatv2_graph_c_sprint8a_context_edge_film,gatv2,graph_c_context_observation,S5F2_energy,val,46,322,,1,0.2766462564468384
sprint9_multiseed_S8A_R2_seed7_S8A_R2_context_edge_film,S8A_R2_context_edge_film,graph_c_gatv2_context_edge_film_interaction,gatv2_graph_c_sprint8a_context_edge_film,gatv2,graph_c_context_observation,S5F2_energy,val,47,322,,1,0.315001904964447
sprint9_multiseed_S8A_R2_seed7_S8A_R2_context_edge_film,S8A_R2_context_edge_film,graph_c_gatv2_context_edge_film_interaction,gatv2_graph_c_sprint8a_context_edge_film,gatv2,graph_c_context_observation,S5F2_energy,val,48,322,,1,0.29377615451812744
sprint9_multiseed_S8A_R2_seed7_S8A_R2_context_edge_film,S8A_R2_context_edge_film,graph_c_gatv2_context_edge_film_interaction,gatv2_graph_c_sprint8a_context_edge_film,gatv2,graph_c_context_observation,S5F2_energy,val,49,541,,1,0.7537418603897095
sprint9_multiseed_S8A_R2_seed7_S8A_R2_context_edge_film,S8A_R2_context_edge_film,graph_c_gatv2_context_edge_film_interaction,gatv2_graph_c_sprint8a_context_edge_film,gatv2,graph_c_context_observation,S5F2_energy,val,50,541,,1,0.715826690196991
sprint9_multiseed_S8A_R2_seed7_S8A_R2_context_edge_film,S8A_R2_context_edge_film,graph_c_gatv2_context_edge_film_interaction,gatv2_graph_c_sprint8a_context_edge_film,gatv2,graph_c_context_observation,S5F2_energy,val,51,541,,1,0.789816677570343
sprint9_multiseed_S8A_R2_seed7_S8A_R2_context_edge_film,S8A_R2_context_edge_film,graph_c_gatv2_context_edge_film_interaction,gatv2_graph_c_sprint8a_context_edge_film,gatv2,graph_c_context_observation,S5F2_energy,val,52,541,,1,0.6943430304527283
sprint9_multiseed_S8A_R2_seed7_S8A_R2_context_edge_film,S8A_R2_context_edge_film,graph_c_gatv2_context_edge_film_interaction,gatv2_graph_c_sprint8a_context_edge_film,gatv2,graph_c_context_observation,S5F2_energy,val,53,541,,1,0.6130440831184387
sprint9_multiseed_S8A_R2_seed7_S8A_R2_context_edge_film,S8A_R2_context_edge_film,graph_c_gatv2_context_edge_film_interaction,gatv2_graph_c_sprint8a_context_edge_film,gatv2,graph_c_context_observation,S5F2_energy,val,54,541,,1,0.6644020080566406
sprint9_multiseed_S8A_R2_seed7_S8A_R2_context_edge_film,S8A_R2_context_edge_film,graph_c_gatv2_context_edge_film_interaction,gatv2_graph_c_sprint8a_context_edge_film,gatv2,graph_c_context_observation,S5F2_energy,val,55,541,,1,0.6371454000473022
sprint9_multiseed_S8A_R2_seed7_S8A_R2_context_edge_film,S8A_R2_context_edge_film,graph_c_gatv2_context_edge_film_interaction,gatv2_graph_c_sprint8a_context_edge_film,gatv2,graph_c_context_observation,S5F2_energy,val,56,541,,1,0.6996363997459412
sprint9_multiseed_S8A_R2_seed7_S8A_R2_context_edge_film,S8A_R2_context_edge_film,graph_c_gatv2_context_edge_film_interaction,gatv2_graph_c_sprint8a_context_edge_film,gatv2,graph_c_context_observation,S5F2_energy,val,57,541,,1,0.7155875563621521
sprint9_multiseed_S8A_R2_seed7_S8A_R2_context_edge_film,S8A_R2_context_edge_film,graph_c_gatv2_context_edge_film_interaction,gatv2_graph_c_sprint8a_context_edge_film,gatv2,graph_c_context_observation,S5F2_energy,val,58,541,,1,0.6560384035110474
sprint9_multiseed_S8A_R2_seed7_S8A_R2_context_edge_film,S8A_R2_context_edge_film,graph_c_gatv2_context_edge_film_interaction,gatv2_graph_c_sprint8a_context_edge_film,gatv2,graph_c_context_observation,S5F2_energy,val,59,541,,1,0.7665864825248718
sprint9_multiseed_S8A_R2_seed7_S8A_R2_context_edge_film,S8A_R2_context_edge_film,graph_c_gatv2_context_edge_film_interaction,gatv2_graph_c_sprint8a_context_edge_film,gatv2,graph_c_context_observation,S5F2_energy,val,60,541,,1,0.7204618453979492
sprint9_multiseed_S8A_R2_seed7_S8A_R2_context_edge_film,S8A_R2_context_edge_film,graph_c_gatv2_context_edge_film_interaction,gatv2_graph_c_sprint8a_context_edge_film,gatv2,graph_c_context_observation,S5F2_energy,val,61,541,,1,0.6368510127067566
sprint9_multiseed_S8A_R2_seed7_S8A_R2_context_edge_film,S8A_R2_context_edge_film,graph_c_gatv2_context_edge_film_interaction,gatv2_graph_c_sprint8a_context_edge_film,gatv2,graph_c_context_observation,S5F2_energy,val,62,541,,1,0.7678403854370117
sprint9_multiseed_S8A_R2_seed7_S8A_R2_context_edge_film,S8A_R2_context_edge_film,graph_c_gatv2_context_edge_film_interaction,gatv2_graph_c_sprint8a_context_edge_film,gatv2,graph_c_context_observation,S5F2_energy,val,63,541,,1,0.6530770063400269
sprint9_multiseed_S8A_R2_seed7_S8A_R2_context_edge_film,S8A_R2_context_edge_film,graph_c_gatv2_context_edge_film_interaction,gatv2_graph_c_sprint8a_context_edge_film,gatv2,graph_c_context_observation,S5F2_energy,val,64,541,,1,0.6988456845283508
sprint9_multiseed_S8A_R2_seed7_S8A_R2_context_edge_film,S8A_R2_context_edge_film,graph_c_gatv2_context_edge_film_interaction,gatv2_graph_c_sprint8a_context_edge_film,gatv2,graph_c_context_observation,S5F2_energy,val,65,541,,1,0.7088069915771484
sprint9_multiseed_S8A_R2_seed7_S8A_R2_context_edge_film,S8A_R2_context_edge_film,graph_c_gatv2_context_edge_film_interaction,gatv2_graph_c_sprint8a_context_edge_film,gatv2,graph_c_context_observation,S5F2_energy,val,66,541,,1,0.7244600057601929
sprint9_multiseed_S8A_R2_seed7_S8A_R2_context_edge_film,S8A_R2_context_edge_film,graph_c_gatv2_context_edge_film_interaction,gatv2_graph_c_sprint8a_context_edge_film,gatv2,graph_c_context_observation,S5F2_energy,val,67,541,,1,0.7014595866203308
sprint9_multiseed_S8A_R2_seed7_S8A_R2_context_edge_film,S8A_R2_context_edge_film,graph_c_gatv2_context_edge_film_interaction,gatv2_graph_c_sprint8a_context_edge_film,gatv2,graph_c_context_observation,S5F2_energy,val,68,541,,1,0.6990967392921448
sprint9_multiseed_S8A_R2_seed7_S8A_R2_context_edge_film,S8A_R2_context_edge_film,graph_c_gatv2_context_edge_film_interaction,gatv2_graph_c_sprint8a_context_edge_film,gatv2,graph_c_context_observation,S5F2_energy,val,69,541,,1,0.6674798727035522
sprint9_multiseed_S8A_R2_seed7_S8A_R2_context_edge_film,S8A_R2_context_edge_film,graph_c_gatv2_context_edge_film_interaction,gatv2_graph_c_sprint8a_context_edge_film,gatv2,graph_c_context_observation,S5F2_energy,val,70,541,,1,0.6970999240875244
sprint9_multiseed_S8A_R2_seed7_S8A_R2_context_edge_film,S8A_R2_context_edge_film,graph_c_gatv2_context_edge_film_interaction,gatv2_graph_c_sprint8a_context_edge_film,gatv2,graph_c_context_observation,S5F2_energy,val,71,541,,1,0.6624892354011536
sprint9_multiseed_S8A_R2_seed7_S8A_R2_context_edge_film,S8A_R2_context_edge_film,graph_c_gatv2_context_edge_film_interaction,gatv2_graph_c_sprint8a_context_edge_film,gatv2,graph_c_context_observation,S5F2_energy,val,72,541,,1,0.6597795486450195
sprint9_multiseed_S8A_R2_seed7_S8A_R2_context_edge_film,S8A_R2_context_edge_film,graph_c_gatv2_context_edge_film_interaction,gatv2_graph_c_sprint8a_context_edge_film,gatv2,graph_c_context_observation,S5F2_energy,val,73,541,,1,0.7385215759277344
sprint9_multiseed_S8A_R2_seed7_S8A_R2_context_edge_film,S8A_R2_context_edge_film,graph_c_gatv2_context_edge_film_interaction,gatv2_graph_c_sprint8a_context_edge_film,gatv2,graph_c_context_observation,S5F2_energy,val,74,541,,1,0.7397802472114563
sprint9_multiseed_S8A_R2_seed7_S8A_R2_context_edge_film,S8A_R2_context_edge_film,graph_c_gatv2_context_edge_film_interaction,gatv2_graph_c_sprint8a_context_edge_film,gatv2,graph_c_context_observation,S5F2_energy,val,75,541,,1,0.6335398554801941
sprint9_multiseed_S8A_R2_seed7_S8A_R2_context_edge_film,S8A_R2_context_edge_film,graph_c_gatv2_context_edge_film_interaction,gatv2_graph_c_sprint8a_context_edge_film,gatv2,graph_c_context_observation,S5F2_energy,val,76,541,,1,0.6801912188529968
sprint9_multiseed_S8A_R2_seed7_S8A_R2_context_edge_film,S8A_R2_context_edge_film,graph_c_gatv2_context_edge_film_interaction,gatv2_graph_c_sprint8a_context_edge_film,gatv2,graph_c_context_observation,S5F2_energy,val,77,541,,1,0.6842339038848877
sprint9_multiseed_S8A_R2_seed7_S8A_R2_context_edge_film,S8A_R2_context_edge_film,graph_c_gatv2_context_edge_film_interaction,gatv2_graph_c_sprint8a_context_edge_film,gatv2,graph_c_context_observation,S5F2_energy,val,78,541,,1,0.70206218957901
sprint9_multiseed_S8A_R2_seed7_S8A_R2_context_edge_film,S8A_R2_context_edge_film,graph_c_gatv2_context_edge_film_interaction,gatv2_graph_c_sprint8a_context_edge_film,gatv2,graph_c_context_observation,S5F2_energy,val,79,541,,1,0.7100117206573486
sprint9_multiseed_S8A_R2_seed7_S8A_R2_context_edge_film,S8A_R2_context_edge_film,graph_c_gatv2_context_edge_film_interaction,gatv2_graph_c_sprint8a_context_edge_film,gatv2,graph_c_context_observation,S5F2_energy,val,80,541,,1,0.7278698682785034
sprint9_multiseed_S8A_R2_seed7_S8A_R2_context_edge_film,S8A_R2_context_edge_film,graph_c_gatv2_context_edge_film_interaction,gatv2_graph_c_sprint8a_context_edge_film,gatv2,graph_c_context_observation,S5F2_energy,val,81,541,,1,0.6987076997756958
sprint9_multiseed_S8A_R2_seed7_S8A_R2_context_edge_film,S8A_R2_context_edge_film,graph_c_gatv2_context_edge_film_interaction,gatv2_graph_c_sprint8a_context_edge_film,gatv2,graph_c_context_observation,S5F2_energy,val,82,541,,1,0.6998122930526733
sprint9_multiseed_S8A_R2_seed7_S8A_R2_context_edge_film,S8A_R2_context_edge_film,graph_c_gatv2_context_edge_film_interaction,gatv2_graph_c_sprint8a_context_edge_film,gatv2,graph_c_context_observation,S5F2_energy,val,83,541,,1,0.7228937149047852
sprint9_multiseed_S8A_R2_seed7_S8A_R2_context_edge_film,S8A_R2_context_edge_film,graph_c_gatv2_context_edge_film_interaction,gatv2_graph_c_sprint8a_context_edge_film,gatv2,graph_c_context_observation,S5F2_energy,val,84,541,,1,0.6813785433769226
sprint9_multiseed_S8A_R2_seed7_S8A_R2_context_edge_film,S8A_R2_context_edge_film,graph_c_gatv2_context_edge_film_interaction,gatv2_graph_c_sprint8a_context_edge_film,gatv2,graph_c_context_observation,S5F2_energy,val,85,541,,1,0.6106798648834229
sprint9_multiseed_S8A_R2_seed7_S8A_R2_context_edge_film,S8A_R2_context_edge_film,graph_c_gatv2_context_edge_film_interaction,gatv2_graph_c_sprint8a_context_edge_film,gatv2,graph_c_context_observation,S5F2_energy,val,86,541,,1,0.7007545828819275
sprint9_multiseed_S8A_R2_seed7_S8A_R2_context_edge_film,S8A_R2_context_edge_film,graph_c_gatv2_context_edge_film_interaction,gatv2_graph_c_sprint8a_context_edge_film,gatv2,graph_c_context_observation,S5F2_energy,val,87,541,,1,0.6896636486053467
sprint9_multiseed_S8A_R2_seed7_S8A_R2_context_edge_film,S8A_R2_context_edge_film,graph_c_gatv2_context_edge_film_interaction,gatv2_graph_c_sprint8a_context_edge_film,gatv2,graph_c_context_observation,S5F2_energy,val,88,541,,1,0.6708453893661499
sprint9_multiseed_S8A_R2_seed7_S8A_R2_context_edge_film,S8A_R2_context_edge_film,graph_c_gatv2_context_edge_film_interaction,gatv2_graph_c_sprint8a_context_edge_film,gatv2,graph_c_context_observation,S5F2_energy,val,89,541,,1,0.6564217805862427
sprint9_multiseed_S8A_R2_seed7_S8A_R2_context_edge_film,S8A_R2_context_edge_film,graph_c_gatv2_context_edge_film_interaction,gatv2_graph_c_sprint8a_context_edge_film,gatv2,graph_c_context_observation,S5F2_energy,val,90,541,,1,0.6594074964523315
sprint9_multiseed_S8A_R2_seed7_S8A_R2_context_edge_film,S8A_R2_context_edge_film,graph_c_gatv2_context_edge_film_interaction,gatv2_graph_c_sprint8a_context_edge_film,gatv2,graph_c_context_observation,S5F2_energy,val,91,541,,1,0.7186091542243958
sprint9_multiseed_S8A_R2_seed7_S8A_R2_context_edge_film,S8A_R2_context_edge_film,graph_c_gatv2_context_edge_film_interaction,gatv2_graph_c_sprint8a_context_edge_film,gatv2,graph_c_context_observation,S5F2_energy,val,92,541,,1,0.6973369717597961
sprint9_multiseed_S8A_R2_seed7_S8A_R2_context_edge_film,S8A_R2_context_edge_film,graph_c_gatv2_context_edge_film_interaction,gatv2_graph_c_sprint8a_context_edge_film,gatv2,graph_c_context_observation,S5F2_energy,val,93,541,,1,0.7062084674835205
sprint9_multiseed_S8A_R2_seed7_S8A_R2_context_edge_film,S8A_R2_context_edge_film,graph_c_gatv2_context_edge_film_interaction,gatv2_graph_c_sprint8a_context_edge_film,gatv2,graph_c_context_observation,S5F2_energy,val,94,541,,1,0.6434546113014221
sprint9_multiseed_S8A_R2_seed7_S8A_R2_context_edge_film,S8A_R2_context_edge_film,graph_c_gatv2_context_edge_film_interaction,gatv2_graph_c_sprint8a_context_edge_film,gatv2,graph_c_context_observation,S5F2_energy,val,95,541,,1,0.6980082988739014
sprint9_multiseed_S8A_R2_seed7_S8A_R2_context_edge_film,S8A_R2_context_edge_film,graph_c_gatv2_context_edge_film_interaction,gatv2_graph_c_sprint8a_context_edge_film,gatv2,graph_c_context_observation,S5F2_energy,val,96,541,,1,0.7151603102684021
sprint9_multiseed_S8A_R2_seed7_S8A_R2_context_edge_film,S8A_R2_context_edge_film,graph_c_gatv2_context_edge_film_interaction,gatv2_graph_c_sprint8a_context_edge_film,gatv2,graph_c_context_observation,S5F2_energy,val,97,541,,1,0.6094622611999512
sprint9_multiseed_S8A_R2_seed7_S8A_R2_context_edge_film,S8A_R2_context_edge_film,graph_c_gatv2_context_edge_film_interaction,gatv2_graph_c_sprint8a_context_edge_film,gatv2,graph_c_context_observation,S5F2_energy,val,98,541,,1,0.6899779438972473
sprint9_multiseed_S8A_R2_seed7_S8A_R2_context_edge_film,S8A_R2_context_edge_film,graph_c_gatv2_context_edge_film_interaction,gatv2_graph_c_sprint8a_context_edge_film,gatv2,graph_c_context_observation,S5F2_energy,val,99,541,,1,0.6803613901138306
sprint9_multiseed_S8A_R2_seed7_S8A_R2_context_edge_film,S8A_R2_context_edge_film,graph_c_gatv2_context_edge_film_interaction,gatv2_graph_c_sprint8a_context_edge_film,gatv2,graph_c_context_observation,S5F2_energy,val,100,541,,1,0.6739871501922607
sprint9_multiseed_S8A_R2_seed7_S8A_R2_context_edge_film,S8A_R2_context_edge_film,graph_c_gatv2_context_edge_film_interaction,gatv2_graph_c_sprint8a_context_edge_film,gatv2,graph_c_context_observation,S5F2_energy,val,101,541,,1,0.6548236608505249
sprint9_multiseed_S8A_R2_seed7_S8A_R2_context_edge_film,S8A_R2_context_edge_film,graph_c_gatv2_context_edge_film_interaction,gatv2_graph_c_sprint8a_context_edge_film,gatv2,graph_c_context_observation,S5F2_energy,val,102,541,,1,0.7351186275482178
sprint9_multiseed_S8A_R2_seed7_S8A_R2_context_edge_film,S8A_R2_context_edge_film,graph_c_gatv2_context_edge_film_interaction,gatv2_graph_c_sprint8a_context_edge_film,gatv2,graph_c_context_observation,S5F2_energy,val,103,541,,1,0.5147007703781128
sprint9_multiseed_S8A_R2_seed7_S8A_R2_context_edge_film,S8A_R2_context_edge_film,graph_c_gatv2_context_edge_film_interaction,gatv2_graph_c_sprint8a_context_edge_film,gatv2,graph_c_context_observation,S5F2_energy,val,104,541,,1,0.6145105361938477
sprint9_multiseed_S8A_R2_seed7_S8A_R2_context_edge_film,S8A_R2_context_edge_film,graph_c_gatv2_context_edge_film_interaction,gatv2_graph_c_sprint8a_context_edge_film,gatv2,graph_c_context_observation,S5F2_energy,val,105,541,,1,0.6740753650665283
sprint9_multiseed_S8A_R2_seed7_S8A_R2_context_edge_film,S8A_R2_context_edge_film,graph_c_gatv2_context_edge_film_interaction,gatv2_graph_c_sprint8a_context_edge_film,gatv2,graph_c_context_observation,S5F2_energy,val,106,541,,1,0.6771830916404724
sprint9_multiseed_S8A_R2_seed7_S8A_R2_context_edge_film,S8A_R2_context_edge_film,graph_c_gatv2_context_edge_film_interaction,gatv2_graph_c_sprint8a_context_edge_film,gatv2,graph_c_context_observation,S5F2_energy,val,107,541,,1,0.6005377769470215
sprint9_multiseed_S8A_R2_seed7_S8A_R2_context_edge_film,S8A_R2_context_edge_film,graph_c_gatv2_context_edge_film_interaction,gatv2_graph_c_sprint8a_context_edge_film,gatv2,graph_c_context_observation,S5F2_energy,val,108,541,,1,0.6987159848213196
sprint9_multiseed_S8A_R2_seed7_S8A_R2_context_edge_film,S8A_R2_context_edge_film,graph_c_gatv2_context_edge_film_interaction,gatv2_graph_c_sprint8a_context_edge_film,gatv2,graph_c_context_observation,S5F2_energy,val,109,625,,1,0.7077164053916931
sprint9_multiseed_S8A_R2_seed7_S8A_R2_context_edge_film,S8A_R2_context_edge_film,graph_c_gatv2_context_edge_film_interaction,gatv2_graph_c_sprint8a_context_edge_film,gatv2,graph_c_context_observation,S5F2_energy,val,110,625,,1,0.53422611951828
sprint9_multiseed_S8A_R2_seed7_S8A_R2_context_edge_film,S8A_R2_context_edge_film,graph_c_gatv2_context_edge_film_interaction,gatv2_graph_c_sprint8a_context_edge_film,gatv2,graph_c_context_observation,S5F2_energy,val,111,625,,1,0.4589318633079529
sprint9_multiseed_S8A_R2_seed7_S8A_R2_context_edge_film,S8A_R2_context_edge_film,graph_c_gatv2_context_edge_film_interaction,gatv2_graph_c_sprint8a_context_edge_film,gatv2,graph_c_context_observation,S5F2_energy,val,112,625,,1,0.5095791816711426
sprint9_multiseed_S8A_R2_seed7_S8A_R2_context_edge_film,S8A_R2_context_edge_film,graph_c_gatv2_context_edge_film_interaction,gatv2_graph_c_sprint8a_context_edge_film,gatv2,graph_c_context_observation,S5F2_energy,val,113,625,,1,0.5786532759666443
sprint9_multiseed_S8A_R2_seed7_S8A_R2_context_edge_film,S8A_R2_context_edge_film,graph_c_gatv2_context_edge_film_interaction,gatv2_graph_c_sprint8a_context_edge_film,gatv2,graph_c_context_observation,S5F2_energy,val,114,625,,1,0.39176705479621887
sprint9_multiseed_S8A_R2_seed7_S8A_R2_context_edge_film,S8A_R2_context_edge_film,graph_c_gatv2_context_edge_film_interaction,gatv2_graph_c_sprint8a_context_edge_film,gatv2,graph_c_context_observation,S5F2_energy,val,115,625,,1,0.44125401973724365
sprint9_multiseed_S8A_R2_seed7_S8A_R2_context_edge_film,S8A_R2_context_edge_film,graph_c_gatv2_context_edge_film_interaction,gatv2_graph_c_sprint8a_context_edge_film,gatv2,graph_c_context_observation,S5F2_energy,val,116,625,,1,0.4536874294281006
sprint9_multiseed_S8A_R2_seed7_S8A_R2_context_edge_film,S8A_R2_context_edge_film,graph_c_gatv2_context_edge_film_interaction,gatv2_graph_c_sprint8a_context_edge_film,gatv2,graph_c_context_observation,S5F2_energy,val,117,625,,1,0.5143227577209473
sprint9_multiseed_S8A_R2_seed7_S8A_R2_context_edge_film,S8A_R2_context_edge_film,graph_c_gatv2_context_edge_film_interaction,gatv2_graph_c_sprint8a_context_edge_film,gatv2,graph_c_context_observation,S5F2_energy,val,118,625,,1,0.42412811517715454
sprint9_multiseed_S8A_R2_seed7_S8A_R2_context_edge_film,S8A_R2_context_edge_film,graph_c_gatv2_context_edge_film_interaction,gatv2_graph_c_sprint8a_context_edge_film,gatv2,graph_c_context_observation,S5F2_energy,val,119,779,,1,0.594865620136261
sprint9_multiseed_S8A_R2_seed7_S8A_R2_context_edge_film,S8A_R2_context_edge_film,graph_c_gatv2_context_edge_film_interaction,gatv2_graph_c_sprint8a_context_edge_film,gatv2,graph_c_context_observation,S5F2_energy,val,120,779,,1,0.5666350722312927
sprint9_multiseed_S8A_R2_seed7_S8A_R2_context_edge_film,S8A_R2_context_edge_film,graph_c_gatv2_context_edge_film_interaction,gatv2_graph_c_sprint8a_context_edge_film,gatv2,graph_c_context_observation,S5F2_energy,val,121,779,,1,0.20891717076301575
sprint9_multiseed_S8A_R2_seed7_S8A_R2_context_edge_film,S8A_R2_context_edge_film,graph_c_gatv2_context_edge_film_interaction,gatv2_graph_c_sprint8a_context_edge_film,gatv2,graph_c_context_observation,S5F2_energy,val,122,779,,1,0.7230349183082581
sprint9_multiseed_S8A_R2_seed7_S8A_R2_context_edge_film,S8A_R2_context_edge_film,graph_c_gatv2_context_edge_film_interaction,gatv2_graph_c_sprint8a_context_edge_film,gatv2,graph_c_context_observation,S5F2_energy,val,123,779,,1,0.22981512546539307
sprint9_multiseed_S8A_R2_seed7_S8A_R2_context_edge_film,S8A_R2_context_edge_film,graph_c_gatv2_context_edge_film_interaction,gatv2_graph_c_sprint8a_context_edge_film,gatv2,graph_c_context_observation,S5F2_energy,val,124,779,,1,0.17362076044082642
sprint9_multiseed_S8A_R2_seed7_S8A_R2_context_edge_film,S8A_R2_context_edge_film,graph_c_gatv2_context_edge_film_interaction,gatv2_graph_c_sprint8a_context_edge_film,gatv2,graph_c_context_observation,S5F2_energy,val,125,779,,1,0.449508935213089
sprint9_multiseed_S8A_R2_seed7_S8A_R2_context_edge_film,S8A_R2_context_edge_film,graph_c_gatv2_context_edge_film_interaction,gatv2_graph_c_sprint8a_context_edge_film,gatv2,graph_c_context_observation,S5F2_energy,val,126,779,,1,0.20454132556915283
sprint9_multiseed_S8A_R2_seed7_S8A_R2_context_edge_film,S8A_R2_context_edge_film,graph_c_gatv2_context_edge_film_interaction,gatv2_graph_c_sprint8a_context_edge_film,gatv2,graph_c_context_observation,S5F2_energy,val,127,779,,1,0.3617042303085327
sprint9_multiseed_S8A_R2_seed7_S8A_R2_context_edge_film,S8A_R2_context_edge_film,graph_c_gatv2_context_edge_film_interaction,gatv2_graph_c_sprint8a_context_edge_film,gatv2,graph_c_context_observation,S5F2_energy,val,128,779,,1,0.20491406321525574
sprint9_multiseed_S8A_R2_seed7_S8A_R2_context_edge_film,S8A_R2_context_edge_film,graph_c_gatv2_context_edge_film_interaction,gatv2_graph_c_sprint8a_context_edge_film,gatv2,graph_c_context_observation,S5F2_energy,val,129,541,,1,0.506277322769165
sprint9_multiseed_S8A_R2_seed7_S8A_R2_context_edge_film,S8A_R2_context_edge_film,graph_c_gatv2_context_edge_film_interaction,gatv2_graph_c_sprint8a_context_edge_film,gatv2,graph_c_context_observation,S5F2_energy,val,130,541,,1,0.4958774447441101
sprint9_multiseed_S8A_R2_seed7_S8A_R2_context_edge_film,S8A_R2_context_edge_film,graph_c_gatv2_context_edge_film_interaction,gatv2_graph_c_sprint8a_context_edge_film,gatv2,graph_c_context_observation,S5F2_energy,val,131,541,,1,0.4543123245239258
sprint9_multiseed_S8A_R2_seed7_S8A_R2_context_edge_film,S8A_R2_context_edge_film,graph_c_gatv2_context_edge_film_interaction,gatv2_graph_c_sprint8a_context_edge_film,gatv2,graph_c_context_observation,S5F2_energy,val,132,541,,1,0.6066150069236755
sprint9_multiseed_S8A_R2_seed7_S8A_R2_context_edge_film,S8A_R2_context_edge_film,graph_c_gatv2_context_edge_film_interaction,gatv2_graph_c_sprint8a_context_edge_film,gatv2,graph_c_context_observation,S5F2_energy,val,133,541,,1,0.5784842371940613
sprint9_multiseed_S8A_R2_seed7_S8A_R2_context_edge_film,S8A_R2_context_edge_film,graph_c_gatv2_context_edge_film_interaction,gatv2_graph_c_sprint8a_context_edge_film,gatv2,graph_c_context_observation,S5F2_energy,val,134,541,,1,0.5712798237800598
sprint9_multiseed_S8A_R2_seed7_S8A_R2_context_edge_film,S8A_R2_context_edge_film,graph_c_gatv2_context_edge_film_interaction,gatv2_graph_c_sprint8a_context_edge_film,gatv2,graph_c_context_observation,S5F2_energy,val,135,541,,1,0.5653947591781616
sprint9_multiseed_S8A_R2_seed7_S8A_R2_context_edge_film,S8A_R2_context_edge_film,graph_c_gatv2_context_edge_film_interaction,gatv2_graph_c_sprint8a_context_edge_film,gatv2,graph_c_context_observation,S5F2_energy,val,136,541,,1,0.49653658270835876
sprint9_multiseed_S8A_R2_seed7_S8A_R2_context_edge_film,S8A_R2_context_edge_film,graph_c_gatv2_context_edge_film_interaction,gatv2_graph_c_sprint8a_context_edge_film,gatv2,graph_c_context_observation,S5F2_energy,val,137,541,,1,0.5148043036460876
sprint9_multiseed_S8A_R2_seed7_S8A_R2_context_edge_film,S8A_R2_context_edge_film,graph_c_gatv2_context_edge_film_interaction,gatv2_graph_c_sprint8a_context_edge_film,gatv2,graph_c_context_observation,S5F2_energy,val,138,541,,1,0.5793397426605225
sprint9_multiseed_S8A_R2_seed7_S8A_R2_context_edge_film,S8A_R2_context_edge_film,graph_c_gatv2_context_edge_film_interaction,gatv2_graph_c_sprint8a_context_edge_film,gatv2,graph_c_context_observation,S5F2_energy,val,139,541,,1,0.6936626434326172
sprint9_multiseed_S8A_R2_seed7_S8A_R2_context_edge_film,S8A_R2_context_edge_film,graph_c_gatv2_context_edge_film_interaction,gatv2_graph_c_sprint8a_context_edge_film,gatv2,graph_c_context_observation,S5F2_energy,val,140,541,,1,0.6002106070518494
sprint9_multiseed_S8A_R2_seed7_S8A_R2_context_edge_film,S8A_R2_context_edge_film,graph_c_gatv2_context_edge_film_interaction,gatv2_graph_c_sprint8a_context_edge_film,gatv2,graph_c_context_observation,S5F2_energy,val,141,541,,1,0.5535644888877869
sprint9_multiseed_S8A_R2_seed7_S8A_R2_context_edge_film,S8A_R2_context_edge_film,graph_c_gatv2_context_edge_film_interaction,gatv2_graph_c_sprint8a_context_edge_film,gatv2,graph_c_context_observation,S5F2_energy,val,142,541,,1,0.44853833317756653
sprint9_multiseed_S8A_R2_seed7_S8A_R2_context_edge_film,S8A_R2_context_edge_film,graph_c_gatv2_context_edge_film_interaction,gatv2_graph_c_sprint8a_context_edge_film,gatv2,graph_c_context_observation,S5F2_energy,val,143,541,,1,0.47626277804374695
sprint9_multiseed_S8A_R2_seed7_S8A_R2_context_edge_film,S8A_R2_context_edge_film,graph_c_gatv2_context_edge_film_interaction,gatv2_graph_c_sprint8a_context_edge_film,gatv2,graph_c_context_observation,S5F2_energy,val,144,541,,1,0.536815881729126
sprint9_multiseed_S8A_R2_seed7_S8A_R2_context_edge_film,S8A_R2_context_edge_film,graph_c_gatv2_context_edge_film_interaction,gatv2_graph_c_sprint8a_context_edge_film,gatv2,graph_c_context_observation,S5F2_energy,val,145,541,,1,0.5418388247489929
sprint9_multiseed_S8A_R2_seed7_S8A_R2_context_edge_film,S8A_R2_context_edge_film,graph_c_gatv2_context_edge_film_interaction,gatv2_graph_c_sprint8a_context_edge_film,gatv2,graph_c_context_observation,S5F2_energy,val,146,541,,0,0.6600505113601685
sprint9_multiseed_S8A_R2_seed7_S8A_R2_context_edge_film,S8A_R2_context_edge_film,graph_c_gatv2_context_edge_film_interaction,gatv2_graph_c_sprint8a_context_edge_film,gatv2,graph_c_context_observation,S5F2_energy,val,147,541,,1,0.5490434765815735
sprint9_multiseed_S8A_R2_seed7_S8A_R2_context_edge_film,S8A_R2_context_edge_film,graph_c_gatv2_context_edge_film_interaction,gatv2_graph_c_sprint8a_context_edge_film,gatv2,graph_c_context_observation,S5F2_energy,val,148,541,,1,0.5345327854156494
sprint9_multiseed_S8A_R2_seed7_S8A_R2_context_edge_film,S8A_R2_context_edge_film,graph_c_gatv2_context_edge_film_interaction,gatv2_graph_c_sprint8a_context_edge_film,gatv2,graph_c_context_observation,S5F2_energy,val,149,541,,1,0.48128440976142883
sprint9_multiseed_S8A_R2_seed7_S8A_R2_context_edge_film,S8A_R2_context_edge_film,graph_c_gatv2_context_edge_film_interaction,gatv2_graph_c_sprint8a_context_edge_film,gatv2,graph_c_context_observation,S5F2_energy,val,150,541,,1,0.4218781292438507
sprint9_multiseed_S8A_R2_seed7_S8A_R2_context_edge_film,S8A_R2_context_edge_film,graph_c_gatv2_context_edge_film_interaction,gatv2_graph_c_sprint8a_context_edge_film,gatv2,graph_c_context_observation,S5F2_energy,val,151,541,,0,0.4895893335342407
sprint9_multiseed_S8A_R2_seed7_S8A_R2_context_edge_film,S8A_R2_context_edge_film,graph_c_gatv2_context_edge_film_interaction,gatv2_graph_c_sprint8a_context_edge_film,gatv2,graph_c_context_observation,S5F2_energy,val,152,541,,1,0.5047439336776733
sprint9_multiseed_S8A_R2_seed7_S8A_R2_context_edge_film,S8A_R2_context_edge_film,graph_c_gatv2_context_edge_film_interaction,gatv2_graph_c_sprint8a_context_edge_film,gatv2,graph_c_context_observation,S5F2_energy,val,153,1272,,0,0.13839608430862427
sprint9_multiseed_S8A_R2_seed7_S8A_R2_context_edge_film,S8A_R2_context_edge_film,graph_c_gatv2_context_edge_film_interaction,gatv2_graph_c_sprint8a_context_edge_film,gatv2,graph_c_context_observation,S5F2_energy,val,154,1272,,0,0.13040569424629211
sprint9_multiseed_S8A_R2_seed7_S8A_R2_context_edge_film,S8A_R2_context_edge_film,graph_c_gatv2_context_edge_film_interaction,gatv2_graph_c_sprint8a_context_edge_film,gatv2,graph_c_context_observation,S5F2_energy,val,155,1272,,1,0.1462458372116089
sprint9_multiseed_S8A_R2_seed7_S8A_R2_context_edge_film,S8A_R2_context_edge_film,graph_c_gatv2_context_edge_film_interaction,gatv2_graph_c_sprint8a_context_edge_film,gatv2,graph_c_context_observation,S5F2_energy,val,156,1272,,0,0.141465961933136
sprint9_multiseed_S8A_R2_seed7_S8A_R2_context_edge_film,S8A_R2_context_edge_film,graph_c_gatv2_context_edge_film_interaction,gatv2_graph_c_sprint8a_context_edge_film,gatv2,graph_c_context_observation,S5F2_energy,val,157,1272,,0,0.11867854744195938
sprint9_multiseed_S8A_R2_seed7_S8A_R2_context_edge_film,S8A_R2_context_edge_film,graph_c_gatv2_context_edge_film_interaction,gatv2_graph_c_sprint8a_context_edge_film,gatv2,graph_c_context_observation,S5F2_energy,val,158,1272,,0,0.1815037876367569
sprint9_multiseed_S8A_R2_seed7_S8A_R2_context_edge_film,S8A_R2_context_edge_film,graph_c_gatv2_context_edge_film_interaction,gatv2_graph_c_sprint8a_context_edge_film,gatv2,graph_c_context_observation,S5F2_energy,val,159,1272,,0,0.12641096115112305
sprint9_multiseed_S8A_R2_seed7_S8A_R2_context_edge_film,S8A_R2_context_edge_film,graph_c_gatv2_context_edge_film_interaction,gatv2_graph_c_sprint8a_context_edge_film,gatv2,graph_c_context_observation,S5F2_energy,val,160,1272,,0,0.12938326597213745
sprint9_multiseed_S8A_R2_seed7_S8A_R2_context_edge_film,S8A_R2_context_edge_film,graph_c_gatv2_context_edge_film_interaction,gatv2_graph_c_sprint8a_context_edge_film,gatv2,graph_c_context_observation,S5F2_energy,val,161,1272,,0,0.14953476190567017
sprint9_multiseed_S8A_R2_seed7_S8A_R2_context_edge_film,S8A_R2_context_edge_film,graph_c_gatv2_context_edge_film_interaction,gatv2_graph_c_sprint8a_context_edge_film,gatv2,graph_c_context_observation,S5F2_energy,val,162,1272,,0,0.15069831907749176
sprint9_multiseed_S8A_R2_seed7_S8A_R2_context_edge_film,S8A_R2_context_edge_film,graph_c_gatv2_context_edge_film_interaction,gatv2_graph_c_sprint8a_context_edge_film,gatv2,graph_c_context_observation,S5F2_energy,val,163,1288,,1,0.3012677729129791
sprint9_multiseed_S8A_R2_seed7_S8A_R2_context_edge_film,S8A_R2_context_edge_film,graph_c_gatv2_context_edge_film_interaction,gatv2_graph_c_sprint8a_context_edge_film,gatv2,graph_c_context_observation,S5F2_energy,val,164,1288,,1,0.23591731488704681
sprint9_multiseed_S8A_R2_seed7_S8A_R2_context_edge_film,S8A_R2_context_edge_film,graph_c_gatv2_context_edge_film_interaction,gatv2_graph_c_sprint8a_context_edge_film,gatv2,graph_c_context_observation,S5F2_energy,val,165,1288,,0,0.25810471177101135
sprint9_multiseed_S8A_R2_seed7_S8A_R2_context_edge_film,S8A_R2_context_edge_film,graph_c_gatv2_context_edge_film_interaction,gatv2_graph_c_sprint8a_context_edge_film,gatv2,graph_c_context_observation,S5F2_energy,val,166,1288,,0,0.27493739128112793
sprint9_multiseed_S8A_R2_seed7_S8A_R2_context_edge_film,S8A_R2_context_edge_film,graph_c_gatv2_context_edge_film_interaction,gatv2_graph_c_sprint8a_context_edge_film,gatv2,graph_c_context_observation,S5F2_energy,val,167,1288,,0,0.2531699538230896
sprint9_multiseed_S8A_R2_seed7_S8A_R2_context_edge_film,S8A_R2_context_edge_film,graph_c_gatv2_context_edge_film_interaction,gatv2_graph_c_sprint8a_context_edge_film,gatv2,graph_c_context_observation,S5F2_energy,val,168,1288,,0,0.27916857600212097
sprint9_multiseed_S8A_R2_seed7_S8A_R2_context_edge_film,S8A_R2_context_edge_film,graph_c_gatv2_context_edge_film_interaction,gatv2_graph_c_sprint8a_context_edge_film,gatv2,graph_c_context_observation,S5F2_energy,val,169,1288,,0,0.2809006869792938
sprint9_multiseed_S8A_R2_seed7_S8A_R2_context_edge_film,S8A_R2_context_edge_film,graph_c_gatv2_context_edge_film_interaction,gatv2_graph_c_sprint8a_context_edge_film,gatv2,graph_c_context_observation,S5F2_energy,val,170,1288,,0,0.29892486333847046
sprint9_multiseed_S8A_R2_seed7_S8A_R2_context_edge_film,S8A_R2_context_edge_film,graph_c_gatv2_context_edge_film_interaction,gatv2_graph_c_sprint8a_context_edge_film,gatv2,graph_c_context_observation,S5F2_energy,val,171,1288,,0,0.25762739777565
sprint9_multiseed_S8A_R2_seed7_S8A_R2_context_edge_film,S8A_R2_context_edge_film,graph_c_gatv2_context_edge_film_interaction,gatv2_graph_c_sprint8a_context_edge_film,gatv2,graph_c_context_observation,S5F2_energy,val,172,1288,,0,0.25209444761276245
sprint9_multiseed_S8A_R2_seed7_S8A_R2_context_edge_film,S8A_R2_context_edge_film,graph_c_gatv2_context_edge_film_interaction,gatv2_graph_c_sprint8a_context_edge_film,gatv2,graph_c_context_observation,S5F2_energy,val,173,1288,,0,0.3069114685058594
sprint9_multiseed_S8A_R2_seed7_S8A_R2_context_edge_film,S8A_R2_context_edge_film,graph_c_gatv2_context_edge_film_interaction,gatv2_graph_c_sprint8a_context_edge_film,gatv2,graph_c_context_observation,S5F2_energy,val,174,1359,,0,0.1313997060060501
sprint9_multiseed_S8A_R2_seed7_S8A_R2_context_edge_film,S8A_R2_context_edge_film,graph_c_gatv2_context_edge_film_interaction,gatv2_graph_c_sprint8a_context_edge_film,gatv2,graph_c_context_observation,S5F2_energy,val,175,1359,,0,0.1206127181649208
sprint9_multiseed_S8A_R2_seed7_S8A_R2_context_edge_film,S8A_R2_context_edge_film,graph_c_gatv2_context_edge_film_interaction,gatv2_graph_c_sprint8a_context_edge_film,gatv2,graph_c_context_observation,S5F2_energy,val,176,1359,,0,0.10932599753141403
sprint9_multiseed_S8A_R2_seed7_S8A_R2_context_edge_film,S8A_R2_context_edge_film,graph_c_gatv2_context_edge_film_interaction,gatv2_graph_c_sprint8a_context_edge_film,gatv2,graph_c_context_observation,S5F2_energy,val,177,1359,,0,0.10497898608446121
sprint9_multiseed_S8A_R2_seed7_S8A_R2_context_edge_film,S8A_R2_context_edge_film,graph_c_gatv2_context_edge_film_interaction,gatv2_graph_c_sprint8a_context_edge_film,gatv2,graph_c_context_observation,S5F2_energy,val,178,1359,,0,0.10208717733621597
sprint9_multiseed_S8A_R2_seed7_S8A_R2_context_edge_film,S8A_R2_context_edge_film,graph_c_gatv2_context_edge_film_interaction,gatv2_graph_c_sprint8a_context_edge_film,gatv2,graph_c_context_observation,S5F2_energy,val,179,1359,,0,0.10267230868339539
sprint9_multiseed_S8A_R2_seed7_S8A_R2_context_edge_film,S8A_R2_context_edge_film,graph_c_gatv2_context_edge_film_interaction,gatv2_graph_c_sprint8a_context_edge_film,gatv2,graph_c_context_observation,S5F2_energy,val,180,1359,,0,0.11790162324905396
sprint9_multiseed_S8A_R2_seed7_S8A_R2_context_edge_film,S8A_R2_context_edge_film,graph_c_gatv2_context_edge_film_interaction,gatv2_graph_c_sprint8a_context_edge_film,gatv2,graph_c_context_observation,S5F2_energy,val,181,1359,,0,0.11024568974971771
sprint9_multiseed_S8A_R2_seed7_S8A_R2_context_edge_film,S8A_R2_context_edge_film,graph_c_gatv2_context_edge_film_interaction,gatv2_graph_c_sprint8a_context_edge_film,gatv2,graph_c_context_observation,S5F2_energy,val,182,1359,,0,0.10541243851184845
sprint9_multiseed_S8A_R2_seed7_S8A_R2_context_edge_film,S8A_R2_context_edge_film,graph_c_gatv2_context_edge_film_interaction,gatv2_graph_c_sprint8a_context_edge_film,gatv2,graph_c_context_observation,S5F2_energy,val,183,1359,,0,0.1037907525897026
sprint9_multiseed_S8A_R2_seed7_S8A_R2_context_edge_film,S8A_R2_context_edge_film,graph_c_gatv2_context_edge_film_interaction,gatv2_graph_c_sprint8a_context_edge_film,gatv2,graph_c_context_observation,S5F2_energy,val,184,1359,,0,0.09395118802785873
sprint9_multiseed_S8A_R2_seed7_S8A_R2_context_edge_film,S8A_R2_context_edge_film,graph_c_gatv2_context_edge_film_interaction,gatv2_graph_c_sprint8a_context_edge_film,gatv2,graph_c_context_observation,S5F2_energy,val,185,1359,,0,0.11959313601255417
sprint9_multiseed_S8A_R2_seed7_S8A_R2_context_edge_film,S8A_R2_context_edge_film,graph_c_gatv2_context_edge_film_interaction,gatv2_graph_c_sprint8a_context_edge_film,gatv2,graph_c_context_observation,S5F2_energy,val,186,2711,,1,0.6966071724891663
sprint9_multiseed_S8A_R2_seed7_S8A_R2_context_edge_film,S8A_R2_context_edge_film,graph_c_gatv2_context_edge_film_interaction,gatv2_graph_c_sprint8a_context_edge_film,gatv2,graph_c_context_observation,S5F2_energy,val,187,2711,,1,0.47768068313598633
sprint9_multiseed_S8A_R2_seed7_S8A_R2_context_edge_film,S8A_R2_context_edge_film,graph_c_gatv2_context_edge_film_interaction,gatv2_graph_c_sprint8a_context_edge_film,gatv2,graph_c_context_observation,S5F2_energy,val,188,2711,,1,0.5056754946708679
sprint9_multiseed_S8A_R2_seed7_S8A_R2_context_edge_film,S8A_R2_context_edge_film,graph_c_gatv2_context_edge_film_interaction,gatv2_graph_c_sprint8a_context_edge_film,gatv2,graph_c_context_observation,S5F2_energy,val,189,2711,,1,0.6332546472549438
sprint9_multiseed_S8A_R2_seed7_S8A_R2_context_edge_film,S8A_R2_context_edge_film,graph_c_gatv2_context_edge_film_interaction,gatv2_graph_c_sprint8a_context_edge_film,gatv2,graph_c_context_observation,S5F2_energy,val,190,2711,,1,0.5111370086669922
sprint9_multiseed_S8A_R2_seed7_S8A_R2_context_edge_film,S8A_R2_context_edge_film,graph_c_gatv2_context_edge_film_interaction,gatv2_graph_c_sprint8a_context_edge_film,gatv2,graph_c_context_observation,S5F2_energy,val,191,2711,,1,0.5372444987297058
sprint9_multiseed_S8A_R2_seed7_S8A_R2_context_edge_film,S8A_R2_context_edge_film,graph_c_gatv2_context_edge_film_interaction,gatv2_graph_c_sprint8a_context_edge_film,gatv2,graph_c_context_observation,S5F2_energy,val,192,2711,,1,0.500283420085907
sprint9_multiseed_S8A_R2_seed7_S8A_R2_context_edge_film,S8A_R2_context_edge_film,graph_c_gatv2_context_edge_film_interaction,gatv2_graph_c_sprint8a_context_edge_film,gatv2,graph_c_context_observation,S5F2_energy,val,193,2711,,1,0.5629233121871948
sprint9_multiseed_S8A_R2_seed7_S8A_R2_context_edge_film,S8A_R2_context_edge_film,graph_c_gatv2_context_edge_film_interaction,gatv2_graph_c_sprint8a_context_edge_film,gatv2,graph_c_context_observation,S5F2_energy,val,194,2711,,1,0.5212392210960388
sprint9_multiseed_S8A_R2_seed7_S8A_R2_context_edge_film,S8A_R2_context_edge_film,graph_c_gatv2_context_edge_film_interaction,gatv2_graph_c_sprint8a_context_edge_film,gatv2,graph_c_context_observation,S5F2_energy,val,195,2711,,1,0.5069703459739685
sprint9_multiseed_S8A_R2_seed7_S8A_R2_context_edge_film,S8A_R2_context_edge_film,graph_c_gatv2_context_edge_film_interaction,gatv2_graph_c_sprint8a_context_edge_film,gatv2,graph_c_context_observation,S5F2_energy,val,196,2711,,1,0.5458880662918091
sprint9_multiseed_S8A_R2_seed7_S8A_R2_context_edge_film,S8A_R2_context_edge_film,graph_c_gatv2_context_edge_film_interaction,gatv2_graph_c_sprint8a_context_edge_film,gatv2,graph_c_context_observation,S5F2_energy,val,197,2711,,1,0.6150220036506653
sprint9_multiseed_S8A_R2_seed7_S8A_R2_context_edge_film,S8A_R2_context_edge_film,graph_c_gatv2_context_edge_film_interaction,gatv2_graph_c_sprint8a_context_edge_film,gatv2,graph_c_context_observation,S5F2_energy,val,198,2711,,1,0.5057835578918457
sprint9_multiseed_S8A_R2_seed7_S8A_R2_context_edge_film,S8A_R2_context_edge_film,graph_c_gatv2_context_edge_film_interaction,gatv2_graph_c_sprint8a_context_edge_film,gatv2,graph_c_context_observation,S5F2_energy,val,199,2711,,1,0.5153869390487671
sprint9_multiseed_S8A_R2_seed7_S8A_R2_context_edge_film,S8A_R2_context_edge_film,graph_c_gatv2_context_edge_film_interaction,gatv2_graph_c_sprint8a_context_edge_film,gatv2,graph_c_context_observation,S5F2_energy,val,200,2711,,1,0.488150417804718
sprint9_multiseed_S8A_R2_seed7_S8A_R2_context_edge_film,S8A_R2_context_edge_film,graph_c_gatv2_context_edge_film_interaction,gatv2_graph_c_sprint8a_context_edge_film,gatv2,graph_c_context_observation,S5F2_energy,val,201,2711,,1,0.6359784007072449
sprint9_multiseed_S8A_R2_seed7_S8A_R2_context_edge_film,S8A_R2_context_edge_film,graph_c_gatv2_context_edge_film_interaction,gatv2_graph_c_sprint8a_context_edge_film,gatv2,graph_c_context_observation,S5F2_energy,val,202,2711,,1,0.5503140091896057
sprint9_multiseed_S8A_R2_seed7_S8A_R2_context_edge_film,S8A_R2_context_edge_film,graph_c_gatv2_context_edge_film_interaction,gatv2_graph_c_sprint8a_context_edge_film,gatv2,graph_c_context_observation,S5F2_energy,val,203,2711,,1,0.5386756658554077
sprint9_multiseed_S8A_R2_seed7_S8A_R2_context_edge_film,S8A_R2_context_edge_film,graph_c_gatv2_context_edge_film_interaction,gatv2_graph_c_sprint8a_context_edge_film,gatv2,graph_c_context_observation,S5F2_energy,val,204,2711,,1,0.5739580988883972
sprint9_multiseed_S8A_R2_seed7_S8A_R2_context_edge_film,S8A_R2_context_edge_film,graph_c_gatv2_context_edge_film_interaction,gatv2_graph_c_sprint8a_context_edge_film,gatv2,graph_c_context_observation,S5F2_energy,val,205,2711,,1,0.4619702994823456
sprint9_multiseed_S8A_R2_seed7_S8A_R2_context_edge_film,S8A_R2_context_edge_film,graph_c_gatv2_context_edge_film_interaction,gatv2_graph_c_sprint8a_context_edge_film,gatv2,graph_c_context_observation,S5F2_energy,val,206,2711,,1,0.5984491109848022
sprint9_multiseed_S8A_R2_seed7_S8A_R2_context_edge_film,S8A_R2_context_edge_film,graph_c_gatv2_context_edge_film_interaction,gatv2_graph_c_sprint8a_context_edge_film,gatv2,graph_c_context_observation,S5F2_energy,val,207,2711,,1,0.5137207508087158
sprint9_multiseed_S8A_R2_seed7_S8A_R2_context_edge_film,S8A_R2_context_edge_film,graph_c_gatv2_context_edge_film_interaction,gatv2_graph_c_sprint8a_context_edge_film,gatv2,graph_c_context_observation,S5F2_energy,val,208,2711,,1,0.531796395778656
sprint9_multiseed_S8A_R2_seed7_S8A_R2_context_edge_film,S8A_R2_context_edge_film,graph_c_gatv2_context_edge_film_interaction,gatv2_graph_c_sprint8a_context_edge_film,gatv2,graph_c_context_observation,S5F2_energy,val,209,2711,,1,0.5605922937393188
sprint9_multiseed_S8A_R2_seed7_S8A_R2_context_edge_film,S8A_R2_context_edge_film,graph_c_gatv2_context_edge_film_interaction,gatv2_graph_c_sprint8a_context_edge_film,gatv2,graph_c_context_observation,S5F2_energy,val,210,2711,,1,0.5381844639778137
sprint9_multiseed_S8A_R2_seed7_S8A_R2_context_edge_film,S8A_R2_context_edge_film,graph_c_gatv2_context_edge_film_interaction,gatv2_graph_c_sprint8a_context_edge_film,gatv2,graph_c_context_observation,S5F2_energy,val,211,2711,,1,0.5353893041610718
sprint9_multiseed_S8A_R2_seed7_S8A_R2_context_edge_film,S8A_R2_context_edge_film,graph_c_gatv2_context_edge_film_interaction,gatv2_graph_c_sprint8a_context_edge_film,gatv2,graph_c_context_observation,S5F2_energy,val,212,2711,,1,0.5088357925415039
sprint9_multiseed_S8A_R2_seed7_S8A_R2_context_edge_film,S8A_R2_context_edge_film,graph_c_gatv2_context_edge_film_interaction,gatv2_graph_c_sprint8a_context_edge_film,gatv2,graph_c_context_observation,S5F2_energy,val,213,2711,,1,0.6100459098815918
sprint9_multiseed_S8A_R2_seed7_S8A_R2_context_edge_film,S8A_R2_context_edge_film,graph_c_gatv2_context_edge_film_interaction,gatv2_graph_c_sprint8a_context_edge_film,gatv2,graph_c_context_observation,S5F2_energy,val,214,2711,,1,0.6011677980422974
sprint9_multiseed_S8A_R2_seed7_S8A_R2_context_edge_film,S8A_R2_context_edge_film,graph_c_gatv2_context_edge_film_interaction,gatv2_graph_c_sprint8a_context_edge_film,gatv2,graph_c_context_observation,S5F2_energy,val,215,2711,,1,0.5179741978645325
sprint9_multiseed_S8A_R2_seed7_S8A_R2_context_edge_film,S8A_R2_context_edge_film,graph_c_gatv2_context_edge_film_interaction,gatv2_graph_c_sprint8a_context_edge_film,gatv2,graph_c_context_observation,S5F2_energy,val,216,2711,,1,0.4321747124195099
sprint9_multiseed_S8A_R2_seed7_S8A_R2_context_edge_film,S8A_R2_context_edge_film,graph_c_gatv2_context_edge_film_interaction,gatv2_graph_c_sprint8a_context_edge_film,gatv2,graph_c_context_observation,S5F2_energy,val,217,2711,,1,0.6387342214584351
sprint9_multiseed_S8A_R2_seed7_S8A_R2_context_edge_film,S8A_R2_context_edge_film,graph_c_gatv2_context_edge_film_interaction,gatv2_graph_c_sprint8a_context_edge_film,gatv2,graph_c_context_observation,S5F2_energy,val,218,2711,,1,0.6185056567192078
sprint9_multiseed_S8A_R2_seed7_S8A_R2_context_edge_film,S8A_R2_context_edge_film,graph_c_gatv2_context_edge_film_interaction,gatv2_graph_c_sprint8a_context_edge_film,gatv2,graph_c_context_observation,S5F2_energy,val,219,2711,,1,0.5124043226242065
sprint9_multiseed_S8A_R2_seed7_S8A_R2_context_edge_film,S8A_R2_context_edge_film,graph_c_gatv2_context_edge_film_interaction,gatv2_graph_c_sprint8a_context_edge_film,gatv2,graph_c_context_observation,S5F2_energy,val,220,2711,,1,0.4998062551021576
sprint9_multiseed_S8A_R2_seed7_S8A_R2_context_edge_film,S8A_R2_context_edge_film,graph_c_gatv2_context_edge_film_interaction,gatv2_graph_c_sprint8a_context_edge_film,gatv2,graph_c_context_observation,S5F2_energy,val,221,2711,,1,0.5414840579032898
sprint9_multiseed_S8A_R2_seed7_S8A_R2_context_edge_film,S8A_R2_context_edge_film,graph_c_gatv2_context_edge_film_interaction,gatv2_graph_c_sprint8a_context_edge_film,gatv2,graph_c_context_observation,S5F2_energy,val,222,2711,,1,0.49605292081832886
sprint9_multiseed_S8A_R2_seed7_S8A_R2_context_edge_film,S8A_R2_context_edge_film,graph_c_gatv2_context_edge_film_interaction,gatv2_graph_c_sprint8a_context_edge_film,gatv2,graph_c_context_observation,S5F2_energy,val,223,2711,,1,0.5035678148269653
sprint9_multiseed_S8A_R2_seed7_S8A_R2_context_edge_film,S8A_R2_context_edge_film,graph_c_gatv2_context_edge_film_interaction,gatv2_graph_c_sprint8a_context_edge_film,gatv2,graph_c_context_observation,S5F2_energy,val,224,2711,,1,0.5125768780708313
sprint9_multiseed_S8A_R2_seed7_S8A_R2_context_edge_film,S8A_R2_context_edge_film,graph_c_gatv2_context_edge_film_interaction,gatv2_graph_c_sprint8a_context_edge_film,gatv2,graph_c_context_observation,S5F2_energy,val,225,2711,,1,0.49280548095703125
sprint9_multiseed_S8A_R2_seed7_S8A_R2_context_edge_film,S8A_R2_context_edge_film,graph_c_gatv2_context_edge_film_interaction,gatv2_graph_c_sprint8a_context_edge_film,gatv2,graph_c_context_observation,S5F2_energy,val,226,2711,,1,0.5325850248336792
sprint9_multiseed_S8A_R2_seed7_S8A_R2_context_edge_film,S8A_R2_context_edge_film,graph_c_gatv2_context_edge_film_interaction,gatv2_graph_c_sprint8a_context_edge_film,gatv2,graph_c_context_observation,S5F2_energy,val,227,2711,,1,0.4942801892757416
sprint9_multiseed_S8A_R2_seed7_S8A_R2_context_edge_film,S8A_R2_context_edge_film,graph_c_gatv2_context_edge_film_interaction,gatv2_graph_c_sprint8a_context_edge_film,gatv2,graph_c_context_observation,S5F2_energy,val,228,2711,,1,0.48078370094299316
sprint9_multiseed_S8A_R2_seed7_S8A_R2_context_edge_film,S8A_R2_context_edge_film,graph_c_gatv2_context_edge_film_interaction,gatv2_graph_c_sprint8a_context_edge_film,gatv2,graph_c_context_observation,S5F2_energy,val,229,2711,,1,0.6221301555633545
sprint9_multiseed_S8A_R2_seed7_S8A_R2_context_edge_film,S8A_R2_context_edge_film,graph_c_gatv2_context_edge_film_interaction,gatv2_graph_c_sprint8a_context_edge_film,gatv2,graph_c_context_observation,S5F2_energy,val,230,2711,,1,0.48065298795700073
sprint9_multiseed_S8A_R2_seed7_S8A_R2_context_edge_film,S8A_R2_context_edge_film,graph_c_gatv2_context_edge_film_interaction,gatv2_graph_c_sprint8a_context_edge_film,gatv2,graph_c_context_observation,S5F2_energy,val,231,2711,,1,0.5139662027359009
sprint9_multiseed_S8A_R2_seed7_S8A_R2_context_edge_film,S8A_R2_context_edge_film,graph_c_gatv2_context_edge_film_interaction,gatv2_graph_c_sprint8a_context_edge_film,gatv2,graph_c_context_observation,S5F2_energy,val,232,2711,,1,0.60898756980896
sprint9_multiseed_S8A_R2_seed7_S8A_R2_context_edge_film,S8A_R2_context_edge_film,graph_c_gatv2_context_edge_film_interaction,gatv2_graph_c_sprint8a_context_edge_film,gatv2,graph_c_context_observation,S5F2_energy,val,233,2711,,1,0.43774303793907166
sprint9_multiseed_S8A_R2_seed7_S8A_R2_context_edge_film,S8A_R2_context_edge_film,graph_c_gatv2_context_edge_film_interaction,gatv2_graph_c_sprint8a_context_edge_film,gatv2,graph_c_context_observation,S5F2_energy,val,234,2711,,1,0.471528559923172
sprint9_multiseed_S8A_R2_seed7_S8A_R2_context_edge_film,S8A_R2_context_edge_film,graph_c_gatv2_context_edge_film_interaction,gatv2_graph_c_sprint8a_context_edge_film,gatv2,graph_c_context_observation,S5F2_energy,val,235,2711,,1,0.5988253355026245
sprint9_multiseed_S8A_R2_seed7_S8A_R2_context_edge_film,S8A_R2_context_edge_film,graph_c_gatv2_context_edge_film_interaction,gatv2_graph_c_sprint8a_context_edge_film,gatv2,graph_c_context_observation,S5F2_energy,val,236,2711,,1,0.35501691699028015
sprint9_multiseed_S8A_R2_seed7_S8A_R2_context_edge_film,S8A_R2_context_edge_film,graph_c_gatv2_context_edge_film_interaction,gatv2_graph_c_sprint8a_context_edge_film,gatv2,graph_c_context_observation,S5F2_energy,val,237,2711,,1,0.5886226892471313
sprint9_multiseed_S8A_R2_seed7_S8A_R2_context_edge_film,S8A_R2_context_edge_film,graph_c_gatv2_context_edge_film_interaction,gatv2_graph_c_sprint8a_context_edge_film,gatv2,graph_c_context_observation,S5F2_energy,val,238,2711,,1,0.4889906942844391
sprint9_multiseed_S8A_R2_seed7_S8A_R2_context_edge_film,S8A_R2_context_edge_film,graph_c_gatv2_context_edge_film_interaction,gatv2_graph_c_sprint8a_context_edge_film,gatv2,graph_c_context_observation,S5F2_energy,val,239,2711,,1,0.5303508639335632
sprint9_multiseed_S8A_R2_seed7_S8A_R2_context_edge_film,S8A_R2_context_edge_film,graph_c_gatv2_context_edge_film_interaction,gatv2_graph_c_sprint8a_context_edge_film,gatv2,graph_c_context_observation,S5F2_energy,val,240,2711,,1,0.5369637608528137
sprint9_multiseed_S8A_R2_seed7_S8A_R2_context_edge_film,S8A_R2_context_edge_film,graph_c_gatv2_context_edge_film_interaction,gatv2_graph_c_sprint8a_context_edge_film,gatv2,graph_c_context_observation,S5F2_energy,val,241,2711,,1,0.4918983280658722
sprint9_multiseed_S8A_R2_seed7_S8A_R2_context_edge_film,S8A_R2_context_edge_film,graph_c_gatv2_context_edge_film_interaction,gatv2_graph_c_sprint8a_context_edge_film,gatv2,graph_c_context_observation,S5F2_energy,val,242,2711,,1,0.5275124311447144
sprint9_multiseed_S8A_R2_seed7_S8A_R2_context_edge_film,S8A_R2_context_edge_film,graph_c_gatv2_context_edge_film_interaction,gatv2_graph_c_sprint8a_context_edge_film,gatv2,graph_c_context_observation,S5F2_energy,val,243,2711,,1,0.604543149471283
sprint9_multiseed_S8A_R2_seed7_S8A_R2_context_edge_film,S8A_R2_context_edge_film,graph_c_gatv2_context_edge_film_interaction,gatv2_graph_c_sprint8a_context_edge_film,gatv2,graph_c_context_observation,S5F2_energy,val,244,2711,,1,0.5560920834541321
sprint9_multiseed_S8A_R2_seed7_S8A_R2_context_edge_film,S8A_R2_context_edge_film,graph_c_gatv2_context_edge_film_interaction,gatv2_graph_c_sprint8a_context_edge_film,gatv2,graph_c_context_observation,S5F2_energy,val,245,2711,,1,0.48353099822998047
sprint9_multiseed_S8A_R2_seed7_S8A_R2_context_edge_film,S8A_R2_context_edge_film,graph_c_gatv2_context_edge_film_interaction,gatv2_graph_c_sprint8a_context_edge_film,gatv2,graph_c_context_observation,S5F2_energy,val,246,2711,,1,0.4680265188217163
sprint9_multiseed_S8A_R2_seed7_S8A_R2_context_edge_film,S8A_R2_context_edge_film,graph_c_gatv2_context_edge_film_interaction,gatv2_graph_c_sprint8a_context_edge_film,gatv2,graph_c_context_observation,S5F2_energy,val,247,2711,,1,0.5056366324424744
sprint9_multiseed_S8A_R2_seed7_S8A_R2_context_edge_film,S8A_R2_context_edge_film,graph_c_gatv2_context_edge_film_interaction,gatv2_graph_c_sprint8a_context_edge_film,gatv2,graph_c_context_observation,S5F2_energy,val,248,2711,,1,0.48423531651496887
sprint9_multiseed_S8A_R2_seed7_S8A_R2_context_edge_film,S8A_R2_context_edge_film,graph_c_gatv2_context_edge_film_interaction,gatv2_graph_c_sprint8a_context_edge_film,gatv2,graph_c_context_observation,S5F2_energy,val,249,2711,,1,0.5182546377182007
sprint9_multiseed_S8A_R2_seed7_S8A_R2_context_edge_film,S8A_R2_context_edge_film,graph_c_gatv2_context_edge_film_interaction,gatv2_graph_c_sprint8a_context_edge_film,gatv2,graph_c_context_observation,S5F2_energy,val,250,2711,,1,0.534290611743927
sprint9_multiseed_S8A_R2_seed7_S8A_R2_context_edge_film,S8A_R2_context_edge_film,graph_c_gatv2_context_edge_film_interaction,gatv2_graph_c_sprint8a_context_edge_film,gatv2,graph_c_context_observation,S5F2_energy,val,251,2711,,1,0.5250770449638367
sprint9_multiseed_S8A_R2_seed7_S8A_R2_context_edge_film,S8A_R2_context_edge_film,graph_c_gatv2_context_edge_film_interaction,gatv2_graph_c_sprint8a_context_edge_film,gatv2,graph_c_context_observation,S5F2_energy,val,252,2711,,1,0.6106731295585632
sprint9_multiseed_S8A_R2_seed7_S8A_R2_context_edge_film,S8A_R2_context_edge_film,graph_c_gatv2_context_edge_film_interaction,gatv2_graph_c_sprint8a_context_edge_film,gatv2,graph_c_context_observation,S5F2_energy,val,253,2711,,1,0.47610077261924744
sprint9_multiseed_S8A_R2_seed7_S8A_R2_context_edge_film,S8A_R2_context_edge_film,graph_c_gatv2_context_edge_film_interaction,gatv2_graph_c_sprint8a_context_edge_film,gatv2,graph_c_context_observation,S5F2_energy,val,254,2711,,1,0.5144166946411133
sprint9_multiseed_S8A_R2_seed7_S8A_R2_context_edge_film,S8A_R2_context_edge_film,graph_c_gatv2_context_edge_film_interaction,gatv2_graph_c_sprint8a_context_edge_film,gatv2,graph_c_context_observation,S5F2_energy,val,255,2711,,1,0.5245725512504578
sprint9_multiseed_S8A_R2_seed7_S8A_R2_context_edge_film,S8A_R2_context_edge_film,graph_c_gatv2_context_edge_film_interaction,gatv2_graph_c_sprint8a_context_edge_film,gatv2,graph_c_context_observation,S5F2_energy,val,256,2711,,1,0.5035603642463684
sprint9_multiseed_S8A_R2_seed7_S8A_R2_context_edge_film,S8A_R2_context_edge_film,graph_c_gatv2_context_edge_film_interaction,gatv2_graph_c_sprint8a_context_edge_film,gatv2,graph_c_context_observation,S5F2_energy,val,257,2711,,1,0.49003779888153076
sprint9_multiseed_S8A_R2_seed7_S8A_R2_context_edge_film,S8A_R2_context_edge_film,graph_c_gatv2_context_edge_film_interaction,gatv2_graph_c_sprint8a_context_edge_film,gatv2,graph_c_context_observation,S5F2_energy,val,258,2711,,1,0.4951585531234741
sprint9_multiseed_S8A_R2_seed7_S8A_R2_context_edge_film,S8A_R2_context_edge_film,graph_c_gatv2_context_edge_film_interaction,gatv2_graph_c_sprint8a_context_edge_film,gatv2,graph_c_context_observation,S5F2_energy,val,259,2711,,1,0.5145537257194519
sprint9_multiseed_S8A_R2_seed7_S8A_R2_context_edge_film,S8A_R2_context_edge_film,graph_c_gatv2_context_edge_film_interaction,gatv2_graph_c_sprint8a_context_edge_film,gatv2,graph_c_context_observation,S5F2_energy,val,260,2711,,1,0.5705756545066833
sprint9_multiseed_S8A_R2_seed7_S8A_R2_context_edge_film,S8A_R2_context_edge_film,graph_c_gatv2_context_edge_film_interaction,gatv2_graph_c_sprint8a_context_edge_film,gatv2,graph_c_context_observation,S5F2_energy,val,261,2711,,1,0.5367723703384399
sprint9_multiseed_S8A_R2_seed7_S8A_R2_context_edge_film,S8A_R2_context_edge_film,graph_c_gatv2_context_edge_film_interaction,gatv2_graph_c_sprint8a_context_edge_film,gatv2,graph_c_context_observation,S5F2_energy,val,262,2711,,1,0.528226912021637
sprint9_multiseed_S8A_R2_seed7_S8A_R2_context_edge_film,S8A_R2_context_edge_film,graph_c_gatv2_context_edge_film_interaction,gatv2_graph_c_sprint8a_context_edge_film,gatv2,graph_c_context_observation,S5F2_energy,val,263,2711,,1,0.4428942799568176
sprint9_multiseed_S8A_R2_seed7_S8A_R2_context_edge_film,S8A_R2_context_edge_film,graph_c_gatv2_context_edge_film_interaction,gatv2_graph_c_sprint8a_context_edge_film,gatv2,graph_c_context_observation,S5F2_energy,val,264,2711,,1,0.5322757363319397
sprint9_multiseed_S8A_R2_seed7_S8A_R2_context_edge_film,S8A_R2_context_edge_film,graph_c_gatv2_context_edge_film_interaction,gatv2_graph_c_sprint8a_context_edge_film,gatv2,graph_c_context_observation,S5F2_energy,val,265,2711,,1,0.5819463133811951
sprint9_multiseed_S8A_R2_seed7_S8A_R2_context_edge_film,S8A_R2_context_edge_film,graph_c_gatv2_context_edge_film_interaction,gatv2_graph_c_sprint8a_context_edge_film,gatv2,graph_c_context_observation,S5F2_energy,val,266,2711,,1,0.5126861929893494
sprint9_multiseed_S8A_R2_seed7_S8A_R2_context_edge_film,S8A_R2_context_edge_film,graph_c_gatv2_context_edge_film_interaction,gatv2_graph_c_sprint8a_context_edge_film,gatv2,graph_c_context_observation,S5F2_energy,val,267,2711,,1,0.5062070488929749
sprint9_multiseed_S8A_R2_seed7_S8A_R2_context_edge_film,S8A_R2_context_edge_film,graph_c_gatv2_context_edge_film_interaction,gatv2_graph_c_sprint8a_context_edge_film,gatv2,graph_c_context_observation,S5F2_energy,val,268,2711,,1,0.47247418761253357
sprint9_multiseed_S8A_R2_seed7_S8A_R2_context_edge_film,S8A_R2_context_edge_film,graph_c_gatv2_context_edge_film_interaction,gatv2_graph_c_sprint8a_context_edge_film,gatv2,graph_c_context_observation,S5F2_energy,val,269,2711,,1,0.510793924331665
sprint9_multiseed_S8A_R2_seed7_S8A_R2_context_edge_film,S8A_R2_context_edge_film,graph_c_gatv2_context_edge_film_interaction,gatv2_graph_c_sprint8a_context_edge_film,gatv2,graph_c_context_observation,S5F2_energy,val,270,2711,,1,0.47716236114501953
sprint9_multiseed_S8A_R2_seed7_S8A_R2_context_edge_film,S8A_R2_context_edge_film,graph_c_gatv2_context_edge_film_interaction,gatv2_graph_c_sprint8a_context_edge_film,gatv2,graph_c_context_observation,S5F2_energy,val,271,2711,,1,0.4463050961494446
sprint9_multiseed_S8A_R2_seed7_S8A_R2_context_edge_film,S8A_R2_context_edge_film,graph_c_gatv2_context_edge_film_interaction,gatv2_graph_c_sprint8a_context_edge_film,gatv2,graph_c_context_observation,S5F2_energy,val,272,2711,,1,0.5256175398826599
sprint9_multiseed_S8A_R2_seed7_S8A_R2_context_edge_film,S8A_R2_context_edge_film,graph_c_gatv2_context_edge_film_interaction,gatv2_graph_c_sprint8a_context_edge_film,gatv2,graph_c_context_observation,S5F2_energy,val,273,2711,,1,0.5387900471687317
sprint9_multiseed_S8A_R2_seed7_S8A_R2_context_edge_film,S8A_R2_context_edge_film,graph_c_gatv2_context_edge_film_interaction,gatv2_graph_c_sprint8a_context_edge_film,gatv2,graph_c_context_observation,S5F2_energy,val,274,2711,,1,0.5189511179924011
sprint9_multiseed_S8A_R2_seed7_S8A_R2_context_edge_film,S8A_R2_context_edge_film,graph_c_gatv2_context_edge_film_interaction,gatv2_graph_c_sprint8a_context_edge_film,gatv2,graph_c_context_observation,S5F2_energy,val,275,2711,,1,0.5115635395050049
sprint9_multiseed_S8A_R2_seed7_S8A_R2_context_edge_film,S8A_R2_context_edge_film,graph_c_gatv2_context_edge_film_interaction,gatv2_graph_c_sprint8a_context_edge_film,gatv2,graph_c_context_observation,S5F2_energy,val,276,2711,,1,0.5005987286567688
sprint9_multiseed_S8A_R2_seed7_S8A_R2_context_edge_film,S8A_R2_context_edge_film,graph_c_gatv2_context_edge_film_interaction,gatv2_graph_c_sprint8a_context_edge_film,gatv2,graph_c_context_observation,S5F2_energy,val,277,2711,,1,0.5460562705993652
sprint9_multiseed_S8A_R2_seed7_S8A_R2_context_edge_film,S8A_R2_context_edge_film,graph_c_gatv2_context_edge_film_interaction,gatv2_graph_c_sprint8a_context_edge_film,gatv2,graph_c_context_observation,S5F2_energy,val,278,2711,,1,0.5339892506599426
sprint9_multiseed_S8A_R2_seed7_S8A_R2_context_edge_film,S8A_R2_context_edge_film,graph_c_gatv2_context_edge_film_interaction,gatv2_graph_c_sprint8a_context_edge_film,gatv2,graph_c_context_observation,S5F2_energy,val,279,2711,,1,0.4620001018047333
sprint9_multiseed_S8A_R2_seed7_S8A_R2_context_edge_film,S8A_R2_context_edge_film,graph_c_gatv2_context_edge_film_interaction,gatv2_graph_c_sprint8a_context_edge_film,gatv2,graph_c_context_observation,S5F2_energy,val,280,2711,,1,0.5022752285003662
sprint9_multiseed_S8A_R2_seed7_S8A_R2_context_edge_film,S8A_R2_context_edge_film,graph_c_gatv2_context_edge_film_interaction,gatv2_graph_c_sprint8a_context_edge_film,gatv2,graph_c_context_observation,S5F2_energy,val,281,2711,,1,0.4865852892398834
sprint9_multiseed_S8A_R2_seed7_S8A_R2_context_edge_film,S8A_R2_context_edge_film,graph_c_gatv2_context_edge_film_interaction,gatv2_graph_c_sprint8a_context_edge_film,gatv2,graph_c_context_observation,S5F2_energy,val,282,2711,,1,0.4889095425605774
sprint9_multiseed_S8A_R2_seed7_S8A_R2_context_edge_film,S8A_R2_context_edge_film,graph_c_gatv2_context_edge_film_interaction,gatv2_graph_c_sprint8a_context_edge_film,gatv2,graph_c_context_observation,S5F2_energy,val,283,2711,,1,0.3472694456577301
sprint9_multiseed_S8A_R2_seed7_S8A_R2_context_edge_film,S8A_R2_context_edge_film,graph_c_gatv2_context_edge_film_interaction,gatv2_graph_c_sprint8a_context_edge_film,gatv2,graph_c_context_observation,S5F2_energy,val,284,2711,,1,0.4917926788330078
sprint9_multiseed_S8A_R2_seed7_S8A_R2_context_edge_film,S8A_R2_context_edge_film,graph_c_gatv2_context_edge_film_interaction,gatv2_graph_c_sprint8a_context_edge_film,gatv2,graph_c_context_observation,S5F2_energy,val,285,2711,,1,0.5764046907424927
sprint9_multiseed_S8A_R2_seed7_S8A_R2_context_edge_film,S8A_R2_context_edge_film,graph_c_gatv2_context_edge_film_interaction,gatv2_graph_c_sprint8a_context_edge_film,gatv2,graph_c_context_observation,S5F2_energy,val,286,2711,,1,0.5291399955749512
sprint9_multiseed_S8A_R2_seed7_S8A_R2_context_edge_film,S8A_R2_context_edge_film,graph_c_gatv2_context_edge_film_interaction,gatv2_graph_c_sprint8a_context_edge_film,gatv2,graph_c_context_observation,S5F2_energy,val,287,2711,,1,0.4639972448348999
sprint9_multiseed_S8A_R2_seed7_S8A_R2_context_edge_film,S8A_R2_context_edge_film,graph_c_gatv2_context_edge_film_interaction,gatv2_graph_c_sprint8a_context_edge_film,gatv2,graph_c_context_observation,S5F2_energy,val,288,2711,,1,0.5064371824264526
sprint9_multiseed_S8A_R2_seed7_S8A_R2_context_edge_film,S8A_R2_context_edge_film,graph_c_gatv2_context_edge_film_interaction,gatv2_graph_c_sprint8a_context_edge_film,gatv2,graph_c_context_observation,S5F2_energy,val,289,2711,,1,0.35428544878959656
sprint9_multiseed_S8A_R2_seed7_S8A_R2_context_edge_film,S8A_R2_context_edge_film,graph_c_gatv2_context_edge_film_interaction,gatv2_graph_c_sprint8a_context_edge_film,gatv2,graph_c_context_observation,S5F2_energy,val,290,2711,,1,0.5488718152046204
sprint9_multiseed_S8A_R2_seed7_S8A_R2_context_edge_film,S8A_R2_context_edge_film,graph_c_gatv2_context_edge_film_interaction,gatv2_graph_c_sprint8a_context_edge_film,gatv2,graph_c_context_observation,S5F2_energy,val,291,2711,,1,0.5165355801582336
sprint9_multiseed_S8A_R2_seed7_S8A_R2_context_edge_film,S8A_R2_context_edge_film,graph_c_gatv2_context_edge_film_interaction,gatv2_graph_c_sprint8a_context_edge_film,gatv2,graph_c_context_observation,S5F2_energy,val,292,2711,,1,0.4769560694694519
sprint9_multiseed_S8A_R2_seed7_S8A_R2_context_edge_film,S8A_R2_context_edge_film,graph_c_gatv2_context_edge_film_interaction,gatv2_graph_c_sprint8a_context_edge_film,gatv2,graph_c_context_observation,S5F2_energy,val,293,2711,,1,0.5526806116104126
sprint9_multiseed_S8A_R2_seed7_S8A_R2_context_edge_film,S8A_R2_context_edge_film,graph_c_gatv2_context_edge_film_interaction,gatv2_graph_c_sprint8a_context_edge_film,gatv2,graph_c_context_observation,S5F2_energy,val,294,2711,,1,0.4948795437812805
sprint9_multiseed_S8A_R2_seed7_S8A_R2_context_edge_film,S8A_R2_context_edge_film,graph_c_gatv2_context_edge_film_interaction,gatv2_graph_c_sprint8a_context_edge_film,gatv2,graph_c_context_observation,S5F2_energy,val,295,2711,,1,0.5327784419059753
sprint9_multiseed_S8A_R2_seed7_S8A_R2_context_edge_film,S8A_R2_context_edge_film,graph_c_gatv2_context_edge_film_interaction,gatv2_graph_c_sprint8a_context_edge_film,gatv2,graph_c_context_observation,S5F2_energy,val,296,2711,,1,0.4588523209095001
sprint9_multiseed_S8A_R2_seed7_S8A_R2_context_edge_film,S8A_R2_context_edge_film,graph_c_gatv2_context_edge_film_interaction,gatv2_graph_c_sprint8a_context_edge_film,gatv2,graph_c_context_observation,S5F2_energy,val,297,2711,,1,0.543886661529541
sprint9_multiseed_S8A_R2_seed7_S8A_R2_context_edge_film,S8A_R2_context_edge_film,graph_c_gatv2_context_edge_film_interaction,gatv2_graph_c_sprint8a_context_edge_film,gatv2,graph_c_context_observation,S5F2_energy,val,298,2711,,1,0.532952606678009
sprint9_multiseed_S8A_R2_seed7_S8A_R2_context_edge_film,S8A_R2_context_edge_film,graph_c_gatv2_context_edge_film_interaction,gatv2_graph_c_sprint8a_context_edge_film,gatv2,graph_c_context_observation,S5F2_energy,val,299,2711,,1,0.5406622886657715
sprint9_multiseed_S8A_R2_seed7_S8A_R2_context_edge_film,S8A_R2_context_edge_film,graph_c_gatv2_context_edge_film_interaction,gatv2_graph_c_sprint8a_context_edge_film,gatv2,graph_c_context_observation,S5F2_energy,val,300,2711,,1,0.48642346262931824
sprint9_multiseed_S8A_R2_seed7_S8A_R2_context_edge_film,S8A_R2_context_edge_film,graph_c_gatv2_context_edge_film_interaction,gatv2_graph_c_sprint8a_context_edge_film,gatv2,graph_c_context_observation,S5F2_energy,val,301,2711,,1,0.5121480822563171
sprint9_multiseed_S8A_R2_seed7_S8A_R2_context_edge_film,S8A_R2_context_edge_film,graph_c_gatv2_context_edge_film_interaction,gatv2_graph_c_sprint8a_context_edge_film,gatv2,graph_c_context_observation,S5F2_energy,val,302,2711,,1,0.4847947955131531
sprint9_multiseed_S8A_R2_seed7_S8A_R2_context_edge_film,S8A_R2_context_edge_film,graph_c_gatv2_context_edge_film_interaction,gatv2_graph_c_sprint8a_context_edge_film,gatv2,graph_c_context_observation,S5F2_energy,val,303,2711,,1,0.4805036783218384
sprint9_multiseed_S8A_R2_seed7_S8A_R2_context_edge_film,S8A_R2_context_edge_film,graph_c_gatv2_context_edge_film_interaction,gatv2_graph_c_sprint8a_context_edge_film,gatv2,graph_c_context_observation,S5F2_energy,val,304,2711,,1,0.5022843480110168
sprint9_multiseed_S8A_R2_seed7_S8A_R2_context_edge_film,S8A_R2_context_edge_film,graph_c_gatv2_context_edge_film_interaction,gatv2_graph_c_sprint8a_context_edge_film,gatv2,graph_c_context_observation,S5F2_energy,val,305,2711,,1,0.5342759490013123
sprint9_multiseed_S8A_R2_seed7_S8A_R2_context_edge_film,S8A_R2_context_edge_film,graph_c_gatv2_context_edge_film_interaction,gatv2_graph_c_sprint8a_context_edge_film,gatv2,graph_c_context_observation,S5F2_energy,val,306,2711,,1,0.586530864238739
sprint9_multiseed_S8A_R2_seed7_S8A_R2_context_edge_film,S8A_R2_context_edge_film,graph_c_gatv2_context_edge_film_interaction,gatv2_graph_c_sprint8a_context_edge_film,gatv2,graph_c_context_observation,S5F2_energy,val,307,2711,,1,0.4826606810092926
sprint9_multiseed_S8A_R2_seed7_S8A_R2_context_edge_film,S8A_R2_context_edge_film,graph_c_gatv2_context_edge_film_interaction,gatv2_graph_c_sprint8a_context_edge_film,gatv2,graph_c_context_observation,S5F2_energy,val,308,2711,,1,0.4653549790382385
sprint9_multiseed_S8A_R2_seed7_S8A_R2_context_edge_film,S8A_R2_context_edge_film,graph_c_gatv2_context_edge_film_interaction,gatv2_graph_c_sprint8a_context_edge_film,gatv2,graph_c_context_observation,S5F2_energy,val,309,2711,,1,0.4644968509674072
sprint9_multiseed_S8A_R2_seed7_S8A_R2_context_edge_film,S8A_R2_context_edge_film,graph_c_gatv2_context_edge_film_interaction,gatv2_graph_c_sprint8a_context_edge_film,gatv2,graph_c_context_observation,S5F2_energy,val,310,2711,,1,0.5147573947906494
sprint9_multiseed_S8A_R2_seed7_S8A_R2_context_edge_film,S8A_R2_context_edge_film,graph_c_gatv2_context_edge_film_interaction,gatv2_graph_c_sprint8a_context_edge_film,gatv2,graph_c_context_observation,S5F2_energy,val,311,2711,,1,0.4878065884113312
sprint9_multiseed_S8A_R2_seed7_S8A_R2_context_edge_film,S8A_R2_context_edge_film,graph_c_gatv2_context_edge_film_interaction,gatv2_graph_c_sprint8a_context_edge_film,gatv2,graph_c_context_observation,S5F2_energy,val,312,2711,,1,0.5035451650619507
sprint9_multiseed_S8A_R2_seed7_S8A_R2_context_edge_film,S8A_R2_context_edge_film,graph_c_gatv2_context_edge_film_interaction,gatv2_graph_c_sprint8a_context_edge_film,gatv2,graph_c_context_observation,S5F2_energy,val,313,2711,,1,0.5404321551322937
sprint9_multiseed_S8A_R2_seed7_S8A_R2_context_edge_film,S8A_R2_context_edge_film,graph_c_gatv2_context_edge_film_interaction,gatv2_graph_c_sprint8a_context_edge_film,gatv2,graph_c_context_observation,S5F2_energy,val,314,2711,,1,0.6047226786613464
sprint9_multiseed_S8A_R2_seed7_S8A_R2_context_edge_film,S8A_R2_context_edge_film,graph_c_gatv2_context_edge_film_interaction,gatv2_graph_c_sprint8a_context_edge_film,gatv2,graph_c_context_observation,S5F2_energy,val,315,2711,,1,0.5109314918518066
sprint9_multiseed_S8A_R2_seed7_S8A_R2_context_edge_film,S8A_R2_context_edge_film,graph_c_gatv2_context_edge_film_interaction,gatv2_graph_c_sprint8a_context_edge_film,gatv2,graph_c_context_observation,S5F2_energy,val,316,2711,,1,0.5385608077049255
sprint9_multiseed_S8A_R2_seed7_S8A_R2_context_edge_film,S8A_R2_context_edge_film,graph_c_gatv2_context_edge_film_interaction,gatv2_graph_c_sprint8a_context_edge_film,gatv2,graph_c_context_observation,S5F2_energy,val,317,2711,,1,0.46235743165016174
sprint9_multiseed_S8A_R2_seed7_S8A_R2_context_edge_film,S8A_R2_context_edge_film,graph_c_gatv2_context_edge_film_interaction,gatv2_graph_c_sprint8a_context_edge_film,gatv2,graph_c_context_observation,S5F2_energy,val,318,2711,,1,0.49444326758384705
sprint9_multiseed_S8A_R2_seed7_S8A_R2_context_edge_film,S8A_R2_context_edge_film,graph_c_gatv2_context_edge_film_interaction,gatv2_graph_c_sprint8a_context_edge_film,gatv2,graph_c_context_observation,S5F2_energy,val,319,2711,,1,0.5386015176773071
sprint9_multiseed_S8A_R2_seed7_S8A_R2_context_edge_film,S8A_R2_context_edge_film,graph_c_gatv2_context_edge_film_interaction,gatv2_graph_c_sprint8a_context_edge_film,gatv2,graph_c_context_observation,S5F2_energy,val,320,2711,,1,0.4938604533672333
sprint9_multiseed_S8A_R2_seed7_S8A_R2_context_edge_film,S8A_R2_context_edge_film,graph_c_gatv2_context_edge_film_interaction,gatv2_graph_c_sprint8a_context_edge_film,gatv2,graph_c_context_observation,S5F2_energy,val,321,2711,,1,0.4689290523529053
sprint9_multiseed_S8A_R2_seed7_S8A_R2_context_edge_film,S8A_R2_context_edge_film,graph_c_gatv2_context_edge_film_interaction,gatv2_graph_c_sprint8a_context_edge_film,gatv2,graph_c_context_observation,S5F2_energy,val,322,2711,,1,0.5075716972351074
sprint9_multiseed_S8A_R2_seed7_S8A_R2_context_edge_film,S8A_R2_context_edge_film,graph_c_gatv2_context_edge_film_interaction,gatv2_graph_c_sprint8a_context_edge_film,gatv2,graph_c_context_observation,S5F2_energy,val,323,2711,,1,0.4619910418987274
sprint9_multiseed_S8A_R2_seed7_S8A_R2_context_edge_film,S8A_R2_context_edge_film,graph_c_gatv2_context_edge_film_interaction,gatv2_graph_c_sprint8a_context_edge_film,gatv2,graph_c_context_observation,S5F2_energy,val,324,2711,,1,0.5341648459434509
sprint9_multiseed_S8A_R2_seed7_S8A_R2_context_edge_film,S8A_R2_context_edge_film,graph_c_gatv2_context_edge_film_interaction,gatv2_graph_c_sprint8a_context_edge_film,gatv2,graph_c_context_observation,S5F2_energy,val,325,2711,,1,0.4855409860610962
sprint9_multiseed_S8A_R2_seed7_S8A_R2_context_edge_film,S8A_R2_context_edge_film,graph_c_gatv2_context_edge_film_interaction,gatv2_graph_c_sprint8a_context_edge_film,gatv2,graph_c_context_observation,S5F2_energy,val,326,2711,,1,0.5002539157867432
sprint9_multiseed_S8A_R2_seed7_S8A_R2_context_edge_film,S8A_R2_context_edge_film,graph_c_gatv2_context_edge_film_interaction,gatv2_graph_c_sprint8a_context_edge_film,gatv2,graph_c_context_observation,S5F2_energy,val,327,2711,,1,0.5237729549407959
sprint9_multiseed_S8A_R2_seed7_S8A_R2_context_edge_film,S8A_R2_context_edge_film,graph_c_gatv2_context_edge_film_interaction,gatv2_graph_c_sprint8a_context_edge_film,gatv2,graph_c_context_observation,S5F2_energy,val,328,2711,,1,0.5176193714141846
sprint9_multiseed_S8A_R2_seed7_S8A_R2_context_edge_film,S8A_R2_context_edge_film,graph_c_gatv2_context_edge_film_interaction,gatv2_graph_c_sprint8a_context_edge_film,gatv2,graph_c_context_observation,S5F2_energy,val,329,2711,,1,0.4422944486141205
sprint9_multiseed_S8A_R2_seed7_S8A_R2_context_edge_film,S8A_R2_context_edge_film,graph_c_gatv2_context_edge_film_interaction,gatv2_graph_c_sprint8a_context_edge_film,gatv2,graph_c_context_observation,S5F2_energy,val,330,2711,,1,0.48829951882362366
sprint9_multiseed_S8A_R2_seed7_S8A_R2_context_edge_film,S8A_R2_context_edge_film,graph_c_gatv2_context_edge_film_interaction,gatv2_graph_c_sprint8a_context_edge_film,gatv2,graph_c_context_observation,S5F2_energy,val,331,2711,,1,0.5245335102081299
sprint9_multiseed_S8A_R2_seed7_S8A_R2_context_edge_film,S8A_R2_context_edge_film,graph_c_gatv2_context_edge_film_interaction,gatv2_graph_c_sprint8a_context_edge_film,gatv2,graph_c_context_observation,S5F2_energy,val,332,2711,,1,0.5175546407699585
sprint9_multiseed_S8A_R2_seed7_S8A_R2_context_edge_film,S8A_R2_context_edge_film,graph_c_gatv2_context_edge_film_interaction,gatv2_graph_c_sprint8a_context_edge_film,gatv2,graph_c_context_observation,S5F2_energy,val,333,2711,,1,0.49685537815093994
sprint9_multiseed_S8A_R2_seed7_S8A_R2_context_edge_film,S8A_R2_context_edge_film,graph_c_gatv2_context_edge_film_interaction,gatv2_graph_c_sprint8a_context_edge_film,gatv2,graph_c_context_observation,S5F2_energy,val,334,2711,,1,0.5030789375305176
sprint9_multiseed_S8A_R2_seed7_S8A_R2_context_edge_film,S8A_R2_context_edge_film,graph_c_gatv2_context_edge_film_interaction,gatv2_graph_c_sprint8a_context_edge_film,gatv2,graph_c_context_observation,S5F2_energy,val,335,2711,,1,0.5180827379226685
sprint9_multiseed_S8A_R2_seed7_S8A_R2_context_edge_film,S8A_R2_context_edge_film,graph_c_gatv2_context_edge_film_interaction,gatv2_graph_c_sprint8a_context_edge_film,gatv2,graph_c_context_observation,S5F2_energy,val,336,2711,,1,0.5112197399139404
sprint9_multiseed_S8A_R2_seed7_S8A_R2_context_edge_film,S8A_R2_context_edge_film,graph_c_gatv2_context_edge_film_interaction,gatv2_graph_c_sprint8a_context_edge_film,gatv2,graph_c_context_observation,S5F2_energy,val,337,2711,,1,0.5558636784553528
sprint9_multiseed_S8A_R2_seed7_S8A_R2_context_edge_film,S8A_R2_context_edge_film,graph_c_gatv2_context_edge_film_interaction,gatv2_graph_c_sprint8a_context_edge_film,gatv2,graph_c_context_observation,S5F2_energy,val,338,2711,,1,0.41260018944740295
sprint9_multiseed_S8A_R2_seed7_S8A_R2_context_edge_film,S8A_R2_context_edge_film,graph_c_gatv2_context_edge_film_interaction,gatv2_graph_c_sprint8a_context_edge_film,gatv2,graph_c_context_observation,S5F2_energy,val,339,2711,,1,0.5049266219139099
sprint9_multiseed_S8A_R2_seed7_S8A_R2_context_edge_film,S8A_R2_context_edge_film,graph_c_gatv2_context_edge_film_interaction,gatv2_graph_c_sprint8a_context_edge_film,gatv2,graph_c_context_observation,S5F2_energy,val,340,2711,,1,0.5867041349411011
sprint9_multiseed_S8A_R2_seed7_S8A_R2_context_edge_film,S8A_R2_context_edge_film,graph_c_gatv2_context_edge_film_interaction,gatv2_graph_c_sprint8a_context_edge_film,gatv2,graph_c_context_observation,S5F2_energy,val,341,2711,,1,0.48307204246520996
sprint9_multiseed_S8A_R2_seed7_S8A_R2_context_edge_film,S8A_R2_context_edge_film,graph_c_gatv2_context_edge_film_interaction,gatv2_graph_c_sprint8a_context_edge_film,gatv2,graph_c_context_observation,S5F2_energy,val,342,2711,,1,0.5053550601005554
sprint9_multiseed_S8A_R2_seed7_S8A_R2_context_edge_film,S8A_R2_context_edge_film,graph_c_gatv2_context_edge_film_interaction,gatv2_graph_c_sprint8a_context_edge_film,gatv2,graph_c_context_observation,S5F2_energy,val,343,2711,,1,0.47911980748176575
sprint9_multiseed_S8A_R2_seed7_S8A_R2_context_edge_film,S8A_R2_context_edge_film,graph_c_gatv2_context_edge_film_interaction,gatv2_graph_c_sprint8a_context_edge_film,gatv2,graph_c_context_observation,S5F2_energy,val,344,2869,,1,0.7797309756278992
sprint9_multiseed_S8A_R2_seed7_S8A_R2_context_edge_film,S8A_R2_context_edge_film,graph_c_gatv2_context_edge_film_interaction,gatv2_graph_c_sprint8a_context_edge_film,gatv2,graph_c_context_observation,S5F2_energy,val,345,2869,,1,0.7365129590034485
sprint9_multiseed_S8A_R2_seed7_S8A_R2_context_edge_film,S8A_R2_context_edge_film,graph_c_gatv2_context_edge_film_interaction,gatv2_graph_c_sprint8a_context_edge_film,gatv2,graph_c_context_observation,S5F2_energy,val,346,2869,,1,0.7637306451797485
sprint9_multiseed_S8A_R2_seed7_S8A_R2_context_edge_film,S8A_R2_context_edge_film,graph_c_gatv2_context_edge_film_interaction,gatv2_graph_c_sprint8a_context_edge_film,gatv2,graph_c_context_observation,S5F2_energy,val,347,2869,,1,0.6849627494812012
sprint9_multiseed_S8A_R2_seed7_S8A_R2_context_edge_film,S8A_R2_context_edge_film,graph_c_gatv2_context_edge_film_interaction,gatv2_graph_c_sprint8a_context_edge_film,gatv2,graph_c_context_observation,S5F2_energy,val,348,2869,,1,0.6968319416046143
sprint9_multiseed_S8A_R2_seed7_S8A_R2_context_edge_film,S8A_R2_context_edge_film,graph_c_gatv2_context_edge_film_interaction,gatv2_graph_c_sprint8a_context_edge_film,gatv2,graph_c_context_observation,S5F2_energy,val,349,2869,,1,0.7213445901870728
sprint9_multiseed_S8A_R2_seed7_S8A_R2_context_edge_film,S8A_R2_context_edge_film,graph_c_gatv2_context_edge_film_interaction,gatv2_graph_c_sprint8a_context_edge_film,gatv2,graph_c_context_observation,S5F2_energy,val,350,2869,,1,0.7195514440536499
sprint9_multiseed_S8A_R2_seed7_S8A_R2_context_edge_film,S8A_R2_context_edge_film,graph_c_gatv2_context_edge_film_interaction,gatv2_graph_c_sprint8a_context_edge_film,gatv2,graph_c_context_observation,S5F2_energy,val,351,2869,,1,0.7658531069755554
sprint9_multiseed_S8A_R2_seed7_S8A_R2_context_edge_film,S8A_R2_context_edge_film,graph_c_gatv2_context_edge_film_interaction,gatv2_graph_c_sprint8a_context_edge_film,gatv2,graph_c_context_observation,S5F2_energy,val,352,2869,,1,0.7680954933166504
sprint9_multiseed_S8A_R2_seed7_S8A_R2_context_edge_film,S8A_R2_context_edge_film,graph_c_gatv2_context_edge_film_interaction,gatv2_graph_c_sprint8a_context_edge_film,gatv2,graph_c_context_observation,S5F2_energy,val,353,2869,,1,0.6605103015899658
sprint9_multiseed_S8A_R2_seed7_S8A_R2_context_edge_film,S8A_R2_context_edge_film,graph_c_gatv2_context_edge_film_interaction,gatv2_graph_c_sprint8a_context_edge_film,gatv2,graph_c_context_observation,S5F2_energy,val,354,2869,,1,0.764188289642334
sprint9_multiseed_S8A_R2_seed7_S8A_R2_context_edge_film,S8A_R2_context_edge_film,graph_c_gatv2_context_edge_film_interaction,gatv2_graph_c_sprint8a_context_edge_film,gatv2,graph_c_context_observation,S5F2_energy,val,355,2869,,1,0.780156135559082
sprint9_multiseed_S8A_R2_seed7_S8A_R2_context_edge_film,S8A_R2_context_edge_film,graph_c_gatv2_context_edge_film_interaction,gatv2_graph_c_sprint8a_context_edge_film,gatv2,graph_c_context_observation,S5F2_energy,val,356,2869,,1,0.718205451965332
sprint9_multiseed_S8A_R2_seed7_S8A_R2_context_edge_film,S8A_R2_context_edge_film,graph_c_gatv2_context_edge_film_interaction,gatv2_graph_c_sprint8a_context_edge_film,gatv2,graph_c_context_observation,S5F2_energy,val,357,2869,,1,0.7745251655578613
sprint9_multiseed_S8A_R2_seed7_S8A_R2_context_edge_film,S8A_R2_context_edge_film,graph_c_gatv2_context_edge_film_interaction,gatv2_graph_c_sprint8a_context_edge_film,gatv2,graph_c_context_observation,S5F2_energy,val,358,2869,,1,0.7408244609832764
sprint9_multiseed_S8A_R2_seed7_S8A_R2_context_edge_film,S8A_R2_context_edge_film,graph_c_gatv2_context_edge_film_interaction,gatv2_graph_c_sprint8a_context_edge_film,gatv2,graph_c_context_observation,S5F2_energy,val,359,2869,,1,0.7874941825866699
sprint9_multiseed_S8A_R2_seed7_S8A_R2_context_edge_film,S8A_R2_context_edge_film,graph_c_gatv2_context_edge_film_interaction,gatv2_graph_c_sprint8a_context_edge_film,gatv2,graph_c_context_observation,S5F2_energy,val,360,2869,,1,0.7266817092895508
sprint9_multiseed_S8A_R2_seed7_S8A_R2_context_edge_film,S8A_R2_context_edge_film,graph_c_gatv2_context_edge_film_interaction,gatv2_graph_c_sprint8a_context_edge_film,gatv2,graph_c_context_observation,S5F2_energy,val,361,2869,,1,0.6952751278877258
sprint9_multiseed_S8A_R2_seed7_S8A_R2_context_edge_film,S8A_R2_context_edge_film,graph_c_gatv2_context_edge_film_interaction,gatv2_graph_c_sprint8a_context_edge_film,gatv2,graph_c_context_observation,S5F2_energy,val,362,2869,,1,0.7178419232368469
sprint9_multiseed_S8A_R2_seed7_S8A_R2_context_edge_film,S8A_R2_context_edge_film,graph_c_gatv2_context_edge_film_interaction,gatv2_graph_c_sprint8a_context_edge_film,gatv2,graph_c_context_observation,S5F2_energy,val,363,2869,,1,0.6758378148078918
sprint9_multiseed_S8A_R2_seed7_S8A_R2_context_edge_film,S8A_R2_context_edge_film,graph_c_gatv2_context_edge_film_interaction,gatv2_graph_c_sprint8a_context_edge_film,gatv2,graph_c_context_observation,S5F2_energy,val,364,2869,,1,0.7100012302398682
sprint9_multiseed_S8A_R2_seed7_S8A_R2_context_edge_film,S8A_R2_context_edge_film,graph_c_gatv2_context_edge_film_interaction,gatv2_graph_c_sprint8a_context_edge_film,gatv2,graph_c_context_observation,S5F2_energy,val,365,2869,,1,0.680321455001831
sprint9_multiseed_S8A_R2_seed7_S8A_R2_context_edge_film,S8A_R2_context_edge_film,graph_c_gatv2_context_edge_film_interaction,gatv2_graph_c_sprint8a_context_edge_film,gatv2,graph_c_context_observation,S5F2_energy,val,366,2869,,1,0.6718757152557373
sprint9_multiseed_S8A_R2_seed7_S8A_R2_context_edge_film,S8A_R2_context_edge_film,graph_c_gatv2_context_edge_film_interaction,gatv2_graph_c_sprint8a_context_edge_film,gatv2,graph_c_context_observation,S5F2_energy,val,367,2869,,1,0.7197093367576599
sprint9_multiseed_S8A_R2_seed7_S8A_R2_context_edge_film,S8A_R2_context_edge_film,graph_c_gatv2_context_edge_film_interaction,gatv2_graph_c_sprint8a_context_edge_film,gatv2,graph_c_context_observation,S5F2_energy,val,368,2869,,1,0.659796953201294
sprint9_multiseed_S8A_R2_seed7_S8A_R2_context_edge_film,S8A_R2_context_edge_film,graph_c_gatv2_context_edge_film_interaction,gatv2_graph_c_sprint8a_context_edge_film,gatv2,graph_c_context_observation,S5F2_energy,val,369,2869,,1,0.6152960658073425
sprint9_multiseed_S8A_R2_seed7_S8A_R2_context_edge_film,S8A_R2_context_edge_film,graph_c_gatv2_context_edge_film_interaction,gatv2_graph_c_sprint8a_context_edge_film,gatv2,graph_c_context_observation,S5F2_energy,val,370,2869,,1,0.7369728088378906
sprint9_multiseed_S8A_R2_seed7_S8A_R2_context_edge_film,S8A_R2_context_edge_film,graph_c_gatv2_context_edge_film_interaction,gatv2_graph_c_sprint8a_context_edge_film,gatv2,graph_c_context_observation,S5F2_energy,val,371,2869,,1,0.6332837343215942
sprint9_multiseed_S8A_R2_seed7_S8A_R2_context_edge_film,S8A_R2_context_edge_film,graph_c_gatv2_context_edge_film_interaction,gatv2_graph_c_sprint8a_context_edge_film,gatv2,graph_c_context_observation,S5F2_energy,val,372,2869,,1,0.7945653200149536
sprint9_multiseed_S8A_R2_seed7_S8A_R2_context_edge_film,S8A_R2_context_edge_film,graph_c_gatv2_context_edge_film_interaction,gatv2_graph_c_sprint8a_context_edge_film,gatv2,graph_c_context_observation,S5F2_energy,val,373,2869,,1,0.7261216044425964
sprint9_multiseed_S8A_R2_seed7_S8A_R2_context_edge_film,S8A_R2_context_edge_film,graph_c_gatv2_context_edge_film_interaction,gatv2_graph_c_sprint8a_context_edge_film,gatv2,graph_c_context_observation,S5F2_energy,val,374,2869,,1,0.6535840034484863
sprint9_multiseed_S8A_R2_seed7_S8A_R2_context_edge_film,S8A_R2_context_edge_film,graph_c_gatv2_context_edge_film_interaction,gatv2_graph_c_sprint8a_context_edge_film,gatv2,graph_c_context_observation,S5F2_energy,val,375,2869,,1,0.7858381867408752
sprint9_multiseed_S8A_R2_seed7_S8A_R2_context_edge_film,S8A_R2_context_edge_film,graph_c_gatv2_context_edge_film_interaction,gatv2_graph_c_sprint8a_context_edge_film,gatv2,graph_c_context_observation,S5F2_energy,val,376,2869,,1,0.7443110346794128
sprint9_multiseed_S8A_R2_seed7_S8A_R2_context_edge_film,S8A_R2_context_edge_film,graph_c_gatv2_context_edge_film_interaction,gatv2_graph_c_sprint8a_context_edge_film,gatv2,graph_c_context_observation,S5F2_energy,val,377,2869,,1,0.7160298824310303
sprint9_multiseed_S8A_R2_seed7_S8A_R2_context_edge_film,S8A_R2_context_edge_film,graph_c_gatv2_context_edge_film_interaction,gatv2_graph_c_sprint8a_context_edge_film,gatv2,graph_c_context_observation,S5F2_energy,val,378,2869,,1,0.7379652261734009
sprint9_multiseed_S8A_R2_seed7_S8A_R2_context_edge_film,S8A_R2_context_edge_film,graph_c_gatv2_context_edge_film_interaction,gatv2_graph_c_sprint8a_context_edge_film,gatv2,graph_c_context_observation,S5F2_energy,val,379,2869,,1,0.6729186773300171
sprint9_multiseed_S8A_R2_seed7_S8A_R2_context_edge_film,S8A_R2_context_edge_film,graph_c_gatv2_context_edge_film_interaction,gatv2_graph_c_sprint8a_context_edge_film,gatv2,graph_c_context_observation,S5F2_energy,val,380,2869,,1,0.68229079246521
sprint9_multiseed_S8A_R2_seed7_S8A_R2_context_edge_film,S8A_R2_context_edge_film,graph_c_gatv2_context_edge_film_interaction,gatv2_graph_c_sprint8a_context_edge_film,gatv2,graph_c_context_observation,S5F2_energy,val,381,2869,,1,0.7756482362747192
sprint9_multiseed_S8A_R2_seed7_S8A_R2_context_edge_film,S8A_R2_context_edge_film,graph_c_gatv2_context_edge_film_interaction,gatv2_graph_c_sprint8a_context_edge_film,gatv2,graph_c_context_observation,S5F2_energy,val,382,2869,,1,0.7176672220230103
sprint9_multiseed_S8A_R2_seed7_S8A_R2_context_edge_film,S8A_R2_context_edge_film,graph_c_gatv2_context_edge_film_interaction,gatv2_graph_c_sprint8a_context_edge_film,gatv2,graph_c_context_observation,S5F2_energy,val,383,2869,,1,0.72652268409729
sprint9_multiseed_S8A_R2_seed7_S8A_R2_context_edge_film,S8A_R2_context_edge_film,graph_c_gatv2_context_edge_film_interaction,gatv2_graph_c_sprint8a_context_edge_film,gatv2,graph_c_context_observation,S5F2_energy,val,384,2869,,1,0.6210831999778748
sprint9_multiseed_S8A_R2_seed7_S8A_R2_context_edge_film,S8A_R2_context_edge_film,graph_c_gatv2_context_edge_film_interaction,gatv2_graph_c_sprint8a_context_edge_film,gatv2,graph_c_context_observation,S5F2_energy,val,385,2869,,1,0.7319210171699524
sprint9_multiseed_S8A_R2_seed7_S8A_R2_context_edge_film,S8A_R2_context_edge_film,graph_c_gatv2_context_edge_film_interaction,gatv2_graph_c_sprint8a_context_edge_film,gatv2,graph_c_context_observation,S5F2_energy,val,386,2869,,1,0.6551410555839539
sprint9_multiseed_S8A_R2_seed7_S8A_R2_context_edge_film,S8A_R2_context_edge_film,graph_c_gatv2_context_edge_film_interaction,gatv2_graph_c_sprint8a_context_edge_film,gatv2,graph_c_context_observation,S5F2_energy,val,387,2869,,1,0.6341414451599121
sprint9_multiseed_S8A_R2_seed7_S8A_R2_context_edge_film,S8A_R2_context_edge_film,graph_c_gatv2_context_edge_film_interaction,gatv2_graph_c_sprint8a_context_edge_film,gatv2,graph_c_context_observation,S5F2_energy,val,388,2869,,1,0.6618589162826538
sprint9_multiseed_S8A_R2_seed7_S8A_R2_context_edge_film,S8A_R2_context_edge_film,graph_c_gatv2_context_edge_film_interaction,gatv2_graph_c_sprint8a_context_edge_film,gatv2,graph_c_context_observation,S5F2_energy,val,389,2869,,1,0.7456819415092468
sprint9_multiseed_S8A_R2_seed7_S8A_R2_context_edge_film,S8A_R2_context_edge_film,graph_c_gatv2_context_edge_film_interaction,gatv2_graph_c_sprint8a_context_edge_film,gatv2,graph_c_context_observation,S5F2_energy,val,390,2869,,1,0.6789752840995789
sprint9_multiseed_S8A_R2_seed7_S8A_R2_context_edge_film,S8A_R2_context_edge_film,graph_c_gatv2_context_edge_film_interaction,gatv2_graph_c_sprint8a_context_edge_film,gatv2,graph_c_context_observation,S5F2_energy,val,391,2869,,1,0.7079697251319885
sprint9_multiseed_S8A_R2_seed7_S8A_R2_context_edge_film,S8A_R2_context_edge_film,graph_c_gatv2_context_edge_film_interaction,gatv2_graph_c_sprint8a_context_edge_film,gatv2,graph_c_context_observation,S5F2_energy,val,392,2869,,1,0.6400423645973206
sprint9_multiseed_S8A_R2_seed7_S8A_R2_context_edge_film,S8A_R2_context_edge_film,graph_c_gatv2_context_edge_film_interaction,gatv2_graph_c_sprint8a_context_edge_film,gatv2,graph_c_context_observation,S5F2_energy,val,393,2869,,1,0.7728077173233032
sprint9_multiseed_S8A_R2_seed7_S8A_R2_context_edge_film,S8A_R2_context_edge_film,graph_c_gatv2_context_edge_film_interaction,gatv2_graph_c_sprint8a_context_edge_film,gatv2,graph_c_context_observation,S5F2_energy,val,394,2869,,1,0.7099013924598694
sprint9_multiseed_S8A_R2_seed7_S8A_R2_context_edge_film,S8A_R2_context_edge_film,graph_c_gatv2_context_edge_film_interaction,gatv2_graph_c_sprint8a_context_edge_film,gatv2,graph_c_context_observation,S5F2_energy,val,395,2869,,1,0.7015419006347656
sprint9_multiseed_S8A_R2_seed7_S8A_R2_context_edge_film,S8A_R2_context_edge_film,graph_c_gatv2_context_edge_film_interaction,gatv2_graph_c_sprint8a_context_edge_film,gatv2,graph_c_context_observation,S5F2_energy,val,396,2869,,1,0.6891276836395264
sprint9_multiseed_S8A_R2_seed7_S8A_R2_context_edge_film,S8A_R2_context_edge_film,graph_c_gatv2_context_edge_film_interaction,gatv2_graph_c_sprint8a_context_edge_film,gatv2,graph_c_context_observation,S5F2_energy,val,397,2869,,1,0.6981616020202637
sprint9_multiseed_S8A_R2_seed7_S8A_R2_context_edge_film,S8A_R2_context_edge_film,graph_c_gatv2_context_edge_film_interaction,gatv2_graph_c_sprint8a_context_edge_film,gatv2,graph_c_context_observation,S5F2_energy,val,398,2869,,1,0.6795485019683838
sprint9_multiseed_S8A_R2_seed7_S8A_R2_context_edge_film,S8A_R2_context_edge_film,graph_c_gatv2_context_edge_film_interaction,gatv2_graph_c_sprint8a_context_edge_film,gatv2,graph_c_context_observation,S5F2_energy,val,399,2869,,1,0.7614008784294128
sprint9_multiseed_S8A_R2_seed7_S8A_R2_context_edge_film,S8A_R2_context_edge_film,graph_c_gatv2_context_edge_film_interaction,gatv2_graph_c_sprint8a_context_edge_film,gatv2,graph_c_context_observation,S5F2_energy,val,400,2869,,1,0.7418496012687683
sprint9_multiseed_S8A_R2_seed7_S8A_R2_context_edge_film,S8A_R2_context_edge_film,graph_c_gatv2_context_edge_film_interaction,gatv2_graph_c_sprint8a_context_edge_film,gatv2,graph_c_context_observation,S5F2_energy,val,401,2869,,1,0.7223811745643616
sprint9_multiseed_S8A_R2_seed7_S8A_R2_context_edge_film,S8A_R2_context_edge_film,graph_c_gatv2_context_edge_film_interaction,gatv2_graph_c_sprint8a_context_edge_film,gatv2,graph_c_context_observation,S5F2_energy,val,402,2869,,1,0.7062932252883911
sprint9_multiseed_S8A_R2_seed7_S8A_R2_context_edge_film,S8A_R2_context_edge_film,graph_c_gatv2_context_edge_film_interaction,gatv2_graph_c_sprint8a_context_edge_film,gatv2,graph_c_context_observation,S5F2_energy,val,403,2869,,1,0.6599665880203247
sprint9_multiseed_S8A_R2_seed7_S8A_R2_context_edge_film,S8A_R2_context_edge_film,graph_c_gatv2_context_edge_film_interaction,gatv2_graph_c_sprint8a_context_edge_film,gatv2,graph_c_context_observation,S5F2_energy,val,404,2869,,1,0.7144854664802551
sprint9_multiseed_S8A_R2_seed7_S8A_R2_context_edge_film,S8A_R2_context_edge_film,graph_c_gatv2_context_edge_film_interaction,gatv2_graph_c_sprint8a_context_edge_film,gatv2,graph_c_context_observation,S5F2_energy,val,405,2869,,1,0.6938923001289368
sprint9_multiseed_S8A_R2_seed7_S8A_R2_context_edge_film,S8A_R2_context_edge_film,graph_c_gatv2_context_edge_film_interaction,gatv2_graph_c_sprint8a_context_edge_film,gatv2,graph_c_context_observation,S5F2_energy,val,406,2869,,1,0.6377606987953186
sprint9_multiseed_S8A_R2_seed7_S8A_R2_context_edge_film,S8A_R2_context_edge_film,graph_c_gatv2_context_edge_film_interaction,gatv2_graph_c_sprint8a_context_edge_film,gatv2,graph_c_context_observation,S5F2_energy,val,407,2869,,1,0.6671307682991028
sprint9_multiseed_S8A_R2_seed7_S8A_R2_context_edge_film,S8A_R2_context_edge_film,graph_c_gatv2_context_edge_film_interaction,gatv2_graph_c_sprint8a_context_edge_film,gatv2,graph_c_context_observation,S5F2_energy,val,408,2869,,1,0.6847319006919861
sprint9_multiseed_S8A_R2_seed7_S8A_R2_context_edge_film,S8A_R2_context_edge_film,graph_c_gatv2_context_edge_film_interaction,gatv2_graph_c_sprint8a_context_edge_film,gatv2,graph_c_context_observation,S5F2_energy,val,409,2869,,1,0.7019773125648499
sprint9_multiseed_S8A_R2_seed7_S8A_R2_context_edge_film,S8A_R2_context_edge_film,graph_c_gatv2_context_edge_film_interaction,gatv2_graph_c_sprint8a_context_edge_film,gatv2,graph_c_context_observation,S5F2_energy,val,410,2869,,1,0.7532819509506226
sprint9_multiseed_S8A_R2_seed7_S8A_R2_context_edge_film,S8A_R2_context_edge_film,graph_c_gatv2_context_edge_film_interaction,gatv2_graph_c_sprint8a_context_edge_film,gatv2,graph_c_context_observation,S5F2_energy,val,411,2869,,1,0.6585147976875305
sprint9_multiseed_S8A_R2_seed7_S8A_R2_context_edge_film,S8A_R2_context_edge_film,graph_c_gatv2_context_edge_film_interaction,gatv2_graph_c_sprint8a_context_edge_film,gatv2,graph_c_context_observation,S5F2_energy,val,412,2869,,1,0.7003297209739685
sprint9_multiseed_S8A_R2_seed7_S8A_R2_context_edge_film,S8A_R2_context_edge_film,graph_c_gatv2_context_edge_film_interaction,gatv2_graph_c_sprint8a_context_edge_film,gatv2,graph_c_context_observation,S5F2_energy,val,413,2869,,1,0.7236347198486328
sprint9_multiseed_S8A_R2_seed7_S8A_R2_context_edge_film,S8A_R2_context_edge_film,graph_c_gatv2_context_edge_film_interaction,gatv2_graph_c_sprint8a_context_edge_film,gatv2,graph_c_context_observation,S5F2_energy,val,414,2869,,1,0.5377644896507263
sprint9_multiseed_S8A_R2_seed7_S8A_R2_context_edge_film,S8A_R2_context_edge_film,graph_c_gatv2_context_edge_film_interaction,gatv2_graph_c_sprint8a_context_edge_film,gatv2,graph_c_context_observation,S5F2_energy,val,415,2869,,1,0.6219015121459961
sprint9_multiseed_S8A_R2_seed7_S8A_R2_context_edge_film,S8A_R2_context_edge_film,graph_c_gatv2_context_edge_film_interaction,gatv2_graph_c_sprint8a_context_edge_film,gatv2,graph_c_context_observation,S5F2_energy,val,416,2869,,1,0.6539555788040161
sprint9_multiseed_S8A_R2_seed7_S8A_R2_context_edge_film,S8A_R2_context_edge_film,graph_c_gatv2_context_edge_film_interaction,gatv2_graph_c_sprint8a_context_edge_film,gatv2,graph_c_context_observation,S5F2_energy,val,417,2869,,1,0.7391884922981262
sprint9_multiseed_S8A_R2_seed7_S8A_R2_context_edge_film,S8A_R2_context_edge_film,graph_c_gatv2_context_edge_film_interaction,gatv2_graph_c_sprint8a_context_edge_film,gatv2,graph_c_context_observation,S5F2_energy,val,418,2869,,1,0.6341845989227295
sprint9_multiseed_S8A_R2_seed7_S8A_R2_context_edge_film,S8A_R2_context_edge_film,graph_c_gatv2_context_edge_film_interaction,gatv2_graph_c_sprint8a_context_edge_film,gatv2,graph_c_context_observation,S5F2_energy,val,419,2869,,1,0.7203037738800049
sprint9_multiseed_S8A_R2_seed7_S8A_R2_context_edge_film,S8A_R2_context_edge_film,graph_c_gatv2_context_edge_film_interaction,gatv2_graph_c_sprint8a_context_edge_film,gatv2,graph_c_context_observation,S5F2_energy,val,420,2869,,1,0.6824067831039429
sprint9_multiseed_S8A_R2_seed7_S8A_R2_context_edge_film,S8A_R2_context_edge_film,graph_c_gatv2_context_edge_film_interaction,gatv2_graph_c_sprint8a_context_edge_film,gatv2,graph_c_context_observation,S5F2_energy,val,421,2869,,1,0.7061595916748047
sprint9_multiseed_S8A_R2_seed7_S8A_R2_context_edge_film,S8A_R2_context_edge_film,graph_c_gatv2_context_edge_film_interaction,gatv2_graph_c_sprint8a_context_edge_film,gatv2,graph_c_context_observation,S5F2_energy,val,422,2869,,1,0.6057814955711365
sprint9_multiseed_S8A_R2_seed7_S8A_R2_context_edge_film,S8A_R2_context_edge_film,graph_c_gatv2_context_edge_film_interaction,gatv2_graph_c_sprint8a_context_edge_film,gatv2,graph_c_context_observation,S5F2_energy,val,423,2869,,1,0.7282173037528992
sprint9_multiseed_S8A_R2_seed7_S8A_R2_context_edge_film,S8A_R2_context_edge_film,graph_c_gatv2_context_edge_film_interaction,gatv2_graph_c_sprint8a_context_edge_film,gatv2,graph_c_context_observation,S5F2_energy,val,424,2869,,1,0.6201773881912231
sprint9_multiseed_S8A_R2_seed7_S8A_R2_context_edge_film,S8A_R2_context_edge_film,graph_c_gatv2_context_edge_film_interaction,gatv2_graph_c_sprint8a_context_edge_film,gatv2,graph_c_context_observation,S5F2_energy,val,425,2869,,1,0.6635093688964844
sprint9_multiseed_S8A_R2_seed7_S8A_R2_context_edge_film,S8A_R2_context_edge_film,graph_c_gatv2_context_edge_film_interaction,gatv2_graph_c_sprint8a_context_edge_film,gatv2,graph_c_context_observation,S5F2_energy,val,426,2869,,1,0.7211959362030029
sprint9_multiseed_S8A_R2_seed7_S8A_R2_context_edge_film,S8A_R2_context_edge_film,graph_c_gatv2_context_edge_film_interaction,gatv2_graph_c_sprint8a_context_edge_film,gatv2,graph_c_context_observation,S5F2_energy,val,427,2869,,1,0.6908060908317566
sprint9_multiseed_S8A_R2_seed7_S8A_R2_context_edge_film,S8A_R2_context_edge_film,graph_c_gatv2_context_edge_film_interaction,gatv2_graph_c_sprint8a_context_edge_film,gatv2,graph_c_context_observation,S5F2_energy,val,428,2869,,1,0.7542985081672668
sprint9_multiseed_S8A_R2_seed7_S8A_R2_context_edge_film,S8A_R2_context_edge_film,graph_c_gatv2_context_edge_film_interaction,gatv2_graph_c_sprint8a_context_edge_film,gatv2,graph_c_context_observation,S5F2_energy,val,429,2869,,1,0.719936728477478
sprint9_multiseed_S8A_R2_seed7_S8A_R2_context_edge_film,S8A_R2_context_edge_film,graph_c_gatv2_context_edge_film_interaction,gatv2_graph_c_sprint8a_context_edge_film,gatv2,graph_c_context_observation,S5F2_energy,val,430,2869,,1,0.6873107552528381
sprint9_multiseed_S8A_R2_seed7_S8A_R2_context_edge_film,S8A_R2_context_edge_film,graph_c_gatv2_context_edge_film_interaction,gatv2_graph_c_sprint8a_context_edge_film,gatv2,graph_c_context_observation,S5F2_energy,val,431,2869,,1,0.7227400541305542
sprint9_multiseed_S8A_R2_seed7_S8A_R2_context_edge_film,S8A_R2_context_edge_film,graph_c_gatv2_context_edge_film_interaction,gatv2_graph_c_sprint8a_context_edge_film,gatv2,graph_c_context_observation,S5F2_energy,val,432,2869,,1,0.6834990382194519
sprint9_multiseed_S8A_R2_seed7_S8A_R2_context_edge_film,S8A_R2_context_edge_film,graph_c_gatv2_context_edge_film_interaction,gatv2_graph_c_sprint8a_context_edge_film,gatv2,graph_c_context_observation,S5F2_energy,val,433,2869,,1,0.6439163684844971
sprint9_multiseed_S8A_R2_seed7_S8A_R2_context_edge_film,S8A_R2_context_edge_film,graph_c_gatv2_context_edge_film_interaction,gatv2_graph_c_sprint8a_context_edge_film,gatv2,graph_c_context_observation,S5F2_energy,val,434,2869,,1,0.747065007686615
sprint9_multiseed_S8A_R2_seed7_S8A_R2_context_edge_film,S8A_R2_context_edge_film,graph_c_gatv2_context_edge_film_interaction,gatv2_graph_c_sprint8a_context_edge_film,gatv2,graph_c_context_observation,S5F2_energy,val,435,2869,,1,0.6500900983810425
sprint9_multiseed_S8A_R2_seed7_S8A_R2_context_edge_film,S8A_R2_context_edge_film,graph_c_gatv2_context_edge_film_interaction,gatv2_graph_c_sprint8a_context_edge_film,gatv2,graph_c_context_observation,S5F2_energy,val,436,2869,,1,0.6439313292503357
sprint9_multiseed_S8A_R2_seed7_S8A_R2_context_edge_film,S8A_R2_context_edge_film,graph_c_gatv2_context_edge_film_interaction,gatv2_graph_c_sprint8a_context_edge_film,gatv2,graph_c_context_observation,S5F2_energy,val,437,2869,,1,0.6601316928863525
sprint9_multiseed_S8A_R2_seed7_S8A_R2_context_edge_film,S8A_R2_context_edge_film,graph_c_gatv2_context_edge_film_interaction,gatv2_graph_c_sprint8a_context_edge_film,gatv2,graph_c_context_observation,S5F2_energy,val,438,2869,,1,0.6872934699058533
sprint9_multiseed_S8A_R2_seed7_S8A_R2_context_edge_film,S8A_R2_context_edge_film,graph_c_gatv2_context_edge_film_interaction,gatv2_graph_c_sprint8a_context_edge_film,gatv2,graph_c_context_observation,S5F2_energy,val,439,2869,,1,0.6691010594367981
sprint9_multiseed_S8A_R2_seed7_S8A_R2_context_edge_film,S8A_R2_context_edge_film,graph_c_gatv2_context_edge_film_interaction,gatv2_graph_c_sprint8a_context_edge_film,gatv2,graph_c_context_observation,S5F2_energy,val,440,2869,,1,0.7166045904159546
sprint9_multiseed_S8A_R2_seed7_S8A_R2_context_edge_film,S8A_R2_context_edge_film,graph_c_gatv2_context_edge_film_interaction,gatv2_graph_c_sprint8a_context_edge_film,gatv2,graph_c_context_observation,S5F2_energy,val,441,2869,,1,0.5946444869041443
sprint9_multiseed_S8A_R2_seed7_S8A_R2_context_edge_film,S8A_R2_context_edge_film,graph_c_gatv2_context_edge_film_interaction,gatv2_graph_c_sprint8a_context_edge_film,gatv2,graph_c_context_observation,S5F2_energy,val,442,2869,,1,0.6780879497528076
sprint9_multiseed_S8A_R2_seed7_S8A_R2_context_edge_film,S8A_R2_context_edge_film,graph_c_gatv2_context_edge_film_interaction,gatv2_graph_c_sprint8a_context_edge_film,gatv2,graph_c_context_observation,S5F2_energy,val,443,2869,,1,0.7128532528877258
sprint9_multiseed_S8A_R2_seed7_S8A_R2_context_edge_film,S8A_R2_context_edge_film,graph_c_gatv2_context_edge_film_interaction,gatv2_graph_c_sprint8a_context_edge_film,gatv2,graph_c_context_observation,S5F2_energy,val,444,2869,,1,0.7197723984718323
sprint9_multiseed_S8A_R2_seed7_S8A_R2_context_edge_film,S8A_R2_context_edge_film,graph_c_gatv2_context_edge_film_interaction,gatv2_graph_c_sprint8a_context_edge_film,gatv2,graph_c_context_observation,S5F2_energy,val,445,2869,,1,0.7280585765838623
sprint9_multiseed_S8A_R2_seed7_S8A_R2_context_edge_film,S8A_R2_context_edge_film,graph_c_gatv2_context_edge_film_interaction,gatv2_graph_c_sprint8a_context_edge_film,gatv2,graph_c_context_observation,S5F2_energy,val,446,2869,,1,0.7318457961082458
sprint9_multiseed_S8A_R2_seed7_S8A_R2_context_edge_film,S8A_R2_context_edge_film,graph_c_gatv2_context_edge_film_interaction,gatv2_graph_c_sprint8a_context_edge_film,gatv2,graph_c_context_observation,S5F2_energy,val,447,2869,,1,0.6212384700775146
sprint9_multiseed_S8A_R2_seed7_S8A_R2_context_edge_film,S8A_R2_context_edge_film,graph_c_gatv2_context_edge_film_interaction,gatv2_graph_c_sprint8a_context_edge_film,gatv2,graph_c_context_observation,S5F2_energy,val,448,2869,,1,0.6743159890174866
sprint9_multiseed_S8A_R2_seed7_S8A_R2_context_edge_film,S8A_R2_context_edge_film,graph_c_gatv2_context_edge_film_interaction,gatv2_graph_c_sprint8a_context_edge_film,gatv2,graph_c_context_observation,S5F2_energy,val,449,2869,,1,0.7466139793395996
sprint9_multiseed_S8A_R2_seed7_S8A_R2_context_edge_film,S8A_R2_context_edge_film,graph_c_gatv2_context_edge_film_interaction,gatv2_graph_c_sprint8a_context_edge_film,gatv2,graph_c_context_observation,S5F2_energy,val,450,2869,,1,0.6496602296829224
sprint9_multiseed_S8A_R2_seed7_S8A_R2_context_edge_film,S8A_R2_context_edge_film,graph_c_gatv2_context_edge_film_interaction,gatv2_graph_c_sprint8a_context_edge_film,gatv2,graph_c_context_observation,S5F2_energy,val,451,2869,,1,0.686893105506897
sprint9_multiseed_S8A_R2_seed7_S8A_R2_context_edge_film,S8A_R2_context_edge_film,graph_c_gatv2_context_edge_film_interaction,gatv2_graph_c_sprint8a_context_edge_film,gatv2,graph_c_context_observation,S5F2_energy,val,452,2869,,1,0.6985522508621216
sprint9_multiseed_S8A_R2_seed7_S8A_R2_context_edge_film,S8A_R2_context_edge_film,graph_c_gatv2_context_edge_film_interaction,gatv2_graph_c_sprint8a_context_edge_film,gatv2,graph_c_context_observation,S5F2_energy,val,453,2869,,1,0.6435871124267578
sprint9_multiseed_S8A_R2_seed7_S8A_R2_context_edge_film,S8A_R2_context_edge_film,graph_c_gatv2_context_edge_film_interaction,gatv2_graph_c_sprint8a_context_edge_film,gatv2,graph_c_context_observation,S5F2_energy,val,454,2869,,1,0.6518104076385498
sprint9_multiseed_S8A_R2_seed7_S8A_R2_context_edge_film,S8A_R2_context_edge_film,graph_c_gatv2_context_edge_film_interaction,gatv2_graph_c_sprint8a_context_edge_film,gatv2,graph_c_context_observation,S5F2_energy,val,455,2869,,1,0.6243319511413574
sprint9_multiseed_S8A_R2_seed7_S8A_R2_context_edge_film,S8A_R2_context_edge_film,graph_c_gatv2_context_edge_film_interaction,gatv2_graph_c_sprint8a_context_edge_film,gatv2,graph_c_context_observation,S5F2_energy,val,456,2869,,1,0.7738217711448669
sprint9_multiseed_S8A_R2_seed7_S8A_R2_context_edge_film,S8A_R2_context_edge_film,graph_c_gatv2_context_edge_film_interaction,gatv2_graph_c_sprint8a_context_edge_film,gatv2,graph_c_context_observation,S5F2_energy,val,457,2869,,1,0.699518084526062
sprint9_multiseed_S8A_R2_seed7_S8A_R2_context_edge_film,S8A_R2_context_edge_film,graph_c_gatv2_context_edge_film_interaction,gatv2_graph_c_sprint8a_context_edge_film,gatv2,graph_c_context_observation,S5F2_energy,val,458,2869,,1,0.6441118717193604
sprint9_multiseed_S8A_R2_seed7_S8A_R2_context_edge_film,S8A_R2_context_edge_film,graph_c_gatv2_context_edge_film_interaction,gatv2_graph_c_sprint8a_context_edge_film,gatv2,graph_c_context_observation,S5F2_energy,val,459,2869,,1,0.6796765327453613
sprint9_multiseed_S8A_R2_seed7_S8A_R2_context_edge_film,S8A_R2_context_edge_film,graph_c_gatv2_context_edge_film_interaction,gatv2_graph_c_sprint8a_context_edge_film,gatv2,graph_c_context_observation,S5F2_energy,val,460,2869,,1,0.7045990228652954
sprint9_multiseed_S8A_R2_seed7_S8A_R2_context_edge_film,S8A_R2_context_edge_film,graph_c_gatv2_context_edge_film_interaction,gatv2_graph_c_sprint8a_context_edge_film,gatv2,graph_c_context_observation,S5F2_energy,val,461,2869,,1,0.6360726952552795
sprint9_multiseed_S8A_R2_seed7_S8A_R2_context_edge_film,S8A_R2_context_edge_film,graph_c_gatv2_context_edge_film_interaction,gatv2_graph_c_sprint8a_context_edge_film,gatv2,graph_c_context_observation,S5F2_energy,val,462,2869,,1,0.6809998750686646
sprint9_multiseed_S8A_R2_seed7_S8A_R2_context_edge_film,S8A_R2_context_edge_film,graph_c_gatv2_context_edge_film_interaction,gatv2_graph_c_sprint8a_context_edge_film,gatv2,graph_c_context_observation,S5F2_energy,val,463,2869,,1,0.7258119583129883
sprint9_multiseed_S8A_R2_seed7_S8A_R2_context_edge_film,S8A_R2_context_edge_film,graph_c_gatv2_context_edge_film_interaction,gatv2_graph_c_sprint8a_context_edge_film,gatv2,graph_c_context_observation,S5F2_energy,val,464,2869,,1,0.6340700387954712
sprint9_multiseed_S8A_R2_seed7_S8A_R2_context_edge_film,S8A_R2_context_edge_film,graph_c_gatv2_context_edge_film_interaction,gatv2_graph_c_sprint8a_context_edge_film,gatv2,graph_c_context_observation,S5F2_energy,val,465,2869,,1,0.7752766609191895
sprint9_multiseed_S8A_R2_seed7_S8A_R2_context_edge_film,S8A_R2_context_edge_film,graph_c_gatv2_context_edge_film_interaction,gatv2_graph_c_sprint8a_context_edge_film,gatv2,graph_c_context_observation,S5F2_energy,val,466,2869,,1,0.6496588587760925
sprint9_multiseed_S8A_R2_seed7_S8A_R2_context_edge_film,S8A_R2_context_edge_film,graph_c_gatv2_context_edge_film_interaction,gatv2_graph_c_sprint8a_context_edge_film,gatv2,graph_c_context_observation,S5F2_energy,val,467,2869,,1,0.6595565676689148
sprint9_multiseed_S8A_R2_seed7_S8A_R2_context_edge_film,S8A_R2_context_edge_film,graph_c_gatv2_context_edge_film_interaction,gatv2_graph_c_sprint8a_context_edge_film,gatv2,graph_c_context_observation,S5F2_energy,val,468,2869,,1,0.629494845867157
sprint9_multiseed_S8A_R2_seed7_S8A_R2_context_edge_film,S8A_R2_context_edge_film,graph_c_gatv2_context_edge_film_interaction,gatv2_graph_c_sprint8a_context_edge_film,gatv2,graph_c_context_observation,S5F2_energy,val,469,2869,,1,0.6561187505722046
sprint9_multiseed_S8A_R2_seed7_S8A_R2_context_edge_film,S8A_R2_context_edge_film,graph_c_gatv2_context_edge_film_interaction,gatv2_graph_c_sprint8a_context_edge_film,gatv2,graph_c_context_observation,S5F2_energy,val,470,2869,,1,0.7469086647033691
sprint9_multiseed_S8A_R2_seed7_S8A_R2_context_edge_film,S8A_R2_context_edge_film,graph_c_gatv2_context_edge_film_interaction,gatv2_graph_c_sprint8a_context_edge_film,gatv2,graph_c_context_observation,S5F2_energy,val,471,2869,,1,0.618196427822113
sprint9_multiseed_S8A_R2_seed7_S8A_R2_context_edge_film,S8A_R2_context_edge_film,graph_c_gatv2_context_edge_film_interaction,gatv2_graph_c_sprint8a_context_edge_film,gatv2,graph_c_context_observation,S5F2_energy,val,472,2869,,1,0.6841683983802795
sprint9_multiseed_S8A_R2_seed7_S8A_R2_context_edge_film,S8A_R2_context_edge_film,graph_c_gatv2_context_edge_film_interaction,gatv2_graph_c_sprint8a_context_edge_film,gatv2,graph_c_context_observation,S5F2_energy,val,473,2869,,1,0.6954801082611084
sprint9_multiseed_S8A_R2_seed7_S8A_R2_context_edge_film,S8A_R2_context_edge_film,graph_c_gatv2_context_edge_film_interaction,gatv2_graph_c_sprint8a_context_edge_film,gatv2,graph_c_context_observation,S5F2_energy,val,474,2869,,1,0.6942635774612427
sprint9_multiseed_S8A_R2_seed7_S8A_R2_context_edge_film,S8A_R2_context_edge_film,graph_c_gatv2_context_edge_film_interaction,gatv2_graph_c_sprint8a_context_edge_film,gatv2,graph_c_context_observation,S5F2_energy,val,475,2869,,1,0.6404302716255188
sprint9_multiseed_S8A_R2_seed7_S8A_R2_context_edge_film,S8A_R2_context_edge_film,graph_c_gatv2_context_edge_film_interaction,gatv2_graph_c_sprint8a_context_edge_film,gatv2,graph_c_context_observation,S5F2_energy,val,476,2869,,1,0.7219656705856323
sprint9_multiseed_S8A_R2_seed7_S8A_R2_context_edge_film,S8A_R2_context_edge_film,graph_c_gatv2_context_edge_film_interaction,gatv2_graph_c_sprint8a_context_edge_film,gatv2,graph_c_context_observation,S5F2_energy,val,477,2869,,1,0.5889883041381836
sprint9_multiseed_S8A_R2_seed7_S8A_R2_context_edge_film,S8A_R2_context_edge_film,graph_c_gatv2_context_edge_film_interaction,gatv2_graph_c_sprint8a_context_edge_film,gatv2,graph_c_context_observation,S5F2_energy,val,478,2869,,1,0.6683400273323059
sprint9_multiseed_S8A_R2_seed7_S8A_R2_context_edge_film,S8A_R2_context_edge_film,graph_c_gatv2_context_edge_film_interaction,gatv2_graph_c_sprint8a_context_edge_film,gatv2,graph_c_context_observation,S5F2_energy,val,479,2869,,1,0.6841456890106201
sprint9_multiseed_S8A_R2_seed7_S8A_R2_context_edge_film,S8A_R2_context_edge_film,graph_c_gatv2_context_edge_film_interaction,gatv2_graph_c_sprint8a_context_edge_film,gatv2,graph_c_context_observation,S5F2_energy,val,480,2869,,1,0.6829560995101929
sprint9_multiseed_S8A_R2_seed7_S8A_R2_context_edge_film,S8A_R2_context_edge_film,graph_c_gatv2_context_edge_film_interaction,gatv2_graph_c_sprint8a_context_edge_film,gatv2,graph_c_context_observation,S5F2_energy,val,481,2869,,1,0.603316605091095
sprint9_multiseed_S8A_R2_seed7_S8A_R2_context_edge_film,S8A_R2_context_edge_film,graph_c_gatv2_context_edge_film_interaction,gatv2_graph_c_sprint8a_context_edge_film,gatv2,graph_c_context_observation,S5F2_energy,val,482,2869,,1,0.6675958633422852
sprint9_multiseed_S8A_R2_seed7_S8A_R2_context_edge_film,S8A_R2_context_edge_film,graph_c_gatv2_context_edge_film_interaction,gatv2_graph_c_sprint8a_context_edge_film,gatv2,graph_c_context_observation,S5F2_energy,val,483,2869,,1,0.7370363473892212
sprint9_multiseed_S8A_R2_seed7_S8A_R2_context_edge_film,S8A_R2_context_edge_film,graph_c_gatv2_context_edge_film_interaction,gatv2_graph_c_sprint8a_context_edge_film,gatv2,graph_c_context_observation,S5F2_energy,val,484,2869,,1,0.6748420596122742
sprint9_multiseed_S8A_R2_seed7_S8A_R2_context_edge_film,S8A_R2_context_edge_film,graph_c_gatv2_context_edge_film_interaction,gatv2_graph_c_sprint8a_context_edge_film,gatv2,graph_c_context_observation,S5F2_energy,val,485,2869,,1,0.6481566429138184
sprint9_multiseed_S8A_R2_seed7_S8A_R2_context_edge_film,S8A_R2_context_edge_film,graph_c_gatv2_context_edge_film_interaction,gatv2_graph_c_sprint8a_context_edge_film,gatv2,graph_c_context_observation,S5F2_energy,val,486,2869,,1,0.5754282474517822
sprint9_multiseed_S8A_R2_seed7_S8A_R2_context_edge_film,S8A_R2_context_edge_film,graph_c_gatv2_context_edge_film_interaction,gatv2_graph_c_sprint8a_context_edge_film,gatv2,graph_c_context_observation,S5F2_energy,val,487,2869,,1,0.6323210000991821
sprint9_multiseed_S8A_R2_seed7_S8A_R2_context_edge_film,S8A_R2_context_edge_film,graph_c_gatv2_context_edge_film_interaction,gatv2_graph_c_sprint8a_context_edge_film,gatv2,graph_c_context_observation,S5F2_energy,val,488,2869,,1,0.6278224587440491
sprint9_multiseed_S8A_R2_seed7_S8A_R2_context_edge_film,S8A_R2_context_edge_film,graph_c_gatv2_context_edge_film_interaction,gatv2_graph_c_sprint8a_context_edge_film,gatv2,graph_c_context_observation,S5F2_energy,val,489,2869,,1,0.6499640345573425
sprint9_multiseed_S8A_R2_seed7_S8A_R2_context_edge_film,S8A_R2_context_edge_film,graph_c_gatv2_context_edge_film_interaction,gatv2_graph_c_sprint8a_context_edge_film,gatv2,graph_c_context_observation,S5F2_energy,val,490,2869,,1,0.6475091576576233
sprint9_multiseed_S8A_R2_seed7_S8A_R2_context_edge_film,S8A_R2_context_edge_film,graph_c_gatv2_context_edge_film_interaction,gatv2_graph_c_sprint8a_context_edge_film,gatv2,graph_c_context_observation,S5F2_energy,val,491,2869,,1,0.6414811611175537
sprint9_multiseed_S8A_R2_seed7_S8A_R2_context_edge_film,S8A_R2_context_edge_film,graph_c_gatv2_context_edge_film_interaction,gatv2_graph_c_sprint8a_context_edge_film,gatv2,graph_c_context_observation,S5F2_energy,val,492,2869,,1,0.6190642714500427
sprint9_multiseed_S8A_R2_seed7_S8A_R2_context_edge_film,S8A_R2_context_edge_film,graph_c_gatv2_context_edge_film_interaction,gatv2_graph_c_sprint8a_context_edge_film,gatv2,graph_c_context_observation,S5F2_energy,val,493,2869,,1,0.6845386028289795
sprint9_multiseed_S8A_R2_seed7_S8A_R2_context_edge_film,S8A_R2_context_edge_film,graph_c_gatv2_context_edge_film_interaction,gatv2_graph_c_sprint8a_context_edge_film,gatv2,graph_c_context_observation,S5F2_energy,val,494,2869,,1,0.6953799724578857
sprint9_multiseed_S8A_R2_seed7_S8A_R2_context_edge_film,S8A_R2_context_edge_film,graph_c_gatv2_context_edge_film_interaction,gatv2_graph_c_sprint8a_context_edge_film,gatv2,graph_c_context_observation,S5F2_energy,val,495,2869,,1,0.776805579662323
sprint9_multiseed_S8A_R2_seed7_S8A_R2_context_edge_film,S8A_R2_context_edge_film,graph_c_gatv2_context_edge_film_interaction,gatv2_graph_c_sprint8a_context_edge_film,gatv2,graph_c_context_observation,S5F2_energy,val,496,2869,,1,0.6547057032585144
sprint9_multiseed_S8A_R2_seed7_S8A_R2_context_edge_film,S8A_R2_context_edge_film,graph_c_gatv2_context_edge_film_interaction,gatv2_graph_c_sprint8a_context_edge_film,gatv2,graph_c_context_observation,S5F2_energy,val,497,2869,,1,0.651033878326416
sprint9_multiseed_S8A_R2_seed7_S8A_R2_context_edge_film,S8A_R2_context_edge_film,graph_c_gatv2_context_edge_film_interaction,gatv2_graph_c_sprint8a_context_edge_film,gatv2,graph_c_context_observation,S5F2_energy,val,498,2869,,1,0.6411576271057129
sprint9_multiseed_S8A_R2_seed7_S8A_R2_context_edge_film,S8A_R2_context_edge_film,graph_c_gatv2_context_edge_film_interaction,gatv2_graph_c_sprint8a_context_edge_film,gatv2,graph_c_context_observation,S5F2_energy,val,499,2869,,1,0.6982048153877258
sprint9_multiseed_S8A_R2_seed7_S8A_R2_context_edge_film,S8A_R2_context_edge_film,graph_c_gatv2_context_edge_film_interaction,gatv2_graph_c_sprint8a_context_edge_film,gatv2,graph_c_context_observation,S5F2_energy,val,500,2869,,1,0.7154412865638733
sprint9_multiseed_S8A_R2_seed7_S8A_R2_context_edge_film,S8A_R2_context_edge_film,graph_c_gatv2_context_edge_film_interaction,gatv2_graph_c_sprint8a_context_edge_film,gatv2,graph_c_context_observation,S5F2_energy,val,501,2869,,1,0.6063103675842285
sprint9_multiseed_S8A_R2_seed7_S8A_R2_context_edge_film,S8A_R2_context_edge_film,graph_c_gatv2_context_edge_film_interaction,gatv2_graph_c_sprint8a_context_edge_film,gatv2,graph_c_context_observation,S5F2_energy,val,502,2869,,1,0.6423739790916443
sprint9_multiseed_S8A_R2_seed7_S8A_R2_context_edge_film,S8A_R2_context_edge_film,graph_c_gatv2_context_edge_film_interaction,gatv2_graph_c_sprint8a_context_edge_film,gatv2,graph_c_context_observation,S5F2_energy,val,503,2869,,1,0.680635392665863
sprint9_multiseed_S8A_R2_seed7_S8A_R2_context_edge_film,S8A_R2_context_edge_film,graph_c_gatv2_context_edge_film_interaction,gatv2_graph_c_sprint8a_context_edge_film,gatv2,graph_c_context_observation,S5F2_energy,val,504,2869,,1,0.672723114490509
sprint9_multiseed_S8A_R2_seed7_S8A_R2_context_edge_film,S8A_R2_context_edge_film,graph_c_gatv2_context_edge_film_interaction,gatv2_graph_c_sprint8a_context_edge_film,gatv2,graph_c_context_observation,S5F2_energy,val,505,2869,,1,0.653038740158081
sprint9_multiseed_S8A_R2_seed7_S8A_R2_context_edge_film,S8A_R2_context_edge_film,graph_c_gatv2_context_edge_film_interaction,gatv2_graph_c_sprint8a_context_edge_film,gatv2,graph_c_context_observation,S5F2_energy,val,506,2869,,1,0.6828437447547913
sprint9_multiseed_S8A_R2_seed7_S8A_R2_context_edge_film,S8A_R2_context_edge_film,graph_c_gatv2_context_edge_film_interaction,gatv2_graph_c_sprint8a_context_edge_film,gatv2,graph_c_context_observation,S5F2_energy,val,507,2869,,1,0.6563646197319031
sprint9_multiseed_S8A_R2_seed7_S8A_R2_context_edge_film,S8A_R2_context_edge_film,graph_c_gatv2_context_edge_film_interaction,gatv2_graph_c_sprint8a_context_edge_film,gatv2,graph_c_context_observation,S5F2_energy,val,508,2869,,1,0.6893427968025208
sprint9_multiseed_S8A_R2_seed7_S8A_R2_context_edge_film,S8A_R2_context_edge_film,graph_c_gatv2_context_edge_film_interaction,gatv2_graph_c_sprint8a_context_edge_film,gatv2,graph_c_context_observation,S5F2_energy,val,509,2869,,1,0.6596198081970215
sprint9_multiseed_S8A_R2_seed7_S8A_R2_context_edge_film,S8A_R2_context_edge_film,graph_c_gatv2_context_edge_film_interaction,gatv2_graph_c_sprint8a_context_edge_film,gatv2,graph_c_context_observation,S5F2_energy,val,510,2869,,1,0.6152595281600952
sprint9_multiseed_S8A_R2_seed7_S8A_R2_context_edge_film,S8A_R2_context_edge_film,graph_c_gatv2_context_edge_film_interaction,gatv2_graph_c_sprint8a_context_edge_film,gatv2,graph_c_context_observation,S5F2_energy,val,511,2869,,1,0.606062114238739
sprint9_multiseed_S8A_R2_seed7_S8A_R2_context_edge_film,S8A_R2_context_edge_film,graph_c_gatv2_context_edge_film_interaction,gatv2_graph_c_sprint8a_context_edge_film,gatv2,graph_c_context_observation,S5F2_energy,val,512,2869,,1,0.7346089482307434
sprint9_multiseed_S8A_R2_seed7_S8A_R2_context_edge_film,S8A_R2_context_edge_film,graph_c_gatv2_context_edge_film_interaction,gatv2_graph_c_sprint8a_context_edge_film,gatv2,graph_c_context_observation,S5F2_energy,val,513,2869,,1,0.6075143814086914
sprint9_multiseed_S8A_R2_seed7_S8A_R2_context_edge_film,S8A_R2_context_edge_film,graph_c_gatv2_context_edge_film_interaction,gatv2_graph_c_sprint8a_context_edge_film,gatv2,graph_c_context_observation,S5F2_energy,val,514,2869,,1,0.6435390710830688
sprint9_multiseed_S8A_R2_seed7_S8A_R2_context_edge_film,S8A_R2_context_edge_film,graph_c_gatv2_context_edge_film_interaction,gatv2_graph_c_sprint8a_context_edge_film,gatv2,graph_c_context_observation,S5F2_energy,val,515,2869,,1,0.6409731507301331
sprint9_multiseed_S8A_R2_seed7_S8A_R2_context_edge_film,S8A_R2_context_edge_film,graph_c_gatv2_context_edge_film_interaction,gatv2_graph_c_sprint8a_context_edge_film,gatv2,graph_c_context_observation,S5F2_energy,val,516,2869,,1,0.7411638498306274
sprint9_multiseed_S8A_R2_seed7_S8A_R2_context_edge_film,S8A_R2_context_edge_film,graph_c_gatv2_context_edge_film_interaction,gatv2_graph_c_sprint8a_context_edge_film,gatv2,graph_c_context_observation,S5F2_energy,val,517,2869,,1,0.6759926676750183
sprint9_multiseed_S8A_R2_seed7_S8A_R2_context_edge_film,S8A_R2_context_edge_film,graph_c_gatv2_context_edge_film_interaction,gatv2_graph_c_sprint8a_context_edge_film,gatv2,graph_c_context_observation,S5F2_energy,val,518,2869,,1,0.631582498550415
sprint9_multiseed_S8A_R2_seed7_S8A_R2_context_edge_film,S8A_R2_context_edge_film,graph_c_gatv2_context_edge_film_interaction,gatv2_graph_c_sprint8a_context_edge_film,gatv2,graph_c_context_observation,S5F2_energy,val,519,2869,,1,0.6694885492324829
sprint9_multiseed_S8A_R2_seed7_S8A_R2_context_edge_film,S8A_R2_context_edge_film,graph_c_gatv2_context_edge_film_interaction,gatv2_graph_c_sprint8a_context_edge_film,gatv2,graph_c_context_observation,S5F2_energy,val,520,2869,,1,0.6380623579025269
sprint9_multiseed_S8A_R2_seed7_S8A_R2_context_edge_film,S8A_R2_context_edge_film,graph_c_gatv2_context_edge_film_interaction,gatv2_graph_c_sprint8a_context_edge_film,gatv2,graph_c_context_observation,S5F2_energy,val,521,2869,,1,0.7365326285362244
sprint9_multiseed_S8A_R2_seed7_S8A_R2_context_edge_film,S8A_R2_context_edge_film,graph_c_gatv2_context_edge_film_interaction,gatv2_graph_c_sprint8a_context_edge_film,gatv2,graph_c_context_observation,S5F2_energy,val,522,2869,,1,0.6486855149269104
sprint9_multiseed_S8A_R2_seed7_S8A_R2_context_edge_film,S8A_R2_context_edge_film,graph_c_gatv2_context_edge_film_interaction,gatv2_graph_c_sprint8a_context_edge_film,gatv2,graph_c_context_observation,S5F2_energy,val,523,2869,,1,0.6760612726211548
sprint9_multiseed_S8A_R2_seed7_S8A_R2_context_edge_film,S8A_R2_context_edge_film,graph_c_gatv2_context_edge_film_interaction,gatv2_graph_c_sprint8a_context_edge_film,gatv2,graph_c_context_observation,S5F2_energy,val,524,2869,,1,0.5691969394683838
sprint9_multiseed_S8A_R2_seed7_S8A_R2_context_edge_film,S8A_R2_context_edge_film,graph_c_gatv2_context_edge_film_interaction,gatv2_graph_c_sprint8a_context_edge_film,gatv2,graph_c_context_observation,S5F2_energy,val,525,2869,,1,0.6319320201873779
sprint9_multiseed_S8A_R2_seed7_S8A_R2_context_edge_film,S8A_R2_context_edge_film,graph_c_gatv2_context_edge_film_interaction,gatv2_graph_c_sprint8a_context_edge_film,gatv2,graph_c_context_observation,S5F2_energy,val,526,2869,,1,0.6399713158607483
sprint9_multiseed_S8A_R2_seed7_S8A_R2_context_edge_film,S8A_R2_context_edge_film,graph_c_gatv2_context_edge_film_interaction,gatv2_graph_c_sprint8a_context_edge_film,gatv2,graph_c_context_observation,S5F2_energy,val,527,2869,,1,0.5932562947273254
sprint9_multiseed_S8A_R2_seed7_S8A_R2_context_edge_film,S8A_R2_context_edge_film,graph_c_gatv2_context_edge_film_interaction,gatv2_graph_c_sprint8a_context_edge_film,gatv2,graph_c_context_observation,S5F2_energy,val,528,2869,,1,0.7579549551010132
sprint9_multiseed_S8A_R2_seed7_S8A_R2_context_edge_film,S8A_R2_context_edge_film,graph_c_gatv2_context_edge_film_interaction,gatv2_graph_c_sprint8a_context_edge_film,gatv2,graph_c_context_observation,S5F2_energy,val,529,2869,,1,0.6427086591720581
sprint9_multiseed_S8A_R2_seed7_S8A_R2_context_edge_film,S8A_R2_context_edge_film,graph_c_gatv2_context_edge_film_interaction,gatv2_graph_c_sprint8a_context_edge_film,gatv2,graph_c_context_observation,S5F2_energy,val,530,2869,,1,0.6369503140449524
sprint9_multiseed_S8A_R2_seed7_S8A_R2_context_edge_film,S8A_R2_context_edge_film,graph_c_gatv2_context_edge_film_interaction,gatv2_graph_c_sprint8a_context_edge_film,gatv2,graph_c_context_observation,S5F2_energy,val,531,2869,,1,0.6658163070678711
sprint9_multiseed_S8A_R2_seed7_S8A_R2_context_edge_film,S8A_R2_context_edge_film,graph_c_gatv2_context_edge_film_interaction,gatv2_graph_c_sprint8a_context_edge_film,gatv2,graph_c_context_observation,S5F2_energy,val,532,2869,,1,0.7557405233383179
sprint9_multiseed_S8A_R2_seed7_S8A_R2_context_edge_film,S8A_R2_context_edge_film,graph_c_gatv2_context_edge_film_interaction,gatv2_graph_c_sprint8a_context_edge_film,gatv2,graph_c_context_observation,S5F2_energy,val,533,2869,,1,0.7042428255081177
sprint9_multiseed_S8A_R2_seed7_S8A_R2_context_edge_film,S8A_R2_context_edge_film,graph_c_gatv2_context_edge_film_interaction,gatv2_graph_c_sprint8a_context_edge_film,gatv2,graph_c_context_observation,S5F2_energy,val,534,2869,,1,0.6196469664573669
sprint9_multiseed_S8A_R2_seed7_S8A_R2_context_edge_film,S8A_R2_context_edge_film,graph_c_gatv2_context_edge_film_interaction,gatv2_graph_c_sprint8a_context_edge_film,gatv2,graph_c_context_observation,S5F2_energy,val,535,2869,,1,0.595458447933197
sprint9_multiseed_S8A_R2_seed7_S8A_R2_context_edge_film,S8A_R2_context_edge_film,graph_c_gatv2_context_edge_film_interaction,gatv2_graph_c_sprint8a_context_edge_film,gatv2,graph_c_context_observation,S5F2_energy,val,536,2869,,1,0.575342059135437
sprint9_multiseed_S8A_R2_seed7_S8A_R2_context_edge_film,S8A_R2_context_edge_film,graph_c_gatv2_context_edge_film_interaction,gatv2_graph_c_sprint8a_context_edge_film,gatv2,graph_c_context_observation,S5F2_energy,val,537,2869,,1,0.6401485204696655
sprint9_multiseed_S8A_R2_seed7_S8A_R2_context_edge_film,S8A_R2_context_edge_film,graph_c_gatv2_context_edge_film_interaction,gatv2_graph_c_sprint8a_context_edge_film,gatv2,graph_c_context_observation,S5F2_energy,val,538,2869,,1,0.6295894384384155
sprint9_multiseed_S8A_R2_seed7_S8A_R2_context_edge_film,S8A_R2_context_edge_film,graph_c_gatv2_context_edge_film_interaction,gatv2_graph_c_sprint8a_context_edge_film,gatv2,graph_c_context_observation,S5F2_energy,val,539,2869,,1,0.6537938714027405
sprint9_multiseed_S8A_R2_seed7_S8A_R2_context_edge_film,S8A_R2_context_edge_film,graph_c_gatv2_context_edge_film_interaction,gatv2_graph_c_sprint8a_context_edge_film,gatv2,graph_c_context_observation,S5F2_energy,val,540,2869,,1,0.6147893071174622
sprint9_multiseed_S8A_R2_seed7_S8A_R2_context_edge_film,S8A_R2_context_edge_film,graph_c_gatv2_context_edge_film_interaction,gatv2_graph_c_sprint8a_context_edge_film,gatv2,graph_c_context_observation,S5F2_energy,val,541,2869,,1,0.7123744487762451
sprint9_multiseed_S8A_R2_seed7_S8A_R2_context_edge_film,S8A_R2_context_edge_film,graph_c_gatv2_context_edge_film_interaction,gatv2_graph_c_sprint8a_context_edge_film,gatv2,graph_c_context_observation,S5F2_energy,val,542,2869,,1,0.620567798614502
sprint9_multiseed_S8A_R2_seed7_S8A_R2_context_edge_film,S8A_R2_context_edge_film,graph_c_gatv2_context_edge_film_interaction,gatv2_graph_c_sprint8a_context_edge_film,gatv2,graph_c_context_observation,S5F2_energy,val,543,2869,,1,0.6770457625389099
sprint9_multiseed_S8A_R2_seed7_S8A_R2_context_edge_film,S8A_R2_context_edge_film,graph_c_gatv2_context_edge_film_interaction,gatv2_graph_c_sprint8a_context_edge_film,gatv2,graph_c_context_observation,S5F2_energy,val,544,2869,,1,0.6420590281486511
sprint9_multiseed_S8A_R2_seed7_S8A_R2_context_edge_film,S8A_R2_context_edge_film,graph_c_gatv2_context_edge_film_interaction,gatv2_graph_c_sprint8a_context_edge_film,gatv2,graph_c_context_observation,S5F2_energy,val,545,2869,,1,0.7001802921295166
sprint9_multiseed_S8A_R2_seed7_S8A_R2_context_edge_film,S8A_R2_context_edge_film,graph_c_gatv2_context_edge_film_interaction,gatv2_graph_c_sprint8a_context_edge_film,gatv2,graph_c_context_observation,S5F2_energy,val,546,2869,,1,0.6462754607200623
sprint9_multiseed_S8A_R2_seed7_S8A_R2_context_edge_film,S8A_R2_context_edge_film,graph_c_gatv2_context_edge_film_interaction,gatv2_graph_c_sprint8a_context_edge_film,gatv2,graph_c_context_observation,S5F2_energy,val,547,2869,,1,0.7305570244789124
sprint9_multiseed_S8A_R2_seed7_S8A_R2_context_edge_film,S8A_R2_context_edge_film,graph_c_gatv2_context_edge_film_interaction,gatv2_graph_c_sprint8a_context_edge_film,gatv2,graph_c_context_observation,S5F2_energy,val,548,2869,,1,0.7473214268684387
sprint9_multiseed_S8A_R2_seed7_S8A_R2_context_edge_film,S8A_R2_context_edge_film,graph_c_gatv2_context_edge_film_interaction,gatv2_graph_c_sprint8a_context_edge_film,gatv2,graph_c_context_observation,S5F2_energy,val,549,2869,,1,0.6692643165588379
sprint9_multiseed_S8A_R2_seed7_S8A_R2_context_edge_film,S8A_R2_context_edge_film,graph_c_gatv2_context_edge_film_interaction,gatv2_graph_c_sprint8a_context_edge_film,gatv2,graph_c_context_observation,S5F2_energy,val,550,2869,,1,0.6448239088058472
sprint9_multiseed_S8A_R2_seed7_S8A_R2_context_edge_film,S8A_R2_context_edge_film,graph_c_gatv2_context_edge_film_interaction,gatv2_graph_c_sprint8a_context_edge_film,gatv2,graph_c_context_observation,S5F2_energy,val,551,2869,,1,0.698172390460968
sprint9_multiseed_S8A_R2_seed7_S8A_R2_context_edge_film,S8A_R2_context_edge_film,graph_c_gatv2_context_edge_film_interaction,gatv2_graph_c_sprint8a_context_edge_film,gatv2,graph_c_context_observation,S5F2_energy,val,552,2869,,1,0.6773796081542969
sprint9_multiseed_S8A_R2_seed7_S8A_R2_context_edge_film,S8A_R2_context_edge_film,graph_c_gatv2_context_edge_film_interaction,gatv2_graph_c_sprint8a_context_edge_film,gatv2,graph_c_context_observation,S5F2_energy,val,553,2869,,1,0.6200559735298157
sprint9_multiseed_S8A_R2_seed7_S8A_R2_context_edge_film,S8A_R2_context_edge_film,graph_c_gatv2_context_edge_film_interaction,gatv2_graph_c_sprint8a_context_edge_film,gatv2,graph_c_context_observation,S5F2_energy,val,554,2869,,1,0.6948632001876831
sprint9_multiseed_S8A_R2_seed7_S8A_R2_context_edge_film,S8A_R2_context_edge_film,graph_c_gatv2_context_edge_film_interaction,gatv2_graph_c_sprint8a_context_edge_film,gatv2,graph_c_context_observation,S5F2_energy,val,555,2869,,1,0.5133606195449829
sprint9_multiseed_S8A_R2_seed7_S8A_R2_context_edge_film,S8A_R2_context_edge_film,graph_c_gatv2_context_edge_film_interaction,gatv2_graph_c_sprint8a_context_edge_film,gatv2,graph_c_context_observation,S5F2_energy,val,556,2869,,1,0.5111685991287231
sprint9_multiseed_S8A_R2_seed7_S8A_R2_context_edge_film,S8A_R2_context_edge_film,graph_c_gatv2_context_edge_film_interaction,gatv2_graph_c_sprint8a_context_edge_film,gatv2,graph_c_context_observation,S5F2_energy,val,557,2869,,1,0.5150066614151001
sprint9_multiseed_S8A_R2_seed7_S8A_R2_context_edge_film,S8A_R2_context_edge_film,graph_c_gatv2_context_edge_film_interaction,gatv2_graph_c_sprint8a_context_edge_film,gatv2,graph_c_context_observation,S5F2_energy,val,558,2869,,1,0.5532110333442688
sprint9_multiseed_S8A_R2_seed7_S8A_R2_context_edge_film,S8A_R2_context_edge_film,graph_c_gatv2_context_edge_film_interaction,gatv2_graph_c_sprint8a_context_edge_film,gatv2,graph_c_context_observation,S5F2_energy,val,559,2869,,1,0.5247218608856201
sprint9_multiseed_S8A_R2_seed7_S8A_R2_context_edge_film,S8A_R2_context_edge_film,graph_c_gatv2_context_edge_film_interaction,gatv2_graph_c_sprint8a_context_edge_film,gatv2,graph_c_context_observation,S5F2_energy,val,560,2869,,1,0.5135480761528015
sprint9_multiseed_S8A_R2_seed7_S8A_R2_context_edge_film,S8A_R2_context_edge_film,graph_c_gatv2_context_edge_film_interaction,gatv2_graph_c_sprint8a_context_edge_film,gatv2,graph_c_context_observation,S5F2_energy,val,561,2869,,1,0.48222705721855164
sprint9_multiseed_S8A_R2_seed7_S8A_R2_context_edge_film,S8A_R2_context_edge_film,graph_c_gatv2_context_edge_film_interaction,gatv2_graph_c_sprint8a_context_edge_film,gatv2,graph_c_context_observation,S5F2_energy,val,562,2869,,1,0.49933701753616333
sprint9_multiseed_S8A_R2_seed7_S8A_R2_context_edge_film,S8A_R2_context_edge_film,graph_c_gatv2_context_edge_film_interaction,gatv2_graph_c_sprint8a_context_edge_film,gatv2,graph_c_context_observation,S5F2_energy,val,563,2869,,1,0.533862292766571
sprint9_multiseed_S8A_R2_seed7_S8A_R2_context_edge_film,S8A_R2_context_edge_film,graph_c_gatv2_context_edge_film_interaction,gatv2_graph_c_sprint8a_context_edge_film,gatv2,graph_c_context_observation,S5F2_energy,val,564,2869,,1,0.5381805300712585
sprint9_multiseed_S8A_R2_seed7_S8A_R2_context_edge_film,S8A_R2_context_edge_film,graph_c_gatv2_context_edge_film_interaction,gatv2_graph_c_sprint8a_context_edge_film,gatv2,graph_c_context_observation,S5F2_energy,val,565,2869,,1,0.5019447803497314
sprint9_multiseed_S8A_R2_seed7_S8A_R2_context_edge_film,S8A_R2_context_edge_film,graph_c_gatv2_context_edge_film_interaction,gatv2_graph_c_sprint8a_context_edge_film,gatv2,graph_c_context_observation,S5F2_energy,val,566,2869,,1,0.5259203910827637
sprint9_multiseed_S8A_R2_seed7_S8A_R2_context_edge_film,S8A_R2_context_edge_film,graph_c_gatv2_context_edge_film_interaction,gatv2_graph_c_sprint8a_context_edge_film,gatv2,graph_c_context_observation,S5F2_energy,val,567,2869,,1,0.4773346185684204
sprint9_multiseed_S8A_R2_seed7_S8A_R2_context_edge_film,S8A_R2_context_edge_film,graph_c_gatv2_context_edge_film_interaction,gatv2_graph_c_sprint8a_context_edge_film,gatv2,graph_c_context_observation,S5F2_energy,val,568,2869,,1,0.5282860398292542
sprint9_multiseed_S8A_R2_seed7_S8A_R2_context_edge_film,S8A_R2_context_edge_film,graph_c_gatv2_context_edge_film_interaction,gatv2_graph_c_sprint8a_context_edge_film,gatv2,graph_c_context_observation,S5F2_energy,val,569,2869,,1,0.5235269665718079
sprint9_multiseed_S8A_R2_seed7_S8A_R2_context_edge_film,S8A_R2_context_edge_film,graph_c_gatv2_context_edge_film_interaction,gatv2_graph_c_sprint8a_context_edge_film,gatv2,graph_c_context_observation,S5F2_energy,val,570,2869,,1,0.5105314254760742
sprint9_multiseed_S8A_R2_seed7_S8A_R2_context_edge_film,S8A_R2_context_edge_film,graph_c_gatv2_context_edge_film_interaction,gatv2_graph_c_sprint8a_context_edge_film,gatv2,graph_c_context_observation,S5F2_energy,val,571,2869,,1,0.48959389328956604
sprint9_multiseed_S8A_R2_seed7_S8A_R2_context_edge_film,S8A_R2_context_edge_film,graph_c_gatv2_context_edge_film_interaction,gatv2_graph_c_sprint8a_context_edge_film,gatv2,graph_c_context_observation,S5F2_energy,val,572,2869,,1,0.5160855650901794
sprint9_multiseed_S8A_R2_seed7_S8A_R2_context_edge_film,S8A_R2_context_edge_film,graph_c_gatv2_context_edge_film_interaction,gatv2_graph_c_sprint8a_context_edge_film,gatv2,graph_c_context_observation,S5F2_energy,val,573,2869,,1,0.46092793345451355
sprint9_multiseed_S8A_R2_seed7_S8A_R2_context_edge_film,S8A_R2_context_edge_film,graph_c_gatv2_context_edge_film_interaction,gatv2_graph_c_sprint8a_context_edge_film,gatv2,graph_c_context_observation,S5F2_energy,val,574,2869,,1,0.5109493732452393
sprint9_multiseed_S8A_R2_seed7_S8A_R2_context_edge_film,S8A_R2_context_edge_film,graph_c_gatv2_context_edge_film_interaction,gatv2_graph_c_sprint8a_context_edge_film,gatv2,graph_c_context_observation,S5F2_energy,val,575,2869,,1,0.5019122362136841
sprint9_multiseed_S8A_R2_seed7_S8A_R2_context_edge_film,S8A_R2_context_edge_film,graph_c_gatv2_context_edge_film_interaction,gatv2_graph_c_sprint8a_context_edge_film,gatv2,graph_c_context_observation,S5F2_energy,val,576,2869,,1,0.49656450748443604
sprint9_multiseed_S8A_R2_seed7_S8A_R2_context_edge_film,S8A_R2_context_edge_film,graph_c_gatv2_context_edge_film_interaction,gatv2_graph_c_sprint8a_context_edge_film,gatv2,graph_c_context_observation,S5F2_energy,val,577,2869,,1,0.5341892838478088
sprint9_multiseed_S8A_R2_seed7_S8A_R2_context_edge_film,S8A_R2_context_edge_film,graph_c_gatv2_context_edge_film_interaction,gatv2_graph_c_sprint8a_context_edge_film,gatv2,graph_c_context_observation,S5F2_energy,val,578,2869,,1,0.4882480800151825
sprint9_multiseed_S8A_R2_seed7_S8A_R2_context_edge_film,S8A_R2_context_edge_film,graph_c_gatv2_context_edge_film_interaction,gatv2_graph_c_sprint8a_context_edge_film,gatv2,graph_c_context_observation,S5F2_energy,val,579,2869,,1,0.5106395483016968
sprint9_multiseed_S8A_R2_seed7_S8A_R2_context_edge_film,S8A_R2_context_edge_film,graph_c_gatv2_context_edge_film_interaction,gatv2_graph_c_sprint8a_context_edge_film,gatv2,graph_c_context_observation,S5F2_energy,val,580,2869,,1,0.539383053779602
sprint9_multiseed_S8A_R2_seed7_S8A_R2_context_edge_film,S8A_R2_context_edge_film,graph_c_gatv2_context_edge_film_interaction,gatv2_graph_c_sprint8a_context_edge_film,gatv2,graph_c_context_observation,S5F2_energy,val,581,2869,,1,0.49810025095939636
sprint9_multiseed_S8A_R2_seed7_S8A_R2_context_edge_film,S8A_R2_context_edge_film,graph_c_gatv2_context_edge_film_interaction,gatv2_graph_c_sprint8a_context_edge_film,gatv2,graph_c_context_observation,S5F2_energy,val,582,2869,,1,0.5580919981002808
sprint9_multiseed_S8A_R2_seed7_S8A_R2_context_edge_film,S8A_R2_context_edge_film,graph_c_gatv2_context_edge_film_interaction,gatv2_graph_c_sprint8a_context_edge_film,gatv2,graph_c_context_observation,S5F2_energy,val,583,2869,,1,0.5121956467628479
sprint9_multiseed_S8A_R2_seed7_S8A_R2_context_edge_film,S8A_R2_context_edge_film,graph_c_gatv2_context_edge_film_interaction,gatv2_graph_c_sprint8a_context_edge_film,gatv2,graph_c_context_observation,S5F2_energy,val,584,2869,,1,0.534437358379364
sprint9_multiseed_S8A_R2_seed7_S8A_R2_context_edge_film,S8A_R2_context_edge_film,graph_c_gatv2_context_edge_film_interaction,gatv2_graph_c_sprint8a_context_edge_film,gatv2,graph_c_context_observation,S5F2_energy,val,585,2869,,1,0.5063227415084839
sprint9_multiseed_S8A_R2_seed7_S8A_R2_context_edge_film,S8A_R2_context_edge_film,graph_c_gatv2_context_edge_film_interaction,gatv2_graph_c_sprint8a_context_edge_film,gatv2,graph_c_context_observation,S5F2_energy,val,586,2869,,1,0.5558926463127136
sprint9_multiseed_S8A_R2_seed7_S8A_R2_context_edge_film,S8A_R2_context_edge_film,graph_c_gatv2_context_edge_film_interaction,gatv2_graph_c_sprint8a_context_edge_film,gatv2,graph_c_context_observation,S5F2_energy,val,587,2869,,1,0.5463235378265381
sprint9_multiseed_S8A_R2_seed7_S8A_R2_context_edge_film,S8A_R2_context_edge_film,graph_c_gatv2_context_edge_film_interaction,gatv2_graph_c_sprint8a_context_edge_film,gatv2,graph_c_context_observation,S5F2_energy,val,588,2869,,1,0.5187520384788513
sprint9_multiseed_S8A_R2_seed7_S8A_R2_context_edge_film,S8A_R2_context_edge_film,graph_c_gatv2_context_edge_film_interaction,gatv2_graph_c_sprint8a_context_edge_film,gatv2,graph_c_context_observation,S5F2_energy,val,589,2869,,1,0.5387579202651978
sprint9_multiseed_S8A_R2_seed7_S8A_R2_context_edge_film,S8A_R2_context_edge_film,graph_c_gatv2_context_edge_film_interaction,gatv2_graph_c_sprint8a_context_edge_film,gatv2,graph_c_context_observation,S5F2_energy,val,590,2869,,1,0.541939377784729
sprint9_multiseed_S8A_R2_seed7_S8A_R2_context_edge_film,S8A_R2_context_edge_film,graph_c_gatv2_context_edge_film_interaction,gatv2_graph_c_sprint8a_context_edge_film,gatv2,graph_c_context_observation,S5F2_energy,val,591,2869,,1,0.5099948644638062
sprint9_multiseed_S8A_R2_seed7_S8A_R2_context_edge_film,S8A_R2_context_edge_film,graph_c_gatv2_context_edge_film_interaction,gatv2_graph_c_sprint8a_context_edge_film,gatv2,graph_c_context_observation,S5F2_energy,val,592,2869,,1,0.5469619631767273
sprint9_multiseed_S8A_R2_seed7_S8A_R2_context_edge_film,S8A_R2_context_edge_film,graph_c_gatv2_context_edge_film_interaction,gatv2_graph_c_sprint8a_context_edge_film,gatv2,graph_c_context_observation,S5F2_energy,val,593,2869,,1,0.4748590886592865
sprint9_multiseed_S8A_R2_seed7_S8A_R2_context_edge_film,S8A_R2_context_edge_film,graph_c_gatv2_context_edge_film_interaction,gatv2_graph_c_sprint8a_context_edge_film,gatv2,graph_c_context_observation,S5F2_energy,val,594,2869,,1,0.5120682716369629
sprint9_multiseed_S8A_R2_seed7_S8A_R2_context_edge_film,S8A_R2_context_edge_film,graph_c_gatv2_context_edge_film_interaction,gatv2_graph_c_sprint8a_context_edge_film,gatv2,graph_c_context_observation,S5F2_energy,val,595,2869,,1,0.4471080005168915
sprint9_multiseed_S8A_R2_seed7_S8A_R2_context_edge_film,S8A_R2_context_edge_film,graph_c_gatv2_context_edge_film_interaction,gatv2_graph_c_sprint8a_context_edge_film,gatv2,graph_c_context_observation,S5F2_energy,val,596,2869,,1,0.5618677735328674
sprint9_multiseed_S8A_R2_seed7_S8A_R2_context_edge_film,S8A_R2_context_edge_film,graph_c_gatv2_context_edge_film_interaction,gatv2_graph_c_sprint8a_context_edge_film,gatv2,graph_c_context_observation,S5F2_energy,val,597,2869,,1,0.4991625249385834
sprint9_multiseed_S8A_R2_seed7_S8A_R2_context_edge_film,S8A_R2_context_edge_film,graph_c_gatv2_context_edge_film_interaction,gatv2_graph_c_sprint8a_context_edge_film,gatv2,graph_c_context_observation,S5F2_energy,val,598,2869,,1,0.40634024143218994
sprint9_multiseed_S8A_R2_seed7_S8A_R2_context_edge_film,S8A_R2_context_edge_film,graph_c_gatv2_context_edge_film_interaction,gatv2_graph_c_sprint8a_context_edge_film,gatv2,graph_c_context_observation,S5F2_energy,val,599,2869,,1,0.4949791729450226
sprint9_multiseed_S8A_R2_seed7_S8A_R2_context_edge_film,S8A_R2_context_edge_film,graph_c_gatv2_context_edge_film_interaction,gatv2_graph_c_sprint8a_context_edge_film,gatv2,graph_c_context_observation,S5F2_energy,val,600,2869,,1,0.5220251679420471
sprint9_multiseed_S8A_R2_seed7_S8A_R2_context_edge_film,S8A_R2_context_edge_film,graph_c_gatv2_context_edge_film_interaction,gatv2_graph_c_sprint8a_context_edge_film,gatv2,graph_c_context_observation,S5F2_energy,val,601,2869,,1,0.5039789080619812
sprint9_multiseed_S8A_R2_seed7_S8A_R2_context_edge_film,S8A_R2_context_edge_film,graph_c_gatv2_context_edge_film_interaction,gatv2_graph_c_sprint8a_context_edge_film,gatv2,graph_c_context_observation,S5F2_energy,val,602,2869,,1,0.5566821098327637
sprint9_multiseed_S8A_R2_seed7_S8A_R2_context_edge_film,S8A_R2_context_edge_film,graph_c_gatv2_context_edge_film_interaction,gatv2_graph_c_sprint8a_context_edge_film,gatv2,graph_c_context_observation,S5F2_energy,val,603,2869,,1,0.48937341570854187
sprint9_multiseed_S8A_R2_seed7_S8A_R2_context_edge_film,S8A_R2_context_edge_film,graph_c_gatv2_context_edge_film_interaction,gatv2_graph_c_sprint8a_context_edge_film,gatv2,graph_c_context_observation,S5F2_energy,val,604,2869,,1,0.5401849746704102
sprint9_multiseed_S8A_R2_seed7_S8A_R2_context_edge_film,S8A_R2_context_edge_film,graph_c_gatv2_context_edge_film_interaction,gatv2_graph_c_sprint8a_context_edge_film,gatv2,graph_c_context_observation,S5F2_energy,val,605,2869,,1,0.540984034538269
sprint9_multiseed_S8A_R2_seed7_S8A_R2_context_edge_film,S8A_R2_context_edge_film,graph_c_gatv2_context_edge_film_interaction,gatv2_graph_c_sprint8a_context_edge_film,gatv2,graph_c_context_observation,S5F2_energy,val,606,2869,,1,0.47910043597221375
sprint9_multiseed_S8A_R2_seed7_S8A_R2_context_edge_film,S8A_R2_context_edge_film,graph_c_gatv2_context_edge_film_interaction,gatv2_graph_c_sprint8a_context_edge_film,gatv2,graph_c_context_observation,S5F2_energy,val,607,2869,,1,0.5517081618309021
sprint9_multiseed_S8A_R2_seed7_S8A_R2_context_edge_film,S8A_R2_context_edge_film,graph_c_gatv2_context_edge_film_interaction,gatv2_graph_c_sprint8a_context_edge_film,gatv2,graph_c_context_observation,S5F2_energy,val,608,2869,,1,0.43070921301841736
sprint9_multiseed_S8A_R2_seed7_S8A_R2_context_edge_film,S8A_R2_context_edge_film,graph_c_gatv2_context_edge_film_interaction,gatv2_graph_c_sprint8a_context_edge_film,gatv2,graph_c_context_observation,S5F2_energy,val,609,2869,,1,0.5888265371322632
sprint9_multiseed_S8A_R2_seed7_S8A_R2_context_edge_film,S8A_R2_context_edge_film,graph_c_gatv2_context_edge_film_interaction,gatv2_graph_c_sprint8a_context_edge_film,gatv2,graph_c_context_observation,S5F2_energy,val,610,2869,,1,0.5156650543212891
sprint9_multiseed_S8A_R2_seed7_S8A_R2_context_edge_film,S8A_R2_context_edge_film,graph_c_gatv2_context_edge_film_interaction,gatv2_graph_c_sprint8a_context_edge_film,gatv2,graph_c_context_observation,S5F2_energy,val,611,2869,,1,0.5560526847839355
sprint9_multiseed_S8A_R2_seed7_S8A_R2_context_edge_film,S8A_R2_context_edge_film,graph_c_gatv2_context_edge_film_interaction,gatv2_graph_c_sprint8a_context_edge_film,gatv2,graph_c_context_observation,S5F2_energy,val,612,2869,,1,0.5119436979293823
sprint9_multiseed_S8A_R2_seed7_S8A_R2_context_edge_film,S8A_R2_context_edge_film,graph_c_gatv2_context_edge_film_interaction,gatv2_graph_c_sprint8a_context_edge_film,gatv2,graph_c_context_observation,S5F2_energy,val,613,2869,,1,0.47790536284446716
sprint9_multiseed_S8A_R2_seed7_S8A_R2_context_edge_film,S8A_R2_context_edge_film,graph_c_gatv2_context_edge_film_interaction,gatv2_graph_c_sprint8a_context_edge_film,gatv2,graph_c_context_observation,S5F2_energy,val,614,2869,,1,0.5517988204956055
sprint9_multiseed_S8A_R2_seed7_S8A_R2_context_edge_film,S8A_R2_context_edge_film,graph_c_gatv2_context_edge_film_interaction,gatv2_graph_c_sprint8a_context_edge_film,gatv2,graph_c_context_observation,S5F2_energy,val,615,2869,,1,0.5330143570899963
sprint9_multiseed_S8A_R2_seed7_S8A_R2_context_edge_film,S8A_R2_context_edge_film,graph_c_gatv2_context_edge_film_interaction,gatv2_graph_c_sprint8a_context_edge_film,gatv2,graph_c_context_observation,S5F2_energy,val,616,2869,,1,0.5791749358177185
sprint9_multiseed_S8A_R2_seed7_S8A_R2_context_edge_film,S8A_R2_context_edge_film,graph_c_gatv2_context_edge_film_interaction,gatv2_graph_c_sprint8a_context_edge_film,gatv2,graph_c_context_observation,S5F2_energy,val,617,2869,,1,0.5937786102294922
sprint9_multiseed_S8A_R2_seed7_S8A_R2_context_edge_film,S8A_R2_context_edge_film,graph_c_gatv2_context_edge_film_interaction,gatv2_graph_c_sprint8a_context_edge_film,gatv2,graph_c_context_observation,S5F2_energy,val,618,2869,,1,0.4885212182998657
sprint9_multiseed_S8A_R2_seed7_S8A_R2_context_edge_film,S8A_R2_context_edge_film,graph_c_gatv2_context_edge_film_interaction,gatv2_graph_c_sprint8a_context_edge_film,gatv2,graph_c_context_observation,S5F2_energy,val,619,2869,,1,0.5221782922744751
sprint9_multiseed_S8A_R2_seed7_S8A_R2_context_edge_film,S8A_R2_context_edge_film,graph_c_gatv2_context_edge_film_interaction,gatv2_graph_c_sprint8a_context_edge_film,gatv2,graph_c_context_observation,S5F2_energy,val,620,2869,,1,0.47361209988594055
sprint9_multiseed_S8A_R2_seed7_S8A_R2_context_edge_film,S8A_R2_context_edge_film,graph_c_gatv2_context_edge_film_interaction,gatv2_graph_c_sprint8a_context_edge_film,gatv2,graph_c_context_observation,S5F2_energy,val,621,2869,,1,0.5196890830993652
sprint9_multiseed_S8A_R2_seed7_S8A_R2_context_edge_film,S8A_R2_context_edge_film,graph_c_gatv2_context_edge_film_interaction,gatv2_graph_c_sprint8a_context_edge_film,gatv2,graph_c_context_observation,S5F2_energy,val,622,2869,,1,0.47216796875
sprint9_multiseed_S8A_R2_seed7_S8A_R2_context_edge_film,S8A_R2_context_edge_film,graph_c_gatv2_context_edge_film_interaction,gatv2_graph_c_sprint8a_context_edge_film,gatv2,graph_c_context_observation,S5F2_energy,val,623,2869,,1,0.5251044631004333
sprint9_multiseed_S8A_R2_seed7_S8A_R2_context_edge_film,S8A_R2_context_edge_film,graph_c_gatv2_context_edge_film_interaction,gatv2_graph_c_sprint8a_context_edge_film,gatv2,graph_c_context_observation,S5F2_energy,val,624,2869,,1,0.4878953993320465
sprint9_multiseed_S8A_R2_seed7_S8A_R2_context_edge_film,S8A_R2_context_edge_film,graph_c_gatv2_context_edge_film_interaction,gatv2_graph_c_sprint8a_context_edge_film,gatv2,graph_c_context_observation,S5F2_energy,val,625,2869,,1,0.48862120509147644
sprint9_multiseed_S8A_R2_seed7_S8A_R2_context_edge_film,S8A_R2_context_edge_film,graph_c_gatv2_context_edge_film_interaction,gatv2_graph_c_sprint8a_context_edge_film,gatv2,graph_c_context_observation,S5F2_energy,val,626,2869,,1,0.4850401282310486
sprint9_multiseed_S8A_R2_seed7_S8A_R2_context_edge_film,S8A_R2_context_edge_film,graph_c_gatv2_context_edge_film_interaction,gatv2_graph_c_sprint8a_context_edge_film,gatv2,graph_c_context_observation,S5F2_energy,val,627,2869,,1,0.5682441592216492
sprint9_multiseed_S8A_R2_seed7_S8A_R2_context_edge_film,S8A_R2_context_edge_film,graph_c_gatv2_context_edge_film_interaction,gatv2_graph_c_sprint8a_context_edge_film,gatv2,graph_c_context_observation,S5F2_energy,val,628,2869,,1,0.44980666041374207
sprint9_multiseed_S8A_R2_seed7_S8A_R2_context_edge_film,S8A_R2_context_edge_film,graph_c_gatv2_context_edge_film_interaction,gatv2_graph_c_sprint8a_context_edge_film,gatv2,graph_c_context_observation,S5F2_energy,val,629,2869,,1,0.5326527953147888
sprint9_multiseed_S8A_R2_seed7_S8A_R2_context_edge_film,S8A_R2_context_edge_film,graph_c_gatv2_context_edge_film_interaction,gatv2_graph_c_sprint8a_context_edge_film,gatv2,graph_c_context_observation,S5F2_energy,val,630,2869,,1,0.4752238690853119
sprint9_multiseed_S8A_R2_seed7_S8A_R2_context_edge_film,S8A_R2_context_edge_film,graph_c_gatv2_context_edge_film_interaction,gatv2_graph_c_sprint8a_context_edge_film,gatv2,graph_c_context_observation,S5F2_energy,val,631,2869,,1,0.5498361587524414
sprint9_multiseed_S8A_R2_seed7_S8A_R2_context_edge_film,S8A_R2_context_edge_film,graph_c_gatv2_context_edge_film_interaction,gatv2_graph_c_sprint8a_context_edge_film,gatv2,graph_c_context_observation,S5F2_energy,val,632,2869,,1,0.4090273082256317
sprint9_multiseed_S8A_R2_seed7_S8A_R2_context_edge_film,S8A_R2_context_edge_film,graph_c_gatv2_context_edge_film_interaction,gatv2_graph_c_sprint8a_context_edge_film,gatv2,graph_c_context_observation,S5F2_energy,val,633,2869,,1,0.5160815119743347
sprint9_multiseed_S8A_R2_seed7_S8A_R2_context_edge_film,S8A_R2_context_edge_film,graph_c_gatv2_context_edge_film_interaction,gatv2_graph_c_sprint8a_context_edge_film,gatv2,graph_c_context_observation,S5F2_energy,val,634,2869,,1,0.5057772994041443
sprint9_multiseed_S8A_R2_seed7_S8A_R2_context_edge_film,S8A_R2_context_edge_film,graph_c_gatv2_context_edge_film_interaction,gatv2_graph_c_sprint8a_context_edge_film,gatv2,graph_c_context_observation,S5F2_energy,val,635,2869,,1,0.4424574375152588
sprint9_multiseed_S8A_R2_seed7_S8A_R2_context_edge_film,S8A_R2_context_edge_film,graph_c_gatv2_context_edge_film_interaction,gatv2_graph_c_sprint8a_context_edge_film,gatv2,graph_c_context_observation,S5F2_energy,val,636,2869,,1,0.4878382980823517
sprint9_multiseed_S8A_R2_seed7_S8A_R2_context_edge_film,S8A_R2_context_edge_film,graph_c_gatv2_context_edge_film_interaction,gatv2_graph_c_sprint8a_context_edge_film,gatv2,graph_c_context_observation,S5F2_energy,val,637,2869,,1,0.5530441999435425
sprint9_multiseed_S8A_R2_seed7_S8A_R2_context_edge_film,S8A_R2_context_edge_film,graph_c_gatv2_context_edge_film_interaction,gatv2_graph_c_sprint8a_context_edge_film,gatv2,graph_c_context_observation,S5F2_energy,val,638,2869,,1,0.5426089763641357
sprint9_multiseed_S8A_R2_seed7_S8A_R2_context_edge_film,S8A_R2_context_edge_film,graph_c_gatv2_context_edge_film_interaction,gatv2_graph_c_sprint8a_context_edge_film,gatv2,graph_c_context_observation,S5F2_energy,val,639,2869,,1,0.437758207321167
sprint9_multiseed_S8A_R2_seed7_S8A_R2_context_edge_film,S8A_R2_context_edge_film,graph_c_gatv2_context_edge_film_interaction,gatv2_graph_c_sprint8a_context_edge_film,gatv2,graph_c_context_observation,S5F2_energy,val,640,2869,,1,0.576501190662384
sprint9_multiseed_S8A_R2_seed7_S8A_R2_context_edge_film,S8A_R2_context_edge_film,graph_c_gatv2_context_edge_film_interaction,gatv2_graph_c_sprint8a_context_edge_film,gatv2,graph_c_context_observation,S5F2_energy,val,641,2869,,1,0.5682314038276672
sprint9_multiseed_S8A_R2_seed7_S8A_R2_context_edge_film,S8A_R2_context_edge_film,graph_c_gatv2_context_edge_film_interaction,gatv2_graph_c_sprint8a_context_edge_film,gatv2,graph_c_context_observation,S5F2_energy,val,642,2869,,1,0.48196104168891907
sprint9_multiseed_S8A_R2_seed7_S8A_R2_context_edge_film,S8A_R2_context_edge_film,graph_c_gatv2_context_edge_film_interaction,gatv2_graph_c_sprint8a_context_edge_film,gatv2,graph_c_context_observation,S5F2_energy,val,643,2869,,1,0.46015533804893494
sprint9_multiseed_S8A_R2_seed7_S8A_R2_context_edge_film,S8A_R2_context_edge_film,graph_c_gatv2_context_edge_film_interaction,gatv2_graph_c_sprint8a_context_edge_film,gatv2,graph_c_context_observation,S5F2_energy,val,644,2869,,1,0.43260928988456726
sprint9_multiseed_S8A_R2_seed7_S8A_R2_context_edge_film,S8A_R2_context_edge_film,graph_c_gatv2_context_edge_film_interaction,gatv2_graph_c_sprint8a_context_edge_film,gatv2,graph_c_context_observation,S5F2_energy,val,645,2869,,1,0.504267692565918
sprint9_multiseed_S8A_R2_seed7_S8A_R2_context_edge_film,S8A_R2_context_edge_film,graph_c_gatv2_context_edge_film_interaction,gatv2_graph_c_sprint8a_context_edge_film,gatv2,graph_c_context_observation,S5F2_energy,val,646,2869,,1,0.5096546411514282
sprint9_multiseed_S8A_R2_seed7_S8A_R2_context_edge_film,S8A_R2_context_edge_film,graph_c_gatv2_context_edge_film_interaction,gatv2_graph_c_sprint8a_context_edge_film,gatv2,graph_c_context_observation,S5F2_energy,val,647,2869,,1,0.5092313289642334
sprint9_multiseed_S8A_R2_seed7_S8A_R2_context_edge_film,S8A_R2_context_edge_film,graph_c_gatv2_context_edge_film_interaction,gatv2_graph_c_sprint8a_context_edge_film,gatv2,graph_c_context_observation,S5F2_energy,val,648,2869,,1,0.5091912150382996
sprint9_multiseed_S8A_R2_seed7_S8A_R2_context_edge_film,S8A_R2_context_edge_film,graph_c_gatv2_context_edge_film_interaction,gatv2_graph_c_sprint8a_context_edge_film,gatv2,graph_c_context_observation,S5F2_energy,val,649,2869,,1,0.559880793094635
sprint9_multiseed_S8A_R2_seed7_S8A_R2_context_edge_film,S8A_R2_context_edge_film,graph_c_gatv2_context_edge_film_interaction,gatv2_graph_c_sprint8a_context_edge_film,gatv2,graph_c_context_observation,S5F2_energy,val,650,2869,,1,0.5541810989379883
sprint9_multiseed_S8A_R2_seed7_S8A_R2_context_edge_film,S8A_R2_context_edge_film,graph_c_gatv2_context_edge_film_interaction,gatv2_graph_c_sprint8a_context_edge_film,gatv2,graph_c_context_observation,S5F2_energy,val,651,2869,,1,0.5110194683074951
sprint9_multiseed_S8A_R2_seed7_S8A_R2_context_edge_film,S8A_R2_context_edge_film,graph_c_gatv2_context_edge_film_interaction,gatv2_graph_c_sprint8a_context_edge_film,gatv2,graph_c_context_observation,S5F2_energy,val,652,2869,,1,0.5017525553703308
sprint9_multiseed_S8A_R2_seed7_S8A_R2_context_edge_film,S8A_R2_context_edge_film,graph_c_gatv2_context_edge_film_interaction,gatv2_graph_c_sprint8a_context_edge_film,gatv2,graph_c_context_observation,S5F2_energy,val,653,2869,,1,0.5116780400276184
sprint9_multiseed_S8A_R2_seed7_S8A_R2_context_edge_film,S8A_R2_context_edge_film,graph_c_gatv2_context_edge_film_interaction,gatv2_graph_c_sprint8a_context_edge_film,gatv2,graph_c_context_observation,S5F2_energy,val,654,2869,,1,0.4665127396583557
sprint9_multiseed_S8A_R2_seed7_S8A_R2_context_edge_film,S8A_R2_context_edge_film,graph_c_gatv2_context_edge_film_interaction,gatv2_graph_c_sprint8a_context_edge_film,gatv2,graph_c_context_observation,S5F2_energy,val,655,2869,,1,0.5112093091011047
sprint9_multiseed_S8A_R2_seed7_S8A_R2_context_edge_film,S8A_R2_context_edge_film,graph_c_gatv2_context_edge_film_interaction,gatv2_graph_c_sprint8a_context_edge_film,gatv2,graph_c_context_observation,S5F2_energy,val,656,2869,,1,0.4620126187801361
sprint9_multiseed_S8A_R2_seed7_S8A_R2_context_edge_film,S8A_R2_context_edge_film,graph_c_gatv2_context_edge_film_interaction,gatv2_graph_c_sprint8a_context_edge_film,gatv2,graph_c_context_observation,S5F2_energy,val,657,2869,,1,0.5546988844871521
sprint9_multiseed_S8A_R2_seed7_S8A_R2_context_edge_film,S8A_R2_context_edge_film,graph_c_gatv2_context_edge_film_interaction,gatv2_graph_c_sprint8a_context_edge_film,gatv2,graph_c_context_observation,S5F2_energy,val,658,2869,,1,0.49916622042655945
sprint9_multiseed_S8A_R2_seed7_S8A_R2_context_edge_film,S8A_R2_context_edge_film,graph_c_gatv2_context_edge_film_interaction,gatv2_graph_c_sprint8a_context_edge_film,gatv2,graph_c_context_observation,S5F2_energy,val,659,2869,,1,0.6199792623519897
sprint9_multiseed_S8A_R2_seed7_S8A_R2_context_edge_film,S8A_R2_context_edge_film,graph_c_gatv2_context_edge_film_interaction,gatv2_graph_c_sprint8a_context_edge_film,gatv2,graph_c_context_observation,S5F2_energy,val,660,2869,,1,0.5170393586158752
sprint9_multiseed_S8A_R2_seed7_S8A_R2_context_edge_film,S8A_R2_context_edge_film,graph_c_gatv2_context_edge_film_interaction,gatv2_graph_c_sprint8a_context_edge_film,gatv2,graph_c_context_observation,S5F2_energy,val,661,2869,,1,0.5006022453308105
sprint9_multiseed_S8A_R2_seed7_S8A_R2_context_edge_film,S8A_R2_context_edge_film,graph_c_gatv2_context_edge_film_interaction,gatv2_graph_c_sprint8a_context_edge_film,gatv2,graph_c_context_observation,S5F2_energy,val,662,2869,,1,0.5705668330192566
sprint9_multiseed_S8A_R2_seed7_S8A_R2_context_edge_film,S8A_R2_context_edge_film,graph_c_gatv2_context_edge_film_interaction,gatv2_graph_c_sprint8a_context_edge_film,gatv2,graph_c_context_observation,S5F2_energy,val,663,2869,,1,0.5318000316619873
sprint9_multiseed_S8A_R2_seed7_S8A_R2_context_edge_film,S8A_R2_context_edge_film,graph_c_gatv2_context_edge_film_interaction,gatv2_graph_c_sprint8a_context_edge_film,gatv2,graph_c_context_observation,S5F2_energy,val,664,2869,,1,0.5254583358764648
sprint9_multiseed_S8A_R2_seed7_S8A_R2_context_edge_film,S8A_R2_context_edge_film,graph_c_gatv2_context_edge_film_interaction,gatv2_graph_c_sprint8a_context_edge_film,gatv2,graph_c_context_observation,S5F2_energy,val,665,2869,,1,0.48260498046875
sprint9_multiseed_S8A_R2_seed7_S8A_R2_context_edge_film,S8A_R2_context_edge_film,graph_c_gatv2_context_edge_film_interaction,gatv2_graph_c_sprint8a_context_edge_film,gatv2,graph_c_context_observation,S5F2_energy,val,666,2869,,1,0.5073348879814148
sprint9_multiseed_S8A_R2_seed7_S8A_R2_context_edge_film,S8A_R2_context_edge_film,graph_c_gatv2_context_edge_film_interaction,gatv2_graph_c_sprint8a_context_edge_film,gatv2,graph_c_context_observation,S5F2_energy,val,667,2869,,1,0.544286847114563
sprint9_multiseed_S8A_R2_seed7_S8A_R2_context_edge_film,S8A_R2_context_edge_film,graph_c_gatv2_context_edge_film_interaction,gatv2_graph_c_sprint8a_context_edge_film,gatv2,graph_c_context_observation,S5F2_energy,val,668,2869,,1,0.45784515142440796
sprint9_multiseed_S8A_R2_seed7_S8A_R2_context_edge_film,S8A_R2_context_edge_film,graph_c_gatv2_context_edge_film_interaction,gatv2_graph_c_sprint8a_context_edge_film,gatv2,graph_c_context_observation,S5F2_energy,val,669,2869,,1,0.5241293907165527
sprint9_multiseed_S8A_R2_seed7_S8A_R2_context_edge_film,S8A_R2_context_edge_film,graph_c_gatv2_context_edge_film_interaction,gatv2_graph_c_sprint8a_context_edge_film,gatv2,graph_c_context_observation,S5F2_energy,val,670,2869,,1,0.5181542038917542
sprint9_multiseed_S8A_R2_seed7_S8A_R2_context_edge_film,S8A_R2_context_edge_film,graph_c_gatv2_context_edge_film_interaction,gatv2_graph_c_sprint8a_context_edge_film,gatv2,graph_c_context_observation,S5F2_energy,val,671,2869,,1,0.5008857250213623
sprint9_multiseed_S8A_R2_seed7_S8A_R2_context_edge_film,S8A_R2_context_edge_film,graph_c_gatv2_context_edge_film_interaction,gatv2_graph_c_sprint8a_context_edge_film,gatv2,graph_c_context_observation,S5F2_energy,val,672,2869,,1,0.4935305118560791
sprint9_multiseed_S8A_R2_seed7_S8A_R2_context_edge_film,S8A_R2_context_edge_film,graph_c_gatv2_context_edge_film_interaction,gatv2_graph_c_sprint8a_context_edge_film,gatv2,graph_c_context_observation,S5F2_energy,val,673,2869,,1,0.5069442987442017
sprint9_multiseed_S8A_R2_seed7_S8A_R2_context_edge_film,S8A_R2_context_edge_film,graph_c_gatv2_context_edge_film_interaction,gatv2_graph_c_sprint8a_context_edge_film,gatv2,graph_c_context_observation,S5F2_energy,val,674,2869,,1,0.4940112233161926
sprint9_multiseed_S8A_R2_seed7_S8A_R2_context_edge_film,S8A_R2_context_edge_film,graph_c_gatv2_context_edge_film_interaction,gatv2_graph_c_sprint8a_context_edge_film,gatv2,graph_c_context_observation,S5F2_energy,val,675,2869,,1,0.5099269151687622
sprint9_multiseed_S8A_R2_seed7_S8A_R2_context_edge_film,S8A_R2_context_edge_film,graph_c_gatv2_context_edge_film_interaction,gatv2_graph_c_sprint8a_context_edge_film,gatv2,graph_c_context_observation,S5F2_energy,val,676,2869,,1,0.5071603059768677
sprint9_multiseed_S8A_R2_seed7_S8A_R2_context_edge_film,S8A_R2_context_edge_film,graph_c_gatv2_context_edge_film_interaction,gatv2_graph_c_sprint8a_context_edge_film,gatv2,graph_c_context_observation,S5F2_energy,val,677,2869,,1,0.5552964210510254
sprint9_multiseed_S8A_R2_seed7_S8A_R2_context_edge_film,S8A_R2_context_edge_film,graph_c_gatv2_context_edge_film_interaction,gatv2_graph_c_sprint8a_context_edge_film,gatv2,graph_c_context_observation,S5F2_energy,val,678,2869,,1,0.4648180305957794
sprint9_multiseed_S8A_R2_seed7_S8A_R2_context_edge_film,S8A_R2_context_edge_film,graph_c_gatv2_context_edge_film_interaction,gatv2_graph_c_sprint8a_context_edge_film,gatv2,graph_c_context_observation,S5F2_energy,val,679,2869,,1,0.501587450504303
sprint9_multiseed_S8A_R2_seed7_S8A_R2_context_edge_film,S8A_R2_context_edge_film,graph_c_gatv2_context_edge_film_interaction,gatv2_graph_c_sprint8a_context_edge_film,gatv2,graph_c_context_observation,S5F2_energy,val,680,2869,,1,0.5637747645378113
sprint9_multiseed_S8A_R2_seed7_S8A_R2_context_edge_film,S8A_R2_context_edge_film,graph_c_gatv2_context_edge_film_interaction,gatv2_graph_c_sprint8a_context_edge_film,gatv2,graph_c_context_observation,S5F2_energy,val,681,2869,,1,0.5306519865989685
sprint9_multiseed_S8A_R2_seed7_S8A_R2_context_edge_film,S8A_R2_context_edge_film,graph_c_gatv2_context_edge_film_interaction,gatv2_graph_c_sprint8a_context_edge_film,gatv2,graph_c_context_observation,S5F2_energy,val,682,2869,,1,0.5166404843330383
sprint9_multiseed_S8A_R2_seed7_S8A_R2_context_edge_film,S8A_R2_context_edge_film,graph_c_gatv2_context_edge_film_interaction,gatv2_graph_c_sprint8a_context_edge_film,gatv2,graph_c_context_observation,S5F2_energy,val,683,2869,,1,0.5073978900909424
sprint9_multiseed_S8A_R2_seed7_S8A_R2_context_edge_film,S8A_R2_context_edge_film,graph_c_gatv2_context_edge_film_interaction,gatv2_graph_c_sprint8a_context_edge_film,gatv2,graph_c_context_observation,S5F2_energy,val,684,2869,,1,0.4368511438369751
sprint9_multiseed_S8A_R2_seed7_S8A_R2_context_edge_film,S8A_R2_context_edge_film,graph_c_gatv2_context_edge_film_interaction,gatv2_graph_c_sprint8a_context_edge_film,gatv2,graph_c_context_observation,S5F2_energy,val,685,2869,,1,0.389011412858963
sprint9_multiseed_S8A_R2_seed7_S8A_R2_context_edge_film,S8A_R2_context_edge_film,graph_c_gatv2_context_edge_film_interaction,gatv2_graph_c_sprint8a_context_edge_film,gatv2,graph_c_context_observation,S5F2_energy,val,686,2869,,1,0.5236010551452637
sprint9_multiseed_S8A_R2_seed7_S8A_R2_context_edge_film,S8A_R2_context_edge_film,graph_c_gatv2_context_edge_film_interaction,gatv2_graph_c_sprint8a_context_edge_film,gatv2,graph_c_context_observation,S5F2_energy,val,687,2869,,1,0.5508667230606079
sprint9_multiseed_S8A_R2_seed7_S8A_R2_context_edge_film,S8A_R2_context_edge_film,graph_c_gatv2_context_edge_film_interaction,gatv2_graph_c_sprint8a_context_edge_film,gatv2,graph_c_context_observation,S5F2_energy,val,688,2869,,1,0.5396232604980469
sprint9_multiseed_S8A_R2_seed7_S8A_R2_context_edge_film,S8A_R2_context_edge_film,graph_c_gatv2_context_edge_film_interaction,gatv2_graph_c_sprint8a_context_edge_film,gatv2,graph_c_context_observation,S5F2_energy,val,689,2869,,1,0.517998218536377
sprint9_multiseed_S8A_R2_seed7_S8A_R2_context_edge_film,S8A_R2_context_edge_film,graph_c_gatv2_context_edge_film_interaction,gatv2_graph_c_sprint8a_context_edge_film,gatv2,graph_c_context_observation,S5F2_energy,val,690,2869,,1,0.5249090194702148
sprint9_multiseed_S8A_R2_seed7_S8A_R2_context_edge_film,S8A_R2_context_edge_film,graph_c_gatv2_context_edge_film_interaction,gatv2_graph_c_sprint8a_context_edge_film,gatv2,graph_c_context_observation,S5F2_energy,val,691,2869,,1,0.5824167728424072
sprint9_multiseed_S8A_R2_seed7_S8A_R2_context_edge_film,S8A_R2_context_edge_film,graph_c_gatv2_context_edge_film_interaction,gatv2_graph_c_sprint8a_context_edge_film,gatv2,graph_c_context_observation,S5F2_energy,val,692,2869,,1,0.5622127056121826
sprint9_multiseed_S8A_R2_seed7_S8A_R2_context_edge_film,S8A_R2_context_edge_film,graph_c_gatv2_context_edge_film_interaction,gatv2_graph_c_sprint8a_context_edge_film,gatv2,graph_c_context_observation,S5F2_energy,val,693,2869,,1,0.5197453498840332
sprint9_multiseed_S8A_R2_seed7_S8A_R2_context_edge_film,S8A_R2_context_edge_film,graph_c_gatv2_context_edge_film_interaction,gatv2_graph_c_sprint8a_context_edge_film,gatv2,graph_c_context_observation,S5F2_energy,val,694,2869,,1,0.48165470361709595
sprint9_multiseed_S8A_R2_seed7_S8A_R2_context_edge_film,S8A_R2_context_edge_film,graph_c_gatv2_context_edge_film_interaction,gatv2_graph_c_sprint8a_context_edge_film,gatv2,graph_c_context_observation,S5F2_energy,val,695,2869,,1,0.46287092566490173
sprint9_multiseed_S8A_R2_seed7_S8A_R2_context_edge_film,S8A_R2_context_edge_film,graph_c_gatv2_context_edge_film_interaction,gatv2_graph_c_sprint8a_context_edge_film,gatv2,graph_c_context_observation,S5F2_energy,val,696,2869,,1,0.45472562313079834
sprint9_multiseed_S8A_R2_seed7_S8A_R2_context_edge_film,S8A_R2_context_edge_film,graph_c_gatv2_context_edge_film_interaction,gatv2_graph_c_sprint8a_context_edge_film,gatv2,graph_c_context_observation,S5F2_energy,val,697,2869,,1,0.5243236422538757
sprint9_multiseed_S8A_R2_seed7_S8A_R2_context_edge_film,S8A_R2_context_edge_film,graph_c_gatv2_context_edge_film_interaction,gatv2_graph_c_sprint8a_context_edge_film,gatv2,graph_c_context_observation,S5F2_energy,val,698,2869,,1,0.523928701877594
sprint9_multiseed_S8A_R2_seed7_S8A_R2_context_edge_film,S8A_R2_context_edge_film,graph_c_gatv2_context_edge_film_interaction,gatv2_graph_c_sprint8a_context_edge_film,gatv2,graph_c_context_observation,S5F2_energy,val,699,2869,,1,0.4728546440601349
sprint9_multiseed_S8A_R2_seed7_S8A_R2_context_edge_film,S8A_R2_context_edge_film,graph_c_gatv2_context_edge_film_interaction,gatv2_graph_c_sprint8a_context_edge_film,gatv2,graph_c_context_observation,S5F2_energy,val,700,2869,,1,0.4729353189468384
sprint9_multiseed_S8A_R2_seed7_S8A_R2_context_edge_film,S8A_R2_context_edge_film,graph_c_gatv2_context_edge_film_interaction,gatv2_graph_c_sprint8a_context_edge_film,gatv2,graph_c_context_observation,S5F2_energy,val,701,2869,,1,0.521341860294342
sprint9_multiseed_S8A_R2_seed7_S8A_R2_context_edge_film,S8A_R2_context_edge_film,graph_c_gatv2_context_edge_film_interaction,gatv2_graph_c_sprint8a_context_edge_film,gatv2,graph_c_context_observation,S5F2_energy,val,702,2869,,1,0.4645676016807556
sprint9_multiseed_S8A_R2_seed7_S8A_R2_context_edge_film,S8A_R2_context_edge_film,graph_c_gatv2_context_edge_film_interaction,gatv2_graph_c_sprint8a_context_edge_film,gatv2,graph_c_context_observation,S5F2_energy,val,703,2869,,1,0.5931112170219421
sprint9_multiseed_S8A_R2_seed7_S8A_R2_context_edge_film,S8A_R2_context_edge_film,graph_c_gatv2_context_edge_film_interaction,gatv2_graph_c_sprint8a_context_edge_film,gatv2,graph_c_context_observation,S5F2_energy,val,704,2869,,1,0.5169441103935242
sprint9_multiseed_S8A_R2_seed7_S8A_R2_context_edge_film,S8A_R2_context_edge_film,graph_c_gatv2_context_edge_film_interaction,gatv2_graph_c_sprint8a_context_edge_film,gatv2,graph_c_context_observation,S5F2_energy,val,705,2869,,1,0.44115400314331055
sprint9_multiseed_S8A_R2_seed7_S8A_R2_context_edge_film,S8A_R2_context_edge_film,graph_c_gatv2_context_edge_film_interaction,gatv2_graph_c_sprint8a_context_edge_film,gatv2,graph_c_context_observation,S5F2_energy,val,706,2869,,1,0.4768480062484741
sprint9_multiseed_S8A_R2_seed7_S8A_R2_context_edge_film,S8A_R2_context_edge_film,graph_c_gatv2_context_edge_film_interaction,gatv2_graph_c_sprint8a_context_edge_film,gatv2,graph_c_context_observation,S5F2_energy,val,707,2869,,1,0.49452728033065796
sprint9_multiseed_S8A_R2_seed7_S8A_R2_context_edge_film,S8A_R2_context_edge_film,graph_c_gatv2_context_edge_film_interaction,gatv2_graph_c_sprint8a_context_edge_film,gatv2,graph_c_context_observation,S5F2_energy,val,708,2869,,1,0.4742458164691925
sprint9_multiseed_S8A_R2_seed7_S8A_R2_context_edge_film,S8A_R2_context_edge_film,graph_c_gatv2_context_edge_film_interaction,gatv2_graph_c_sprint8a_context_edge_film,gatv2,graph_c_context_observation,S5F2_energy,val,709,2869,,1,0.5209203362464905
sprint9_multiseed_S8A_R2_seed7_S8A_R2_context_edge_film,S8A_R2_context_edge_film,graph_c_gatv2_context_edge_film_interaction,gatv2_graph_c_sprint8a_context_edge_film,gatv2,graph_c_context_observation,S5F2_energy,val,710,2869,,1,0.5239460468292236
sprint9_multiseed_S8A_R2_seed7_S8A_R2_context_edge_film,S8A_R2_context_edge_film,graph_c_gatv2_context_edge_film_interaction,gatv2_graph_c_sprint8a_context_edge_film,gatv2,graph_c_context_observation,S5F2_energy,val,711,2869,,1,0.562879741191864
sprint9_multiseed_S8A_R2_seed7_S8A_R2_context_edge_film,S8A_R2_context_edge_film,graph_c_gatv2_context_edge_film_interaction,gatv2_graph_c_sprint8a_context_edge_film,gatv2,graph_c_context_observation,S5F2_energy,val,712,2869,,1,0.5517606139183044
sprint9_multiseed_S8A_R2_seed7_S8A_R2_context_edge_film,S8A_R2_context_edge_film,graph_c_gatv2_context_edge_film_interaction,gatv2_graph_c_sprint8a_context_edge_film,gatv2,graph_c_context_observation,S5F2_energy,val,713,2869,,1,0.5454118251800537
sprint9_multiseed_S8A_R2_seed7_S8A_R2_context_edge_film,S8A_R2_context_edge_film,graph_c_gatv2_context_edge_film_interaction,gatv2_graph_c_sprint8a_context_edge_film,gatv2,graph_c_context_observation,S5F2_energy,val,714,2869,,1,0.5143190622329712
sprint9_multiseed_S8A_R2_seed7_S8A_R2_context_edge_film,S8A_R2_context_edge_film,graph_c_gatv2_context_edge_film_interaction,gatv2_graph_c_sprint8a_context_edge_film,gatv2,graph_c_context_observation,S5F2_energy,val,715,2869,,1,0.5242984890937805
sprint9_multiseed_S8A_R2_seed7_S8A_R2_context_edge_film,S8A_R2_context_edge_film,graph_c_gatv2_context_edge_film_interaction,gatv2_graph_c_sprint8a_context_edge_film,gatv2,graph_c_context_observation,S5F2_energy,val,716,2869,,1,0.4732048213481903
sprint9_multiseed_S8A_R2_seed7_S8A_R2_context_edge_film,S8A_R2_context_edge_film,graph_c_gatv2_context_edge_film_interaction,gatv2_graph_c_sprint8a_context_edge_film,gatv2,graph_c_context_observation,S5F2_energy,val,717,2869,,1,0.5205557942390442
sprint9_multiseed_S8A_R2_seed7_S8A_R2_context_edge_film,S8A_R2_context_edge_film,graph_c_gatv2_context_edge_film_interaction,gatv2_graph_c_sprint8a_context_edge_film,gatv2,graph_c_context_observation,S5F2_energy,val,718,2869,,1,0.49067285656929016
sprint9_multiseed_S8A_R2_seed7_S8A_R2_context_edge_film,S8A_R2_context_edge_film,graph_c_gatv2_context_edge_film_interaction,gatv2_graph_c_sprint8a_context_edge_film,gatv2,graph_c_context_observation,S5F2_energy,val,719,2869,,1,0.5124360918998718
sprint9_multiseed_S8A_R2_seed7_S8A_R2_context_edge_film,S8A_R2_context_edge_film,graph_c_gatv2_context_edge_film_interaction,gatv2_graph_c_sprint8a_context_edge_film,gatv2,graph_c_context_observation,S5F2_energy,val,720,2869,,1,0.506496012210846
sprint9_multiseed_S8A_R2_seed7_S8A_R2_context_edge_film,S8A_R2_context_edge_film,graph_c_gatv2_context_edge_film_interaction,gatv2_graph_c_sprint8a_context_edge_film,gatv2,graph_c_context_observation,S5F2_energy,val,721,2869,,1,0.5248137712478638
sprint9_multiseed_S8A_R2_seed7_S8A_R2_context_edge_film,S8A_R2_context_edge_film,graph_c_gatv2_context_edge_film_interaction,gatv2_graph_c_sprint8a_context_edge_film,gatv2,graph_c_context_observation,S5F2_energy,val,722,2869,,1,0.49569565057754517
sprint9_multiseed_S8A_R2_seed7_S8A_R2_context_edge_film,S8A_R2_context_edge_film,graph_c_gatv2_context_edge_film_interaction,gatv2_graph_c_sprint8a_context_edge_film,gatv2,graph_c_context_observation,S5F2_energy,val,723,2869,,1,0.496584951877594
sprint9_multiseed_S8A_R2_seed7_S8A_R2_context_edge_film,S8A_R2_context_edge_film,graph_c_gatv2_context_edge_film_interaction,gatv2_graph_c_sprint8a_context_edge_film,gatv2,graph_c_context_observation,S5F2_energy,val,724,2869,,1,0.5004029870033264
sprint9_multiseed_S8A_R2_seed7_S8A_R2_context_edge_film,S8A_R2_context_edge_film,graph_c_gatv2_context_edge_film_interaction,gatv2_graph_c_sprint8a_context_edge_film,gatv2,graph_c_context_observation,S5F2_energy,val,725,2869,,1,0.5436604619026184
sprint9_multiseed_S8A_R2_seed7_S8A_R2_context_edge_film,S8A_R2_context_edge_film,graph_c_gatv2_context_edge_film_interaction,gatv2_graph_c_sprint8a_context_edge_film,gatv2,graph_c_context_observation,S5F2_energy,val,726,2869,,1,0.4547973871231079
sprint9_multiseed_S8A_R2_seed7_S8A_R2_context_edge_film,S8A_R2_context_edge_film,graph_c_gatv2_context_edge_film_interaction,gatv2_graph_c_sprint8a_context_edge_film,gatv2,graph_c_context_observation,S5F2_energy,val,727,2869,,1,0.5472468733787537
sprint9_multiseed_S8A_R2_seed7_S8A_R2_context_edge_film,S8A_R2_context_edge_film,graph_c_gatv2_context_edge_film_interaction,gatv2_graph_c_sprint8a_context_edge_film,gatv2,graph_c_context_observation,S5F2_energy,val,728,2869,,1,0.533771812915802
sprint9_multiseed_S8A_R2_seed7_S8A_R2_context_edge_film,S8A_R2_context_edge_film,graph_c_gatv2_context_edge_film_interaction,gatv2_graph_c_sprint8a_context_edge_film,gatv2,graph_c_context_observation,S5F2_energy,val,729,2869,,1,0.5341659188270569
sprint9_multiseed_S8A_R2_seed7_S8A_R2_context_edge_film,S8A_R2_context_edge_film,graph_c_gatv2_context_edge_film_interaction,gatv2_graph_c_sprint8a_context_edge_film,gatv2,graph_c_context_observation,S5F2_energy,val,730,2869,,1,0.4588490128517151
sprint9_multiseed_S8A_R2_seed7_S8A_R2_context_edge_film,S8A_R2_context_edge_film,graph_c_gatv2_context_edge_film_interaction,gatv2_graph_c_sprint8a_context_edge_film,gatv2,graph_c_context_observation,S5F2_energy,val,731,2869,,1,0.5347411036491394
sprint9_multiseed_S8A_R2_seed7_S8A_R2_context_edge_film,S8A_R2_context_edge_film,graph_c_gatv2_context_edge_film_interaction,gatv2_graph_c_sprint8a_context_edge_film,gatv2,graph_c_context_observation,S5F2_energy,val,732,2869,,1,0.5492521524429321
sprint9_multiseed_S8A_R2_seed7_S8A_R2_context_edge_film,S8A_R2_context_edge_film,graph_c_gatv2_context_edge_film_interaction,gatv2_graph_c_sprint8a_context_edge_film,gatv2,graph_c_context_observation,S5F2_energy,val,733,2869,,1,0.5220584273338318
sprint9_multiseed_S8A_R2_seed7_S8A_R2_context_edge_film,S8A_R2_context_edge_film,graph_c_gatv2_context_edge_film_interaction,gatv2_graph_c_sprint8a_context_edge_film,gatv2,graph_c_context_observation,S5F2_energy,val,734,2869,,1,0.5080457329750061
sprint9_multiseed_S8A_R2_seed7_S8A_R2_context_edge_film,S8A_R2_context_edge_film,graph_c_gatv2_context_edge_film_interaction,gatv2_graph_c_sprint8a_context_edge_film,gatv2,graph_c_context_observation,S5F2_energy,val,735,2869,,1,0.5414722561836243
sprint9_multiseed_S8A_R2_seed7_S8A_R2_context_edge_film,S8A_R2_context_edge_film,graph_c_gatv2_context_edge_film_interaction,gatv2_graph_c_sprint8a_context_edge_film,gatv2,graph_c_context_observation,S5F2_energy,val,736,2869,,1,0.5580304265022278
sprint9_multiseed_S8A_R2_seed7_S8A_R2_context_edge_film,S8A_R2_context_edge_film,graph_c_gatv2_context_edge_film_interaction,gatv2_graph_c_sprint8a_context_edge_film,gatv2,graph_c_context_observation,S5F2_energy,val,737,2869,,1,0.523027777671814
sprint9_multiseed_S8A_R2_seed7_S8A_R2_context_edge_film,S8A_R2_context_edge_film,graph_c_gatv2_context_edge_film_interaction,gatv2_graph_c_sprint8a_context_edge_film,gatv2,graph_c_context_observation,S5F2_energy,val,738,2869,,1,0.5196519494056702
sprint9_multiseed_S8A_R2_seed7_S8A_R2_context_edge_film,S8A_R2_context_edge_film,graph_c_gatv2_context_edge_film_interaction,gatv2_graph_c_sprint8a_context_edge_film,gatv2,graph_c_context_observation,S5F2_energy,val,739,2869,,1,0.5233495831489563
sprint9_multiseed_S8A_R2_seed7_S8A_R2_context_edge_film,S8A_R2_context_edge_film,graph_c_gatv2_context_edge_film_interaction,gatv2_graph_c_sprint8a_context_edge_film,gatv2,graph_c_context_observation,S5F2_energy,val,740,3866,,1,0.761629581451416
sprint9_multiseed_S8A_R2_seed7_S8A_R2_context_edge_film,S8A_R2_context_edge_film,graph_c_gatv2_context_edge_film_interaction,gatv2_graph_c_sprint8a_context_edge_film,gatv2,graph_c_context_observation,S5F2_energy,val,741,3866,,1,0.7306607365608215
sprint9_multiseed_S8A_R2_seed7_S8A_R2_context_edge_film,S8A_R2_context_edge_film,graph_c_gatv2_context_edge_film_interaction,gatv2_graph_c_sprint8a_context_edge_film,gatv2,graph_c_context_observation,S5F2_energy,val,742,3866,,1,0.6978820562362671
sprint9_multiseed_S8A_R2_seed7_S8A_R2_context_edge_film,S8A_R2_context_edge_film,graph_c_gatv2_context_edge_film_interaction,gatv2_graph_c_sprint8a_context_edge_film,gatv2,graph_c_context_observation,S5F2_energy,val,743,3866,,1,0.7564799189567566
sprint9_multiseed_S8A_R2_seed7_S8A_R2_context_edge_film,S8A_R2_context_edge_film,graph_c_gatv2_context_edge_film_interaction,gatv2_graph_c_sprint8a_context_edge_film,gatv2,graph_c_context_observation,S5F2_energy,val,744,3866,,1,0.671038806438446
sprint9_multiseed_S8A_R2_seed7_S8A_R2_context_edge_film,S8A_R2_context_edge_film,graph_c_gatv2_context_edge_film_interaction,gatv2_graph_c_sprint8a_context_edge_film,gatv2,graph_c_context_observation,S5F2_energy,val,745,3866,,1,0.6674890518188477
sprint9_multiseed_S8A_R2_seed7_S8A_R2_context_edge_film,S8A_R2_context_edge_film,graph_c_gatv2_context_edge_film_interaction,gatv2_graph_c_sprint8a_context_edge_film,gatv2,graph_c_context_observation,S5F2_energy,val,746,3866,,1,0.6863606572151184
sprint9_multiseed_S8A_R2_seed7_S8A_R2_context_edge_film,S8A_R2_context_edge_film,graph_c_gatv2_context_edge_film_interaction,gatv2_graph_c_sprint8a_context_edge_film,gatv2,graph_c_context_observation,S5F2_energy,val,747,3866,,1,0.6826490163803101
sprint9_multiseed_S8A_R2_seed7_S8A_R2_context_edge_film,S8A_R2_context_edge_film,graph_c_gatv2_context_edge_film_interaction,gatv2_graph_c_sprint8a_context_edge_film,gatv2,graph_c_context_observation,S5F2_energy,val,748,3866,,1,0.7686315774917603
sprint9_multiseed_S8A_R2_seed7_S8A_R2_context_edge_film,S8A_R2_context_edge_film,graph_c_gatv2_context_edge_film_interaction,gatv2_graph_c_sprint8a_context_edge_film,gatv2,graph_c_context_observation,S5F2_energy,val,749,3866,,1,0.7911821603775024
sprint9_multiseed_S8A_R2_seed7_S8A_R2_context_edge_film,S8A_R2_context_edge_film,graph_c_gatv2_context_edge_film_interaction,gatv2_graph_c_sprint8a_context_edge_film,gatv2,graph_c_context_observation,S5F2_energy,val,750,3866,,1,0.7274984121322632
sprint9_multiseed_S8A_R2_seed7_S8A_R2_context_edge_film,S8A_R2_context_edge_film,graph_c_gatv2_context_edge_film_interaction,gatv2_graph_c_sprint8a_context_edge_film,gatv2,graph_c_context_observation,S5F2_energy,val,751,3866,,1,0.6787893176078796
sprint9_multiseed_S8A_R2_seed7_S8A_R2_context_edge_film,S8A_R2_context_edge_film,graph_c_gatv2_context_edge_film_interaction,gatv2_graph_c_sprint8a_context_edge_film,gatv2,graph_c_context_observation,S5F2_energy,val,752,3866,,1,0.7841933965682983
sprint9_multiseed_S8A_R2_seed7_S8A_R2_context_edge_film,S8A_R2_context_edge_film,graph_c_gatv2_context_edge_film_interaction,gatv2_graph_c_sprint8a_context_edge_film,gatv2,graph_c_context_observation,S5F2_energy,val,753,3866,,1,0.6694415211677551
sprint9_multiseed_S8A_R2_seed7_S8A_R2_context_edge_film,S8A_R2_context_edge_film,graph_c_gatv2_context_edge_film_interaction,gatv2_graph_c_sprint8a_context_edge_film,gatv2,graph_c_context_observation,S5F2_energy,val,754,3866,,1,0.7683879733085632
sprint9_multiseed_S8A_R2_seed7_S8A_R2_context_edge_film,S8A_R2_context_edge_film,graph_c_gatv2_context_edge_film_interaction,gatv2_graph_c_sprint8a_context_edge_film,gatv2,graph_c_context_observation,S5F2_energy,val,755,3866,,1,0.7187665700912476
sprint9_multiseed_S8A_R2_seed7_S8A_R2_context_edge_film,S8A_R2_context_edge_film,graph_c_gatv2_context_edge_film_interaction,gatv2_graph_c_sprint8a_context_edge_film,gatv2,graph_c_context_observation,S5F2_energy,val,756,3866,,1,0.7138113379478455
sprint9_multiseed_S8A_R2_seed7_S8A_R2_context_edge_film,S8A_R2_context_edge_film,graph_c_gatv2_context_edge_film_interaction,gatv2_graph_c_sprint8a_context_edge_film,gatv2,graph_c_context_observation,S5F2_energy,val,757,3866,,1,0.6256603002548218
sprint9_multiseed_S8A_R2_seed7_S8A_R2_context_edge_film,S8A_R2_context_edge_film,graph_c_gatv2_context_edge_film_interaction,gatv2_graph_c_sprint8a_context_edge_film,gatv2,graph_c_context_observation,S5F2_energy,val,758,3866,,1,0.7585259079933167
sprint9_multiseed_S8A_R2_seed7_S8A_R2_context_edge_film,S8A_R2_context_edge_film,graph_c_gatv2_context_edge_film_interaction,gatv2_graph_c_sprint8a_context_edge_film,gatv2,graph_c_context_observation,S5F2_energy,val,759,3866,,1,0.6445144414901733
sprint9_multiseed_S8A_R2_seed7_S8A_R2_context_edge_film,S8A_R2_context_edge_film,graph_c_gatv2_context_edge_film_interaction,gatv2_graph_c_sprint8a_context_edge_film,gatv2,graph_c_context_observation,S5F2_energy,val,760,3866,,1,0.6544702649116516
sprint9_multiseed_S8A_R2_seed7_S8A_R2_context_edge_film,S8A_R2_context_edge_film,graph_c_gatv2_context_edge_film_interaction,gatv2_graph_c_sprint8a_context_edge_film,gatv2,graph_c_context_observation,S5F2_energy,val,761,3866,,1,0.7065809369087219
sprint9_multiseed_S8A_R2_seed7_S8A_R2_context_edge_film,S8A_R2_context_edge_film,graph_c_gatv2_context_edge_film_interaction,gatv2_graph_c_sprint8a_context_edge_film,gatv2,graph_c_context_observation,S5F2_energy,val,762,3866,,1,0.7138974666595459
sprint9_multiseed_S8A_R2_seed7_S8A_R2_context_edge_film,S8A_R2_context_edge_film,graph_c_gatv2_context_edge_film_interaction,gatv2_graph_c_sprint8a_context_edge_film,gatv2,graph_c_context_observation,S5F2_energy,val,763,3866,,1,0.6344075798988342
sprint9_multiseed_S8A_R2_seed7_S8A_R2_context_edge_film,S8A_R2_context_edge_film,graph_c_gatv2_context_edge_film_interaction,gatv2_graph_c_sprint8a_context_edge_film,gatv2,graph_c_context_observation,S5F2_energy,val,764,3866,,1,0.6207901835441589
sprint9_multiseed_S8A_R2_seed7_S8A_R2_context_edge_film,S8A_R2_context_edge_film,graph_c_gatv2_context_edge_film_interaction,gatv2_graph_c_sprint8a_context_edge_film,gatv2,graph_c_context_observation,S5F2_energy,val,765,3866,,1,0.6636930704116821
sprint9_multiseed_S8A_R2_seed7_S8A_R2_context_edge_film,S8A_R2_context_edge_film,graph_c_gatv2_context_edge_film_interaction,gatv2_graph_c_sprint8a_context_edge_film,gatv2,graph_c_context_observation,S5F2_energy,val,766,3866,,1,0.710927426815033
sprint9_multiseed_S8A_R2_seed7_S8A_R2_context_edge_film,S8A_R2_context_edge_film,graph_c_gatv2_context_edge_film_interaction,gatv2_graph_c_sprint8a_context_edge_film,gatv2,graph_c_context_observation,S5F2_energy,val,767,3866,,1,0.7341260313987732
sprint9_multiseed_S8A_R2_seed7_S8A_R2_context_edge_film,S8A_R2_context_edge_film,graph_c_gatv2_context_edge_film_interaction,gatv2_graph_c_sprint8a_context_edge_film,gatv2,graph_c_context_observation,S5F2_energy,val,768,3866,,1,0.6988109946250916
sprint9_multiseed_S8A_R2_seed7_S8A_R2_context_edge_film,S8A_R2_context_edge_film,graph_c_gatv2_context_edge_film_interaction,gatv2_graph_c_sprint8a_context_edge_film,gatv2,graph_c_context_observation,S5F2_energy,val,769,3866,,1,0.7003183960914612
sprint9_multiseed_S8A_R2_seed7_S8A_R2_context_edge_film,S8A_R2_context_edge_film,graph_c_gatv2_context_edge_film_interaction,gatv2_graph_c_sprint8a_context_edge_film,gatv2,graph_c_context_observation,S5F2_energy,val,770,3866,,1,0.7088067531585693
sprint9_multiseed_S8A_R2_seed7_S8A_R2_context_edge_film,S8A_R2_context_edge_film,graph_c_gatv2_context_edge_film_interaction,gatv2_graph_c_sprint8a_context_edge_film,gatv2,graph_c_context_observation,S5F2_energy,val,771,3866,,1,0.6859297156333923
sprint9_multiseed_S8A_R2_seed7_S8A_R2_context_edge_film,S8A_R2_context_edge_film,graph_c_gatv2_context_edge_film_interaction,gatv2_graph_c_sprint8a_context_edge_film,gatv2,graph_c_context_observation,S5F2_energy,val,772,3866,,1,0.6701024770736694
sprint9_multiseed_S8A_R2_seed7_S8A_R2_context_edge_film,S8A_R2_context_edge_film,graph_c_gatv2_context_edge_film_interaction,gatv2_graph_c_sprint8a_context_edge_film,gatv2,graph_c_context_observation,S5F2_energy,val,773,3866,,1,0.7325389385223389
sprint9_multiseed_S8A_R2_seed7_S8A_R2_context_edge_film,S8A_R2_context_edge_film,graph_c_gatv2_context_edge_film_interaction,gatv2_graph_c_sprint8a_context_edge_film,gatv2,graph_c_context_observation,S5F2_energy,val,774,3866,,1,0.6973216533660889
sprint9_multiseed_S8A_R2_seed7_S8A_R2_context_edge_film,S8A_R2_context_edge_film,graph_c_gatv2_context_edge_film_interaction,gatv2_graph_c_sprint8a_context_edge_film,gatv2,graph_c_context_observation,S5F2_energy,val,775,3866,,1,0.6135232448577881
sprint9_multiseed_S8A_R2_seed7_S8A_R2_context_edge_film,S8A_R2_context_edge_film,graph_c_gatv2_context_edge_film_interaction,gatv2_graph_c_sprint8a_context_edge_film,gatv2,graph_c_context_observation,S5F2_energy,val,776,3866,,1,0.6259728670120239
sprint9_multiseed_S8A_R2_seed7_S8A_R2_context_edge_film,S8A_R2_context_edge_film,graph_c_gatv2_context_edge_film_interaction,gatv2_graph_c_sprint8a_context_edge_film,gatv2,graph_c_context_observation,S5F2_energy,val,777,3866,,1,0.6665509939193726
sprint9_multiseed_S8A_R2_seed7_S8A_R2_context_edge_film,S8A_R2_context_edge_film,graph_c_gatv2_context_edge_film_interaction,gatv2_graph_c_sprint8a_context_edge_film,gatv2,graph_c_context_observation,S5F2_energy,val,778,3866,,1,0.627377986907959
sprint9_multiseed_S8A_R2_seed7_S8A_R2_context_edge_film,S8A_R2_context_edge_film,graph_c_gatv2_context_edge_film_interaction,gatv2_graph_c_sprint8a_context_edge_film,gatv2,graph_c_context_observation,S5F2_energy,val,779,3866,,1,0.6592061519622803
sprint9_multiseed_S8A_R2_seed7_S8A_R2_context_edge_film,S8A_R2_context_edge_film,graph_c_gatv2_context_edge_film_interaction,gatv2_graph_c_sprint8a_context_edge_film,gatv2,graph_c_context_observation,S5F2_energy,val,780,3866,,1,0.6402961611747742
sprint9_multiseed_S8A_R2_seed7_S8A_R2_context_edge_film,S8A_R2_context_edge_film,graph_c_gatv2_context_edge_film_interaction,gatv2_graph_c_sprint8a_context_edge_film,gatv2,graph_c_context_observation,S5F2_energy,val,781,3866,,1,0.6839809417724609
sprint9_multiseed_S8A_R2_seed7_S8A_R2_context_edge_film,S8A_R2_context_edge_film,graph_c_gatv2_context_edge_film_interaction,gatv2_graph_c_sprint8a_context_edge_film,gatv2,graph_c_context_observation,S5F2_energy,val,782,3866,,1,0.7141637206077576
sprint9_multiseed_S8A_R2_seed7_S8A_R2_context_edge_film,S8A_R2_context_edge_film,graph_c_gatv2_context_edge_film_interaction,gatv2_graph_c_sprint8a_context_edge_film,gatv2,graph_c_context_observation,S5F2_energy,val,783,3866,,1,0.7187730669975281
sprint9_multiseed_S8A_R2_seed7_S8A_R2_context_edge_film,S8A_R2_context_edge_film,graph_c_gatv2_context_edge_film_interaction,gatv2_graph_c_sprint8a_context_edge_film,gatv2,graph_c_context_observation,S5F2_energy,val,784,3866,,1,0.7101980447769165
sprint9_multiseed_S8A_R2_seed7_S8A_R2_context_edge_film,S8A_R2_context_edge_film,graph_c_gatv2_context_edge_film_interaction,gatv2_graph_c_sprint8a_context_edge_film,gatv2,graph_c_context_observation,S5F2_energy,val,785,3866,,1,0.7767486572265625
sprint9_multiseed_S8A_R2_seed7_S8A_R2_context_edge_film,S8A_R2_context_edge_film,graph_c_gatv2_context_edge_film_interaction,gatv2_graph_c_sprint8a_context_edge_film,gatv2,graph_c_context_observation,S5F2_energy,val,786,3866,,1,0.7412403225898743
sprint9_multiseed_S8A_R2_seed7_S8A_R2_context_edge_film,S8A_R2_context_edge_film,graph_c_gatv2_context_edge_film_interaction,gatv2_graph_c_sprint8a_context_edge_film,gatv2,graph_c_context_observation,S5F2_energy,val,787,3866,,1,0.760466456413269
sprint9_multiseed_S8A_R2_seed7_S8A_R2_context_edge_film,S8A_R2_context_edge_film,graph_c_gatv2_context_edge_film_interaction,gatv2_graph_c_sprint8a_context_edge_film,gatv2,graph_c_context_observation,S5F2_energy,val,788,3866,,1,0.6149985194206238
sprint9_multiseed_S8A_R2_seed7_S8A_R2_context_edge_film,S8A_R2_context_edge_film,graph_c_gatv2_context_edge_film_interaction,gatv2_graph_c_sprint8a_context_edge_film,gatv2,graph_c_context_observation,S5F2_energy,val,789,3866,,1,0.6655662059783936
sprint9_multiseed_S8A_R2_seed7_S8A_R2_context_edge_film,S8A_R2_context_edge_film,graph_c_gatv2_context_edge_film_interaction,gatv2_graph_c_sprint8a_context_edge_film,gatv2,graph_c_context_observation,S5F2_energy,val,790,3866,,1,0.6859724521636963
sprint9_multiseed_S8A_R2_seed7_S8A_R2_context_edge_film,S8A_R2_context_edge_film,graph_c_gatv2_context_edge_film_interaction,gatv2_graph_c_sprint8a_context_edge_film,gatv2,graph_c_context_observation,S5F2_energy,val,791,3866,,1,0.6236898899078369
sprint9_multiseed_S8A_R2_seed7_S8A_R2_context_edge_film,S8A_R2_context_edge_film,graph_c_gatv2_context_edge_film_interaction,gatv2_graph_c_sprint8a_context_edge_film,gatv2,graph_c_context_observation,S5F2_energy,val,792,3866,,1,0.6436871290206909
sprint9_multiseed_S8A_R2_seed7_S8A_R2_context_edge_film,S8A_R2_context_edge_film,graph_c_gatv2_context_edge_film_interaction,gatv2_graph_c_sprint8a_context_edge_film,gatv2,graph_c_context_observation,S5F2_energy,val,793,3866,,1,0.6824085712432861
sprint9_multiseed_S8A_R2_seed7_S8A_R2_context_edge_film,S8A_R2_context_edge_film,graph_c_gatv2_context_edge_film_interaction,gatv2_graph_c_sprint8a_context_edge_film,gatv2,graph_c_context_observation,S5F2_energy,val,794,3866,,1,0.6780463457107544
sprint9_multiseed_S8A_R2_seed7_S8A_R2_context_edge_film,S8A_R2_context_edge_film,graph_c_gatv2_context_edge_film_interaction,gatv2_graph_c_sprint8a_context_edge_film,gatv2,graph_c_context_observation,S5F2_energy,val,795,3866,,1,0.6125262975692749
sprint9_multiseed_S8A_R2_seed7_S8A_R2_context_edge_film,S8A_R2_context_edge_film,graph_c_gatv2_context_edge_film_interaction,gatv2_graph_c_sprint8a_context_edge_film,gatv2,graph_c_context_observation,S5F2_energy,val,796,3866,,1,0.7316650748252869
sprint9_multiseed_S8A_R2_seed7_S8A_R2_context_edge_film,S8A_R2_context_edge_film,graph_c_gatv2_context_edge_film_interaction,gatv2_graph_c_sprint8a_context_edge_film,gatv2,graph_c_context_observation,S5F2_energy,val,797,3866,,1,0.6272575855255127
sprint9_multiseed_S8A_R2_seed7_S8A_R2_context_edge_film,S8A_R2_context_edge_film,graph_c_gatv2_context_edge_film_interaction,gatv2_graph_c_sprint8a_context_edge_film,gatv2,graph_c_context_observation,S5F2_energy,val,798,3866,,1,0.6691069602966309
sprint9_multiseed_S8A_R2_seed7_S8A_R2_context_edge_film,S8A_R2_context_edge_film,graph_c_gatv2_context_edge_film_interaction,gatv2_graph_c_sprint8a_context_edge_film,gatv2,graph_c_context_observation,S5F2_energy,val,799,3866,,1,0.7033361196517944
sprint9_multiseed_S8A_R2_seed7_S8A_R2_context_edge_film,S8A_R2_context_edge_film,graph_c_gatv2_context_edge_film_interaction,gatv2_graph_c_sprint8a_context_edge_film,gatv2,graph_c_context_observation,S5F2_energy,val,800,3866,,1,0.6065453290939331
sprint9_multiseed_S8A_R2_seed7_S8A_R2_context_edge_film,S8A_R2_context_edge_film,graph_c_gatv2_context_edge_film_interaction,gatv2_graph_c_sprint8a_context_edge_film,gatv2,graph_c_context_observation,S5F2_energy,val,801,3866,,1,0.6322370767593384
sprint9_multiseed_S8A_R2_seed7_S8A_R2_context_edge_film,S8A_R2_context_edge_film,graph_c_gatv2_context_edge_film_interaction,gatv2_graph_c_sprint8a_context_edge_film,gatv2,graph_c_context_observation,S5F2_energy,val,802,3866,,1,0.7029586434364319
sprint9_multiseed_S8A_R2_seed7_S8A_R2_context_edge_film,S8A_R2_context_edge_film,graph_c_gatv2_context_edge_film_interaction,gatv2_graph_c_sprint8a_context_edge_film,gatv2,graph_c_context_observation,S5F2_energy,val,803,3866,,1,0.675672173500061
sprint9_multiseed_S8A_R2_seed7_S8A_R2_context_edge_film,S8A_R2_context_edge_film,graph_c_gatv2_context_edge_film_interaction,gatv2_graph_c_sprint8a_context_edge_film,gatv2,graph_c_context_observation,S5F2_energy,val,804,3866,,1,0.6224128007888794
sprint9_multiseed_S8A_R2_seed7_S8A_R2_context_edge_film,S8A_R2_context_edge_film,graph_c_gatv2_context_edge_film_interaction,gatv2_graph_c_sprint8a_context_edge_film,gatv2,graph_c_context_observation,S5F2_energy,val,805,3866,,1,0.7133201956748962
sprint9_multiseed_S8A_R2_seed7_S8A_R2_context_edge_film,S8A_R2_context_edge_film,graph_c_gatv2_context_edge_film_interaction,gatv2_graph_c_sprint8a_context_edge_film,gatv2,graph_c_context_observation,S5F2_energy,val,806,7822,,1,0.7184699773788452
sprint9_multiseed_S8A_R2_seed7_S8A_R2_context_edge_film,S8A_R2_context_edge_film,graph_c_gatv2_context_edge_film_interaction,gatv2_graph_c_sprint8a_context_edge_film,gatv2,graph_c_context_observation,S5F2_energy,val,807,7822,,1,0.6521207690238953
sprint9_multiseed_S8A_R2_seed7_S8A_R2_context_edge_film,S8A_R2_context_edge_film,graph_c_gatv2_context_edge_film_interaction,gatv2_graph_c_sprint8a_context_edge_film,gatv2,graph_c_context_observation,S5F2_energy,val,808,7822,,1,0.6958248019218445
sprint9_multiseed_S8A_R2_seed7_S8A_R2_context_edge_film,S8A_R2_context_edge_film,graph_c_gatv2_context_edge_film_interaction,gatv2_graph_c_sprint8a_context_edge_film,gatv2,graph_c_context_observation,S5F2_energy,val,809,7822,,1,0.5622720122337341
sprint9_multiseed_S8A_R2_seed7_S8A_R2_context_edge_film,S8A_R2_context_edge_film,graph_c_gatv2_context_edge_film_interaction,gatv2_graph_c_sprint8a_context_edge_film,gatv2,graph_c_context_observation,S5F2_energy,val,810,7822,,1,0.6386703252792358
sprint9_multiseed_S8A_R2_seed7_S8A_R2_context_edge_film,S8A_R2_context_edge_film,graph_c_gatv2_context_edge_film_interaction,gatv2_graph_c_sprint8a_context_edge_film,gatv2,graph_c_context_observation,S5F2_energy,val,811,7822,,1,0.5662453174591064
sprint9_multiseed_S8A_R2_seed7_S8A_R2_context_edge_film,S8A_R2_context_edge_film,graph_c_gatv2_context_edge_film_interaction,gatv2_graph_c_sprint8a_context_edge_film,gatv2,graph_c_context_observation,S5F2_energy,val,812,7822,,1,0.573980987071991
sprint9_multiseed_S8A_R2_seed7_S8A_R2_context_edge_film,S8A_R2_context_edge_film,graph_c_gatv2_context_edge_film_interaction,gatv2_graph_c_sprint8a_context_edge_film,gatv2,graph_c_context_observation,S5F2_energy,val,813,7822,,1,0.6236377954483032
sprint9_multiseed_S8A_R2_seed7_S8A_R2_context_edge_film,S8A_R2_context_edge_film,graph_c_gatv2_context_edge_film_interaction,gatv2_graph_c_sprint8a_context_edge_film,gatv2,graph_c_context_observation,S5F2_energy,val,814,7822,,1,0.5528759956359863
sprint9_multiseed_S8A_R2_seed7_S8A_R2_context_edge_film,S8A_R2_context_edge_film,graph_c_gatv2_context_edge_film_interaction,gatv2_graph_c_sprint8a_context_edge_film,gatv2,graph_c_context_observation,S5F2_energy,val,815,7822,,1,0.5369309782981873
sprint9_multiseed_S8A_R2_seed7_S8A_R2_context_edge_film,S8A_R2_context_edge_film,graph_c_gatv2_context_edge_film_interaction,gatv2_graph_c_sprint8a_context_edge_film,gatv2,graph_c_context_observation,S5F2_energy,val,816,7822,,1,0.5868111252784729
sprint9_multiseed_S8A_R2_seed7_S8A_R2_context_edge_film,S8A_R2_context_edge_film,graph_c_gatv2_context_edge_film_interaction,gatv2_graph_c_sprint8a_context_edge_film,gatv2,graph_c_context_observation,S5F2_energy,val,817,7822,,1,0.5697305798530579
sprint9_multiseed_S8A_R2_seed7_S8A_R2_context_edge_film,S8A_R2_context_edge_film,graph_c_gatv2_context_edge_film_interaction,gatv2_graph_c_sprint8a_context_edge_film,gatv2,graph_c_context_observation,S5F2_energy,val,818,7822,,1,0.49944761395454407
sprint9_multiseed_S8A_R2_seed7_S8A_R2_context_edge_film,S8A_R2_context_edge_film,graph_c_gatv2_context_edge_film_interaction,gatv2_graph_c_sprint8a_context_edge_film,gatv2,graph_c_context_observation,S5F2_energy,val,819,7822,,1,0.6617311239242554
sprint9_multiseed_S8A_R2_seed7_S8A_R2_context_edge_film,S8A_R2_context_edge_film,graph_c_gatv2_context_edge_film_interaction,gatv2_graph_c_sprint8a_context_edge_film,gatv2,graph_c_context_observation,S5F2_energy,val,820,7822,,1,0.6295082569122314
sprint9_multiseed_S8A_R2_seed7_S8A_R2_context_edge_film,S8A_R2_context_edge_film,graph_c_gatv2_context_edge_film_interaction,gatv2_graph_c_sprint8a_context_edge_film,gatv2,graph_c_context_observation,S5F2_energy,val,821,7822,,1,0.5423775911331177
sprint9_multiseed_S8A_R2_seed7_S8A_R2_context_edge_film,S8A_R2_context_edge_film,graph_c_gatv2_context_edge_film_interaction,gatv2_graph_c_sprint8a_context_edge_film,gatv2,graph_c_context_observation,S5F2_energy,val,822,7822,,1,0.6176502108573914
sprint9_multiseed_S8A_R2_seed7_S8A_R2_context_edge_film,S8A_R2_context_edge_film,graph_c_gatv2_context_edge_film_interaction,gatv2_graph_c_sprint8a_context_edge_film,gatv2,graph_c_context_observation,S5F2_energy,val,823,7822,,1,0.6452808380126953
sprint9_multiseed_S8A_R2_seed7_S8A_R2_context_edge_film,S8A_R2_context_edge_film,graph_c_gatv2_context_edge_film_interaction,gatv2_graph_c_sprint8a_context_edge_film,gatv2,graph_c_context_observation,S5F2_energy,val,824,7822,,1,0.5682504773139954
sprint9_multiseed_S8A_R2_seed7_S8A_R2_context_edge_film,S8A_R2_context_edge_film,graph_c_gatv2_context_edge_film_interaction,gatv2_graph_c_sprint8a_context_edge_film,gatv2,graph_c_context_observation,S5F2_energy,val,825,7822,,1,0.7071075439453125
sprint9_multiseed_S8A_R2_seed7_S8A_R2_context_edge_film,S8A_R2_context_edge_film,graph_c_gatv2_context_edge_film_interaction,gatv2_graph_c_sprint8a_context_edge_film,gatv2,graph_c_context_observation,S5F2_energy,val,826,7822,,1,0.6397965550422668
sprint9_multiseed_S8A_R2_seed7_S8A_R2_context_edge_film,S8A_R2_context_edge_film,graph_c_gatv2_context_edge_film_interaction,gatv2_graph_c_sprint8a_context_edge_film,gatv2,graph_c_context_observation,S5F2_energy,val,827,7822,,1,0.527942955493927
sprint9_multiseed_S8A_R2_seed7_S8A_R2_context_edge_film,S8A_R2_context_edge_film,graph_c_gatv2_context_edge_film_interaction,gatv2_graph_c_sprint8a_context_edge_film,gatv2,graph_c_context_observation,S5F2_energy,val,828,7822,,1,0.5331532955169678
sprint9_multiseed_S8A_R2_seed7_S8A_R2_context_edge_film,S8A_R2_context_edge_film,graph_c_gatv2_context_edge_film_interaction,gatv2_graph_c_sprint8a_context_edge_film,gatv2,graph_c_context_observation,S5F2_energy,val,829,7822,,1,0.6131039261817932
sprint9_multiseed_S8A_R2_seed7_S8A_R2_context_edge_film,S8A_R2_context_edge_film,graph_c_gatv2_context_edge_film_interaction,gatv2_graph_c_sprint8a_context_edge_film,gatv2,graph_c_context_observation,S5F2_energy,val,830,7822,,1,0.6083061695098877
sprint9_multiseed_S8A_R2_seed7_S8A_R2_context_edge_film,S8A_R2_context_edge_film,graph_c_gatv2_context_edge_film_interaction,gatv2_graph_c_sprint8a_context_edge_film,gatv2,graph_c_context_observation,S5F2_energy,val,831,7822,,1,0.5723779201507568
sprint9_multiseed_S8A_R2_seed7_S8A_R2_context_edge_film,S8A_R2_context_edge_film,graph_c_gatv2_context_edge_film_interaction,gatv2_graph_c_sprint8a_context_edge_film,gatv2,graph_c_context_observation,S5F2_energy,val,832,7822,,1,0.6078888177871704
sprint9_multiseed_S8A_R2_seed7_S8A_R2_context_edge_film,S8A_R2_context_edge_film,graph_c_gatv2_context_edge_film_interaction,gatv2_graph_c_sprint8a_context_edge_film,gatv2,graph_c_context_observation,S5F2_energy,val,833,7822,,1,0.5994521975517273
sprint9_multiseed_S8A_R2_seed7_S8A_R2_context_edge_film,S8A_R2_context_edge_film,graph_c_gatv2_context_edge_film_interaction,gatv2_graph_c_sprint8a_context_edge_film,gatv2,graph_c_context_observation,S5F2_energy,val,834,7822,,1,0.6267267465591431
sprint9_multiseed_S8A_R2_seed7_S8A_R2_context_edge_film,S8A_R2_context_edge_film,graph_c_gatv2_context_edge_film_interaction,gatv2_graph_c_sprint8a_context_edge_film,gatv2,graph_c_context_observation,S5F2_energy,val,835,7822,,1,0.6700226664543152
sprint9_multiseed_S8A_R2_seed7_S8A_R2_context_edge_film,S8A_R2_context_edge_film,graph_c_gatv2_context_edge_film_interaction,gatv2_graph_c_sprint8a_context_edge_film,gatv2,graph_c_context_observation,S5F2_energy,val,836,7822,,1,0.5353239178657532
sprint9_multiseed_S8A_R2_seed7_S8A_R2_context_edge_film,S8A_R2_context_edge_film,graph_c_gatv2_context_edge_film_interaction,gatv2_graph_c_sprint8a_context_edge_film,gatv2,graph_c_context_observation,S5F2_energy,val,837,7822,,1,0.5123280882835388
sprint9_multiseed_S8A_R2_seed7_S8A_R2_context_edge_film,S8A_R2_context_edge_film,graph_c_gatv2_context_edge_film_interaction,gatv2_graph_c_sprint8a_context_edge_film,gatv2,graph_c_context_observation,S5F2_energy,val,838,7822,,1,0.5650566220283508
sprint9_multiseed_S8A_R2_seed7_S8A_R2_context_edge_film,S8A_R2_context_edge_film,graph_c_gatv2_context_edge_film_interaction,gatv2_graph_c_sprint8a_context_edge_film,gatv2,graph_c_context_observation,S5F2_energy,val,839,7822,,1,0.5421941876411438
sprint9_multiseed_S8A_R2_seed7_S8A_R2_context_edge_film,S8A_R2_context_edge_film,graph_c_gatv2_context_edge_film_interaction,gatv2_graph_c_sprint8a_context_edge_film,gatv2,graph_c_context_observation,S5F2_energy,val,840,7822,,1,0.49358609318733215
sprint9_multiseed_S8A_R2_seed7_S8A_R2_context_edge_film,S8A_R2_context_edge_film,graph_c_gatv2_context_edge_film_interaction,gatv2_graph_c_sprint8a_context_edge_film,gatv2,graph_c_context_observation,S5F2_energy,val,841,7822,,1,0.6384091377258301
sprint9_multiseed_S8A_R2_seed7_S8A_R2_context_edge_film,S8A_R2_context_edge_film,graph_c_gatv2_context_edge_film_interaction,gatv2_graph_c_sprint8a_context_edge_film,gatv2,graph_c_context_observation,S5F2_energy,val,842,7822,,1,0.5553255081176758
sprint9_multiseed_S8A_R2_seed7_S8A_R2_context_edge_film,S8A_R2_context_edge_film,graph_c_gatv2_context_edge_film_interaction,gatv2_graph_c_sprint8a_context_edge_film,gatv2,graph_c_context_observation,S5F2_energy,val,843,7822,,1,0.5571190118789673
sprint9_multiseed_S8A_R2_seed7_S8A_R2_context_edge_film,S8A_R2_context_edge_film,graph_c_gatv2_context_edge_film_interaction,gatv2_graph_c_sprint8a_context_edge_film,gatv2,graph_c_context_observation,S5F2_energy,val,844,7822,,1,0.6512075066566467
sprint9_multiseed_S8A_R2_seed7_S8A_R2_context_edge_film,S8A_R2_context_edge_film,graph_c_gatv2_context_edge_film_interaction,gatv2_graph_c_sprint8a_context_edge_film,gatv2,graph_c_context_observation,S5F2_energy,val,845,7822,,1,0.43128734827041626
sprint9_multiseed_S8A_R2_seed7_S8A_R2_context_edge_film,S8A_R2_context_edge_film,graph_c_gatv2_context_edge_film_interaction,gatv2_graph_c_sprint8a_context_edge_film,gatv2,graph_c_context_observation,S5F2_energy,val,846,7822,,1,0.5168866515159607
sprint9_multiseed_S8A_R2_seed7_S8A_R2_context_edge_film,S8A_R2_context_edge_film,graph_c_gatv2_context_edge_film_interaction,gatv2_graph_c_sprint8a_context_edge_film,gatv2,graph_c_context_observation,S5F2_energy,val,847,7822,,1,0.5047432780265808
sprint9_multiseed_S8A_R2_seed7_S8A_R2_context_edge_film,S8A_R2_context_edge_film,graph_c_gatv2_context_edge_film_interaction,gatv2_graph_c_sprint8a_context_edge_film,gatv2,graph_c_context_observation,S5F2_energy,val,848,7822,,1,0.4721854031085968
sprint9_multiseed_S8A_R2_seed7_S8A_R2_context_edge_film,S8A_R2_context_edge_film,graph_c_gatv2_context_edge_film_interaction,gatv2_graph_c_sprint8a_context_edge_film,gatv2,graph_c_context_observation,S5F2_energy,val,849,7822,,1,0.4603898227214813
sprint9_multiseed_S8A_R2_seed7_S8A_R2_context_edge_film,S8A_R2_context_edge_film,graph_c_gatv2_context_edge_film_interaction,gatv2_graph_c_sprint8a_context_edge_film,gatv2,graph_c_context_observation,S5F2_energy,val,850,7822,,1,0.4847157895565033
sprint9_multiseed_S8A_R2_seed7_S8A_R2_context_edge_film,S8A_R2_context_edge_film,graph_c_gatv2_context_edge_film_interaction,gatv2_graph_c_sprint8a_context_edge_film,gatv2,graph_c_context_observation,S5F2_energy,val,851,7822,,1,0.4708070158958435
sprint9_multiseed_S8A_R2_seed7_S8A_R2_context_edge_film,S8A_R2_context_edge_film,graph_c_gatv2_context_edge_film_interaction,gatv2_graph_c_sprint8a_context_edge_film,gatv2,graph_c_context_observation,S5F2_energy,val,852,7822,,1,0.7107560038566589
sprint9_multiseed_S8A_R2_seed7_S8A_R2_context_edge_film,S8A_R2_context_edge_film,graph_c_gatv2_context_edge_film_interaction,gatv2_graph_c_sprint8a_context_edge_film,gatv2,graph_c_context_observation,S5F2_energy,val,853,7822,,1,0.5019044280052185
sprint9_multiseed_S8A_R2_seed7_S8A_R2_context_edge_film,S8A_R2_context_edge_film,graph_c_gatv2_context_edge_film_interaction,gatv2_graph_c_sprint8a_context_edge_film,gatv2,graph_c_context_observation,S5F2_energy,val,854,7822,,1,0.4709389805793762
sprint9_multiseed_S8A_R2_seed7_S8A_R2_context_edge_film,S8A_R2_context_edge_film,graph_c_gatv2_context_edge_film_interaction,gatv2_graph_c_sprint8a_context_edge_film,gatv2,graph_c_context_observation,S5F2_energy,val,855,7822,,1,0.5844323635101318
sprint9_multiseed_S8A_R2_seed7_S8A_R2_context_edge_film,S8A_R2_context_edge_film,graph_c_gatv2_context_edge_film_interaction,gatv2_graph_c_sprint8a_context_edge_film,gatv2,graph_c_context_observation,S5F2_energy,val,856,7822,,1,0.5988432168960571
sprint9_multiseed_S8A_R2_seed7_S8A_R2_context_edge_film,S8A_R2_context_edge_film,graph_c_gatv2_context_edge_film_interaction,gatv2_graph_c_sprint8a_context_edge_film,gatv2,graph_c_context_observation,S5F2_energy,val,857,7822,,1,0.48107412457466125
sprint9_multiseed_S8A_R2_seed7_S8A_R2_context_edge_film,S8A_R2_context_edge_film,graph_c_gatv2_context_edge_film_interaction,gatv2_graph_c_sprint8a_context_edge_film,gatv2,graph_c_context_observation,S5F2_energy,val,858,7822,,1,0.5896665453910828
sprint9_multiseed_S8A_R2_seed7_S8A_R2_context_edge_film,S8A_R2_context_edge_film,graph_c_gatv2_context_edge_film_interaction,gatv2_graph_c_sprint8a_context_edge_film,gatv2,graph_c_context_observation,S5F2_energy,val,859,7822,,1,0.6161763668060303
sprint9_multiseed_S8A_R2_seed7_S8A_R2_context_edge_film,S8A_R2_context_edge_film,graph_c_gatv2_context_edge_film_interaction,gatv2_graph_c_sprint8a_context_edge_film,gatv2,graph_c_context_observation,S5F2_energy,val,860,7822,,1,0.5322244167327881
sprint9_multiseed_S8A_R2_seed7_S8A_R2_context_edge_film,S8A_R2_context_edge_film,graph_c_gatv2_context_edge_film_interaction,gatv2_graph_c_sprint8a_context_edge_film,gatv2,graph_c_context_observation,S5F2_energy,val,861,7822,,1,0.6161239743232727
sprint9_multiseed_S8A_R2_seed7_S8A_R2_context_edge_film,S8A_R2_context_edge_film,graph_c_gatv2_context_edge_film_interaction,gatv2_graph_c_sprint8a_context_edge_film,gatv2,graph_c_context_observation,S5F2_energy,val,862,7822,,1,0.5490154027938843
sprint9_multiseed_S8A_R2_seed7_S8A_R2_context_edge_film,S8A_R2_context_edge_film,graph_c_gatv2_context_edge_film_interaction,gatv2_graph_c_sprint8a_context_edge_film,gatv2,graph_c_context_observation,S5F2_energy,val,863,7822,,1,0.5992352962493896
sprint9_multiseed_S8A_R2_seed7_S8A_R2_context_edge_film,S8A_R2_context_edge_film,graph_c_gatv2_context_edge_film_interaction,gatv2_graph_c_sprint8a_context_edge_film,gatv2,graph_c_context_observation,S5F2_energy,val,864,7822,,1,0.5955228209495544
sprint9_multiseed_S8A_R2_seed7_S8A_R2_context_edge_film,S8A_R2_context_edge_film,graph_c_gatv2_context_edge_film_interaction,gatv2_graph_c_sprint8a_context_edge_film,gatv2,graph_c_context_observation,S5F2_energy,val,865,7822,,1,0.6193181276321411
sprint9_multiseed_S8A_R2_seed7_S8A_R2_context_edge_film,S8A_R2_context_edge_film,graph_c_gatv2_context_edge_film_interaction,gatv2_graph_c_sprint8a_context_edge_film,gatv2,graph_c_context_observation,S5F2_energy,val,866,7822,,1,0.5342291593551636
sprint9_multiseed_S8A_R2_seed7_S8A_R2_context_edge_film,S8A_R2_context_edge_film,graph_c_gatv2_context_edge_film_interaction,gatv2_graph_c_sprint8a_context_edge_film,gatv2,graph_c_context_observation,S5F2_energy,val,867,7822,,1,0.621532678604126
sprint9_multiseed_S8A_R2_seed7_S8A_R2_context_edge_film,S8A_R2_context_edge_film,graph_c_gatv2_context_edge_film_interaction,gatv2_graph_c_sprint8a_context_edge_film,gatv2,graph_c_context_observation,S5F2_energy,val,868,7822,,1,0.5415366888046265
sprint9_multiseed_S8A_R2_seed7_S8A_R2_context_edge_film,S8A_R2_context_edge_film,graph_c_gatv2_context_edge_film_interaction,gatv2_graph_c_sprint8a_context_edge_film,gatv2,graph_c_context_observation,S5F2_energy,val,869,7822,,1,0.6781550645828247
sprint9_multiseed_S8A_R2_seed7_S8A_R2_context_edge_film,S8A_R2_context_edge_film,graph_c_gatv2_context_edge_film_interaction,gatv2_graph_c_sprint8a_context_edge_film,gatv2,graph_c_context_observation,S5F2_energy,val,870,7822,,1,0.538334846496582
sprint9_multiseed_S8A_R2_seed7_S8A_R2_context_edge_film,S8A_R2_context_edge_film,graph_c_gatv2_context_edge_film_interaction,gatv2_graph_c_sprint8a_context_edge_film,gatv2,graph_c_context_observation,S5F2_energy,val,871,7822,,1,0.47406861186027527
sprint9_multiseed_S8A_R2_seed7_S8A_R2_context_edge_film,S8A_R2_context_edge_film,graph_c_gatv2_context_edge_film_interaction,gatv2_graph_c_sprint8a_context_edge_film,gatv2,graph_c_context_observation,S5F2_energy,val,872,7822,,1,0.604049563407898
sprint9_multiseed_S8A_R2_seed7_S8A_R2_context_edge_film,S8A_R2_context_edge_film,graph_c_gatv2_context_edge_film_interaction,gatv2_graph_c_sprint8a_context_edge_film,gatv2,graph_c_context_observation,S5F2_energy,val,873,7822,,1,0.5362094640731812
sprint9_multiseed_S8A_R2_seed7_S8A_R2_context_edge_film,S8A_R2_context_edge_film,graph_c_gatv2_context_edge_film_interaction,gatv2_graph_c_sprint8a_context_edge_film,gatv2,graph_c_context_observation,S5F2_energy,val,874,7822,,1,0.4988986849784851
sprint9_multiseed_S8A_R2_seed7_S8A_R2_context_edge_film,S8A_R2_context_edge_film,graph_c_gatv2_context_edge_film_interaction,gatv2_graph_c_sprint8a_context_edge_film,gatv2,graph_c_context_observation,S5F2_energy,val,875,7822,,1,0.5212141871452332
sprint9_multiseed_S8A_R2_seed7_S8A_R2_context_edge_film,S8A_R2_context_edge_film,graph_c_gatv2_context_edge_film_interaction,gatv2_graph_c_sprint8a_context_edge_film,gatv2,graph_c_context_observation,S5F2_energy,val,876,7822,,1,0.5073949694633484
sprint9_multiseed_S8A_R2_seed7_S8A_R2_context_edge_film,S8A_R2_context_edge_film,graph_c_gatv2_context_edge_film_interaction,gatv2_graph_c_sprint8a_context_edge_film,gatv2,graph_c_context_observation,S5F2_energy,val,877,7822,,1,0.5311973094940186
sprint9_multiseed_S8A_R2_seed7_S8A_R2_context_edge_film,S8A_R2_context_edge_film,graph_c_gatv2_context_edge_film_interaction,gatv2_graph_c_sprint8a_context_edge_film,gatv2,graph_c_context_observation,S5F2_energy,val,878,7822,,1,0.5781546235084534
sprint9_multiseed_S8A_R2_seed7_S8A_R2_context_edge_film,S8A_R2_context_edge_film,graph_c_gatv2_context_edge_film_interaction,gatv2_graph_c_sprint8a_context_edge_film,gatv2,graph_c_context_observation,S5F2_energy,val,879,7822,,1,0.5020720958709717
sprint9_multiseed_S8A_R2_seed7_S8A_R2_context_edge_film,S8A_R2_context_edge_film,graph_c_gatv2_context_edge_film_interaction,gatv2_graph_c_sprint8a_context_edge_film,gatv2,graph_c_context_observation,S5F2_energy,val,880,7822,,1,0.542779803276062
sprint9_multiseed_S8A_R2_seed7_S8A_R2_context_edge_film,S8A_R2_context_edge_film,graph_c_gatv2_context_edge_film_interaction,gatv2_graph_c_sprint8a_context_edge_film,gatv2,graph_c_context_observation,S5F2_energy,val,881,7822,,1,0.656444787979126
sprint9_multiseed_S8A_R2_seed7_S8A_R2_context_edge_film,S8A_R2_context_edge_film,graph_c_gatv2_context_edge_film_interaction,gatv2_graph_c_sprint8a_context_edge_film,gatv2,graph_c_context_observation,S5F2_energy,val,882,7822,,1,0.5298977494239807
sprint9_multiseed_S8A_R2_seed7_S8A_R2_context_edge_film,S8A_R2_context_edge_film,graph_c_gatv2_context_edge_film_interaction,gatv2_graph_c_sprint8a_context_edge_film,gatv2,graph_c_context_observation,S5F2_energy,val,883,7822,,1,0.49862194061279297
sprint9_multiseed_S8A_R2_seed7_S8A_R2_context_edge_film,S8A_R2_context_edge_film,graph_c_gatv2_context_edge_film_interaction,gatv2_graph_c_sprint8a_context_edge_film,gatv2,graph_c_context_observation,S5F2_energy,val,884,7822,,1,0.4605560302734375
sprint9_multiseed_S8A_R2_seed7_S8A_R2_context_edge_film,S8A_R2_context_edge_film,graph_c_gatv2_context_edge_film_interaction,gatv2_graph_c_sprint8a_context_edge_film,gatv2,graph_c_context_observation,S5F2_energy,val,885,7822,,1,0.4969278872013092
sprint9_multiseed_S8A_R2_seed7_S8A_R2_context_edge_film,S8A_R2_context_edge_film,graph_c_gatv2_context_edge_film_interaction,gatv2_graph_c_sprint8a_context_edge_film,gatv2,graph_c_context_observation,S5F2_energy,val,886,7822,,1,0.6565404534339905
sprint9_multiseed_S8A_R2_seed7_S8A_R2_context_edge_film,S8A_R2_context_edge_film,graph_c_gatv2_context_edge_film_interaction,gatv2_graph_c_sprint8a_context_edge_film,gatv2,graph_c_context_observation,S5F2_energy,val,887,7822,,1,0.493736207485199
sprint9_multiseed_S8A_R2_seed7_S8A_R2_context_edge_film,S8A_R2_context_edge_film,graph_c_gatv2_context_edge_film_interaction,gatv2_graph_c_sprint8a_context_edge_film,gatv2,graph_c_context_observation,S5F2_energy,val,888,7822,,1,0.4459059238433838
sprint9_multiseed_S8A_R2_seed7_S8A_R2_context_edge_film,S8A_R2_context_edge_film,graph_c_gatv2_context_edge_film_interaction,gatv2_graph_c_sprint8a_context_edge_film,gatv2,graph_c_context_observation,S5F2_energy,val,889,7822,,1,0.4547981321811676
sprint9_multiseed_S8A_R2_seed7_S8A_R2_context_edge_film,S8A_R2_context_edge_film,graph_c_gatv2_context_edge_film_interaction,gatv2_graph_c_sprint8a_context_edge_film,gatv2,graph_c_context_observation,S5F2_energy,val,890,7822,,1,0.669299840927124
sprint9_multiseed_S8A_R2_seed7_S8A_R2_context_edge_film,S8A_R2_context_edge_film,graph_c_gatv2_context_edge_film_interaction,gatv2_graph_c_sprint8a_context_edge_film,gatv2,graph_c_context_observation,S5F2_energy,val,891,7822,,1,0.5120816826820374
sprint9_multiseed_S8A_R2_seed7_S8A_R2_context_edge_film,S8A_R2_context_edge_film,graph_c_gatv2_context_edge_film_interaction,gatv2_graph_c_sprint8a_context_edge_film,gatv2,graph_c_context_observation,S5F2_energy,val,892,7822,,1,0.6013472080230713
sprint9_multiseed_S8A_R2_seed7_S8A_R2_context_edge_film,S8A_R2_context_edge_film,graph_c_gatv2_context_edge_film_interaction,gatv2_graph_c_sprint8a_context_edge_film,gatv2,graph_c_context_observation,S5F2_energy,val,893,7822,,1,0.6365931630134583
sprint9_multiseed_S8A_R2_seed7_S8A_R2_context_edge_film,S8A_R2_context_edge_film,graph_c_gatv2_context_edge_film_interaction,gatv2_graph_c_sprint8a_context_edge_film,gatv2,graph_c_context_observation,S5F2_energy,val,894,7822,,1,0.618879497051239
sprint9_multiseed_S8A_R2_seed7_S8A_R2_context_edge_film,S8A_R2_context_edge_film,graph_c_gatv2_context_edge_film_interaction,gatv2_graph_c_sprint8a_context_edge_film,gatv2,graph_c_context_observation,S5F2_energy,val,895,7822,,1,0.47006720304489136
sprint9_multiseed_S8A_R2_seed7_S8A_R2_context_edge_film,S8A_R2_context_edge_film,graph_c_gatv2_context_edge_film_interaction,gatv2_graph_c_sprint8a_context_edge_film,gatv2,graph_c_context_observation,S5F2_energy,val,896,7822,,1,0.46668902039527893
sprint9_multiseed_S8A_R2_seed7_S8A_R2_context_edge_film,S8A_R2_context_edge_film,graph_c_gatv2_context_edge_film_interaction,gatv2_graph_c_sprint8a_context_edge_film,gatv2,graph_c_context_observation,S5F2_energy,val,897,7822,,1,0.49878108501434326
sprint9_multiseed_S8A_R2_seed7_S8A_R2_context_edge_film,S8A_R2_context_edge_film,graph_c_gatv2_context_edge_film_interaction,gatv2_graph_c_sprint8a_context_edge_film,gatv2,graph_c_context_observation,S5F2_energy,val,898,7822,,1,0.47824159264564514
sprint9_multiseed_S8A_R2_seed7_S8A_R2_context_edge_film,S8A_R2_context_edge_film,graph_c_gatv2_context_edge_film_interaction,gatv2_graph_c_sprint8a_context_edge_film,gatv2,graph_c_context_observation,S5F2_energy,val,899,7822,,1,0.613392174243927
sprint9_multiseed_S8A_R2_seed7_S8A_R2_context_edge_film,S8A_R2_context_edge_film,graph_c_gatv2_context_edge_film_interaction,gatv2_graph_c_sprint8a_context_edge_film,gatv2,graph_c_context_observation,S5F2_energy,val,900,7822,,1,0.49049922823905945
sprint9_multiseed_S8A_R2_seed7_S8A_R2_context_edge_film,S8A_R2_context_edge_film,graph_c_gatv2_context_edge_film_interaction,gatv2_graph_c_sprint8a_context_edge_film,gatv2,graph_c_context_observation,S5F2_energy,val,901,7822,,1,0.6110393404960632
sprint9_multiseed_S8A_R2_seed7_S8A_R2_context_edge_film,S8A_R2_context_edge_film,graph_c_gatv2_context_edge_film_interaction,gatv2_graph_c_sprint8a_context_edge_film,gatv2,graph_c_context_observation,S5F2_energy,val,902,7822,,1,0.4906383156776428
sprint9_multiseed_S8A_R2_seed7_S8A_R2_context_edge_film,S8A_R2_context_edge_film,graph_c_gatv2_context_edge_film_interaction,gatv2_graph_c_sprint8a_context_edge_film,gatv2,graph_c_context_observation,S5F2_energy,val,903,7822,,1,0.4735223650932312
sprint9_multiseed_S8A_R2_seed7_S8A_R2_context_edge_film,S8A_R2_context_edge_film,graph_c_gatv2_context_edge_film_interaction,gatv2_graph_c_sprint8a_context_edge_film,gatv2,graph_c_context_observation,S5F2_energy,val,904,7822,,1,0.5948811173439026
sprint9_multiseed_S8A_R2_seed7_S8A_R2_context_edge_film,S8A_R2_context_edge_film,graph_c_gatv2_context_edge_film_interaction,gatv2_graph_c_sprint8a_context_edge_film,gatv2,graph_c_context_observation,S5F2_energy,val,905,7822,,1,0.6006665229797363
sprint9_multiseed_S8A_R2_seed7_S8A_R2_context_edge_film,S8A_R2_context_edge_film,graph_c_gatv2_context_edge_film_interaction,gatv2_graph_c_sprint8a_context_edge_film,gatv2,graph_c_context_observation,S5F2_energy,val,906,7822,,1,0.44411009550094604
sprint9_multiseed_S8A_R2_seed7_S8A_R2_context_edge_film,S8A_R2_context_edge_film,graph_c_gatv2_context_edge_film_interaction,gatv2_graph_c_sprint8a_context_edge_film,gatv2,graph_c_context_observation,S5F2_energy,val,907,7822,,1,0.5794357061386108
sprint9_multiseed_S8A_R2_seed7_S8A_R2_context_edge_film,S8A_R2_context_edge_film,graph_c_gatv2_context_edge_film_interaction,gatv2_graph_c_sprint8a_context_edge_film,gatv2,graph_c_context_observation,S5F2_energy,val,908,7822,,1,0.47524696588516235
sprint9_multiseed_S8A_R2_seed7_S8A_R2_context_edge_film,S8A_R2_context_edge_film,graph_c_gatv2_context_edge_film_interaction,gatv2_graph_c_sprint8a_context_edge_film,gatv2,graph_c_context_observation,S5F2_energy,val,909,7822,,1,0.6893259882926941
sprint9_multiseed_S8A_R2_seed7_S8A_R2_context_edge_film,S8A_R2_context_edge_film,graph_c_gatv2_context_edge_film_interaction,gatv2_graph_c_sprint8a_context_edge_film,gatv2,graph_c_context_observation,S5F2_energy,val,910,7822,,1,0.5643478631973267
sprint9_multiseed_S8A_R2_seed7_S8A_R2_context_edge_film,S8A_R2_context_edge_film,graph_c_gatv2_context_edge_film_interaction,gatv2_graph_c_sprint8a_context_edge_film,gatv2,graph_c_context_observation,S5F2_energy,val,911,7822,,1,0.4738679826259613
sprint9_multiseed_S8A_R2_seed7_S8A_R2_context_edge_film,S8A_R2_context_edge_film,graph_c_gatv2_context_edge_film_interaction,gatv2_graph_c_sprint8a_context_edge_film,gatv2,graph_c_context_observation,S5F2_energy,val,912,7822,,1,0.5013183951377869
sprint9_multiseed_S8A_R2_seed7_S8A_R2_context_edge_film,S8A_R2_context_edge_film,graph_c_gatv2_context_edge_film_interaction,gatv2_graph_c_sprint8a_context_edge_film,gatv2,graph_c_context_observation,S5F2_energy,val,913,7822,,1,0.7489644289016724
sprint9_multiseed_S8A_R2_seed7_S8A_R2_context_edge_film,S8A_R2_context_edge_film,graph_c_gatv2_context_edge_film_interaction,gatv2_graph_c_sprint8a_context_edge_film,gatv2,graph_c_context_observation,S5F2_energy,val,914,7822,,1,0.5380845069885254
sprint9_multiseed_S8A_R2_seed7_S8A_R2_context_edge_film,S8A_R2_context_edge_film,graph_c_gatv2_context_edge_film_interaction,gatv2_graph_c_sprint8a_context_edge_film,gatv2,graph_c_context_observation,S5F2_energy,val,915,7822,,1,0.5838555097579956
sprint9_multiseed_S8A_R2_seed7_S8A_R2_context_edge_film,S8A_R2_context_edge_film,graph_c_gatv2_context_edge_film_interaction,gatv2_graph_c_sprint8a_context_edge_film,gatv2,graph_c_context_observation,S5F2_energy,val,916,7822,,1,0.48659607768058777
sprint9_multiseed_S8A_R2_seed7_S8A_R2_context_edge_film,S8A_R2_context_edge_film,graph_c_gatv2_context_edge_film_interaction,gatv2_graph_c_sprint8a_context_edge_film,gatv2,graph_c_context_observation,S5F2_energy,val,917,7822,,1,0.6821862459182739
sprint9_multiseed_S8A_R2_seed7_S8A_R2_context_edge_film,S8A_R2_context_edge_film,graph_c_gatv2_context_edge_film_interaction,gatv2_graph_c_sprint8a_context_edge_film,gatv2,graph_c_context_observation,S5F2_energy,val,918,7822,,1,0.4537956118583679
sprint9_multiseed_S8A_R2_seed7_S8A_R2_context_edge_film,S8A_R2_context_edge_film,graph_c_gatv2_context_edge_film_interaction,gatv2_graph_c_sprint8a_context_edge_film,gatv2,graph_c_context_observation,S5F2_energy,val,919,7822,,1,0.5931763648986816
sprint9_multiseed_S8A_R2_seed7_S8A_R2_context_edge_film,S8A_R2_context_edge_film,graph_c_gatv2_context_edge_film_interaction,gatv2_graph_c_sprint8a_context_edge_film,gatv2,graph_c_context_observation,S5F2_energy,val,920,7822,,1,0.5714032649993896
sprint9_multiseed_S8A_R2_seed7_S8A_R2_context_edge_film,S8A_R2_context_edge_film,graph_c_gatv2_context_edge_film_interaction,gatv2_graph_c_sprint8a_context_edge_film,gatv2,graph_c_context_observation,S5F2_energy,val,921,7822,,1,0.5623639822006226
sprint9_multiseed_S8A_R2_seed7_S8A_R2_context_edge_film,S8A_R2_context_edge_film,graph_c_gatv2_context_edge_film_interaction,gatv2_graph_c_sprint8a_context_edge_film,gatv2,graph_c_context_observation,S5F2_energy,val,922,7822,,1,0.5198715329170227
sprint9_multiseed_S8A_R2_seed7_S8A_R2_context_edge_film,S8A_R2_context_edge_film,graph_c_gatv2_context_edge_film_interaction,gatv2_graph_c_sprint8a_context_edge_film,gatv2,graph_c_context_observation,S5F2_energy,val,923,7822,,1,0.5421939492225647
sprint9_multiseed_S8A_R2_seed7_S8A_R2_context_edge_film,S8A_R2_context_edge_film,graph_c_gatv2_context_edge_film_interaction,gatv2_graph_c_sprint8a_context_edge_film,gatv2,graph_c_context_observation,S5F2_energy,val,924,7822,,1,0.5823655724525452
sprint9_multiseed_S8A_R2_seed7_S8A_R2_context_edge_film,S8A_R2_context_edge_film,graph_c_gatv2_context_edge_film_interaction,gatv2_graph_c_sprint8a_context_edge_film,gatv2,graph_c_context_observation,S5F2_energy,val,925,7822,,1,0.5462540984153748
sprint9_multiseed_S8A_R2_seed7_S8A_R2_context_edge_film,S8A_R2_context_edge_film,graph_c_gatv2_context_edge_film_interaction,gatv2_graph_c_sprint8a_context_edge_film,gatv2,graph_c_context_observation,S5F2_energy,val,926,7822,,1,0.5356996655464172
sprint9_multiseed_S8A_R2_seed7_S8A_R2_context_edge_film,S8A_R2_context_edge_film,graph_c_gatv2_context_edge_film_interaction,gatv2_graph_c_sprint8a_context_edge_film,gatv2,graph_c_context_observation,S5F2_energy,val,927,7822,,1,0.514911949634552
sprint9_multiseed_S8A_R2_seed7_S8A_R2_context_edge_film,S8A_R2_context_edge_film,graph_c_gatv2_context_edge_film_interaction,gatv2_graph_c_sprint8a_context_edge_film,gatv2,graph_c_context_observation,S5F2_energy,val,928,7822,,1,0.5740305185317993
sprint9_multiseed_S8A_R2_seed7_S8A_R2_context_edge_film,S8A_R2_context_edge_film,graph_c_gatv2_context_edge_film_interaction,gatv2_graph_c_sprint8a_context_edge_film,gatv2,graph_c_context_observation,S5F2_energy,val,929,7822,,1,0.458166241645813
sprint9_multiseed_S8A_R2_seed7_S8A_R2_context_edge_film,S8A_R2_context_edge_film,graph_c_gatv2_context_edge_film_interaction,gatv2_graph_c_sprint8a_context_edge_film,gatv2,graph_c_context_observation,S5F2_energy,val,930,7822,,1,0.48112815618515015
sprint9_multiseed_S8A_R2_seed7_S8A_R2_context_edge_film,S8A_R2_context_edge_film,graph_c_gatv2_context_edge_film_interaction,gatv2_graph_c_sprint8a_context_edge_film,gatv2,graph_c_context_observation,S5F2_energy,val,931,7822,,1,0.6859731078147888
sprint9_multiseed_S8A_R2_seed7_S8A_R2_context_edge_film,S8A_R2_context_edge_film,graph_c_gatv2_context_edge_film_interaction,gatv2_graph_c_sprint8a_context_edge_film,gatv2,graph_c_context_observation,S5F2_energy,val,932,7822,,1,0.5290860533714294
sprint9_multiseed_S8A_R2_seed7_S8A_R2_context_edge_film,S8A_R2_context_edge_film,graph_c_gatv2_context_edge_film_interaction,gatv2_graph_c_sprint8a_context_edge_film,gatv2,graph_c_context_observation,S5F2_energy,val,933,7822,,1,0.528412938117981
sprint9_multiseed_S8A_R2_seed7_S8A_R2_context_edge_film,S8A_R2_context_edge_film,graph_c_gatv2_context_edge_film_interaction,gatv2_graph_c_sprint8a_context_edge_film,gatv2,graph_c_context_observation,S5F2_energy,val,934,7822,,1,0.6048979759216309
sprint9_multiseed_S8A_R2_seed7_S8A_R2_context_edge_film,S8A_R2_context_edge_film,graph_c_gatv2_context_edge_film_interaction,gatv2_graph_c_sprint8a_context_edge_film,gatv2,graph_c_context_observation,S5F2_energy,val,935,7822,,1,0.4336329996585846
sprint9_multiseed_S8A_R2_seed7_S8A_R2_context_edge_film,S8A_R2_context_edge_film,graph_c_gatv2_context_edge_film_interaction,gatv2_graph_c_sprint8a_context_edge_film,gatv2,graph_c_context_observation,S5F2_energy,val,936,7822,,1,0.5800397992134094
sprint9_multiseed_S8A_R2_seed7_S8A_R2_context_edge_film,S8A_R2_context_edge_film,graph_c_gatv2_context_edge_film_interaction,gatv2_graph_c_sprint8a_context_edge_film,gatv2,graph_c_context_observation,S5F2_energy,val,937,7822,,1,0.5824562907218933
sprint9_multiseed_S8A_R2_seed7_S8A_R2_context_edge_film,S8A_R2_context_edge_film,graph_c_gatv2_context_edge_film_interaction,gatv2_graph_c_sprint8a_context_edge_film,gatv2,graph_c_context_observation,S5F2_energy,val,938,7822,,1,0.6589184999465942
sprint9_multiseed_S8A_R2_seed7_S8A_R2_context_edge_film,S8A_R2_context_edge_film,graph_c_gatv2_context_edge_film_interaction,gatv2_graph_c_sprint8a_context_edge_film,gatv2,graph_c_context_observation,S5F2_energy,val,939,7822,,1,0.6230442523956299
sprint9_multiseed_S8A_R2_seed7_S8A_R2_context_edge_film,S8A_R2_context_edge_film,graph_c_gatv2_context_edge_film_interaction,gatv2_graph_c_sprint8a_context_edge_film,gatv2,graph_c_context_observation,S5F2_energy,val,940,7822,,1,0.5344107747077942
sprint9_multiseed_S8A_R2_seed7_S8A_R2_context_edge_film,S8A_R2_context_edge_film,graph_c_gatv2_context_edge_film_interaction,gatv2_graph_c_sprint8a_context_edge_film,gatv2,graph_c_context_observation,S5F2_energy,val,941,7822,,1,0.5318889021873474
sprint9_multiseed_S8A_R2_seed7_S8A_R2_context_edge_film,S8A_R2_context_edge_film,graph_c_gatv2_context_edge_film_interaction,gatv2_graph_c_sprint8a_context_edge_film,gatv2,graph_c_context_observation,S5F2_energy,val,942,7822,,1,0.5247135162353516
sprint9_multiseed_S8A_R2_seed7_S8A_R2_context_edge_film,S8A_R2_context_edge_film,graph_c_gatv2_context_edge_film_interaction,gatv2_graph_c_sprint8a_context_edge_film,gatv2,graph_c_context_observation,S5F2_energy,val,943,7822,,1,0.7325407266616821
sprint9_multiseed_S8A_R2_seed7_S8A_R2_context_edge_film,S8A_R2_context_edge_film,graph_c_gatv2_context_edge_film_interaction,gatv2_graph_c_sprint8a_context_edge_film,gatv2,graph_c_context_observation,S5F2_energy,val,944,7822,,1,0.5019214749336243
sprint9_multiseed_S8A_R2_seed7_S8A_R2_context_edge_film,S8A_R2_context_edge_film,graph_c_gatv2_context_edge_film_interaction,gatv2_graph_c_sprint8a_context_edge_film,gatv2,graph_c_context_observation,S5F2_energy,val,945,7822,,1,0.4691309928894043
sprint9_multiseed_S8A_R2_seed7_S8A_R2_context_edge_film,S8A_R2_context_edge_film,graph_c_gatv2_context_edge_film_interaction,gatv2_graph_c_sprint8a_context_edge_film,gatv2,graph_c_context_observation,S5F2_energy,val,946,7822,,1,0.636384904384613
sprint9_multiseed_S8A_R2_seed7_S8A_R2_context_edge_film,S8A_R2_context_edge_film,graph_c_gatv2_context_edge_film_interaction,gatv2_graph_c_sprint8a_context_edge_film,gatv2,graph_c_context_observation,S5F2_energy,val,947,7822,,1,0.6757953763008118
sprint9_multiseed_S8A_R2_seed7_S8A_R2_context_edge_film,S8A_R2_context_edge_film,graph_c_gatv2_context_edge_film_interaction,gatv2_graph_c_sprint8a_context_edge_film,gatv2,graph_c_context_observation,S5F2_energy,val,948,7822,,1,0.4715052843093872
sprint9_multiseed_S8A_R2_seed7_S8A_R2_context_edge_film,S8A_R2_context_edge_film,graph_c_gatv2_context_edge_film_interaction,gatv2_graph_c_sprint8a_context_edge_film,gatv2,graph_c_context_observation,S5F2_energy,val,949,7822,,1,0.5822283029556274
sprint9_multiseed_S8A_R2_seed7_S8A_R2_context_edge_film,S8A_R2_context_edge_film,graph_c_gatv2_context_edge_film_interaction,gatv2_graph_c_sprint8a_context_edge_film,gatv2,graph_c_context_observation,S5F2_energy,val,950,7822,,1,0.5898692011833191
sprint9_multiseed_S8A_R2_seed7_S8A_R2_context_edge_film,S8A_R2_context_edge_film,graph_c_gatv2_context_edge_film_interaction,gatv2_graph_c_sprint8a_context_edge_film,gatv2,graph_c_context_observation,S5F2_energy,val,951,7822,,1,0.4642333686351776
sprint9_multiseed_S8A_R2_seed7_S8A_R2_context_edge_film,S8A_R2_context_edge_film,graph_c_gatv2_context_edge_film_interaction,gatv2_graph_c_sprint8a_context_edge_film,gatv2,graph_c_context_observation,S5F2_energy,val,952,7822,,1,0.5417490601539612
sprint9_multiseed_S8A_R2_seed7_S8A_R2_context_edge_film,S8A_R2_context_edge_film,graph_c_gatv2_context_edge_film_interaction,gatv2_graph_c_sprint8a_context_edge_film,gatv2,graph_c_context_observation,S5F2_energy,val,953,7822,,1,0.613181471824646
sprint9_multiseed_S8A_R2_seed7_S8A_R2_context_edge_film,S8A_R2_context_edge_film,graph_c_gatv2_context_edge_film_interaction,gatv2_graph_c_sprint8a_context_edge_film,gatv2,graph_c_context_observation,S5F2_energy,val,954,7822,,1,0.5169587731361389
sprint9_multiseed_S8A_R2_seed7_S8A_R2_context_edge_film,S8A_R2_context_edge_film,graph_c_gatv2_context_edge_film_interaction,gatv2_graph_c_sprint8a_context_edge_film,gatv2,graph_c_context_observation,S5F2_energy,val,955,7822,,1,0.5157052874565125
sprint9_multiseed_S8A_R2_seed7_S8A_R2_context_edge_film,S8A_R2_context_edge_film,graph_c_gatv2_context_edge_film_interaction,gatv2_graph_c_sprint8a_context_edge_film,gatv2,graph_c_context_observation,S5F2_energy,val,956,7822,,1,0.5413951873779297
sprint9_multiseed_S8A_R2_seed7_S8A_R2_context_edge_film,S8A_R2_context_edge_film,graph_c_gatv2_context_edge_film_interaction,gatv2_graph_c_sprint8a_context_edge_film,gatv2,graph_c_context_observation,S5F2_energy,val,957,7822,,1,0.5158129334449768
sprint9_multiseed_S8A_R2_seed7_S8A_R2_context_edge_film,S8A_R2_context_edge_film,graph_c_gatv2_context_edge_film_interaction,gatv2_graph_c_sprint8a_context_edge_film,gatv2,graph_c_context_observation,S5F2_energy,val,958,7822,,1,0.5213563442230225
sprint9_multiseed_S8A_R2_seed7_S8A_R2_context_edge_film,S8A_R2_context_edge_film,graph_c_gatv2_context_edge_film_interaction,gatv2_graph_c_sprint8a_context_edge_film,gatv2,graph_c_context_observation,S5F2_energy,val,959,7822,,1,0.4836629629135132
sprint9_multiseed_S8A_R2_seed7_S8A_R2_context_edge_film,S8A_R2_context_edge_film,graph_c_gatv2_context_edge_film_interaction,gatv2_graph_c_sprint8a_context_edge_film,gatv2,graph_c_context_observation,S5F2_energy,val,960,7822,,1,0.5580052733421326
sprint9_multiseed_S8A_R2_seed7_S8A_R2_context_edge_film,S8A_R2_context_edge_film,graph_c_gatv2_context_edge_film_interaction,gatv2_graph_c_sprint8a_context_edge_film,gatv2,graph_c_context_observation,S5F2_energy,val,961,7822,,1,0.508435845375061
sprint9_multiseed_S8A_R2_seed7_S8A_R2_context_edge_film,S8A_R2_context_edge_film,graph_c_gatv2_context_edge_film_interaction,gatv2_graph_c_sprint8a_context_edge_film,gatv2,graph_c_context_observation,S5F2_energy,val,962,7822,,1,0.5544207096099854
sprint9_multiseed_S8A_R2_seed7_S8A_R2_context_edge_film,S8A_R2_context_edge_film,graph_c_gatv2_context_edge_film_interaction,gatv2_graph_c_sprint8a_context_edge_film,gatv2,graph_c_context_observation,S5F2_energy,val,963,7822,,1,0.6012647747993469
sprint9_multiseed_S8A_R2_seed7_S8A_R2_context_edge_film,S8A_R2_context_edge_film,graph_c_gatv2_context_edge_film_interaction,gatv2_graph_c_sprint8a_context_edge_film,gatv2,graph_c_context_observation,S5F2_energy,val,964,7822,,1,0.5377269387245178
sprint9_multiseed_S8A_R2_seed7_S8A_R2_context_edge_film,S8A_R2_context_edge_film,graph_c_gatv2_context_edge_film_interaction,gatv2_graph_c_sprint8a_context_edge_film,gatv2,graph_c_context_observation,S5F2_energy,val,965,7822,,1,0.6028451919555664
sprint9_multiseed_S8A_R2_seed7_S8A_R2_context_edge_film,S8A_R2_context_edge_film,graph_c_gatv2_context_edge_film_interaction,gatv2_graph_c_sprint8a_context_edge_film,gatv2,graph_c_context_observation,S5F2_energy,val,966,7822,,1,0.48080208897590637
sprint9_multiseed_S8A_R2_seed7_S8A_R2_context_edge_film,S8A_R2_context_edge_film,graph_c_gatv2_context_edge_film_interaction,gatv2_graph_c_sprint8a_context_edge_film,gatv2,graph_c_context_observation,S5F2_energy,val,967,7822,,1,0.6676023006439209
sprint9_multiseed_S8A_R2_seed7_S8A_R2_context_edge_film,S8A_R2_context_edge_film,graph_c_gatv2_context_edge_film_interaction,gatv2_graph_c_sprint8a_context_edge_film,gatv2,graph_c_context_observation,S5F2_energy,val,968,7822,,1,0.5580813884735107
sprint9_multiseed_S8A_R2_seed7_S8A_R2_context_edge_film,S8A_R2_context_edge_film,graph_c_gatv2_context_edge_film_interaction,gatv2_graph_c_sprint8a_context_edge_film,gatv2,graph_c_context_observation,S5F2_energy,val,969,7822,,1,0.555946409702301
sprint9_multiseed_S8A_R2_seed7_S8A_R2_context_edge_film,S8A_R2_context_edge_film,graph_c_gatv2_context_edge_film_interaction,gatv2_graph_c_sprint8a_context_edge_film,gatv2,graph_c_context_observation,S5F2_energy,val,970,7822,,1,0.512184202671051
sprint9_multiseed_S8A_R2_seed7_S8A_R2_context_edge_film,S8A_R2_context_edge_film,graph_c_gatv2_context_edge_film_interaction,gatv2_graph_c_sprint8a_context_edge_film,gatv2,graph_c_context_observation,S5F2_energy,val,971,7822,,1,0.5975203514099121
sprint9_multiseed_S8A_R2_seed7_S8A_R2_context_edge_film,S8A_R2_context_edge_film,graph_c_gatv2_context_edge_film_interaction,gatv2_graph_c_sprint8a_context_edge_film,gatv2,graph_c_context_observation,S5F2_energy,val,972,7822,,1,0.25142183899879456
sprint9_multiseed_S8A_R2_seed7_S8A_R2_context_edge_film,S8A_R2_context_edge_film,graph_c_gatv2_context_edge_film_interaction,gatv2_graph_c_sprint8a_context_edge_film,gatv2,graph_c_context_observation,S5F2_energy,val,973,7822,,1,0.5068499445915222
sprint9_multiseed_S8A_R2_seed7_S8A_R2_context_edge_film,S8A_R2_context_edge_film,graph_c_gatv2_context_edge_film_interaction,gatv2_graph_c_sprint8a_context_edge_film,gatv2,graph_c_context_observation,S5F2_energy,val,974,7822,,1,0.47068721055984497
sprint9_multiseed_S8A_R2_seed7_S8A_R2_context_edge_film,S8A_R2_context_edge_film,graph_c_gatv2_context_edge_film_interaction,gatv2_graph_c_sprint8a_context_edge_film,gatv2,graph_c_context_observation,S5F2_energy,val,975,7822,,1,0.5516391396522522
sprint9_multiseed_S8A_R2_seed7_S8A_R2_context_edge_film,S8A_R2_context_edge_film,graph_c_gatv2_context_edge_film_interaction,gatv2_graph_c_sprint8a_context_edge_film,gatv2,graph_c_context_observation,S5F2_energy,val,976,7822,,1,0.4564622640609741
sprint9_multiseed_S8A_R2_seed7_S8A_R2_context_edge_film,S8A_R2_context_edge_film,graph_c_gatv2_context_edge_film_interaction,gatv2_graph_c_sprint8a_context_edge_film,gatv2,graph_c_context_observation,S5F2_energy,val,977,7822,,1,0.5421304702758789
sprint9_multiseed_S8A_R2_seed7_S8A_R2_context_edge_film,S8A_R2_context_edge_film,graph_c_gatv2_context_edge_film_interaction,gatv2_graph_c_sprint8a_context_edge_film,gatv2,graph_c_context_observation,S5F2_energy,val,978,7822,,1,0.5395840406417847
sprint9_multiseed_S8A_R2_seed7_S8A_R2_context_edge_film,S8A_R2_context_edge_film,graph_c_gatv2_context_edge_film_interaction,gatv2_graph_c_sprint8a_context_edge_film,gatv2,graph_c_context_observation,S5F2_energy,val,979,7822,,1,0.4521215856075287
sprint9_multiseed_S8A_R2_seed7_S8A_R2_context_edge_film,S8A_R2_context_edge_film,graph_c_gatv2_context_edge_film_interaction,gatv2_graph_c_sprint8a_context_edge_film,gatv2,graph_c_context_observation,S5F2_energy,val,980,7822,,1,0.4775874614715576
sprint9_multiseed_S8A_R2_seed7_S8A_R2_context_edge_film,S8A_R2_context_edge_film,graph_c_gatv2_context_edge_film_interaction,gatv2_graph_c_sprint8a_context_edge_film,gatv2,graph_c_context_observation,S5F2_energy,val,981,7822,,1,0.5409053564071655
sprint9_multiseed_S8A_R2_seed7_S8A_R2_context_edge_film,S8A_R2_context_edge_film,graph_c_gatv2_context_edge_film_interaction,gatv2_graph_c_sprint8a_context_edge_film,gatv2,graph_c_context_observation,S5F2_energy,val,982,7822,,1,0.4222123622894287
sprint9_multiseed_S8A_R2_seed7_S8A_R2_context_edge_film,S8A_R2_context_edge_film,graph_c_gatv2_context_edge_film_interaction,gatv2_graph_c_sprint8a_context_edge_film,gatv2,graph_c_context_observation,S5F2_energy,val,983,7822,,1,0.5112932324409485
sprint9_multiseed_S8A_R2_seed7_S8A_R2_context_edge_film,S8A_R2_context_edge_film,graph_c_gatv2_context_edge_film_interaction,gatv2_graph_c_sprint8a_context_edge_film,gatv2,graph_c_context_observation,S5F2_energy,val,984,7822,,1,0.5308242440223694
sprint9_multiseed_S8A_R2_seed7_S8A_R2_context_edge_film,S8A_R2_context_edge_film,graph_c_gatv2_context_edge_film_interaction,gatv2_graph_c_sprint8a_context_edge_film,gatv2,graph_c_context_observation,S5F2_energy,val,985,7822,,1,0.5352615118026733
sprint9_multiseed_S8A_R2_seed7_S8A_R2_context_edge_film,S8A_R2_context_edge_film,graph_c_gatv2_context_edge_film_interaction,gatv2_graph_c_sprint8a_context_edge_film,gatv2,graph_c_context_observation,S5F2_energy,val,986,7822,,1,0.5032358765602112
sprint9_multiseed_S8A_R2_seed7_S8A_R2_context_edge_film,S8A_R2_context_edge_film,graph_c_gatv2_context_edge_film_interaction,gatv2_graph_c_sprint8a_context_edge_film,gatv2,graph_c_context_observation,S5F2_energy,val,987,7822,,1,0.4999311566352844
sprint9_multiseed_S8A_R2_seed7_S8A_R2_context_edge_film,S8A_R2_context_edge_film,graph_c_gatv2_context_edge_film_interaction,gatv2_graph_c_sprint8a_context_edge_film,gatv2,graph_c_context_observation,S5F2_energy,val,988,7822,,1,0.5728943943977356
sprint9_multiseed_S8A_R2_seed7_S8A_R2_context_edge_film,S8A_R2_context_edge_film,graph_c_gatv2_context_edge_film_interaction,gatv2_graph_c_sprint8a_context_edge_film,gatv2,graph_c_context_observation,S5F2_energy,val,989,7822,,1,0.6377156972885132
sprint9_multiseed_S8A_R2_seed7_S8A_R2_context_edge_film,S8A_R2_context_edge_film,graph_c_gatv2_context_edge_film_interaction,gatv2_graph_c_sprint8a_context_edge_film,gatv2,graph_c_context_observation,S5F2_energy,val,990,7822,,1,0.6580557227134705
sprint9_multiseed_S8A_R2_seed7_S8A_R2_context_edge_film,S8A_R2_context_edge_film,graph_c_gatv2_context_edge_film_interaction,gatv2_graph_c_sprint8a_context_edge_film,gatv2,graph_c_context_observation,S5F2_energy,val,991,7822,,1,0.4735405445098877
sprint9_multiseed_S8A_R2_seed7_S8A_R2_context_edge_film,S8A_R2_context_edge_film,graph_c_gatv2_context_edge_film_interaction,gatv2_graph_c_sprint8a_context_edge_film,gatv2,graph_c_context_observation,S5F2_energy,val,992,7822,,1,0.4533372223377228
sprint9_multiseed_S8A_R2_seed7_S8A_R2_context_edge_film,S8A_R2_context_edge_film,graph_c_gatv2_context_edge_film_interaction,gatv2_graph_c_sprint8a_context_edge_film,gatv2,graph_c_context_observation,S5F2_energy,val,993,7822,,1,0.5343359112739563
sprint9_multiseed_S8A_R2_seed7_S8A_R2_context_edge_film,S8A_R2_context_edge_film,graph_c_gatv2_context_edge_film_interaction,gatv2_graph_c_sprint8a_context_edge_film,gatv2,graph_c_context_observation,S5F2_energy,val,994,7822,,1,0.7089057564735413
sprint9_multiseed_S8A_R2_seed7_S8A_R2_context_edge_film,S8A_R2_context_edge_film,graph_c_gatv2_context_edge_film_interaction,gatv2_graph_c_sprint8a_context_edge_film,gatv2,graph_c_context_observation,S5F2_energy,val,995,7822,,1,0.5768988728523254
sprint9_multiseed_S8A_R2_seed7_S8A_R2_context_edge_film,S8A_R2_context_edge_film,graph_c_gatv2_context_edge_film_interaction,gatv2_graph_c_sprint8a_context_edge_film,gatv2,graph_c_context_observation,S5F2_energy,val,996,7822,,1,0.49872034788131714
sprint9_multiseed_S8A_R2_seed7_S8A_R2_context_edge_film,S8A_R2_context_edge_film,graph_c_gatv2_context_edge_film_interaction,gatv2_graph_c_sprint8a_context_edge_film,gatv2,graph_c_context_observation,S5F2_energy,val,997,7822,,1,0.6633667349815369
sprint9_multiseed_S8A_R2_seed7_S8A_R2_context_edge_film,S8A_R2_context_edge_film,graph_c_gatv2_context_edge_film_interaction,gatv2_graph_c_sprint8a_context_edge_film,gatv2,graph_c_context_observation,S5F2_energy,val,998,7822,,1,0.4538089632987976
sprint9_multiseed_S8A_R2_seed7_S8A_R2_context_edge_film,S8A_R2_context_edge_film,graph_c_gatv2_context_edge_film_interaction,gatv2_graph_c_sprint8a_context_edge_film,gatv2,graph_c_context_observation,S5F2_energy,val,999,7822,,1,0.5475278496742249
sprint9_multiseed_S8A_R2_seed7_S8A_R2_context_edge_film,S8A_R2_context_edge_film,graph_c_gatv2_context_edge_film_interaction,gatv2_graph_c_sprint8a_context_edge_film,gatv2,graph_c_context_observation,S5F2_energy,val,1000,7822,,1,0.4273817539215088
sprint9_multiseed_S8A_R2_seed7_S8A_R2_context_edge_film,S8A_R2_context_edge_film,graph_c_gatv2_context_edge_film_interaction,gatv2_graph_c_sprint8a_context_edge_film,gatv2,graph_c_context_observation,S5F2_energy,val,1001,7822,,1,0.527331531047821
sprint9_multiseed_S8A_R2_seed7_S8A_R2_context_edge_film,S8A_R2_context_edge_film,graph_c_gatv2_context_edge_film_interaction,gatv2_graph_c_sprint8a_context_edge_film,gatv2,graph_c_context_observation,S5F2_energy,val,1002,7822,,1,0.5773510932922363
sprint9_multiseed_S8A_R2_seed7_S8A_R2_context_edge_film,S8A_R2_context_edge_film,graph_c_gatv2_context_edge_film_interaction,gatv2_graph_c_sprint8a_context_edge_film,gatv2,graph_c_context_observation,S5F2_energy,val,1003,7822,,1,0.44993942975997925
sprint9_multiseed_S8A_R2_seed7_S8A_R2_context_edge_film,S8A_R2_context_edge_film,graph_c_gatv2_context_edge_film_interaction,gatv2_graph_c_sprint8a_context_edge_film,gatv2,graph_c_context_observation,S5F2_energy,val,1004,7822,,1,0.46662312746047974
sprint9_multiseed_S8A_R2_seed7_S8A_R2_context_edge_film,S8A_R2_context_edge_film,graph_c_gatv2_context_edge_film_interaction,gatv2_graph_c_sprint8a_context_edge_film,gatv2,graph_c_context_observation,S5F2_energy,val,1005,7822,,1,0.4728497564792633
sprint9_multiseed_S8A_R2_seed7_S8A_R2_context_edge_film,S8A_R2_context_edge_film,graph_c_gatv2_context_edge_film_interaction,gatv2_graph_c_sprint8a_context_edge_film,gatv2,graph_c_context_observation,S5F2_energy,val,1006,7822,,1,0.3275015950202942
sprint9_multiseed_S8A_R2_seed7_S8A_R2_context_edge_film,S8A_R2_context_edge_film,graph_c_gatv2_context_edge_film_interaction,gatv2_graph_c_sprint8a_context_edge_film,gatv2,graph_c_context_observation,S5F2_energy,val,1007,7822,,1,0.5908229351043701
sprint9_multiseed_S8A_R2_seed7_S8A_R2_context_edge_film,S8A_R2_context_edge_film,graph_c_gatv2_context_edge_film_interaction,gatv2_graph_c_sprint8a_context_edge_film,gatv2,graph_c_context_observation,S5F2_energy,val,1008,7822,,1,0.516984224319458
sprint9_multiseed_S8A_R2_seed7_S8A_R2_context_edge_film,S8A_R2_context_edge_film,graph_c_gatv2_context_edge_film_interaction,gatv2_graph_c_sprint8a_context_edge_film,gatv2,graph_c_context_observation,S5F2_energy,val,1009,7822,,1,0.6781018972396851
sprint9_multiseed_S8A_R2_seed7_S8A_R2_context_edge_film,S8A_R2_context_edge_film,graph_c_gatv2_context_edge_film_interaction,gatv2_graph_c_sprint8a_context_edge_film,gatv2,graph_c_context_observation,S5F2_energy,val,1010,7822,,1,0.5565090179443359
sprint9_multiseed_S8A_R2_seed7_S8A_R2_context_edge_film,S8A_R2_context_edge_film,graph_c_gatv2_context_edge_film_interaction,gatv2_graph_c_sprint8a_context_edge_film,gatv2,graph_c_context_observation,S5F2_energy,val,1011,7822,,1,0.6893733739852905
sprint9_multiseed_S8A_R2_seed7_S8A_R2_context_edge_film,S8A_R2_context_edge_film,graph_c_gatv2_context_edge_film_interaction,gatv2_graph_c_sprint8a_context_edge_film,gatv2,graph_c_context_observation,S5F2_energy,val,1012,7822,,1,0.5344780683517456
sprint9_multiseed_S8A_R2_seed7_S8A_R2_context_edge_film,S8A_R2_context_edge_film,graph_c_gatv2_context_edge_film_interaction,gatv2_graph_c_sprint8a_context_edge_film,gatv2,graph_c_context_observation,S5F2_energy,val,1013,7822,,1,0.561562716960907
sprint9_multiseed_S8A_R2_seed7_S8A_R2_context_edge_film,S8A_R2_context_edge_film,graph_c_gatv2_context_edge_film_interaction,gatv2_graph_c_sprint8a_context_edge_film,gatv2,graph_c_context_observation,S5F2_energy,val,1014,7822,,1,0.662712037563324
sprint9_multiseed_S8A_R2_seed7_S8A_R2_context_edge_film,S8A_R2_context_edge_film,graph_c_gatv2_context_edge_film_interaction,gatv2_graph_c_sprint8a_context_edge_film,gatv2,graph_c_context_observation,S5F2_energy,val,1015,7822,,1,0.4456399083137512
sprint9_multiseed_S8A_R2_seed7_S8A_R2_context_edge_film,S8A_R2_context_edge_film,graph_c_gatv2_context_edge_film_interaction,gatv2_graph_c_sprint8a_context_edge_film,gatv2,graph_c_context_observation,S5F2_energy,val,1016,7822,,1,0.5054274201393127
sprint9_multiseed_S8A_R2_seed7_S8A_R2_context_edge_film,S8A_R2_context_edge_film,graph_c_gatv2_context_edge_film_interaction,gatv2_graph_c_sprint8a_context_edge_film,gatv2,graph_c_context_observation,S5F2_energy,val,1017,7822,,1,0.5368742942810059
sprint9_multiseed_S8A_R2_seed7_S8A_R2_context_edge_film,S8A_R2_context_edge_film,graph_c_gatv2_context_edge_film_interaction,gatv2_graph_c_sprint8a_context_edge_film,gatv2,graph_c_context_observation,S5F2_energy,val,1018,7822,,1,0.6463258266448975
sprint9_multiseed_S8A_R2_seed7_S8A_R2_context_edge_film,S8A_R2_context_edge_film,graph_c_gatv2_context_edge_film_interaction,gatv2_graph_c_sprint8a_context_edge_film,gatv2,graph_c_context_observation,S5F2_energy,val,1019,7822,,1,0.43445461988449097
sprint9_multiseed_S8A_R2_seed7_S8A_R2_context_edge_film,S8A_R2_context_edge_film,graph_c_gatv2_context_edge_film_interaction,gatv2_graph_c_sprint8a_context_edge_film,gatv2,graph_c_context_observation,S5F2_energy,val,1020,7822,,1,0.5221076011657715
sprint9_multiseed_S8A_R2_seed7_S8A_R2_context_edge_film,S8A_R2_context_edge_film,graph_c_gatv2_context_edge_film_interaction,gatv2_graph_c_sprint8a_context_edge_film,gatv2,graph_c_context_observation,S5F2_energy,val,1021,7822,,1,0.5516728758811951
sprint9_multiseed_S8A_R2_seed7_S8A_R2_context_edge_film,S8A_R2_context_edge_film,graph_c_gatv2_context_edge_film_interaction,gatv2_graph_c_sprint8a_context_edge_film,gatv2,graph_c_context_observation,S5F2_energy,val,1022,7822,,1,0.48051202297210693
sprint9_multiseed_S8A_R2_seed7_S8A_R2_context_edge_film,S8A_R2_context_edge_film,graph_c_gatv2_context_edge_film_interaction,gatv2_graph_c_sprint8a_context_edge_film,gatv2,graph_c_context_observation,S5F2_energy,val,1023,7822,,1,0.493198961019516
sprint9_multiseed_S8A_R2_seed7_S8A_R2_context_edge_film,S8A_R2_context_edge_film,graph_c_gatv2_context_edge_film_interaction,gatv2_graph_c_sprint8a_context_edge_film,gatv2,graph_c_context_observation,S5F2_energy,val,1024,7822,,1,0.5679222345352173
sprint9_multiseed_S8A_R2_seed7_S8A_R2_context_edge_film,S8A_R2_context_edge_film,graph_c_gatv2_context_edge_film_interaction,gatv2_graph_c_sprint8a_context_edge_film,gatv2,graph_c_context_observation,S5F2_energy,val,1025,7822,,1,0.48366039991378784
sprint9_multiseed_S8A_R2_seed7_S8A_R2_context_edge_film,S8A_R2_context_edge_film,graph_c_gatv2_context_edge_film_interaction,gatv2_graph_c_sprint8a_context_edge_film,gatv2,graph_c_context_observation,S5F2_energy,val,1026,7822,,1,0.443758487701416
sprint9_multiseed_S8A_R2_seed7_S8A_R2_context_edge_film,S8A_R2_context_edge_film,graph_c_gatv2_context_edge_film_interaction,gatv2_graph_c_sprint8a_context_edge_film,gatv2,graph_c_context_observation,S5F2_energy,val,1027,7822,,1,0.5798014402389526
sprint9_multiseed_S8A_R2_seed7_S8A_R2_context_edge_film,S8A_R2_context_edge_film,graph_c_gatv2_context_edge_film_interaction,gatv2_graph_c_sprint8a_context_edge_film,gatv2,graph_c_context_observation,S5F2_energy,val,1028,7822,,1,0.5024285316467285
sprint9_multiseed_S8A_R2_seed7_S8A_R2_context_edge_film,S8A_R2_context_edge_film,graph_c_gatv2_context_edge_film_interaction,gatv2_graph_c_sprint8a_context_edge_film,gatv2,graph_c_context_observation,S5F2_energy,val,1029,7822,,1,0.5136340856552124
sprint9_multiseed_S8A_R2_seed7_S8A_R2_context_edge_film,S8A_R2_context_edge_film,graph_c_gatv2_context_edge_film_interaction,gatv2_graph_c_sprint8a_context_edge_film,gatv2,graph_c_context_observation,S5F2_energy,val,1030,7822,,1,0.5830186605453491
sprint9_multiseed_S8A_R2_seed7_S8A_R2_context_edge_film,S8A_R2_context_edge_film,graph_c_gatv2_context_edge_film_interaction,gatv2_graph_c_sprint8a_context_edge_film,gatv2,graph_c_context_observation,S5F2_energy,val,1031,7822,,1,0.5185433626174927
sprint9_multiseed_S8A_R2_seed7_S8A_R2_context_edge_film,S8A_R2_context_edge_film,graph_c_gatv2_context_edge_film_interaction,gatv2_graph_c_sprint8a_context_edge_film,gatv2,graph_c_context_observation,S5F2_energy,val,1032,7822,,1,0.5214974284172058
sprint9_multiseed_S8A_R2_seed7_S8A_R2_context_edge_film,S8A_R2_context_edge_film,graph_c_gatv2_context_edge_film_interaction,gatv2_graph_c_sprint8a_context_edge_film,gatv2,graph_c_context_observation,S5F2_energy,val,1033,7822,,1,0.5752984881401062
sprint9_multiseed_S8A_R2_seed7_S8A_R2_context_edge_film,S8A_R2_context_edge_film,graph_c_gatv2_context_edge_film_interaction,gatv2_graph_c_sprint8a_context_edge_film,gatv2,graph_c_context_observation,S5F2_energy,val,1034,7822,,1,0.6365973353385925
sprint9_multiseed_S8A_R2_seed7_S8A_R2_context_edge_film,S8A_R2_context_edge_film,graph_c_gatv2_context_edge_film_interaction,gatv2_graph_c_sprint8a_context_edge_film,gatv2,graph_c_context_observation,S5F2_energy,val,1035,7822,,1,0.6338633894920349
sprint9_multiseed_S8A_R2_seed7_S8A_R2_context_edge_film,S8A_R2_context_edge_film,graph_c_gatv2_context_edge_film_interaction,gatv2_graph_c_sprint8a_context_edge_film,gatv2,graph_c_context_observation,S5F2_energy,val,1036,7822,,1,0.5225235819816589
sprint9_multiseed_S8A_R2_seed7_S8A_R2_context_edge_film,S8A_R2_context_edge_film,graph_c_gatv2_context_edge_film_interaction,gatv2_graph_c_sprint8a_context_edge_film,gatv2,graph_c_context_observation,S5F2_energy,val,1037,7822,,1,0.5878286957740784
sprint9_multiseed_S8A_R2_seed7_S8A_R2_context_edge_film,S8A_R2_context_edge_film,graph_c_gatv2_context_edge_film_interaction,gatv2_graph_c_sprint8a_context_edge_film,gatv2,graph_c_context_observation,S5F2_energy,val,1038,7822,,1,0.5529651045799255
sprint9_multiseed_S8A_R2_seed7_S8A_R2_context_edge_film,S8A_R2_context_edge_film,graph_c_gatv2_context_edge_film_interaction,gatv2_graph_c_sprint8a_context_edge_film,gatv2,graph_c_context_observation,S5F2_energy,val,1039,7822,,1,0.634707510471344
sprint9_multiseed_S8A_R2_seed7_S8A_R2_context_edge_film,S8A_R2_context_edge_film,graph_c_gatv2_context_edge_film_interaction,gatv2_graph_c_sprint8a_context_edge_film,gatv2,graph_c_context_observation,S5F2_energy,val,1040,7822,,1,0.5532350540161133
sprint9_multiseed_S8A_R2_seed7_S8A_R2_context_edge_film,S8A_R2_context_edge_film,graph_c_gatv2_context_edge_film_interaction,gatv2_graph_c_sprint8a_context_edge_film,gatv2,graph_c_context_observation,S5F2_energy,val,1041,7822,,1,0.4479556679725647
sprint9_multiseed_S8A_R2_seed7_S8A_R2_context_edge_film,S8A_R2_context_edge_film,graph_c_gatv2_context_edge_film_interaction,gatv2_graph_c_sprint8a_context_edge_film,gatv2,graph_c_context_observation,S5F2_energy,val,1042,7822,,1,0.5957271456718445
sprint9_multiseed_S8A_R2_seed7_S8A_R2_context_edge_film,S8A_R2_context_edge_film,graph_c_gatv2_context_edge_film_interaction,gatv2_graph_c_sprint8a_context_edge_film,gatv2,graph_c_context_observation,S5F2_energy,val,1043,7822,,1,0.5072361826896667
sprint9_multiseed_S8A_R2_seed7_S8A_R2_context_edge_film,S8A_R2_context_edge_film,graph_c_gatv2_context_edge_film_interaction,gatv2_graph_c_sprint8a_context_edge_film,gatv2,graph_c_context_observation,S5F2_energy,val,1044,7822,,1,0.4886532127857208
sprint9_multiseed_S8A_R2_seed7_S8A_R2_context_edge_film,S8A_R2_context_edge_film,graph_c_gatv2_context_edge_film_interaction,gatv2_graph_c_sprint8a_context_edge_film,gatv2,graph_c_context_observation,S5F2_energy,val,1045,7822,,1,0.4716835618019104
sprint9_multiseed_S8A_R2_seed7_S8A_R2_context_edge_film,S8A_R2_context_edge_film,graph_c_gatv2_context_edge_film_interaction,gatv2_graph_c_sprint8a_context_edge_film,gatv2,graph_c_context_observation,S5F2_energy,val,1046,7822,,1,0.650759756565094
sprint9_multiseed_S8A_R2_seed7_S8A_R2_context_edge_film,S8A_R2_context_edge_film,graph_c_gatv2_context_edge_film_interaction,gatv2_graph_c_sprint8a_context_edge_film,gatv2,graph_c_context_observation,S5F2_energy,val,1047,7822,,1,0.5432685613632202
sprint9_multiseed_S8A_R2_seed7_S8A_R2_context_edge_film,S8A_R2_context_edge_film,graph_c_gatv2_context_edge_film_interaction,gatv2_graph_c_sprint8a_context_edge_film,gatv2,graph_c_context_observation,S5F2_energy,val,1048,7822,,1,0.4090063273906708
sprint9_multiseed_S8A_R2_seed7_S8A_R2_context_edge_film,S8A_R2_context_edge_film,graph_c_gatv2_context_edge_film_interaction,gatv2_graph_c_sprint8a_context_edge_film,gatv2,graph_c_context_observation,S5F2_energy,val,1049,7822,,1,0.5026467442512512
sprint9_multiseed_S8A_R2_seed7_S8A_R2_context_edge_film,S8A_R2_context_edge_film,graph_c_gatv2_context_edge_film_interaction,gatv2_graph_c_sprint8a_context_edge_film,gatv2,graph_c_context_observation,S5F2_energy,val,1050,7822,,1,0.696562647819519
sprint9_multiseed_S8A_R2_seed7_S8A_R2_context_edge_film,S8A_R2_context_edge_film,graph_c_gatv2_context_edge_film_interaction,gatv2_graph_c_sprint8a_context_edge_film,gatv2,graph_c_context_observation,S5F2_energy,val,1051,7822,,1,0.6735822558403015
sprint9_multiseed_S8A_R2_seed7_S8A_R2_context_edge_film,S8A_R2_context_edge_film,graph_c_gatv2_context_edge_film_interaction,gatv2_graph_c_sprint8a_context_edge_film,gatv2,graph_c_context_observation,S5F2_energy,val,1052,7822,,1,0.531769871711731
sprint9_multiseed_S8A_R2_seed7_S8A_R2_context_edge_film,S8A_R2_context_edge_film,graph_c_gatv2_context_edge_film_interaction,gatv2_graph_c_sprint8a_context_edge_film,gatv2,graph_c_context_observation,S5F2_energy,val,1053,7822,,1,0.5036618113517761
sprint9_multiseed_S8A_R2_seed7_S8A_R2_context_edge_film,S8A_R2_context_edge_film,graph_c_gatv2_context_edge_film_interaction,gatv2_graph_c_sprint8a_context_edge_film,gatv2,graph_c_context_observation,S5F2_energy,val,1054,7822,,1,0.49901145696640015
sprint9_multiseed_S8A_R2_seed7_S8A_R2_context_edge_film,S8A_R2_context_edge_film,graph_c_gatv2_context_edge_film_interaction,gatv2_graph_c_sprint8a_context_edge_film,gatv2,graph_c_context_observation,S5F2_energy,val,1055,7822,,1,0.6950596570968628
sprint9_multiseed_S8A_R2_seed7_S8A_R2_context_edge_film,S8A_R2_context_edge_film,graph_c_gatv2_context_edge_film_interaction,gatv2_graph_c_sprint8a_context_edge_film,gatv2,graph_c_context_observation,S5F2_energy,val,1056,7822,,1,0.522943377494812
sprint9_multiseed_S8A_R2_seed7_S8A_R2_context_edge_film,S8A_R2_context_edge_film,graph_c_gatv2_context_edge_film_interaction,gatv2_graph_c_sprint8a_context_edge_film,gatv2,graph_c_context_observation,S5F2_energy,val,1057,7822,,1,0.4077858328819275
sprint9_multiseed_S8A_R2_seed7_S8A_R2_context_edge_film,S8A_R2_context_edge_film,graph_c_gatv2_context_edge_film_interaction,gatv2_graph_c_sprint8a_context_edge_film,gatv2,graph_c_context_observation,S5F2_energy,val,1058,7822,,1,0.43181735277175903
sprint9_multiseed_S8A_R2_seed7_S8A_R2_context_edge_film,S8A_R2_context_edge_film,graph_c_gatv2_context_edge_film_interaction,gatv2_graph_c_sprint8a_context_edge_film,gatv2,graph_c_context_observation,S5F2_energy,val,1059,7822,,1,0.5656298398971558
sprint9_multiseed_S8A_R2_seed7_S8A_R2_context_edge_film,S8A_R2_context_edge_film,graph_c_gatv2_context_edge_film_interaction,gatv2_graph_c_sprint8a_context_edge_film,gatv2,graph_c_context_observation,S5F2_energy,val,1060,7822,,1,0.5188097953796387
sprint9_multiseed_S8A_R2_seed7_S8A_R2_context_edge_film,S8A_R2_context_edge_film,graph_c_gatv2_context_edge_film_interaction,gatv2_graph_c_sprint8a_context_edge_film,gatv2,graph_c_context_observation,S5F2_energy,val,1061,7822,,1,0.4358423948287964
sprint9_multiseed_S8A_R2_seed7_S8A_R2_context_edge_film,S8A_R2_context_edge_film,graph_c_gatv2_context_edge_film_interaction,gatv2_graph_c_sprint8a_context_edge_film,gatv2,graph_c_context_observation,S5F2_energy,val,1062,7822,,1,0.6327887177467346
sprint9_multiseed_S8A_R2_seed7_S8A_R2_context_edge_film,S8A_R2_context_edge_film,graph_c_gatv2_context_edge_film_interaction,gatv2_graph_c_sprint8a_context_edge_film,gatv2,graph_c_context_observation,S5F2_energy,val,1063,7822,,1,0.5448364615440369
sprint9_multiseed_S8A_R2_seed7_S8A_R2_context_edge_film,S8A_R2_context_edge_film,graph_c_gatv2_context_edge_film_interaction,gatv2_graph_c_sprint8a_context_edge_film,gatv2,graph_c_context_observation,S5F2_energy,val,1064,7822,,1,0.7813368439674377
sprint9_multiseed_S8A_R2_seed7_S8A_R2_context_edge_film,S8A_R2_context_edge_film,graph_c_gatv2_context_edge_film_interaction,gatv2_graph_c_sprint8a_context_edge_film,gatv2,graph_c_context_observation,S5F2_energy,val,1065,7822,,1,0.5275648236274719
sprint9_multiseed_S8A_R2_seed7_S8A_R2_context_edge_film,S8A_R2_context_edge_film,graph_c_gatv2_context_edge_film_interaction,gatv2_graph_c_sprint8a_context_edge_film,gatv2,graph_c_context_observation,S5F2_energy,val,1066,7822,,1,0.5202540159225464
sprint9_multiseed_S8A_R2_seed7_S8A_R2_context_edge_film,S8A_R2_context_edge_film,graph_c_gatv2_context_edge_film_interaction,gatv2_graph_c_sprint8a_context_edge_film,gatv2,graph_c_context_observation,S5F2_energy,val,1067,7822,,1,0.5876049995422363
sprint9_multiseed_S8A_R2_seed7_S8A_R2_context_edge_film,S8A_R2_context_edge_film,graph_c_gatv2_context_edge_film_interaction,gatv2_graph_c_sprint8a_context_edge_film,gatv2,graph_c_context_observation,S5F2_energy,val,1068,7822,,1,0.615995466709137
sprint9_multiseed_S8A_R2_seed7_S8A_R2_context_edge_film,S8A_R2_context_edge_film,graph_c_gatv2_context_edge_film_interaction,gatv2_graph_c_sprint8a_context_edge_film,gatv2,graph_c_context_observation,S5F2_energy,val,1069,7822,,1,0.5735290050506592
sprint9_multiseed_S8A_R2_seed7_S8A_R2_context_edge_film,S8A_R2_context_edge_film,graph_c_gatv2_context_edge_film_interaction,gatv2_graph_c_sprint8a_context_edge_film,gatv2,graph_c_context_observation,S5F2_energy,val,1070,7822,,1,0.5814935564994812
sprint9_multiseed_S8A_R2_seed7_S8A_R2_context_edge_film,S8A_R2_context_edge_film,graph_c_gatv2_context_edge_film_interaction,gatv2_graph_c_sprint8a_context_edge_film,gatv2,graph_c_context_observation,S5F2_energy,val,1071,7822,,1,0.5622185468673706
sprint9_multiseed_S8A_R2_seed7_S8A_R2_context_edge_film,S8A_R2_context_edge_film,graph_c_gatv2_context_edge_film_interaction,gatv2_graph_c_sprint8a_context_edge_film,gatv2,graph_c_context_observation,S5F2_energy,val,1072,7822,,1,0.4901730716228485
sprint9_multiseed_S8A_R2_seed7_S8A_R2_context_edge_film,S8A_R2_context_edge_film,graph_c_gatv2_context_edge_film_interaction,gatv2_graph_c_sprint8a_context_edge_film,gatv2,graph_c_context_observation,S5F2_energy,val,1073,7822,,1,0.597786545753479
sprint9_multiseed_S8A_R2_seed7_S8A_R2_context_edge_film,S8A_R2_context_edge_film,graph_c_gatv2_context_edge_film_interaction,gatv2_graph_c_sprint8a_context_edge_film,gatv2,graph_c_context_observation,S5F2_energy,val,1074,7822,,1,0.5355720520019531
sprint9_multiseed_S8A_R2_seed7_S8A_R2_context_edge_film,S8A_R2_context_edge_film,graph_c_gatv2_context_edge_film_interaction,gatv2_graph_c_sprint8a_context_edge_film,gatv2,graph_c_context_observation,S5F2_energy,val,1075,7822,,1,0.44350895285606384
sprint9_multiseed_S8A_R2_seed7_S8A_R2_context_edge_film,S8A_R2_context_edge_film,graph_c_gatv2_context_edge_film_interaction,gatv2_graph_c_sprint8a_context_edge_film,gatv2,graph_c_context_observation,S5F2_energy,val,1076,7822,,1,0.4854910671710968
sprint9_multiseed_S8A_R2_seed7_S8A_R2_context_edge_film,S8A_R2_context_edge_film,graph_c_gatv2_context_edge_film_interaction,gatv2_graph_c_sprint8a_context_edge_film,gatv2,graph_c_context_observation,S5F2_energy,val,1077,7822,,1,0.5272448062896729
sprint9_multiseed_S8A_R2_seed7_S8A_R2_context_edge_film,S8A_R2_context_edge_film,graph_c_gatv2_context_edge_film_interaction,gatv2_graph_c_sprint8a_context_edge_film,gatv2,graph_c_context_observation,S5F2_energy,val,1078,7822,,1,0.4672055244445801
sprint9_multiseed_S8A_R2_seed7_S8A_R2_context_edge_film,S8A_R2_context_edge_film,graph_c_gatv2_context_edge_film_interaction,gatv2_graph_c_sprint8a_context_edge_film,gatv2,graph_c_context_observation,S5F2_energy,val,1079,7822,,1,0.5219376087188721
sprint9_multiseed_S8A_R2_seed7_S8A_R2_context_edge_film,S8A_R2_context_edge_film,graph_c_gatv2_context_edge_film_interaction,gatv2_graph_c_sprint8a_context_edge_film,gatv2,graph_c_context_observation,S5F2_energy,val,1080,7822,,1,0.5005955696105957
sprint9_multiseed_S8A_R2_seed7_S8A_R2_context_edge_film,S8A_R2_context_edge_film,graph_c_gatv2_context_edge_film_interaction,gatv2_graph_c_sprint8a_context_edge_film,gatv2,graph_c_context_observation,S5F2_energy,val,1081,7822,,1,0.4628579020500183
sprint9_multiseed_S8A_R2_seed7_S8A_R2_context_edge_film,S8A_R2_context_edge_film,graph_c_gatv2_context_edge_film_interaction,gatv2_graph_c_sprint8a_context_edge_film,gatv2,graph_c_context_observation,S5F2_energy,val,1082,7822,,1,0.4947275221347809
sprint9_multiseed_S8A_R2_seed7_S8A_R2_context_edge_film,S8A_R2_context_edge_film,graph_c_gatv2_context_edge_film_interaction,gatv2_graph_c_sprint8a_context_edge_film,gatv2,graph_c_context_observation,S5F2_energy,val,1083,7822,,1,0.4495985507965088
sprint9_multiseed_S8A_R2_seed7_S8A_R2_context_edge_film,S8A_R2_context_edge_film,graph_c_gatv2_context_edge_film_interaction,gatv2_graph_c_sprint8a_context_edge_film,gatv2,graph_c_context_observation,S5F2_energy,val,1084,7822,,1,0.6191633939743042
sprint9_multiseed_S8A_R2_seed7_S8A_R2_context_edge_film,S8A_R2_context_edge_film,graph_c_gatv2_context_edge_film_interaction,gatv2_graph_c_sprint8a_context_edge_film,gatv2,graph_c_context_observation,S5F2_energy,val,1085,7822,,1,0.5086156129837036
sprint9_multiseed_S8A_R2_seed7_S8A_R2_context_edge_film,S8A_R2_context_edge_film,graph_c_gatv2_context_edge_film_interaction,gatv2_graph_c_sprint8a_context_edge_film,gatv2,graph_c_context_observation,S5F2_energy,val,1086,7822,,1,0.5726963877677917
sprint9_multiseed_S8A_R2_seed7_S8A_R2_context_edge_film,S8A_R2_context_edge_film,graph_c_gatv2_context_edge_film_interaction,gatv2_graph_c_sprint8a_context_edge_film,gatv2,graph_c_context_observation,S5F2_energy,val,1087,7822,,1,0.5329142212867737
sprint9_multiseed_S8A_R2_seed7_S8A_R2_context_edge_film,S8A_R2_context_edge_film,graph_c_gatv2_context_edge_film_interaction,gatv2_graph_c_sprint8a_context_edge_film,gatv2,graph_c_context_observation,S5F2_energy,val,1088,7822,,1,0.5992093086242676
sprint9_multiseed_S8A_R2_seed7_S8A_R2_context_edge_film,S8A_R2_context_edge_film,graph_c_gatv2_context_edge_film_interaction,gatv2_graph_c_sprint8a_context_edge_film,gatv2,graph_c_context_observation,S5F2_energy,val,1089,7822,,1,0.5027737617492676
sprint9_multiseed_S8A_R2_seed7_S8A_R2_context_edge_film,S8A_R2_context_edge_film,graph_c_gatv2_context_edge_film_interaction,gatv2_graph_c_sprint8a_context_edge_film,gatv2,graph_c_context_observation,S5F2_energy,val,1090,7822,,1,0.46340155601501465
sprint9_multiseed_S8A_R2_seed7_S8A_R2_context_edge_film,S8A_R2_context_edge_film,graph_c_gatv2_context_edge_film_interaction,gatv2_graph_c_sprint8a_context_edge_film,gatv2,graph_c_context_observation,S5F2_energy,val,1091,7822,,1,0.5658247470855713
sprint9_multiseed_S8A_R2_seed7_S8A_R2_context_edge_film,S8A_R2_context_edge_film,graph_c_gatv2_context_edge_film_interaction,gatv2_graph_c_sprint8a_context_edge_film,gatv2,graph_c_context_observation,S5F2_energy,val,1092,7822,,1,0.5613276958465576
sprint9_multiseed_S8A_R2_seed7_S8A_R2_context_edge_film,S8A_R2_context_edge_film,graph_c_gatv2_context_edge_film_interaction,gatv2_graph_c_sprint8a_context_edge_film,gatv2,graph_c_context_observation,S5F2_energy,val,1093,7822,,1,0.5365980863571167
sprint9_multiseed_S8A_R2_seed7_S8A_R2_context_edge_film,S8A_R2_context_edge_film,graph_c_gatv2_context_edge_film_interaction,gatv2_graph_c_sprint8a_context_edge_film,gatv2,graph_c_context_observation,S5F2_energy,val,1094,7822,,1,0.5269356369972229
sprint9_multiseed_S8A_R2_seed7_S8A_R2_context_edge_film,S8A_R2_context_edge_film,graph_c_gatv2_context_edge_film_interaction,gatv2_graph_c_sprint8a_context_edge_film,gatv2,graph_c_context_observation,S5F2_energy,val,1095,7822,,1,0.5095981359481812
sprint9_multiseed_S8A_R2_seed7_S8A_R2_context_edge_film,S8A_R2_context_edge_film,graph_c_gatv2_context_edge_film_interaction,gatv2_graph_c_sprint8a_context_edge_film,gatv2,graph_c_context_observation,S5F2_energy,val,1096,7822,,1,0.5720872282981873
sprint9_multiseed_S8A_R2_seed7_S8A_R2_context_edge_film,S8A_R2_context_edge_film,graph_c_gatv2_context_edge_film_interaction,gatv2_graph_c_sprint8a_context_edge_film,gatv2,graph_c_context_observation,S5F2_energy,val,1097,7822,,1,0.5743151307106018
sprint9_multiseed_S8A_R2_seed7_S8A_R2_context_edge_film,S8A_R2_context_edge_film,graph_c_gatv2_context_edge_film_interaction,gatv2_graph_c_sprint8a_context_edge_film,gatv2,graph_c_context_observation,S5F2_energy,val,1098,7822,,1,0.5392040014266968
sprint9_multiseed_S8A_R2_seed7_S8A_R2_context_edge_film,S8A_R2_context_edge_film,graph_c_gatv2_context_edge_film_interaction,gatv2_graph_c_sprint8a_context_edge_film,gatv2,graph_c_context_observation,S5F2_energy,val,1099,7822,,1,0.5218181014060974
sprint9_multiseed_S8A_R2_seed7_S8A_R2_context_edge_film,S8A_R2_context_edge_film,graph_c_gatv2_context_edge_film_interaction,gatv2_graph_c_sprint8a_context_edge_film,gatv2,graph_c_context_observation,S5F2_energy,val,1100,7822,,1,0.6292911171913147
sprint9_multiseed_S8A_R2_seed7_S8A_R2_context_edge_film,S8A_R2_context_edge_film,graph_c_gatv2_context_edge_film_interaction,gatv2_graph_c_sprint8a_context_edge_film,gatv2,graph_c_context_observation,S5F2_energy,val,1101,7822,,1,0.5301185250282288
sprint9_multiseed_S8A_R2_seed7_S8A_R2_context_edge_film,S8A_R2_context_edge_film,graph_c_gatv2_context_edge_film_interaction,gatv2_graph_c_sprint8a_context_edge_film,gatv2,graph_c_context_observation,S5F2_energy,val,1102,7822,,1,0.5560547709465027
sprint9_multiseed_S8A_R2_seed7_S8A_R2_context_edge_film,S8A_R2_context_edge_film,graph_c_gatv2_context_edge_film_interaction,gatv2_graph_c_sprint8a_context_edge_film,gatv2,graph_c_context_observation,S5F2_energy,val,1103,7822,,1,0.4230210781097412
sprint9_multiseed_S8A_R2_seed7_S8A_R2_context_edge_film,S8A_R2_context_edge_film,graph_c_gatv2_context_edge_film_interaction,gatv2_graph_c_sprint8a_context_edge_film,gatv2,graph_c_context_observation,S5F2_energy,val,1104,7822,,1,0.46816956996917725
sprint9_multiseed_S8A_R2_seed7_S8A_R2_context_edge_film,S8A_R2_context_edge_film,graph_c_gatv2_context_edge_film_interaction,gatv2_graph_c_sprint8a_context_edge_film,gatv2,graph_c_context_observation,S5F2_energy,val,1105,7822,,1,0.5373976826667786
sprint9_multiseed_S8A_R2_seed7_S8A_R2_context_edge_film,S8A_R2_context_edge_film,graph_c_gatv2_context_edge_film_interaction,gatv2_graph_c_sprint8a_context_edge_film,gatv2,graph_c_context_observation,S5F2_energy,val,1106,7822,,1,0.5990143418312073
sprint9_multiseed_S8A_R2_seed7_S8A_R2_context_edge_film,S8A_R2_context_edge_film,graph_c_gatv2_context_edge_film_interaction,gatv2_graph_c_sprint8a_context_edge_film,gatv2,graph_c_context_observation,S5F2_energy,val,1107,7822,,1,0.44681650400161743
sprint9_multiseed_S8A_R2_seed7_S8A_R2_context_edge_film,S8A_R2_context_edge_film,graph_c_gatv2_context_edge_film_interaction,gatv2_graph_c_sprint8a_context_edge_film,gatv2,graph_c_context_observation,S5F2_energy,val,1108,7822,,1,0.6231787800788879
sprint9_multiseed_S8A_R2_seed7_S8A_R2_context_edge_film,S8A_R2_context_edge_film,graph_c_gatv2_context_edge_film_interaction,gatv2_graph_c_sprint8a_context_edge_film,gatv2,graph_c_context_observation,S5F2_energy,val,1109,7822,,1,0.48058030009269714
sprint9_multiseed_S8A_R2_seed7_S8A_R2_context_edge_film,S8A_R2_context_edge_film,graph_c_gatv2_context_edge_film_interaction,gatv2_graph_c_sprint8a_context_edge_film,gatv2,graph_c_context_observation,S5F2_energy,val,1110,7822,,1,0.4595874547958374
sprint9_multiseed_S8A_R2_seed7_S8A_R2_context_edge_film,S8A_R2_context_edge_film,graph_c_gatv2_context_edge_film_interaction,gatv2_graph_c_sprint8a_context_edge_film,gatv2,graph_c_context_observation,S5F2_energy,val,1111,7822,,1,0.5632866621017456
sprint9_multiseed_S8A_R2_seed7_S8A_R2_context_edge_film,S8A_R2_context_edge_film,graph_c_gatv2_context_edge_film_interaction,gatv2_graph_c_sprint8a_context_edge_film,gatv2,graph_c_context_observation,S5F2_energy,val,1112,7822,,1,0.576788604259491
sprint9_multiseed_S8A_R2_seed7_S8A_R2_context_edge_film,S8A_R2_context_edge_film,graph_c_gatv2_context_edge_film_interaction,gatv2_graph_c_sprint8a_context_edge_film,gatv2,graph_c_context_observation,S5F2_energy,val,1113,7822,,1,0.7253590822219849
sprint9_multiseed_S8A_R2_seed7_S8A_R2_context_edge_film,S8A_R2_context_edge_film,graph_c_gatv2_context_edge_film_interaction,gatv2_graph_c_sprint8a_context_edge_film,gatv2,graph_c_context_observation,S5F2_energy,val,1114,7822,,1,0.5359570384025574
sprint9_multiseed_S8A_R2_seed7_S8A_R2_context_edge_film,S8A_R2_context_edge_film,graph_c_gatv2_context_edge_film_interaction,gatv2_graph_c_sprint8a_context_edge_film,gatv2,graph_c_context_observation,S5F2_energy,val,1115,7822,,1,0.5405097603797913
sprint9_multiseed_S8A_R2_seed7_S8A_R2_context_edge_film,S8A_R2_context_edge_film,graph_c_gatv2_context_edge_film_interaction,gatv2_graph_c_sprint8a_context_edge_film,gatv2,graph_c_context_observation,S5F2_energy,val,1116,7822,,1,0.46668657660484314
sprint9_multiseed_S8A_R2_seed7_S8A_R2_context_edge_film,S8A_R2_context_edge_film,graph_c_gatv2_context_edge_film_interaction,gatv2_graph_c_sprint8a_context_edge_film,gatv2,graph_c_context_observation,S5F2_energy,val,1117,7822,,1,0.5552288293838501
sprint9_multiseed_S8A_R2_seed7_S8A_R2_context_edge_film,S8A_R2_context_edge_film,graph_c_gatv2_context_edge_film_interaction,gatv2_graph_c_sprint8a_context_edge_film,gatv2,graph_c_context_observation,S5F2_energy,val,1118,7822,,1,0.4915182888507843
sprint9_multiseed_S8A_R2_seed7_S8A_R2_context_edge_film,S8A_R2_context_edge_film,graph_c_gatv2_context_edge_film_interaction,gatv2_graph_c_sprint8a_context_edge_film,gatv2,graph_c_context_observation,S5F2_energy,val,1119,7822,,1,0.47897225618362427
sprint9_multiseed_S8A_R2_seed7_S8A_R2_context_edge_film,S8A_R2_context_edge_film,graph_c_gatv2_context_edge_film_interaction,gatv2_graph_c_sprint8a_context_edge_film,gatv2,graph_c_context_observation,S5F2_energy,val,1120,7822,,1,0.6464186310768127
sprint9_multiseed_S8A_R2_seed7_S8A_R2_context_edge_film,S8A_R2_context_edge_film,graph_c_gatv2_context_edge_film_interaction,gatv2_graph_c_sprint8a_context_edge_film,gatv2,graph_c_context_observation,S5F2_energy,val,1121,7822,,1,0.4805862605571747
sprint9_multiseed_S8A_R2_seed7_S8A_R2_context_edge_film,S8A_R2_context_edge_film,graph_c_gatv2_context_edge_film_interaction,gatv2_graph_c_sprint8a_context_edge_film,gatv2,graph_c_context_observation,S5F2_energy,val,1122,7822,,1,0.5297406911849976
sprint9_multiseed_S8A_R2_seed7_S8A_R2_context_edge_film,S8A_R2_context_edge_film,graph_c_gatv2_context_edge_film_interaction,gatv2_graph_c_sprint8a_context_edge_film,gatv2,graph_c_context_observation,S5F2_energy,val,1123,7822,,1,0.6090877652168274
sprint9_multiseed_S8A_R2_seed7_S8A_R2_context_edge_film,S8A_R2_context_edge_film,graph_c_gatv2_context_edge_film_interaction,gatv2_graph_c_sprint8a_context_edge_film,gatv2,graph_c_context_observation,S5F2_energy,val,1124,7822,,1,0.5617074966430664
sprint9_multiseed_S8A_R2_seed7_S8A_R2_context_edge_film,S8A_R2_context_edge_film,graph_c_gatv2_context_edge_film_interaction,gatv2_graph_c_sprint8a_context_edge_film,gatv2,graph_c_context_observation,S5F2_energy,val,1125,7822,,1,0.656810462474823
sprint9_multiseed_S8A_R2_seed7_S8A_R2_context_edge_film,S8A_R2_context_edge_film,graph_c_gatv2_context_edge_film_interaction,gatv2_graph_c_sprint8a_context_edge_film,gatv2,graph_c_context_observation,S5F2_energy,val,1126,7822,,1,0.4996163845062256
sprint9_multiseed_S8A_R2_seed7_S8A_R2_context_edge_film,S8A_R2_context_edge_film,graph_c_gatv2_context_edge_film_interaction,gatv2_graph_c_sprint8a_context_edge_film,gatv2,graph_c_context_observation,S5F2_energy,val,1127,7822,,1,0.6376376748085022
sprint9_multiseed_S8A_R2_seed7_S8A_R2_context_edge_film,S8A_R2_context_edge_film,graph_c_gatv2_context_edge_film_interaction,gatv2_graph_c_sprint8a_context_edge_film,gatv2,graph_c_context_observation,S5F2_energy,val,1128,7822,,1,0.5437862277030945
sprint9_multiseed_S8A_R2_seed7_S8A_R2_context_edge_film,S8A_R2_context_edge_film,graph_c_gatv2_context_edge_film_interaction,gatv2_graph_c_sprint8a_context_edge_film,gatv2,graph_c_context_observation,S5F2_energy,val,1129,7822,,1,0.5962713956832886
sprint9_multiseed_S8A_R2_seed7_S8A_R2_context_edge_film,S8A_R2_context_edge_film,graph_c_gatv2_context_edge_film_interaction,gatv2_graph_c_sprint8a_context_edge_film,gatv2,graph_c_context_observation,S5F2_energy,val,1130,7822,,1,0.4799310863018036
sprint9_multiseed_S8A_R2_seed7_S8A_R2_context_edge_film,S8A_R2_context_edge_film,graph_c_gatv2_context_edge_film_interaction,gatv2_graph_c_sprint8a_context_edge_film,gatv2,graph_c_context_observation,S5F2_energy,val,1131,7822,,1,0.5227791666984558
sprint9_multiseed_S8A_R2_seed7_S8A_R2_context_edge_film,S8A_R2_context_edge_film,graph_c_gatv2_context_edge_film_interaction,gatv2_graph_c_sprint8a_context_edge_film,gatv2,graph_c_context_observation,S5F2_energy,val,1132,7822,,1,0.574743926525116
sprint9_multiseed_S8A_R2_seed7_S8A_R2_context_edge_film,S8A_R2_context_edge_film,graph_c_gatv2_context_edge_film_interaction,gatv2_graph_c_sprint8a_context_edge_film,gatv2,graph_c_context_observation,S5F2_energy,val,1133,7822,,1,0.41430631279945374
sprint9_multiseed_S8A_R2_seed7_S8A_R2_context_edge_film,S8A_R2_context_edge_film,graph_c_gatv2_context_edge_film_interaction,gatv2_graph_c_sprint8a_context_edge_film,gatv2,graph_c_context_observation,S5F2_energy,val,1134,7822,,1,0.49243924021720886
sprint9_multiseed_S8A_R2_seed7_S8A_R2_context_edge_film,S8A_R2_context_edge_film,graph_c_gatv2_context_edge_film_interaction,gatv2_graph_c_sprint8a_context_edge_film,gatv2,graph_c_context_observation,S5F2_energy,val,1135,7822,,1,0.48692411184310913
sprint9_multiseed_S8A_R2_seed7_S8A_R2_context_edge_film,S8A_R2_context_edge_film,graph_c_gatv2_context_edge_film_interaction,gatv2_graph_c_sprint8a_context_edge_film,gatv2,graph_c_context_observation,S5F2_energy,val,1136,7822,,1,0.6523391604423523
sprint9_multiseed_S8A_R2_seed7_S8A_R2_context_edge_film,S8A_R2_context_edge_film,graph_c_gatv2_context_edge_film_interaction,gatv2_graph_c_sprint8a_context_edge_film,gatv2,graph_c_context_observation,S5F2_energy,val,1137,7822,,1,0.5838966369628906
sprint9_multiseed_S8A_R2_seed7_S8A_R2_context_edge_film,S8A_R2_context_edge_film,graph_c_gatv2_context_edge_film_interaction,gatv2_graph_c_sprint8a_context_edge_film,gatv2,graph_c_context_observation,S5F2_energy,val,1138,7822,,1,0.5306360125541687
sprint9_multiseed_S8A_R2_seed7_S8A_R2_context_edge_film,S8A_R2_context_edge_film,graph_c_gatv2_context_edge_film_interaction,gatv2_graph_c_sprint8a_context_edge_film,gatv2,graph_c_context_observation,S5F2_energy,val,1139,7822,,1,0.5956066846847534
sprint9_multiseed_S8A_R2_seed7_S8A_R2_context_edge_film,S8A_R2_context_edge_film,graph_c_gatv2_context_edge_film_interaction,gatv2_graph_c_sprint8a_context_edge_film,gatv2,graph_c_context_observation,S5F2_energy,val,1140,7822,,1,0.5542122721672058
sprint9_multiseed_S8A_R2_seed7_S8A_R2_context_edge_film,S8A_R2_context_edge_film,graph_c_gatv2_context_edge_film_interaction,gatv2_graph_c_sprint8a_context_edge_film,gatv2,graph_c_context_observation,S5F2_energy,val,1141,7822,,1,0.6132921576499939
sprint9_multiseed_S8A_R2_seed7_S8A_R2_context_edge_film,S8A_R2_context_edge_film,graph_c_gatv2_context_edge_film_interaction,gatv2_graph_c_sprint8a_context_edge_film,gatv2,graph_c_context_observation,S5F2_energy,val,1142,7822,,1,0.5776234269142151
sprint9_multiseed_S8A_R2_seed7_S8A_R2_context_edge_film,S8A_R2_context_edge_film,graph_c_gatv2_context_edge_film_interaction,gatv2_graph_c_sprint8a_context_edge_film,gatv2,graph_c_context_observation,S5F2_energy,val,1143,7822,,1,0.3985902667045593
sprint9_multiseed_S8A_R2_seed7_S8A_R2_context_edge_film,S8A_R2_context_edge_film,graph_c_gatv2_context_edge_film_interaction,gatv2_graph_c_sprint8a_context_edge_film,gatv2,graph_c_context_observation,S5F2_energy,val,1144,7822,,1,0.6377072930335999
sprint9_multiseed_S8A_R2_seed7_S8A_R2_context_edge_film,S8A_R2_context_edge_film,graph_c_gatv2_context_edge_film_interaction,gatv2_graph_c_sprint8a_context_edge_film,gatv2,graph_c_context_observation,S5F2_energy,val,1145,7822,,1,0.45971566438674927
sprint9_multiseed_S8A_R2_seed7_S8A_R2_context_edge_film,S8A_R2_context_edge_film,graph_c_gatv2_context_edge_film_interaction,gatv2_graph_c_sprint8a_context_edge_film,gatv2,graph_c_context_observation,S5F2_energy,val,1146,7822,,1,0.5629302859306335
sprint9_multiseed_S8A_R2_seed7_S8A_R2_context_edge_film,S8A_R2_context_edge_film,graph_c_gatv2_context_edge_film_interaction,gatv2_graph_c_sprint8a_context_edge_film,gatv2,graph_c_context_observation,S5F2_energy,val,1147,7822,,1,0.5045934915542603
sprint9_multiseed_S8A_R2_seed7_S8A_R2_context_edge_film,S8A_R2_context_edge_film,graph_c_gatv2_context_edge_film_interaction,gatv2_graph_c_sprint8a_context_edge_film,gatv2,graph_c_context_observation,S5F2_energy,val,1148,7822,,1,0.4355403482913971
sprint9_multiseed_S8A_R2_seed7_S8A_R2_context_edge_film,S8A_R2_context_edge_film,graph_c_gatv2_context_edge_film_interaction,gatv2_graph_c_sprint8a_context_edge_film,gatv2,graph_c_context_observation,S5F2_energy,val,1149,7822,,1,0.4655805230140686
sprint9_multiseed_S8A_R2_seed7_S8A_R2_context_edge_film,S8A_R2_context_edge_film,graph_c_gatv2_context_edge_film_interaction,gatv2_graph_c_sprint8a_context_edge_film,gatv2,graph_c_context_observation,S5F2_energy,val,1150,7822,,1,0.43646544218063354
sprint9_multiseed_S8A_R2_seed7_S8A_R2_context_edge_film,S8A_R2_context_edge_film,graph_c_gatv2_context_edge_film_interaction,gatv2_graph_c_sprint8a_context_edge_film,gatv2,graph_c_context_observation,S5F2_energy,val,1151,7822,,1,0.5118028521537781
sprint9_multiseed_S8A_R2_seed7_S8A_R2_context_edge_film,S8A_R2_context_edge_film,graph_c_gatv2_context_edge_film_interaction,gatv2_graph_c_sprint8a_context_edge_film,gatv2,graph_c_context_observation,S5F2_energy,val,1152,7822,,1,0.5997294783592224
sprint9_multiseed_S8A_R2_seed7_S8A_R2_context_edge_film,S8A_R2_context_edge_film,graph_c_gatv2_context_edge_film_interaction,gatv2_graph_c_sprint8a_context_edge_film,gatv2,graph_c_context_observation,S5F2_energy,val,1153,7822,,1,0.48683029413223267
sprint9_multiseed_S8A_R2_seed7_S8A_R2_context_edge_film,S8A_R2_context_edge_film,graph_c_gatv2_context_edge_film_interaction,gatv2_graph_c_sprint8a_context_edge_film,gatv2,graph_c_context_observation,S5F2_energy,val,1154,7822,,1,0.4789363741874695
sprint9_multiseed_S8A_R2_seed7_S8A_R2_context_edge_film,S8A_R2_context_edge_film,graph_c_gatv2_context_edge_film_interaction,gatv2_graph_c_sprint8a_context_edge_film,gatv2,graph_c_context_observation,S5F2_energy,val,1155,7822,,1,0.5192536115646362
sprint9_multiseed_S8A_R2_seed7_S8A_R2_context_edge_film,S8A_R2_context_edge_film,graph_c_gatv2_context_edge_film_interaction,gatv2_graph_c_sprint8a_context_edge_film,gatv2,graph_c_context_observation,S5F2_energy,val,1156,7822,,1,0.5687112212181091
sprint9_multiseed_S8A_R2_seed7_S8A_R2_context_edge_film,S8A_R2_context_edge_film,graph_c_gatv2_context_edge_film_interaction,gatv2_graph_c_sprint8a_context_edge_film,gatv2,graph_c_context_observation,S5F2_energy,val,1157,7822,,1,0.5628306269645691
sprint9_multiseed_S8A_R2_seed7_S8A_R2_context_edge_film,S8A_R2_context_edge_film,graph_c_gatv2_context_edge_film_interaction,gatv2_graph_c_sprint8a_context_edge_film,gatv2,graph_c_context_observation,S5F2_energy,val,1158,7822,,1,0.6551018953323364
sprint9_multiseed_S8A_R2_seed7_S8A_R2_context_edge_film,S8A_R2_context_edge_film,graph_c_gatv2_context_edge_film_interaction,gatv2_graph_c_sprint8a_context_edge_film,gatv2,graph_c_context_observation,S5F2_energy,val,1159,7822,,1,0.5605539083480835
sprint9_multiseed_S8A_R2_seed7_S8A_R2_context_edge_film,S8A_R2_context_edge_film,graph_c_gatv2_context_edge_film_interaction,gatv2_graph_c_sprint8a_context_edge_film,gatv2,graph_c_context_observation,S5F2_energy,val,1160,7822,,1,0.6947956085205078
sprint9_multiseed_S8A_R2_seed7_S8A_R2_context_edge_film,S8A_R2_context_edge_film,graph_c_gatv2_context_edge_film_interaction,gatv2_graph_c_sprint8a_context_edge_film,gatv2,graph_c_context_observation,S5F2_energy,val,1161,7822,,1,0.5349336266517639
sprint9_multiseed_S8A_R2_seed7_S8A_R2_context_edge_film,S8A_R2_context_edge_film,graph_c_gatv2_context_edge_film_interaction,gatv2_graph_c_sprint8a_context_edge_film,gatv2,graph_c_context_observation,S5F2_energy,val,1162,7822,,1,0.5798865556716919
sprint9_multiseed_S8A_R2_seed7_S8A_R2_context_edge_film,S8A_R2_context_edge_film,graph_c_gatv2_context_edge_film_interaction,gatv2_graph_c_sprint8a_context_edge_film,gatv2,graph_c_context_observation,S5F2_energy,val,1163,7822,,1,0.5175746083259583
sprint9_multiseed_S8A_R2_seed7_S8A_R2_context_edge_film,S8A_R2_context_edge_film,graph_c_gatv2_context_edge_film_interaction,gatv2_graph_c_sprint8a_context_edge_film,gatv2,graph_c_context_observation,S5F2_energy,val,1164,7822,,1,0.6676415205001831
sprint9_multiseed_S8A_R2_seed7_S8A_R2_context_edge_film,S8A_R2_context_edge_film,graph_c_gatv2_context_edge_film_interaction,gatv2_graph_c_sprint8a_context_edge_film,gatv2,graph_c_context_observation,S5F2_energy,val,1165,7822,,1,0.4961165189743042
sprint9_multiseed_S8A_R2_seed7_S8A_R2_context_edge_film,S8A_R2_context_edge_film,graph_c_gatv2_context_edge_film_interaction,gatv2_graph_c_sprint8a_context_edge_film,gatv2,graph_c_context_observation,S5F2_energy,val,1166,7822,,1,0.4770861566066742
sprint9_multiseed_S8A_R2_seed7_S8A_R2_context_edge_film,S8A_R2_context_edge_film,graph_c_gatv2_context_edge_film_interaction,gatv2_graph_c_sprint8a_context_edge_film,gatv2,graph_c_context_observation,S5F2_energy,val,1167,7822,,1,0.5412212014198303
sprint9_multiseed_S8A_R2_seed7_S8A_R2_context_edge_film,S8A_R2_context_edge_film,graph_c_gatv2_context_edge_film_interaction,gatv2_graph_c_sprint8a_context_edge_film,gatv2,graph_c_context_observation,S5F2_energy,val,1168,7822,,1,0.5089623928070068
sprint9_multiseed_S8A_R2_seed7_S8A_R2_context_edge_film,S8A_R2_context_edge_film,graph_c_gatv2_context_edge_film_interaction,gatv2_graph_c_sprint8a_context_edge_film,gatv2,graph_c_context_observation,S5F2_energy,val,1169,7822,,1,0.4213505685329437
sprint9_multiseed_S8A_R2_seed7_S8A_R2_context_edge_film,S8A_R2_context_edge_film,graph_c_gatv2_context_edge_film_interaction,gatv2_graph_c_sprint8a_context_edge_film,gatv2,graph_c_context_observation,S5F2_energy,val,1170,7822,,1,0.5329829454421997
sprint9_multiseed_S8A_R2_seed7_S8A_R2_context_edge_film,S8A_R2_context_edge_film,graph_c_gatv2_context_edge_film_interaction,gatv2_graph_c_sprint8a_context_edge_film,gatv2,graph_c_context_observation,S5F2_energy,val,1171,7822,,1,0.5199435353279114
sprint9_multiseed_S8A_R2_seed7_S8A_R2_context_edge_film,S8A_R2_context_edge_film,graph_c_gatv2_context_edge_film_interaction,gatv2_graph_c_sprint8a_context_edge_film,gatv2,graph_c_context_observation,S5F2_energy,val,1172,7822,,1,0.5980753898620605
sprint9_multiseed_S8A_R2_seed7_S8A_R2_context_edge_film,S8A_R2_context_edge_film,graph_c_gatv2_context_edge_film_interaction,gatv2_graph_c_sprint8a_context_edge_film,gatv2,graph_c_context_observation,S5F2_energy,val,1173,7822,,1,0.4713452160358429
sprint9_multiseed_S8A_R2_seed7_S8A_R2_context_edge_film,S8A_R2_context_edge_film,graph_c_gatv2_context_edge_film_interaction,gatv2_graph_c_sprint8a_context_edge_film,gatv2,graph_c_context_observation,S5F2_energy,val,1174,7822,,1,0.5230606198310852
sprint9_multiseed_S8A_R2_seed7_S8A_R2_context_edge_film,S8A_R2_context_edge_film,graph_c_gatv2_context_edge_film_interaction,gatv2_graph_c_sprint8a_context_edge_film,gatv2,graph_c_context_observation,S5F2_energy,val,1175,7822,,1,0.600202739238739
sprint9_multiseed_S8A_R2_seed7_S8A_R2_context_edge_film,S8A_R2_context_edge_film,graph_c_gatv2_context_edge_film_interaction,gatv2_graph_c_sprint8a_context_edge_film,gatv2,graph_c_context_observation,S5F2_energy,val,1176,7822,,1,0.5683388710021973
sprint9_multiseed_S8A_R2_seed7_S8A_R2_context_edge_film,S8A_R2_context_edge_film,graph_c_gatv2_context_edge_film_interaction,gatv2_graph_c_sprint8a_context_edge_film,gatv2,graph_c_context_observation,S5F2_energy,val,1177,7822,,1,0.6037604808807373
sprint9_multiseed_S8A_R2_seed7_S8A_R2_context_edge_film,S8A_R2_context_edge_film,graph_c_gatv2_context_edge_film_interaction,gatv2_graph_c_sprint8a_context_edge_film,gatv2,graph_c_context_observation,S5F2_energy,val,1178,7822,,1,0.4804689884185791
sprint9_multiseed_S8A_R2_seed7_S8A_R2_context_edge_film,S8A_R2_context_edge_film,graph_c_gatv2_context_edge_film_interaction,gatv2_graph_c_sprint8a_context_edge_film,gatv2,graph_c_context_observation,S5F2_energy,val,1179,7822,,1,0.5801520943641663
sprint9_multiseed_S8A_R2_seed7_S8A_R2_context_edge_film,S8A_R2_context_edge_film,graph_c_gatv2_context_edge_film_interaction,gatv2_graph_c_sprint8a_context_edge_film,gatv2,graph_c_context_observation,S5F2_energy,val,1180,7822,,1,0.604174792766571
sprint9_multiseed_S8A_R2_seed7_S8A_R2_context_edge_film,S8A_R2_context_edge_film,graph_c_gatv2_context_edge_film_interaction,gatv2_graph_c_sprint8a_context_edge_film,gatv2,graph_c_context_observation,S5F2_energy,val,1181,7822,,1,0.5330899357795715
sprint9_multiseed_S8A_R2_seed7_S8A_R2_context_edge_film,S8A_R2_context_edge_film,graph_c_gatv2_context_edge_film_interaction,gatv2_graph_c_sprint8a_context_edge_film,gatv2,graph_c_context_observation,S5F2_energy,val,1182,7822,,1,0.5157285332679749
sprint9_multiseed_S8A_R2_seed7_S8A_R2_context_edge_film,S8A_R2_context_edge_film,graph_c_gatv2_context_edge_film_interaction,gatv2_graph_c_sprint8a_context_edge_film,gatv2,graph_c_context_observation,S5F2_energy,val,1183,7822,,1,0.5479061007499695
sprint9_multiseed_S8A_R2_seed7_S8A_R2_context_edge_film,S8A_R2_context_edge_film,graph_c_gatv2_context_edge_film_interaction,gatv2_graph_c_sprint8a_context_edge_film,gatv2,graph_c_context_observation,S5F2_energy,val,1184,7822,,1,0.5002095699310303
sprint9_multiseed_S8A_R2_seed7_S8A_R2_context_edge_film,S8A_R2_context_edge_film,graph_c_gatv2_context_edge_film_interaction,gatv2_graph_c_sprint8a_context_edge_film,gatv2,graph_c_context_observation,S5F2_energy,val,1185,7822,,1,0.6412791013717651
sprint9_multiseed_S8A_R2_seed7_S8A_R2_context_edge_film,S8A_R2_context_edge_film,graph_c_gatv2_context_edge_film_interaction,gatv2_graph_c_sprint8a_context_edge_film,gatv2,graph_c_context_observation,S5F2_energy,val,1186,7822,,1,0.553939938545227
sprint9_multiseed_S8A_R2_seed7_S8A_R2_context_edge_film,S8A_R2_context_edge_film,graph_c_gatv2_context_edge_film_interaction,gatv2_graph_c_sprint8a_context_edge_film,gatv2,graph_c_context_observation,S5F2_energy,val,1187,7822,,1,0.5198796391487122
sprint9_multiseed_S8A_R2_seed7_S8A_R2_context_edge_film,S8A_R2_context_edge_film,graph_c_gatv2_context_edge_film_interaction,gatv2_graph_c_sprint8a_context_edge_film,gatv2,graph_c_context_observation,S5F2_energy,val,1188,7822,,1,0.5175703167915344
sprint9_multiseed_S8A_R2_seed7_S8A_R2_context_edge_film,S8A_R2_context_edge_film,graph_c_gatv2_context_edge_film_interaction,gatv2_graph_c_sprint8a_context_edge_film,gatv2,graph_c_context_observation,S5F2_energy,val,1189,7822,,1,0.48602214455604553
sprint9_multiseed_S8A_R2_seed7_S8A_R2_context_edge_film,S8A_R2_context_edge_film,graph_c_gatv2_context_edge_film_interaction,gatv2_graph_c_sprint8a_context_edge_film,gatv2,graph_c_context_observation,S5F2_energy,val,1190,7822,,1,0.4468349814414978
sprint9_multiseed_S8A_R2_seed7_S8A_R2_context_edge_film,S8A_R2_context_edge_film,graph_c_gatv2_context_edge_film_interaction,gatv2_graph_c_sprint8a_context_edge_film,gatv2,graph_c_context_observation,S5F2_energy,val,1191,7822,,1,0.5498987436294556
sprint9_multiseed_S8A_R2_seed7_S8A_R2_context_edge_film,S8A_R2_context_edge_film,graph_c_gatv2_context_edge_film_interaction,gatv2_graph_c_sprint8a_context_edge_film,gatv2,graph_c_context_observation,S5F2_energy,val,1192,7822,,1,0.6007723808288574
sprint9_multiseed_S8A_R2_seed7_S8A_R2_context_edge_film,S8A_R2_context_edge_film,graph_c_gatv2_context_edge_film_interaction,gatv2_graph_c_sprint8a_context_edge_film,gatv2,graph_c_context_observation,S5F2_energy,val,1193,7822,,1,0.5834920406341553
sprint9_multiseed_S8A_R2_seed7_S8A_R2_context_edge_film,S8A_R2_context_edge_film,graph_c_gatv2_context_edge_film_interaction,gatv2_graph_c_sprint8a_context_edge_film,gatv2,graph_c_context_observation,S5F2_energy,val,1194,7822,,1,0.5709969997406006
sprint9_multiseed_S8A_R2_seed7_S8A_R2_context_edge_film,S8A_R2_context_edge_film,graph_c_gatv2_context_edge_film_interaction,gatv2_graph_c_sprint8a_context_edge_film,gatv2,graph_c_context_observation,S5F2_energy,val,1195,7822,,1,0.4756444990634918
sprint9_multiseed_S8A_R2_seed7_S8A_R2_context_edge_film,S8A_R2_context_edge_film,graph_c_gatv2_context_edge_film_interaction,gatv2_graph_c_sprint8a_context_edge_film,gatv2,graph_c_context_observation,S5F2_energy,val,1196,7822,,1,0.5647597312927246
sprint9_multiseed_S8A_R2_seed7_S8A_R2_context_edge_film,S8A_R2_context_edge_film,graph_c_gatv2_context_edge_film_interaction,gatv2_graph_c_sprint8a_context_edge_film,gatv2,graph_c_context_observation,S5F2_energy,val,1197,7822,,1,0.70158451795578
sprint9_multiseed_S8A_R2_seed7_S8A_R2_context_edge_film,S8A_R2_context_edge_film,graph_c_gatv2_context_edge_film_interaction,gatv2_graph_c_sprint8a_context_edge_film,gatv2,graph_c_context_observation,S5F2_energy,val,1198,7822,,1,0.6191723942756653
sprint9_multiseed_S8A_R2_seed7_S8A_R2_context_edge_film,S8A_R2_context_edge_film,graph_c_gatv2_context_edge_film_interaction,gatv2_graph_c_sprint8a_context_edge_film,gatv2,graph_c_context_observation,S5F2_energy,val,1199,7822,,1,0.6445057392120361
sprint9_multiseed_S8A_R2_seed7_S8A_R2_context_edge_film,S8A_R2_context_edge_film,graph_c_gatv2_context_edge_film_interaction,gatv2_graph_c_sprint8a_context_edge_film,gatv2,graph_c_context_observation,S5F2_energy,val,1200,7822,,1,0.4329879581928253
sprint9_multiseed_S8A_R2_seed7_S8A_R2_context_edge_film,S8A_R2_context_edge_film,graph_c_gatv2_context_edge_film_interaction,gatv2_graph_c_sprint8a_context_edge_film,gatv2,graph_c_context_observation,S5F2_energy,val,1201,7822,,1,0.4658602774143219
sprint9_multiseed_S8A_R2_seed7_S8A_R2_context_edge_film,S8A_R2_context_edge_film,graph_c_gatv2_context_edge_film_interaction,gatv2_graph_c_sprint8a_context_edge_film,gatv2,graph_c_context_observation,S5F2_energy,val,1202,7822,,1,0.5539745092391968
sprint9_multiseed_S8A_R2_seed7_S8A_R2_context_edge_film,S8A_R2_context_edge_film,graph_c_gatv2_context_edge_film_interaction,gatv2_graph_c_sprint8a_context_edge_film,gatv2,graph_c_context_observation,S5F2_energy,val,1203,7822,,1,0.570491373538971
sprint9_multiseed_S8A_R2_seed7_S8A_R2_context_edge_film,S8A_R2_context_edge_film,graph_c_gatv2_context_edge_film_interaction,gatv2_graph_c_sprint8a_context_edge_film,gatv2,graph_c_context_observation,S5F2_energy,val,1204,7822,,1,0.5278071761131287
sprint9_multiseed_S8A_R2_seed7_S8A_R2_context_edge_film,S8A_R2_context_edge_film,graph_c_gatv2_context_edge_film_interaction,gatv2_graph_c_sprint8a_context_edge_film,gatv2,graph_c_context_observation,S5F2_energy,val,1205,7822,,1,0.5683171153068542
sprint9_multiseed_S8A_R2_seed7_S8A_R2_context_edge_film,S8A_R2_context_edge_film,graph_c_gatv2_context_edge_film_interaction,gatv2_graph_c_sprint8a_context_edge_film,gatv2,graph_c_context_observation,S5F2_energy,val,1206,7822,,1,0.49009883403778076
sprint9_multiseed_S8A_R2_seed7_S8A_R2_context_edge_film,S8A_R2_context_edge_film,graph_c_gatv2_context_edge_film_interaction,gatv2_graph_c_sprint8a_context_edge_film,gatv2,graph_c_context_observation,S5F2_energy,val,1207,7822,,1,0.5165916681289673
sprint9_multiseed_S8A_R2_seed7_S8A_R2_context_edge_film,S8A_R2_context_edge_film,graph_c_gatv2_context_edge_film_interaction,gatv2_graph_c_sprint8a_context_edge_film,gatv2,graph_c_context_observation,S5F2_energy,val,1208,7822,,1,0.4563714861869812
sprint9_multiseed_S8A_R2_seed7_S8A_R2_context_edge_film,S8A_R2_context_edge_film,graph_c_gatv2_context_edge_film_interaction,gatv2_graph_c_sprint8a_context_edge_film,gatv2,graph_c_context_observation,S5F2_energy,val,1209,7822,,1,0.4499308168888092
sprint9_multiseed_S8A_R2_seed7_S8A_R2_context_edge_film,S8A_R2_context_edge_film,graph_c_gatv2_context_edge_film_interaction,gatv2_graph_c_sprint8a_context_edge_film,gatv2,graph_c_context_observation,S5F2_energy,val,1210,7822,,1,0.6581859588623047
sprint9_multiseed_S8A_R2_seed7_S8A_R2_context_edge_film,S8A_R2_context_edge_film,graph_c_gatv2_context_edge_film_interaction,gatv2_graph_c_sprint8a_context_edge_film,gatv2,graph_c_context_observation,S5F2_energy,val,1211,7822,,1,0.43832647800445557
sprint9_multiseed_S8A_R2_seed7_S8A_R2_context_edge_film,S8A_R2_context_edge_film,graph_c_gatv2_context_edge_film_interaction,gatv2_graph_c_sprint8a_context_edge_film,gatv2,graph_c_context_observation,S5F2_energy,val,1212,7822,,1,0.5463517904281616
sprint9_multiseed_S8A_R2_seed7_S8A_R2_context_edge_film,S8A_R2_context_edge_film,graph_c_gatv2_context_edge_film_interaction,gatv2_graph_c_sprint8a_context_edge_film,gatv2,graph_c_context_observation,S5F2_energy,val,1213,7822,,1,0.4769013524055481
sprint9_multiseed_S8A_R2_seed7_S8A_R2_context_edge_film,S8A_R2_context_edge_film,graph_c_gatv2_context_edge_film_interaction,gatv2_graph_c_sprint8a_context_edge_film,gatv2,graph_c_context_observation,S5F2_energy,val,1214,7822,,1,0.4757250249385834
sprint9_multiseed_S8A_R2_seed7_S8A_R2_context_edge_film,S8A_R2_context_edge_film,graph_c_gatv2_context_edge_film_interaction,gatv2_graph_c_sprint8a_context_edge_film,gatv2,graph_c_context_observation,S5F2_energy,val,1215,7822,,1,0.4540567696094513
sprint9_multiseed_S8A_R2_seed7_S8A_R2_context_edge_film,S8A_R2_context_edge_film,graph_c_gatv2_context_edge_film_interaction,gatv2_graph_c_sprint8a_context_edge_film,gatv2,graph_c_context_observation,S5F2_energy,val,1216,7822,,1,0.6918468475341797
sprint9_multiseed_S8A_R2_seed7_S8A_R2_context_edge_film,S8A_R2_context_edge_film,graph_c_gatv2_context_edge_film_interaction,gatv2_graph_c_sprint8a_context_edge_film,gatv2,graph_c_context_observation,S5F2_energy,val,1217,7822,,1,0.6204475164413452
sprint9_multiseed_S8A_R2_seed7_S8A_R2_context_edge_film,S8A_R2_context_edge_film,graph_c_gatv2_context_edge_film_interaction,gatv2_graph_c_sprint8a_context_edge_film,gatv2,graph_c_context_observation,S5F2_energy,val,1218,7822,,1,0.5955270528793335
sprint9_multiseed_S8A_R2_seed7_S8A_R2_context_edge_film,S8A_R2_context_edge_film,graph_c_gatv2_context_edge_film_interaction,gatv2_graph_c_sprint8a_context_edge_film,gatv2,graph_c_context_observation,S5F2_energy,val,1219,7822,,1,0.5076746344566345
sprint9_multiseed_S8A_R2_seed7_S8A_R2_context_edge_film,S8A_R2_context_edge_film,graph_c_gatv2_context_edge_film_interaction,gatv2_graph_c_sprint8a_context_edge_film,gatv2,graph_c_context_observation,S5F2_energy,val,1220,7822,,1,0.4746294319629669
sprint9_multiseed_S8A_R2_seed7_S8A_R2_context_edge_film,S8A_R2_context_edge_film,graph_c_gatv2_context_edge_film_interaction,gatv2_graph_c_sprint8a_context_edge_film,gatv2,graph_c_context_observation,S5F2_energy,val,1221,7822,,1,0.6165664792060852
sprint9_multiseed_S8A_R2_seed7_S8A_R2_context_edge_film,S8A_R2_context_edge_film,graph_c_gatv2_context_edge_film_interaction,gatv2_graph_c_sprint8a_context_edge_film,gatv2,graph_c_context_observation,S5F2_energy,val,1222,7822,,1,0.5088632702827454
sprint9_multiseed_S8A_R2_seed7_S8A_R2_context_edge_film,S8A_R2_context_edge_film,graph_c_gatv2_context_edge_film_interaction,gatv2_graph_c_sprint8a_context_edge_film,gatv2,graph_c_context_observation,S5F2_energy,val,1223,7822,,1,0.5454376935958862
sprint9_multiseed_S8A_R2_seed7_S8A_R2_context_edge_film,S8A_R2_context_edge_film,graph_c_gatv2_context_edge_film_interaction,gatv2_graph_c_sprint8a_context_edge_film,gatv2,graph_c_context_observation,S5F2_energy,val,1224,7822,,1,0.4630431830883026
sprint9_multiseed_S8A_R2_seed7_S8A_R2_context_edge_film,S8A_R2_context_edge_film,graph_c_gatv2_context_edge_film_interaction,gatv2_graph_c_sprint8a_context_edge_film,gatv2,graph_c_context_observation,S5F2_energy,val,1225,7822,,1,0.48890793323516846
sprint9_multiseed_S8A_R2_seed7_S8A_R2_context_edge_film,S8A_R2_context_edge_film,graph_c_gatv2_context_edge_film_interaction,gatv2_graph_c_sprint8a_context_edge_film,gatv2,graph_c_context_observation,S5F2_energy,val,1226,7822,,1,0.510640561580658
sprint9_multiseed_S8A_R2_seed7_S8A_R2_context_edge_film,S8A_R2_context_edge_film,graph_c_gatv2_context_edge_film_interaction,gatv2_graph_c_sprint8a_context_edge_film,gatv2,graph_c_context_observation,S5F2_energy,val,1227,7822,,1,0.4889669716358185
sprint9_multiseed_S8A_R2_seed7_S8A_R2_context_edge_film,S8A_R2_context_edge_film,graph_c_gatv2_context_edge_film_interaction,gatv2_graph_c_sprint8a_context_edge_film,gatv2,graph_c_context_observation,S5F2_energy,val,1228,7822,,1,0.5474487543106079
sprint9_multiseed_S8A_R2_seed7_S8A_R2_context_edge_film,S8A_R2_context_edge_film,graph_c_gatv2_context_edge_film_interaction,gatv2_graph_c_sprint8a_context_edge_film,gatv2,graph_c_context_observation,S5F2_energy,val,1229,7822,,1,0.6589939594268799
sprint9_multiseed_S8A_R2_seed7_S8A_R2_context_edge_film,S8A_R2_context_edge_film,graph_c_gatv2_context_edge_film_interaction,gatv2_graph_c_sprint8a_context_edge_film,gatv2,graph_c_context_observation,S5F2_energy,val,1230,7822,,1,0.6123228073120117
sprint9_multiseed_S8A_R2_seed7_S8A_R2_context_edge_film,S8A_R2_context_edge_film,graph_c_gatv2_context_edge_film_interaction,gatv2_graph_c_sprint8a_context_edge_film,gatv2,graph_c_context_observation,S5F2_energy,val,1231,7822,,1,0.5132286548614502
sprint9_multiseed_S8A_R2_seed7_S8A_R2_context_edge_film,S8A_R2_context_edge_film,graph_c_gatv2_context_edge_film_interaction,gatv2_graph_c_sprint8a_context_edge_film,gatv2,graph_c_context_observation,S5F2_energy,val,1232,7822,,1,0.5201457142829895
sprint9_multiseed_S8A_R2_seed7_S8A_R2_context_edge_film,S8A_R2_context_edge_film,graph_c_gatv2_context_edge_film_interaction,gatv2_graph_c_sprint8a_context_edge_film,gatv2,graph_c_context_observation,S5F2_energy,val,1233,7822,,1,0.51131272315979
sprint9_multiseed_S8A_R2_seed7_S8A_R2_context_edge_film,S8A_R2_context_edge_film,graph_c_gatv2_context_edge_film_interaction,gatv2_graph_c_sprint8a_context_edge_film,gatv2,graph_c_context_observation,S5F2_energy,val,1234,7822,,1,0.6283186674118042
sprint9_multiseed_S8A_R2_seed7_S8A_R2_context_edge_film,S8A_R2_context_edge_film,graph_c_gatv2_context_edge_film_interaction,gatv2_graph_c_sprint8a_context_edge_film,gatv2,graph_c_context_observation,S5F2_energy,val,1235,7822,,1,0.5548017621040344
sprint9_multiseed_S8A_R2_seed7_S8A_R2_context_edge_film,S8A_R2_context_edge_film,graph_c_gatv2_context_edge_film_interaction,gatv2_graph_c_sprint8a_context_edge_film,gatv2,graph_c_context_observation,S5F2_energy,val,1236,7822,,1,0.4449470341205597
sprint9_multiseed_S8A_R2_seed7_S8A_R2_context_edge_film,S8A_R2_context_edge_film,graph_c_gatv2_context_edge_film_interaction,gatv2_graph_c_sprint8a_context_edge_film,gatv2,graph_c_context_observation,S5F2_energy,val,1237,7822,,1,0.5288540124893188
sprint9_multiseed_S8A_R2_seed7_S8A_R2_context_edge_film,S8A_R2_context_edge_film,graph_c_gatv2_context_edge_film_interaction,gatv2_graph_c_sprint8a_context_edge_film,gatv2,graph_c_context_observation,S5F2_energy,val,1238,7822,,1,0.7063130736351013
sprint9_multiseed_S8A_R2_seed7_S8A_R2_context_edge_film,S8A_R2_context_edge_film,graph_c_gatv2_context_edge_film_interaction,gatv2_graph_c_sprint8a_context_edge_film,gatv2,graph_c_context_observation,S5F2_energy,val,1239,7822,,1,0.4765504002571106
sprint9_multiseed_S8A_R2_seed7_S8A_R2_context_edge_film,S8A_R2_context_edge_film,graph_c_gatv2_context_edge_film_interaction,gatv2_graph_c_sprint8a_context_edge_film,gatv2,graph_c_context_observation,S5F2_energy,val,1240,7822,,1,0.484622061252594
sprint9_multiseed_S8A_R2_seed7_S8A_R2_context_edge_film,S8A_R2_context_edge_film,graph_c_gatv2_context_edge_film_interaction,gatv2_graph_c_sprint8a_context_edge_film,gatv2,graph_c_context_observation,S5F2_energy,val,1241,7822,,1,0.5197895169258118
sprint9_multiseed_S8A_R2_seed7_S8A_R2_context_edge_film,S8A_R2_context_edge_film,graph_c_gatv2_context_edge_film_interaction,gatv2_graph_c_sprint8a_context_edge_film,gatv2,graph_c_context_observation,S5F2_energy,val,1242,7822,,1,0.4762783646583557
sprint9_multiseed_S8A_R2_seed7_S8A_R2_context_edge_film,S8A_R2_context_edge_film,graph_c_gatv2_context_edge_film_interaction,gatv2_graph_c_sprint8a_context_edge_film,gatv2,graph_c_context_observation,S5F2_energy,val,1243,7822,,1,0.551884651184082
sprint9_multiseed_S8A_R2_seed7_S8A_R2_context_edge_film,S8A_R2_context_edge_film,graph_c_gatv2_context_edge_film_interaction,gatv2_graph_c_sprint8a_context_edge_film,gatv2,graph_c_context_observation,S5F2_energy,val,1244,7822,,1,0.6761997938156128
sprint9_multiseed_S8A_R2_seed7_S8A_R2_context_edge_film,S8A_R2_context_edge_film,graph_c_gatv2_context_edge_film_interaction,gatv2_graph_c_sprint8a_context_edge_film,gatv2,graph_c_context_observation,S5F2_energy,val,1245,7822,,1,0.5746927261352539
sprint9_multiseed_S8A_R2_seed7_S8A_R2_context_edge_film,S8A_R2_context_edge_film,graph_c_gatv2_context_edge_film_interaction,gatv2_graph_c_sprint8a_context_edge_film,gatv2,graph_c_context_observation,S5F2_energy,val,1246,7822,,1,0.5396980047225952
sprint9_multiseed_S8A_R2_seed7_S8A_R2_context_edge_film,S8A_R2_context_edge_film,graph_c_gatv2_context_edge_film_interaction,gatv2_graph_c_sprint8a_context_edge_film,gatv2,graph_c_context_observation,S5F2_energy,val,1247,7822,,1,0.5365521907806396
sprint9_multiseed_S8A_R2_seed7_S8A_R2_context_edge_film,S8A_R2_context_edge_film,graph_c_gatv2_context_edge_film_interaction,gatv2_graph_c_sprint8a_context_edge_film,gatv2,graph_c_context_observation,S5F2_energy,val,1248,7822,,1,0.4997711181640625
sprint9_multiseed_S8A_R2_seed7_S8A_R2_context_edge_film,S8A_R2_context_edge_film,graph_c_gatv2_context_edge_film_interaction,gatv2_graph_c_sprint8a_context_edge_film,gatv2,graph_c_context_observation,S5F2_energy,val,1249,7822,,1,0.6408783793449402
sprint9_multiseed_S8A_R2_seed7_S8A_R2_context_edge_film,S8A_R2_context_edge_film,graph_c_gatv2_context_edge_film_interaction,gatv2_graph_c_sprint8a_context_edge_film,gatv2,graph_c_context_observation,S5F2_energy,val,1250,7822,,1,0.5515234470367432
sprint9_multiseed_S8A_R2_seed7_S8A_R2_context_edge_film,S8A_R2_context_edge_film,graph_c_gatv2_context_edge_film_interaction,gatv2_graph_c_sprint8a_context_edge_film,gatv2,graph_c_context_observation,S5F2_energy,val,1251,7822,,1,0.48522669076919556
sprint9_multiseed_S8A_R2_seed7_S8A_R2_context_edge_film,S8A_R2_context_edge_film,graph_c_gatv2_context_edge_film_interaction,gatv2_graph_c_sprint8a_context_edge_film,gatv2,graph_c_context_observation,S5F2_energy,val,1252,7822,,1,0.5352385640144348
sprint9_multiseed_S8A_R2_seed7_S8A_R2_context_edge_film,S8A_R2_context_edge_film,graph_c_gatv2_context_edge_film_interaction,gatv2_graph_c_sprint8a_context_edge_film,gatv2,graph_c_context_observation,S5F2_energy,val,1253,7822,,1,0.4801830053329468
sprint9_multiseed_S8A_R2_seed7_S8A_R2_context_edge_film,S8A_R2_context_edge_film,graph_c_gatv2_context_edge_film_interaction,gatv2_graph_c_sprint8a_context_edge_film,gatv2,graph_c_context_observation,S5F2_energy,val,1254,7822,,1,0.5078620910644531
sprint9_multiseed_S8A_R2_seed7_S8A_R2_context_edge_film,S8A_R2_context_edge_film,graph_c_gatv2_context_edge_film_interaction,gatv2_graph_c_sprint8a_context_edge_film,gatv2,graph_c_context_observation,S5F2_energy,val,1255,7822,,1,0.5338244438171387
sprint9_multiseed_S8A_R2_seed7_S8A_R2_context_edge_film,S8A_R2_context_edge_film,graph_c_gatv2_context_edge_film_interaction,gatv2_graph_c_sprint8a_context_edge_film,gatv2,graph_c_context_observation,S5F2_energy,val,1256,7822,,1,0.5039618611335754
sprint9_multiseed_S8A_R2_seed7_S8A_R2_context_edge_film,S8A_R2_context_edge_film,graph_c_gatv2_context_edge_film_interaction,gatv2_graph_c_sprint8a_context_edge_film,gatv2,graph_c_context_observation,S5F2_energy,val,1257,7822,,1,0.5550897121429443
sprint9_multiseed_S8A_R2_seed7_S8A_R2_context_edge_film,S8A_R2_context_edge_film,graph_c_gatv2_context_edge_film_interaction,gatv2_graph_c_sprint8a_context_edge_film,gatv2,graph_c_context_observation,S5F2_energy,val,1258,7822,,1,0.5369043350219727
sprint9_multiseed_S8A_R2_seed7_S8A_R2_context_edge_film,S8A_R2_context_edge_film,graph_c_gatv2_context_edge_film_interaction,gatv2_graph_c_sprint8a_context_edge_film,gatv2,graph_c_context_observation,S5F2_energy,val,1259,7822,,1,0.593454897403717
sprint9_multiseed_S8A_R2_seed7_S8A_R2_context_edge_film,S8A_R2_context_edge_film,graph_c_gatv2_context_edge_film_interaction,gatv2_graph_c_sprint8a_context_edge_film,gatv2,graph_c_context_observation,S5F2_energy,val,1260,7822,,1,0.5940347909927368
sprint9_multiseed_S8A_R2_seed7_S8A_R2_context_edge_film,S8A_R2_context_edge_film,graph_c_gatv2_context_edge_film_interaction,gatv2_graph_c_sprint8a_context_edge_film,gatv2,graph_c_context_observation,S5F2_energy,val,1261,7822,,1,0.4915754795074463
sprint9_multiseed_S8A_R2_seed7_S8A_R2_context_edge_film,S8A_R2_context_edge_film,graph_c_gatv2_context_edge_film_interaction,gatv2_graph_c_sprint8a_context_edge_film,gatv2,graph_c_context_observation,S5F2_energy,val,1262,7822,,1,0.5258083939552307
sprint9_multiseed_S8A_R2_seed7_S8A_R2_context_edge_film,S8A_R2_context_edge_film,graph_c_gatv2_context_edge_film_interaction,gatv2_graph_c_sprint8a_context_edge_film,gatv2,graph_c_context_observation,S5F2_energy,val,1263,7822,,1,0.5138762593269348
sprint9_multiseed_S8A_R2_seed7_S8A_R2_context_edge_film,S8A_R2_context_edge_film,graph_c_gatv2_context_edge_film_interaction,gatv2_graph_c_sprint8a_context_edge_film,gatv2,graph_c_context_observation,S5F2_energy,val,1264,7822,,1,0.5954917073249817
sprint9_multiseed_S8A_R2_seed7_S8A_R2_context_edge_film,S8A_R2_context_edge_film,graph_c_gatv2_context_edge_film_interaction,gatv2_graph_c_sprint8a_context_edge_film,gatv2,graph_c_context_observation,S5F2_energy,val,1265,7822,,1,0.45656004548072815
sprint9_multiseed_S8A_R2_seed7_S8A_R2_context_edge_film,S8A_R2_context_edge_film,graph_c_gatv2_context_edge_film_interaction,gatv2_graph_c_sprint8a_context_edge_film,gatv2,graph_c_context_observation,S5F2_energy,val,1266,7822,,1,0.5056403279304504
sprint9_multiseed_S8A_R2_seed7_S8A_R2_context_edge_film,S8A_R2_context_edge_film,graph_c_gatv2_context_edge_film_interaction,gatv2_graph_c_sprint8a_context_edge_film,gatv2,graph_c_context_observation,S5F2_energy,val,1267,7822,,1,0.6521777510643005
sprint9_multiseed_S8A_R2_seed7_S8A_R2_context_edge_film,S8A_R2_context_edge_film,graph_c_gatv2_context_edge_film_interaction,gatv2_graph_c_sprint8a_context_edge_film,gatv2,graph_c_context_observation,S5F2_energy,val,1268,7822,,1,0.6289028525352478
sprint9_multiseed_S8A_R2_seed7_S8A_R2_context_edge_film,S8A_R2_context_edge_film,graph_c_gatv2_context_edge_film_interaction,gatv2_graph_c_sprint8a_context_edge_film,gatv2,graph_c_context_observation,S5F2_energy,val,1269,7822,,1,0.6332168579101562
sprint9_multiseed_S8A_R2_seed7_S8A_R2_context_edge_film,S8A_R2_context_edge_film,graph_c_gatv2_context_edge_film_interaction,gatv2_graph_c_sprint8a_context_edge_film,gatv2,graph_c_context_observation,S5F2_energy,val,1270,7822,,1,0.44720014929771423
sprint9_multiseed_S8A_R2_seed7_S8A_R2_context_edge_film,S8A_R2_context_edge_film,graph_c_gatv2_context_edge_film_interaction,gatv2_graph_c_sprint8a_context_edge_film,gatv2,graph_c_context_observation,S5F2_energy,val,1271,7822,,1,0.5508924126625061
sprint9_multiseed_S8A_R2_seed7_S8A_R2_context_edge_film,S8A_R2_context_edge_film,graph_c_gatv2_context_edge_film_interaction,gatv2_graph_c_sprint8a_context_edge_film,gatv2,graph_c_context_observation,S5F2_energy,val,1272,7822,,1,0.4587703347206116
sprint9_multiseed_S8A_R2_seed7_S8A_R2_context_edge_film,S8A_R2_context_edge_film,graph_c_gatv2_context_edge_film_interaction,gatv2_graph_c_sprint8a_context_edge_film,gatv2,graph_c_context_observation,S5F2_energy,val,1273,7822,,1,0.48751577734947205
sprint9_multiseed_S8A_R2_seed7_S8A_R2_context_edge_film,S8A_R2_context_edge_film,graph_c_gatv2_context_edge_film_interaction,gatv2_graph_c_sprint8a_context_edge_film,gatv2,graph_c_context_observation,S5F2_energy,val,1274,7822,,1,0.48612889647483826
sprint9_multiseed_S8A_R2_seed7_S8A_R2_context_edge_film,S8A_R2_context_edge_film,graph_c_gatv2_context_edge_film_interaction,gatv2_graph_c_sprint8a_context_edge_film,gatv2,graph_c_context_observation,S5F2_energy,val,1275,7822,,1,0.5412132740020752
sprint9_multiseed_S8A_R2_seed7_S8A_R2_context_edge_film,S8A_R2_context_edge_film,graph_c_gatv2_context_edge_film_interaction,gatv2_graph_c_sprint8a_context_edge_film,gatv2,graph_c_context_observation,S5F2_energy,val,1276,7822,,1,0.5302307605743408
sprint9_multiseed_S8A_R2_seed7_S8A_R2_context_edge_film,S8A_R2_context_edge_film,graph_c_gatv2_context_edge_film_interaction,gatv2_graph_c_sprint8a_context_edge_film,gatv2,graph_c_context_observation,S5F2_energy,val,1277,7822,,1,0.5835639238357544
sprint9_multiseed_S8A_R2_seed7_S8A_R2_context_edge_film,S8A_R2_context_edge_film,graph_c_gatv2_context_edge_film_interaction,gatv2_graph_c_sprint8a_context_edge_film,gatv2,graph_c_context_observation,S5F2_energy,val,1278,7822,,1,0.5185061097145081
sprint9_multiseed_S8A_R2_seed7_S8A_R2_context_edge_film,S8A_R2_context_edge_film,graph_c_gatv2_context_edge_film_interaction,gatv2_graph_c_sprint8a_context_edge_film,gatv2,graph_c_context_observation,S5F2_energy,val,1279,7822,,1,0.5134813189506531
sprint9_multiseed_S8A_R2_seed7_S8A_R2_context_edge_film,S8A_R2_context_edge_film,graph_c_gatv2_context_edge_film_interaction,gatv2_graph_c_sprint8a_context_edge_film,gatv2,graph_c_context_observation,S5F2_energy,val,1280,7822,,1,0.5308672785758972
sprint9_multiseed_S8A_R2_seed7_S8A_R2_context_edge_film,S8A_R2_context_edge_film,graph_c_gatv2_context_edge_film_interaction,gatv2_graph_c_sprint8a_context_edge_film,gatv2,graph_c_context_observation,S5F2_energy,val,1281,7822,,1,0.49932214617729187
sprint9_multiseed_S8A_R2_seed7_S8A_R2_context_edge_film,S8A_R2_context_edge_film,graph_c_gatv2_context_edge_film_interaction,gatv2_graph_c_sprint8a_context_edge_film,gatv2,graph_c_context_observation,S5F2_energy,val,1282,7822,,1,0.4567834138870239
sprint9_multiseed_S8A_R2_seed7_S8A_R2_context_edge_film,S8A_R2_context_edge_film,graph_c_gatv2_context_edge_film_interaction,gatv2_graph_c_sprint8a_context_edge_film,gatv2,graph_c_context_observation,S5F2_energy,val,1283,7822,,1,0.5008155703544617
sprint9_multiseed_S8A_R2_seed7_S8A_R2_context_edge_film,S8A_R2_context_edge_film,graph_c_gatv2_context_edge_film_interaction,gatv2_graph_c_sprint8a_context_edge_film,gatv2,graph_c_context_observation,S5F2_energy,val,1284,7822,,1,0.6912102103233337
sprint9_multiseed_S8A_R2_seed7_S8A_R2_context_edge_film,S8A_R2_context_edge_film,graph_c_gatv2_context_edge_film_interaction,gatv2_graph_c_sprint8a_context_edge_film,gatv2,graph_c_context_observation,S5F2_energy,val,1285,7822,,1,0.6103056073188782
sprint9_multiseed_S8A_R2_seed7_S8A_R2_context_edge_film,S8A_R2_context_edge_film,graph_c_gatv2_context_edge_film_interaction,gatv2_graph_c_sprint8a_context_edge_film,gatv2,graph_c_context_observation,S5F2_energy,val,1286,7822,,1,0.5229648947715759
sprint9_multiseed_S8A_R2_seed7_S8A_R2_context_edge_film,S8A_R2_context_edge_film,graph_c_gatv2_context_edge_film_interaction,gatv2_graph_c_sprint8a_context_edge_film,gatv2,graph_c_context_observation,S5F2_energy,val,1287,7822,,1,0.4292675852775574
sprint9_multiseed_S8A_R2_seed7_S8A_R2_context_edge_film,S8A_R2_context_edge_film,graph_c_gatv2_context_edge_film_interaction,gatv2_graph_c_sprint8a_context_edge_film,gatv2,graph_c_context_observation,S5F2_energy,val,1288,7822,,1,0.41848671436309814
sprint9_multiseed_S8A_R2_seed7_S8A_R2_context_edge_film,S8A_R2_context_edge_film,graph_c_gatv2_context_edge_film_interaction,gatv2_graph_c_sprint8a_context_edge_film,gatv2,graph_c_context_observation,S5F2_energy,val,1289,7822,,1,0.5876371264457703
sprint9_multiseed_S8A_R2_seed7_S8A_R2_context_edge_film,S8A_R2_context_edge_film,graph_c_gatv2_context_edge_film_interaction,gatv2_graph_c_sprint8a_context_edge_film,gatv2,graph_c_context_observation,S5F2_energy,val,1290,7822,,1,0.6007046699523926
sprint9_multiseed_S8A_R2_seed7_S8A_R2_context_edge_film,S8A_R2_context_edge_film,graph_c_gatv2_context_edge_film_interaction,gatv2_graph_c_sprint8a_context_edge_film,gatv2,graph_c_context_observation,S5F2_energy,val,1291,7822,,1,0.5023159384727478
sprint9_multiseed_S8A_R2_seed7_S8A_R2_context_edge_film,S8A_R2_context_edge_film,graph_c_gatv2_context_edge_film_interaction,gatv2_graph_c_sprint8a_context_edge_film,gatv2,graph_c_context_observation,S5F2_energy,val,1292,7822,,1,0.49735027551651
sprint9_multiseed_S8A_R2_seed7_S8A_R2_context_edge_film,S8A_R2_context_edge_film,graph_c_gatv2_context_edge_film_interaction,gatv2_graph_c_sprint8a_context_edge_film,gatv2,graph_c_context_observation,S5F2_energy,val,1293,7822,,1,0.4377988278865814
sprint9_multiseed_S8A_R2_seed7_S8A_R2_context_edge_film,S8A_R2_context_edge_film,graph_c_gatv2_context_edge_film_interaction,gatv2_graph_c_sprint8a_context_edge_film,gatv2,graph_c_context_observation,S5F2_energy,val,1294,7822,,1,0.6018509864807129
sprint9_multiseed_S8A_R2_seed7_S8A_R2_context_edge_film,S8A_R2_context_edge_film,graph_c_gatv2_context_edge_film_interaction,gatv2_graph_c_sprint8a_context_edge_film,gatv2,graph_c_context_observation,S5F2_energy,val,1295,7822,,1,0.587210476398468
sprint9_multiseed_S8A_R2_seed7_S8A_R2_context_edge_film,S8A_R2_context_edge_film,graph_c_gatv2_context_edge_film_interaction,gatv2_graph_c_sprint8a_context_edge_film,gatv2,graph_c_context_observation,S5F2_energy,val,1296,7822,,1,0.4991855323314667
sprint9_multiseed_S8A_R2_seed7_S8A_R2_context_edge_film,S8A_R2_context_edge_film,graph_c_gatv2_context_edge_film_interaction,gatv2_graph_c_sprint8a_context_edge_film,gatv2,graph_c_context_observation,S5F2_energy,val,1297,7822,,1,0.5983670353889465
sprint9_multiseed_S8A_R2_seed7_S8A_R2_context_edge_film,S8A_R2_context_edge_film,graph_c_gatv2_context_edge_film_interaction,gatv2_graph_c_sprint8a_context_edge_film,gatv2,graph_c_context_observation,S5F2_energy,val,1298,7822,,1,0.4870406985282898
sprint9_multiseed_S8A_R2_seed7_S8A_R2_context_edge_film,S8A_R2_context_edge_film,graph_c_gatv2_context_edge_film_interaction,gatv2_graph_c_sprint8a_context_edge_film,gatv2,graph_c_context_observation,S5F2_energy,val,1299,7822,,1,0.5839579105377197
sprint9_multiseed_S8A_R2_seed7_S8A_R2_context_edge_film,S8A_R2_context_edge_film,graph_c_gatv2_context_edge_film_interaction,gatv2_graph_c_sprint8a_context_edge_film,gatv2,graph_c_context_observation,S5F2_energy,val,1300,7822,,1,0.6612492203712463
sprint9_multiseed_S8A_R2_seed7_S8A_R2_context_edge_film,S8A_R2_context_edge_film,graph_c_gatv2_context_edge_film_interaction,gatv2_graph_c_sprint8a_context_edge_film,gatv2,graph_c_context_observation,S5F2_energy,val,1301,7822,,1,0.5390557646751404
sprint9_multiseed_S8A_R2_seed7_S8A_R2_context_edge_film,S8A_R2_context_edge_film,graph_c_gatv2_context_edge_film_interaction,gatv2_graph_c_sprint8a_context_edge_film,gatv2,graph_c_context_observation,S5F2_energy,val,1302,7822,,1,0.28561481833457947
sprint9_multiseed_S8A_R2_seed7_S8A_R2_context_edge_film,S8A_R2_context_edge_film,graph_c_gatv2_context_edge_film_interaction,gatv2_graph_c_sprint8a_context_edge_film,gatv2,graph_c_context_observation,S5F2_energy,val,1303,9584,,1,0.4568302631378174
sprint9_multiseed_S8A_R2_seed7_S8A_R2_context_edge_film,S8A_R2_context_edge_film,graph_c_gatv2_context_edge_film_interaction,gatv2_graph_c_sprint8a_context_edge_film,gatv2,graph_c_context_observation,S5F2_energy,val,1304,9584,,1,0.14413601160049438
sprint9_multiseed_S8A_R2_seed7_S8A_R2_context_edge_film,S8A_R2_context_edge_film,graph_c_gatv2_context_edge_film_interaction,gatv2_graph_c_sprint8a_context_edge_film,gatv2,graph_c_context_observation,S5F2_energy,val,1305,9584,,1,0.13797244429588318
sprint9_multiseed_S8A_R2_seed7_S8A_R2_context_edge_film,S8A_R2_context_edge_film,graph_c_gatv2_context_edge_film_interaction,gatv2_graph_c_sprint8a_context_edge_film,gatv2,graph_c_context_observation,S5F2_energy,val,1306,9584,,1,0.30671095848083496
sprint9_multiseed_S8A_R2_seed7_S8A_R2_context_edge_film,S8A_R2_context_edge_film,graph_c_gatv2_context_edge_film_interaction,gatv2_graph_c_sprint8a_context_edge_film,gatv2,graph_c_context_observation,S5F2_energy,val,1307,9584,,1,0.17694124579429626
sprint9_multiseed_S8A_R2_seed7_S8A_R2_context_edge_film,S8A_R2_context_edge_film,graph_c_gatv2_context_edge_film_interaction,gatv2_graph_c_sprint8a_context_edge_film,gatv2,graph_c_context_observation,S5F2_energy,val,1308,9584,,1,0.3264866769313812
sprint9_multiseed_S8A_R2_seed7_S8A_R2_context_edge_film,S8A_R2_context_edge_film,graph_c_gatv2_context_edge_film_interaction,gatv2_graph_c_sprint8a_context_edge_film,gatv2,graph_c_context_observation,S5F2_energy,val,1309,9584,,1,0.1512388437986374
sprint9_multiseed_S8A_R2_seed7_S8A_R2_context_edge_film,S8A_R2_context_edge_film,graph_c_gatv2_context_edge_film_interaction,gatv2_graph_c_sprint8a_context_edge_film,gatv2,graph_c_context_observation,S5F2_energy,val,1310,9584,,1,0.16414421796798706
sprint9_multiseed_S8A_R2_seed7_S8A_R2_context_edge_film,S8A_R2_context_edge_film,graph_c_gatv2_context_edge_film_interaction,gatv2_graph_c_sprint8a_context_edge_film,gatv2,graph_c_context_observation,S5F2_energy,val,1311,9584,,1,0.11966939270496368
sprint9_multiseed_S8A_R2_seed7_S8A_R2_context_edge_film,S8A_R2_context_edge_film,graph_c_gatv2_context_edge_film_interaction,gatv2_graph_c_sprint8a_context_edge_film,gatv2,graph_c_context_observation,S5F2_energy,val,1312,9584,,1,0.32318368554115295
sprint9_multiseed_S8A_R2_seed7_S8A_R2_context_edge_film,S8A_R2_context_edge_film,graph_c_gatv2_context_edge_film_interaction,gatv2_graph_c_sprint8a_context_edge_film,gatv2,graph_c_context_observation,S5F2_energy,val,1313,9584,,1,0.1962982714176178
sprint9_multiseed_S8A_R2_seed7_S8A_R2_context_edge_film,S8A_R2_context_edge_film,graph_c_gatv2_context_edge_film_interaction,gatv2_graph_c_sprint8a_context_edge_film,gatv2,graph_c_context_observation,S5F2_energy,val,1314,9584,,1,0.18903979659080505
sprint9_multiseed_S8A_R2_seed7_S8A_R2_context_edge_film,S8A_R2_context_edge_film,graph_c_gatv2_context_edge_film_interaction,gatv2_graph_c_sprint8a_context_edge_film,gatv2,graph_c_context_observation,S5F2_energy,val,1315,9584,,1,0.17196372151374817
sprint9_multiseed_S8A_R2_seed7_S8A_R2_context_edge_film,S8A_R2_context_edge_film,graph_c_gatv2_context_edge_film_interaction,gatv2_graph_c_sprint8a_context_edge_film,gatv2,graph_c_context_observation,S5F2_energy,val,1316,9584,,1,0.2392275482416153
sprint9_multiseed_S8A_R2_seed7_S8A_R2_context_edge_film,S8A_R2_context_edge_film,graph_c_gatv2_context_edge_film_interaction,gatv2_graph_c_sprint8a_context_edge_film,gatv2,graph_c_context_observation,S5F2_energy,val,1317,9584,,1,0.168076291680336
sprint9_multiseed_S8A_R2_seed7_S8A_R2_context_edge_film,S8A_R2_context_edge_film,graph_c_gatv2_context_edge_film_interaction,gatv2_graph_c_sprint8a_context_edge_film,gatv2,graph_c_context_observation,S5F2_energy,val,1318,9584,,1,0.11840242147445679
sprint9_multiseed_S8A_R2_seed7_S8A_R2_context_edge_film,S8A_R2_context_edge_film,graph_c_gatv2_context_edge_film_interaction,gatv2_graph_c_sprint8a_context_edge_film,gatv2,graph_c_context_observation,S5F2_energy,val,1319,9584,,1,0.1421395093202591
sprint9_multiseed_S8A_R2_seed7_S8A_R2_context_edge_film,S8A_R2_context_edge_film,graph_c_gatv2_context_edge_film_interaction,gatv2_graph_c_sprint8a_context_edge_film,gatv2,graph_c_context_observation,S5F2_energy,val,1320,9584,,1,0.3432828485965729
sprint9_multiseed_S8A_R2_seed7_S8A_R2_context_edge_film,S8A_R2_context_edge_film,graph_c_gatv2_context_edge_film_interaction,gatv2_graph_c_sprint8a_context_edge_film,gatv2,graph_c_context_observation,S5F2_energy,val,1321,9584,,1,0.15027332305908203
sprint9_multiseed_S8A_R2_seed7_S8A_R2_context_edge_film,S8A_R2_context_edge_film,graph_c_gatv2_context_edge_film_interaction,gatv2_graph_c_sprint8a_context_edge_film,gatv2,graph_c_context_observation,S5F2_energy,val,1322,9584,,1,0.11791273206472397
sprint9_multiseed_S8A_R2_seed7_S8A_R2_context_edge_film,S8A_R2_context_edge_film,graph_c_gatv2_context_edge_film_interaction,gatv2_graph_c_sprint8a_context_edge_film,gatv2,graph_c_context_observation,S5F2_energy,val,1323,9584,,1,0.1660672128200531
sprint9_multiseed_S8A_R2_seed7_S8A_R2_context_edge_film,S8A_R2_context_edge_film,graph_c_gatv2_context_edge_film_interaction,gatv2_graph_c_sprint8a_context_edge_film,gatv2,graph_c_context_observation,S5F2_energy,val,1324,9584,,1,0.1619364619255066
sprint9_multiseed_S8A_R2_seed7_S8A_R2_context_edge_film,S8A_R2_context_edge_film,graph_c_gatv2_context_edge_film_interaction,gatv2_graph_c_sprint8a_context_edge_film,gatv2,graph_c_context_observation,S5F2_energy,val,1325,9584,,1,0.2225722372531891
sprint9_multiseed_S8A_R2_seed7_S8A_R2_context_edge_film,S8A_R2_context_edge_film,graph_c_gatv2_context_edge_film_interaction,gatv2_graph_c_sprint8a_context_edge_film,gatv2,graph_c_context_observation,S5F2_energy,val,1326,9584,,1,0.2367001473903656
sprint9_multiseed_S8A_R2_seed7_S8A_R2_context_edge_film,S8A_R2_context_edge_film,graph_c_gatv2_context_edge_film_interaction,gatv2_graph_c_sprint8a_context_edge_film,gatv2,graph_c_context_observation,S5F2_energy,val,1327,9584,,1,0.1556776463985443
sprint9_multiseed_S8A_R2_seed7_S8A_R2_context_edge_film,S8A_R2_context_edge_film,graph_c_gatv2_context_edge_film_interaction,gatv2_graph_c_sprint8a_context_edge_film,gatv2,graph_c_context_observation,S5F2_energy,val,1328,9584,,1,0.19887974858283997
sprint9_multiseed_S8A_R2_seed7_S8A_R2_context_edge_film,S8A_R2_context_edge_film,graph_c_gatv2_context_edge_film_interaction,gatv2_graph_c_sprint8a_context_edge_film,gatv2,graph_c_context_observation,S5F2_energy,val,1329,9584,,1,0.21973663568496704
sprint9_multiseed_S8A_R2_seed7_S8A_R2_context_edge_film,S8A_R2_context_edge_film,graph_c_gatv2_context_edge_film_interaction,gatv2_graph_c_sprint8a_context_edge_film,gatv2,graph_c_context_observation,S5F2_energy,val,1330,9584,,1,0.1596076488494873
sprint9_multiseed_S8A_R2_seed7_S8A_R2_context_edge_film,S8A_R2_context_edge_film,graph_c_gatv2_context_edge_film_interaction,gatv2_graph_c_sprint8a_context_edge_film,gatv2,graph_c_context_observation,S5F2_energy,val,1331,9584,,1,0.13379645347595215
sprint9_multiseed_S8A_R2_seed7_S8A_R2_context_edge_film,S8A_R2_context_edge_film,graph_c_gatv2_context_edge_film_interaction,gatv2_graph_c_sprint8a_context_edge_film,gatv2,graph_c_context_observation,S5F2_energy,val,1332,9584,,1,0.1589628905057907
sprint9_multiseed_S8A_R2_seed7_S8A_R2_context_edge_film,S8A_R2_context_edge_film,graph_c_gatv2_context_edge_film_interaction,gatv2_graph_c_sprint8a_context_edge_film,gatv2,graph_c_context_observation,S5F2_energy,val,1333,9584,,1,0.11561683565378189
sprint9_multiseed_S8A_R2_seed7_S8A_R2_context_edge_film,S8A_R2_context_edge_film,graph_c_gatv2_context_edge_film_interaction,gatv2_graph_c_sprint8a_context_edge_film,gatv2,graph_c_context_observation,S5F2_energy,val,1334,9584,,1,0.14095482230186462
sprint9_multiseed_S8A_R2_seed7_S8A_R2_context_edge_film,S8A_R2_context_edge_film,graph_c_gatv2_context_edge_film_interaction,gatv2_graph_c_sprint8a_context_edge_film,gatv2,graph_c_context_observation,S5F2_energy,val,1335,9584,,1,0.1453504115343094
sprint9_multiseed_S8A_R2_seed7_S8A_R2_context_edge_film,S8A_R2_context_edge_film,graph_c_gatv2_context_edge_film_interaction,gatv2_graph_c_sprint8a_context_edge_film,gatv2,graph_c_context_observation,S5F2_energy,val,1336,9584,,1,0.1353297233581543
sprint9_multiseed_S8A_R2_seed7_S8A_R2_context_edge_film,S8A_R2_context_edge_film,graph_c_gatv2_context_edge_film_interaction,gatv2_graph_c_sprint8a_context_edge_film,gatv2,graph_c_context_observation,S5F2_energy,val,1337,9584,,1,0.22235678136348724
sprint9_multiseed_S8A_R2_seed7_S8A_R2_context_edge_film,S8A_R2_context_edge_film,graph_c_gatv2_context_edge_film_interaction,gatv2_graph_c_sprint8a_context_edge_film,gatv2,graph_c_context_observation,S5F2_energy,val,1338,9584,,1,0.13504593074321747
sprint9_multiseed_S8A_R2_seed7_S8A_R2_context_edge_film,S8A_R2_context_edge_film,graph_c_gatv2_context_edge_film_interaction,gatv2_graph_c_sprint8a_context_edge_film,gatv2,graph_c_context_observation,S5F2_energy,val,1339,9584,,1,0.3424965739250183
sprint9_multiseed_S8A_R2_seed7_S8A_R2_context_edge_film,S8A_R2_context_edge_film,graph_c_gatv2_context_edge_film_interaction,gatv2_graph_c_sprint8a_context_edge_film,gatv2,graph_c_context_observation,S5F2_energy,val,1340,9584,,1,0.1248234361410141
sprint9_multiseed_S8A_R2_seed7_S8A_R2_context_edge_film,S8A_R2_context_edge_film,graph_c_gatv2_context_edge_film_interaction,gatv2_graph_c_sprint8a_context_edge_film,gatv2,graph_c_context_observation,S5F2_energy,val,1341,9584,,1,0.1256987303495407
sprint9_multiseed_S8A_R2_seed7_S8A_R2_context_edge_film,S8A_R2_context_edge_film,graph_c_gatv2_context_edge_film_interaction,gatv2_graph_c_sprint8a_context_edge_film,gatv2,graph_c_context_observation,S5F2_energy,val,1342,9584,,1,0.13201561570167542
sprint9_multiseed_S8A_R2_seed7_S8A_R2_context_edge_film,S8A_R2_context_edge_film,graph_c_gatv2_context_edge_film_interaction,gatv2_graph_c_sprint8a_context_edge_film,gatv2,graph_c_context_observation,S5F2_energy,val,1343,9584,,1,0.17340503633022308
sprint9_multiseed_S8A_R2_seed7_S8A_R2_context_edge_film,S8A_R2_context_edge_film,graph_c_gatv2_context_edge_film_interaction,gatv2_graph_c_sprint8a_context_edge_film,gatv2,graph_c_context_observation,S5F2_energy,val,1344,9584,,1,0.14904870092868805
sprint9_multiseed_S8A_R2_seed7_S8A_R2_context_edge_film,S8A_R2_context_edge_film,graph_c_gatv2_context_edge_film_interaction,gatv2_graph_c_sprint8a_context_edge_film,gatv2,graph_c_context_observation,S5F2_energy,val,1345,9584,,1,0.34495365619659424
sprint9_multiseed_S8A_R2_seed7_S8A_R2_context_edge_film,S8A_R2_context_edge_film,graph_c_gatv2_context_edge_film_interaction,gatv2_graph_c_sprint8a_context_edge_film,gatv2,graph_c_context_observation,S5F2_energy,val,1346,9584,,1,0.17197850346565247
sprint9_multiseed_S8A_R2_seed7_S8A_R2_context_edge_film,S8A_R2_context_edge_film,graph_c_gatv2_context_edge_film_interaction,gatv2_graph_c_sprint8a_context_edge_film,gatv2,graph_c_context_observation,S5F2_energy,val,1347,9584,,1,0.15023992955684662
sprint9_multiseed_S8A_R2_seed7_S8A_R2_context_edge_film,S8A_R2_context_edge_film,graph_c_gatv2_context_edge_film_interaction,gatv2_graph_c_sprint8a_context_edge_film,gatv2,graph_c_context_observation,S5F2_energy,val,1348,9584,,1,0.24178235232830048
sprint9_multiseed_S8A_R2_seed7_S8A_R2_context_edge_film,S8A_R2_context_edge_film,graph_c_gatv2_context_edge_film_interaction,gatv2_graph_c_sprint8a_context_edge_film,gatv2,graph_c_context_observation,S5F2_energy,val,1349,9584,,1,0.2236844003200531
sprint9_multiseed_S8A_R2_seed7_S8A_R2_context_edge_film,S8A_R2_context_edge_film,graph_c_gatv2_context_edge_film_interaction,gatv2_graph_c_sprint8a_context_edge_film,gatv2,graph_c_context_observation,S5F2_energy,val,1350,9584,,1,0.18000514805316925
sprint9_multiseed_S8A_R2_seed7_S8A_R2_context_edge_film,S8A_R2_context_edge_film,graph_c_gatv2_context_edge_film_interaction,gatv2_graph_c_sprint8a_context_edge_film,gatv2,graph_c_context_observation,S5F2_energy,val,1351,9584,,1,0.1351148635149002
sprint9_multiseed_S8A_R2_seed7_S8A_R2_context_edge_film,S8A_R2_context_edge_film,graph_c_gatv2_context_edge_film_interaction,gatv2_graph_c_sprint8a_context_edge_film,gatv2,graph_c_context_observation,S5F2_energy,val,1352,9584,,1,0.16653794050216675
sprint9_multiseed_S8A_R2_seed7_S8A_R2_context_edge_film,S8A_R2_context_edge_film,graph_c_gatv2_context_edge_film_interaction,gatv2_graph_c_sprint8a_context_edge_film,gatv2,graph_c_context_observation,S5F2_energy,val,1353,9584,,1,0.20888067781925201
sprint9_multiseed_S8A_R2_seed7_S8A_R2_context_edge_film,S8A_R2_context_edge_film,graph_c_gatv2_context_edge_film_interaction,gatv2_graph_c_sprint8a_context_edge_film,gatv2,graph_c_context_observation,S5F2_energy,val,1354,9584,,1,0.15159331262111664
sprint9_multiseed_S8A_R2_seed7_S8A_R2_context_edge_film,S8A_R2_context_edge_film,graph_c_gatv2_context_edge_film_interaction,gatv2_graph_c_sprint8a_context_edge_film,gatv2,graph_c_context_observation,S5F2_energy,val,1355,9584,,1,0.18305112421512604
sprint9_multiseed_S8A_R2_seed7_S8A_R2_context_edge_film,S8A_R2_context_edge_film,graph_c_gatv2_context_edge_film_interaction,gatv2_graph_c_sprint8a_context_edge_film,gatv2,graph_c_context_observation,S5F2_energy,val,1356,9584,,1,0.16082797944545746
sprint9_multiseed_S8A_R2_seed7_S8A_R2_context_edge_film,S8A_R2_context_edge_film,graph_c_gatv2_context_edge_film_interaction,gatv2_graph_c_sprint8a_context_edge_film,gatv2,graph_c_context_observation,S5F2_energy,val,1357,9584,,1,0.10966121405363083
sprint9_multiseed_S8A_R2_seed7_S8A_R2_context_edge_film,S8A_R2_context_edge_film,graph_c_gatv2_context_edge_film_interaction,gatv2_graph_c_sprint8a_context_edge_film,gatv2,graph_c_context_observation,S5F2_energy,val,1358,9584,,1,0.23509804904460907
sprint9_multiseed_S8A_R2_seed7_S8A_R2_context_edge_film,S8A_R2_context_edge_film,graph_c_gatv2_context_edge_film_interaction,gatv2_graph_c_sprint8a_context_edge_film,gatv2,graph_c_context_observation,S5F2_energy,val,1359,9584,,1,0.32522860169410706
sprint9_multiseed_S8A_R2_seed7_S8A_R2_context_edge_film,S8A_R2_context_edge_film,graph_c_gatv2_context_edge_film_interaction,gatv2_graph_c_sprint8a_context_edge_film,gatv2,graph_c_context_observation,S5F2_energy,val,1360,9584,,1,0.20704908668994904
sprint9_multiseed_S8A_R2_seed7_S8A_R2_context_edge_film,S8A_R2_context_edge_film,graph_c_gatv2_context_edge_film_interaction,gatv2_graph_c_sprint8a_context_edge_film,gatv2,graph_c_context_observation,S5F2_energy,val,1361,9584,,1,0.14806191623210907
sprint9_multiseed_S8A_R2_seed7_S8A_R2_context_edge_film,S8A_R2_context_edge_film,graph_c_gatv2_context_edge_film_interaction,gatv2_graph_c_sprint8a_context_edge_film,gatv2,graph_c_context_observation,S5F2_energy,val,1362,9584,,1,0.1798218935728073
sprint9_multiseed_S8A_R2_seed7_S8A_R2_context_edge_film,S8A_R2_context_edge_film,graph_c_gatv2_context_edge_film_interaction,gatv2_graph_c_sprint8a_context_edge_film,gatv2,graph_c_context_observation,S5F2_energy,val,1363,9584,,1,0.2822495996952057
sprint9_multiseed_S8A_R2_seed7_S8A_R2_context_edge_film,S8A_R2_context_edge_film,graph_c_gatv2_context_edge_film_interaction,gatv2_graph_c_sprint8a_context_edge_film,gatv2,graph_c_context_observation,S5F2_energy,val,1364,9584,,1,0.15011844038963318
sprint9_multiseed_S8A_R2_seed7_S8A_R2_context_edge_film,S8A_R2_context_edge_film,graph_c_gatv2_context_edge_film_interaction,gatv2_graph_c_sprint8a_context_edge_film,gatv2,graph_c_context_observation,S5F2_energy,val,1365,9584,,1,0.16022387146949768
sprint9_multiseed_S8A_R2_seed7_S8A_R2_context_edge_film,S8A_R2_context_edge_film,graph_c_gatv2_context_edge_film_interaction,gatv2_graph_c_sprint8a_context_edge_film,gatv2,graph_c_context_observation,S5F2_energy,val,1366,9584,,1,0.11349295824766159
sprint9_multiseed_S8A_R2_seed7_S8A_R2_context_edge_film,S8A_R2_context_edge_film,graph_c_gatv2_context_edge_film_interaction,gatv2_graph_c_sprint8a_context_edge_film,gatv2,graph_c_context_observation,S5F2_energy,val,1367,9584,,1,0.19677987694740295
sprint9_multiseed_S8A_R2_seed7_S8A_R2_context_edge_film,S8A_R2_context_edge_film,graph_c_gatv2_context_edge_film_interaction,gatv2_graph_c_sprint8a_context_edge_film,gatv2,graph_c_context_observation,S5F2_energy,val,1368,9584,,1,0.21708980202674866
sprint9_multiseed_S8A_R2_seed7_S8A_R2_context_edge_film,S8A_R2_context_edge_film,graph_c_gatv2_context_edge_film_interaction,gatv2_graph_c_sprint8a_context_edge_film,gatv2,graph_c_context_observation,S5F2_energy,val,1369,9584,,1,0.15646246075630188
sprint9_multiseed_S8A_R2_seed7_S8A_R2_context_edge_film,S8A_R2_context_edge_film,graph_c_gatv2_context_edge_film_interaction,gatv2_graph_c_sprint8a_context_edge_film,gatv2,graph_c_context_observation,S5F2_energy,val,1370,9584,,1,0.17979346215724945
sprint9_multiseed_S8A_R2_seed7_S8A_R2_context_edge_film,S8A_R2_context_edge_film,graph_c_gatv2_context_edge_film_interaction,gatv2_graph_c_sprint8a_context_edge_film,gatv2,graph_c_context_observation,S5F2_energy,val,1371,9584,,1,0.1943100243806839
sprint9_multiseed_S8A_R2_seed7_S8A_R2_context_edge_film,S8A_R2_context_edge_film,graph_c_gatv2_context_edge_film_interaction,gatv2_graph_c_sprint8a_context_edge_film,gatv2,graph_c_context_observation,S5F2_energy,val,1372,9584,,1,0.18448343873023987
sprint9_multiseed_S8A_R2_seed7_S8A_R2_context_edge_film,S8A_R2_context_edge_film,graph_c_gatv2_context_edge_film_interaction,gatv2_graph_c_sprint8a_context_edge_film,gatv2,graph_c_context_observation,S5F2_energy,val,1373,9584,,1,0.3116396963596344
sprint9_multiseed_S8A_R2_seed7_S8A_R2_context_edge_film,S8A_R2_context_edge_film,graph_c_gatv2_context_edge_film_interaction,gatv2_graph_c_sprint8a_context_edge_film,gatv2,graph_c_context_observation,S5F2_energy,val,1374,9584,,1,0.14775940775871277
sprint9_multiseed_S8A_R2_seed7_S8A_R2_context_edge_film,S8A_R2_context_edge_film,graph_c_gatv2_context_edge_film_interaction,gatv2_graph_c_sprint8a_context_edge_film,gatv2,graph_c_context_observation,S5F2_energy,val,1375,9584,,1,0.19332970678806305
sprint9_multiseed_S8A_R2_seed7_S8A_R2_context_edge_film,S8A_R2_context_edge_film,graph_c_gatv2_context_edge_film_interaction,gatv2_graph_c_sprint8a_context_edge_film,gatv2,graph_c_context_observation,S5F2_energy,val,1376,9584,,1,0.13913583755493164
sprint9_multiseed_S8A_R2_seed7_S8A_R2_context_edge_film,S8A_R2_context_edge_film,graph_c_gatv2_context_edge_film_interaction,gatv2_graph_c_sprint8a_context_edge_film,gatv2,graph_c_context_observation,S5F2_energy,val,1377,9584,,1,0.19983920454978943
sprint9_multiseed_S8A_R2_seed7_S8A_R2_context_edge_film,S8A_R2_context_edge_film,graph_c_gatv2_context_edge_film_interaction,gatv2_graph_c_sprint8a_context_edge_film,gatv2,graph_c_context_observation,S5F2_energy,val,1378,9584,,1,0.1632067710161209
sprint9_multiseed_S8A_R2_seed7_S8A_R2_context_edge_film,S8A_R2_context_edge_film,graph_c_gatv2_context_edge_film_interaction,gatv2_graph_c_sprint8a_context_edge_film,gatv2,graph_c_context_observation,S5F2_energy,val,1379,9584,,1,0.13923807442188263
sprint9_multiseed_S8A_R2_seed7_S8A_R2_context_edge_film,S8A_R2_context_edge_film,graph_c_gatv2_context_edge_film_interaction,gatv2_graph_c_sprint8a_context_edge_film,gatv2,graph_c_context_observation,S5F2_energy,val,1380,9584,,1,0.30069440603256226
sprint9_multiseed_S8A_R2_seed7_S8A_R2_context_edge_film,S8A_R2_context_edge_film,graph_c_gatv2_context_edge_film_interaction,gatv2_graph_c_sprint8a_context_edge_film,gatv2,graph_c_context_observation,S5F2_energy,val,1381,9584,,1,0.1889665573835373
sprint9_multiseed_S8A_R2_seed7_S8A_R2_context_edge_film,S8A_R2_context_edge_film,graph_c_gatv2_context_edge_film_interaction,gatv2_graph_c_sprint8a_context_edge_film,gatv2,graph_c_context_observation,S5F2_energy,val,1382,9584,,1,0.12403453141450882
sprint9_multiseed_S8A_R2_seed7_S8A_R2_context_edge_film,S8A_R2_context_edge_film,graph_c_gatv2_context_edge_film_interaction,gatv2_graph_c_sprint8a_context_edge_film,gatv2,graph_c_context_observation,S5F2_energy,val,1383,9584,,1,0.11729571968317032
sprint9_multiseed_S8A_R2_seed7_S8A_R2_context_edge_film,S8A_R2_context_edge_film,graph_c_gatv2_context_edge_film_interaction,gatv2_graph_c_sprint8a_context_edge_film,gatv2,graph_c_context_observation,S5F2_energy,val,1384,9584,,1,0.17361000180244446
sprint9_multiseed_S8A_R2_seed7_S8A_R2_context_edge_film,S8A_R2_context_edge_film,graph_c_gatv2_context_edge_film_interaction,gatv2_graph_c_sprint8a_context_edge_film,gatv2,graph_c_context_observation,S5F2_energy,val,1385,9584,,1,0.17551155388355255
sprint9_multiseed_S8A_R2_seed7_S8A_R2_context_edge_film,S8A_R2_context_edge_film,graph_c_gatv2_context_edge_film_interaction,gatv2_graph_c_sprint8a_context_edge_film,gatv2,graph_c_context_observation,S5F2_energy,val,1386,9584,,1,0.14294731616973877
sprint9_multiseed_S8A_R2_seed7_S8A_R2_context_edge_film,S8A_R2_context_edge_film,graph_c_gatv2_context_edge_film_interaction,gatv2_graph_c_sprint8a_context_edge_film,gatv2,graph_c_context_observation,S5F2_energy,val,1387,9584,,1,0.2482323795557022
sprint9_multiseed_S8A_R2_seed7_S8A_R2_context_edge_film,S8A_R2_context_edge_film,graph_c_gatv2_context_edge_film_interaction,gatv2_graph_c_sprint8a_context_edge_film,gatv2,graph_c_context_observation,S5F2_energy,val,1388,9584,,1,0.2565881609916687
sprint9_multiseed_S8A_R2_seed7_S8A_R2_context_edge_film,S8A_R2_context_edge_film,graph_c_gatv2_context_edge_film_interaction,gatv2_graph_c_sprint8a_context_edge_film,gatv2,graph_c_context_observation,S5F2_energy,val,1389,9584,,1,0.19066676497459412
sprint9_multiseed_S8A_R2_seed7_S8A_R2_context_edge_film,S8A_R2_context_edge_film,graph_c_gatv2_context_edge_film_interaction,gatv2_graph_c_sprint8a_context_edge_film,gatv2,graph_c_context_observation,S5F2_energy,val,1390,9584,,1,0.1330556720495224
sprint9_multiseed_S8A_R2_seed7_S8A_R2_context_edge_film,S8A_R2_context_edge_film,graph_c_gatv2_context_edge_film_interaction,gatv2_graph_c_sprint8a_context_edge_film,gatv2,graph_c_context_observation,S5F2_energy,val,1391,9584,,1,0.18679441511631012
sprint9_multiseed_S8A_R2_seed7_S8A_R2_context_edge_film,S8A_R2_context_edge_film,graph_c_gatv2_context_edge_film_interaction,gatv2_graph_c_sprint8a_context_edge_film,gatv2,graph_c_context_observation,S5F2_energy,val,1392,9584,,1,0.2098662555217743
sprint9_multiseed_S8A_R2_seed7_S8A_R2_context_edge_film,S8A_R2_context_edge_film,graph_c_gatv2_context_edge_film_interaction,gatv2_graph_c_sprint8a_context_edge_film,gatv2,graph_c_context_observation,S5F2_energy,val,1393,9584,,1,0.1660582274198532
sprint9_multiseed_S8A_R2_seed7_S8A_R2_context_edge_film,S8A_R2_context_edge_film,graph_c_gatv2_context_edge_film_interaction,gatv2_graph_c_sprint8a_context_edge_film,gatv2,graph_c_context_observation,S5F2_energy,val,1394,9584,,1,0.16548405587673187
sprint9_multiseed_S8A_R2_seed7_S8A_R2_context_edge_film,S8A_R2_context_edge_film,graph_c_gatv2_context_edge_film_interaction,gatv2_graph_c_sprint8a_context_edge_film,gatv2,graph_c_context_observation,S5F2_energy,val,1395,9584,,1,0.19961129128932953
sprint9_multiseed_S8A_R2_seed7_S8A_R2_context_edge_film,S8A_R2_context_edge_film,graph_c_gatv2_context_edge_film_interaction,gatv2_graph_c_sprint8a_context_edge_film,gatv2,graph_c_context_observation,S5F2_energy,val,1396,9584,,1,0.39614057540893555
sprint9_multiseed_S8A_R2_seed7_S8A_R2_context_edge_film,S8A_R2_context_edge_film,graph_c_gatv2_context_edge_film_interaction,gatv2_graph_c_sprint8a_context_edge_film,gatv2,graph_c_context_observation,S5F2_energy,val,1397,9584,,1,0.14768554270267487
sprint9_multiseed_S8A_R2_seed7_S8A_R2_context_edge_film,S8A_R2_context_edge_film,graph_c_gatv2_context_edge_film_interaction,gatv2_graph_c_sprint8a_context_edge_film,gatv2,graph_c_context_observation,S5F2_energy,val,1398,9584,,1,0.14895415306091309
sprint9_multiseed_S8A_R2_seed7_S8A_R2_context_edge_film,S8A_R2_context_edge_film,graph_c_gatv2_context_edge_film_interaction,gatv2_graph_c_sprint8a_context_edge_film,gatv2,graph_c_context_observation,S5F2_energy,val,1399,9584,,1,0.1974748969078064
sprint9_multiseed_S8A_R2_seed7_S8A_R2_context_edge_film,S8A_R2_context_edge_film,graph_c_gatv2_context_edge_film_interaction,gatv2_graph_c_sprint8a_context_edge_film,gatv2,graph_c_context_observation,S5F2_energy,val,1400,9584,,0,0.12510862946510315
sprint9_multiseed_S8A_R2_seed7_S8A_R2_context_edge_film,S8A_R2_context_edge_film,graph_c_gatv2_context_edge_film_interaction,gatv2_graph_c_sprint8a_context_edge_film,gatv2,graph_c_context_observation,S5F2_energy,val,1401,9584,,0,0.21416997909545898
sprint9_multiseed_S8A_R2_seed7_S8A_R2_context_edge_film,S8A_R2_context_edge_film,graph_c_gatv2_context_edge_film_interaction,gatv2_graph_c_sprint8a_context_edge_film,gatv2,graph_c_context_observation,S5F2_energy,val,1402,9584,,0,0.1421995759010315
sprint9_multiseed_S8A_R2_seed7_S8A_R2_context_edge_film,S8A_R2_context_edge_film,graph_c_gatv2_context_edge_film_interaction,gatv2_graph_c_sprint8a_context_edge_film,gatv2,graph_c_context_observation,S5F2_energy,val,1403,9584,,0,0.2419479340314865
sprint9_multiseed_S8A_R2_seed7_S8A_R2_context_edge_film,S8A_R2_context_edge_film,graph_c_gatv2_context_edge_film_interaction,gatv2_graph_c_sprint8a_context_edge_film,gatv2,graph_c_context_observation,S5F2_energy,val,1404,9584,,0,0.14656490087509155
sprint9_multiseed_S8A_R2_seed7_S8A_R2_context_edge_film,S8A_R2_context_edge_film,graph_c_gatv2_context_edge_film_interaction,gatv2_graph_c_sprint8a_context_edge_film,gatv2,graph_c_context_observation,S5F2_energy,val,1405,9584,,0,0.13910113275051117
sprint9_multiseed_S8A_R2_seed7_S8A_R2_context_edge_film,S8A_R2_context_edge_film,graph_c_gatv2_context_edge_film_interaction,gatv2_graph_c_sprint8a_context_edge_film,gatv2,graph_c_context_observation,S5F2_energy,val,1406,9584,,0,0.19770507514476776
sprint9_multiseed_S8A_R2_seed7_S8A_R2_context_edge_film,S8A_R2_context_edge_film,graph_c_gatv2_context_edge_film_interaction,gatv2_graph_c_sprint8a_context_edge_film,gatv2,graph_c_context_observation,S5F2_energy,val,1407,9584,,0,0.22454510629177094
sprint9_multiseed_S8A_R2_seed7_S8A_R2_context_edge_film,S8A_R2_context_edge_film,graph_c_gatv2_context_edge_film_interaction,gatv2_graph_c_sprint8a_context_edge_film,gatv2,graph_c_context_observation,S5F2_energy,val,1408,9584,,0,0.22926023602485657
sprint9_multiseed_S8A_R2_seed7_S8A_R2_context_edge_film,S8A_R2_context_edge_film,graph_c_gatv2_context_edge_film_interaction,gatv2_graph_c_sprint8a_context_edge_film,gatv2,graph_c_context_observation,S5F2_energy,val,1409,9584,,0,0.1628355085849762
sprint9_multiseed_S8A_R2_seed7_S8A_R2_context_edge_film,S8A_R2_context_edge_film,graph_c_gatv2_context_edge_film_interaction,gatv2_graph_c_sprint8a_context_edge_film,gatv2,graph_c_context_observation,S5F2_energy,val,1410,9584,,0,0.14795389771461487
sprint9_multiseed_S8A_R2_seed7_S8A_R2_context_edge_film,S8A_R2_context_edge_film,graph_c_gatv2_context_edge_film_interaction,gatv2_graph_c_sprint8a_context_edge_film,gatv2,graph_c_context_observation,S5F2_energy,val,1411,9584,,0,0.18059131503105164
sprint9_multiseed_S8A_R2_seed7_S8A_R2_context_edge_film,S8A_R2_context_edge_film,graph_c_gatv2_context_edge_film_interaction,gatv2_graph_c_sprint8a_context_edge_film,gatv2,graph_c_context_observation,S5F2_energy,val,1412,9584,,0,0.24109099805355072
sprint9_multiseed_S8A_R2_seed7_S8A_R2_context_edge_film,S8A_R2_context_edge_film,graph_c_gatv2_context_edge_film_interaction,gatv2_graph_c_sprint8a_context_edge_film,gatv2,graph_c_context_observation,S5F2_energy,val,1413,9584,,0,0.13215942680835724
sprint9_multiseed_S8A_R2_seed7_S8A_R2_context_edge_film,S8A_R2_context_edge_film,graph_c_gatv2_context_edge_film_interaction,gatv2_graph_c_sprint8a_context_edge_film,gatv2,graph_c_context_observation,S5F2_energy,val,1414,9584,,0,0.27874046564102173
sprint9_multiseed_S8A_R2_seed7_S8A_R2_context_edge_film,S8A_R2_context_edge_film,graph_c_gatv2_context_edge_film_interaction,gatv2_graph_c_sprint8a_context_edge_film,gatv2,graph_c_context_observation,S5F2_energy,val,1415,9584,,0,0.16139236092567444
sprint9_multiseed_S8A_R2_seed7_S8A_R2_context_edge_film,S8A_R2_context_edge_film,graph_c_gatv2_context_edge_film_interaction,gatv2_graph_c_sprint8a_context_edge_film,gatv2,graph_c_context_observation,S5F2_energy,val,1416,9584,,0,0.1713210642337799
sprint9_multiseed_S8A_R2_seed7_S8A_R2_context_edge_film,S8A_R2_context_edge_film,graph_c_gatv2_context_edge_film_interaction,gatv2_graph_c_sprint8a_context_edge_film,gatv2,graph_c_context_observation,S5F2_energy,val,1417,9584,,0,0.1612657606601715
sprint9_multiseed_S8A_R2_seed7_S8A_R2_context_edge_film,S8A_R2_context_edge_film,graph_c_gatv2_context_edge_film_interaction,gatv2_graph_c_sprint8a_context_edge_film,gatv2,graph_c_context_observation,S5F2_energy,val,1418,9584,,0,0.2035100907087326
sprint9_multiseed_S8A_R2_seed7_S8A_R2_context_edge_film,S8A_R2_context_edge_film,graph_c_gatv2_context_edge_film_interaction,gatv2_graph_c_sprint8a_context_edge_film,gatv2,graph_c_context_observation,S5F2_energy,val,1419,9584,,0,0.13209311664104462
sprint9_multiseed_S8A_R2_seed7_S8A_R2_context_edge_film,S8A_R2_context_edge_film,graph_c_gatv2_context_edge_film_interaction,gatv2_graph_c_sprint8a_context_edge_film,gatv2,graph_c_context_observation,S5F2_energy,val,1420,9584,,0,0.16213060915470123
sprint9_multiseed_S8A_R2_seed7_S8A_R2_context_edge_film,S8A_R2_context_edge_film,graph_c_gatv2_context_edge_film_interaction,gatv2_graph_c_sprint8a_context_edge_film,gatv2,graph_c_context_observation,S5F2_energy,val,1421,9584,,0,0.3212105333805084
sprint9_multiseed_S8A_R2_seed7_S8A_R2_context_edge_film,S8A_R2_context_edge_film,graph_c_gatv2_context_edge_film_interaction,gatv2_graph_c_sprint8a_context_edge_film,gatv2,graph_c_context_observation,S5F2_energy,val,1422,9584,,0,0.14375536143779755
sprint9_multiseed_S8A_R2_seed7_S8A_R2_context_edge_film,S8A_R2_context_edge_film,graph_c_gatv2_context_edge_film_interaction,gatv2_graph_c_sprint8a_context_edge_film,gatv2,graph_c_context_observation,S5F2_energy,val,1423,9584,,0,0.12794624269008636
sprint9_multiseed_S8A_R2_seed7_S8A_R2_context_edge_film,S8A_R2_context_edge_film,graph_c_gatv2_context_edge_film_interaction,gatv2_graph_c_sprint8a_context_edge_film,gatv2,graph_c_context_observation,S5F2_energy,val,1424,9584,,0,0.171996608376503
sprint9_multiseed_S8A_R2_seed7_S8A_R2_context_edge_film,S8A_R2_context_edge_film,graph_c_gatv2_context_edge_film_interaction,gatv2_graph_c_sprint8a_context_edge_film,gatv2,graph_c_context_observation,S5F2_energy,val,1425,9584,,0,0.28228557109832764
sprint9_multiseed_S8A_R2_seed7_S8A_R2_context_edge_film,S8A_R2_context_edge_film,graph_c_gatv2_context_edge_film_interaction,gatv2_graph_c_sprint8a_context_edge_film,gatv2,graph_c_context_observation,S5F2_energy,val,1426,9584,,0,0.1338382512331009
sprint9_multiseed_S8A_R2_seed7_S8A_R2_context_edge_film,S8A_R2_context_edge_film,graph_c_gatv2_context_edge_film_interaction,gatv2_graph_c_sprint8a_context_edge_film,gatv2,graph_c_context_observation,S5F2_energy,val,1427,9584,,0,0.16986054182052612
sprint9_multiseed_S8A_R2_seed7_S8A_R2_context_edge_film,S8A_R2_context_edge_film,graph_c_gatv2_context_edge_film_interaction,gatv2_graph_c_sprint8a_context_edge_film,gatv2,graph_c_context_observation,S5F2_energy,val,1428,9584,,0,0.1304454654455185
sprint9_multiseed_S8A_R2_seed7_S8A_R2_context_edge_film,S8A_R2_context_edge_film,graph_c_gatv2_context_edge_film_interaction,gatv2_graph_c_sprint8a_context_edge_film,gatv2,graph_c_context_observation,S5F2_energy,val,1429,9584,,0,0.30656880140304565
sprint9_multiseed_S8A_R2_seed7_S8A_R2_context_edge_film,S8A_R2_context_edge_film,graph_c_gatv2_context_edge_film_interaction,gatv2_graph_c_sprint8a_context_edge_film,gatv2,graph_c_context_observation,S5F2_energy,val,1430,9584,,0,0.13100941479206085
sprint9_multiseed_S8A_R2_seed7_S8A_R2_context_edge_film,S8A_R2_context_edge_film,graph_c_gatv2_context_edge_film_interaction,gatv2_graph_c_sprint8a_context_edge_film,gatv2,graph_c_context_observation,S5F2_energy,val,1431,9584,,0,0.18235093355178833
sprint9_multiseed_S8A_R2_seed7_S8A_R2_context_edge_film,S8A_R2_context_edge_film,graph_c_gatv2_context_edge_film_interaction,gatv2_graph_c_sprint8a_context_edge_film,gatv2,graph_c_context_observation,S5F2_energy,val,1432,9584,,0,0.3056160509586334
sprint9_multiseed_S8A_R2_seed7_S8A_R2_context_edge_film,S8A_R2_context_edge_film,graph_c_gatv2_context_edge_film_interaction,gatv2_graph_c_sprint8a_context_edge_film,gatv2,graph_c_context_observation,S5F2_energy,val,1433,9584,,0,0.10660073161125183
sprint9_multiseed_S8A_R2_seed7_S8A_R2_context_edge_film,S8A_R2_context_edge_film,graph_c_gatv2_context_edge_film_interaction,gatv2_graph_c_sprint8a_context_edge_film,gatv2,graph_c_context_observation,S5F2_energy,val,1434,9584,,0,0.21227902173995972
sprint9_multiseed_S8A_R2_seed7_S8A_R2_context_edge_film,S8A_R2_context_edge_film,graph_c_gatv2_context_edge_film_interaction,gatv2_graph_c_sprint8a_context_edge_film,gatv2,graph_c_context_observation,S5F2_energy,val,1435,9584,,0,0.15677131712436676
sprint9_multiseed_S8A_R2_seed7_S8A_R2_context_edge_film,S8A_R2_context_edge_film,graph_c_gatv2_context_edge_film_interaction,gatv2_graph_c_sprint8a_context_edge_film,gatv2,graph_c_context_observation,S5F2_energy,val,1436,9584,,0,0.2589988112449646
sprint9_multiseed_S8A_R2_seed7_S8A_R2_context_edge_film,S8A_R2_context_edge_film,graph_c_gatv2_context_edge_film_interaction,gatv2_graph_c_sprint8a_context_edge_film,gatv2,graph_c_context_observation,S5F2_energy,val,1437,9584,,0,0.12553657591342926
sprint9_multiseed_S8A_R2_seed7_S8A_R2_context_edge_film,S8A_R2_context_edge_film,graph_c_gatv2_context_edge_film_interaction,gatv2_graph_c_sprint8a_context_edge_film,gatv2,graph_c_context_observation,S5F2_energy,val,1438,9584,,0,0.21856766939163208
sprint9_multiseed_S8A_R2_seed7_S8A_R2_context_edge_film,S8A_R2_context_edge_film,graph_c_gatv2_context_edge_film_interaction,gatv2_graph_c_sprint8a_context_edge_film,gatv2,graph_c_context_observation,S5F2_energy,val,1439,9584,,0,0.17606204748153687
sprint9_multiseed_S8A_R2_seed7_S8A_R2_context_edge_film,S8A_R2_context_edge_film,graph_c_gatv2_context_edge_film_interaction,gatv2_graph_c_sprint8a_context_edge_film,gatv2,graph_c_context_observation,S5F2_energy,val,1440,9584,,0,0.2521935999393463
sprint9_multiseed_S8A_R2_seed7_S8A_R2_context_edge_film,S8A_R2_context_edge_film,graph_c_gatv2_context_edge_film_interaction,gatv2_graph_c_sprint8a_context_edge_film,gatv2,graph_c_context_observation,S5F2_energy,val,1441,9584,,0,0.2300104945898056
sprint9_multiseed_S8A_R2_seed7_S8A_R2_context_edge_film,S8A_R2_context_edge_film,graph_c_gatv2_context_edge_film_interaction,gatv2_graph_c_sprint8a_context_edge_film,gatv2,graph_c_context_observation,S5F2_energy,val,1442,9584,,0,0.2000298947095871
sprint9_multiseed_S8A_R2_seed7_S8A_R2_context_edge_film,S8A_R2_context_edge_film,graph_c_gatv2_context_edge_film_interaction,gatv2_graph_c_sprint8a_context_edge_film,gatv2,graph_c_context_observation,S5F2_energy,val,1443,9584,,0,0.14065435528755188
sprint9_multiseed_S8A_R2_seed7_S8A_R2_context_edge_film,S8A_R2_context_edge_film,graph_c_gatv2_context_edge_film_interaction,gatv2_graph_c_sprint8a_context_edge_film,gatv2,graph_c_context_observation,S5F2_energy,val,1444,9584,,0,0.21250198781490326
sprint9_multiseed_S8A_R2_seed7_S8A_R2_context_edge_film,S8A_R2_context_edge_film,graph_c_gatv2_context_edge_film_interaction,gatv2_graph_c_sprint8a_context_edge_film,gatv2,graph_c_context_observation,S5F2_energy,val,1445,9584,,0,0.2003803551197052
sprint9_multiseed_S8A_R2_seed7_S8A_R2_context_edge_film,S8A_R2_context_edge_film,graph_c_gatv2_context_edge_film_interaction,gatv2_graph_c_sprint8a_context_edge_film,gatv2,graph_c_context_observation,S5F2_energy,val,1446,9584,,0,0.13847516477108002
sprint9_multiseed_S8A_R2_seed7_S8A_R2_context_edge_film,S8A_R2_context_edge_film,graph_c_gatv2_context_edge_film_interaction,gatv2_graph_c_sprint8a_context_edge_film,gatv2,graph_c_context_observation,S5F2_energy,val,1447,9584,,0,0.244219571352005
sprint9_multiseed_S8A_R2_seed7_S8A_R2_context_edge_film,S8A_R2_context_edge_film,graph_c_gatv2_context_edge_film_interaction,gatv2_graph_c_sprint8a_context_edge_film,gatv2,graph_c_context_observation,S5F2_energy,val,1448,9584,,0,0.1615421622991562
sprint9_multiseed_S8A_R2_seed7_S8A_R2_context_edge_film,S8A_R2_context_edge_film,graph_c_gatv2_context_edge_film_interaction,gatv2_graph_c_sprint8a_context_edge_film,gatv2,graph_c_context_observation,S5F2_energy,val,1449,9584,,0,0.09761568158864975
sprint9_multiseed_S8A_R2_seed7_S8A_R2_context_edge_film,S8A_R2_context_edge_film,graph_c_gatv2_context_edge_film_interaction,gatv2_graph_c_sprint8a_context_edge_film,gatv2,graph_c_context_observation,S5F2_energy,val,1450,9584,,0,0.2355848103761673
sprint9_multiseed_S8A_R2_seed7_S8A_R2_context_edge_film,S8A_R2_context_edge_film,graph_c_gatv2_context_edge_film_interaction,gatv2_graph_c_sprint8a_context_edge_film,gatv2,graph_c_context_observation,S5F2_energy,val,1451,9584,,0,0.14883843064308167
sprint9_multiseed_S8A_R2_seed7_S8A_R2_context_edge_film,S8A_R2_context_edge_film,graph_c_gatv2_context_edge_film_interaction,gatv2_graph_c_sprint8a_context_edge_film,gatv2,graph_c_context_observation,S5F2_energy,val,1452,9584,,0,0.18587881326675415
sprint9_multiseed_S8A_R2_seed7_S8A_R2_context_edge_film,S8A_R2_context_edge_film,graph_c_gatv2_context_edge_film_interaction,gatv2_graph_c_sprint8a_context_edge_film,gatv2,graph_c_context_observation,S5F2_energy,val,1453,9584,,0,0.2093188762664795
sprint9_multiseed_S8A_R2_seed7_S8A_R2_context_edge_film,S8A_R2_context_edge_film,graph_c_gatv2_context_edge_film_interaction,gatv2_graph_c_sprint8a_context_edge_film,gatv2,graph_c_context_observation,S5F2_energy,val,1454,9584,,0,0.23546911776065826
sprint9_multiseed_S8A_R2_seed7_S8A_R2_context_edge_film,S8A_R2_context_edge_film,graph_c_gatv2_context_edge_film_interaction,gatv2_graph_c_sprint8a_context_edge_film,gatv2,graph_c_context_observation,S5F2_energy,val,1455,9584,,0,0.10196101665496826
sprint9_multiseed_S8A_R2_seed7_S8A_R2_context_edge_film,S8A_R2_context_edge_film,graph_c_gatv2_context_edge_film_interaction,gatv2_graph_c_sprint8a_context_edge_film,gatv2,graph_c_context_observation,S5F2_energy,val,1456,9584,,0,0.15064407885074615
sprint9_multiseed_S8A_R2_seed7_S8A_R2_context_edge_film,S8A_R2_context_edge_film,graph_c_gatv2_context_edge_film_interaction,gatv2_graph_c_sprint8a_context_edge_film,gatv2,graph_c_context_observation,S5F2_energy,val,1457,9584,,0,0.14128726720809937
sprint9_multiseed_S8A_R2_seed7_S8A_R2_context_edge_film,S8A_R2_context_edge_film,graph_c_gatv2_context_edge_film_interaction,gatv2_graph_c_sprint8a_context_edge_film,gatv2,graph_c_context_observation,S5F2_energy,val,1458,9584,,0,0.10908881574869156
sprint9_multiseed_S8A_R2_seed7_S8A_R2_context_edge_film,S8A_R2_context_edge_film,graph_c_gatv2_context_edge_film_interaction,gatv2_graph_c_sprint8a_context_edge_film,gatv2,graph_c_context_observation,S5F2_energy,val,1459,9584,,0,0.18264110386371613
sprint9_multiseed_S8A_R2_seed7_S8A_R2_context_edge_film,S8A_R2_context_edge_film,graph_c_gatv2_context_edge_film_interaction,gatv2_graph_c_sprint8a_context_edge_film,gatv2,graph_c_context_observation,S5F2_energy,val,1460,9584,,0,0.17312578856945038
sprint9_multiseed_S8A_R2_seed7_S8A_R2_context_edge_film,S8A_R2_context_edge_film,graph_c_gatv2_context_edge_film_interaction,gatv2_graph_c_sprint8a_context_edge_film,gatv2,graph_c_context_observation,S5F2_energy,val,1461,9584,,0,0.15293081104755402
sprint9_multiseed_S8A_R2_seed7_S8A_R2_context_edge_film,S8A_R2_context_edge_film,graph_c_gatv2_context_edge_film_interaction,gatv2_graph_c_sprint8a_context_edge_film,gatv2,graph_c_context_observation,S5F2_energy,val,1462,9584,,0,0.11997906863689423
sprint9_multiseed_S8A_R2_seed7_S8A_R2_context_edge_film,S8A_R2_context_edge_film,graph_c_gatv2_context_edge_film_interaction,gatv2_graph_c_sprint8a_context_edge_film,gatv2,graph_c_context_observation,S5F2_energy,val,1463,9584,,0,0.18055365979671478
sprint9_multiseed_S8A_R2_seed7_S8A_R2_context_edge_film,S8A_R2_context_edge_film,graph_c_gatv2_context_edge_film_interaction,gatv2_graph_c_sprint8a_context_edge_film,gatv2,graph_c_context_observation,S5F2_energy,val,1464,9584,,0,0.2129470556974411
sprint9_multiseed_S8A_R2_seed7_S8A_R2_context_edge_film,S8A_R2_context_edge_film,graph_c_gatv2_context_edge_film_interaction,gatv2_graph_c_sprint8a_context_edge_film,gatv2,graph_c_context_observation,S5F2_energy,val,1465,9584,,0,0.15668484568595886
sprint9_multiseed_S8A_R2_seed7_S8A_R2_context_edge_film,S8A_R2_context_edge_film,graph_c_gatv2_context_edge_film_interaction,gatv2_graph_c_sprint8a_context_edge_film,gatv2,graph_c_context_observation,S5F2_energy,val,1466,9584,,0,0.16896992921829224
sprint9_multiseed_S8A_R2_seed7_S8A_R2_context_edge_film,S8A_R2_context_edge_film,graph_c_gatv2_context_edge_film_interaction,gatv2_graph_c_sprint8a_context_edge_film,gatv2,graph_c_context_observation,S5F2_energy,val,1467,9584,,0,0.15676002204418182
sprint9_multiseed_S8A_R2_seed7_S8A_R2_context_edge_film,S8A_R2_context_edge_film,graph_c_gatv2_context_edge_film_interaction,gatv2_graph_c_sprint8a_context_edge_film,gatv2,graph_c_context_observation,S5F2_energy,val,1468,9584,,0,0.17131458222866058
sprint9_multiseed_S8A_R2_seed7_S8A_R2_context_edge_film,S8A_R2_context_edge_film,graph_c_gatv2_context_edge_film_interaction,gatv2_graph_c_sprint8a_context_edge_film,gatv2,graph_c_context_observation,S5F2_energy,val,1469,9584,,0,0.19866904616355896
sprint9_multiseed_S8A_R2_seed7_S8A_R2_context_edge_film,S8A_R2_context_edge_film,graph_c_gatv2_context_edge_film_interaction,gatv2_graph_c_sprint8a_context_edge_film,gatv2,graph_c_context_observation,S5F2_energy,val,1470,9584,,0,0.15068916976451874
sprint9_multiseed_S8A_R2_seed7_S8A_R2_context_edge_film,S8A_R2_context_edge_film,graph_c_gatv2_context_edge_film_interaction,gatv2_graph_c_sprint8a_context_edge_film,gatv2,graph_c_context_observation,S5F2_energy,val,1471,9584,,0,0.23634925484657288
sprint9_multiseed_S8A_R2_seed7_S8A_R2_context_edge_film,S8A_R2_context_edge_film,graph_c_gatv2_context_edge_film_interaction,gatv2_graph_c_sprint8a_context_edge_film,gatv2,graph_c_context_observation,S5F2_energy,val,1472,9584,,0,0.14979305863380432
sprint9_multiseed_S8A_R2_seed7_S8A_R2_context_edge_film,S8A_R2_context_edge_film,graph_c_gatv2_context_edge_film_interaction,gatv2_graph_c_sprint8a_context_edge_film,gatv2,graph_c_context_observation,S5F2_energy,val,1473,9584,,0,0.2696595788002014
sprint9_multiseed_S8A_R2_seed7_S8A_R2_context_edge_film,S8A_R2_context_edge_film,graph_c_gatv2_context_edge_film_interaction,gatv2_graph_c_sprint8a_context_edge_film,gatv2,graph_c_context_observation,S5F2_energy,val,1474,9584,,0,0.17676971852779388
sprint9_multiseed_S8A_R2_seed7_S8A_R2_context_edge_film,S8A_R2_context_edge_film,graph_c_gatv2_context_edge_film_interaction,gatv2_graph_c_sprint8a_context_edge_film,gatv2,graph_c_context_observation,S5F2_energy,val,1475,9584,,0,0.1798475980758667
sprint9_multiseed_S8A_R2_seed7_S8A_R2_context_edge_film,S8A_R2_context_edge_film,graph_c_gatv2_context_edge_film_interaction,gatv2_graph_c_sprint8a_context_edge_film,gatv2,graph_c_context_observation,S5F2_energy,val,1476,9584,,0,0.13939529657363892
sprint9_multiseed_S8A_R2_seed7_S8A_R2_context_edge_film,S8A_R2_context_edge_film,graph_c_gatv2_context_edge_film_interaction,gatv2_graph_c_sprint8a_context_edge_film,gatv2,graph_c_context_observation,S5F2_energy,val,1477,9584,,0,0.17698030173778534
sprint9_multiseed_S8A_R2_seed7_S8A_R2_context_edge_film,S8A_R2_context_edge_film,graph_c_gatv2_context_edge_film_interaction,gatv2_graph_c_sprint8a_context_edge_film,gatv2,graph_c_context_observation,S5F2_energy,val,1478,9584,,0,0.23523658514022827
sprint9_multiseed_S8A_R2_seed7_S8A_R2_context_edge_film,S8A_R2_context_edge_film,graph_c_gatv2_context_edge_film_interaction,gatv2_graph_c_sprint8a_context_edge_film,gatv2,graph_c_context_observation,S5F2_energy,val,1479,9584,,0,0.16379526257514954
sprint9_multiseed_S8A_R2_seed7_S8A_R2_context_edge_film,S8A_R2_context_edge_film,graph_c_gatv2_context_edge_film_interaction,gatv2_graph_c_sprint8a_context_edge_film,gatv2,graph_c_context_observation,S5F2_energy,val,1480,9584,,0,0.18002431094646454
sprint9_multiseed_S8A_R2_seed7_S8A_R2_context_edge_film,S8A_R2_context_edge_film,graph_c_gatv2_context_edge_film_interaction,gatv2_graph_c_sprint8a_context_edge_film,gatv2,graph_c_context_observation,S5F2_energy,val,1481,9584,,0,0.1873634159564972
sprint9_multiseed_S8A_R2_seed7_S8A_R2_context_edge_film,S8A_R2_context_edge_film,graph_c_gatv2_context_edge_film_interaction,gatv2_graph_c_sprint8a_context_edge_film,gatv2,graph_c_context_observation,S5F2_energy,val,1482,9584,,0,0.18070290982723236
sprint9_multiseed_S8A_R2_seed7_S8A_R2_context_edge_film,S8A_R2_context_edge_film,graph_c_gatv2_context_edge_film_interaction,gatv2_graph_c_sprint8a_context_edge_film,gatv2,graph_c_context_observation,S5F2_energy,val,1483,9584,,0,0.16740074753761292
sprint9_multiseed_S8A_R2_seed7_S8A_R2_context_edge_film,S8A_R2_context_edge_film,graph_c_gatv2_context_edge_film_interaction,gatv2_graph_c_sprint8a_context_edge_film,gatv2,graph_c_context_observation,S5F2_energy,val,1484,9584,,0,0.1715630441904068
sprint9_multiseed_S8A_R2_seed7_S8A_R2_context_edge_film,S8A_R2_context_edge_film,graph_c_gatv2_context_edge_film_interaction,gatv2_graph_c_sprint8a_context_edge_film,gatv2,graph_c_context_observation,S5F2_energy,val,1485,9584,,0,0.1413215547800064
sprint9_multiseed_S8A_R2_seed7_S8A_R2_context_edge_film,S8A_R2_context_edge_film,graph_c_gatv2_context_edge_film_interaction,gatv2_graph_c_sprint8a_context_edge_film,gatv2,graph_c_context_observation,S5F2_energy,val,1486,9584,,0,0.13223673403263092
sprint9_multiseed_S8A_R2_seed7_S8A_R2_context_edge_film,S8A_R2_context_edge_film,graph_c_gatv2_context_edge_film_interaction,gatv2_graph_c_sprint8a_context_edge_film,gatv2,graph_c_context_observation,S5F2_energy,val,1487,9584,,0,0.1266443431377411
sprint9_multiseed_S8A_R2_seed7_S8A_R2_context_edge_film,S8A_R2_context_edge_film,graph_c_gatv2_context_edge_film_interaction,gatv2_graph_c_sprint8a_context_edge_film,gatv2,graph_c_context_observation,S5F2_energy,val,1488,9584,,0,0.2502729594707489
sprint9_multiseed_S8A_R2_seed7_S8A_R2_context_edge_film,S8A_R2_context_edge_film,graph_c_gatv2_context_edge_film_interaction,gatv2_graph_c_sprint8a_context_edge_film,gatv2,graph_c_context_observation,S5F2_energy,val,1489,9584,,0,0.14342932403087616
sprint9_multiseed_S8A_R2_seed7_S8A_R2_context_edge_film,S8A_R2_context_edge_film,graph_c_gatv2_context_edge_film_interaction,gatv2_graph_c_sprint8a_context_edge_film,gatv2,graph_c_context_observation,S5F2_energy,val,1490,9584,,0,0.14904360473155975
sprint9_multiseed_S8A_R2_seed7_S8A_R2_context_edge_film,S8A_R2_context_edge_film,graph_c_gatv2_context_edge_film_interaction,gatv2_graph_c_sprint8a_context_edge_film,gatv2,graph_c_context_observation,S5F2_energy,val,1491,9584,,0,0.23957479000091553
sprint9_multiseed_S8A_R2_seed7_S8A_R2_context_edge_film,S8A_R2_context_edge_film,graph_c_gatv2_context_edge_film_interaction,gatv2_graph_c_sprint8a_context_edge_film,gatv2,graph_c_context_observation,S5F2_energy,val,1492,9584,,0,0.18975786864757538
sprint9_multiseed_S8A_R2_seed7_S8A_R2_context_edge_film,S8A_R2_context_edge_film,graph_c_gatv2_context_edge_film_interaction,gatv2_graph_c_sprint8a_context_edge_film,gatv2,graph_c_context_observation,S5F2_energy,val,1493,9584,,0,0.15809686481952667
sprint9_multiseed_S8A_R2_seed7_S8A_R2_context_edge_film,S8A_R2_context_edge_film,graph_c_gatv2_context_edge_film_interaction,gatv2_graph_c_sprint8a_context_edge_film,gatv2,graph_c_context_observation,S5F2_energy,val,1494,9584,,0,0.30299094319343567
sprint9_multiseed_S8A_R2_seed7_S8A_R2_context_edge_film,S8A_R2_context_edge_film,graph_c_gatv2_context_edge_film_interaction,gatv2_graph_c_sprint8a_context_edge_film,gatv2,graph_c_context_observation,S5F2_energy,val,1495,9584,,0,0.17882677912712097
sprint9_multiseed_S8A_R2_seed7_S8A_R2_context_edge_film,S8A_R2_context_edge_film,graph_c_gatv2_context_edge_film_interaction,gatv2_graph_c_sprint8a_context_edge_film,gatv2,graph_c_context_observation,S5F2_energy,val,1496,9584,,0,0.16928178071975708
sprint9_multiseed_S8A_R2_seed7_S8A_R2_context_edge_film,S8A_R2_context_edge_film,graph_c_gatv2_context_edge_film_interaction,gatv2_graph_c_sprint8a_context_edge_film,gatv2,graph_c_context_observation,S5F2_energy,val,1497,9584,,0,0.3564998507499695
sprint9_multiseed_S8A_R2_seed7_S8A_R2_context_edge_film,S8A_R2_context_edge_film,graph_c_gatv2_context_edge_film_interaction,gatv2_graph_c_sprint8a_context_edge_film,gatv2,graph_c_context_observation,S5F2_energy,val,1498,9584,,0,0.1419089287519455
sprint9_multiseed_S8A_R2_seed7_S8A_R2_context_edge_film,S8A_R2_context_edge_film,graph_c_gatv2_context_edge_film_interaction,gatv2_graph_c_sprint8a_context_edge_film,gatv2,graph_c_context_observation,S5F2_energy,val,1499,9584,,0,0.14337047934532166
sprint9_multiseed_S8A_R2_seed7_S8A_R2_context_edge_film,S8A_R2_context_edge_film,graph_c_gatv2_context_edge_film_interaction,gatv2_graph_c_sprint8a_context_edge_film,gatv2,graph_c_context_observation,S5F2_energy,val,1500,9584,,0,0.09841524809598923
sprint9_multiseed_S8A_R2_seed7_S8A_R2_context_edge_film,S8A_R2_context_edge_film,graph_c_gatv2_context_edge_film_interaction,gatv2_graph_c_sprint8a_context_edge_film,gatv2,graph_c_context_observation,S5F2_energy,val,1501,9584,,0,0.171372652053833
sprint9_multiseed_S8A_R2_seed7_S8A_R2_context_edge_film,S8A_R2_context_edge_film,graph_c_gatv2_context_edge_film_interaction,gatv2_graph_c_sprint8a_context_edge_film,gatv2,graph_c_context_observation,S5F2_energy,val,1502,9584,,0,0.17712171375751495
sprint9_multiseed_S8A_R2_seed7_S8A_R2_context_edge_film,S8A_R2_context_edge_film,graph_c_gatv2_context_edge_film_interaction,gatv2_graph_c_sprint8a_context_edge_film,gatv2,graph_c_context_observation,S5F2_energy,val,1503,9584,,0,0.17345447838306427
sprint9_multiseed_S8A_R2_seed7_S8A_R2_context_edge_film,S8A_R2_context_edge_film,graph_c_gatv2_context_edge_film_interaction,gatv2_graph_c_sprint8a_context_edge_film,gatv2,graph_c_context_observation,S5F2_energy,val,1504,9584,,0,0.20197682082653046
sprint9_multiseed_S8A_R2_seed7_S8A_R2_context_edge_film,S8A_R2_context_edge_film,graph_c_gatv2_context_edge_film_interaction,gatv2_graph_c_sprint8a_context_edge_film,gatv2,graph_c_context_observation,S5F2_energy,val,1505,9584,,0,0.18894872069358826
sprint9_multiseed_S8A_R2_seed7_S8A_R2_context_edge_film,S8A_R2_context_edge_film,graph_c_gatv2_context_edge_film_interaction,gatv2_graph_c_sprint8a_context_edge_film,gatv2,graph_c_context_observation,S5F2_energy,val,1506,9584,,0,0.251547634601593
sprint9_multiseed_S8A_R2_seed7_S8A_R2_context_edge_film,S8A_R2_context_edge_film,graph_c_gatv2_context_edge_film_interaction,gatv2_graph_c_sprint8a_context_edge_film,gatv2,graph_c_context_observation,S5F2_energy,val,1507,9584,,0,0.13888202607631683
sprint9_multiseed_S8A_R2_seed7_S8A_R2_context_edge_film,S8A_R2_context_edge_film,graph_c_gatv2_context_edge_film_interaction,gatv2_graph_c_sprint8a_context_edge_film,gatv2,graph_c_context_observation,S5F2_energy,val,1508,10151,,1,0.22831405699253082
sprint9_multiseed_S8A_R2_seed7_S8A_R2_context_edge_film,S8A_R2_context_edge_film,graph_c_gatv2_context_edge_film_interaction,gatv2_graph_c_sprint8a_context_edge_film,gatv2,graph_c_context_observation,S5F2_energy,val,1509,10151,,0,0.11580110341310501
sprint9_multiseed_S8A_R2_seed7_S8A_R2_context_edge_film,S8A_R2_context_edge_film,graph_c_gatv2_context_edge_film_interaction,gatv2_graph_c_sprint8a_context_edge_film,gatv2,graph_c_context_observation,S5F2_energy,val,1510,10151,,0,0.11226671934127808
sprint9_multiseed_S8A_R2_seed7_S8A_R2_context_edge_film,S8A_R2_context_edge_film,graph_c_gatv2_context_edge_film_interaction,gatv2_graph_c_sprint8a_context_edge_film,gatv2,graph_c_context_observation,S5F2_energy,val,1511,10151,,0,0.12732306122779846
sprint9_multiseed_S8A_R2_seed7_S8A_R2_context_edge_film,S8A_R2_context_edge_film,graph_c_gatv2_context_edge_film_interaction,gatv2_graph_c_sprint8a_context_edge_film,gatv2,graph_c_context_observation,S5F2_energy,val,1512,10151,,1,0.1081896498799324
sprint9_multiseed_S8A_R2_seed7_S8A_R2_context_edge_film,S8A_R2_context_edge_film,graph_c_gatv2_context_edge_film_interaction,gatv2_graph_c_sprint8a_context_edge_film,gatv2,graph_c_context_observation,S5F2_energy,val,1513,10151,,0,0.11254356056451797
sprint9_multiseed_S8A_R2_seed7_S8A_R2_context_edge_film,S8A_R2_context_edge_film,graph_c_gatv2_context_edge_film_interaction,gatv2_graph_c_sprint8a_context_edge_film,gatv2,graph_c_context_observation,S5F2_energy,val,1514,10151,,0,0.10734619945287704
sprint9_multiseed_S8A_R2_seed7_S8A_R2_context_edge_film,S8A_R2_context_edge_film,graph_c_gatv2_context_edge_film_interaction,gatv2_graph_c_sprint8a_context_edge_film,gatv2,graph_c_context_observation,S5F2_energy,val,1515,10151,,0,0.13180747628211975
sprint9_multiseed_S8A_R2_seed7_S8A_R2_context_edge_film,S8A_R2_context_edge_film,graph_c_gatv2_context_edge_film_interaction,gatv2_graph_c_sprint8a_context_edge_film,gatv2,graph_c_context_observation,S5F2_energy,val,1516,10151,,0,0.1379394233226776
sprint9_multiseed_S8A_R2_seed7_S8A_R2_context_edge_film,S8A_R2_context_edge_film,graph_c_gatv2_context_edge_film_interaction,gatv2_graph_c_sprint8a_context_edge_film,gatv2,graph_c_context_observation,S5F2_energy,val,1517,10151,,0,0.11522157490253448
sprint9_multiseed_S8A_R2_seed7_S8A_R2_context_edge_film,S8A_R2_context_edge_film,graph_c_gatv2_context_edge_film_interaction,gatv2_graph_c_sprint8a_context_edge_film,gatv2,graph_c_context_observation,S5F2_energy,val,1518,10151,,1,0.1247096136212349
sprint9_multiseed_S8A_R2_seed7_S8A_R2_context_edge_film,S8A_R2_context_edge_film,graph_c_gatv2_context_edge_film_interaction,gatv2_graph_c_sprint8a_context_edge_film,gatv2,graph_c_context_observation,S5F2_energy,val,1519,10151,,0,0.1068921759724617
sprint9_multiseed_S8A_R2_seed7_S8A_R2_context_edge_film,S8A_R2_context_edge_film,graph_c_gatv2_context_edge_film_interaction,gatv2_graph_c_sprint8a_context_edge_film,gatv2,graph_c_context_observation,S5F2_energy,val,1520,10151,,0,0.10405389964580536
sprint9_multiseed_S8A_R2_seed7_S8A_R2_context_edge_film,S8A_R2_context_edge_film,graph_c_gatv2_context_edge_film_interaction,gatv2_graph_c_sprint8a_context_edge_film,gatv2,graph_c_context_observation,S5F2_energy,val,1521,10151,,0,0.13378848135471344
sprint9_multiseed_S8A_R2_seed7_S8A_R2_context_edge_film,S8A_R2_context_edge_film,graph_c_gatv2_context_edge_film_interaction,gatv2_graph_c_sprint8a_context_edge_film,gatv2,graph_c_context_observation,S5F2_energy,val,1522,10151,,0,0.09895496815443039
sprint9_multiseed_S8A_R2_seed7_S8A_R2_context_edge_film,S8A_R2_context_edge_film,graph_c_gatv2_context_edge_film_interaction,gatv2_graph_c_sprint8a_context_edge_film,gatv2,graph_c_context_observation,S5F2_energy,val,1523,10151,,0,0.09782268851995468
sprint9_multiseed_S8A_R2_seed7_S8A_R2_context_edge_film,S8A_R2_context_edge_film,graph_c_gatv2_context_edge_film_interaction,gatv2_graph_c_sprint8a_context_edge_film,gatv2,graph_c_context_observation,S5F2_energy,val,1524,10151,,0,0.10413336008787155
sprint9_multiseed_S8A_R2_seed7_S8A_R2_context_edge_film,S8A_R2_context_edge_film,graph_c_gatv2_context_edge_film_interaction,gatv2_graph_c_sprint8a_context_edge_film,gatv2,graph_c_context_observation,S5F2_energy,val,1525,10151,,1,0.11175984144210815
sprint9_multiseed_S8A_R2_seed7_S8A_R2_context_edge_film,S8A_R2_context_edge_film,graph_c_gatv2_context_edge_film_interaction,gatv2_graph_c_sprint8a_context_edge_film,gatv2,graph_c_context_observation,S5F2_energy,val,1526,10151,,1,0.11223755776882172
sprint9_multiseed_S8A_R2_seed7_S8A_R2_context_edge_film,S8A_R2_context_edge_film,graph_c_gatv2_context_edge_film_interaction,gatv2_graph_c_sprint8a_context_edge_film,gatv2,graph_c_context_observation,S5F2_energy,val,1527,10151,,0,0.11034268885850906
sprint9_multiseed_S8A_R2_seed7_S8A_R2_context_edge_film,S8A_R2_context_edge_film,graph_c_gatv2_context_edge_film_interaction,gatv2_graph_c_sprint8a_context_edge_film,gatv2,graph_c_context_observation,S5F2_energy,val,1528,10151,,1,0.12333887070417404
sprint9_multiseed_S8A_R2_seed7_S8A_R2_context_edge_film,S8A_R2_context_edge_film,graph_c_gatv2_context_edge_film_interaction,gatv2_graph_c_sprint8a_context_edge_film,gatv2,graph_c_context_observation,S5F2_energy,val,1529,10151,,0,0.11179549247026443
sprint9_multiseed_S8A_R2_seed7_S8A_R2_context_edge_film,S8A_R2_context_edge_film,graph_c_gatv2_context_edge_film_interaction,gatv2_graph_c_sprint8a_context_edge_film,gatv2,graph_c_context_observation,S5F2_energy,val,1530,10151,,1,0.10787733644247055
sprint9_multiseed_S8A_R2_seed7_S8A_R2_context_edge_film,S8A_R2_context_edge_film,graph_c_gatv2_context_edge_film_interaction,gatv2_graph_c_sprint8a_context_edge_film,gatv2,graph_c_context_observation,S5F2_energy,val,1531,10151,,1,0.1029982939362526
sprint9_multiseed_S8A_R2_seed7_S8A_R2_context_edge_film,S8A_R2_context_edge_film,graph_c_gatv2_context_edge_film_interaction,gatv2_graph_c_sprint8a_context_edge_film,gatv2,graph_c_context_observation,S5F2_energy,val,1532,10151,,1,0.12944750487804413
sprint9_multiseed_S8A_R2_seed7_S8A_R2_context_edge_film,S8A_R2_context_edge_film,graph_c_gatv2_context_edge_film_interaction,gatv2_graph_c_sprint8a_context_edge_film,gatv2,graph_c_context_observation,S5F2_energy,val,1533,10151,,0,0.09897660464048386
sprint9_multiseed_S8A_R2_seed7_S8A_R2_context_edge_film,S8A_R2_context_edge_film,graph_c_gatv2_context_edge_film_interaction,gatv2_graph_c_sprint8a_context_edge_film,gatv2,graph_c_context_observation,S5F2_energy,val,1534,10151,,0,0.09755571186542511
sprint9_multiseed_S8A_R2_seed7_S8A_R2_context_edge_film,S8A_R2_context_edge_film,graph_c_gatv2_context_edge_film_interaction,gatv2_graph_c_sprint8a_context_edge_film,gatv2,graph_c_context_observation,S5F2_energy,val,1535,10151,,1,0.10280352085828781
sprint9_multiseed_S8A_R2_seed7_S8A_R2_context_edge_film,S8A_R2_context_edge_film,graph_c_gatv2_context_edge_film_interaction,gatv2_graph_c_sprint8a_context_edge_film,gatv2,graph_c_context_observation,S5F2_energy,val,1536,10151,,0,0.1140129566192627
sprint9_multiseed_S8A_R2_seed7_S8A_R2_context_edge_film,S8A_R2_context_edge_film,graph_c_gatv2_context_edge_film_interaction,gatv2_graph_c_sprint8a_context_edge_film,gatv2,graph_c_context_observation,S5F2_energy,val,1537,10151,,1,0.101335309445858
sprint9_multiseed_S8A_R2_seed7_S8A_R2_context_edge_film,S8A_R2_context_edge_film,graph_c_gatv2_context_edge_film_interaction,gatv2_graph_c_sprint8a_context_edge_film,gatv2,graph_c_context_observation,S5F2_energy,val,1538,10151,,1,0.12395893782377243
sprint9_multiseed_S8A_R2_seed7_S8A_R2_context_edge_film,S8A_R2_context_edge_film,graph_c_gatv2_context_edge_film_interaction,gatv2_graph_c_sprint8a_context_edge_film,gatv2,graph_c_context_observation,S5F2_energy,val,1539,10151,,1,0.12465622276067734
sprint9_multiseed_S8A_R2_seed7_S8A_R2_context_edge_film,S8A_R2_context_edge_film,graph_c_gatv2_context_edge_film_interaction,gatv2_graph_c_sprint8a_context_edge_film,gatv2,graph_c_context_observation,S5F2_energy,val,1540,10151,,0,0.11889462172985077
sprint9_multiseed_S8A_R2_seed7_S8A_R2_context_edge_film,S8A_R2_context_edge_film,graph_c_gatv2_context_edge_film_interaction,gatv2_graph_c_sprint8a_context_edge_film,gatv2,graph_c_context_observation,S5F2_energy,val,1541,10151,,0,0.1360604465007782
sprint9_multiseed_S8A_R2_seed7_S8A_R2_context_edge_film,S8A_R2_context_edge_film,graph_c_gatv2_context_edge_film_interaction,gatv2_graph_c_sprint8a_context_edge_film,gatv2,graph_c_context_observation,S5F2_energy,val,1542,10151,,0,0.08870138972997665
sprint9_multiseed_S8A_R2_seed7_S8A_R2_context_edge_film,S8A_R2_context_edge_film,graph_c_gatv2_context_edge_film_interaction,gatv2_graph_c_sprint8a_context_edge_film,gatv2,graph_c_context_observation,S5F2_energy,val,1543,10151,,0,0.11783869564533234
sprint9_multiseed_S8A_R2_seed7_S8A_R2_context_edge_film,S8A_R2_context_edge_film,graph_c_gatv2_context_edge_film_interaction,gatv2_graph_c_sprint8a_context_edge_film,gatv2,graph_c_context_observation,S5F2_energy,val,1544,10151,,0,0.13685421645641327
sprint9_multiseed_S8A_R2_seed7_S8A_R2_context_edge_film,S8A_R2_context_edge_film,graph_c_gatv2_context_edge_film_interaction,gatv2_graph_c_sprint8a_context_edge_film,gatv2,graph_c_context_observation,S5F2_energy,val,1545,10151,,0,0.10240776091814041
sprint9_multiseed_S8A_R2_seed7_S8A_R2_context_edge_film,S8A_R2_context_edge_film,graph_c_gatv2_context_edge_film_interaction,gatv2_graph_c_sprint8a_context_edge_film,gatv2,graph_c_context_observation,S5F2_energy,val,1546,10151,,1,0.1354886293411255
sprint9_multiseed_S8A_R2_seed7_S8A_R2_context_edge_film,S8A_R2_context_edge_film,graph_c_gatv2_context_edge_film_interaction,gatv2_graph_c_sprint8a_context_edge_film,gatv2,graph_c_context_observation,S5F2_energy,val,1547,10151,,1,0.0892285406589508
sprint9_multiseed_S8A_R2_seed7_S8A_R2_context_edge_film,S8A_R2_context_edge_film,graph_c_gatv2_context_edge_film_interaction,gatv2_graph_c_sprint8a_context_edge_film,gatv2,graph_c_context_observation,S5F2_energy,val,1548,10151,,1,0.12496352940797806
sprint9_multiseed_S8A_R2_seed7_S8A_R2_context_edge_film,S8A_R2_context_edge_film,graph_c_gatv2_context_edge_film_interaction,gatv2_graph_c_sprint8a_context_edge_film,gatv2,graph_c_context_observation,S5F2_energy,val,1549,10151,,1,0.13285517692565918
sprint9_multiseed_S8A_R2_seed7_S8A_R2_context_edge_film,S8A_R2_context_edge_film,graph_c_gatv2_context_edge_film_interaction,gatv2_graph_c_sprint8a_context_edge_film,gatv2,graph_c_context_observation,S5F2_energy,val,1550,10151,,0,0.10747192054986954
sprint9_multiseed_S8A_R2_seed7_S8A_R2_context_edge_film,S8A_R2_context_edge_film,graph_c_gatv2_context_edge_film_interaction,gatv2_graph_c_sprint8a_context_edge_film,gatv2,graph_c_context_observation,S5F2_energy,val,1551,10151,,1,0.11873676627874374
sprint9_multiseed_S8A_R2_seed7_S8A_R2_context_edge_film,S8A_R2_context_edge_film,graph_c_gatv2_context_edge_film_interaction,gatv2_graph_c_sprint8a_context_edge_film,gatv2,graph_c_context_observation,S5F2_energy,val,1552,10151,,1,0.09234096854925156
sprint9_multiseed_S8A_R2_seed7_S8A_R2_context_edge_film,S8A_R2_context_edge_film,graph_c_gatv2_context_edge_film_interaction,gatv2_graph_c_sprint8a_context_edge_film,gatv2,graph_c_context_observation,S5F2_energy,val,1553,10151,,0,0.14258524775505066
sprint9_multiseed_S8A_R2_seed7_S8A_R2_context_edge_film,S8A_R2_context_edge_film,graph_c_gatv2_context_edge_film_interaction,gatv2_graph_c_sprint8a_context_edge_film,gatv2,graph_c_context_observation,S5F2_energy,val,1554,10151,,0,0.11529051512479782
sprint9_multiseed_S8A_R2_seed7_S8A_R2_context_edge_film,S8A_R2_context_edge_film,graph_c_gatv2_context_edge_film_interaction,gatv2_graph_c_sprint8a_context_edge_film,gatv2,graph_c_context_observation,S5F2_energy,val,1555,10151,,0,0.10631107538938522
sprint9_multiseed_S8A_R2_seed7_S8A_R2_context_edge_film,S8A_R2_context_edge_film,graph_c_gatv2_context_edge_film_interaction,gatv2_graph_c_sprint8a_context_edge_film,gatv2,graph_c_context_observation,S5F2_energy,val,1556,10151,,1,0.11560533195734024
sprint9_multiseed_S8A_R2_seed7_S8A_R2_context_edge_film,S8A_R2_context_edge_film,graph_c_gatv2_context_edge_film_interaction,gatv2_graph_c_sprint8a_context_edge_film,gatv2,graph_c_context_observation,S5F2_energy,val,1557,10151,,0,0.10748225450515747
sprint9_multiseed_S8A_R2_seed7_S8A_R2_context_edge_film,S8A_R2_context_edge_film,graph_c_gatv2_context_edge_film_interaction,gatv2_graph_c_sprint8a_context_edge_film,gatv2,graph_c_context_observation,S5F2_energy,val,1558,10151,,1,0.12897902727127075
sprint9_multiseed_S8A_R2_seed7_S8A_R2_context_edge_film,S8A_R2_context_edge_film,graph_c_gatv2_context_edge_film_interaction,gatv2_graph_c_sprint8a_context_edge_film,gatv2,graph_c_context_observation,S5F2_energy,val,1559,10151,,1,0.12305007129907608
sprint9_multiseed_S8A_R2_seed7_S8A_R2_context_edge_film,S8A_R2_context_edge_film,graph_c_gatv2_context_edge_film_interaction,gatv2_graph_c_sprint8a_context_edge_film,gatv2,graph_c_context_observation,S5F2_energy,val,1560,10151,,1,0.12717968225479126
sprint9_multiseed_S8A_R2_seed7_S8A_R2_context_edge_film,S8A_R2_context_edge_film,graph_c_gatv2_context_edge_film_interaction,gatv2_graph_c_sprint8a_context_edge_film,gatv2,graph_c_context_observation,S5F2_energy,val,1561,10151,,1,0.09577614068984985
sprint9_multiseed_S8A_R2_seed7_S8A_R2_context_edge_film,S8A_R2_context_edge_film,graph_c_gatv2_context_edge_film_interaction,gatv2_graph_c_sprint8a_context_edge_film,gatv2,graph_c_context_observation,S5F2_energy,val,1562,10151,,1,0.09960608184337616
sprint9_multiseed_S8A_R2_seed7_S8A_R2_context_edge_film,S8A_R2_context_edge_film,graph_c_gatv2_context_edge_film_interaction,gatv2_graph_c_sprint8a_context_edge_film,gatv2,graph_c_context_observation,S5F2_energy,val,1563,10151,,1,0.1182306557893753
sprint9_multiseed_S8A_R2_seed7_S8A_R2_context_edge_film,S8A_R2_context_edge_film,graph_c_gatv2_context_edge_film_interaction,gatv2_graph_c_sprint8a_context_edge_film,gatv2,graph_c_context_observation,S5F2_energy,val,1564,10151,,1,0.09124097973108292
sprint9_multiseed_S8A_R2_seed7_S8A_R2_context_edge_film,S8A_R2_context_edge_film,graph_c_gatv2_context_edge_film_interaction,gatv2_graph_c_sprint8a_context_edge_film,gatv2,graph_c_context_observation,S5F2_energy,val,1565,10151,,1,0.11063887178897858
sprint9_multiseed_S8A_R2_seed7_S8A_R2_context_edge_film,S8A_R2_context_edge_film,graph_c_gatv2_context_edge_film_interaction,gatv2_graph_c_sprint8a_context_edge_film,gatv2,graph_c_context_observation,S5F2_energy,val,1566,10151,,0,0.11382187157869339
sprint9_multiseed_S8A_R2_seed7_S8A_R2_context_edge_film,S8A_R2_context_edge_film,graph_c_gatv2_context_edge_film_interaction,gatv2_graph_c_sprint8a_context_edge_film,gatv2,graph_c_context_observation,S5F2_energy,val,1567,10151,,1,0.11632106453180313
sprint9_multiseed_S8A_R2_seed7_S8A_R2_context_edge_film,S8A_R2_context_edge_film,graph_c_gatv2_context_edge_film_interaction,gatv2_graph_c_sprint8a_context_edge_film,gatv2,graph_c_context_observation,S5F2_energy,val,1568,10151,,0,0.110170878469944
sprint9_multiseed_S8A_R2_seed7_S8A_R2_context_edge_film,S8A_R2_context_edge_film,graph_c_gatv2_context_edge_film_interaction,gatv2_graph_c_sprint8a_context_edge_film,gatv2,graph_c_context_observation,S5F2_energy,val,1569,10151,,0,0.14212635159492493
sprint9_multiseed_S8A_R2_seed7_S8A_R2_context_edge_film,S8A_R2_context_edge_film,graph_c_gatv2_context_edge_film_interaction,gatv2_graph_c_sprint8a_context_edge_film,gatv2,graph_c_context_observation,S5F2_energy,val,1570,10151,,0,0.11116518080234528
sprint9_multiseed_S8A_R2_seed7_S8A_R2_context_edge_film,S8A_R2_context_edge_film,graph_c_gatv2_context_edge_film_interaction,gatv2_graph_c_sprint8a_context_edge_film,gatv2,graph_c_context_observation,S5F2_energy,val,1571,10151,,0,0.1289057433605194
sprint9_multiseed_S8A_R2_seed7_S8A_R2_context_edge_film,S8A_R2_context_edge_film,graph_c_gatv2_context_edge_film_interaction,gatv2_graph_c_sprint8a_context_edge_film,gatv2,graph_c_context_observation,S5F2_energy,val,1572,10151,,0,0.09993229806423187
sprint9_multiseed_S8A_R2_seed7_S8A_R2_context_edge_film,S8A_R2_context_edge_film,graph_c_gatv2_context_edge_film_interaction,gatv2_graph_c_sprint8a_context_edge_film,gatv2,graph_c_context_observation,S5F2_energy,val,1573,10151,,0,0.10898666828870773
sprint9_multiseed_S8A_R2_seed7_S8A_R2_context_edge_film,S8A_R2_context_edge_film,graph_c_gatv2_context_edge_film_interaction,gatv2_graph_c_sprint8a_context_edge_film,gatv2,graph_c_context_observation,S5F2_energy,val,1574,10151,,1,0.1354862004518509
sprint9_multiseed_S8A_R2_seed7_S8A_R2_context_edge_film,S8A_R2_context_edge_film,graph_c_gatv2_context_edge_film_interaction,gatv2_graph_c_sprint8a_context_edge_film,gatv2,graph_c_context_observation,S5F2_energy,val,1575,10151,,1,0.10787971317768097
sprint9_multiseed_S8A_R2_seed7_S8A_R2_context_edge_film,S8A_R2_context_edge_film,graph_c_gatv2_context_edge_film_interaction,gatv2_graph_c_sprint8a_context_edge_film,gatv2,graph_c_context_observation,S5F2_energy,val,1576,10151,,1,0.10877944529056549
sprint9_multiseed_S8A_R2_seed7_S8A_R2_context_edge_film,S8A_R2_context_edge_film,graph_c_gatv2_context_edge_film_interaction,gatv2_graph_c_sprint8a_context_edge_film,gatv2,graph_c_context_observation,S5F2_energy,val,1577,10151,,1,0.09660458564758301
sprint9_multiseed_S8A_R2_seed7_S8A_R2_context_edge_film,S8A_R2_context_edge_film,graph_c_gatv2_context_edge_film_interaction,gatv2_graph_c_sprint8a_context_edge_film,gatv2,graph_c_context_observation,S5F2_energy,val,1578,10151,,0,0.10770371556282043
sprint9_multiseed_S8A_R2_seed7_S8A_R2_context_edge_film,S8A_R2_context_edge_film,graph_c_gatv2_context_edge_film_interaction,gatv2_graph_c_sprint8a_context_edge_film,gatv2,graph_c_context_observation,S5F2_energy,val,1579,10151,,1,0.10537368804216385
sprint9_multiseed_S8A_R2_seed7_S8A_R2_context_edge_film,S8A_R2_context_edge_film,graph_c_gatv2_context_edge_film_interaction,gatv2_graph_c_sprint8a_context_edge_film,gatv2,graph_c_context_observation,S5F2_energy,val,1580,10151,,0,0.12364990264177322
sprint9_multiseed_S8A_R2_seed7_S8A_R2_context_edge_film,S8A_R2_context_edge_film,graph_c_gatv2_context_edge_film_interaction,gatv2_graph_c_sprint8a_context_edge_film,gatv2,graph_c_context_observation,S5F2_energy,val,1581,10151,,1,0.11519687622785568
sprint9_multiseed_S8A_R2_seed7_S8A_R2_context_edge_film,S8A_R2_context_edge_film,graph_c_gatv2_context_edge_film_interaction,gatv2_graph_c_sprint8a_context_edge_film,gatv2,graph_c_context_observation,S5F2_energy,val,1582,10151,,0,0.09396433085203171
sprint9_multiseed_S8A_R2_seed7_S8A_R2_context_edge_film,S8A_R2_context_edge_film,graph_c_gatv2_context_edge_film_interaction,gatv2_graph_c_sprint8a_context_edge_film,gatv2,graph_c_context_observation,S5F2_energy,val,1583,10151,,0,0.10588154941797256
sprint9_multiseed_S8A_R2_seed7_S8A_R2_context_edge_film,S8A_R2_context_edge_film,graph_c_gatv2_context_edge_film_interaction,gatv2_graph_c_sprint8a_context_edge_film,gatv2,graph_c_context_observation,S5F2_energy,val,1584,10151,,0,0.11222043633460999
sprint9_multiseed_S8A_R2_seed7_S8A_R2_context_edge_film,S8A_R2_context_edge_film,graph_c_gatv2_context_edge_film_interaction,gatv2_graph_c_sprint8a_context_edge_film,gatv2,graph_c_context_observation,S5F2_energy,val,1585,10151,,0,0.12548694014549255
sprint9_multiseed_S8A_R2_seed7_S8A_R2_context_edge_film,S8A_R2_context_edge_film,graph_c_gatv2_context_edge_film_interaction,gatv2_graph_c_sprint8a_context_edge_film,gatv2,graph_c_context_observation,S5F2_energy,val,1586,10151,,0,0.10098429024219513
sprint9_multiseed_S8A_R2_seed7_S8A_R2_context_edge_film,S8A_R2_context_edge_film,graph_c_gatv2_context_edge_film_interaction,gatv2_graph_c_sprint8a_context_edge_film,gatv2,graph_c_context_observation,S5F2_energy,val,1587,10151,,1,0.11693309247493744
sprint9_multiseed_S8A_R2_seed7_S8A_R2_context_edge_film,S8A_R2_context_edge_film,graph_c_gatv2_context_edge_film_interaction,gatv2_graph_c_sprint8a_context_edge_film,gatv2,graph_c_context_observation,S5F2_energy,val,1588,10151,,1,0.10707089304924011
sprint9_multiseed_S8A_R2_seed7_S8A_R2_context_edge_film,S8A_R2_context_edge_film,graph_c_gatv2_context_edge_film_interaction,gatv2_graph_c_sprint8a_context_edge_film,gatv2,graph_c_context_observation,S5F2_energy,val,1589,10151,,1,0.09843213856220245
sprint9_multiseed_S8A_R2_seed7_S8A_R2_context_edge_film,S8A_R2_context_edge_film,graph_c_gatv2_context_edge_film_interaction,gatv2_graph_c_sprint8a_context_edge_film,gatv2,graph_c_context_observation,S5F2_energy,val,1590,10151,,0,0.12268572300672531
sprint9_multiseed_S8A_R2_seed7_S8A_R2_context_edge_film,S8A_R2_context_edge_film,graph_c_gatv2_context_edge_film_interaction,gatv2_graph_c_sprint8a_context_edge_film,gatv2,graph_c_context_observation,S5F2_energy,val,1591,10151,,0,0.11925482749938965
sprint9_multiseed_S8A_R2_seed7_S8A_R2_context_edge_film,S8A_R2_context_edge_film,graph_c_gatv2_context_edge_film_interaction,gatv2_graph_c_sprint8a_context_edge_film,gatv2,graph_c_context_observation,S5F2_energy,val,1592,10151,,0,0.11178867518901825
sprint9_multiseed_S8A_R2_seed7_S8A_R2_context_edge_film,S8A_R2_context_edge_film,graph_c_gatv2_context_edge_film_interaction,gatv2_graph_c_sprint8a_context_edge_film,gatv2,graph_c_context_observation,S5F2_energy,val,1593,10151,,1,0.11176524311304092
sprint9_multiseed_S8A_R2_seed7_S8A_R2_context_edge_film,S8A_R2_context_edge_film,graph_c_gatv2_context_edge_film_interaction,gatv2_graph_c_sprint8a_context_edge_film,gatv2,graph_c_context_observation,S5F2_energy,val,1594,10151,,1,0.12933343648910522
sprint9_multiseed_S8A_R2_seed7_S8A_R2_context_edge_film,S8A_R2_context_edge_film,graph_c_gatv2_context_edge_film_interaction,gatv2_graph_c_sprint8a_context_edge_film,gatv2,graph_c_context_observation,S5F2_energy,val,1595,10151,,0,0.11007652431726456
sprint9_multiseed_S8A_R2_seed7_S8A_R2_context_edge_film,S8A_R2_context_edge_film,graph_c_gatv2_context_edge_film_interaction,gatv2_graph_c_sprint8a_context_edge_film,gatv2,graph_c_context_observation,S5F2_energy,val,1596,10151,,0,0.10361985117197037
sprint9_multiseed_S8A_R2_seed7_S8A_R2_context_edge_film,S8A_R2_context_edge_film,graph_c_gatv2_context_edge_film_interaction,gatv2_graph_c_sprint8a_context_edge_film,gatv2,graph_c_context_observation,S5F2_energy,val,1597,10151,,0,0.10140615701675415
sprint9_multiseed_S8A_R2_seed7_S8A_R2_context_edge_film,S8A_R2_context_edge_film,graph_c_gatv2_context_edge_film_interaction,gatv2_graph_c_sprint8a_context_edge_film,gatv2,graph_c_context_observation,S5F2_energy,val,1598,10151,,0,0.09936808794736862
sprint9_multiseed_S8A_R2_seed7_S8A_R2_context_edge_film,S8A_R2_context_edge_film,graph_c_gatv2_context_edge_film_interaction,gatv2_graph_c_sprint8a_context_edge_film,gatv2,graph_c_context_observation,S5F2_energy,val,1599,10151,,1,0.12390003353357315
sprint9_multiseed_S8A_R2_seed7_S8A_R2_context_edge_film,S8A_R2_context_edge_film,graph_c_gatv2_context_edge_film_interaction,gatv2_graph_c_sprint8a_context_edge_film,gatv2,graph_c_context_observation,S5F2_energy,val,1600,10151,,1,0.10770880430936813
sprint9_multiseed_S8A_R2_seed7_S8A_R2_context_edge_film,S8A_R2_context_edge_film,graph_c_gatv2_context_edge_film_interaction,gatv2_graph_c_sprint8a_context_edge_film,gatv2,graph_c_context_observation,S5F2_energy,val,1601,10151,,1,0.11977144330739975
sprint9_multiseed_S8A_R2_seed7_S8A_R2_context_edge_film,S8A_R2_context_edge_film,graph_c_gatv2_context_edge_film_interaction,gatv2_graph_c_sprint8a_context_edge_film,gatv2,graph_c_context_observation,S5F2_energy,val,1602,10151,,0,0.08832230418920517
sprint9_multiseed_S8A_R2_seed7_S8A_R2_context_edge_film,S8A_R2_context_edge_film,graph_c_gatv2_context_edge_film_interaction,gatv2_graph_c_sprint8a_context_edge_film,gatv2,graph_c_context_observation,S5F2_energy,val,1603,10151,,1,0.09530336409807205
sprint9_multiseed_S8A_R2_seed7_S8A_R2_context_edge_film,S8A_R2_context_edge_film,graph_c_gatv2_context_edge_film_interaction,gatv2_graph_c_sprint8a_context_edge_film,gatv2,graph_c_context_observation,S5F2_energy,val,1604,10151,,1,0.10065494477748871
sprint9_multiseed_S8A_R2_seed7_S8A_R2_context_edge_film,S8A_R2_context_edge_film,graph_c_gatv2_context_edge_film_interaction,gatv2_graph_c_sprint8a_context_edge_film,gatv2,graph_c_context_observation,S5F2_energy,val,1605,10151,,1,0.10088308155536652
sprint9_multiseed_S8A_R2_seed7_S8A_R2_context_edge_film,S8A_R2_context_edge_film,graph_c_gatv2_context_edge_film_interaction,gatv2_graph_c_sprint8a_context_edge_film,gatv2,graph_c_context_observation,S5F2_energy,val,1606,10151,,0,0.1268472522497177
sprint9_multiseed_S8A_R2_seed7_S8A_R2_context_edge_film,S8A_R2_context_edge_film,graph_c_gatv2_context_edge_film_interaction,gatv2_graph_c_sprint8a_context_edge_film,gatv2,graph_c_context_observation,S5F2_energy,val,1607,10151,,0,0.11874090880155563
sprint9_multiseed_S8A_R2_seed7_S8A_R2_context_edge_film,S8A_R2_context_edge_film,graph_c_gatv2_context_edge_film_interaction,gatv2_graph_c_sprint8a_context_edge_film,gatv2,graph_c_context_observation,S5F2_energy,val,1608,10151,,1,0.11919496953487396
sprint9_multiseed_S8A_R2_seed7_S8A_R2_context_edge_film,S8A_R2_context_edge_film,graph_c_gatv2_context_edge_film_interaction,gatv2_graph_c_sprint8a_context_edge_film,gatv2,graph_c_context_observation,S5F2_energy,val,1609,10151,,1,0.10032813251018524
sprint9_multiseed_S8A_R2_seed7_S8A_R2_context_edge_film,S8A_R2_context_edge_film,graph_c_gatv2_context_edge_film_interaction,gatv2_graph_c_sprint8a_context_edge_film,gatv2,graph_c_context_observation,S5F2_energy,val,1610,10151,,1,0.14518791437149048
sprint9_multiseed_S8A_R2_seed7_S8A_R2_context_edge_film,S8A_R2_context_edge_film,graph_c_gatv2_context_edge_film_interaction,gatv2_graph_c_sprint8a_context_edge_film,gatv2,graph_c_context_observation,S5F2_energy,val,1611,10151,,0,0.10794296860694885
sprint9_multiseed_S8A_R2_seed7_S8A_R2_context_edge_film,S8A_R2_context_edge_film,graph_c_gatv2_context_edge_film_interaction,gatv2_graph_c_sprint8a_context_edge_film,gatv2,graph_c_context_observation,S5F2_energy,val,1612,10151,,1,0.11108168214559555
sprint9_multiseed_S8A_R2_seed7_S8A_R2_context_edge_film,S8A_R2_context_edge_film,graph_c_gatv2_context_edge_film_interaction,gatv2_graph_c_sprint8a_context_edge_film,gatv2,graph_c_context_observation,S5F2_energy,val,1613,10151,,0,0.1351599097251892
sprint9_multiseed_S8A_R2_seed7_S8A_R2_context_edge_film,S8A_R2_context_edge_film,graph_c_gatv2_context_edge_film_interaction,gatv2_graph_c_sprint8a_context_edge_film,gatv2,graph_c_context_observation,S5F2_energy,val,1614,10151,,0,0.11538179218769073
sprint9_multiseed_S8A_R2_seed7_S8A_R2_context_edge_film,S8A_R2_context_edge_film,graph_c_gatv2_context_edge_film_interaction,gatv2_graph_c_sprint8a_context_edge_film,gatv2,graph_c_context_observation,S5F2_energy,val,1615,10151,,1,0.11581545323133469
sprint9_multiseed_S8A_R2_seed7_S8A_R2_context_edge_film,S8A_R2_context_edge_film,graph_c_gatv2_context_edge_film_interaction,gatv2_graph_c_sprint8a_context_edge_film,gatv2,graph_c_context_observation,S5F2_energy,val,1616,10151,,1,0.11677108705043793
sprint9_multiseed_S8A_R2_seed7_S8A_R2_context_edge_film,S8A_R2_context_edge_film,graph_c_gatv2_context_edge_film_interaction,gatv2_graph_c_sprint8a_context_edge_film,gatv2,graph_c_context_observation,S5F2_energy,val,1617,10151,,1,0.11402066797018051
sprint9_multiseed_S8A_R2_seed7_S8A_R2_context_edge_film,S8A_R2_context_edge_film,graph_c_gatv2_context_edge_film_interaction,gatv2_graph_c_sprint8a_context_edge_film,gatv2,graph_c_context_observation,S5F2_energy,val,1618,10151,,0,0.08460598438978195
sprint9_multiseed_S8A_R2_seed7_S8A_R2_context_edge_film,S8A_R2_context_edge_film,graph_c_gatv2_context_edge_film_interaction,gatv2_graph_c_sprint8a_context_edge_film,gatv2,graph_c_context_observation,S5F2_energy,val,1619,10151,,0,0.09768764674663544
sprint9_multiseed_S8A_R2_seed7_S8A_R2_context_edge_film,S8A_R2_context_edge_film,graph_c_gatv2_context_edge_film_interaction,gatv2_graph_c_sprint8a_context_edge_film,gatv2,graph_c_context_observation,S5F2_energy,val,1620,10151,,0,0.09572314471006393
sprint9_multiseed_S8A_R2_seed7_S8A_R2_context_edge_film,S8A_R2_context_edge_film,graph_c_gatv2_context_edge_film_interaction,gatv2_graph_c_sprint8a_context_edge_film,gatv2,graph_c_context_observation,S5F2_energy,val,1621,10151,,1,0.12051267921924591
sprint9_multiseed_S8A_R2_seed7_S8A_R2_context_edge_film,S8A_R2_context_edge_film,graph_c_gatv2_context_edge_film_interaction,gatv2_graph_c_sprint8a_context_edge_film,gatv2,graph_c_context_observation,S5F2_energy,val,1622,10151,,0,0.10119613260030746
sprint9_multiseed_S8A_R2_seed7_S8A_R2_context_edge_film,S8A_R2_context_edge_film,graph_c_gatv2_context_edge_film_interaction,gatv2_graph_c_sprint8a_context_edge_film,gatv2,graph_c_context_observation,S5F2_energy,val,1623,10151,,0,0.12557002902030945
sprint9_multiseed_S8A_R2_seed7_S8A_R2_context_edge_film,S8A_R2_context_edge_film,graph_c_gatv2_context_edge_film_interaction,gatv2_graph_c_sprint8a_context_edge_film,gatv2,graph_c_context_observation,S5F2_energy,val,1624,10151,,0,0.09375423192977905
sprint9_multiseed_S8A_R2_seed7_S8A_R2_context_edge_film,S8A_R2_context_edge_film,graph_c_gatv2_context_edge_film_interaction,gatv2_graph_c_sprint8a_context_edge_film,gatv2,graph_c_context_observation,S5F2_energy,val,1625,10151,,1,0.10864891111850739
sprint9_multiseed_S8A_R2_seed7_S8A_R2_context_edge_film,S8A_R2_context_edge_film,graph_c_gatv2_context_edge_film_interaction,gatv2_graph_c_sprint8a_context_edge_film,gatv2,graph_c_context_observation,S5F2_energy,val,1626,10151,,1,0.11167830973863602
sprint9_multiseed_S8A_R2_seed7_S8A_R2_context_edge_film,S8A_R2_context_edge_film,graph_c_gatv2_context_edge_film_interaction,gatv2_graph_c_sprint8a_context_edge_film,gatv2,graph_c_context_observation,S5F2_energy,val,1627,10151,,0,0.10495255887508392
sprint9_multiseed_S8A_R2_seed7_S8A_R2_context_edge_film,S8A_R2_context_edge_film,graph_c_gatv2_context_edge_film_interaction,gatv2_graph_c_sprint8a_context_edge_film,gatv2,graph_c_context_observation,S5F2_energy,val,1628,10151,,0,0.08053764700889587
sprint9_multiseed_S8A_R2_seed7_S8A_R2_context_edge_film,S8A_R2_context_edge_film,graph_c_gatv2_context_edge_film_interaction,gatv2_graph_c_sprint8a_context_edge_film,gatv2,graph_c_context_observation,S5F2_energy,val,1629,10151,,1,0.09422333538532257
sprint9_multiseed_S8A_R2_seed7_S8A_R2_context_edge_film,S8A_R2_context_edge_film,graph_c_gatv2_context_edge_film_interaction,gatv2_graph_c_sprint8a_context_edge_film,gatv2,graph_c_context_observation,S5F2_energy,val,1630,10151,,0,0.0974733754992485
sprint9_multiseed_S8A_R2_seed7_S8A_R2_context_edge_film,S8A_R2_context_edge_film,graph_c_gatv2_context_edge_film_interaction,gatv2_graph_c_sprint8a_context_edge_film,gatv2,graph_c_context_observation,S5F2_energy,val,1631,10151,,0,0.12887726724147797
sprint9_multiseed_S8A_R2_seed7_S8A_R2_context_edge_film,S8A_R2_context_edge_film,graph_c_gatv2_context_edge_film_interaction,gatv2_graph_c_sprint8a_context_edge_film,gatv2,graph_c_context_observation,S5F2_energy,val,1632,10151,,0,0.1051231175661087
sprint9_multiseed_S8A_R2_seed7_S8A_R2_context_edge_film,S8A_R2_context_edge_film,graph_c_gatv2_context_edge_film_interaction,gatv2_graph_c_sprint8a_context_edge_film,gatv2,graph_c_context_observation,S5F2_energy,val,1633,10151,,0,0.09719996899366379
sprint9_multiseed_S8A_R2_seed7_S8A_R2_context_edge_film,S8A_R2_context_edge_film,graph_c_gatv2_context_edge_film_interaction,gatv2_graph_c_sprint8a_context_edge_film,gatv2,graph_c_context_observation,S5F2_energy,val,1634,10151,,0,0.11220818012952805
sprint9_multiseed_S8A_R2_seed7_S8A_R2_context_edge_film,S8A_R2_context_edge_film,graph_c_gatv2_context_edge_film_interaction,gatv2_graph_c_sprint8a_context_edge_film,gatv2,graph_c_context_observation,S5F2_energy,val,1635,10151,,1,0.11414051055908203
sprint9_multiseed_S8A_R2_seed7_S8A_R2_context_edge_film,S8A_R2_context_edge_film,graph_c_gatv2_context_edge_film_interaction,gatv2_graph_c_sprint8a_context_edge_film,gatv2,graph_c_context_observation,S5F2_energy,val,1636,10575,,1,0.5576828122138977
sprint9_multiseed_S8A_R2_seed7_S8A_R2_context_edge_film,S8A_R2_context_edge_film,graph_c_gatv2_context_edge_film_interaction,gatv2_graph_c_sprint8a_context_edge_film,gatv2,graph_c_context_observation,S5F2_energy,val,1637,10575,,1,0.39254695177078247
sprint9_multiseed_S8A_R2_seed7_S8A_R2_context_edge_film,S8A_R2_context_edge_film,graph_c_gatv2_context_edge_film_interaction,gatv2_graph_c_sprint8a_context_edge_film,gatv2,graph_c_context_observation,S5F2_energy,val,1638,10575,,0,0.4386959969997406
sprint9_multiseed_S8A_R2_seed7_S8A_R2_context_edge_film,S8A_R2_context_edge_film,graph_c_gatv2_context_edge_film_interaction,gatv2_graph_c_sprint8a_context_edge_film,gatv2,graph_c_context_observation,S5F2_energy,val,1639,10575,,1,0.43401890993118286
sprint9_multiseed_S8A_R2_seed7_S8A_R2_context_edge_film,S8A_R2_context_edge_film,graph_c_gatv2_context_edge_film_interaction,gatv2_graph_c_sprint8a_context_edge_film,gatv2,graph_c_context_observation,S5F2_energy,val,1640,10799,,1,0.6863760948181152
sprint9_multiseed_S8A_R2_seed7_S8A_R2_context_edge_film,S8A_R2_context_edge_film,graph_c_gatv2_context_edge_film_interaction,gatv2_graph_c_sprint8a_context_edge_film,gatv2,graph_c_context_observation,S5F2_energy,val,1641,10799,,1,0.48070380091667175
sprint9_multiseed_S8A_R2_seed7_S8A_R2_context_edge_film,S8A_R2_context_edge_film,graph_c_gatv2_context_edge_film_interaction,gatv2_graph_c_sprint8a_context_edge_film,gatv2,graph_c_context_observation,S5F2_energy,val,1642,10799,,1,0.5336379408836365
sprint9_multiseed_S8A_R2_seed7_S8A_R2_context_edge_film,S8A_R2_context_edge_film,graph_c_gatv2_context_edge_film_interaction,gatv2_graph_c_sprint8a_context_edge_film,gatv2,graph_c_context_observation,S5F2_energy,val,1643,10799,,1,0.4429774284362793
sprint9_multiseed_S8A_R2_seed7_S8A_R2_context_edge_film,S8A_R2_context_edge_film,graph_c_gatv2_context_edge_film_interaction,gatv2_graph_c_sprint8a_context_edge_film,gatv2,graph_c_context_observation,S5F2_energy,val,1644,10799,,1,0.5644246339797974
sprint9_multiseed_S8A_R2_seed7_S8A_R2_context_edge_film,S8A_R2_context_edge_film,graph_c_gatv2_context_edge_film_interaction,gatv2_graph_c_sprint8a_context_edge_film,gatv2,graph_c_context_observation,S5F2_energy,val,1645,10799,,1,0.4385231137275696
sprint9_multiseed_S8A_R2_seed7_S8A_R2_context_edge_film,S8A_R2_context_edge_film,graph_c_gatv2_context_edge_film_interaction,gatv2_graph_c_sprint8a_context_edge_film,gatv2,graph_c_context_observation,S5F2_energy,val,1646,10799,,1,0.45373621582984924
sprint9_multiseed_S8A_R2_seed7_S8A_R2_context_edge_film,S8A_R2_context_edge_film,graph_c_gatv2_context_edge_film_interaction,gatv2_graph_c_sprint8a_context_edge_film,gatv2,graph_c_context_observation,S5F2_energy,val,1647,10799,,1,0.5494523048400879
sprint9_multiseed_S8A_R2_seed7_S8A_R2_context_edge_film,S8A_R2_context_edge_film,graph_c_gatv2_context_edge_film_interaction,gatv2_graph_c_sprint8a_context_edge_film,gatv2,graph_c_context_observation,S5F2_energy,val,1648,10799,,1,0.4577065706253052
sprint9_multiseed_S8A_R2_seed7_S8A_R2_context_edge_film,S8A_R2_context_edge_film,graph_c_gatv2_context_edge_film_interaction,gatv2_graph_c_sprint8a_context_edge_film,gatv2,graph_c_context_observation,S5F2_energy,val,1649,10799,,0,0.41525590419769287
sprint9_multiseed_S8A_R2_seed7_S8A_R2_context_edge_film,S8A_R2_context_edge_film,graph_c_gatv2_context_edge_film_interaction,gatv2_graph_c_sprint8a_context_edge_film,gatv2,graph_c_context_observation,S5F2_energy,val,1650,10799,,1,0.42198050022125244
sprint9_multiseed_S8A_R2_seed7_S8A_R2_context_edge_film,S8A_R2_context_edge_film,graph_c_gatv2_context_edge_film_interaction,gatv2_graph_c_sprint8a_context_edge_film,gatv2,graph_c_context_observation,S5F2_energy,val,1651,10799,,1,0.44031503796577454
sprint9_multiseed_S8A_R2_seed7_S8A_R2_context_edge_film,S8A_R2_context_edge_film,graph_c_gatv2_context_edge_film_interaction,gatv2_graph_c_sprint8a_context_edge_film,gatv2,graph_c_context_observation,S5F2_energy,val,1652,10799,,1,0.43926510214805603
sprint9_multiseed_S8A_R2_seed7_S8A_R2_context_edge_film,S8A_R2_context_edge_film,graph_c_gatv2_context_edge_film_interaction,gatv2_graph_c_sprint8a_context_edge_film,gatv2,graph_c_context_observation,S5F2_energy,val,1653,10799,,1,0.4824472665786743
sprint9_multiseed_S8A_R2_seed7_S8A_R2_context_edge_film,S8A_R2_context_edge_film,graph_c_gatv2_context_edge_film_interaction,gatv2_graph_c_sprint8a_context_edge_film,gatv2,graph_c_context_observation,S5F2_energy,val,1654,10799,,0,0.47654736042022705
sprint9_multiseed_S8A_R2_seed7_S8A_R2_context_edge_film,S8A_R2_context_edge_film,graph_c_gatv2_context_edge_film_interaction,gatv2_graph_c_sprint8a_context_edge_film,gatv2,graph_c_context_observation,S5F2_energy,val,1655,10799,,1,0.43913793563842773
sprint9_multiseed_S8A_R2_seed7_S8A_R2_context_edge_film,S8A_R2_context_edge_film,graph_c_gatv2_context_edge_film_interaction,gatv2_graph_c_sprint8a_context_edge_film,gatv2,graph_c_context_observation,S5F2_energy,val,1656,10799,,1,0.4494047164916992
sprint9_multiseed_S8A_R2_seed7_S8A_R2_context_edge_film,S8A_R2_context_edge_film,graph_c_gatv2_context_edge_film_interaction,gatv2_graph_c_sprint8a_context_edge_film,gatv2,graph_c_context_observation,S5F2_energy,val,1657,10799,,1,0.616981565952301
sprint9_multiseed_S8A_R2_seed7_S8A_R2_context_edge_film,S8A_R2_context_edge_film,graph_c_gatv2_context_edge_film_interaction,gatv2_graph_c_sprint8a_context_edge_film,gatv2,graph_c_context_observation,S5F2_energy,val,1658,10799,,1,0.40484029054641724
sprint9_multiseed_S8A_R2_seed7_S8A_R2_context_edge_film,S8A_R2_context_edge_film,graph_c_gatv2_context_edge_film_interaction,gatv2_graph_c_sprint8a_context_edge_film,gatv2,graph_c_context_observation,S5F2_energy,val,1659,10799,,1,0.496629923582077
sprint9_multiseed_S8A_R2_seed7_S8A_R2_context_edge_film,S8A_R2_context_edge_film,graph_c_gatv2_context_edge_film_interaction,gatv2_graph_c_sprint8a_context_edge_film,gatv2,graph_c_context_observation,S5F2_energy,val,1660,10799,,1,0.4394845962524414
sprint9_multiseed_S8A_R2_seed7_S8A_R2_context_edge_film,S8A_R2_context_edge_film,graph_c_gatv2_context_edge_film_interaction,gatv2_graph_c_sprint8a_context_edge_film,gatv2,graph_c_context_observation,S5F2_energy,val,1661,10799,,1,0.4003211557865143
sprint9_multiseed_S8A_R2_seed7_S8A_R2_context_edge_film,S8A_R2_context_edge_film,graph_c_gatv2_context_edge_film_interaction,gatv2_graph_c_sprint8a_context_edge_film,gatv2,graph_c_context_observation,S5F2_energy,val,1662,10799,,1,0.443774551153183
sprint9_multiseed_S8A_R2_seed7_S8A_R2_context_edge_film,S8A_R2_context_edge_film,graph_c_gatv2_context_edge_film_interaction,gatv2_graph_c_sprint8a_context_edge_film,gatv2,graph_c_context_observation,S5F2_energy,val,1663,10799,,1,0.44158628582954407
sprint9_multiseed_S8A_R2_seed7_S8A_R2_context_edge_film,S8A_R2_context_edge_film,graph_c_gatv2_context_edge_film_interaction,gatv2_graph_c_sprint8a_context_edge_film,gatv2,graph_c_context_observation,S5F2_energy,val,1664,10799,,1,0.48774662613868713
sprint9_multiseed_S8A_R2_seed7_S8A_R2_context_edge_film,S8A_R2_context_edge_film,graph_c_gatv2_context_edge_film_interaction,gatv2_graph_c_sprint8a_context_edge_film,gatv2,graph_c_context_observation,S5F2_energy,val,1665,10799,,1,0.43169957399368286
sprint9_multiseed_S8A_R2_seed7_S8A_R2_context_edge_film,S8A_R2_context_edge_film,graph_c_gatv2_context_edge_film_interaction,gatv2_graph_c_sprint8a_context_edge_film,gatv2,graph_c_context_observation,S5F2_energy,val,1666,10799,,1,0.48909544944763184
sprint9_multiseed_S8A_R2_seed7_S8A_R2_context_edge_film,S8A_R2_context_edge_film,graph_c_gatv2_context_edge_film_interaction,gatv2_graph_c_sprint8a_context_edge_film,gatv2,graph_c_context_observation,S5F2_energy,val,1667,10799,,1,0.42218655347824097
sprint9_multiseed_S8A_R2_seed7_S8A_R2_context_edge_film,S8A_R2_context_edge_film,graph_c_gatv2_context_edge_film_interaction,gatv2_graph_c_sprint8a_context_edge_film,gatv2,graph_c_context_observation,S5F2_energy,val,1668,10843,,1,0.355376273393631
sprint9_multiseed_S8A_R2_seed7_S8A_R2_context_edge_film,S8A_R2_context_edge_film,graph_c_gatv2_context_edge_film_interaction,gatv2_graph_c_sprint8a_context_edge_film,gatv2,graph_c_context_observation,S5F2_energy,val,1669,10843,,1,0.2544437646865845
sprint9_multiseed_S8A_R2_seed7_S8A_R2_context_edge_film,S8A_R2_context_edge_film,graph_c_gatv2_context_edge_film_interaction,gatv2_graph_c_sprint8a_context_edge_film,gatv2,graph_c_context_observation,S5F2_energy,val,1670,10843,,1,0.17739741504192352
sprint9_multiseed_S8A_R2_seed7_S8A_R2_context_edge_film,S8A_R2_context_edge_film,graph_c_gatv2_context_edge_film_interaction,gatv2_graph_c_sprint8a_context_edge_film,gatv2,graph_c_context_observation,S5F2_energy,val,1671,10843,,1,0.22752469778060913
sprint9_multiseed_S8A_R2_seed7_S8A_R2_context_edge_film,S8A_R2_context_edge_film,graph_c_gatv2_context_edge_film_interaction,gatv2_graph_c_sprint8a_context_edge_film,gatv2,graph_c_context_observation,S5F2_energy,val,1672,10843,,1,0.2721462547779083
sprint9_multiseed_S8A_R2_seed7_S8A_R2_context_edge_film,S8A_R2_context_edge_film,graph_c_gatv2_context_edge_film_interaction,gatv2_graph_c_sprint8a_context_edge_film,gatv2,graph_c_context_observation,S5F2_energy,val,1673,10843,,1,0.19271965324878693
sprint9_multiseed_S8A_R2_seed7_S8A_R2_context_edge_film,S8A_R2_context_edge_film,graph_c_gatv2_context_edge_film_interaction,gatv2_graph_c_sprint8a_context_edge_film,gatv2,graph_c_context_observation,S5F2_energy,val,1674,10843,,1,0.21027790009975433
sprint9_multiseed_S8A_R2_seed7_S8A_R2_context_edge_film,S8A_R2_context_edge_film,graph_c_gatv2_context_edge_film_interaction,gatv2_graph_c_sprint8a_context_edge_film,gatv2,graph_c_context_observation,S5F2_energy,val,1675,10843,,1,0.21960842609405518
sprint9_multiseed_S8A_R2_seed7_S8A_R2_context_edge_film,S8A_R2_context_edge_film,graph_c_gatv2_context_edge_film_interaction,gatv2_graph_c_sprint8a_context_edge_film,gatv2,graph_c_context_observation,S5F2_energy,val,1676,10843,,1,0.16200245916843414
sprint9_multiseed_S8A_R2_seed7_S8A_R2_context_edge_film,S8A_R2_context_edge_film,graph_c_gatv2_context_edge_film_interaction,gatv2_graph_c_sprint8a_context_edge_film,gatv2,graph_c_context_observation,S5F2_energy,val,1677,10843,,1,0.21001197397708893
sprint9_multiseed_S8A_R2_seed7_S8A_R2_context_edge_film,S8A_R2_context_edge_film,graph_c_gatv2_context_edge_film_interaction,gatv2_graph_c_sprint8a_context_edge_film,gatv2,graph_c_context_observation,S5F2_energy,val,1678,10843,,1,0.19569921493530273
sprint9_multiseed_S8A_R2_seed7_S8A_R2_context_edge_film,S8A_R2_context_edge_film,graph_c_gatv2_context_edge_film_interaction,gatv2_graph_c_sprint8a_context_edge_film,gatv2,graph_c_context_observation,S5F2_energy,val,1679,10843,,1,0.1905498206615448
sprint9_multiseed_S8A_R2_seed7_S8A_R2_context_edge_film,S8A_R2_context_edge_film,graph_c_gatv2_context_edge_film_interaction,gatv2_graph_c_sprint8a_context_edge_film,gatv2,graph_c_context_observation,S5F2_energy,val,1680,10843,,0,0.12104183435440063
sprint9_multiseed_S8A_R2_seed7_S8A_R2_context_edge_film,S8A_R2_context_edge_film,graph_c_gatv2_context_edge_film_interaction,gatv2_graph_c_sprint8a_context_edge_film,gatv2,graph_c_context_observation,S5F2_energy,val,1681,10856,,1,0.7871077060699463
sprint9_multiseed_S8A_R2_seed7_S8A_R2_context_edge_film,S8A_R2_context_edge_film,graph_c_gatv2_context_edge_film_interaction,gatv2_graph_c_sprint8a_context_edge_film,gatv2,graph_c_context_observation,S5F2_energy,val,1682,10856,,1,0.7545127868652344
sprint9_multiseed_S8A_R2_seed7_S8A_R2_context_edge_film,S8A_R2_context_edge_film,graph_c_gatv2_context_edge_film_interaction,gatv2_graph_c_sprint8a_context_edge_film,gatv2,graph_c_context_observation,S5F2_energy,val,1683,10856,,1,0.6688164472579956
sprint9_multiseed_S8A_R2_seed7_S8A_R2_context_edge_film,S8A_R2_context_edge_film,graph_c_gatv2_context_edge_film_interaction,gatv2_graph_c_sprint8a_context_edge_film,gatv2,graph_c_context_observation,S5F2_energy,val,1684,10856,,1,0.7300185561180115
sprint9_multiseed_S8A_R2_seed7_S8A_R2_context_edge_film,S8A_R2_context_edge_film,graph_c_gatv2_context_edge_film_interaction,gatv2_graph_c_sprint8a_context_edge_film,gatv2,graph_c_context_observation,S5F2_energy,val,1685,10856,,1,0.580984354019165
sprint9_multiseed_S8A_R2_seed7_S8A_R2_context_edge_film,S8A_R2_context_edge_film,graph_c_gatv2_context_edge_film_interaction,gatv2_graph_c_sprint8a_context_edge_film,gatv2,graph_c_context_observation,S5F2_energy,val,1686,10856,,1,0.5975657105445862
sprint9_multiseed_S8A_R2_seed7_S8A_R2_context_edge_film,S8A_R2_context_edge_film,graph_c_gatv2_context_edge_film_interaction,gatv2_graph_c_sprint8a_context_edge_film,gatv2,graph_c_context_observation,S5F2_energy,val,1687,10856,,1,0.6003599762916565
sprint9_multiseed_S8A_R2_seed7_S8A_R2_context_edge_film,S8A_R2_context_edge_film,graph_c_gatv2_context_edge_film_interaction,gatv2_graph_c_sprint8a_context_edge_film,gatv2,graph_c_context_observation,S5F2_energy,val,1688,10856,,1,0.6181322336196899
sprint9_multiseed_S8A_R2_seed7_S8A_R2_context_edge_film,S8A_R2_context_edge_film,graph_c_gatv2_context_edge_film_interaction,gatv2_graph_c_sprint8a_context_edge_film,gatv2,graph_c_context_observation,S5F2_energy,val,1689,10856,,1,0.485281378030777
sprint9_multiseed_S8A_R2_seed7_S8A_R2_context_edge_film,S8A_R2_context_edge_film,graph_c_gatv2_context_edge_film_interaction,gatv2_graph_c_sprint8a_context_edge_film,gatv2,graph_c_context_observation,S5F2_energy,val,1690,10856,,1,0.6684355139732361
sprint9_multiseed_S8A_R2_seed7_S8A_R2_context_edge_film,S8A_R2_context_edge_film,graph_c_gatv2_context_edge_film_interaction,gatv2_graph_c_sprint8a_context_edge_film,gatv2,graph_c_context_observation,S5F2_energy,val,1691,10856,,1,0.5866426825523376
sprint9_multiseed_S8A_R2_seed7_S8A_R2_context_edge_film,S8A_R2_context_edge_film,graph_c_gatv2_context_edge_film_interaction,gatv2_graph_c_sprint8a_context_edge_film,gatv2,graph_c_context_observation,S5F2_energy,val,1692,10962,,1,0.5275722146034241
sprint9_multiseed_S8A_R2_seed7_S8A_R2_context_edge_film,S8A_R2_context_edge_film,graph_c_gatv2_context_edge_film_interaction,gatv2_graph_c_sprint8a_context_edge_film,gatv2,graph_c_context_observation,S5F2_energy,val,1693,10962,,1,0.6727071404457092
sprint9_multiseed_S8A_R2_seed7_S8A_R2_context_edge_film,S8A_R2_context_edge_film,graph_c_gatv2_context_edge_film_interaction,gatv2_graph_c_sprint8a_context_edge_film,gatv2,graph_c_context_observation,S5F2_energy,val,1694,10962,,1,0.47960296273231506
sprint9_multiseed_S8A_R2_seed7_S8A_R2_context_edge_film,S8A_R2_context_edge_film,graph_c_gatv2_context_edge_film_interaction,gatv2_graph_c_sprint8a_context_edge_film,gatv2,graph_c_context_observation,S5F2_energy,val,1695,10962,,1,0.6050827503204346
sprint9_multiseed_S8A_R2_seed7_S8A_R2_context_edge_film,S8A_R2_context_edge_film,graph_c_gatv2_context_edge_film_interaction,gatv2_graph_c_sprint8a_context_edge_film,gatv2,graph_c_context_observation,S5F2_energy,val,1696,10962,,1,0.4460737705230713
sprint9_multiseed_S8A_R2_seed7_S8A_R2_context_edge_film,S8A_R2_context_edge_film,graph_c_gatv2_context_edge_film_interaction,gatv2_graph_c_sprint8a_context_edge_film,gatv2,graph_c_context_observation,S5F2_energy,val,1697,10962,,1,0.4694323241710663
sprint9_multiseed_S8A_R2_seed7_S8A_R2_context_edge_film,S8A_R2_context_edge_film,graph_c_gatv2_context_edge_film_interaction,gatv2_graph_c_sprint8a_context_edge_film,gatv2,graph_c_context_observation,S5F2_energy,val,1698,10962,,1,0.45320236682891846
sprint9_multiseed_S8A_R2_seed7_S8A_R2_context_edge_film,S8A_R2_context_edge_film,graph_c_gatv2_context_edge_film_interaction,gatv2_graph_c_sprint8a_context_edge_film,gatv2,graph_c_context_observation,S5F2_energy,val,1699,11040,,1,0.652789294719696
sprint9_multiseed_S8A_R2_seed7_S8A_R2_context_edge_film,S8A_R2_context_edge_film,graph_c_gatv2_context_edge_film_interaction,gatv2_graph_c_sprint8a_context_edge_film,gatv2,graph_c_context_observation,S5F2_energy,val,1700,11040,,1,0.5199709534645081
sprint9_multiseed_S8A_R2_seed7_S8A_R2_context_edge_film,S8A_R2_context_edge_film,graph_c_gatv2_context_edge_film_interaction,gatv2_graph_c_sprint8a_context_edge_film,gatv2,graph_c_context_observation,S5F2_energy,val,1701,11040,,1,0.5053649544715881
sprint9_multiseed_S8A_R2_seed7_S8A_R2_context_edge_film,S8A_R2_context_edge_film,graph_c_gatv2_context_edge_film_interaction,gatv2_graph_c_sprint8a_context_edge_film,gatv2,graph_c_context_observation,S5F2_energy,val,1702,11040,,1,0.48123037815093994
sprint9_multiseed_S8A_R2_seed7_S8A_R2_context_edge_film,S8A_R2_context_edge_film,graph_c_gatv2_context_edge_film_interaction,gatv2_graph_c_sprint8a_context_edge_film,gatv2,graph_c_context_observation,S5F2_energy,val,1703,11040,,1,0.4646279215812683
sprint9_multiseed_S8A_R2_seed7_S8A_R2_context_edge_film,S8A_R2_context_edge_film,graph_c_gatv2_context_edge_film_interaction,gatv2_graph_c_sprint8a_context_edge_film,gatv2,graph_c_context_observation,S5F2_energy,val,1704,11040,,1,0.512395441532135
sprint9_multiseed_S8A_R2_seed7_S8A_R2_context_edge_film,S8A_R2_context_edge_film,graph_c_gatv2_context_edge_film_interaction,gatv2_graph_c_sprint8a_context_edge_film,gatv2,graph_c_context_observation,S5F2_energy,val,1705,11040,,1,0.5961778163909912
sprint9_multiseed_S8A_R2_seed7_S8A_R2_context_edge_film,S8A_R2_context_edge_film,graph_c_gatv2_context_edge_film_interaction,gatv2_graph_c_sprint8a_context_edge_film,gatv2,graph_c_context_observation,S5F2_energy,val,1706,11040,,1,0.49290406703948975
sprint9_multiseed_S8A_R2_seed7_S8A_R2_context_edge_film,S8A_R2_context_edge_film,graph_c_gatv2_context_edge_film_interaction,gatv2_graph_c_sprint8a_context_edge_film,gatv2,graph_c_context_observation,S5F2_energy,val,1707,11040,,1,0.6009435057640076
sprint9_multiseed_S8A_R2_seed7_S8A_R2_context_edge_film,S8A_R2_context_edge_film,graph_c_gatv2_context_edge_film_interaction,gatv2_graph_c_sprint8a_context_edge_film,gatv2,graph_c_context_observation,S5F2_energy,val,1708,11065,,1,0.48219332098960876
sprint9_multiseed_S8A_R2_seed7_S8A_R2_context_edge_film,S8A_R2_context_edge_film,graph_c_gatv2_context_edge_film_interaction,gatv2_graph_c_sprint8a_context_edge_film,gatv2,graph_c_context_observation,S5F2_energy,val,1709,11065,,1,0.6799100041389465
sprint9_multiseed_S8A_R2_seed7_S8A_R2_context_edge_film,S8A_R2_context_edge_film,graph_c_gatv2_context_edge_film_interaction,gatv2_graph_c_sprint8a_context_edge_film,gatv2,graph_c_context_observation,S5F2_energy,val,1710,11065,,1,0.5085638165473938
sprint9_multiseed_S8A_R2_seed7_S8A_R2_context_edge_film,S8A_R2_context_edge_film,graph_c_gatv2_context_edge_film_interaction,gatv2_graph_c_sprint8a_context_edge_film,gatv2,graph_c_context_observation,S5F2_energy,val,1711,11065,,1,0.30232200026512146
sprint9_multiseed_S8A_R2_seed7_S8A_R2_context_edge_film,S8A_R2_context_edge_film,graph_c_gatv2_context_edge_film_interaction,gatv2_graph_c_sprint8a_context_edge_film,gatv2,graph_c_context_observation,S5F2_energy,val,1712,11065,,1,0.39598220586776733
sprint9_multiseed_S8A_R2_seed7_S8A_R2_context_edge_film,S8A_R2_context_edge_film,graph_c_gatv2_context_edge_film_interaction,gatv2_graph_c_sprint8a_context_edge_film,gatv2,graph_c_context_observation,S5F2_energy,val,1713,11065,,1,0.35324060916900635
sprint9_multiseed_S8A_R2_seed7_S8A_R2_context_edge_film,S8A_R2_context_edge_film,graph_c_gatv2_context_edge_film_interaction,gatv2_graph_c_sprint8a_context_edge_film,gatv2,graph_c_context_observation,S5F2_energy,val,1714,11065,,1,0.30312949419021606
sprint9_multiseed_S8A_R2_seed7_S8A_R2_context_edge_film,S8A_R2_context_edge_film,graph_c_gatv2_context_edge_film_interaction,gatv2_graph_c_sprint8a_context_edge_film,gatv2,graph_c_context_observation,S5F2_energy,val,1715,11065,,1,0.32041287422180176
sprint9_multiseed_S8A_R2_seed7_S8A_R2_context_edge_film,S8A_R2_context_edge_film,graph_c_gatv2_context_edge_film_interaction,gatv2_graph_c_sprint8a_context_edge_film,gatv2,graph_c_context_observation,S5F2_energy,val,1716,11065,,1,0.3644575774669647
sprint9_multiseed_S8A_R2_seed7_S8A_R2_context_edge_film,S8A_R2_context_edge_film,graph_c_gatv2_context_edge_film_interaction,gatv2_graph_c_sprint8a_context_edge_film,gatv2,graph_c_context_observation,S5F2_energy,val,1717,11065,,1,0.39601871371269226
sprint9_multiseed_S8A_R2_seed7_S8A_R2_context_edge_film,S8A_R2_context_edge_film,graph_c_gatv2_context_edge_film_interaction,gatv2_graph_c_sprint8a_context_edge_film,gatv2,graph_c_context_observation,S5F2_energy,val,1718,11065,,1,0.34283727407455444
sprint9_multiseed_S8A_R2_seed7_S8A_R2_context_edge_film,S8A_R2_context_edge_film,graph_c_gatv2_context_edge_film_interaction,gatv2_graph_c_sprint8a_context_edge_film,gatv2,graph_c_context_observation,S5F2_energy,val,1719,11065,,1,0.44797590374946594
sprint9_multiseed_S8A_R2_seed7_S8A_R2_context_edge_film,S8A_R2_context_edge_film,graph_c_gatv2_context_edge_film_interaction,gatv2_graph_c_sprint8a_context_edge_film,gatv2,graph_c_context_observation,S5F2_energy,val,1720,11065,,1,0.4590221643447876
sprint9_multiseed_S8A_R2_seed7_S8A_R2_context_edge_film,S8A_R2_context_edge_film,graph_c_gatv2_context_edge_film_interaction,gatv2_graph_c_sprint8a_context_edge_film,gatv2,graph_c_context_observation,S5F2_energy,val,1721,11065,,1,0.2717902362346649
sprint9_multiseed_S8A_R2_seed7_S8A_R2_context_edge_film,S8A_R2_context_edge_film,graph_c_gatv2_context_edge_film_interaction,gatv2_graph_c_sprint8a_context_edge_film,gatv2,graph_c_context_observation,S5F2_energy,val,1722,11065,,1,0.36409470438957214
sprint9_multiseed_S8A_R2_seed7_S8A_R2_context_edge_film,S8A_R2_context_edge_film,graph_c_gatv2_context_edge_film_interaction,gatv2_graph_c_sprint8a_context_edge_film,gatv2,graph_c_context_observation,S5F2_energy,val,1723,11065,,1,0.27548345923423767
sprint9_multiseed_S8A_R2_seed7_S8A_R2_context_edge_film,S8A_R2_context_edge_film,graph_c_gatv2_context_edge_film_interaction,gatv2_graph_c_sprint8a_context_edge_film,gatv2,graph_c_context_observation,S5F2_energy,val,1724,11065,,1,0.39141401648521423
sprint9_multiseed_S8A_R2_seed7_S8A_R2_context_edge_film,S8A_R2_context_edge_film,graph_c_gatv2_context_edge_film_interaction,gatv2_graph_c_sprint8a_context_edge_film,gatv2,graph_c_context_observation,S5F2_energy,val,1725,11065,,1,0.22414258122444153
sprint9_multiseed_S8A_R2_seed7_S8A_R2_context_edge_film,S8A_R2_context_edge_film,graph_c_gatv2_context_edge_film_interaction,gatv2_graph_c_sprint8a_context_edge_film,gatv2,graph_c_context_observation,S5F2_energy,val,1726,11065,,1,0.39737075567245483
sprint9_multiseed_S8A_R2_seed7_S8A_R2_context_edge_film,S8A_R2_context_edge_film,graph_c_gatv2_context_edge_film_interaction,gatv2_graph_c_sprint8a_context_edge_film,gatv2,graph_c_context_observation,S5F2_energy,val,1727,11065,,1,0.23180679976940155
sprint9_multiseed_S8A_R2_seed7_S8A_R2_context_edge_film,S8A_R2_context_edge_film,graph_c_gatv2_context_edge_film_interaction,gatv2_graph_c_sprint8a_context_edge_film,gatv2,graph_c_context_observation,S5F2_energy,val,1728,11065,,1,0.3476789891719818
sprint9_multiseed_S8A_R2_seed7_S8A_R2_context_edge_film,S8A_R2_context_edge_film,graph_c_gatv2_context_edge_film_interaction,gatv2_graph_c_sprint8a_context_edge_film,gatv2,graph_c_context_observation,S5F2_energy,val,1729,11065,,1,0.23890535533428192
sprint9_multiseed_S8A_R2_seed7_S8A_R2_context_edge_film,S8A_R2_context_edge_film,graph_c_gatv2_context_edge_film_interaction,gatv2_graph_c_sprint8a_context_edge_film,gatv2,graph_c_context_observation,S5F2_energy,val,1730,11065,,1,0.30524659156799316
sprint9_multiseed_S8A_R2_seed7_S8A_R2_context_edge_film,S8A_R2_context_edge_film,graph_c_gatv2_context_edge_film_interaction,gatv2_graph_c_sprint8a_context_edge_film,gatv2,graph_c_context_observation,S5F2_energy,val,1731,11065,,1,0.4497565031051636
sprint9_multiseed_S8A_R2_seed7_S8A_R2_context_edge_film,S8A_R2_context_edge_film,graph_c_gatv2_context_edge_film_interaction,gatv2_graph_c_sprint8a_context_edge_film,gatv2,graph_c_context_observation,S5F2_energy,val,1732,11065,,1,0.2504946291446686
sprint9_multiseed_S8A_R2_seed7_S8A_R2_context_edge_film,S8A_R2_context_edge_film,graph_c_gatv2_context_edge_film_interaction,gatv2_graph_c_sprint8a_context_edge_film,gatv2,graph_c_context_observation,S5F2_energy,val,1733,11065,,1,0.2835099399089813
sprint9_multiseed_S8A_R2_seed7_S8A_R2_context_edge_film,S8A_R2_context_edge_film,graph_c_gatv2_context_edge_film_interaction,gatv2_graph_c_sprint8a_context_edge_film,gatv2,graph_c_context_observation,S5F2_energy,test,0,228,,1,0.240727961063385
sprint9_multiseed_S8A_R2_seed7_S8A_R2_context_edge_film,S8A_R2_context_edge_film,graph_c_gatv2_context_edge_film_interaction,gatv2_graph_c_sprint8a_context_edge_film,gatv2,graph_c_context_observation,S5F2_energy,test,1,228,,1,0.3474811613559723
sprint9_multiseed_S8A_R2_seed7_S8A_R2_context_edge_film,S8A_R2_context_edge_film,graph_c_gatv2_context_edge_film_interaction,gatv2_graph_c_sprint8a_context_edge_film,gatv2,graph_c_context_observation,S5F2_energy,test,2,228,,0,0.320272296667099
sprint9_multiseed_S8A_R2_seed7_S8A_R2_context_edge_film,S8A_R2_context_edge_film,graph_c_gatv2_context_edge_film_interaction,gatv2_graph_c_sprint8a_context_edge_film,gatv2,graph_c_context_observation,S5F2_energy,test,3,228,,0,0.3067297339439392
sprint9_multiseed_S8A_R2_seed7_S8A_R2_context_edge_film,S8A_R2_context_edge_film,graph_c_gatv2_context_edge_film_interaction,gatv2_graph_c_sprint8a_context_edge_film,gatv2,graph_c_context_observation,S5F2_energy,test,4,228,,1,0.3019742965698242
sprint9_multiseed_S8A_R2_seed7_S8A_R2_context_edge_film,S8A_R2_context_edge_film,graph_c_gatv2_context_edge_film_interaction,gatv2_graph_c_sprint8a_context_edge_film,gatv2,graph_c_context_observation,S5F2_energy,test,5,228,,0,0.34131982922554016
sprint9_multiseed_S8A_R2_seed7_S8A_R2_context_edge_film,S8A_R2_context_edge_film,graph_c_gatv2_context_edge_film_interaction,gatv2_graph_c_sprint8a_context_edge_film,gatv2,graph_c_context_observation,S5F2_energy,test,6,228,,0,0.31863585114479065
sprint9_multiseed_S8A_R2_seed7_S8A_R2_context_edge_film,S8A_R2_context_edge_film,graph_c_gatv2_context_edge_film_interaction,gatv2_graph_c_sprint8a_context_edge_film,gatv2,graph_c_context_observation,S5F2_energy,test,7,228,,1,0.44940558075904846
sprint9_multiseed_S8A_R2_seed7_S8A_R2_context_edge_film,S8A_R2_context_edge_film,graph_c_gatv2_context_edge_film_interaction,gatv2_graph_c_sprint8a_context_edge_film,gatv2,graph_c_context_observation,S5F2_energy,test,8,228,,0,0.3156498968601227
sprint9_multiseed_S8A_R2_seed7_S8A_R2_context_edge_film,S8A_R2_context_edge_film,graph_c_gatv2_context_edge_film_interaction,gatv2_graph_c_sprint8a_context_edge_film,gatv2,graph_c_context_observation,S5F2_energy,test,9,228,,0,0.29109159111976624
sprint9_multiseed_S8A_R2_seed7_S8A_R2_context_edge_film,S8A_R2_context_edge_film,graph_c_gatv2_context_edge_film_interaction,gatv2_graph_c_sprint8a_context_edge_film,gatv2,graph_c_context_observation,S5F2_energy,test,10,228,,1,0.32691118121147156
sprint9_multiseed_S8A_R2_seed7_S8A_R2_context_edge_film,S8A_R2_context_edge_film,graph_c_gatv2_context_edge_film_interaction,gatv2_graph_c_sprint8a_context_edge_film,gatv2,graph_c_context_observation,S5F2_energy,test,11,228,,0,0.32044002413749695
sprint9_multiseed_S8A_R2_seed7_S8A_R2_context_edge_film,S8A_R2_context_edge_film,graph_c_gatv2_context_edge_film_interaction,gatv2_graph_c_sprint8a_context_edge_film,gatv2,graph_c_context_observation,S5F2_energy,test,12,278,,1,0.6731555461883545
sprint9_multiseed_S8A_R2_seed7_S8A_R2_context_edge_film,S8A_R2_context_edge_film,graph_c_gatv2_context_edge_film_interaction,gatv2_graph_c_sprint8a_context_edge_film,gatv2,graph_c_context_observation,S5F2_energy,test,13,278,,1,0.4983483552932739
sprint9_multiseed_S8A_R2_seed7_S8A_R2_context_edge_film,S8A_R2_context_edge_film,graph_c_gatv2_context_edge_film_interaction,gatv2_graph_c_sprint8a_context_edge_film,gatv2,graph_c_context_observation,S5F2_energy,test,14,278,,1,0.1827537566423416
sprint9_multiseed_S8A_R2_seed7_S8A_R2_context_edge_film,S8A_R2_context_edge_film,graph_c_gatv2_context_edge_film_interaction,gatv2_graph_c_sprint8a_context_edge_film,gatv2,graph_c_context_observation,S5F2_energy,test,15,278,,1,0.40155982971191406
sprint9_multiseed_S8A_R2_seed7_S8A_R2_context_edge_film,S8A_R2_context_edge_film,graph_c_gatv2_context_edge_film_interaction,gatv2_graph_c_sprint8a_context_edge_film,gatv2,graph_c_context_observation,S5F2_energy,test,16,278,,1,0.1626751869916916
sprint9_multiseed_S8A_R2_seed7_S8A_R2_context_edge_film,S8A_R2_context_edge_film,graph_c_gatv2_context_edge_film_interaction,gatv2_graph_c_sprint8a_context_edge_film,gatv2,graph_c_context_observation,S5F2_energy,test,17,278,,1,0.19780559837818146
sprint9_multiseed_S8A_R2_seed7_S8A_R2_context_edge_film,S8A_R2_context_edge_film,graph_c_gatv2_context_edge_film_interaction,gatv2_graph_c_sprint8a_context_edge_film,gatv2,graph_c_context_observation,S5F2_energy,test,18,278,,1,0.15111865103244781
sprint9_multiseed_S8A_R2_seed7_S8A_R2_context_edge_film,S8A_R2_context_edge_film,graph_c_gatv2_context_edge_film_interaction,gatv2_graph_c_sprint8a_context_edge_film,gatv2,graph_c_context_observation,S5F2_energy,test,19,278,,1,0.28921499848365784
sprint9_multiseed_S8A_R2_seed7_S8A_R2_context_edge_film,S8A_R2_context_edge_film,graph_c_gatv2_context_edge_film_interaction,gatv2_graph_c_sprint8a_context_edge_film,gatv2,graph_c_context_observation,S5F2_energy,test,20,278,,1,0.2728689908981323
sprint9_multiseed_S8A_R2_seed7_S8A_R2_context_edge_film,S8A_R2_context_edge_film,graph_c_gatv2_context_edge_film_interaction,gatv2_graph_c_sprint8a_context_edge_film,gatv2,graph_c_context_observation,S5F2_energy,test,21,278,,1,0.2730078101158142
sprint9_multiseed_S8A_R2_seed7_S8A_R2_context_edge_film,S8A_R2_context_edge_film,graph_c_gatv2_context_edge_film_interaction,gatv2_graph_c_sprint8a_context_edge_film,gatv2,graph_c_context_observation,S5F2_energy,test,22,278,,1,0.14442402124404907
sprint9_multiseed_S8A_R2_seed7_S8A_R2_context_edge_film,S8A_R2_context_edge_film,graph_c_gatv2_context_edge_film_interaction,gatv2_graph_c_sprint8a_context_edge_film,gatv2,graph_c_context_observation,S5F2_energy,test,23,278,,1,0.18040257692337036
sprint9_multiseed_S8A_R2_seed7_S8A_R2_context_edge_film,S8A_R2_context_edge_film,graph_c_gatv2_context_edge_film_interaction,gatv2_graph_c_sprint8a_context_edge_film,gatv2,graph_c_context_observation,S5F2_energy,test,24,278,,1,0.26015806198120117
sprint9_multiseed_S8A_R2_seed7_S8A_R2_context_edge_film,S8A_R2_context_edge_film,graph_c_gatv2_context_edge_film_interaction,gatv2_graph_c_sprint8a_context_edge_film,gatv2,graph_c_context_observation,S5F2_energy,test,25,278,,1,0.15990778803825378
sprint9_multiseed_S8A_R2_seed7_S8A_R2_context_edge_film,S8A_R2_context_edge_film,graph_c_gatv2_context_edge_film_interaction,gatv2_graph_c_sprint8a_context_edge_film,gatv2,graph_c_context_observation,S5F2_energy,test,26,635,,1,0.40041011571884155
sprint9_multiseed_S8A_R2_seed7_S8A_R2_context_edge_film,S8A_R2_context_edge_film,graph_c_gatv2_context_edge_film_interaction,gatv2_graph_c_sprint8a_context_edge_film,gatv2,graph_c_context_observation,S5F2_energy,test,27,635,,1,0.3094087541103363
sprint9_multiseed_S8A_R2_seed7_S8A_R2_context_edge_film,S8A_R2_context_edge_film,graph_c_gatv2_context_edge_film_interaction,gatv2_graph_c_sprint8a_context_edge_film,gatv2,graph_c_context_observation,S5F2_energy,test,28,635,,1,0.3242477774620056
sprint9_multiseed_S8A_R2_seed7_S8A_R2_context_edge_film,S8A_R2_context_edge_film,graph_c_gatv2_context_edge_film_interaction,gatv2_graph_c_sprint8a_context_edge_film,gatv2,graph_c_context_observation,S5F2_energy,test,29,804,,1,0.7911686897277832
sprint9_multiseed_S8A_R2_seed7_S8A_R2_context_edge_film,S8A_R2_context_edge_film,graph_c_gatv2_context_edge_film_interaction,gatv2_graph_c_sprint8a_context_edge_film,gatv2,graph_c_context_observation,S5F2_energy,test,30,804,,1,0.751078188419342
sprint9_multiseed_S8A_R2_seed7_S8A_R2_context_edge_film,S8A_R2_context_edge_film,graph_c_gatv2_context_edge_film_interaction,gatv2_graph_c_sprint8a_context_edge_film,gatv2,graph_c_context_observation,S5F2_energy,test,31,804,,1,0.7457066774368286
sprint9_multiseed_S8A_R2_seed7_S8A_R2_context_edge_film,S8A_R2_context_edge_film,graph_c_gatv2_context_edge_film_interaction,gatv2_graph_c_sprint8a_context_edge_film,gatv2,graph_c_context_observation,S5F2_energy,test,32,804,,1,0.7262611389160156
sprint9_multiseed_S8A_R2_seed7_S8A_R2_context_edge_film,S8A_R2_context_edge_film,graph_c_gatv2_context_edge_film_interaction,gatv2_graph_c_sprint8a_context_edge_film,gatv2,graph_c_context_observation,S5F2_energy,test,33,1018,,1,0.7829805612564087
sprint9_multiseed_S8A_R2_seed7_S8A_R2_context_edge_film,S8A_R2_context_edge_film,graph_c_gatv2_context_edge_film_interaction,gatv2_graph_c_sprint8a_context_edge_film,gatv2,graph_c_context_observation,S5F2_energy,test,34,1018,,1,0.684860110282898
sprint9_multiseed_S8A_R2_seed7_S8A_R2_context_edge_film,S8A_R2_context_edge_film,graph_c_gatv2_context_edge_film_interaction,gatv2_graph_c_sprint8a_context_edge_film,gatv2,graph_c_context_observation,S5F2_energy,test,35,1018,,1,0.7857317328453064
sprint9_multiseed_S8A_R2_seed7_S8A_R2_context_edge_film,S8A_R2_context_edge_film,graph_c_gatv2_context_edge_film_interaction,gatv2_graph_c_sprint8a_context_edge_film,gatv2,graph_c_context_observation,S5F2_energy,test,36,1018,,1,0.657126247882843
sprint9_multiseed_S8A_R2_seed7_S8A_R2_context_edge_film,S8A_R2_context_edge_film,graph_c_gatv2_context_edge_film_interaction,gatv2_graph_c_sprint8a_context_edge_film,gatv2,graph_c_context_observation,S5F2_energy,test,37,1026,,1,0.6620880365371704
sprint9_multiseed_S8A_R2_seed7_S8A_R2_context_edge_film,S8A_R2_context_edge_film,graph_c_gatv2_context_edge_film_interaction,gatv2_graph_c_sprint8a_context_edge_film,gatv2,graph_c_context_observation,S5F2_energy,test,38,1026,,1,0.4304378926753998
sprint9_multiseed_S8A_R2_seed7_S8A_R2_context_edge_film,S8A_R2_context_edge_film,graph_c_gatv2_context_edge_film_interaction,gatv2_graph_c_sprint8a_context_edge_film,gatv2,graph_c_context_observation,S5F2_energy,test,39,1028,,0,0.09227828681468964
sprint9_multiseed_S8A_R2_seed7_S8A_R2_context_edge_film,S8A_R2_context_edge_film,graph_c_gatv2_context_edge_film_interaction,gatv2_graph_c_sprint8a_context_edge_film,gatv2,graph_c_context_observation,S5F2_energy,test,40,1028,,0,0.09245877712965012
sprint9_multiseed_S8A_R2_seed7_S8A_R2_context_edge_film,S8A_R2_context_edge_film,graph_c_gatv2_context_edge_film_interaction,gatv2_graph_c_sprint8a_context_edge_film,gatv2,graph_c_context_observation,S5F2_energy,test,41,1028,,0,0.08435236662626266
sprint9_multiseed_S8A_R2_seed7_S8A_R2_context_edge_film,S8A_R2_context_edge_film,graph_c_gatv2_context_edge_film_interaction,gatv2_graph_c_sprint8a_context_edge_film,gatv2,graph_c_context_observation,S5F2_energy,test,42,1028,,0,0.1099991574883461
sprint9_multiseed_S8A_R2_seed7_S8A_R2_context_edge_film,S8A_R2_context_edge_film,graph_c_gatv2_context_edge_film_interaction,gatv2_graph_c_sprint8a_context_edge_film,gatv2,graph_c_context_observation,S5F2_energy,test,43,1028,,0,0.08726754784584045
sprint9_multiseed_S8A_R2_seed7_S8A_R2_context_edge_film,S8A_R2_context_edge_film,graph_c_gatv2_context_edge_film_interaction,gatv2_graph_c_sprint8a_context_edge_film,gatv2,graph_c_context_observation,S5F2_energy,test,44,1028,,0,0.08744481950998306
sprint9_multiseed_S8A_R2_seed7_S8A_R2_context_edge_film,S8A_R2_context_edge_film,graph_c_gatv2_context_edge_film_interaction,gatv2_graph_c_sprint8a_context_edge_film,gatv2,graph_c_context_observation,S5F2_energy,test,45,1028,,1,0.08826088905334473
sprint9_multiseed_S8A_R2_seed7_S8A_R2_context_edge_film,S8A_R2_context_edge_film,graph_c_gatv2_context_edge_film_interaction,gatv2_graph_c_sprint8a_context_edge_film,gatv2,graph_c_context_observation,S5F2_energy,test,46,1028,,0,0.10757341235876083
sprint9_multiseed_S8A_R2_seed7_S8A_R2_context_edge_film,S8A_R2_context_edge_film,graph_c_gatv2_context_edge_film_interaction,gatv2_graph_c_sprint8a_context_edge_film,gatv2,graph_c_context_observation,S5F2_energy,test,47,1028,,0,0.09442794322967529
sprint9_multiseed_S8A_R2_seed7_S8A_R2_context_edge_film,S8A_R2_context_edge_film,graph_c_gatv2_context_edge_film_interaction,gatv2_graph_c_sprint8a_context_edge_film,gatv2,graph_c_context_observation,S5F2_energy,test,48,1028,,0,0.08398021012544632
sprint9_multiseed_S8A_R2_seed7_S8A_R2_context_edge_film,S8A_R2_context_edge_film,graph_c_gatv2_context_edge_film_interaction,gatv2_graph_c_sprint8a_context_edge_film,gatv2,graph_c_context_observation,S5F2_energy,test,49,1028,,0,0.10271035879850388
sprint9_multiseed_S8A_R2_seed7_S8A_R2_context_edge_film,S8A_R2_context_edge_film,graph_c_gatv2_context_edge_film_interaction,gatv2_graph_c_sprint8a_context_edge_film,gatv2,graph_c_context_observation,S5F2_energy,test,50,1028,,0,0.10534423589706421
sprint9_multiseed_S8A_R2_seed7_S8A_R2_context_edge_film,S8A_R2_context_edge_film,graph_c_gatv2_context_edge_film_interaction,gatv2_graph_c_sprint8a_context_edge_film,gatv2,graph_c_context_observation,S5F2_energy,test,51,1028,,0,0.10547792911529541
sprint9_multiseed_S8A_R2_seed7_S8A_R2_context_edge_film,S8A_R2_context_edge_film,graph_c_gatv2_context_edge_film_interaction,gatv2_graph_c_sprint8a_context_edge_film,gatv2,graph_c_context_observation,S5F2_energy,test,52,1028,,0,0.09014018625020981
sprint9_multiseed_S8A_R2_seed7_S8A_R2_context_edge_film,S8A_R2_context_edge_film,graph_c_gatv2_context_edge_film_interaction,gatv2_graph_c_sprint8a_context_edge_film,gatv2,graph_c_context_observation,S5F2_energy,test,53,1028,,0,0.08490363508462906
sprint9_multiseed_S8A_R2_seed7_S8A_R2_context_edge_film,S8A_R2_context_edge_film,graph_c_gatv2_context_edge_film_interaction,gatv2_graph_c_sprint8a_context_edge_film,gatv2,graph_c_context_observation,S5F2_energy,test,54,1044,,0,0.1542820781469345
sprint9_multiseed_S8A_R2_seed7_S8A_R2_context_edge_film,S8A_R2_context_edge_film,graph_c_gatv2_context_edge_film_interaction,gatv2_graph_c_sprint8a_context_edge_film,gatv2,graph_c_context_observation,S5F2_energy,test,55,1044,,0,0.11766625195741653
sprint9_multiseed_S8A_R2_seed7_S8A_R2_context_edge_film,S8A_R2_context_edge_film,graph_c_gatv2_context_edge_film_interaction,gatv2_graph_c_sprint8a_context_edge_film,gatv2,graph_c_context_observation,S5F2_energy,test,56,1044,,0,0.13431470096111298
sprint9_multiseed_S8A_R2_seed7_S8A_R2_context_edge_film,S8A_R2_context_edge_film,graph_c_gatv2_context_edge_film_interaction,gatv2_graph_c_sprint8a_context_edge_film,gatv2,graph_c_context_observation,S5F2_energy,test,57,1044,,0,0.15361037850379944
sprint9_multiseed_S8A_R2_seed7_S8A_R2_context_edge_film,S8A_R2_context_edge_film,graph_c_gatv2_context_edge_film_interaction,gatv2_graph_c_sprint8a_context_edge_film,gatv2,graph_c_context_observation,S5F2_energy,test,58,1044,,1,0.14086242020130157
sprint9_multiseed_S8A_R2_seed7_S8A_R2_context_edge_film,S8A_R2_context_edge_film,graph_c_gatv2_context_edge_film_interaction,gatv2_graph_c_sprint8a_context_edge_film,gatv2,graph_c_context_observation,S5F2_energy,test,59,1044,,0,0.13311555981636047
sprint9_multiseed_S8A_R2_seed7_S8A_R2_context_edge_film,S8A_R2_context_edge_film,graph_c_gatv2_context_edge_film_interaction,gatv2_graph_c_sprint8a_context_edge_film,gatv2,graph_c_context_observation,S5F2_energy,test,60,1044,,0,0.1384882926940918
sprint9_multiseed_S8A_R2_seed7_S8A_R2_context_edge_film,S8A_R2_context_edge_film,graph_c_gatv2_context_edge_film_interaction,gatv2_graph_c_sprint8a_context_edge_film,gatv2,graph_c_context_observation,S5F2_energy,test,61,1044,,0,0.11575239896774292
sprint9_multiseed_S8A_R2_seed7_S8A_R2_context_edge_film,S8A_R2_context_edge_film,graph_c_gatv2_context_edge_film_interaction,gatv2_graph_c_sprint8a_context_edge_film,gatv2,graph_c_context_observation,S5F2_energy,test,62,1044,,0,0.1461711823940277
sprint9_multiseed_S8A_R2_seed7_S8A_R2_context_edge_film,S8A_R2_context_edge_film,graph_c_gatv2_context_edge_film_interaction,gatv2_graph_c_sprint8a_context_edge_film,gatv2,graph_c_context_observation,S5F2_energy,test,63,1044,,0,0.15599723160266876
sprint9_multiseed_S8A_R2_seed7_S8A_R2_context_edge_film,S8A_R2_context_edge_film,graph_c_gatv2_context_edge_film_interaction,gatv2_graph_c_sprint8a_context_edge_film,gatv2,graph_c_context_observation,S5F2_energy,test,64,1044,,0,0.13330845534801483
sprint9_multiseed_S8A_R2_seed7_S8A_R2_context_edge_film,S8A_R2_context_edge_film,graph_c_gatv2_context_edge_film_interaction,gatv2_graph_c_sprint8a_context_edge_film,gatv2,graph_c_context_observation,S5F2_energy,test,65,1044,,0,0.1335117369890213
sprint9_multiseed_S8A_R2_seed7_S8A_R2_context_edge_film,S8A_R2_context_edge_film,graph_c_gatv2_context_edge_film_interaction,gatv2_graph_c_sprint8a_context_edge_film,gatv2,graph_c_context_observation,S5F2_energy,test,66,1044,,0,0.14933881163597107
sprint9_multiseed_S8A_R2_seed7_S8A_R2_context_edge_film,S8A_R2_context_edge_film,graph_c_gatv2_context_edge_film_interaction,gatv2_graph_c_sprint8a_context_edge_film,gatv2,graph_c_context_observation,S5F2_energy,test,67,1060,,1,0.1331116408109665
sprint9_multiseed_S8A_R2_seed7_S8A_R2_context_edge_film,S8A_R2_context_edge_film,graph_c_gatv2_context_edge_film_interaction,gatv2_graph_c_sprint8a_context_edge_film,gatv2,graph_c_context_observation,S5F2_energy,test,68,1060,,0,0.1798880249261856
sprint9_multiseed_S8A_R2_seed7_S8A_R2_context_edge_film,S8A_R2_context_edge_film,graph_c_gatv2_context_edge_film_interaction,gatv2_graph_c_sprint8a_context_edge_film,gatv2,graph_c_context_observation,S5F2_energy,test,69,1060,,0,0.14273081719875336
sprint9_multiseed_S8A_R2_seed7_S8A_R2_context_edge_film,S8A_R2_context_edge_film,graph_c_gatv2_context_edge_film_interaction,gatv2_graph_c_sprint8a_context_edge_film,gatv2,graph_c_context_observation,S5F2_energy,test,70,1060,,0,0.11334738880395889
sprint9_multiseed_S8A_R2_seed7_S8A_R2_context_edge_film,S8A_R2_context_edge_film,graph_c_gatv2_context_edge_film_interaction,gatv2_graph_c_sprint8a_context_edge_film,gatv2,graph_c_context_observation,S5F2_energy,test,71,1060,,0,0.15080906450748444
sprint9_multiseed_S8A_R2_seed7_S8A_R2_context_edge_film,S8A_R2_context_edge_film,graph_c_gatv2_context_edge_film_interaction,gatv2_graph_c_sprint8a_context_edge_film,gatv2,graph_c_context_observation,S5F2_energy,test,72,1060,,0,0.15169815719127655
sprint9_multiseed_S8A_R2_seed7_S8A_R2_context_edge_film,S8A_R2_context_edge_film,graph_c_gatv2_context_edge_film_interaction,gatv2_graph_c_sprint8a_context_edge_film,gatv2,graph_c_context_observation,S5F2_energy,test,73,1060,,1,0.15745356678962708
sprint9_multiseed_S8A_R2_seed7_S8A_R2_context_edge_film,S8A_R2_context_edge_film,graph_c_gatv2_context_edge_film_interaction,gatv2_graph_c_sprint8a_context_edge_film,gatv2,graph_c_context_observation,S5F2_energy,test,74,1060,,0,0.13627895712852478
sprint9_multiseed_S8A_R2_seed7_S8A_R2_context_edge_film,S8A_R2_context_edge_film,graph_c_gatv2_context_edge_film_interaction,gatv2_graph_c_sprint8a_context_edge_film,gatv2,graph_c_context_observation,S5F2_energy,test,75,1060,,0,0.15767811238765717
sprint9_multiseed_S8A_R2_seed7_S8A_R2_context_edge_film,S8A_R2_context_edge_film,graph_c_gatv2_context_edge_film_interaction,gatv2_graph_c_sprint8a_context_edge_film,gatv2,graph_c_context_observation,S5F2_energy,test,76,1060,,0,0.14849820733070374
sprint9_multiseed_S8A_R2_seed7_S8A_R2_context_edge_film,S8A_R2_context_edge_film,graph_c_gatv2_context_edge_film_interaction,gatv2_graph_c_sprint8a_context_edge_film,gatv2,graph_c_context_observation,S5F2_energy,test,77,1060,,0,0.11110376566648483
sprint9_multiseed_S8A_R2_seed7_S8A_R2_context_edge_film,S8A_R2_context_edge_film,graph_c_gatv2_context_edge_film_interaction,gatv2_graph_c_sprint8a_context_edge_film,gatv2,graph_c_context_observation,S5F2_energy,test,78,1060,,0,0.12249916046857834
sprint9_multiseed_S8A_R2_seed7_S8A_R2_context_edge_film,S8A_R2_context_edge_film,graph_c_gatv2_context_edge_film_interaction,gatv2_graph_c_sprint8a_context_edge_film,gatv2,graph_c_context_observation,S5F2_energy,test,79,1060,,0,0.1240682378411293
sprint9_multiseed_S8A_R2_seed7_S8A_R2_context_edge_film,S8A_R2_context_edge_film,graph_c_gatv2_context_edge_film_interaction,gatv2_graph_c_sprint8a_context_edge_film,gatv2,graph_c_context_observation,S5F2_energy,test,80,1060,,0,0.20204202830791473
sprint9_multiseed_S8A_R2_seed7_S8A_R2_context_edge_film,S8A_R2_context_edge_film,graph_c_gatv2_context_edge_film_interaction,gatv2_graph_c_sprint8a_context_edge_film,gatv2,graph_c_context_observation,S5F2_energy,test,81,1060,,0,0.1345224529504776
sprint9_multiseed_S8A_R2_seed7_S8A_R2_context_edge_film,S8A_R2_context_edge_film,graph_c_gatv2_context_edge_film_interaction,gatv2_graph_c_sprint8a_context_edge_film,gatv2,graph_c_context_observation,S5F2_energy,test,82,1088,,1,0.168120875954628
sprint9_multiseed_S8A_R2_seed7_S8A_R2_context_edge_film,S8A_R2_context_edge_film,graph_c_gatv2_context_edge_film_interaction,gatv2_graph_c_sprint8a_context_edge_film,gatv2,graph_c_context_observation,S5F2_energy,test,83,1088,,0,0.07682139426469803
sprint9_multiseed_S8A_R2_seed7_S8A_R2_context_edge_film,S8A_R2_context_edge_film,graph_c_gatv2_context_edge_film_interaction,gatv2_graph_c_sprint8a_context_edge_film,gatv2,graph_c_context_observation,S5F2_energy,test,84,1088,,0,0.10499995946884155
sprint9_multiseed_S8A_R2_seed7_S8A_R2_context_edge_film,S8A_R2_context_edge_film,graph_c_gatv2_context_edge_film_interaction,gatv2_graph_c_sprint8a_context_edge_film,gatv2,graph_c_context_observation,S5F2_energy,test,85,1088,,0,0.09644382447004318
sprint9_multiseed_S8A_R2_seed7_S8A_R2_context_edge_film,S8A_R2_context_edge_film,graph_c_gatv2_context_edge_film_interaction,gatv2_graph_c_sprint8a_context_edge_film,gatv2,graph_c_context_observation,S5F2_energy,test,86,1088,,0,0.09763945639133453
sprint9_multiseed_S8A_R2_seed7_S8A_R2_context_edge_film,S8A_R2_context_edge_film,graph_c_gatv2_context_edge_film_interaction,gatv2_graph_c_sprint8a_context_edge_film,gatv2,graph_c_context_observation,S5F2_energy,test,87,1088,,0,0.11542326211929321
sprint9_multiseed_S8A_R2_seed7_S8A_R2_context_edge_film,S8A_R2_context_edge_film,graph_c_gatv2_context_edge_film_interaction,gatv2_graph_c_sprint8a_context_edge_film,gatv2,graph_c_context_observation,S5F2_energy,test,88,1088,,0,0.08546599745750427
sprint9_multiseed_S8A_R2_seed7_S8A_R2_context_edge_film,S8A_R2_context_edge_film,graph_c_gatv2_context_edge_film_interaction,gatv2_graph_c_sprint8a_context_edge_film,gatv2,graph_c_context_observation,S5F2_energy,test,89,1088,,0,0.09879058599472046
sprint9_multiseed_S8A_R2_seed7_S8A_R2_context_edge_film,S8A_R2_context_edge_film,graph_c_gatv2_context_edge_film_interaction,gatv2_graph_c_sprint8a_context_edge_film,gatv2,graph_c_context_observation,S5F2_energy,test,90,1088,,0,0.1308315247297287
sprint9_multiseed_S8A_R2_seed7_S8A_R2_context_edge_film,S8A_R2_context_edge_film,graph_c_gatv2_context_edge_film_interaction,gatv2_graph_c_sprint8a_context_edge_film,gatv2,graph_c_context_observation,S5F2_energy,test,91,1088,,0,0.0800473541021347
sprint9_multiseed_S8A_R2_seed7_S8A_R2_context_edge_film,S8A_R2_context_edge_film,graph_c_gatv2_context_edge_film_interaction,gatv2_graph_c_sprint8a_context_edge_film,gatv2,graph_c_context_observation,S5F2_energy,test,92,1088,,0,0.08926233649253845
sprint9_multiseed_S8A_R2_seed7_S8A_R2_context_edge_film,S8A_R2_context_edge_film,graph_c_gatv2_context_edge_film_interaction,gatv2_graph_c_sprint8a_context_edge_film,gatv2,graph_c_context_observation,S5F2_energy,test,93,1088,,0,0.08219382166862488
sprint9_multiseed_S8A_R2_seed7_S8A_R2_context_edge_film,S8A_R2_context_edge_film,graph_c_gatv2_context_edge_film_interaction,gatv2_graph_c_sprint8a_context_edge_film,gatv2,graph_c_context_observation,S5F2_energy,test,94,1088,,0,0.08158961683511734
sprint9_multiseed_S8A_R2_seed7_S8A_R2_context_edge_film,S8A_R2_context_edge_film,graph_c_gatv2_context_edge_film_interaction,gatv2_graph_c_sprint8a_context_edge_film,gatv2,graph_c_context_observation,S5F2_energy,test,95,1120,,1,0.08625907450914383
sprint9_multiseed_S8A_R2_seed7_S8A_R2_context_edge_film,S8A_R2_context_edge_film,graph_c_gatv2_context_edge_film_interaction,gatv2_graph_c_sprint8a_context_edge_film,gatv2,graph_c_context_observation,S5F2_energy,test,96,1120,,0,0.07529929280281067
sprint9_multiseed_S8A_R2_seed7_S8A_R2_context_edge_film,S8A_R2_context_edge_film,graph_c_gatv2_context_edge_film_interaction,gatv2_graph_c_sprint8a_context_edge_film,gatv2,graph_c_context_observation,S5F2_energy,test,97,1120,,0,0.07409801334142685
sprint9_multiseed_S8A_R2_seed7_S8A_R2_context_edge_film,S8A_R2_context_edge_film,graph_c_gatv2_context_edge_film_interaction,gatv2_graph_c_sprint8a_context_edge_film,gatv2,graph_c_context_observation,S5F2_energy,test,98,1120,,0,0.06329528987407684
sprint9_multiseed_S8A_R2_seed7_S8A_R2_context_edge_film,S8A_R2_context_edge_film,graph_c_gatv2_context_edge_film_interaction,gatv2_graph_c_sprint8a_context_edge_film,gatv2,graph_c_context_observation,S5F2_energy,test,99,1120,,0,0.06637904047966003
sprint9_multiseed_S8A_R2_seed7_S8A_R2_context_edge_film,S8A_R2_context_edge_film,graph_c_gatv2_context_edge_film_interaction,gatv2_graph_c_sprint8a_context_edge_film,gatv2,graph_c_context_observation,S5F2_energy,test,100,1120,,0,0.06240886449813843
sprint9_multiseed_S8A_R2_seed7_S8A_R2_context_edge_film,S8A_R2_context_edge_film,graph_c_gatv2_context_edge_film_interaction,gatv2_graph_c_sprint8a_context_edge_film,gatv2,graph_c_context_observation,S5F2_energy,test,101,1120,,0,0.07425139099359512
sprint9_multiseed_S8A_R2_seed7_S8A_R2_context_edge_film,S8A_R2_context_edge_film,graph_c_gatv2_context_edge_film_interaction,gatv2_graph_c_sprint8a_context_edge_film,gatv2,graph_c_context_observation,S5F2_energy,test,102,1120,,0,0.11740195006132126
sprint9_multiseed_S8A_R2_seed7_S8A_R2_context_edge_film,S8A_R2_context_edge_film,graph_c_gatv2_context_edge_film_interaction,gatv2_graph_c_sprint8a_context_edge_film,gatv2,graph_c_context_observation,S5F2_energy,test,103,1120,,0,0.07638803869485855
sprint9_multiseed_S8A_R2_seed7_S8A_R2_context_edge_film,S8A_R2_context_edge_film,graph_c_gatv2_context_edge_film_interaction,gatv2_graph_c_sprint8a_context_edge_film,gatv2,graph_c_context_observation,S5F2_energy,test,104,1120,,0,0.07219143211841583
sprint9_multiseed_S8A_R2_seed7_S8A_R2_context_edge_film,S8A_R2_context_edge_film,graph_c_gatv2_context_edge_film_interaction,gatv2_graph_c_sprint8a_context_edge_film,gatv2,graph_c_context_observation,S5F2_energy,test,105,1120,,0,0.0625273585319519
sprint9_multiseed_S8A_R2_seed7_S8A_R2_context_edge_film,S8A_R2_context_edge_film,graph_c_gatv2_context_edge_film_interaction,gatv2_graph_c_sprint8a_context_edge_film,gatv2,graph_c_context_observation,S5F2_energy,test,106,1120,,0,0.06062069907784462
sprint9_multiseed_S8A_R2_seed7_S8A_R2_context_edge_film,S8A_R2_context_edge_film,graph_c_gatv2_context_edge_film_interaction,gatv2_graph_c_sprint8a_context_edge_film,gatv2,graph_c_context_observation,S5F2_energy,test,107,1120,,0,0.06678269058465958
sprint9_multiseed_S8A_R2_seed7_S8A_R2_context_edge_film,S8A_R2_context_edge_film,graph_c_gatv2_context_edge_film_interaction,gatv2_graph_c_sprint8a_context_edge_film,gatv2,graph_c_context_observation,S5F2_energy,test,108,1120,,0,0.07595591247081757
sprint9_multiseed_S8A_R2_seed7_S8A_R2_context_edge_film,S8A_R2_context_edge_film,graph_c_gatv2_context_edge_film_interaction,gatv2_graph_c_sprint8a_context_edge_film,gatv2,graph_c_context_observation,S5F2_energy,test,109,1120,,0,0.06131422519683838
sprint9_multiseed_S8A_R2_seed7_S8A_R2_context_edge_film,S8A_R2_context_edge_film,graph_c_gatv2_context_edge_film_interaction,gatv2_graph_c_sprint8a_context_edge_film,gatv2,graph_c_context_observation,S5F2_energy,test,110,1408,,0,0.10264292359352112
sprint9_multiseed_S8A_R2_seed7_S8A_R2_context_edge_film,S8A_R2_context_edge_film,graph_c_gatv2_context_edge_film_interaction,gatv2_graph_c_sprint8a_context_edge_film,gatv2,graph_c_context_observation,S5F2_energy,test,111,1408,,0,0.14798583090305328
sprint9_multiseed_S8A_R2_seed7_S8A_R2_context_edge_film,S8A_R2_context_edge_film,graph_c_gatv2_context_edge_film_interaction,gatv2_graph_c_sprint8a_context_edge_film,gatv2,graph_c_context_observation,S5F2_energy,test,112,1408,,0,0.10253093391656876
sprint9_multiseed_S8A_R2_seed7_S8A_R2_context_edge_film,S8A_R2_context_edge_film,graph_c_gatv2_context_edge_film_interaction,gatv2_graph_c_sprint8a_context_edge_film,gatv2,graph_c_context_observation,S5F2_energy,test,113,1408,,0,0.10134286433458328
sprint9_multiseed_S8A_R2_seed7_S8A_R2_context_edge_film,S8A_R2_context_edge_film,graph_c_gatv2_context_edge_film_interaction,gatv2_graph_c_sprint8a_context_edge_film,gatv2,graph_c_context_observation,S5F2_energy,test,114,1408,,0,0.10292656719684601
sprint9_multiseed_S8A_R2_seed7_S8A_R2_context_edge_film,S8A_R2_context_edge_film,graph_c_gatv2_context_edge_film_interaction,gatv2_graph_c_sprint8a_context_edge_film,gatv2,graph_c_context_observation,S5F2_energy,test,115,1408,,0,0.10862462967634201
sprint9_multiseed_S8A_R2_seed7_S8A_R2_context_edge_film,S8A_R2_context_edge_film,graph_c_gatv2_context_edge_film_interaction,gatv2_graph_c_sprint8a_context_edge_film,gatv2,graph_c_context_observation,S5F2_energy,test,116,1408,,0,0.09001754224300385
sprint9_multiseed_S8A_R2_seed7_S8A_R2_context_edge_film,S8A_R2_context_edge_film,graph_c_gatv2_context_edge_film_interaction,gatv2_graph_c_sprint8a_context_edge_film,gatv2,graph_c_context_observation,S5F2_energy,test,117,1408,,0,0.10248474031686783
sprint9_multiseed_S8A_R2_seed7_S8A_R2_context_edge_film,S8A_R2_context_edge_film,graph_c_gatv2_context_edge_film_interaction,gatv2_graph_c_sprint8a_context_edge_film,gatv2,graph_c_context_observation,S5F2_energy,test,118,1408,,0,0.10583916306495667
sprint9_multiseed_S8A_R2_seed7_S8A_R2_context_edge_film,S8A_R2_context_edge_film,graph_c_gatv2_context_edge_film_interaction,gatv2_graph_c_sprint8a_context_edge_film,gatv2,graph_c_context_observation,S5F2_energy,test,119,1505,,1,0.531785786151886
sprint9_multiseed_S8A_R2_seed7_S8A_R2_context_edge_film,S8A_R2_context_edge_film,graph_c_gatv2_context_edge_film_interaction,gatv2_graph_c_sprint8a_context_edge_film,gatv2,graph_c_context_observation,S5F2_energy,test,120,1505,,1,0.1615077555179596
sprint9_multiseed_S8A_R2_seed7_S8A_R2_context_edge_film,S8A_R2_context_edge_film,graph_c_gatv2_context_edge_film_interaction,gatv2_graph_c_sprint8a_context_edge_film,gatv2,graph_c_context_observation,S5F2_energy,test,121,1505,,1,0.20168747007846832
sprint9_multiseed_S8A_R2_seed7_S8A_R2_context_edge_film,S8A_R2_context_edge_film,graph_c_gatv2_context_edge_film_interaction,gatv2_graph_c_sprint8a_context_edge_film,gatv2,graph_c_context_observation,S5F2_energy,test,122,1505,,1,0.1782582849264145
sprint9_multiseed_S8A_R2_seed7_S8A_R2_context_edge_film,S8A_R2_context_edge_film,graph_c_gatv2_context_edge_film_interaction,gatv2_graph_c_sprint8a_context_edge_film,gatv2,graph_c_context_observation,S5F2_energy,test,123,1505,,1,0.16480131447315216
sprint9_multiseed_S8A_R2_seed7_S8A_R2_context_edge_film,S8A_R2_context_edge_film,graph_c_gatv2_context_edge_film_interaction,gatv2_graph_c_sprint8a_context_edge_film,gatv2,graph_c_context_observation,S5F2_energy,test,124,1505,,1,0.1723693162202835
sprint9_multiseed_S8A_R2_seed7_S8A_R2_context_edge_film,S8A_R2_context_edge_film,graph_c_gatv2_context_edge_film_interaction,gatv2_graph_c_sprint8a_context_edge_film,gatv2,graph_c_context_observation,S5F2_energy,test,125,1505,,1,0.16955454647541046
sprint9_multiseed_S8A_R2_seed7_S8A_R2_context_edge_film,S8A_R2_context_edge_film,graph_c_gatv2_context_edge_film_interaction,gatv2_graph_c_sprint8a_context_edge_film,gatv2,graph_c_context_observation,S5F2_energy,test,126,1505,,1,0.14491519331932068
sprint9_multiseed_S8A_R2_seed7_S8A_R2_context_edge_film,S8A_R2_context_edge_film,graph_c_gatv2_context_edge_film_interaction,gatv2_graph_c_sprint8a_context_edge_film,gatv2,graph_c_context_observation,S5F2_energy,test,127,1505,,1,0.26782548427581787
sprint9_multiseed_S8A_R2_seed7_S8A_R2_context_edge_film,S8A_R2_context_edge_film,graph_c_gatv2_context_edge_film_interaction,gatv2_graph_c_sprint8a_context_edge_film,gatv2,graph_c_context_observation,S5F2_energy,test,128,1505,,1,0.18512947857379913
sprint9_multiseed_S8A_R2_seed7_S8A_R2_context_edge_film,S8A_R2_context_edge_film,graph_c_gatv2_context_edge_film_interaction,gatv2_graph_c_sprint8a_context_edge_film,gatv2,graph_c_context_observation,S5F2_energy,test,129,1505,,1,0.155405193567276
sprint9_multiseed_S8A_R2_seed7_S8A_R2_context_edge_film,S8A_R2_context_edge_film,graph_c_gatv2_context_edge_film_interaction,gatv2_graph_c_sprint8a_context_edge_film,gatv2,graph_c_context_observation,S5F2_energy,test,130,1505,,1,0.17841710150241852
sprint9_multiseed_S8A_R2_seed7_S8A_R2_context_edge_film,S8A_R2_context_edge_film,graph_c_gatv2_context_edge_film_interaction,gatv2_graph_c_sprint8a_context_edge_film,gatv2,graph_c_context_observation,S5F2_energy,test,131,1505,,1,0.14418749511241913
sprint9_multiseed_S8A_R2_seed7_S8A_R2_context_edge_film,S8A_R2_context_edge_film,graph_c_gatv2_context_edge_film_interaction,gatv2_graph_c_sprint8a_context_edge_film,gatv2,graph_c_context_observation,S5F2_energy,test,132,1505,,1,0.16055828332901
sprint9_multiseed_S8A_R2_seed7_S8A_R2_context_edge_film,S8A_R2_context_edge_film,graph_c_gatv2_context_edge_film_interaction,gatv2_graph_c_sprint8a_context_edge_film,gatv2,graph_c_context_observation,S5F2_energy,test,133,1505,,1,0.20789825916290283
sprint9_multiseed_S8A_R2_seed7_S8A_R2_context_edge_film,S8A_R2_context_edge_film,graph_c_gatv2_context_edge_film_interaction,gatv2_graph_c_sprint8a_context_edge_film,gatv2,graph_c_context_observation,S5F2_energy,test,134,1505,,1,0.1636359542608261
sprint9_multiseed_S8A_R2_seed7_S8A_R2_context_edge_film,S8A_R2_context_edge_film,graph_c_gatv2_context_edge_film_interaction,gatv2_graph_c_sprint8a_context_edge_film,gatv2,graph_c_context_observation,S5F2_energy,test,135,1505,,1,0.13978831470012665
sprint9_multiseed_S8A_R2_seed7_S8A_R2_context_edge_film,S8A_R2_context_edge_film,graph_c_gatv2_context_edge_film_interaction,gatv2_graph_c_sprint8a_context_edge_film,gatv2,graph_c_context_observation,S5F2_energy,test,136,1505,,1,0.12246546149253845
sprint9_multiseed_S8A_R2_seed7_S8A_R2_context_edge_film,S8A_R2_context_edge_film,graph_c_gatv2_context_edge_film_interaction,gatv2_graph_c_sprint8a_context_edge_film,gatv2,graph_c_context_observation,S5F2_energy,test,137,1505,,1,0.196085587143898
sprint9_multiseed_S8A_R2_seed7_S8A_R2_context_edge_film,S8A_R2_context_edge_film,graph_c_gatv2_context_edge_film_interaction,gatv2_graph_c_sprint8a_context_edge_film,gatv2,graph_c_context_observation,S5F2_energy,test,138,1505,,1,0.14871755242347717
sprint9_multiseed_S8A_R2_seed7_S8A_R2_context_edge_film,S8A_R2_context_edge_film,graph_c_gatv2_context_edge_film_interaction,gatv2_graph_c_sprint8a_context_edge_film,gatv2,graph_c_context_observation,S5F2_energy,test,139,1505,,1,0.13443034887313843
sprint9_multiseed_S8A_R2_seed7_S8A_R2_context_edge_film,S8A_R2_context_edge_film,graph_c_gatv2_context_edge_film_interaction,gatv2_graph_c_sprint8a_context_edge_film,gatv2,graph_c_context_observation,S5F2_energy,test,140,1505,,1,0.14791187644004822
sprint9_multiseed_S8A_R2_seed7_S8A_R2_context_edge_film,S8A_R2_context_edge_film,graph_c_gatv2_context_edge_film_interaction,gatv2_graph_c_sprint8a_context_edge_film,gatv2,graph_c_context_observation,S5F2_energy,test,141,1505,,1,0.2771664261817932
sprint9_multiseed_S8A_R2_seed7_S8A_R2_context_edge_film,S8A_R2_context_edge_film,graph_c_gatv2_context_edge_film_interaction,gatv2_graph_c_sprint8a_context_edge_film,gatv2,graph_c_context_observation,S5F2_energy,test,142,1505,,1,0.12285642325878143
sprint9_multiseed_S8A_R2_seed7_S8A_R2_context_edge_film,S8A_R2_context_edge_film,graph_c_gatv2_context_edge_film_interaction,gatv2_graph_c_sprint8a_context_edge_film,gatv2,graph_c_context_observation,S5F2_energy,test,143,1505,,1,0.23738855123519897
sprint9_multiseed_S8A_R2_seed7_S8A_R2_context_edge_film,S8A_R2_context_edge_film,graph_c_gatv2_context_edge_film_interaction,gatv2_graph_c_sprint8a_context_edge_film,gatv2,graph_c_context_observation,S5F2_energy,test,144,1505,,1,0.15083098411560059
sprint9_multiseed_S8A_R2_seed7_S8A_R2_context_edge_film,S8A_R2_context_edge_film,graph_c_gatv2_context_edge_film_interaction,gatv2_graph_c_sprint8a_context_edge_film,gatv2,graph_c_context_observation,S5F2_energy,test,145,1505,,1,0.2024974822998047
sprint9_multiseed_S8A_R2_seed7_S8A_R2_context_edge_film,S8A_R2_context_edge_film,graph_c_gatv2_context_edge_film_interaction,gatv2_graph_c_sprint8a_context_edge_film,gatv2,graph_c_context_observation,S5F2_energy,test,146,1505,,1,0.16169016063213348
sprint9_multiseed_S8A_R2_seed7_S8A_R2_context_edge_film,S8A_R2_context_edge_film,graph_c_gatv2_context_edge_film_interaction,gatv2_graph_c_sprint8a_context_edge_film,gatv2,graph_c_context_observation,S5F2_energy,test,147,1505,,1,0.14805206656455994
sprint9_multiseed_S8A_R2_seed7_S8A_R2_context_edge_film,S8A_R2_context_edge_film,graph_c_gatv2_context_edge_film_interaction,gatv2_graph_c_sprint8a_context_edge_film,gatv2,graph_c_context_observation,S5F2_energy,test,148,1505,,1,0.12633965909481049
sprint9_multiseed_S8A_R2_seed7_S8A_R2_context_edge_film,S8A_R2_context_edge_film,graph_c_gatv2_context_edge_film_interaction,gatv2_graph_c_sprint8a_context_edge_film,gatv2,graph_c_context_observation,S5F2_energy,test,149,1505,,1,0.16666187345981598
sprint9_multiseed_S8A_R2_seed7_S8A_R2_context_edge_film,S8A_R2_context_edge_film,graph_c_gatv2_context_edge_film_interaction,gatv2_graph_c_sprint8a_context_edge_film,gatv2,graph_c_context_observation,S5F2_energy,test,150,1505,,1,0.1599249243736267
sprint9_multiseed_S8A_R2_seed7_S8A_R2_context_edge_film,S8A_R2_context_edge_film,graph_c_gatv2_context_edge_film_interaction,gatv2_graph_c_sprint8a_context_edge_film,gatv2,graph_c_context_observation,S5F2_energy,test,151,1505,,1,0.15418511629104614
sprint9_multiseed_S8A_R2_seed7_S8A_R2_context_edge_film,S8A_R2_context_edge_film,graph_c_gatv2_context_edge_film_interaction,gatv2_graph_c_sprint8a_context_edge_film,gatv2,graph_c_context_observation,S5F2_energy,test,152,1505,,1,0.1687413901090622
sprint9_multiseed_S8A_R2_seed7_S8A_R2_context_edge_film,S8A_R2_context_edge_film,graph_c_gatv2_context_edge_film_interaction,gatv2_graph_c_sprint8a_context_edge_film,gatv2,graph_c_context_observation,S5F2_energy,test,153,1505,,1,0.13826104998588562
sprint9_multiseed_S8A_R2_seed7_S8A_R2_context_edge_film,S8A_R2_context_edge_film,graph_c_gatv2_context_edge_film_interaction,gatv2_graph_c_sprint8a_context_edge_film,gatv2,graph_c_context_observation,S5F2_energy,test,154,1505,,1,0.17323382198810577
sprint9_multiseed_S8A_R2_seed7_S8A_R2_context_edge_film,S8A_R2_context_edge_film,graph_c_gatv2_context_edge_film_interaction,gatv2_graph_c_sprint8a_context_edge_film,gatv2,graph_c_context_observation,S5F2_energy,test,155,1505,,1,0.18495772778987885
sprint9_multiseed_S8A_R2_seed7_S8A_R2_context_edge_film,S8A_R2_context_edge_film,graph_c_gatv2_context_edge_film_interaction,gatv2_graph_c_sprint8a_context_edge_film,gatv2,graph_c_context_observation,S5F2_energy,test,156,1505,,1,0.1732112169265747
sprint9_multiseed_S8A_R2_seed7_S8A_R2_context_edge_film,S8A_R2_context_edge_film,graph_c_gatv2_context_edge_film_interaction,gatv2_graph_c_sprint8a_context_edge_film,gatv2,graph_c_context_observation,S5F2_energy,test,157,1505,,1,0.1575496643781662
sprint9_multiseed_S8A_R2_seed7_S8A_R2_context_edge_film,S8A_R2_context_edge_film,graph_c_gatv2_context_edge_film_interaction,gatv2_graph_c_sprint8a_context_edge_film,gatv2,graph_c_context_observation,S5F2_energy,test,158,1505,,1,0.1567431539297104
sprint9_multiseed_S8A_R2_seed7_S8A_R2_context_edge_film,S8A_R2_context_edge_film,graph_c_gatv2_context_edge_film_interaction,gatv2_graph_c_sprint8a_context_edge_film,gatv2,graph_c_context_observation,S5F2_energy,test,159,1505,,1,0.2178429663181305
sprint9_multiseed_S8A_R2_seed7_S8A_R2_context_edge_film,S8A_R2_context_edge_film,graph_c_gatv2_context_edge_film_interaction,gatv2_graph_c_sprint8a_context_edge_film,gatv2,graph_c_context_observation,S5F2_energy,test,160,1505,,1,0.1368958204984665
sprint9_multiseed_S8A_R2_seed7_S8A_R2_context_edge_film,S8A_R2_context_edge_film,graph_c_gatv2_context_edge_film_interaction,gatv2_graph_c_sprint8a_context_edge_film,gatv2,graph_c_context_observation,S5F2_energy,test,161,1505,,1,0.16353438794612885
sprint9_multiseed_S8A_R2_seed7_S8A_R2_context_edge_film,S8A_R2_context_edge_film,graph_c_gatv2_context_edge_film_interaction,gatv2_graph_c_sprint8a_context_edge_film,gatv2,graph_c_context_observation,S5F2_energy,test,162,1505,,1,0.20692290365695953
sprint9_multiseed_S8A_R2_seed7_S8A_R2_context_edge_film,S8A_R2_context_edge_film,graph_c_gatv2_context_edge_film_interaction,gatv2_graph_c_sprint8a_context_edge_film,gatv2,graph_c_context_observation,S5F2_energy,test,163,1505,,1,0.1479029357433319
sprint9_multiseed_S8A_R2_seed7_S8A_R2_context_edge_film,S8A_R2_context_edge_film,graph_c_gatv2_context_edge_film_interaction,gatv2_graph_c_sprint8a_context_edge_film,gatv2,graph_c_context_observation,S5F2_energy,test,164,1505,,1,0.156423419713974
sprint9_multiseed_S8A_R2_seed7_S8A_R2_context_edge_film,S8A_R2_context_edge_film,graph_c_gatv2_context_edge_film_interaction,gatv2_graph_c_sprint8a_context_edge_film,gatv2,graph_c_context_observation,S5F2_energy,test,165,1505,,1,0.1555968075990677
sprint9_multiseed_S8A_R2_seed7_S8A_R2_context_edge_film,S8A_R2_context_edge_film,graph_c_gatv2_context_edge_film_interaction,gatv2_graph_c_sprint8a_context_edge_film,gatv2,graph_c_context_observation,S5F2_energy,test,166,1505,,1,0.18061937391757965
sprint9_multiseed_S8A_R2_seed7_S8A_R2_context_edge_film,S8A_R2_context_edge_film,graph_c_gatv2_context_edge_film_interaction,gatv2_graph_c_sprint8a_context_edge_film,gatv2,graph_c_context_observation,S5F2_energy,test,167,3265,,1,0.6070743203163147
sprint9_multiseed_S8A_R2_seed7_S8A_R2_context_edge_film,S8A_R2_context_edge_film,graph_c_gatv2_context_edge_film_interaction,gatv2_graph_c_sprint8a_context_edge_film,gatv2,graph_c_context_observation,S5F2_energy,test,168,3265,,1,0.30360063910484314
sprint9_multiseed_S8A_R2_seed7_S8A_R2_context_edge_film,S8A_R2_context_edge_film,graph_c_gatv2_context_edge_film_interaction,gatv2_graph_c_sprint8a_context_edge_film,gatv2,graph_c_context_observation,S5F2_energy,test,169,3265,,1,0.33791688084602356
sprint9_multiseed_S8A_R2_seed7_S8A_R2_context_edge_film,S8A_R2_context_edge_film,graph_c_gatv2_context_edge_film_interaction,gatv2_graph_c_sprint8a_context_edge_film,gatv2,graph_c_context_observation,S5F2_energy,test,170,3265,,1,0.31227773427963257
sprint9_multiseed_S8A_R2_seed7_S8A_R2_context_edge_film,S8A_R2_context_edge_film,graph_c_gatv2_context_edge_film_interaction,gatv2_graph_c_sprint8a_context_edge_film,gatv2,graph_c_context_observation,S5F2_energy,test,171,3265,,1,0.37041589617729187
sprint9_multiseed_S8A_R2_seed7_S8A_R2_context_edge_film,S8A_R2_context_edge_film,graph_c_gatv2_context_edge_film_interaction,gatv2_graph_c_sprint8a_context_edge_film,gatv2,graph_c_context_observation,S5F2_energy,test,172,3265,,1,0.30488109588623047
sprint9_multiseed_S8A_R2_seed7_S8A_R2_context_edge_film,S8A_R2_context_edge_film,graph_c_gatv2_context_edge_film_interaction,gatv2_graph_c_sprint8a_context_edge_film,gatv2,graph_c_context_observation,S5F2_energy,test,173,3265,,1,0.29650434851646423
sprint9_multiseed_S8A_R2_seed7_S8A_R2_context_edge_film,S8A_R2_context_edge_film,graph_c_gatv2_context_edge_film_interaction,gatv2_graph_c_sprint8a_context_edge_film,gatv2,graph_c_context_observation,S5F2_energy,test,174,3265,,1,0.3773837685585022
sprint9_multiseed_S8A_R2_seed7_S8A_R2_context_edge_film,S8A_R2_context_edge_film,graph_c_gatv2_context_edge_film_interaction,gatv2_graph_c_sprint8a_context_edge_film,gatv2,graph_c_context_observation,S5F2_energy,test,175,3265,,1,0.2683940827846527
sprint9_multiseed_S8A_R2_seed7_S8A_R2_context_edge_film,S8A_R2_context_edge_film,graph_c_gatv2_context_edge_film_interaction,gatv2_graph_c_sprint8a_context_edge_film,gatv2,graph_c_context_observation,S5F2_energy,test,176,3265,,1,0.3450278341770172
sprint9_multiseed_S8A_R2_seed7_S8A_R2_context_edge_film,S8A_R2_context_edge_film,graph_c_gatv2_context_edge_film_interaction,gatv2_graph_c_sprint8a_context_edge_film,gatv2,graph_c_context_observation,S5F2_energy,test,177,3265,,1,0.22564877569675446
sprint9_multiseed_S8A_R2_seed7_S8A_R2_context_edge_film,S8A_R2_context_edge_film,graph_c_gatv2_context_edge_film_interaction,gatv2_graph_c_sprint8a_context_edge_film,gatv2,graph_c_context_observation,S5F2_energy,test,178,3265,,1,0.3917315602302551
sprint9_multiseed_S8A_R2_seed7_S8A_R2_context_edge_film,S8A_R2_context_edge_film,graph_c_gatv2_context_edge_film_interaction,gatv2_graph_c_sprint8a_context_edge_film,gatv2,graph_c_context_observation,S5F2_energy,test,179,3265,,1,0.27621302008628845
sprint9_multiseed_S8A_R2_seed7_S8A_R2_context_edge_film,S8A_R2_context_edge_film,graph_c_gatv2_context_edge_film_interaction,gatv2_graph_c_sprint8a_context_edge_film,gatv2,graph_c_context_observation,S5F2_energy,test,180,3265,,1,0.2735309302806854
sprint9_multiseed_S8A_R2_seed7_S8A_R2_context_edge_film,S8A_R2_context_edge_film,graph_c_gatv2_context_edge_film_interaction,gatv2_graph_c_sprint8a_context_edge_film,gatv2,graph_c_context_observation,S5F2_energy,test,181,3265,,1,0.2597684860229492
sprint9_multiseed_S8A_R2_seed7_S8A_R2_context_edge_film,S8A_R2_context_edge_film,graph_c_gatv2_context_edge_film_interaction,gatv2_graph_c_sprint8a_context_edge_film,gatv2,graph_c_context_observation,S5F2_energy,test,182,3265,,1,0.2673366367816925
sprint9_multiseed_S8A_R2_seed7_S8A_R2_context_edge_film,S8A_R2_context_edge_film,graph_c_gatv2_context_edge_film_interaction,gatv2_graph_c_sprint8a_context_edge_film,gatv2,graph_c_context_observation,S5F2_energy,test,183,3265,,1,0.28793129324913025
sprint9_multiseed_S8A_R2_seed7_S8A_R2_context_edge_film,S8A_R2_context_edge_film,graph_c_gatv2_context_edge_film_interaction,gatv2_graph_c_sprint8a_context_edge_film,gatv2,graph_c_context_observation,S5F2_energy,test,184,3265,,1,0.29907193779945374
sprint9_multiseed_S8A_R2_seed7_S8A_R2_context_edge_film,S8A_R2_context_edge_film,graph_c_gatv2_context_edge_film_interaction,gatv2_graph_c_sprint8a_context_edge_film,gatv2,graph_c_context_observation,S5F2_energy,test,185,3265,,1,0.3042372465133667
sprint9_multiseed_S8A_R2_seed7_S8A_R2_context_edge_film,S8A_R2_context_edge_film,graph_c_gatv2_context_edge_film_interaction,gatv2_graph_c_sprint8a_context_edge_film,gatv2,graph_c_context_observation,S5F2_energy,test,186,3265,,1,0.20420919358730316
sprint9_multiseed_S8A_R2_seed7_S8A_R2_context_edge_film,S8A_R2_context_edge_film,graph_c_gatv2_context_edge_film_interaction,gatv2_graph_c_sprint8a_context_edge_film,gatv2,graph_c_context_observation,S5F2_energy,test,187,3265,,1,0.28398802876472473
sprint9_multiseed_S8A_R2_seed7_S8A_R2_context_edge_film,S8A_R2_context_edge_film,graph_c_gatv2_context_edge_film_interaction,gatv2_graph_c_sprint8a_context_edge_film,gatv2,graph_c_context_observation,S5F2_energy,test,188,3265,,1,0.26339995861053467
sprint9_multiseed_S8A_R2_seed7_S8A_R2_context_edge_film,S8A_R2_context_edge_film,graph_c_gatv2_context_edge_film_interaction,gatv2_graph_c_sprint8a_context_edge_film,gatv2,graph_c_context_observation,S5F2_energy,test,189,3265,,1,0.35115182399749756
sprint9_multiseed_S8A_R2_seed7_S8A_R2_context_edge_film,S8A_R2_context_edge_film,graph_c_gatv2_context_edge_film_interaction,gatv2_graph_c_sprint8a_context_edge_film,gatv2,graph_c_context_observation,S5F2_energy,test,190,3265,,1,0.24322205781936646
sprint9_multiseed_S8A_R2_seed7_S8A_R2_context_edge_film,S8A_R2_context_edge_film,graph_c_gatv2_context_edge_film_interaction,gatv2_graph_c_sprint8a_context_edge_film,gatv2,graph_c_context_observation,S5F2_energy,test,191,3265,,1,0.3423077166080475
sprint9_multiseed_S8A_R2_seed7_S8A_R2_context_edge_film,S8A_R2_context_edge_film,graph_c_gatv2_context_edge_film_interaction,gatv2_graph_c_sprint8a_context_edge_film,gatv2,graph_c_context_observation,S5F2_energy,test,192,3265,,1,0.28654640913009644
sprint9_multiseed_S8A_R2_seed7_S8A_R2_context_edge_film,S8A_R2_context_edge_film,graph_c_gatv2_context_edge_film_interaction,gatv2_graph_c_sprint8a_context_edge_film,gatv2,graph_c_context_observation,S5F2_energy,test,193,3265,,1,0.25556960701942444
sprint9_multiseed_S8A_R2_seed7_S8A_R2_context_edge_film,S8A_R2_context_edge_film,graph_c_gatv2_context_edge_film_interaction,gatv2_graph_c_sprint8a_context_edge_film,gatv2,graph_c_context_observation,S5F2_energy,test,194,3265,,1,0.33852913975715637
sprint9_multiseed_S8A_R2_seed7_S8A_R2_context_edge_film,S8A_R2_context_edge_film,graph_c_gatv2_context_edge_film_interaction,gatv2_graph_c_sprint8a_context_edge_film,gatv2,graph_c_context_observation,S5F2_energy,test,195,3265,,1,0.23466753959655762
sprint9_multiseed_S8A_R2_seed7_S8A_R2_context_edge_film,S8A_R2_context_edge_film,graph_c_gatv2_context_edge_film_interaction,gatv2_graph_c_sprint8a_context_edge_film,gatv2,graph_c_context_observation,S5F2_energy,test,196,3265,,1,0.293742299079895
sprint9_multiseed_S8A_R2_seed7_S8A_R2_context_edge_film,S8A_R2_context_edge_film,graph_c_gatv2_context_edge_film_interaction,gatv2_graph_c_sprint8a_context_edge_film,gatv2,graph_c_context_observation,S5F2_energy,test,197,3265,,1,0.3076801598072052
sprint9_multiseed_S8A_R2_seed7_S8A_R2_context_edge_film,S8A_R2_context_edge_film,graph_c_gatv2_context_edge_film_interaction,gatv2_graph_c_sprint8a_context_edge_film,gatv2,graph_c_context_observation,S5F2_energy,test,198,3265,,1,0.23761823773384094
sprint9_multiseed_S8A_R2_seed7_S8A_R2_context_edge_film,S8A_R2_context_edge_film,graph_c_gatv2_context_edge_film_interaction,gatv2_graph_c_sprint8a_context_edge_film,gatv2,graph_c_context_observation,S5F2_energy,test,199,3265,,1,0.22810706496238708
sprint9_multiseed_S8A_R2_seed7_S8A_R2_context_edge_film,S8A_R2_context_edge_film,graph_c_gatv2_context_edge_film_interaction,gatv2_graph_c_sprint8a_context_edge_film,gatv2,graph_c_context_observation,S5F2_energy,test,200,3265,,1,0.2252192497253418
sprint9_multiseed_S8A_R2_seed7_S8A_R2_context_edge_film,S8A_R2_context_edge_film,graph_c_gatv2_context_edge_film_interaction,gatv2_graph_c_sprint8a_context_edge_film,gatv2,graph_c_context_observation,S5F2_energy,test,201,3265,,1,0.2603960931301117
sprint9_multiseed_S8A_R2_seed7_S8A_R2_context_edge_film,S8A_R2_context_edge_film,graph_c_gatv2_context_edge_film_interaction,gatv2_graph_c_sprint8a_context_edge_film,gatv2,graph_c_context_observation,S5F2_energy,test,202,3300,,1,0.8506297469139099
sprint9_multiseed_S8A_R2_seed7_S8A_R2_context_edge_film,S8A_R2_context_edge_film,graph_c_gatv2_context_edge_film_interaction,gatv2_graph_c_sprint8a_context_edge_film,gatv2,graph_c_context_observation,S5F2_energy,test,203,3300,,1,0.7377110123634338
sprint9_multiseed_S8A_R2_seed7_S8A_R2_context_edge_film,S8A_R2_context_edge_film,graph_c_gatv2_context_edge_film_interaction,gatv2_graph_c_sprint8a_context_edge_film,gatv2,graph_c_context_observation,S5F2_energy,test,204,3300,,1,0.7514522075653076
sprint9_multiseed_S8A_R2_seed7_S8A_R2_context_edge_film,S8A_R2_context_edge_film,graph_c_gatv2_context_edge_film_interaction,gatv2_graph_c_sprint8a_context_edge_film,gatv2,graph_c_context_observation,S5F2_energy,test,205,3300,,1,0.8294514417648315
sprint9_multiseed_S8A_R2_seed7_S8A_R2_context_edge_film,S8A_R2_context_edge_film,graph_c_gatv2_context_edge_film_interaction,gatv2_graph_c_sprint8a_context_edge_film,gatv2,graph_c_context_observation,S5F2_energy,test,206,3300,,1,0.5460209250450134
sprint9_multiseed_S8A_R2_seed7_S8A_R2_context_edge_film,S8A_R2_context_edge_film,graph_c_gatv2_context_edge_film_interaction,gatv2_graph_c_sprint8a_context_edge_film,gatv2,graph_c_context_observation,S5F2_energy,test,207,3300,,1,0.7751230597496033
sprint9_multiseed_S8A_R2_seed7_S8A_R2_context_edge_film,S8A_R2_context_edge_film,graph_c_gatv2_context_edge_film_interaction,gatv2_graph_c_sprint8a_context_edge_film,gatv2,graph_c_context_observation,S5F2_energy,test,208,3300,,1,0.7919309735298157
sprint9_multiseed_S8A_R2_seed7_S8A_R2_context_edge_film,S8A_R2_context_edge_film,graph_c_gatv2_context_edge_film_interaction,gatv2_graph_c_sprint8a_context_edge_film,gatv2,graph_c_context_observation,S5F2_energy,test,209,3300,,1,0.5673437118530273
sprint9_multiseed_S8A_R2_seed7_S8A_R2_context_edge_film,S8A_R2_context_edge_film,graph_c_gatv2_context_edge_film_interaction,gatv2_graph_c_sprint8a_context_edge_film,gatv2,graph_c_context_observation,S5F2_energy,test,210,3300,,1,0.6807299256324768
sprint9_multiseed_S8A_R2_seed7_S8A_R2_context_edge_film,S8A_R2_context_edge_film,graph_c_gatv2_context_edge_film_interaction,gatv2_graph_c_sprint8a_context_edge_film,gatv2,graph_c_context_observation,S5F2_energy,test,211,3300,,1,0.7501590847969055
sprint9_multiseed_S8A_R2_seed7_S8A_R2_context_edge_film,S8A_R2_context_edge_film,graph_c_gatv2_context_edge_film_interaction,gatv2_graph_c_sprint8a_context_edge_film,gatv2,graph_c_context_observation,S5F2_energy,test,212,3300,,1,0.6723318099975586
sprint9_multiseed_S8A_R2_seed7_S8A_R2_context_edge_film,S8A_R2_context_edge_film,graph_c_gatv2_context_edge_film_interaction,gatv2_graph_c_sprint8a_context_edge_film,gatv2,graph_c_context_observation,S5F2_energy,test,213,3300,,1,0.7023109197616577
sprint9_multiseed_S8A_R2_seed7_S8A_R2_context_edge_film,S8A_R2_context_edge_film,graph_c_gatv2_context_edge_film_interaction,gatv2_graph_c_sprint8a_context_edge_film,gatv2,graph_c_context_observation,S5F2_energy,test,214,3300,,1,0.691840410232544
sprint9_multiseed_S8A_R2_seed7_S8A_R2_context_edge_film,S8A_R2_context_edge_film,graph_c_gatv2_context_edge_film_interaction,gatv2_graph_c_sprint8a_context_edge_film,gatv2,graph_c_context_observation,S5F2_energy,test,215,3300,,1,0.7523019909858704
sprint9_multiseed_S8A_R2_seed7_S8A_R2_context_edge_film,S8A_R2_context_edge_film,graph_c_gatv2_context_edge_film_interaction,gatv2_graph_c_sprint8a_context_edge_film,gatv2,graph_c_context_observation,S5F2_energy,test,216,3300,,1,0.6823905110359192
sprint9_multiseed_S8A_R2_seed7_S8A_R2_context_edge_film,S8A_R2_context_edge_film,graph_c_gatv2_context_edge_film_interaction,gatv2_graph_c_sprint8a_context_edge_film,gatv2,graph_c_context_observation,S5F2_energy,test,217,3300,,1,0.6434603929519653
sprint9_multiseed_S8A_R2_seed7_S8A_R2_context_edge_film,S8A_R2_context_edge_film,graph_c_gatv2_context_edge_film_interaction,gatv2_graph_c_sprint8a_context_edge_film,gatv2,graph_c_context_observation,S5F2_energy,test,218,3300,,1,0.7825257778167725
sprint9_multiseed_S8A_R2_seed7_S8A_R2_context_edge_film,S8A_R2_context_edge_film,graph_c_gatv2_context_edge_film_interaction,gatv2_graph_c_sprint8a_context_edge_film,gatv2,graph_c_context_observation,S5F2_energy,test,219,3300,,1,0.670638382434845
sprint9_multiseed_S8A_R2_seed7_S8A_R2_context_edge_film,S8A_R2_context_edge_film,graph_c_gatv2_context_edge_film_interaction,gatv2_graph_c_sprint8a_context_edge_film,gatv2,graph_c_context_observation,S5F2_energy,test,220,3300,,1,0.7703403830528259
sprint9_multiseed_S8A_R2_seed7_S8A_R2_context_edge_film,S8A_R2_context_edge_film,graph_c_gatv2_context_edge_film_interaction,gatv2_graph_c_sprint8a_context_edge_film,gatv2,graph_c_context_observation,S5F2_energy,test,221,3300,,1,0.792367160320282
sprint9_multiseed_S8A_R2_seed7_S8A_R2_context_edge_film,S8A_R2_context_edge_film,graph_c_gatv2_context_edge_film_interaction,gatv2_graph_c_sprint8a_context_edge_film,gatv2,graph_c_context_observation,S5F2_energy,test,222,3300,,1,0.6851202249526978
sprint9_multiseed_S8A_R2_seed7_S8A_R2_context_edge_film,S8A_R2_context_edge_film,graph_c_gatv2_context_edge_film_interaction,gatv2_graph_c_sprint8a_context_edge_film,gatv2,graph_c_context_observation,S5F2_energy,test,223,3300,,1,0.7369255423545837
sprint9_multiseed_S8A_R2_seed7_S8A_R2_context_edge_film,S8A_R2_context_edge_film,graph_c_gatv2_context_edge_film_interaction,gatv2_graph_c_sprint8a_context_edge_film,gatv2,graph_c_context_observation,S5F2_energy,test,224,3300,,1,0.8506003022193909
sprint9_multiseed_S8A_R2_seed7_S8A_R2_context_edge_film,S8A_R2_context_edge_film,graph_c_gatv2_context_edge_film_interaction,gatv2_graph_c_sprint8a_context_edge_film,gatv2,graph_c_context_observation,S5F2_energy,test,225,3300,,1,0.5876044631004333
sprint9_multiseed_S8A_R2_seed7_S8A_R2_context_edge_film,S8A_R2_context_edge_film,graph_c_gatv2_context_edge_film_interaction,gatv2_graph_c_sprint8a_context_edge_film,gatv2,graph_c_context_observation,S5F2_energy,test,226,3300,,1,0.7899169325828552
sprint9_multiseed_S8A_R2_seed7_S8A_R2_context_edge_film,S8A_R2_context_edge_film,graph_c_gatv2_context_edge_film_interaction,gatv2_graph_c_sprint8a_context_edge_film,gatv2,graph_c_context_observation,S5F2_energy,test,227,3300,,1,0.7599434852600098
sprint9_multiseed_S8A_R2_seed7_S8A_R2_context_edge_film,S8A_R2_context_edge_film,graph_c_gatv2_context_edge_film_interaction,gatv2_graph_c_sprint8a_context_edge_film,gatv2,graph_c_context_observation,S5F2_energy,test,228,3300,,1,0.6439807415008545
sprint9_multiseed_S8A_R2_seed7_S8A_R2_context_edge_film,S8A_R2_context_edge_film,graph_c_gatv2_context_edge_film_interaction,gatv2_graph_c_sprint8a_context_edge_film,gatv2,graph_c_context_observation,S5F2_energy,test,229,3300,,1,0.724661648273468
sprint9_multiseed_S8A_R2_seed7_S8A_R2_context_edge_film,S8A_R2_context_edge_film,graph_c_gatv2_context_edge_film_interaction,gatv2_graph_c_sprint8a_context_edge_film,gatv2,graph_c_context_observation,S5F2_energy,test,230,3300,,1,0.7045353055000305
sprint9_multiseed_S8A_R2_seed7_S8A_R2_context_edge_film,S8A_R2_context_edge_film,graph_c_gatv2_context_edge_film_interaction,gatv2_graph_c_sprint8a_context_edge_film,gatv2,graph_c_context_observation,S5F2_energy,test,231,3300,,1,0.6557968258857727
sprint9_multiseed_S8A_R2_seed7_S8A_R2_context_edge_film,S8A_R2_context_edge_film,graph_c_gatv2_context_edge_film_interaction,gatv2_graph_c_sprint8a_context_edge_film,gatv2,graph_c_context_observation,S5F2_energy,test,232,3300,,1,0.6304104924201965
sprint9_multiseed_S8A_R2_seed7_S8A_R2_context_edge_film,S8A_R2_context_edge_film,graph_c_gatv2_context_edge_film_interaction,gatv2_graph_c_sprint8a_context_edge_film,gatv2,graph_c_context_observation,S5F2_energy,test,233,3300,,1,0.7756453156471252
sprint9_multiseed_S8A_R2_seed7_S8A_R2_context_edge_film,S8A_R2_context_edge_film,graph_c_gatv2_context_edge_film_interaction,gatv2_graph_c_sprint8a_context_edge_film,gatv2,graph_c_context_observation,S5F2_energy,test,234,3300,,1,0.7328296303749084
sprint9_multiseed_S8A_R2_seed7_S8A_R2_context_edge_film,S8A_R2_context_edge_film,graph_c_gatv2_context_edge_film_interaction,gatv2_graph_c_sprint8a_context_edge_film,gatv2,graph_c_context_observation,S5F2_energy,test,235,3300,,1,0.6067924499511719
sprint9_multiseed_S8A_R2_seed7_S8A_R2_context_edge_film,S8A_R2_context_edge_film,graph_c_gatv2_context_edge_film_interaction,gatv2_graph_c_sprint8a_context_edge_film,gatv2,graph_c_context_observation,S5F2_energy,test,236,3300,,1,0.7226185202598572
sprint9_multiseed_S8A_R2_seed7_S8A_R2_context_edge_film,S8A_R2_context_edge_film,graph_c_gatv2_context_edge_film_interaction,gatv2_graph_c_sprint8a_context_edge_film,gatv2,graph_c_context_observation,S5F2_energy,test,237,3300,,1,0.6980786323547363
sprint9_multiseed_S8A_R2_seed7_S8A_R2_context_edge_film,S8A_R2_context_edge_film,graph_c_gatv2_context_edge_film_interaction,gatv2_graph_c_sprint8a_context_edge_film,gatv2,graph_c_context_observation,S5F2_energy,test,238,3300,,1,0.7670575380325317
sprint9_multiseed_S8A_R2_seed7_S8A_R2_context_edge_film,S8A_R2_context_edge_film,graph_c_gatv2_context_edge_film_interaction,gatv2_graph_c_sprint8a_context_edge_film,gatv2,graph_c_context_observation,S5F2_energy,test,239,3300,,1,0.648036003112793
sprint9_multiseed_S8A_R2_seed7_S8A_R2_context_edge_film,S8A_R2_context_edge_film,graph_c_gatv2_context_edge_film_interaction,gatv2_graph_c_sprint8a_context_edge_film,gatv2,graph_c_context_observation,S5F2_energy,test,240,3300,,1,0.7248608469963074
sprint9_multiseed_S8A_R2_seed7_S8A_R2_context_edge_film,S8A_R2_context_edge_film,graph_c_gatv2_context_edge_film_interaction,gatv2_graph_c_sprint8a_context_edge_film,gatv2,graph_c_context_observation,S5F2_energy,test,241,3300,,1,0.7414343357086182
sprint9_multiseed_S8A_R2_seed7_S8A_R2_context_edge_film,S8A_R2_context_edge_film,graph_c_gatv2_context_edge_film_interaction,gatv2_graph_c_sprint8a_context_edge_film,gatv2,graph_c_context_observation,S5F2_energy,test,242,3300,,1,0.6746675372123718
sprint9_multiseed_S8A_R2_seed7_S8A_R2_context_edge_film,S8A_R2_context_edge_film,graph_c_gatv2_context_edge_film_interaction,gatv2_graph_c_sprint8a_context_edge_film,gatv2,graph_c_context_observation,S5F2_energy,test,243,3300,,1,0.6693586111068726
sprint9_multiseed_S8A_R2_seed7_S8A_R2_context_edge_film,S8A_R2_context_edge_film,graph_c_gatv2_context_edge_film_interaction,gatv2_graph_c_sprint8a_context_edge_film,gatv2,graph_c_context_observation,S5F2_energy,test,244,3300,,1,0.6519873142242432
sprint9_multiseed_S8A_R2_seed7_S8A_R2_context_edge_film,S8A_R2_context_edge_film,graph_c_gatv2_context_edge_film_interaction,gatv2_graph_c_sprint8a_context_edge_film,gatv2,graph_c_context_observation,S5F2_energy,test,245,3300,,1,0.6848824620246887
sprint9_multiseed_S8A_R2_seed7_S8A_R2_context_edge_film,S8A_R2_context_edge_film,graph_c_gatv2_context_edge_film_interaction,gatv2_graph_c_sprint8a_context_edge_film,gatv2,graph_c_context_observation,S5F2_energy,test,246,3300,,1,0.6050865054130554
sprint9_multiseed_S8A_R2_seed7_S8A_R2_context_edge_film,S8A_R2_context_edge_film,graph_c_gatv2_context_edge_film_interaction,gatv2_graph_c_sprint8a_context_edge_film,gatv2,graph_c_context_observation,S5F2_energy,test,247,3300,,1,0.5856768488883972
sprint9_multiseed_S8A_R2_seed7_S8A_R2_context_edge_film,S8A_R2_context_edge_film,graph_c_gatv2_context_edge_film_interaction,gatv2_graph_c_sprint8a_context_edge_film,gatv2,graph_c_context_observation,S5F2_energy,test,248,3300,,1,0.6186620593070984
sprint9_multiseed_S8A_R2_seed7_S8A_R2_context_edge_film,S8A_R2_context_edge_film,graph_c_gatv2_context_edge_film_interaction,gatv2_graph_c_sprint8a_context_edge_film,gatv2,graph_c_context_observation,S5F2_energy,test,249,3300,,1,0.729117214679718
sprint9_multiseed_S8A_R2_seed7_S8A_R2_context_edge_film,S8A_R2_context_edge_film,graph_c_gatv2_context_edge_film_interaction,gatv2_graph_c_sprint8a_context_edge_film,gatv2,graph_c_context_observation,S5F2_energy,test,250,3300,,1,0.6540499925613403
sprint9_multiseed_S8A_R2_seed7_S8A_R2_context_edge_film,S8A_R2_context_edge_film,graph_c_gatv2_context_edge_film_interaction,gatv2_graph_c_sprint8a_context_edge_film,gatv2,graph_c_context_observation,S5F2_energy,test,251,3300,,1,0.587521493434906
sprint9_multiseed_S8A_R2_seed7_S8A_R2_context_edge_film,S8A_R2_context_edge_film,graph_c_gatv2_context_edge_film_interaction,gatv2_graph_c_sprint8a_context_edge_film,gatv2,graph_c_context_observation,S5F2_energy,test,252,3300,,1,0.7598194479942322
sprint9_multiseed_S8A_R2_seed7_S8A_R2_context_edge_film,S8A_R2_context_edge_film,graph_c_gatv2_context_edge_film_interaction,gatv2_graph_c_sprint8a_context_edge_film,gatv2,graph_c_context_observation,S5F2_energy,test,253,3300,,1,0.6766189336776733
sprint9_multiseed_S8A_R2_seed7_S8A_R2_context_edge_film,S8A_R2_context_edge_film,graph_c_gatv2_context_edge_film_interaction,gatv2_graph_c_sprint8a_context_edge_film,gatv2,graph_c_context_observation,S5F2_energy,test,254,3300,,1,0.6131735444068909
sprint9_multiseed_S8A_R2_seed7_S8A_R2_context_edge_film,S8A_R2_context_edge_film,graph_c_gatv2_context_edge_film_interaction,gatv2_graph_c_sprint8a_context_edge_film,gatv2,graph_c_context_observation,S5F2_energy,test,255,3300,,1,0.6262030601501465
sprint9_multiseed_S8A_R2_seed7_S8A_R2_context_edge_film,S8A_R2_context_edge_film,graph_c_gatv2_context_edge_film_interaction,gatv2_graph_c_sprint8a_context_edge_film,gatv2,graph_c_context_observation,S5F2_energy,test,256,3300,,1,0.5413110852241516
sprint9_multiseed_S8A_R2_seed7_S8A_R2_context_edge_film,S8A_R2_context_edge_film,graph_c_gatv2_context_edge_film_interaction,gatv2_graph_c_sprint8a_context_edge_film,gatv2,graph_c_context_observation,S5F2_energy,test,257,3300,,1,0.6957150101661682
sprint9_multiseed_S8A_R2_seed7_S8A_R2_context_edge_film,S8A_R2_context_edge_film,graph_c_gatv2_context_edge_film_interaction,gatv2_graph_c_sprint8a_context_edge_film,gatv2,graph_c_context_observation,S5F2_energy,test,258,3300,,1,0.7308992147445679
sprint9_multiseed_S8A_R2_seed7_S8A_R2_context_edge_film,S8A_R2_context_edge_film,graph_c_gatv2_context_edge_film_interaction,gatv2_graph_c_sprint8a_context_edge_film,gatv2,graph_c_context_observation,S5F2_energy,test,259,3300,,1,0.6746472120285034
sprint9_multiseed_S8A_R2_seed7_S8A_R2_context_edge_film,S8A_R2_context_edge_film,graph_c_gatv2_context_edge_film_interaction,gatv2_graph_c_sprint8a_context_edge_film,gatv2,graph_c_context_observation,S5F2_energy,test,260,3300,,1,0.6669142246246338
sprint9_multiseed_S8A_R2_seed7_S8A_R2_context_edge_film,S8A_R2_context_edge_film,graph_c_gatv2_context_edge_film_interaction,gatv2_graph_c_sprint8a_context_edge_film,gatv2,graph_c_context_observation,S5F2_energy,test,261,3300,,1,0.7065659761428833
sprint9_multiseed_S8A_R2_seed7_S8A_R2_context_edge_film,S8A_R2_context_edge_film,graph_c_gatv2_context_edge_film_interaction,gatv2_graph_c_sprint8a_context_edge_film,gatv2,graph_c_context_observation,S5F2_energy,test,262,3300,,1,0.562753438949585
sprint9_multiseed_S8A_R2_seed7_S8A_R2_context_edge_film,S8A_R2_context_edge_film,graph_c_gatv2_context_edge_film_interaction,gatv2_graph_c_sprint8a_context_edge_film,gatv2,graph_c_context_observation,S5F2_energy,test,263,3300,,1,0.5993469953536987
sprint9_multiseed_S8A_R2_seed7_S8A_R2_context_edge_film,S8A_R2_context_edge_film,graph_c_gatv2_context_edge_film_interaction,gatv2_graph_c_sprint8a_context_edge_film,gatv2,graph_c_context_observation,S5F2_energy,test,264,3300,,1,0.5952997207641602
sprint9_multiseed_S8A_R2_seed7_S8A_R2_context_edge_film,S8A_R2_context_edge_film,graph_c_gatv2_context_edge_film_interaction,gatv2_graph_c_sprint8a_context_edge_film,gatv2,graph_c_context_observation,S5F2_energy,test,265,3300,,1,0.6541000604629517
sprint9_multiseed_S8A_R2_seed7_S8A_R2_context_edge_film,S8A_R2_context_edge_film,graph_c_gatv2_context_edge_film_interaction,gatv2_graph_c_sprint8a_context_edge_film,gatv2,graph_c_context_observation,S5F2_energy,test,266,3300,,1,0.6476756930351257
sprint9_multiseed_S8A_R2_seed7_S8A_R2_context_edge_film,S8A_R2_context_edge_film,graph_c_gatv2_context_edge_film_interaction,gatv2_graph_c_sprint8a_context_edge_film,gatv2,graph_c_context_observation,S5F2_energy,test,267,3300,,1,0.6327182650566101
sprint9_multiseed_S8A_R2_seed7_S8A_R2_context_edge_film,S8A_R2_context_edge_film,graph_c_gatv2_context_edge_film_interaction,gatv2_graph_c_sprint8a_context_edge_film,gatv2,graph_c_context_observation,S5F2_energy,test,268,3300,,1,0.6447486877441406
sprint9_multiseed_S8A_R2_seed7_S8A_R2_context_edge_film,S8A_R2_context_edge_film,graph_c_gatv2_context_edge_film_interaction,gatv2_graph_c_sprint8a_context_edge_film,gatv2,graph_c_context_observation,S5F2_energy,test,269,3300,,1,0.6540946960449219
sprint9_multiseed_S8A_R2_seed7_S8A_R2_context_edge_film,S8A_R2_context_edge_film,graph_c_gatv2_context_edge_film_interaction,gatv2_graph_c_sprint8a_context_edge_film,gatv2,graph_c_context_observation,S5F2_energy,test,270,3300,,1,0.6117768883705139
sprint9_multiseed_S8A_R2_seed7_S8A_R2_context_edge_film,S8A_R2_context_edge_film,graph_c_gatv2_context_edge_film_interaction,gatv2_graph_c_sprint8a_context_edge_film,gatv2,graph_c_context_observation,S5F2_energy,test,271,3300,,1,0.6383147239685059
sprint9_multiseed_S8A_R2_seed7_S8A_R2_context_edge_film,S8A_R2_context_edge_film,graph_c_gatv2_context_edge_film_interaction,gatv2_graph_c_sprint8a_context_edge_film,gatv2,graph_c_context_observation,S5F2_energy,test,272,3300,,1,0.636981189250946
sprint9_multiseed_S8A_R2_seed7_S8A_R2_context_edge_film,S8A_R2_context_edge_film,graph_c_gatv2_context_edge_film_interaction,gatv2_graph_c_sprint8a_context_edge_film,gatv2,graph_c_context_observation,S5F2_energy,test,273,3300,,1,0.5897183418273926
sprint9_multiseed_S8A_R2_seed7_S8A_R2_context_edge_film,S8A_R2_context_edge_film,graph_c_gatv2_context_edge_film_interaction,gatv2_graph_c_sprint8a_context_edge_film,gatv2,graph_c_context_observation,S5F2_energy,test,274,3300,,1,0.5768685340881348
sprint9_multiseed_S8A_R2_seed7_S8A_R2_context_edge_film,S8A_R2_context_edge_film,graph_c_gatv2_context_edge_film_interaction,gatv2_graph_c_sprint8a_context_edge_film,gatv2,graph_c_context_observation,S5F2_energy,test,275,3300,,1,0.668720006942749
sprint9_multiseed_S8A_R2_seed7_S8A_R2_context_edge_film,S8A_R2_context_edge_film,graph_c_gatv2_context_edge_film_interaction,gatv2_graph_c_sprint8a_context_edge_film,gatv2,graph_c_context_observation,S5F2_energy,test,276,3300,,1,0.7480862736701965
sprint9_multiseed_S8A_R2_seed7_S8A_R2_context_edge_film,S8A_R2_context_edge_film,graph_c_gatv2_context_edge_film_interaction,gatv2_graph_c_sprint8a_context_edge_film,gatv2,graph_c_context_observation,S5F2_energy,test,277,3300,,1,0.6905757188796997
sprint9_multiseed_S8A_R2_seed7_S8A_R2_context_edge_film,S8A_R2_context_edge_film,graph_c_gatv2_context_edge_film_interaction,gatv2_graph_c_sprint8a_context_edge_film,gatv2,graph_c_context_observation,S5F2_energy,test,278,3300,,1,0.6786826848983765
sprint9_multiseed_S8A_R2_seed7_S8A_R2_context_edge_film,S8A_R2_context_edge_film,graph_c_gatv2_context_edge_film_interaction,gatv2_graph_c_sprint8a_context_edge_film,gatv2,graph_c_context_observation,S5F2_energy,test,279,3300,,1,0.6467236280441284
sprint9_multiseed_S8A_R2_seed7_S8A_R2_context_edge_film,S8A_R2_context_edge_film,graph_c_gatv2_context_edge_film_interaction,gatv2_graph_c_sprint8a_context_edge_film,gatv2,graph_c_context_observation,S5F2_energy,test,280,3300,,1,0.6360747218132019
sprint9_multiseed_S8A_R2_seed7_S8A_R2_context_edge_film,S8A_R2_context_edge_film,graph_c_gatv2_context_edge_film_interaction,gatv2_graph_c_sprint8a_context_edge_film,gatv2,graph_c_context_observation,S5F2_energy,test,281,3300,,1,0.639945387840271
sprint9_multiseed_S8A_R2_seed7_S8A_R2_context_edge_film,S8A_R2_context_edge_film,graph_c_gatv2_context_edge_film_interaction,gatv2_graph_c_sprint8a_context_edge_film,gatv2,graph_c_context_observation,S5F2_energy,test,282,3300,,1,0.7039767503738403
sprint9_multiseed_S8A_R2_seed7_S8A_R2_context_edge_film,S8A_R2_context_edge_film,graph_c_gatv2_context_edge_film_interaction,gatv2_graph_c_sprint8a_context_edge_film,gatv2,graph_c_context_observation,S5F2_energy,test,283,3300,,1,0.6530576944351196
sprint9_multiseed_S8A_R2_seed7_S8A_R2_context_edge_film,S8A_R2_context_edge_film,graph_c_gatv2_context_edge_film_interaction,gatv2_graph_c_sprint8a_context_edge_film,gatv2,graph_c_context_observation,S5F2_energy,test,284,3300,,1,0.6940938830375671
sprint9_multiseed_S8A_R2_seed7_S8A_R2_context_edge_film,S8A_R2_context_edge_film,graph_c_gatv2_context_edge_film_interaction,gatv2_graph_c_sprint8a_context_edge_film,gatv2,graph_c_context_observation,S5F2_energy,test,285,3300,,1,0.5750942826271057
sprint9_multiseed_S8A_R2_seed7_S8A_R2_context_edge_film,S8A_R2_context_edge_film,graph_c_gatv2_context_edge_film_interaction,gatv2_graph_c_sprint8a_context_edge_film,gatv2,graph_c_context_observation,S5F2_energy,test,286,3300,,1,0.6822594404220581
sprint9_multiseed_S8A_R2_seed7_S8A_R2_context_edge_film,S8A_R2_context_edge_film,graph_c_gatv2_context_edge_film_interaction,gatv2_graph_c_sprint8a_context_edge_film,gatv2,graph_c_context_observation,S5F2_energy,test,287,3300,,1,0.6555655598640442
sprint9_multiseed_S8A_R2_seed7_S8A_R2_context_edge_film,S8A_R2_context_edge_film,graph_c_gatv2_context_edge_film_interaction,gatv2_graph_c_sprint8a_context_edge_film,gatv2,graph_c_context_observation,S5F2_energy,test,288,3300,,1,0.650931715965271
sprint9_multiseed_S8A_R2_seed7_S8A_R2_context_edge_film,S8A_R2_context_edge_film,graph_c_gatv2_context_edge_film_interaction,gatv2_graph_c_sprint8a_context_edge_film,gatv2,graph_c_context_observation,S5F2_energy,test,289,3300,,1,0.7041943669319153
sprint9_multiseed_S8A_R2_seed7_S8A_R2_context_edge_film,S8A_R2_context_edge_film,graph_c_gatv2_context_edge_film_interaction,gatv2_graph_c_sprint8a_context_edge_film,gatv2,graph_c_context_observation,S5F2_energy,test,290,3300,,1,0.5717853307723999
sprint9_multiseed_S8A_R2_seed7_S8A_R2_context_edge_film,S8A_R2_context_edge_film,graph_c_gatv2_context_edge_film_interaction,gatv2_graph_c_sprint8a_context_edge_film,gatv2,graph_c_context_observation,S5F2_energy,test,291,3300,,1,0.767316997051239
sprint9_multiseed_S8A_R2_seed7_S8A_R2_context_edge_film,S8A_R2_context_edge_film,graph_c_gatv2_context_edge_film_interaction,gatv2_graph_c_sprint8a_context_edge_film,gatv2,graph_c_context_observation,S5F2_energy,test,292,3300,,1,0.6508461833000183
sprint9_multiseed_S8A_R2_seed7_S8A_R2_context_edge_film,S8A_R2_context_edge_film,graph_c_gatv2_context_edge_film_interaction,gatv2_graph_c_sprint8a_context_edge_film,gatv2,graph_c_context_observation,S5F2_energy,test,293,3300,,1,0.5907356142997742
sprint9_multiseed_S8A_R2_seed7_S8A_R2_context_edge_film,S8A_R2_context_edge_film,graph_c_gatv2_context_edge_film_interaction,gatv2_graph_c_sprint8a_context_edge_film,gatv2,graph_c_context_observation,S5F2_energy,test,294,3300,,1,0.6930209398269653
sprint9_multiseed_S8A_R2_seed7_S8A_R2_context_edge_film,S8A_R2_context_edge_film,graph_c_gatv2_context_edge_film_interaction,gatv2_graph_c_sprint8a_context_edge_film,gatv2,graph_c_context_observation,S5F2_energy,test,295,3300,,1,0.6539489030838013
sprint9_multiseed_S8A_R2_seed7_S8A_R2_context_edge_film,S8A_R2_context_edge_film,graph_c_gatv2_context_edge_film_interaction,gatv2_graph_c_sprint8a_context_edge_film,gatv2,graph_c_context_observation,S5F2_energy,test,296,3300,,1,0.721589982509613
sprint9_multiseed_S8A_R2_seed7_S8A_R2_context_edge_film,S8A_R2_context_edge_film,graph_c_gatv2_context_edge_film_interaction,gatv2_graph_c_sprint8a_context_edge_film,gatv2,graph_c_context_observation,S5F2_energy,test,297,3300,,1,0.6065546870231628
sprint9_multiseed_S8A_R2_seed7_S8A_R2_context_edge_film,S8A_R2_context_edge_film,graph_c_gatv2_context_edge_film_interaction,gatv2_graph_c_sprint8a_context_edge_film,gatv2,graph_c_context_observation,S5F2_energy,test,298,3300,,1,0.6085034608840942
sprint9_multiseed_S8A_R2_seed7_S8A_R2_context_edge_film,S8A_R2_context_edge_film,graph_c_gatv2_context_edge_film_interaction,gatv2_graph_c_sprint8a_context_edge_film,gatv2,graph_c_context_observation,S5F2_energy,test,299,3300,,1,0.6994931101799011
sprint9_multiseed_S8A_R2_seed7_S8A_R2_context_edge_film,S8A_R2_context_edge_film,graph_c_gatv2_context_edge_film_interaction,gatv2_graph_c_sprint8a_context_edge_film,gatv2,graph_c_context_observation,S5F2_energy,test,300,3300,,1,0.7454633116722107
sprint9_multiseed_S8A_R2_seed7_S8A_R2_context_edge_film,S8A_R2_context_edge_film,graph_c_gatv2_context_edge_film_interaction,gatv2_graph_c_sprint8a_context_edge_film,gatv2,graph_c_context_observation,S5F2_energy,test,301,3300,,1,0.7471609115600586
sprint9_multiseed_S8A_R2_seed7_S8A_R2_context_edge_film,S8A_R2_context_edge_film,graph_c_gatv2_context_edge_film_interaction,gatv2_graph_c_sprint8a_context_edge_film,gatv2,graph_c_context_observation,S5F2_energy,test,302,3300,,1,0.6440050005912781
sprint9_multiseed_S8A_R2_seed7_S8A_R2_context_edge_film,S8A_R2_context_edge_film,graph_c_gatv2_context_edge_film_interaction,gatv2_graph_c_sprint8a_context_edge_film,gatv2,graph_c_context_observation,S5F2_energy,test,303,3300,,1,0.7185552716255188
sprint9_multiseed_S8A_R2_seed7_S8A_R2_context_edge_film,S8A_R2_context_edge_film,graph_c_gatv2_context_edge_film_interaction,gatv2_graph_c_sprint8a_context_edge_film,gatv2,graph_c_context_observation,S5F2_energy,test,304,3300,,1,0.6352211236953735
sprint9_multiseed_S8A_R2_seed7_S8A_R2_context_edge_film,S8A_R2_context_edge_film,graph_c_gatv2_context_edge_film_interaction,gatv2_graph_c_sprint8a_context_edge_film,gatv2,graph_c_context_observation,S5F2_energy,test,305,3300,,1,0.5994224548339844
sprint9_multiseed_S8A_R2_seed7_S8A_R2_context_edge_film,S8A_R2_context_edge_film,graph_c_gatv2_context_edge_film_interaction,gatv2_graph_c_sprint8a_context_edge_film,gatv2,graph_c_context_observation,S5F2_energy,test,306,3300,,1,0.6442795991897583
sprint9_multiseed_S8A_R2_seed7_S8A_R2_context_edge_film,S8A_R2_context_edge_film,graph_c_gatv2_context_edge_film_interaction,gatv2_graph_c_sprint8a_context_edge_film,gatv2,graph_c_context_observation,S5F2_energy,test,307,3300,,1,0.7074214220046997
sprint9_multiseed_S8A_R2_seed7_S8A_R2_context_edge_film,S8A_R2_context_edge_film,graph_c_gatv2_context_edge_film_interaction,gatv2_graph_c_sprint8a_context_edge_film,gatv2,graph_c_context_observation,S5F2_energy,test,308,3300,,1,0.6163056492805481
sprint9_multiseed_S8A_R2_seed7_S8A_R2_context_edge_film,S8A_R2_context_edge_film,graph_c_gatv2_context_edge_film_interaction,gatv2_graph_c_sprint8a_context_edge_film,gatv2,graph_c_context_observation,S5F2_energy,test,309,3300,,1,0.7458854913711548
sprint9_multiseed_S8A_R2_seed7_S8A_R2_context_edge_film,S8A_R2_context_edge_film,graph_c_gatv2_context_edge_film_interaction,gatv2_graph_c_sprint8a_context_edge_film,gatv2,graph_c_context_observation,S5F2_energy,test,310,3300,,1,0.684461772441864
sprint9_multiseed_S8A_R2_seed7_S8A_R2_context_edge_film,S8A_R2_context_edge_film,graph_c_gatv2_context_edge_film_interaction,gatv2_graph_c_sprint8a_context_edge_film,gatv2,graph_c_context_observation,S5F2_energy,test,311,3300,,1,0.5989105105400085
sprint9_multiseed_S8A_R2_seed7_S8A_R2_context_edge_film,S8A_R2_context_edge_film,graph_c_gatv2_context_edge_film_interaction,gatv2_graph_c_sprint8a_context_edge_film,gatv2,graph_c_context_observation,S5F2_energy,test,312,3300,,1,0.6555118560791016
sprint9_multiseed_S8A_R2_seed7_S8A_R2_context_edge_film,S8A_R2_context_edge_film,graph_c_gatv2_context_edge_film_interaction,gatv2_graph_c_sprint8a_context_edge_film,gatv2,graph_c_context_observation,S5F2_energy,test,313,3300,,1,0.6454595923423767
sprint9_multiseed_S8A_R2_seed7_S8A_R2_context_edge_film,S8A_R2_context_edge_film,graph_c_gatv2_context_edge_film_interaction,gatv2_graph_c_sprint8a_context_edge_film,gatv2,graph_c_context_observation,S5F2_energy,test,314,3300,,1,0.5998969674110413
sprint9_multiseed_S8A_R2_seed7_S8A_R2_context_edge_film,S8A_R2_context_edge_film,graph_c_gatv2_context_edge_film_interaction,gatv2_graph_c_sprint8a_context_edge_film,gatv2,graph_c_context_observation,S5F2_energy,test,315,3300,,1,0.7685755491256714
sprint9_multiseed_S8A_R2_seed7_S8A_R2_context_edge_film,S8A_R2_context_edge_film,graph_c_gatv2_context_edge_film_interaction,gatv2_graph_c_sprint8a_context_edge_film,gatv2,graph_c_context_observation,S5F2_energy,test,316,3300,,1,0.6511769890785217
sprint9_multiseed_S8A_R2_seed7_S8A_R2_context_edge_film,S8A_R2_context_edge_film,graph_c_gatv2_context_edge_film_interaction,gatv2_graph_c_sprint8a_context_edge_film,gatv2,graph_c_context_observation,S5F2_energy,test,317,3300,,1,0.5628796815872192
sprint9_multiseed_S8A_R2_seed7_S8A_R2_context_edge_film,S8A_R2_context_edge_film,graph_c_gatv2_context_edge_film_interaction,gatv2_graph_c_sprint8a_context_edge_film,gatv2,graph_c_context_observation,S5F2_energy,test,318,3300,,1,0.7019696235656738
sprint9_multiseed_S8A_R2_seed7_S8A_R2_context_edge_film,S8A_R2_context_edge_film,graph_c_gatv2_context_edge_film_interaction,gatv2_graph_c_sprint8a_context_edge_film,gatv2,graph_c_context_observation,S5F2_energy,test,319,3300,,1,0.6997339129447937
sprint9_multiseed_S8A_R2_seed7_S8A_R2_context_edge_film,S8A_R2_context_edge_film,graph_c_gatv2_context_edge_film_interaction,gatv2_graph_c_sprint8a_context_edge_film,gatv2,graph_c_context_observation,S5F2_energy,test,320,3300,,1,0.6284863352775574
sprint9_multiseed_S8A_R2_seed7_S8A_R2_context_edge_film,S8A_R2_context_edge_film,graph_c_gatv2_context_edge_film_interaction,gatv2_graph_c_sprint8a_context_edge_film,gatv2,graph_c_context_observation,S5F2_energy,test,321,3300,,1,0.6540349125862122
sprint9_multiseed_S8A_R2_seed7_S8A_R2_context_edge_film,S8A_R2_context_edge_film,graph_c_gatv2_context_edge_film_interaction,gatv2_graph_c_sprint8a_context_edge_film,gatv2,graph_c_context_observation,S5F2_energy,test,322,3420,,1,0.7703540325164795
sprint9_multiseed_S8A_R2_seed7_S8A_R2_context_edge_film,S8A_R2_context_edge_film,graph_c_gatv2_context_edge_film_interaction,gatv2_graph_c_sprint8a_context_edge_film,gatv2,graph_c_context_observation,S5F2_energy,test,323,3420,,1,0.5775529146194458
sprint9_multiseed_S8A_R2_seed7_S8A_R2_context_edge_film,S8A_R2_context_edge_film,graph_c_gatv2_context_edge_film_interaction,gatv2_graph_c_sprint8a_context_edge_film,gatv2,graph_c_context_observation,S5F2_energy,test,324,3420,,1,0.5594137907028198
sprint9_multiseed_S8A_R2_seed7_S8A_R2_context_edge_film,S8A_R2_context_edge_film,graph_c_gatv2_context_edge_film_interaction,gatv2_graph_c_sprint8a_context_edge_film,gatv2,graph_c_context_observation,S5F2_energy,test,325,3420,,1,0.6166683435440063
sprint9_multiseed_S8A_R2_seed7_S8A_R2_context_edge_film,S8A_R2_context_edge_film,graph_c_gatv2_context_edge_film_interaction,gatv2_graph_c_sprint8a_context_edge_film,gatv2,graph_c_context_observation,S5F2_energy,test,326,3420,,1,0.624424159526825
sprint9_multiseed_S8A_R2_seed7_S8A_R2_context_edge_film,S8A_R2_context_edge_film,graph_c_gatv2_context_edge_film_interaction,gatv2_graph_c_sprint8a_context_edge_film,gatv2,graph_c_context_observation,S5F2_energy,test,327,3420,,1,0.6120864152908325
sprint9_multiseed_S8A_R2_seed7_S8A_R2_context_edge_film,S8A_R2_context_edge_film,graph_c_gatv2_context_edge_film_interaction,gatv2_graph_c_sprint8a_context_edge_film,gatv2,graph_c_context_observation,S5F2_energy,test,328,3420,,1,0.5269601345062256
sprint9_multiseed_S8A_R2_seed7_S8A_R2_context_edge_film,S8A_R2_context_edge_film,graph_c_gatv2_context_edge_film_interaction,gatv2_graph_c_sprint8a_context_edge_film,gatv2,graph_c_context_observation,S5F2_energy,test,329,3420,,1,0.5219790935516357
sprint9_multiseed_S8A_R2_seed7_S8A_R2_context_edge_film,S8A_R2_context_edge_film,graph_c_gatv2_context_edge_film_interaction,gatv2_graph_c_sprint8a_context_edge_film,gatv2,graph_c_context_observation,S5F2_energy,test,330,3420,,1,0.5513784289360046
sprint9_multiseed_S8A_R2_seed7_S8A_R2_context_edge_film,S8A_R2_context_edge_film,graph_c_gatv2_context_edge_film_interaction,gatv2_graph_c_sprint8a_context_edge_film,gatv2,graph_c_context_observation,S5F2_energy,test,331,3420,,1,0.6778681874275208
sprint9_multiseed_S8A_R2_seed7_S8A_R2_context_edge_film,S8A_R2_context_edge_film,graph_c_gatv2_context_edge_film_interaction,gatv2_graph_c_sprint8a_context_edge_film,gatv2,graph_c_context_observation,S5F2_energy,test,332,3420,,1,0.6980161666870117
sprint9_multiseed_S8A_R2_seed7_S8A_R2_context_edge_film,S8A_R2_context_edge_film,graph_c_gatv2_context_edge_film_interaction,gatv2_graph_c_sprint8a_context_edge_film,gatv2,graph_c_context_observation,S5F2_energy,test,333,3420,,1,0.5722303986549377
sprint9_multiseed_S8A_R2_seed7_S8A_R2_context_edge_film,S8A_R2_context_edge_film,graph_c_gatv2_context_edge_film_interaction,gatv2_graph_c_sprint8a_context_edge_film,gatv2,graph_c_context_observation,S5F2_energy,test,334,3420,,1,0.613592803478241
sprint9_multiseed_S8A_R2_seed7_S8A_R2_context_edge_film,S8A_R2_context_edge_film,graph_c_gatv2_context_edge_film_interaction,gatv2_graph_c_sprint8a_context_edge_film,gatv2,graph_c_context_observation,S5F2_energy,test,335,3420,,1,0.5501719117164612
sprint9_multiseed_S8A_R2_seed7_S8A_R2_context_edge_film,S8A_R2_context_edge_film,graph_c_gatv2_context_edge_film_interaction,gatv2_graph_c_sprint8a_context_edge_film,gatv2,graph_c_context_observation,S5F2_energy,test,336,3420,,1,0.6233466863632202
sprint9_multiseed_S8A_R2_seed7_S8A_R2_context_edge_film,S8A_R2_context_edge_film,graph_c_gatv2_context_edge_film_interaction,gatv2_graph_c_sprint8a_context_edge_film,gatv2,graph_c_context_observation,S5F2_energy,test,337,3420,,1,0.5327586531639099
sprint9_multiseed_S8A_R2_seed7_S8A_R2_context_edge_film,S8A_R2_context_edge_film,graph_c_gatv2_context_edge_film_interaction,gatv2_graph_c_sprint8a_context_edge_film,gatv2,graph_c_context_observation,S5F2_energy,test,338,3420,,1,0.49840033054351807
sprint9_multiseed_S8A_R2_seed7_S8A_R2_context_edge_film,S8A_R2_context_edge_film,graph_c_gatv2_context_edge_film_interaction,gatv2_graph_c_sprint8a_context_edge_film,gatv2,graph_c_context_observation,S5F2_energy,test,339,3420,,1,0.684028685092926
sprint9_multiseed_S8A_R2_seed7_S8A_R2_context_edge_film,S8A_R2_context_edge_film,graph_c_gatv2_context_edge_film_interaction,gatv2_graph_c_sprint8a_context_edge_film,gatv2,graph_c_context_observation,S5F2_energy,test,340,3420,,1,0.6930472254753113
sprint9_multiseed_S8A_R2_seed7_S8A_R2_context_edge_film,S8A_R2_context_edge_film,graph_c_gatv2_context_edge_film_interaction,gatv2_graph_c_sprint8a_context_edge_film,gatv2,graph_c_context_observation,S5F2_energy,test,341,3420,,1,0.5328923463821411
sprint9_multiseed_S8A_R2_seed7_S8A_R2_context_edge_film,S8A_R2_context_edge_film,graph_c_gatv2_context_edge_film_interaction,gatv2_graph_c_sprint8a_context_edge_film,gatv2,graph_c_context_observation,S5F2_energy,test,342,3420,,1,0.619819700717926
sprint9_multiseed_S8A_R2_seed7_S8A_R2_context_edge_film,S8A_R2_context_edge_film,graph_c_gatv2_context_edge_film_interaction,gatv2_graph_c_sprint8a_context_edge_film,gatv2,graph_c_context_observation,S5F2_energy,test,343,3420,,1,0.4393586218357086
sprint9_multiseed_S8A_R2_seed7_S8A_R2_context_edge_film,S8A_R2_context_edge_film,graph_c_gatv2_context_edge_film_interaction,gatv2_graph_c_sprint8a_context_edge_film,gatv2,graph_c_context_observation,S5F2_energy,test,344,3420,,1,0.5268173813819885
sprint9_multiseed_S8A_R2_seed7_S8A_R2_context_edge_film,S8A_R2_context_edge_film,graph_c_gatv2_context_edge_film_interaction,gatv2_graph_c_sprint8a_context_edge_film,gatv2,graph_c_context_observation,S5F2_energy,test,345,3420,,1,0.5894807577133179
sprint9_multiseed_S8A_R2_seed7_S8A_R2_context_edge_film,S8A_R2_context_edge_film,graph_c_gatv2_context_edge_film_interaction,gatv2_graph_c_sprint8a_context_edge_film,gatv2,graph_c_context_observation,S5F2_energy,test,346,3420,,1,0.60185706615448
sprint9_multiseed_S8A_R2_seed7_S8A_R2_context_edge_film,S8A_R2_context_edge_film,graph_c_gatv2_context_edge_film_interaction,gatv2_graph_c_sprint8a_context_edge_film,gatv2,graph_c_context_observation,S5F2_energy,test,347,3420,,1,0.5025723576545715
sprint9_multiseed_S8A_R2_seed7_S8A_R2_context_edge_film,S8A_R2_context_edge_film,graph_c_gatv2_context_edge_film_interaction,gatv2_graph_c_sprint8a_context_edge_film,gatv2,graph_c_context_observation,S5F2_energy,test,348,3420,,1,0.5258972644805908
sprint9_multiseed_S8A_R2_seed7_S8A_R2_context_edge_film,S8A_R2_context_edge_film,graph_c_gatv2_context_edge_film_interaction,gatv2_graph_c_sprint8a_context_edge_film,gatv2,graph_c_context_observation,S5F2_energy,test,349,3420,,1,0.4541577994823456
sprint9_multiseed_S8A_R2_seed7_S8A_R2_context_edge_film,S8A_R2_context_edge_film,graph_c_gatv2_context_edge_film_interaction,gatv2_graph_c_sprint8a_context_edge_film,gatv2,graph_c_context_observation,S5F2_energy,test,350,3420,,1,0.6558886170387268
sprint9_multiseed_S8A_R2_seed7_S8A_R2_context_edge_film,S8A_R2_context_edge_film,graph_c_gatv2_context_edge_film_interaction,gatv2_graph_c_sprint8a_context_edge_film,gatv2,graph_c_context_observation,S5F2_energy,test,351,3420,,1,0.4195813536643982
sprint9_multiseed_S8A_R2_seed7_S8A_R2_context_edge_film,S8A_R2_context_edge_film,graph_c_gatv2_context_edge_film_interaction,gatv2_graph_c_sprint8a_context_edge_film,gatv2,graph_c_context_observation,S5F2_energy,test,352,3420,,1,0.6656637787818909
sprint9_multiseed_S8A_R2_seed7_S8A_R2_context_edge_film,S8A_R2_context_edge_film,graph_c_gatv2_context_edge_film_interaction,gatv2_graph_c_sprint8a_context_edge_film,gatv2,graph_c_context_observation,S5F2_energy,test,353,3420,,1,0.6322604417800903
sprint9_multiseed_S8A_R2_seed7_S8A_R2_context_edge_film,S8A_R2_context_edge_film,graph_c_gatv2_context_edge_film_interaction,gatv2_graph_c_sprint8a_context_edge_film,gatv2,graph_c_context_observation,S5F2_energy,test,354,3420,,1,0.6012910008430481
sprint9_multiseed_S8A_R2_seed7_S8A_R2_context_edge_film,S8A_R2_context_edge_film,graph_c_gatv2_context_edge_film_interaction,gatv2_graph_c_sprint8a_context_edge_film,gatv2,graph_c_context_observation,S5F2_energy,test,355,3420,,1,0.5715944170951843
sprint9_multiseed_S8A_R2_seed7_S8A_R2_context_edge_film,S8A_R2_context_edge_film,graph_c_gatv2_context_edge_film_interaction,gatv2_graph_c_sprint8a_context_edge_film,gatv2,graph_c_context_observation,S5F2_energy,test,356,3420,,1,0.4187195897102356
sprint9_multiseed_S8A_R2_seed7_S8A_R2_context_edge_film,S8A_R2_context_edge_film,graph_c_gatv2_context_edge_film_interaction,gatv2_graph_c_sprint8a_context_edge_film,gatv2,graph_c_context_observation,S5F2_energy,test,357,3420,,1,0.5511509776115417
sprint9_multiseed_S8A_R2_seed7_S8A_R2_context_edge_film,S8A_R2_context_edge_film,graph_c_gatv2_context_edge_film_interaction,gatv2_graph_c_sprint8a_context_edge_film,gatv2,graph_c_context_observation,S5F2_energy,test,358,3420,,1,0.6355434656143188
sprint9_multiseed_S8A_R2_seed7_S8A_R2_context_edge_film,S8A_R2_context_edge_film,graph_c_gatv2_context_edge_film_interaction,gatv2_graph_c_sprint8a_context_edge_film,gatv2,graph_c_context_observation,S5F2_energy,test,359,3420,,1,0.3768826127052307
sprint9_multiseed_S8A_R2_seed7_S8A_R2_context_edge_film,S8A_R2_context_edge_film,graph_c_gatv2_context_edge_film_interaction,gatv2_graph_c_sprint8a_context_edge_film,gatv2,graph_c_context_observation,S5F2_energy,test,360,3420,,1,0.5343601107597351
sprint9_multiseed_S8A_R2_seed7_S8A_R2_context_edge_film,S8A_R2_context_edge_film,graph_c_gatv2_context_edge_film_interaction,gatv2_graph_c_sprint8a_context_edge_film,gatv2,graph_c_context_observation,S5F2_energy,test,361,3420,,1,0.5458579659461975
sprint9_multiseed_S8A_R2_seed7_S8A_R2_context_edge_film,S8A_R2_context_edge_film,graph_c_gatv2_context_edge_film_interaction,gatv2_graph_c_sprint8a_context_edge_film,gatv2,graph_c_context_observation,S5F2_energy,test,362,3420,,1,0.5284597873687744
sprint9_multiseed_S8A_R2_seed7_S8A_R2_context_edge_film,S8A_R2_context_edge_film,graph_c_gatv2_context_edge_film_interaction,gatv2_graph_c_sprint8a_context_edge_film,gatv2,graph_c_context_observation,S5F2_energy,test,363,3420,,1,0.49794307351112366
sprint9_multiseed_S8A_R2_seed7_S8A_R2_context_edge_film,S8A_R2_context_edge_film,graph_c_gatv2_context_edge_film_interaction,gatv2_graph_c_sprint8a_context_edge_film,gatv2,graph_c_context_observation,S5F2_energy,test,364,3420,,1,0.4446896016597748
sprint9_multiseed_S8A_R2_seed7_S8A_R2_context_edge_film,S8A_R2_context_edge_film,graph_c_gatv2_context_edge_film_interaction,gatv2_graph_c_sprint8a_context_edge_film,gatv2,graph_c_context_observation,S5F2_energy,test,365,3420,,1,0.6080037951469421
sprint9_multiseed_S8A_R2_seed7_S8A_R2_context_edge_film,S8A_R2_context_edge_film,graph_c_gatv2_context_edge_film_interaction,gatv2_graph_c_sprint8a_context_edge_film,gatv2,graph_c_context_observation,S5F2_energy,test,366,3420,,1,0.4202580451965332
sprint9_multiseed_S8A_R2_seed7_S8A_R2_context_edge_film,S8A_R2_context_edge_film,graph_c_gatv2_context_edge_film_interaction,gatv2_graph_c_sprint8a_context_edge_film,gatv2,graph_c_context_observation,S5F2_energy,test,367,3420,,1,0.4628642797470093
sprint9_multiseed_S8A_R2_seed7_S8A_R2_context_edge_film,S8A_R2_context_edge_film,graph_c_gatv2_context_edge_film_interaction,gatv2_graph_c_sprint8a_context_edge_film,gatv2,graph_c_context_observation,S5F2_energy,test,368,3420,,1,0.5381399989128113
sprint9_multiseed_S8A_R2_seed7_S8A_R2_context_edge_film,S8A_R2_context_edge_film,graph_c_gatv2_context_edge_film_interaction,gatv2_graph_c_sprint8a_context_edge_film,gatv2,graph_c_context_observation,S5F2_energy,test,369,3420,,1,0.5190515518188477
sprint9_multiseed_S8A_R2_seed7_S8A_R2_context_edge_film,S8A_R2_context_edge_film,graph_c_gatv2_context_edge_film_interaction,gatv2_graph_c_sprint8a_context_edge_film,gatv2,graph_c_context_observation,S5F2_energy,test,370,3420,,1,0.4409346878528595
sprint9_multiseed_S8A_R2_seed7_S8A_R2_context_edge_film,S8A_R2_context_edge_film,graph_c_gatv2_context_edge_film_interaction,gatv2_graph_c_sprint8a_context_edge_film,gatv2,graph_c_context_observation,S5F2_energy,test,371,3420,,1,0.5374295115470886
sprint9_multiseed_S8A_R2_seed7_S8A_R2_context_edge_film,S8A_R2_context_edge_film,graph_c_gatv2_context_edge_film_interaction,gatv2_graph_c_sprint8a_context_edge_film,gatv2,graph_c_context_observation,S5F2_energy,test,372,3420,,1,0.7208605408668518
sprint9_multiseed_S8A_R2_seed7_S8A_R2_context_edge_film,S8A_R2_context_edge_film,graph_c_gatv2_context_edge_film_interaction,gatv2_graph_c_sprint8a_context_edge_film,gatv2,graph_c_context_observation,S5F2_energy,test,373,3420,,1,0.5230777859687805
sprint9_multiseed_S8A_R2_seed7_S8A_R2_context_edge_film,S8A_R2_context_edge_film,graph_c_gatv2_context_edge_film_interaction,gatv2_graph_c_sprint8a_context_edge_film,gatv2,graph_c_context_observation,S5F2_energy,test,374,3420,,1,0.4838627874851227
sprint9_multiseed_S8A_R2_seed7_S8A_R2_context_edge_film,S8A_R2_context_edge_film,graph_c_gatv2_context_edge_film_interaction,gatv2_graph_c_sprint8a_context_edge_film,gatv2,graph_c_context_observation,S5F2_energy,test,375,3420,,1,0.5184058547019958
sprint9_multiseed_S8A_R2_seed7_S8A_R2_context_edge_film,S8A_R2_context_edge_film,graph_c_gatv2_context_edge_film_interaction,gatv2_graph_c_sprint8a_context_edge_film,gatv2,graph_c_context_observation,S5F2_energy,test,376,3420,,1,0.4473040699958801
sprint9_multiseed_S8A_R2_seed7_S8A_R2_context_edge_film,S8A_R2_context_edge_film,graph_c_gatv2_context_edge_film_interaction,gatv2_graph_c_sprint8a_context_edge_film,gatv2,graph_c_context_observation,S5F2_energy,test,377,3420,,1,0.5673776268959045
sprint9_multiseed_S8A_R2_seed7_S8A_R2_context_edge_film,S8A_R2_context_edge_film,graph_c_gatv2_context_edge_film_interaction,gatv2_graph_c_sprint8a_context_edge_film,gatv2,graph_c_context_observation,S5F2_energy,test,378,3420,,1,0.504981279373169
sprint9_multiseed_S8A_R2_seed7_S8A_R2_context_edge_film,S8A_R2_context_edge_film,graph_c_gatv2_context_edge_film_interaction,gatv2_graph_c_sprint8a_context_edge_film,gatv2,graph_c_context_observation,S5F2_energy,test,379,3420,,1,0.5296474099159241
sprint9_multiseed_S8A_R2_seed7_S8A_R2_context_edge_film,S8A_R2_context_edge_film,graph_c_gatv2_context_edge_film_interaction,gatv2_graph_c_sprint8a_context_edge_film,gatv2,graph_c_context_observation,S5F2_energy,test,380,3420,,1,0.4664433002471924
sprint9_multiseed_S8A_R2_seed7_S8A_R2_context_edge_film,S8A_R2_context_edge_film,graph_c_gatv2_context_edge_film_interaction,gatv2_graph_c_sprint8a_context_edge_film,gatv2,graph_c_context_observation,S5F2_energy,test,381,3420,,1,0.4185284674167633
sprint9_multiseed_S8A_R2_seed7_S8A_R2_context_edge_film,S8A_R2_context_edge_film,graph_c_gatv2_context_edge_film_interaction,gatv2_graph_c_sprint8a_context_edge_film,gatv2,graph_c_context_observation,S5F2_energy,test,382,3420,,1,0.5009339451789856
sprint9_multiseed_S8A_R2_seed7_S8A_R2_context_edge_film,S8A_R2_context_edge_film,graph_c_gatv2_context_edge_film_interaction,gatv2_graph_c_sprint8a_context_edge_film,gatv2,graph_c_context_observation,S5F2_energy,test,383,3420,,1,0.5645117163658142
sprint9_multiseed_S8A_R2_seed7_S8A_R2_context_edge_film,S8A_R2_context_edge_film,graph_c_gatv2_context_edge_film_interaction,gatv2_graph_c_sprint8a_context_edge_film,gatv2,graph_c_context_observation,S5F2_energy,test,384,3420,,1,0.5260782837867737
sprint9_multiseed_S8A_R2_seed7_S8A_R2_context_edge_film,S8A_R2_context_edge_film,graph_c_gatv2_context_edge_film_interaction,gatv2_graph_c_sprint8a_context_edge_film,gatv2,graph_c_context_observation,S5F2_energy,test,385,3420,,1,0.4331720769405365
sprint9_multiseed_S8A_R2_seed7_S8A_R2_context_edge_film,S8A_R2_context_edge_film,graph_c_gatv2_context_edge_film_interaction,gatv2_graph_c_sprint8a_context_edge_film,gatv2,graph_c_context_observation,S5F2_energy,test,386,3420,,1,0.4661653935909271
sprint9_multiseed_S8A_R2_seed7_S8A_R2_context_edge_film,S8A_R2_context_edge_film,graph_c_gatv2_context_edge_film_interaction,gatv2_graph_c_sprint8a_context_edge_film,gatv2,graph_c_context_observation,S5F2_energy,test,387,3420,,1,0.6830079555511475
sprint9_multiseed_S8A_R2_seed7_S8A_R2_context_edge_film,S8A_R2_context_edge_film,graph_c_gatv2_context_edge_film_interaction,gatv2_graph_c_sprint8a_context_edge_film,gatv2,graph_c_context_observation,S5F2_energy,test,388,3420,,1,0.5602313280105591
sprint9_multiseed_S8A_R2_seed7_S8A_R2_context_edge_film,S8A_R2_context_edge_film,graph_c_gatv2_context_edge_film_interaction,gatv2_graph_c_sprint8a_context_edge_film,gatv2,graph_c_context_observation,S5F2_energy,test,389,3420,,1,0.36711424589157104
sprint9_multiseed_S8A_R2_seed7_S8A_R2_context_edge_film,S8A_R2_context_edge_film,graph_c_gatv2_context_edge_film_interaction,gatv2_graph_c_sprint8a_context_edge_film,gatv2,graph_c_context_observation,S5F2_energy,test,390,3420,,1,0.5001241564750671
sprint9_multiseed_S8A_R2_seed7_S8A_R2_context_edge_film,S8A_R2_context_edge_film,graph_c_gatv2_context_edge_film_interaction,gatv2_graph_c_sprint8a_context_edge_film,gatv2,graph_c_context_observation,S5F2_energy,test,391,3420,,1,0.516230583190918
sprint9_multiseed_S8A_R2_seed7_S8A_R2_context_edge_film,S8A_R2_context_edge_film,graph_c_gatv2_context_edge_film_interaction,gatv2_graph_c_sprint8a_context_edge_film,gatv2,graph_c_context_observation,S5F2_energy,test,392,3420,,1,0.6093625426292419
sprint9_multiseed_S8A_R2_seed7_S8A_R2_context_edge_film,S8A_R2_context_edge_film,graph_c_gatv2_context_edge_film_interaction,gatv2_graph_c_sprint8a_context_edge_film,gatv2,graph_c_context_observation,S5F2_energy,test,393,3420,,1,0.45999810099601746
sprint9_multiseed_S8A_R2_seed7_S8A_R2_context_edge_film,S8A_R2_context_edge_film,graph_c_gatv2_context_edge_film_interaction,gatv2_graph_c_sprint8a_context_edge_film,gatv2,graph_c_context_observation,S5F2_energy,test,394,3420,,1,0.5513964891433716
sprint9_multiseed_S8A_R2_seed7_S8A_R2_context_edge_film,S8A_R2_context_edge_film,graph_c_gatv2_context_edge_film_interaction,gatv2_graph_c_sprint8a_context_edge_film,gatv2,graph_c_context_observation,S5F2_energy,test,395,3420,,1,0.4693548381328583
sprint9_multiseed_S8A_R2_seed7_S8A_R2_context_edge_film,S8A_R2_context_edge_film,graph_c_gatv2_context_edge_film_interaction,gatv2_graph_c_sprint8a_context_edge_film,gatv2,graph_c_context_observation,S5F2_energy,test,396,3420,,1,0.45961350202560425
sprint9_multiseed_S8A_R2_seed7_S8A_R2_context_edge_film,S8A_R2_context_edge_film,graph_c_gatv2_context_edge_film_interaction,gatv2_graph_c_sprint8a_context_edge_film,gatv2,graph_c_context_observation,S5F2_energy,test,397,3420,,1,0.483436644077301
sprint9_multiseed_S8A_R2_seed7_S8A_R2_context_edge_film,S8A_R2_context_edge_film,graph_c_gatv2_context_edge_film_interaction,gatv2_graph_c_sprint8a_context_edge_film,gatv2,graph_c_context_observation,S5F2_energy,test,398,3420,,1,0.4917585551738739
sprint9_multiseed_S8A_R2_seed7_S8A_R2_context_edge_film,S8A_R2_context_edge_film,graph_c_gatv2_context_edge_film_interaction,gatv2_graph_c_sprint8a_context_edge_film,gatv2,graph_c_context_observation,S5F2_energy,test,399,3420,,1,0.5262780785560608
sprint9_multiseed_S8A_R2_seed7_S8A_R2_context_edge_film,S8A_R2_context_edge_film,graph_c_gatv2_context_edge_film_interaction,gatv2_graph_c_sprint8a_context_edge_film,gatv2,graph_c_context_observation,S5F2_energy,test,400,3420,,1,0.5003849864006042
sprint9_multiseed_S8A_R2_seed7_S8A_R2_context_edge_film,S8A_R2_context_edge_film,graph_c_gatv2_context_edge_film_interaction,gatv2_graph_c_sprint8a_context_edge_film,gatv2,graph_c_context_observation,S5F2_energy,test,401,3420,,1,0.6654262542724609
sprint9_multiseed_S8A_R2_seed7_S8A_R2_context_edge_film,S8A_R2_context_edge_film,graph_c_gatv2_context_edge_film_interaction,gatv2_graph_c_sprint8a_context_edge_film,gatv2,graph_c_context_observation,S5F2_energy,test,402,3420,,1,0.509605348110199
sprint9_multiseed_S8A_R2_seed7_S8A_R2_context_edge_film,S8A_R2_context_edge_film,graph_c_gatv2_context_edge_film_interaction,gatv2_graph_c_sprint8a_context_edge_film,gatv2,graph_c_context_observation,S5F2_energy,test,403,3420,,1,0.6077374219894409
sprint9_multiseed_S8A_R2_seed7_S8A_R2_context_edge_film,S8A_R2_context_edge_film,graph_c_gatv2_context_edge_film_interaction,gatv2_graph_c_sprint8a_context_edge_film,gatv2,graph_c_context_observation,S5F2_energy,test,404,3420,,1,0.5985428690910339
sprint9_multiseed_S8A_R2_seed7_S8A_R2_context_edge_film,S8A_R2_context_edge_film,graph_c_gatv2_context_edge_film_interaction,gatv2_graph_c_sprint8a_context_edge_film,gatv2,graph_c_context_observation,S5F2_energy,test,405,3420,,1,0.5475199818611145
sprint9_multiseed_S8A_R2_seed7_S8A_R2_context_edge_film,S8A_R2_context_edge_film,graph_c_gatv2_context_edge_film_interaction,gatv2_graph_c_sprint8a_context_edge_film,gatv2,graph_c_context_observation,S5F2_energy,test,406,3420,,1,0.4925404489040375
sprint9_multiseed_S8A_R2_seed7_S8A_R2_context_edge_film,S8A_R2_context_edge_film,graph_c_gatv2_context_edge_film_interaction,gatv2_graph_c_sprint8a_context_edge_film,gatv2,graph_c_context_observation,S5F2_energy,test,407,3420,,1,0.5226411819458008
sprint9_multiseed_S8A_R2_seed7_S8A_R2_context_edge_film,S8A_R2_context_edge_film,graph_c_gatv2_context_edge_film_interaction,gatv2_graph_c_sprint8a_context_edge_film,gatv2,graph_c_context_observation,S5F2_energy,test,408,3420,,1,0.467731237411499
sprint9_multiseed_S8A_R2_seed7_S8A_R2_context_edge_film,S8A_R2_context_edge_film,graph_c_gatv2_context_edge_film_interaction,gatv2_graph_c_sprint8a_context_edge_film,gatv2,graph_c_context_observation,S5F2_energy,test,409,3420,,1,0.40624183416366577
sprint9_multiseed_S8A_R2_seed7_S8A_R2_context_edge_film,S8A_R2_context_edge_film,graph_c_gatv2_context_edge_film_interaction,gatv2_graph_c_sprint8a_context_edge_film,gatv2,graph_c_context_observation,S5F2_energy,test,410,3420,,1,0.4543624222278595
sprint9_multiseed_S8A_R2_seed7_S8A_R2_context_edge_film,S8A_R2_context_edge_film,graph_c_gatv2_context_edge_film_interaction,gatv2_graph_c_sprint8a_context_edge_film,gatv2,graph_c_context_observation,S5F2_energy,test,411,3420,,1,0.5567861199378967
sprint9_multiseed_S8A_R2_seed7_S8A_R2_context_edge_film,S8A_R2_context_edge_film,graph_c_gatv2_context_edge_film_interaction,gatv2_graph_c_sprint8a_context_edge_film,gatv2,graph_c_context_observation,S5F2_energy,test,412,3420,,1,0.5339553356170654
sprint9_multiseed_S8A_R2_seed7_S8A_R2_context_edge_film,S8A_R2_context_edge_film,graph_c_gatv2_context_edge_film_interaction,gatv2_graph_c_sprint8a_context_edge_film,gatv2,graph_c_context_observation,S5F2_energy,test,413,3420,,1,0.5139164924621582
sprint9_multiseed_S8A_R2_seed7_S8A_R2_context_edge_film,S8A_R2_context_edge_film,graph_c_gatv2_context_edge_film_interaction,gatv2_graph_c_sprint8a_context_edge_film,gatv2,graph_c_context_observation,S5F2_energy,test,414,3420,,1,0.5834486484527588
sprint9_multiseed_S8A_R2_seed7_S8A_R2_context_edge_film,S8A_R2_context_edge_film,graph_c_gatv2_context_edge_film_interaction,gatv2_graph_c_sprint8a_context_edge_film,gatv2,graph_c_context_observation,S5F2_energy,test,415,3420,,1,0.5108924508094788
sprint9_multiseed_S8A_R2_seed7_S8A_R2_context_edge_film,S8A_R2_context_edge_film,graph_c_gatv2_context_edge_film_interaction,gatv2_graph_c_sprint8a_context_edge_film,gatv2,graph_c_context_observation,S5F2_energy,test,416,3420,,1,0.626736044883728
sprint9_multiseed_S8A_R2_seed7_S8A_R2_context_edge_film,S8A_R2_context_edge_film,graph_c_gatv2_context_edge_film_interaction,gatv2_graph_c_sprint8a_context_edge_film,gatv2,graph_c_context_observation,S5F2_energy,test,417,3420,,1,0.48139023780822754
sprint9_multiseed_S8A_R2_seed7_S8A_R2_context_edge_film,S8A_R2_context_edge_film,graph_c_gatv2_context_edge_film_interaction,gatv2_graph_c_sprint8a_context_edge_film,gatv2,graph_c_context_observation,S5F2_energy,test,418,3420,,1,0.6367456912994385
sprint9_multiseed_S8A_R2_seed7_S8A_R2_context_edge_film,S8A_R2_context_edge_film,graph_c_gatv2_context_edge_film_interaction,gatv2_graph_c_sprint8a_context_edge_film,gatv2,graph_c_context_observation,S5F2_energy,test,419,3420,,1,0.5463375449180603
sprint9_multiseed_S8A_R2_seed7_S8A_R2_context_edge_film,S8A_R2_context_edge_film,graph_c_gatv2_context_edge_film_interaction,gatv2_graph_c_sprint8a_context_edge_film,gatv2,graph_c_context_observation,S5F2_energy,test,420,3420,,1,0.4911592900753021
sprint9_multiseed_S8A_R2_seed7_S8A_R2_context_edge_film,S8A_R2_context_edge_film,graph_c_gatv2_context_edge_film_interaction,gatv2_graph_c_sprint8a_context_edge_film,gatv2,graph_c_context_observation,S5F2_energy,test,421,3420,,1,0.5358802080154419
sprint9_multiseed_S8A_R2_seed7_S8A_R2_context_edge_film,S8A_R2_context_edge_film,graph_c_gatv2_context_edge_film_interaction,gatv2_graph_c_sprint8a_context_edge_film,gatv2,graph_c_context_observation,S5F2_energy,test,422,3420,,1,0.6547640562057495
sprint9_multiseed_S8A_R2_seed7_S8A_R2_context_edge_film,S8A_R2_context_edge_film,graph_c_gatv2_context_edge_film_interaction,gatv2_graph_c_sprint8a_context_edge_film,gatv2,graph_c_context_observation,S5F2_energy,test,423,3420,,1,0.5222219228744507
sprint9_multiseed_S8A_R2_seed7_S8A_R2_context_edge_film,S8A_R2_context_edge_film,graph_c_gatv2_context_edge_film_interaction,gatv2_graph_c_sprint8a_context_edge_film,gatv2,graph_c_context_observation,S5F2_energy,test,424,3420,,1,0.5349404215812683
sprint9_multiseed_S8A_R2_seed7_S8A_R2_context_edge_film,S8A_R2_context_edge_film,graph_c_gatv2_context_edge_film_interaction,gatv2_graph_c_sprint8a_context_edge_film,gatv2,graph_c_context_observation,S5F2_energy,test,425,3420,,1,0.5166157484054565
sprint9_multiseed_S8A_R2_seed7_S8A_R2_context_edge_film,S8A_R2_context_edge_film,graph_c_gatv2_context_edge_film_interaction,gatv2_graph_c_sprint8a_context_edge_film,gatv2,graph_c_context_observation,S5F2_energy,test,426,3420,,1,0.48663029074668884
sprint9_multiseed_S8A_R2_seed7_S8A_R2_context_edge_film,S8A_R2_context_edge_film,graph_c_gatv2_context_edge_film_interaction,gatv2_graph_c_sprint8a_context_edge_film,gatv2,graph_c_context_observation,S5F2_energy,test,427,3420,,1,0.4631154239177704
sprint9_multiseed_S8A_R2_seed7_S8A_R2_context_edge_film,S8A_R2_context_edge_film,graph_c_gatv2_context_edge_film_interaction,gatv2_graph_c_sprint8a_context_edge_film,gatv2,graph_c_context_observation,S5F2_energy,test,428,3420,,1,0.4903320074081421
sprint9_multiseed_S8A_R2_seed7_S8A_R2_context_edge_film,S8A_R2_context_edge_film,graph_c_gatv2_context_edge_film_interaction,gatv2_graph_c_sprint8a_context_edge_film,gatv2,graph_c_context_observation,S5F2_energy,test,429,3420,,1,0.5189801454544067
sprint9_multiseed_S8A_R2_seed7_S8A_R2_context_edge_film,S8A_R2_context_edge_film,graph_c_gatv2_context_edge_film_interaction,gatv2_graph_c_sprint8a_context_edge_film,gatv2,graph_c_context_observation,S5F2_energy,test,430,3420,,1,0.4511226713657379
sprint9_multiseed_S8A_R2_seed7_S8A_R2_context_edge_film,S8A_R2_context_edge_film,graph_c_gatv2_context_edge_film_interaction,gatv2_graph_c_sprint8a_context_edge_film,gatv2,graph_c_context_observation,S5F2_energy,test,431,3420,,1,0.4672378599643707
sprint9_multiseed_S8A_R2_seed7_S8A_R2_context_edge_film,S8A_R2_context_edge_film,graph_c_gatv2_context_edge_film_interaction,gatv2_graph_c_sprint8a_context_edge_film,gatv2,graph_c_context_observation,S5F2_energy,test,432,3420,,1,0.4814505875110626
sprint9_multiseed_S8A_R2_seed7_S8A_R2_context_edge_film,S8A_R2_context_edge_film,graph_c_gatv2_context_edge_film_interaction,gatv2_graph_c_sprint8a_context_edge_film,gatv2,graph_c_context_observation,S5F2_energy,test,433,3420,,1,0.5333921909332275
sprint9_multiseed_S8A_R2_seed7_S8A_R2_context_edge_film,S8A_R2_context_edge_film,graph_c_gatv2_context_edge_film_interaction,gatv2_graph_c_sprint8a_context_edge_film,gatv2,graph_c_context_observation,S5F2_energy,test,434,3420,,1,0.482805073261261
sprint9_multiseed_S8A_R2_seed7_S8A_R2_context_edge_film,S8A_R2_context_edge_film,graph_c_gatv2_context_edge_film_interaction,gatv2_graph_c_sprint8a_context_edge_film,gatv2,graph_c_context_observation,S5F2_energy,test,435,3420,,1,0.4671579599380493
sprint9_multiseed_S8A_R2_seed7_S8A_R2_context_edge_film,S8A_R2_context_edge_film,graph_c_gatv2_context_edge_film_interaction,gatv2_graph_c_sprint8a_context_edge_film,gatv2,graph_c_context_observation,S5F2_energy,test,436,3420,,1,0.5256770849227905
sprint9_multiseed_S8A_R2_seed7_S8A_R2_context_edge_film,S8A_R2_context_edge_film,graph_c_gatv2_context_edge_film_interaction,gatv2_graph_c_sprint8a_context_edge_film,gatv2,graph_c_context_observation,S5F2_energy,test,437,3420,,1,0.4559236168861389
sprint9_multiseed_S8A_R2_seed7_S8A_R2_context_edge_film,S8A_R2_context_edge_film,graph_c_gatv2_context_edge_film_interaction,gatv2_graph_c_sprint8a_context_edge_film,gatv2,graph_c_context_observation,S5F2_energy,test,438,3420,,1,0.551222026348114
sprint9_multiseed_S8A_R2_seed7_S8A_R2_context_edge_film,S8A_R2_context_edge_film,graph_c_gatv2_context_edge_film_interaction,gatv2_graph_c_sprint8a_context_edge_film,gatv2,graph_c_context_observation,S5F2_energy,test,439,3420,,1,0.5161067247390747
sprint9_multiseed_S8A_R2_seed7_S8A_R2_context_edge_film,S8A_R2_context_edge_film,graph_c_gatv2_context_edge_film_interaction,gatv2_graph_c_sprint8a_context_edge_film,gatv2,graph_c_context_observation,S5F2_energy,test,440,3420,,1,0.4587308466434479
sprint9_multiseed_S8A_R2_seed7_S8A_R2_context_edge_film,S8A_R2_context_edge_film,graph_c_gatv2_context_edge_film_interaction,gatv2_graph_c_sprint8a_context_edge_film,gatv2,graph_c_context_observation,S5F2_energy,test,441,3420,,1,0.46588367223739624
sprint9_multiseed_S8A_R2_seed7_S8A_R2_context_edge_film,S8A_R2_context_edge_film,graph_c_gatv2_context_edge_film_interaction,gatv2_graph_c_sprint8a_context_edge_film,gatv2,graph_c_context_observation,S5F2_energy,test,442,3420,,1,0.5219116806983948
sprint9_multiseed_S8A_R2_seed7_S8A_R2_context_edge_film,S8A_R2_context_edge_film,graph_c_gatv2_context_edge_film_interaction,gatv2_graph_c_sprint8a_context_edge_film,gatv2,graph_c_context_observation,S5F2_energy,test,443,3420,,1,0.5014529228210449
sprint9_multiseed_S8A_R2_seed7_S8A_R2_context_edge_film,S8A_R2_context_edge_film,graph_c_gatv2_context_edge_film_interaction,gatv2_graph_c_sprint8a_context_edge_film,gatv2,graph_c_context_observation,S5F2_energy,test,444,3420,,1,0.4682353138923645
sprint9_multiseed_S8A_R2_seed7_S8A_R2_context_edge_film,S8A_R2_context_edge_film,graph_c_gatv2_context_edge_film_interaction,gatv2_graph_c_sprint8a_context_edge_film,gatv2,graph_c_context_observation,S5F2_energy,test,445,3420,,1,0.48132359981536865
sprint9_multiseed_S8A_R2_seed7_S8A_R2_context_edge_film,S8A_R2_context_edge_film,graph_c_gatv2_context_edge_film_interaction,gatv2_graph_c_sprint8a_context_edge_film,gatv2,graph_c_context_observation,S5F2_energy,test,446,3420,,1,0.48739635944366455
sprint9_multiseed_S8A_R2_seed7_S8A_R2_context_edge_film,S8A_R2_context_edge_film,graph_c_gatv2_context_edge_film_interaction,gatv2_graph_c_sprint8a_context_edge_film,gatv2,graph_c_context_observation,S5F2_energy,test,447,3420,,1,0.5347214341163635
sprint9_multiseed_S8A_R2_seed7_S8A_R2_context_edge_film,S8A_R2_context_edge_film,graph_c_gatv2_context_edge_film_interaction,gatv2_graph_c_sprint8a_context_edge_film,gatv2,graph_c_context_observation,S5F2_energy,test,448,3420,,1,0.4882369935512543
sprint9_multiseed_S8A_R2_seed7_S8A_R2_context_edge_film,S8A_R2_context_edge_film,graph_c_gatv2_context_edge_film_interaction,gatv2_graph_c_sprint8a_context_edge_film,gatv2,graph_c_context_observation,S5F2_energy,test,449,3420,,1,0.6112509965896606
sprint9_multiseed_S8A_R2_seed7_S8A_R2_context_edge_film,S8A_R2_context_edge_film,graph_c_gatv2_context_edge_film_interaction,gatv2_graph_c_sprint8a_context_edge_film,gatv2,graph_c_context_observation,S5F2_energy,test,450,3420,,1,0.4213767349720001
sprint9_multiseed_S8A_R2_seed7_S8A_R2_context_edge_film,S8A_R2_context_edge_film,graph_c_gatv2_context_edge_film_interaction,gatv2_graph_c_sprint8a_context_edge_film,gatv2,graph_c_context_observation,S5F2_energy,test,451,3420,,1,0.4503571391105652
sprint9_multiseed_S8A_R2_seed7_S8A_R2_context_edge_film,S8A_R2_context_edge_film,graph_c_gatv2_context_edge_film_interaction,gatv2_graph_c_sprint8a_context_edge_film,gatv2,graph_c_context_observation,S5F2_energy,test,452,3420,,1,0.5135032534599304
sprint9_multiseed_S8A_R2_seed7_S8A_R2_context_edge_film,S8A_R2_context_edge_film,graph_c_gatv2_context_edge_film_interaction,gatv2_graph_c_sprint8a_context_edge_film,gatv2,graph_c_context_observation,S5F2_energy,test,453,3420,,1,0.4498741924762726
sprint9_multiseed_S8A_R2_seed7_S8A_R2_context_edge_film,S8A_R2_context_edge_film,graph_c_gatv2_context_edge_film_interaction,gatv2_graph_c_sprint8a_context_edge_film,gatv2,graph_c_context_observation,S5F2_energy,test,454,3420,,1,0.47556251287460327
sprint9_multiseed_S8A_R2_seed7_S8A_R2_context_edge_film,S8A_R2_context_edge_film,graph_c_gatv2_context_edge_film_interaction,gatv2_graph_c_sprint8a_context_edge_film,gatv2,graph_c_context_observation,S5F2_energy,test,455,3420,,1,0.5286661386489868
sprint9_multiseed_S8A_R2_seed7_S8A_R2_context_edge_film,S8A_R2_context_edge_film,graph_c_gatv2_context_edge_film_interaction,gatv2_graph_c_sprint8a_context_edge_film,gatv2,graph_c_context_observation,S5F2_energy,test,456,3420,,1,0.46630334854125977
sprint9_multiseed_S8A_R2_seed7_S8A_R2_context_edge_film,S8A_R2_context_edge_film,graph_c_gatv2_context_edge_film_interaction,gatv2_graph_c_sprint8a_context_edge_film,gatv2,graph_c_context_observation,S5F2_energy,test,457,3420,,1,0.5748395323753357
sprint9_multiseed_S8A_R2_seed7_S8A_R2_context_edge_film,S8A_R2_context_edge_film,graph_c_gatv2_context_edge_film_interaction,gatv2_graph_c_sprint8a_context_edge_film,gatv2,graph_c_context_observation,S5F2_energy,test,458,3420,,1,0.4227348268032074
sprint9_multiseed_S8A_R2_seed7_S8A_R2_context_edge_film,S8A_R2_context_edge_film,graph_c_gatv2_context_edge_film_interaction,gatv2_graph_c_sprint8a_context_edge_film,gatv2,graph_c_context_observation,S5F2_energy,test,459,3420,,1,0.5119919776916504
sprint9_multiseed_S8A_R2_seed7_S8A_R2_context_edge_film,S8A_R2_context_edge_film,graph_c_gatv2_context_edge_film_interaction,gatv2_graph_c_sprint8a_context_edge_film,gatv2,graph_c_context_observation,S5F2_energy,test,460,3420,,1,0.4348418414592743
sprint9_multiseed_S8A_R2_seed7_S8A_R2_context_edge_film,S8A_R2_context_edge_film,graph_c_gatv2_context_edge_film_interaction,gatv2_graph_c_sprint8a_context_edge_film,gatv2,graph_c_context_observation,S5F2_energy,test,461,3420,,1,0.4840293526649475
sprint9_multiseed_S8A_R2_seed7_S8A_R2_context_edge_film,S8A_R2_context_edge_film,graph_c_gatv2_context_edge_film_interaction,gatv2_graph_c_sprint8a_context_edge_film,gatv2,graph_c_context_observation,S5F2_energy,test,462,3420,,1,0.3585849702358246
sprint9_multiseed_S8A_R2_seed7_S8A_R2_context_edge_film,S8A_R2_context_edge_film,graph_c_gatv2_context_edge_film_interaction,gatv2_graph_c_sprint8a_context_edge_film,gatv2,graph_c_context_observation,S5F2_energy,test,463,3420,,1,0.4950122833251953
sprint9_multiseed_S8A_R2_seed7_S8A_R2_context_edge_film,S8A_R2_context_edge_film,graph_c_gatv2_context_edge_film_interaction,gatv2_graph_c_sprint8a_context_edge_film,gatv2,graph_c_context_observation,S5F2_energy,test,464,3420,,1,0.5194454193115234
sprint9_multiseed_S8A_R2_seed7_S8A_R2_context_edge_film,S8A_R2_context_edge_film,graph_c_gatv2_context_edge_film_interaction,gatv2_graph_c_sprint8a_context_edge_film,gatv2,graph_c_context_observation,S5F2_energy,test,465,3420,,1,0.6373623013496399
sprint9_multiseed_S8A_R2_seed7_S8A_R2_context_edge_film,S8A_R2_context_edge_film,graph_c_gatv2_context_edge_film_interaction,gatv2_graph_c_sprint8a_context_edge_film,gatv2,graph_c_context_observation,S5F2_energy,test,466,3420,,1,0.6286871433258057
sprint9_multiseed_S8A_R2_seed7_S8A_R2_context_edge_film,S8A_R2_context_edge_film,graph_c_gatv2_context_edge_film_interaction,gatv2_graph_c_sprint8a_context_edge_film,gatv2,graph_c_context_observation,S5F2_energy,test,467,3420,,1,0.5093857645988464
sprint9_multiseed_S8A_R2_seed7_S8A_R2_context_edge_film,S8A_R2_context_edge_film,graph_c_gatv2_context_edge_film_interaction,gatv2_graph_c_sprint8a_context_edge_film,gatv2,graph_c_context_observation,S5F2_energy,test,468,3420,,1,0.4852593243122101
sprint9_multiseed_S8A_R2_seed7_S8A_R2_context_edge_film,S8A_R2_context_edge_film,graph_c_gatv2_context_edge_film_interaction,gatv2_graph_c_sprint8a_context_edge_film,gatv2,graph_c_context_observation,S5F2_energy,test,469,3420,,1,0.5186140537261963
sprint9_multiseed_S8A_R2_seed7_S8A_R2_context_edge_film,S8A_R2_context_edge_film,graph_c_gatv2_context_edge_film_interaction,gatv2_graph_c_sprint8a_context_edge_film,gatv2,graph_c_context_observation,S5F2_energy,test,470,3420,,1,0.6776193976402283
sprint9_multiseed_S8A_R2_seed7_S8A_R2_context_edge_film,S8A_R2_context_edge_film,graph_c_gatv2_context_edge_film_interaction,gatv2_graph_c_sprint8a_context_edge_film,gatv2,graph_c_context_observation,S5F2_energy,test,471,3420,,1,0.5066935420036316
sprint9_multiseed_S8A_R2_seed7_S8A_R2_context_edge_film,S8A_R2_context_edge_film,graph_c_gatv2_context_edge_film_interaction,gatv2_graph_c_sprint8a_context_edge_film,gatv2,graph_c_context_observation,S5F2_energy,test,472,3420,,1,0.4162790775299072
sprint9_multiseed_S8A_R2_seed7_S8A_R2_context_edge_film,S8A_R2_context_edge_film,graph_c_gatv2_context_edge_film_interaction,gatv2_graph_c_sprint8a_context_edge_film,gatv2,graph_c_context_observation,S5F2_energy,test,473,3420,,1,0.5509303212165833
sprint9_multiseed_S8A_R2_seed7_S8A_R2_context_edge_film,S8A_R2_context_edge_film,graph_c_gatv2_context_edge_film_interaction,gatv2_graph_c_sprint8a_context_edge_film,gatv2,graph_c_context_observation,S5F2_energy,test,474,3420,,1,0.4421992301940918
sprint9_multiseed_S8A_R2_seed7_S8A_R2_context_edge_film,S8A_R2_context_edge_film,graph_c_gatv2_context_edge_film_interaction,gatv2_graph_c_sprint8a_context_edge_film,gatv2,graph_c_context_observation,S5F2_energy,test,475,3420,,1,0.5074798464775085
sprint9_multiseed_S8A_R2_seed7_S8A_R2_context_edge_film,S8A_R2_context_edge_film,graph_c_gatv2_context_edge_film_interaction,gatv2_graph_c_sprint8a_context_edge_film,gatv2,graph_c_context_observation,S5F2_energy,test,476,3420,,1,0.5971772074699402
sprint9_multiseed_S8A_R2_seed7_S8A_R2_context_edge_film,S8A_R2_context_edge_film,graph_c_gatv2_context_edge_film_interaction,gatv2_graph_c_sprint8a_context_edge_film,gatv2,graph_c_context_observation,S5F2_energy,test,477,3420,,1,0.4888139069080353
sprint9_multiseed_S8A_R2_seed7_S8A_R2_context_edge_film,S8A_R2_context_edge_film,graph_c_gatv2_context_edge_film_interaction,gatv2_graph_c_sprint8a_context_edge_film,gatv2,graph_c_context_observation,S5F2_energy,test,478,3420,,1,0.4588407874107361
sprint9_multiseed_S8A_R2_seed7_S8A_R2_context_edge_film,S8A_R2_context_edge_film,graph_c_gatv2_context_edge_film_interaction,gatv2_graph_c_sprint8a_context_edge_film,gatv2,graph_c_context_observation,S5F2_energy,test,479,3420,,1,0.400007963180542
sprint9_multiseed_S8A_R2_seed7_S8A_R2_context_edge_film,S8A_R2_context_edge_film,graph_c_gatv2_context_edge_film_interaction,gatv2_graph_c_sprint8a_context_edge_film,gatv2,graph_c_context_observation,S5F2_energy,test,480,3420,,1,0.4479517638683319
sprint9_multiseed_S8A_R2_seed7_S8A_R2_context_edge_film,S8A_R2_context_edge_film,graph_c_gatv2_context_edge_film_interaction,gatv2_graph_c_sprint8a_context_edge_film,gatv2,graph_c_context_observation,S5F2_energy,test,481,3420,,1,0.5736268758773804
sprint9_multiseed_S8A_R2_seed7_S8A_R2_context_edge_film,S8A_R2_context_edge_film,graph_c_gatv2_context_edge_film_interaction,gatv2_graph_c_sprint8a_context_edge_film,gatv2,graph_c_context_observation,S5F2_energy,test,482,3420,,1,0.44378629326820374
sprint9_multiseed_S8A_R2_seed7_S8A_R2_context_edge_film,S8A_R2_context_edge_film,graph_c_gatv2_context_edge_film_interaction,gatv2_graph_c_sprint8a_context_edge_film,gatv2,graph_c_context_observation,S5F2_energy,test,483,3420,,1,0.5310153961181641
sprint9_multiseed_S8A_R2_seed7_S8A_R2_context_edge_film,S8A_R2_context_edge_film,graph_c_gatv2_context_edge_film_interaction,gatv2_graph_c_sprint8a_context_edge_film,gatv2,graph_c_context_observation,S5F2_energy,test,484,3420,,1,0.4436571002006531
sprint9_multiseed_S8A_R2_seed7_S8A_R2_context_edge_film,S8A_R2_context_edge_film,graph_c_gatv2_context_edge_film_interaction,gatv2_graph_c_sprint8a_context_edge_film,gatv2,graph_c_context_observation,S5F2_energy,test,485,3420,,1,0.5473951697349548
sprint9_multiseed_S8A_R2_seed7_S8A_R2_context_edge_film,S8A_R2_context_edge_film,graph_c_gatv2_context_edge_film_interaction,gatv2_graph_c_sprint8a_context_edge_film,gatv2,graph_c_context_observation,S5F2_energy,test,486,3420,,1,0.4803699254989624
sprint9_multiseed_S8A_R2_seed7_S8A_R2_context_edge_film,S8A_R2_context_edge_film,graph_c_gatv2_context_edge_film_interaction,gatv2_graph_c_sprint8a_context_edge_film,gatv2,graph_c_context_observation,S5F2_energy,test,487,3420,,1,0.4688166677951813
sprint9_multiseed_S8A_R2_seed7_S8A_R2_context_edge_film,S8A_R2_context_edge_film,graph_c_gatv2_context_edge_film_interaction,gatv2_graph_c_sprint8a_context_edge_film,gatv2,graph_c_context_observation,S5F2_energy,test,488,3420,,1,0.4524257183074951
sprint9_multiseed_S8A_R2_seed7_S8A_R2_context_edge_film,S8A_R2_context_edge_film,graph_c_gatv2_context_edge_film_interaction,gatv2_graph_c_sprint8a_context_edge_film,gatv2,graph_c_context_observation,S5F2_energy,test,489,3420,,1,0.49370089173316956
sprint9_multiseed_S8A_R2_seed7_S8A_R2_context_edge_film,S8A_R2_context_edge_film,graph_c_gatv2_context_edge_film_interaction,gatv2_graph_c_sprint8a_context_edge_film,gatv2,graph_c_context_observation,S5F2_energy,test,490,3420,,1,0.5433101058006287
sprint9_multiseed_S8A_R2_seed7_S8A_R2_context_edge_film,S8A_R2_context_edge_film,graph_c_gatv2_context_edge_film_interaction,gatv2_graph_c_sprint8a_context_edge_film,gatv2,graph_c_context_observation,S5F2_energy,test,491,3420,,1,0.5597478151321411
sprint9_multiseed_S8A_R2_seed7_S8A_R2_context_edge_film,S8A_R2_context_edge_film,graph_c_gatv2_context_edge_film_interaction,gatv2_graph_c_sprint8a_context_edge_film,gatv2,graph_c_context_observation,S5F2_energy,test,492,3420,,1,0.4988676905632019
sprint9_multiseed_S8A_R2_seed7_S8A_R2_context_edge_film,S8A_R2_context_edge_film,graph_c_gatv2_context_edge_film_interaction,gatv2_graph_c_sprint8a_context_edge_film,gatv2,graph_c_context_observation,S5F2_energy,test,493,3420,,1,0.4179915487766266
sprint9_multiseed_S8A_R2_seed7_S8A_R2_context_edge_film,S8A_R2_context_edge_film,graph_c_gatv2_context_edge_film_interaction,gatv2_graph_c_sprint8a_context_edge_film,gatv2,graph_c_context_observation,S5F2_energy,test,494,3420,,1,0.5464498400688171
sprint9_multiseed_S8A_R2_seed7_S8A_R2_context_edge_film,S8A_R2_context_edge_film,graph_c_gatv2_context_edge_film_interaction,gatv2_graph_c_sprint8a_context_edge_film,gatv2,graph_c_context_observation,S5F2_energy,test,495,3420,,1,0.4623289704322815
sprint9_multiseed_S8A_R2_seed7_S8A_R2_context_edge_film,S8A_R2_context_edge_film,graph_c_gatv2_context_edge_film_interaction,gatv2_graph_c_sprint8a_context_edge_film,gatv2,graph_c_context_observation,S5F2_energy,test,496,3420,,1,0.46177735924720764
sprint9_multiseed_S8A_R2_seed7_S8A_R2_context_edge_film,S8A_R2_context_edge_film,graph_c_gatv2_context_edge_film_interaction,gatv2_graph_c_sprint8a_context_edge_film,gatv2,graph_c_context_observation,S5F2_energy,test,497,3420,,1,0.5230221152305603
sprint9_multiseed_S8A_R2_seed7_S8A_R2_context_edge_film,S8A_R2_context_edge_film,graph_c_gatv2_context_edge_film_interaction,gatv2_graph_c_sprint8a_context_edge_film,gatv2,graph_c_context_observation,S5F2_energy,test,498,3420,,1,0.4881962537765503
sprint9_multiseed_S8A_R2_seed7_S8A_R2_context_edge_film,S8A_R2_context_edge_film,graph_c_gatv2_context_edge_film_interaction,gatv2_graph_c_sprint8a_context_edge_film,gatv2,graph_c_context_observation,S5F2_energy,test,499,3420,,1,0.5749847888946533
sprint9_multiseed_S8A_R2_seed7_S8A_R2_context_edge_film,S8A_R2_context_edge_film,graph_c_gatv2_context_edge_film_interaction,gatv2_graph_c_sprint8a_context_edge_film,gatv2,graph_c_context_observation,S5F2_energy,test,500,3420,,1,0.4226256310939789
sprint9_multiseed_S8A_R2_seed7_S8A_R2_context_edge_film,S8A_R2_context_edge_film,graph_c_gatv2_context_edge_film_interaction,gatv2_graph_c_sprint8a_context_edge_film,gatv2,graph_c_context_observation,S5F2_energy,test,501,3420,,1,0.47425419092178345
sprint9_multiseed_S8A_R2_seed7_S8A_R2_context_edge_film,S8A_R2_context_edge_film,graph_c_gatv2_context_edge_film_interaction,gatv2_graph_c_sprint8a_context_edge_film,gatv2,graph_c_context_observation,S5F2_energy,test,502,3420,,1,0.46191003918647766
sprint9_multiseed_S8A_R2_seed7_S8A_R2_context_edge_film,S8A_R2_context_edge_film,graph_c_gatv2_context_edge_film_interaction,gatv2_graph_c_sprint8a_context_edge_film,gatv2,graph_c_context_observation,S5F2_energy,test,503,3420,,1,0.4620802700519562
sprint9_multiseed_S8A_R2_seed7_S8A_R2_context_edge_film,S8A_R2_context_edge_film,graph_c_gatv2_context_edge_film_interaction,gatv2_graph_c_sprint8a_context_edge_film,gatv2,graph_c_context_observation,S5F2_energy,test,504,3420,,1,0.526926577091217
sprint9_multiseed_S8A_R2_seed7_S8A_R2_context_edge_film,S8A_R2_context_edge_film,graph_c_gatv2_context_edge_film_interaction,gatv2_graph_c_sprint8a_context_edge_film,gatv2,graph_c_context_observation,S5F2_energy,test,505,3420,,1,0.6188420057296753
sprint9_multiseed_S8A_R2_seed7_S8A_R2_context_edge_film,S8A_R2_context_edge_film,graph_c_gatv2_context_edge_film_interaction,gatv2_graph_c_sprint8a_context_edge_film,gatv2,graph_c_context_observation,S5F2_energy,test,506,3420,,1,0.5265858173370361
sprint9_multiseed_S8A_R2_seed7_S8A_R2_context_edge_film,S8A_R2_context_edge_film,graph_c_gatv2_context_edge_film_interaction,gatv2_graph_c_sprint8a_context_edge_film,gatv2,graph_c_context_observation,S5F2_energy,test,507,3420,,1,0.5051425695419312
sprint9_multiseed_S8A_R2_seed7_S8A_R2_context_edge_film,S8A_R2_context_edge_film,graph_c_gatv2_context_edge_film_interaction,gatv2_graph_c_sprint8a_context_edge_film,gatv2,graph_c_context_observation,S5F2_energy,test,508,3420,,1,0.4573560059070587
sprint9_multiseed_S8A_R2_seed7_S8A_R2_context_edge_film,S8A_R2_context_edge_film,graph_c_gatv2_context_edge_film_interaction,gatv2_graph_c_sprint8a_context_edge_film,gatv2,graph_c_context_observation,S5F2_energy,test,509,3420,,1,0.47750160098075867
sprint9_multiseed_S8A_R2_seed7_S8A_R2_context_edge_film,S8A_R2_context_edge_film,graph_c_gatv2_context_edge_film_interaction,gatv2_graph_c_sprint8a_context_edge_film,gatv2,graph_c_context_observation,S5F2_energy,test,510,3420,,1,0.5370858907699585
sprint9_multiseed_S8A_R2_seed7_S8A_R2_context_edge_film,S8A_R2_context_edge_film,graph_c_gatv2_context_edge_film_interaction,gatv2_graph_c_sprint8a_context_edge_film,gatv2,graph_c_context_observation,S5F2_energy,test,511,3420,,1,0.6094979643821716
sprint9_multiseed_S8A_R2_seed7_S8A_R2_context_edge_film,S8A_R2_context_edge_film,graph_c_gatv2_context_edge_film_interaction,gatv2_graph_c_sprint8a_context_edge_film,gatv2,graph_c_context_observation,S5F2_energy,test,512,3420,,1,0.427460253238678
sprint9_multiseed_S8A_R2_seed7_S8A_R2_context_edge_film,S8A_R2_context_edge_film,graph_c_gatv2_context_edge_film_interaction,gatv2_graph_c_sprint8a_context_edge_film,gatv2,graph_c_context_observation,S5F2_energy,test,513,3420,,1,0.46775782108306885
sprint9_multiseed_S8A_R2_seed7_S8A_R2_context_edge_film,S8A_R2_context_edge_film,graph_c_gatv2_context_edge_film_interaction,gatv2_graph_c_sprint8a_context_edge_film,gatv2,graph_c_context_observation,S5F2_energy,test,514,3420,,1,0.4737955927848816
sprint9_multiseed_S8A_R2_seed7_S8A_R2_context_edge_film,S8A_R2_context_edge_film,graph_c_gatv2_context_edge_film_interaction,gatv2_graph_c_sprint8a_context_edge_film,gatv2,graph_c_context_observation,S5F2_energy,test,515,3420,,1,0.4956364929676056
sprint9_multiseed_S8A_R2_seed7_S8A_R2_context_edge_film,S8A_R2_context_edge_film,graph_c_gatv2_context_edge_film_interaction,gatv2_graph_c_sprint8a_context_edge_film,gatv2,graph_c_context_observation,S5F2_energy,test,516,3420,,1,0.48891112208366394
sprint9_multiseed_S8A_R2_seed7_S8A_R2_context_edge_film,S8A_R2_context_edge_film,graph_c_gatv2_context_edge_film_interaction,gatv2_graph_c_sprint8a_context_edge_film,gatv2,graph_c_context_observation,S5F2_energy,test,517,3420,,1,0.4878455102443695
sprint9_multiseed_S8A_R2_seed7_S8A_R2_context_edge_film,S8A_R2_context_edge_film,graph_c_gatv2_context_edge_film_interaction,gatv2_graph_c_sprint8a_context_edge_film,gatv2,graph_c_context_observation,S5F2_energy,test,518,3420,,1,0.4833528399467468
sprint9_multiseed_S8A_R2_seed7_S8A_R2_context_edge_film,S8A_R2_context_edge_film,graph_c_gatv2_context_edge_film_interaction,gatv2_graph_c_sprint8a_context_edge_film,gatv2,graph_c_context_observation,S5F2_energy,test,519,3420,,1,0.648928165435791
sprint9_multiseed_S8A_R2_seed7_S8A_R2_context_edge_film,S8A_R2_context_edge_film,graph_c_gatv2_context_edge_film_interaction,gatv2_graph_c_sprint8a_context_edge_film,gatv2,graph_c_context_observation,S5F2_energy,test,520,3420,,1,0.5329136848449707
sprint9_multiseed_S8A_R2_seed7_S8A_R2_context_edge_film,S8A_R2_context_edge_film,graph_c_gatv2_context_edge_film_interaction,gatv2_graph_c_sprint8a_context_edge_film,gatv2,graph_c_context_observation,S5F2_energy,test,521,3420,,1,0.4232703447341919
sprint9_multiseed_S8A_R2_seed7_S8A_R2_context_edge_film,S8A_R2_context_edge_film,graph_c_gatv2_context_edge_film_interaction,gatv2_graph_c_sprint8a_context_edge_film,gatv2,graph_c_context_observation,S5F2_energy,test,522,3420,,1,0.49067172408103943
sprint9_multiseed_S8A_R2_seed7_S8A_R2_context_edge_film,S8A_R2_context_edge_film,graph_c_gatv2_context_edge_film_interaction,gatv2_graph_c_sprint8a_context_edge_film,gatv2,graph_c_context_observation,S5F2_energy,test,523,3420,,1,0.5281882882118225
sprint9_multiseed_S8A_R2_seed7_S8A_R2_context_edge_film,S8A_R2_context_edge_film,graph_c_gatv2_context_edge_film_interaction,gatv2_graph_c_sprint8a_context_edge_film,gatv2,graph_c_context_observation,S5F2_energy,test,524,3420,,1,0.4516838788986206
sprint9_multiseed_S8A_R2_seed7_S8A_R2_context_edge_film,S8A_R2_context_edge_film,graph_c_gatv2_context_edge_film_interaction,gatv2_graph_c_sprint8a_context_edge_film,gatv2,graph_c_context_observation,S5F2_energy,test,525,3420,,1,0.6124690175056458
sprint9_multiseed_S8A_R2_seed7_S8A_R2_context_edge_film,S8A_R2_context_edge_film,graph_c_gatv2_context_edge_film_interaction,gatv2_graph_c_sprint8a_context_edge_film,gatv2,graph_c_context_observation,S5F2_energy,test,526,3420,,1,0.47323960065841675
sprint9_multiseed_S8A_R2_seed7_S8A_R2_context_edge_film,S8A_R2_context_edge_film,graph_c_gatv2_context_edge_film_interaction,gatv2_graph_c_sprint8a_context_edge_film,gatv2,graph_c_context_observation,S5F2_energy,test,527,3420,,1,0.45828530192375183
sprint9_multiseed_S8A_R2_seed7_S8A_R2_context_edge_film,S8A_R2_context_edge_film,graph_c_gatv2_context_edge_film_interaction,gatv2_graph_c_sprint8a_context_edge_film,gatv2,graph_c_context_observation,S5F2_energy,test,528,3420,,1,0.45129454135894775
sprint9_multiseed_S8A_R2_seed7_S8A_R2_context_edge_film,S8A_R2_context_edge_film,graph_c_gatv2_context_edge_film_interaction,gatv2_graph_c_sprint8a_context_edge_film,gatv2,graph_c_context_observation,S5F2_energy,test,529,3420,,1,0.6205282211303711
sprint9_multiseed_S8A_R2_seed7_S8A_R2_context_edge_film,S8A_R2_context_edge_film,graph_c_gatv2_context_edge_film_interaction,gatv2_graph_c_sprint8a_context_edge_film,gatv2,graph_c_context_observation,S5F2_energy,test,530,3420,,1,0.4320651888847351
sprint9_multiseed_S8A_R2_seed7_S8A_R2_context_edge_film,S8A_R2_context_edge_film,graph_c_gatv2_context_edge_film_interaction,gatv2_graph_c_sprint8a_context_edge_film,gatv2,graph_c_context_observation,S5F2_energy,test,531,3420,,1,0.4877627491950989
sprint9_multiseed_S8A_R2_seed7_S8A_R2_context_edge_film,S8A_R2_context_edge_film,graph_c_gatv2_context_edge_film_interaction,gatv2_graph_c_sprint8a_context_edge_film,gatv2,graph_c_context_observation,S5F2_energy,test,532,3420,,1,0.46753695607185364
sprint9_multiseed_S8A_R2_seed7_S8A_R2_context_edge_film,S8A_R2_context_edge_film,graph_c_gatv2_context_edge_film_interaction,gatv2_graph_c_sprint8a_context_edge_film,gatv2,graph_c_context_observation,S5F2_energy,test,533,3420,,1,0.5236673951148987
sprint9_multiseed_S8A_R2_seed7_S8A_R2_context_edge_film,S8A_R2_context_edge_film,graph_c_gatv2_context_edge_film_interaction,gatv2_graph_c_sprint8a_context_edge_film,gatv2,graph_c_context_observation,S5F2_energy,test,534,3420,,1,0.43269965052604675
sprint9_multiseed_S8A_R2_seed7_S8A_R2_context_edge_film,S8A_R2_context_edge_film,graph_c_gatv2_context_edge_film_interaction,gatv2_graph_c_sprint8a_context_edge_film,gatv2,graph_c_context_observation,S5F2_energy,test,535,3420,,1,0.4784846901893616
sprint9_multiseed_S8A_R2_seed7_S8A_R2_context_edge_film,S8A_R2_context_edge_film,graph_c_gatv2_context_edge_film_interaction,gatv2_graph_c_sprint8a_context_edge_film,gatv2,graph_c_context_observation,S5F2_energy,test,536,3420,,1,0.5614540576934814
sprint9_multiseed_S8A_R2_seed7_S8A_R2_context_edge_film,S8A_R2_context_edge_film,graph_c_gatv2_context_edge_film_interaction,gatv2_graph_c_sprint8a_context_edge_film,gatv2,graph_c_context_observation,S5F2_energy,test,537,3420,,1,0.641161322593689
sprint9_multiseed_S8A_R2_seed7_S8A_R2_context_edge_film,S8A_R2_context_edge_film,graph_c_gatv2_context_edge_film_interaction,gatv2_graph_c_sprint8a_context_edge_film,gatv2,graph_c_context_observation,S5F2_energy,test,538,3420,,1,0.48162180185317993
sprint9_multiseed_S8A_R2_seed7_S8A_R2_context_edge_film,S8A_R2_context_edge_film,graph_c_gatv2_context_edge_film_interaction,gatv2_graph_c_sprint8a_context_edge_film,gatv2,graph_c_context_observation,S5F2_energy,test,539,3420,,1,0.48459360003471375
sprint9_multiseed_S8A_R2_seed7_S8A_R2_context_edge_film,S8A_R2_context_edge_film,graph_c_gatv2_context_edge_film_interaction,gatv2_graph_c_sprint8a_context_edge_film,gatv2,graph_c_context_observation,S5F2_energy,test,540,3420,,1,0.49565547704696655
sprint9_multiseed_S8A_R2_seed7_S8A_R2_context_edge_film,S8A_R2_context_edge_film,graph_c_gatv2_context_edge_film_interaction,gatv2_graph_c_sprint8a_context_edge_film,gatv2,graph_c_context_observation,S5F2_energy,test,541,3420,,1,0.46313589811325073
sprint9_multiseed_S8A_R2_seed7_S8A_R2_context_edge_film,S8A_R2_context_edge_film,graph_c_gatv2_context_edge_film_interaction,gatv2_graph_c_sprint8a_context_edge_film,gatv2,graph_c_context_observation,S5F2_energy,test,542,3420,,1,0.4849417507648468
sprint9_multiseed_S8A_R2_seed7_S8A_R2_context_edge_film,S8A_R2_context_edge_film,graph_c_gatv2_context_edge_film_interaction,gatv2_graph_c_sprint8a_context_edge_film,gatv2,graph_c_context_observation,S5F2_energy,test,543,3420,,1,0.44322243332862854
sprint9_multiseed_S8A_R2_seed7_S8A_R2_context_edge_film,S8A_R2_context_edge_film,graph_c_gatv2_context_edge_film_interaction,gatv2_graph_c_sprint8a_context_edge_film,gatv2,graph_c_context_observation,S5F2_energy,test,544,3420,,1,0.480674147605896
sprint9_multiseed_S8A_R2_seed7_S8A_R2_context_edge_film,S8A_R2_context_edge_film,graph_c_gatv2_context_edge_film_interaction,gatv2_graph_c_sprint8a_context_edge_film,gatv2,graph_c_context_observation,S5F2_energy,test,545,3420,,1,0.5293821692466736
sprint9_multiseed_S8A_R2_seed7_S8A_R2_context_edge_film,S8A_R2_context_edge_film,graph_c_gatv2_context_edge_film_interaction,gatv2_graph_c_sprint8a_context_edge_film,gatv2,graph_c_context_observation,S5F2_energy,test,546,3420,,1,0.620407223701477
sprint9_multiseed_S8A_R2_seed7_S8A_R2_context_edge_film,S8A_R2_context_edge_film,graph_c_gatv2_context_edge_film_interaction,gatv2_graph_c_sprint8a_context_edge_film,gatv2,graph_c_context_observation,S5F2_energy,test,547,3420,,1,0.5505537986755371
sprint9_multiseed_S8A_R2_seed7_S8A_R2_context_edge_film,S8A_R2_context_edge_film,graph_c_gatv2_context_edge_film_interaction,gatv2_graph_c_sprint8a_context_edge_film,gatv2,graph_c_context_observation,S5F2_energy,test,548,3420,,1,0.5217955708503723
sprint9_multiseed_S8A_R2_seed7_S8A_R2_context_edge_film,S8A_R2_context_edge_film,graph_c_gatv2_context_edge_film_interaction,gatv2_graph_c_sprint8a_context_edge_film,gatv2,graph_c_context_observation,S5F2_energy,test,549,3420,,1,0.5377323031425476
sprint9_multiseed_S8A_R2_seed7_S8A_R2_context_edge_film,S8A_R2_context_edge_film,graph_c_gatv2_context_edge_film_interaction,gatv2_graph_c_sprint8a_context_edge_film,gatv2,graph_c_context_observation,S5F2_energy,test,550,3420,,1,0.6353256702423096
sprint9_multiseed_S8A_R2_seed7_S8A_R2_context_edge_film,S8A_R2_context_edge_film,graph_c_gatv2_context_edge_film_interaction,gatv2_graph_c_sprint8a_context_edge_film,gatv2,graph_c_context_observation,S5F2_energy,test,551,3420,,1,0.4915875792503357
sprint9_multiseed_S8A_R2_seed7_S8A_R2_context_edge_film,S8A_R2_context_edge_film,graph_c_gatv2_context_edge_film_interaction,gatv2_graph_c_sprint8a_context_edge_film,gatv2,graph_c_context_observation,S5F2_energy,test,552,3420,,1,0.46421775221824646
sprint9_multiseed_S8A_R2_seed7_S8A_R2_context_edge_film,S8A_R2_context_edge_film,graph_c_gatv2_context_edge_film_interaction,gatv2_graph_c_sprint8a_context_edge_film,gatv2,graph_c_context_observation,S5F2_energy,test,553,3420,,1,0.46993738412857056
sprint9_multiseed_S8A_R2_seed7_S8A_R2_context_edge_film,S8A_R2_context_edge_film,graph_c_gatv2_context_edge_film_interaction,gatv2_graph_c_sprint8a_context_edge_film,gatv2,graph_c_context_observation,S5F2_energy,test,554,3420,,1,0.5715190768241882
sprint9_multiseed_S8A_R2_seed7_S8A_R2_context_edge_film,S8A_R2_context_edge_film,graph_c_gatv2_context_edge_film_interaction,gatv2_graph_c_sprint8a_context_edge_film,gatv2,graph_c_context_observation,S5F2_energy,test,555,3420,,1,0.5598586201667786
sprint9_multiseed_S8A_R2_seed7_S8A_R2_context_edge_film,S8A_R2_context_edge_film,graph_c_gatv2_context_edge_film_interaction,gatv2_graph_c_sprint8a_context_edge_film,gatv2,graph_c_context_observation,S5F2_energy,test,556,3420,,1,0.4822668135166168
sprint9_multiseed_S8A_R2_seed7_S8A_R2_context_edge_film,S8A_R2_context_edge_film,graph_c_gatv2_context_edge_film_interaction,gatv2_graph_c_sprint8a_context_edge_film,gatv2,graph_c_context_observation,S5F2_energy,test,557,3420,,1,0.47763630747795105
sprint9_multiseed_S8A_R2_seed7_S8A_R2_context_edge_film,S8A_R2_context_edge_film,graph_c_gatv2_context_edge_film_interaction,gatv2_graph_c_sprint8a_context_edge_film,gatv2,graph_c_context_observation,S5F2_energy,test,558,3420,,1,0.5421382784843445
sprint9_multiseed_S8A_R2_seed7_S8A_R2_context_edge_film,S8A_R2_context_edge_film,graph_c_gatv2_context_edge_film_interaction,gatv2_graph_c_sprint8a_context_edge_film,gatv2,graph_c_context_observation,S5F2_energy,test,559,3420,,1,0.510886549949646
sprint9_multiseed_S8A_R2_seed7_S8A_R2_context_edge_film,S8A_R2_context_edge_film,graph_c_gatv2_context_edge_film_interaction,gatv2_graph_c_sprint8a_context_edge_film,gatv2,graph_c_context_observation,S5F2_energy,test,560,3420,,1,0.45146986842155457
sprint9_multiseed_S8A_R2_seed7_S8A_R2_context_edge_film,S8A_R2_context_edge_film,graph_c_gatv2_context_edge_film_interaction,gatv2_graph_c_sprint8a_context_edge_film,gatv2,graph_c_context_observation,S5F2_energy,test,561,3420,,1,0.4538533687591553
sprint9_multiseed_S8A_R2_seed7_S8A_R2_context_edge_film,S8A_R2_context_edge_film,graph_c_gatv2_context_edge_film_interaction,gatv2_graph_c_sprint8a_context_edge_film,gatv2,graph_c_context_observation,S5F2_energy,test,562,3420,,1,0.4519224464893341
sprint9_multiseed_S8A_R2_seed7_S8A_R2_context_edge_film,S8A_R2_context_edge_film,graph_c_gatv2_context_edge_film_interaction,gatv2_graph_c_sprint8a_context_edge_film,gatv2,graph_c_context_observation,S5F2_energy,test,563,3420,,1,0.6069784164428711
sprint9_multiseed_S8A_R2_seed7_S8A_R2_context_edge_film,S8A_R2_context_edge_film,graph_c_gatv2_context_edge_film_interaction,gatv2_graph_c_sprint8a_context_edge_film,gatv2,graph_c_context_observation,S5F2_energy,test,564,3420,,1,0.46753957867622375
sprint9_multiseed_S8A_R2_seed7_S8A_R2_context_edge_film,S8A_R2_context_edge_film,graph_c_gatv2_context_edge_film_interaction,gatv2_graph_c_sprint8a_context_edge_film,gatv2,graph_c_context_observation,S5F2_energy,test,565,3420,,1,0.5286983251571655
sprint9_multiseed_S8A_R2_seed7_S8A_R2_context_edge_film,S8A_R2_context_edge_film,graph_c_gatv2_context_edge_film_interaction,gatv2_graph_c_sprint8a_context_edge_film,gatv2,graph_c_context_observation,S5F2_energy,test,566,3420,,1,0.5313324332237244
sprint9_multiseed_S8A_R2_seed7_S8A_R2_context_edge_film,S8A_R2_context_edge_film,graph_c_gatv2_context_edge_film_interaction,gatv2_graph_c_sprint8a_context_edge_film,gatv2,graph_c_context_observation,S5F2_energy,test,567,3420,,1,0.5335014462471008
sprint9_multiseed_S8A_R2_seed7_S8A_R2_context_edge_film,S8A_R2_context_edge_film,graph_c_gatv2_context_edge_film_interaction,gatv2_graph_c_sprint8a_context_edge_film,gatv2,graph_c_context_observation,S5F2_energy,test,568,3420,,1,0.41518303751945496
sprint9_multiseed_S8A_R2_seed7_S8A_R2_context_edge_film,S8A_R2_context_edge_film,graph_c_gatv2_context_edge_film_interaction,gatv2_graph_c_sprint8a_context_edge_film,gatv2,graph_c_context_observation,S5F2_energy,test,569,3420,,1,0.47978681325912476
sprint9_multiseed_S8A_R2_seed7_S8A_R2_context_edge_film,S8A_R2_context_edge_film,graph_c_gatv2_context_edge_film_interaction,gatv2_graph_c_sprint8a_context_edge_film,gatv2,graph_c_context_observation,S5F2_energy,test,570,3420,,1,0.47876930236816406
sprint9_multiseed_S8A_R2_seed7_S8A_R2_context_edge_film,S8A_R2_context_edge_film,graph_c_gatv2_context_edge_film_interaction,gatv2_graph_c_sprint8a_context_edge_film,gatv2,graph_c_context_observation,S5F2_energy,test,571,3420,,1,0.48652729392051697
sprint9_multiseed_S8A_R2_seed7_S8A_R2_context_edge_film,S8A_R2_context_edge_film,graph_c_gatv2_context_edge_film_interaction,gatv2_graph_c_sprint8a_context_edge_film,gatv2,graph_c_context_observation,S5F2_energy,test,572,3420,,1,0.48576006293296814
sprint9_multiseed_S8A_R2_seed7_S8A_R2_context_edge_film,S8A_R2_context_edge_film,graph_c_gatv2_context_edge_film_interaction,gatv2_graph_c_sprint8a_context_edge_film,gatv2,graph_c_context_observation,S5F2_energy,test,573,3420,,1,0.44012489914894104
sprint9_multiseed_S8A_R2_seed7_S8A_R2_context_edge_film,S8A_R2_context_edge_film,graph_c_gatv2_context_edge_film_interaction,gatv2_graph_c_sprint8a_context_edge_film,gatv2,graph_c_context_observation,S5F2_energy,test,574,3420,,1,0.5061281323432922
sprint9_multiseed_S8A_R2_seed7_S8A_R2_context_edge_film,S8A_R2_context_edge_film,graph_c_gatv2_context_edge_film_interaction,gatv2_graph_c_sprint8a_context_edge_film,gatv2,graph_c_context_observation,S5F2_energy,test,575,3420,,1,0.5472829341888428
sprint9_multiseed_S8A_R2_seed7_S8A_R2_context_edge_film,S8A_R2_context_edge_film,graph_c_gatv2_context_edge_film_interaction,gatv2_graph_c_sprint8a_context_edge_film,gatv2,graph_c_context_observation,S5F2_energy,test,576,3420,,1,0.47137534618377686
sprint9_multiseed_S8A_R2_seed7_S8A_R2_context_edge_film,S8A_R2_context_edge_film,graph_c_gatv2_context_edge_film_interaction,gatv2_graph_c_sprint8a_context_edge_film,gatv2,graph_c_context_observation,S5F2_energy,test,577,3420,,1,0.4924795925617218
sprint9_multiseed_S8A_R2_seed7_S8A_R2_context_edge_film,S8A_R2_context_edge_film,graph_c_gatv2_context_edge_film_interaction,gatv2_graph_c_sprint8a_context_edge_film,gatv2,graph_c_context_observation,S5F2_energy,test,578,3420,,1,0.4563885033130646
sprint9_multiseed_S8A_R2_seed7_S8A_R2_context_edge_film,S8A_R2_context_edge_film,graph_c_gatv2_context_edge_film_interaction,gatv2_graph_c_sprint8a_context_edge_film,gatv2,graph_c_context_observation,S5F2_energy,test,579,3420,,1,0.5209559202194214
sprint9_multiseed_S8A_R2_seed7_S8A_R2_context_edge_film,S8A_R2_context_edge_film,graph_c_gatv2_context_edge_film_interaction,gatv2_graph_c_sprint8a_context_edge_film,gatv2,graph_c_context_observation,S5F2_energy,test,580,3420,,1,0.48161664605140686
sprint9_multiseed_S8A_R2_seed7_S8A_R2_context_edge_film,S8A_R2_context_edge_film,graph_c_gatv2_context_edge_film_interaction,gatv2_graph_c_sprint8a_context_edge_film,gatv2,graph_c_context_observation,S5F2_energy,test,581,3420,,1,0.479278028011322
sprint9_multiseed_S8A_R2_seed7_S8A_R2_context_edge_film,S8A_R2_context_edge_film,graph_c_gatv2_context_edge_film_interaction,gatv2_graph_c_sprint8a_context_edge_film,gatv2,graph_c_context_observation,S5F2_energy,test,582,3420,,1,0.48265719413757324
sprint9_multiseed_S8A_R2_seed7_S8A_R2_context_edge_film,S8A_R2_context_edge_film,graph_c_gatv2_context_edge_film_interaction,gatv2_graph_c_sprint8a_context_edge_film,gatv2,graph_c_context_observation,S5F2_energy,test,583,3420,,1,0.46922314167022705
sprint9_multiseed_S8A_R2_seed7_S8A_R2_context_edge_film,S8A_R2_context_edge_film,graph_c_gatv2_context_edge_film_interaction,gatv2_graph_c_sprint8a_context_edge_film,gatv2,graph_c_context_observation,S5F2_energy,test,584,3420,,1,0.467192143201828
sprint9_multiseed_S8A_R2_seed7_S8A_R2_context_edge_film,S8A_R2_context_edge_film,graph_c_gatv2_context_edge_film_interaction,gatv2_graph_c_sprint8a_context_edge_film,gatv2,graph_c_context_observation,S5F2_energy,test,585,3420,,1,0.45823371410369873
sprint9_multiseed_S8A_R2_seed7_S8A_R2_context_edge_film,S8A_R2_context_edge_film,graph_c_gatv2_context_edge_film_interaction,gatv2_graph_c_sprint8a_context_edge_film,gatv2,graph_c_context_observation,S5F2_energy,test,586,3420,,1,0.49375399947166443
sprint9_multiseed_S8A_R2_seed7_S8A_R2_context_edge_film,S8A_R2_context_edge_film,graph_c_gatv2_context_edge_film_interaction,gatv2_graph_c_sprint8a_context_edge_film,gatv2,graph_c_context_observation,S5F2_energy,test,587,3420,,1,0.48476555943489075
sprint9_multiseed_S8A_R2_seed7_S8A_R2_context_edge_film,S8A_R2_context_edge_film,graph_c_gatv2_context_edge_film_interaction,gatv2_graph_c_sprint8a_context_edge_film,gatv2,graph_c_context_observation,S5F2_energy,test,588,3420,,1,0.5517562031745911
sprint9_multiseed_S8A_R2_seed7_S8A_R2_context_edge_film,S8A_R2_context_edge_film,graph_c_gatv2_context_edge_film_interaction,gatv2_graph_c_sprint8a_context_edge_film,gatv2,graph_c_context_observation,S5F2_energy,test,589,3420,,1,0.4513455033302307
sprint9_multiseed_S8A_R2_seed7_S8A_R2_context_edge_film,S8A_R2_context_edge_film,graph_c_gatv2_context_edge_film_interaction,gatv2_graph_c_sprint8a_context_edge_film,gatv2,graph_c_context_observation,S5F2_energy,test,590,3420,,1,0.45519158244132996
sprint9_multiseed_S8A_R2_seed7_S8A_R2_context_edge_film,S8A_R2_context_edge_film,graph_c_gatv2_context_edge_film_interaction,gatv2_graph_c_sprint8a_context_edge_film,gatv2,graph_c_context_observation,S5F2_energy,test,591,3420,,1,0.4591086804866791
sprint9_multiseed_S8A_R2_seed7_S8A_R2_context_edge_film,S8A_R2_context_edge_film,graph_c_gatv2_context_edge_film_interaction,gatv2_graph_c_sprint8a_context_edge_film,gatv2,graph_c_context_observation,S5F2_energy,test,592,3420,,1,0.5162166953086853
sprint9_multiseed_S8A_R2_seed7_S8A_R2_context_edge_film,S8A_R2_context_edge_film,graph_c_gatv2_context_edge_film_interaction,gatv2_graph_c_sprint8a_context_edge_film,gatv2,graph_c_context_observation,S5F2_energy,test,593,3420,,1,0.601993203163147
sprint9_multiseed_S8A_R2_seed7_S8A_R2_context_edge_film,S8A_R2_context_edge_film,graph_c_gatv2_context_edge_film_interaction,gatv2_graph_c_sprint8a_context_edge_film,gatv2,graph_c_context_observation,S5F2_energy,test,594,3420,,1,0.4733779728412628
sprint9_multiseed_S8A_R2_seed7_S8A_R2_context_edge_film,S8A_R2_context_edge_film,graph_c_gatv2_context_edge_film_interaction,gatv2_graph_c_sprint8a_context_edge_film,gatv2,graph_c_context_observation,S5F2_energy,test,595,3420,,1,0.6186919808387756
sprint9_multiseed_S8A_R2_seed7_S8A_R2_context_edge_film,S8A_R2_context_edge_film,graph_c_gatv2_context_edge_film_interaction,gatv2_graph_c_sprint8a_context_edge_film,gatv2,graph_c_context_observation,S5F2_energy,test,596,3420,,1,0.47516077756881714
sprint9_multiseed_S8A_R2_seed7_S8A_R2_context_edge_film,S8A_R2_context_edge_film,graph_c_gatv2_context_edge_film_interaction,gatv2_graph_c_sprint8a_context_edge_film,gatv2,graph_c_context_observation,S5F2_energy,test,597,3420,,1,0.4689926505088806
sprint9_multiseed_S8A_R2_seed7_S8A_R2_context_edge_film,S8A_R2_context_edge_film,graph_c_gatv2_context_edge_film_interaction,gatv2_graph_c_sprint8a_context_edge_film,gatv2,graph_c_context_observation,S5F2_energy,test,598,3420,,1,0.47125476598739624
sprint9_multiseed_S8A_R2_seed7_S8A_R2_context_edge_film,S8A_R2_context_edge_film,graph_c_gatv2_context_edge_film_interaction,gatv2_graph_c_sprint8a_context_edge_film,gatv2,graph_c_context_observation,S5F2_energy,test,599,3420,,1,0.5854707360267639
sprint9_multiseed_S8A_R2_seed7_S8A_R2_context_edge_film,S8A_R2_context_edge_film,graph_c_gatv2_context_edge_film_interaction,gatv2_graph_c_sprint8a_context_edge_film,gatv2,graph_c_context_observation,S5F2_energy,test,600,3420,,1,0.4602568447589874
sprint9_multiseed_S8A_R2_seed7_S8A_R2_context_edge_film,S8A_R2_context_edge_film,graph_c_gatv2_context_edge_film_interaction,gatv2_graph_c_sprint8a_context_edge_film,gatv2,graph_c_context_observation,S5F2_energy,test,601,3420,,1,0.49527573585510254
sprint9_multiseed_S8A_R2_seed7_S8A_R2_context_edge_film,S8A_R2_context_edge_film,graph_c_gatv2_context_edge_film_interaction,gatv2_graph_c_sprint8a_context_edge_film,gatv2,graph_c_context_observation,S5F2_energy,test,602,3420,,1,0.458059161901474
sprint9_multiseed_S8A_R2_seed7_S8A_R2_context_edge_film,S8A_R2_context_edge_film,graph_c_gatv2_context_edge_film_interaction,gatv2_graph_c_sprint8a_context_edge_film,gatv2,graph_c_context_observation,S5F2_energy,test,603,3420,,1,0.5155148506164551
sprint9_multiseed_S8A_R2_seed7_S8A_R2_context_edge_film,S8A_R2_context_edge_film,graph_c_gatv2_context_edge_film_interaction,gatv2_graph_c_sprint8a_context_edge_film,gatv2,graph_c_context_observation,S5F2_energy,test,604,3420,,1,0.45135393738746643
sprint9_multiseed_S8A_R2_seed7_S8A_R2_context_edge_film,S8A_R2_context_edge_film,graph_c_gatv2_context_edge_film_interaction,gatv2_graph_c_sprint8a_context_edge_film,gatv2,graph_c_context_observation,S5F2_energy,test,605,3420,,1,0.5768715143203735
sprint9_multiseed_S8A_R2_seed7_S8A_R2_context_edge_film,S8A_R2_context_edge_film,graph_c_gatv2_context_edge_film_interaction,gatv2_graph_c_sprint8a_context_edge_film,gatv2,graph_c_context_observation,S5F2_energy,test,606,3420,,1,0.4490371644496918
sprint9_multiseed_S8A_R2_seed7_S8A_R2_context_edge_film,S8A_R2_context_edge_film,graph_c_gatv2_context_edge_film_interaction,gatv2_graph_c_sprint8a_context_edge_film,gatv2,graph_c_context_observation,S5F2_energy,test,607,3420,,1,0.5085805654525757
sprint9_multiseed_S8A_R2_seed7_S8A_R2_context_edge_film,S8A_R2_context_edge_film,graph_c_gatv2_context_edge_film_interaction,gatv2_graph_c_sprint8a_context_edge_film,gatv2,graph_c_context_observation,S5F2_energy,test,608,3420,,1,0.4301735460758209
sprint9_multiseed_S8A_R2_seed7_S8A_R2_context_edge_film,S8A_R2_context_edge_film,graph_c_gatv2_context_edge_film_interaction,gatv2_graph_c_sprint8a_context_edge_film,gatv2,graph_c_context_observation,S5F2_energy,test,609,3420,,1,0.46409735083580017
sprint9_multiseed_S8A_R2_seed7_S8A_R2_context_edge_film,S8A_R2_context_edge_film,graph_c_gatv2_context_edge_film_interaction,gatv2_graph_c_sprint8a_context_edge_film,gatv2,graph_c_context_observation,S5F2_energy,test,610,3420,,1,0.4338246285915375
sprint9_multiseed_S8A_R2_seed7_S8A_R2_context_edge_film,S8A_R2_context_edge_film,graph_c_gatv2_context_edge_film_interaction,gatv2_graph_c_sprint8a_context_edge_film,gatv2,graph_c_context_observation,S5F2_energy,test,611,3420,,1,0.47857388854026794
sprint9_multiseed_S8A_R2_seed7_S8A_R2_context_edge_film,S8A_R2_context_edge_film,graph_c_gatv2_context_edge_film_interaction,gatv2_graph_c_sprint8a_context_edge_film,gatv2,graph_c_context_observation,S5F2_energy,test,612,3420,,1,0.5441046953201294
sprint9_multiseed_S8A_R2_seed7_S8A_R2_context_edge_film,S8A_R2_context_edge_film,graph_c_gatv2_context_edge_film_interaction,gatv2_graph_c_sprint8a_context_edge_film,gatv2,graph_c_context_observation,S5F2_energy,test,613,3420,,1,0.4644922912120819
sprint9_multiseed_S8A_R2_seed7_S8A_R2_context_edge_film,S8A_R2_context_edge_film,graph_c_gatv2_context_edge_film_interaction,gatv2_graph_c_sprint8a_context_edge_film,gatv2,graph_c_context_observation,S5F2_energy,test,614,3420,,1,0.4643101692199707
sprint9_multiseed_S8A_R2_seed7_S8A_R2_context_edge_film,S8A_R2_context_edge_film,graph_c_gatv2_context_edge_film_interaction,gatv2_graph_c_sprint8a_context_edge_film,gatv2,graph_c_context_observation,S5F2_energy,test,615,3420,,1,0.49899357557296753
sprint9_multiseed_S8A_R2_seed7_S8A_R2_context_edge_film,S8A_R2_context_edge_film,graph_c_gatv2_context_edge_film_interaction,gatv2_graph_c_sprint8a_context_edge_film,gatv2,graph_c_context_observation,S5F2_energy,test,616,3420,,1,0.4465528726577759
sprint9_multiseed_S8A_R2_seed7_S8A_R2_context_edge_film,S8A_R2_context_edge_film,graph_c_gatv2_context_edge_film_interaction,gatv2_graph_c_sprint8a_context_edge_film,gatv2,graph_c_context_observation,S5F2_energy,test,617,3420,,1,0.4495832324028015
sprint9_multiseed_S8A_R2_seed7_S8A_R2_context_edge_film,S8A_R2_context_edge_film,graph_c_gatv2_context_edge_film_interaction,gatv2_graph_c_sprint8a_context_edge_film,gatv2,graph_c_context_observation,S5F2_energy,test,618,3420,,1,0.4411969482898712
sprint9_multiseed_S8A_R2_seed7_S8A_R2_context_edge_film,S8A_R2_context_edge_film,graph_c_gatv2_context_edge_film_interaction,gatv2_graph_c_sprint8a_context_edge_film,gatv2,graph_c_context_observation,S5F2_energy,test,619,3420,,1,0.5587202310562134
sprint9_multiseed_S8A_R2_seed7_S8A_R2_context_edge_film,S8A_R2_context_edge_film,graph_c_gatv2_context_edge_film_interaction,gatv2_graph_c_sprint8a_context_edge_film,gatv2,graph_c_context_observation,S5F2_energy,test,620,3420,,1,0.5291771292686462
sprint9_multiseed_S8A_R2_seed7_S8A_R2_context_edge_film,S8A_R2_context_edge_film,graph_c_gatv2_context_edge_film_interaction,gatv2_graph_c_sprint8a_context_edge_film,gatv2,graph_c_context_observation,S5F2_energy,test,621,3420,,1,0.5100730657577515
sprint9_multiseed_S8A_R2_seed7_S8A_R2_context_edge_film,S8A_R2_context_edge_film,graph_c_gatv2_context_edge_film_interaction,gatv2_graph_c_sprint8a_context_edge_film,gatv2,graph_c_context_observation,S5F2_energy,test,622,3420,,1,0.4878943860530853
sprint9_multiseed_S8A_R2_seed7_S8A_R2_context_edge_film,S8A_R2_context_edge_film,graph_c_gatv2_context_edge_film_interaction,gatv2_graph_c_sprint8a_context_edge_film,gatv2,graph_c_context_observation,S5F2_energy,test,623,3420,,1,0.4573792517185211
sprint9_multiseed_S8A_R2_seed7_S8A_R2_context_edge_film,S8A_R2_context_edge_film,graph_c_gatv2_context_edge_film_interaction,gatv2_graph_c_sprint8a_context_edge_film,gatv2,graph_c_context_observation,S5F2_energy,test,624,3420,,1,0.4998760521411896
sprint9_multiseed_S8A_R2_seed7_S8A_R2_context_edge_film,S8A_R2_context_edge_film,graph_c_gatv2_context_edge_film_interaction,gatv2_graph_c_sprint8a_context_edge_film,gatv2,graph_c_context_observation,S5F2_energy,test,625,3420,,1,0.450450599193573
sprint9_multiseed_S8A_R2_seed7_S8A_R2_context_edge_film,S8A_R2_context_edge_film,graph_c_gatv2_context_edge_film_interaction,gatv2_graph_c_sprint8a_context_edge_film,gatv2,graph_c_context_observation,S5F2_energy,test,626,3420,,1,0.4264669418334961
sprint9_multiseed_S8A_R2_seed7_S8A_R2_context_edge_film,S8A_R2_context_edge_film,graph_c_gatv2_context_edge_film_interaction,gatv2_graph_c_sprint8a_context_edge_film,gatv2,graph_c_context_observation,S5F2_energy,test,627,3420,,1,0.4820605218410492
sprint9_multiseed_S8A_R2_seed7_S8A_R2_context_edge_film,S8A_R2_context_edge_film,graph_c_gatv2_context_edge_film_interaction,gatv2_graph_c_sprint8a_context_edge_film,gatv2,graph_c_context_observation,S5F2_energy,test,628,3420,,1,0.5940397381782532
sprint9_multiseed_S8A_R2_seed7_S8A_R2_context_edge_film,S8A_R2_context_edge_film,graph_c_gatv2_context_edge_film_interaction,gatv2_graph_c_sprint8a_context_edge_film,gatv2,graph_c_context_observation,S5F2_energy,test,629,3420,,1,0.7221899032592773
sprint9_multiseed_S8A_R2_seed7_S8A_R2_context_edge_film,S8A_R2_context_edge_film,graph_c_gatv2_context_edge_film_interaction,gatv2_graph_c_sprint8a_context_edge_film,gatv2,graph_c_context_observation,S5F2_energy,test,630,3420,,1,0.45056623220443726
sprint9_multiseed_S8A_R2_seed7_S8A_R2_context_edge_film,S8A_R2_context_edge_film,graph_c_gatv2_context_edge_film_interaction,gatv2_graph_c_sprint8a_context_edge_film,gatv2,graph_c_context_observation,S5F2_energy,test,631,3420,,1,0.46321746706962585
sprint9_multiseed_S8A_R2_seed7_S8A_R2_context_edge_film,S8A_R2_context_edge_film,graph_c_gatv2_context_edge_film_interaction,gatv2_graph_c_sprint8a_context_edge_film,gatv2,graph_c_context_observation,S5F2_energy,test,632,3420,,1,0.5542876124382019
sprint9_multiseed_S8A_R2_seed7_S8A_R2_context_edge_film,S8A_R2_context_edge_film,graph_c_gatv2_context_edge_film_interaction,gatv2_graph_c_sprint8a_context_edge_film,gatv2,graph_c_context_observation,S5F2_energy,test,633,3420,,1,0.515354573726654
sprint9_multiseed_S8A_R2_seed7_S8A_R2_context_edge_film,S8A_R2_context_edge_film,graph_c_gatv2_context_edge_film_interaction,gatv2_graph_c_sprint8a_context_edge_film,gatv2,graph_c_context_observation,S5F2_energy,test,634,3420,,1,0.5538312792778015
sprint9_multiseed_S8A_R2_seed7_S8A_R2_context_edge_film,S8A_R2_context_edge_film,graph_c_gatv2_context_edge_film_interaction,gatv2_graph_c_sprint8a_context_edge_film,gatv2,graph_c_context_observation,S5F2_energy,test,635,3420,,1,0.3126240074634552
sprint9_multiseed_S8A_R2_seed7_S8A_R2_context_edge_film,S8A_R2_context_edge_film,graph_c_gatv2_context_edge_film_interaction,gatv2_graph_c_sprint8a_context_edge_film,gatv2,graph_c_context_observation,S5F2_energy,test,636,3420,,1,0.5375714302062988
sprint9_multiseed_S8A_R2_seed7_S8A_R2_context_edge_film,S8A_R2_context_edge_film,graph_c_gatv2_context_edge_film_interaction,gatv2_graph_c_sprint8a_context_edge_film,gatv2,graph_c_context_observation,S5F2_energy,test,637,3420,,1,0.5393684506416321
sprint9_multiseed_S8A_R2_seed7_S8A_R2_context_edge_film,S8A_R2_context_edge_film,graph_c_gatv2_context_edge_film_interaction,gatv2_graph_c_sprint8a_context_edge_film,gatv2,graph_c_context_observation,S5F2_energy,test,638,3420,,1,0.5700538754463196
sprint9_multiseed_S8A_R2_seed7_S8A_R2_context_edge_film,S8A_R2_context_edge_film,graph_c_gatv2_context_edge_film_interaction,gatv2_graph_c_sprint8a_context_edge_film,gatv2,graph_c_context_observation,S5F2_energy,test,639,3420,,1,0.5694337487220764
sprint9_multiseed_S8A_R2_seed7_S8A_R2_context_edge_film,S8A_R2_context_edge_film,graph_c_gatv2_context_edge_film_interaction,gatv2_graph_c_sprint8a_context_edge_film,gatv2,graph_c_context_observation,S5F2_energy,test,640,3420,,1,0.5029613375663757
sprint9_multiseed_S8A_R2_seed7_S8A_R2_context_edge_film,S8A_R2_context_edge_film,graph_c_gatv2_context_edge_film_interaction,gatv2_graph_c_sprint8a_context_edge_film,gatv2,graph_c_context_observation,S5F2_energy,test,641,3420,,1,0.46584615111351013
sprint9_multiseed_S8A_R2_seed7_S8A_R2_context_edge_film,S8A_R2_context_edge_film,graph_c_gatv2_context_edge_film_interaction,gatv2_graph_c_sprint8a_context_edge_film,gatv2,graph_c_context_observation,S5F2_energy,test,642,7696,,1,0.687709629535675
sprint9_multiseed_S8A_R2_seed7_S8A_R2_context_edge_film,S8A_R2_context_edge_film,graph_c_gatv2_context_edge_film_interaction,gatv2_graph_c_sprint8a_context_edge_film,gatv2,graph_c_context_observation,S5F2_energy,test,643,7696,,1,0.4089842140674591
sprint9_multiseed_S8A_R2_seed7_S8A_R2_context_edge_film,S8A_R2_context_edge_film,graph_c_gatv2_context_edge_film_interaction,gatv2_graph_c_sprint8a_context_edge_film,gatv2,graph_c_context_observation,S5F2_energy,test,644,7696,,1,0.6193791627883911
sprint9_multiseed_S8A_R2_seed7_S8A_R2_context_edge_film,S8A_R2_context_edge_film,graph_c_gatv2_context_edge_film_interaction,gatv2_graph_c_sprint8a_context_edge_film,gatv2,graph_c_context_observation,S5F2_energy,test,645,7696,,1,0.4697553813457489
sprint9_multiseed_S8A_R2_seed7_S8A_R2_context_edge_film,S8A_R2_context_edge_film,graph_c_gatv2_context_edge_film_interaction,gatv2_graph_c_sprint8a_context_edge_film,gatv2,graph_c_context_observation,S5F2_energy,test,646,7696,,1,0.5296390056610107
sprint9_multiseed_S8A_R2_seed7_S8A_R2_context_edge_film,S8A_R2_context_edge_film,graph_c_gatv2_context_edge_film_interaction,gatv2_graph_c_sprint8a_context_edge_film,gatv2,graph_c_context_observation,S5F2_energy,test,647,7696,,1,0.4811612665653229
sprint9_multiseed_S8A_R2_seed7_S8A_R2_context_edge_film,S8A_R2_context_edge_film,graph_c_gatv2_context_edge_film_interaction,gatv2_graph_c_sprint8a_context_edge_film,gatv2,graph_c_context_observation,S5F2_energy,test,648,7696,,1,0.4327762722969055
sprint9_multiseed_S8A_R2_seed7_S8A_R2_context_edge_film,S8A_R2_context_edge_film,graph_c_gatv2_context_edge_film_interaction,gatv2_graph_c_sprint8a_context_edge_film,gatv2,graph_c_context_observation,S5F2_energy,test,649,7696,,1,0.4725360870361328
sprint9_multiseed_S8A_R2_seed7_S8A_R2_context_edge_film,S8A_R2_context_edge_film,graph_c_gatv2_context_edge_film_interaction,gatv2_graph_c_sprint8a_context_edge_film,gatv2,graph_c_context_observation,S5F2_energy,test,650,7696,,1,0.46244511008262634
sprint9_multiseed_S8A_R2_seed7_S8A_R2_context_edge_film,S8A_R2_context_edge_film,graph_c_gatv2_context_edge_film_interaction,gatv2_graph_c_sprint8a_context_edge_film,gatv2,graph_c_context_observation,S5F2_energy,test,651,7696,,1,0.5210050344467163
sprint9_multiseed_S8A_R2_seed7_S8A_R2_context_edge_film,S8A_R2_context_edge_film,graph_c_gatv2_context_edge_film_interaction,gatv2_graph_c_sprint8a_context_edge_film,gatv2,graph_c_context_observation,S5F2_energy,test,652,7696,,1,0.5027313232421875
sprint9_multiseed_S8A_R2_seed7_S8A_R2_context_edge_film,S8A_R2_context_edge_film,graph_c_gatv2_context_edge_film_interaction,gatv2_graph_c_sprint8a_context_edge_film,gatv2,graph_c_context_observation,S5F2_energy,test,653,7696,,1,0.412593275308609
sprint9_multiseed_S8A_R2_seed7_S8A_R2_context_edge_film,S8A_R2_context_edge_film,graph_c_gatv2_context_edge_film_interaction,gatv2_graph_c_sprint8a_context_edge_film,gatv2,graph_c_context_observation,S5F2_energy,test,654,7696,,1,0.5124399662017822
sprint9_multiseed_S8A_R2_seed7_S8A_R2_context_edge_film,S8A_R2_context_edge_film,graph_c_gatv2_context_edge_film_interaction,gatv2_graph_c_sprint8a_context_edge_film,gatv2,graph_c_context_observation,S5F2_energy,test,655,7696,,1,0.4909988343715668
sprint9_multiseed_S8A_R2_seed7_S8A_R2_context_edge_film,S8A_R2_context_edge_film,graph_c_gatv2_context_edge_film_interaction,gatv2_graph_c_sprint8a_context_edge_film,gatv2,graph_c_context_observation,S5F2_energy,test,656,7696,,1,0.46600818634033203
sprint9_multiseed_S8A_R2_seed7_S8A_R2_context_edge_film,S8A_R2_context_edge_film,graph_c_gatv2_context_edge_film_interaction,gatv2_graph_c_sprint8a_context_edge_film,gatv2,graph_c_context_observation,S5F2_energy,test,657,7696,,1,0.4914940297603607
sprint9_multiseed_S8A_R2_seed7_S8A_R2_context_edge_film,S8A_R2_context_edge_film,graph_c_gatv2_context_edge_film_interaction,gatv2_graph_c_sprint8a_context_edge_film,gatv2,graph_c_context_observation,S5F2_energy,test,658,7696,,1,0.4553632140159607
sprint9_multiseed_S8A_R2_seed7_S8A_R2_context_edge_film,S8A_R2_context_edge_film,graph_c_gatv2_context_edge_film_interaction,gatv2_graph_c_sprint8a_context_edge_film,gatv2,graph_c_context_observation,S5F2_energy,test,659,7696,,1,0.47553712129592896
sprint9_multiseed_S8A_R2_seed7_S8A_R2_context_edge_film,S8A_R2_context_edge_film,graph_c_gatv2_context_edge_film_interaction,gatv2_graph_c_sprint8a_context_edge_film,gatv2,graph_c_context_observation,S5F2_energy,test,660,7696,,1,0.5755104422569275
sprint9_multiseed_S8A_R2_seed7_S8A_R2_context_edge_film,S8A_R2_context_edge_film,graph_c_gatv2_context_edge_film_interaction,gatv2_graph_c_sprint8a_context_edge_film,gatv2,graph_c_context_observation,S5F2_energy,test,661,7696,,1,0.45680856704711914
sprint9_multiseed_S8A_R2_seed7_S8A_R2_context_edge_film,S8A_R2_context_edge_film,graph_c_gatv2_context_edge_film_interaction,gatv2_graph_c_sprint8a_context_edge_film,gatv2,graph_c_context_observation,S5F2_energy,test,662,7696,,1,0.4297367334365845
sprint9_multiseed_S8A_R2_seed7_S8A_R2_context_edge_film,S8A_R2_context_edge_film,graph_c_gatv2_context_edge_film_interaction,gatv2_graph_c_sprint8a_context_edge_film,gatv2,graph_c_context_observation,S5F2_energy,test,663,7696,,1,0.37815672159194946
sprint9_multiseed_S8A_R2_seed7_S8A_R2_context_edge_film,S8A_R2_context_edge_film,graph_c_gatv2_context_edge_film_interaction,gatv2_graph_c_sprint8a_context_edge_film,gatv2,graph_c_context_observation,S5F2_energy,test,664,7696,,1,0.5062796473503113
sprint9_multiseed_S8A_R2_seed7_S8A_R2_context_edge_film,S8A_R2_context_edge_film,graph_c_gatv2_context_edge_film_interaction,gatv2_graph_c_sprint8a_context_edge_film,gatv2,graph_c_context_observation,S5F2_energy,test,665,7696,,1,0.5644323229789734
sprint9_multiseed_S8A_R2_seed7_S8A_R2_context_edge_film,S8A_R2_context_edge_film,graph_c_gatv2_context_edge_film_interaction,gatv2_graph_c_sprint8a_context_edge_film,gatv2,graph_c_context_observation,S5F2_energy,test,666,7696,,1,0.47730007767677307
sprint9_multiseed_S8A_R2_seed7_S8A_R2_context_edge_film,S8A_R2_context_edge_film,graph_c_gatv2_context_edge_film_interaction,gatv2_graph_c_sprint8a_context_edge_film,gatv2,graph_c_context_observation,S5F2_energy,test,667,7696,,1,0.5928939580917358
sprint9_multiseed_S8A_R2_seed7_S8A_R2_context_edge_film,S8A_R2_context_edge_film,graph_c_gatv2_context_edge_film_interaction,gatv2_graph_c_sprint8a_context_edge_film,gatv2,graph_c_context_observation,S5F2_energy,test,668,7696,,1,0.4350176155567169
sprint9_multiseed_S8A_R2_seed7_S8A_R2_context_edge_film,S8A_R2_context_edge_film,graph_c_gatv2_context_edge_film_interaction,gatv2_graph_c_sprint8a_context_edge_film,gatv2,graph_c_context_observation,S5F2_energy,test,669,7696,,1,0.4662250280380249
sprint9_multiseed_S8A_R2_seed7_S8A_R2_context_edge_film,S8A_R2_context_edge_film,graph_c_gatv2_context_edge_film_interaction,gatv2_graph_c_sprint8a_context_edge_film,gatv2,graph_c_context_observation,S5F2_energy,test,670,7696,,1,0.5845277309417725
sprint9_multiseed_S8A_R2_seed7_S8A_R2_context_edge_film,S8A_R2_context_edge_film,graph_c_gatv2_context_edge_film_interaction,gatv2_graph_c_sprint8a_context_edge_film,gatv2,graph_c_context_observation,S5F2_energy,test,671,7696,,1,0.4855361580848694
sprint9_multiseed_S8A_R2_seed7_S8A_R2_context_edge_film,S8A_R2_context_edge_film,graph_c_gatv2_context_edge_film_interaction,gatv2_graph_c_sprint8a_context_edge_film,gatv2,graph_c_context_observation,S5F2_energy,test,672,7696,,1,0.41401049494743347
sprint9_multiseed_S8A_R2_seed7_S8A_R2_context_edge_film,S8A_R2_context_edge_film,graph_c_gatv2_context_edge_film_interaction,gatv2_graph_c_sprint8a_context_edge_film,gatv2,graph_c_context_observation,S5F2_energy,test,673,7696,,1,0.44399532675743103
sprint9_multiseed_S8A_R2_seed7_S8A_R2_context_edge_film,S8A_R2_context_edge_film,graph_c_gatv2_context_edge_film_interaction,gatv2_graph_c_sprint8a_context_edge_film,gatv2,graph_c_context_observation,S5F2_energy,test,674,7696,,1,0.4798869490623474
sprint9_multiseed_S8A_R2_seed7_S8A_R2_context_edge_film,S8A_R2_context_edge_film,graph_c_gatv2_context_edge_film_interaction,gatv2_graph_c_sprint8a_context_edge_film,gatv2,graph_c_context_observation,S5F2_energy,test,675,7696,,1,0.4603092670440674
sprint9_multiseed_S8A_R2_seed7_S8A_R2_context_edge_film,S8A_R2_context_edge_film,graph_c_gatv2_context_edge_film_interaction,gatv2_graph_c_sprint8a_context_edge_film,gatv2,graph_c_context_observation,S5F2_energy,test,676,7696,,1,0.4129476249217987
sprint9_multiseed_S8A_R2_seed7_S8A_R2_context_edge_film,S8A_R2_context_edge_film,graph_c_gatv2_context_edge_film_interaction,gatv2_graph_c_sprint8a_context_edge_film,gatv2,graph_c_context_observation,S5F2_energy,test,677,7696,,1,0.37029245495796204
sprint9_multiseed_S8A_R2_seed7_S8A_R2_context_edge_film,S8A_R2_context_edge_film,graph_c_gatv2_context_edge_film_interaction,gatv2_graph_c_sprint8a_context_edge_film,gatv2,graph_c_context_observation,S5F2_energy,test,678,7696,,1,0.45454397797584534
sprint9_multiseed_S8A_R2_seed7_S8A_R2_context_edge_film,S8A_R2_context_edge_film,graph_c_gatv2_context_edge_film_interaction,gatv2_graph_c_sprint8a_context_edge_film,gatv2,graph_c_context_observation,S5F2_energy,test,679,7696,,1,0.4734666645526886
sprint9_multiseed_S8A_R2_seed7_S8A_R2_context_edge_film,S8A_R2_context_edge_film,graph_c_gatv2_context_edge_film_interaction,gatv2_graph_c_sprint8a_context_edge_film,gatv2,graph_c_context_observation,S5F2_energy,test,680,7696,,1,0.48737195134162903
sprint9_multiseed_S8A_R2_seed7_S8A_R2_context_edge_film,S8A_R2_context_edge_film,graph_c_gatv2_context_edge_film_interaction,gatv2_graph_c_sprint8a_context_edge_film,gatv2,graph_c_context_observation,S5F2_energy,test,681,7696,,1,0.5851646065711975
sprint9_multiseed_S8A_R2_seed7_S8A_R2_context_edge_film,S8A_R2_context_edge_film,graph_c_gatv2_context_edge_film_interaction,gatv2_graph_c_sprint8a_context_edge_film,gatv2,graph_c_context_observation,S5F2_energy,test,682,7696,,1,0.6240606307983398
sprint9_multiseed_S8A_R2_seed7_S8A_R2_context_edge_film,S8A_R2_context_edge_film,graph_c_gatv2_context_edge_film_interaction,gatv2_graph_c_sprint8a_context_edge_film,gatv2,graph_c_context_observation,S5F2_energy,test,683,7696,,1,0.3998275697231293
sprint9_multiseed_S8A_R2_seed7_S8A_R2_context_edge_film,S8A_R2_context_edge_film,graph_c_gatv2_context_edge_film_interaction,gatv2_graph_c_sprint8a_context_edge_film,gatv2,graph_c_context_observation,S5F2_energy,test,684,7696,,1,0.5039525628089905
sprint9_multiseed_S8A_R2_seed7_S8A_R2_context_edge_film,S8A_R2_context_edge_film,graph_c_gatv2_context_edge_film_interaction,gatv2_graph_c_sprint8a_context_edge_film,gatv2,graph_c_context_observation,S5F2_energy,test,685,7696,,1,0.43882909417152405
sprint9_multiseed_S8A_R2_seed7_S8A_R2_context_edge_film,S8A_R2_context_edge_film,graph_c_gatv2_context_edge_film_interaction,gatv2_graph_c_sprint8a_context_edge_film,gatv2,graph_c_context_observation,S5F2_energy,test,686,7696,,1,0.42624372243881226
sprint9_multiseed_S8A_R2_seed7_S8A_R2_context_edge_film,S8A_R2_context_edge_film,graph_c_gatv2_context_edge_film_interaction,gatv2_graph_c_sprint8a_context_edge_film,gatv2,graph_c_context_observation,S5F2_energy,test,687,7696,,1,0.38978078961372375
sprint9_multiseed_S8A_R2_seed7_S8A_R2_context_edge_film,S8A_R2_context_edge_film,graph_c_gatv2_context_edge_film_interaction,gatv2_graph_c_sprint8a_context_edge_film,gatv2,graph_c_context_observation,S5F2_energy,test,688,7696,,1,0.36508333683013916
sprint9_multiseed_S8A_R2_seed7_S8A_R2_context_edge_film,S8A_R2_context_edge_film,graph_c_gatv2_context_edge_film_interaction,gatv2_graph_c_sprint8a_context_edge_film,gatv2,graph_c_context_observation,S5F2_energy,test,689,7696,,1,0.4844917356967926
sprint9_multiseed_S8A_R2_seed7_S8A_R2_context_edge_film,S8A_R2_context_edge_film,graph_c_gatv2_context_edge_film_interaction,gatv2_graph_c_sprint8a_context_edge_film,gatv2,graph_c_context_observation,S5F2_energy,test,690,7696,,1,0.4477357268333435
sprint9_multiseed_S8A_R2_seed7_S8A_R2_context_edge_film,S8A_R2_context_edge_film,graph_c_gatv2_context_edge_film_interaction,gatv2_graph_c_sprint8a_context_edge_film,gatv2,graph_c_context_observation,S5F2_energy,test,691,7696,,1,0.4860756993293762
sprint9_multiseed_S8A_R2_seed7_S8A_R2_context_edge_film,S8A_R2_context_edge_film,graph_c_gatv2_context_edge_film_interaction,gatv2_graph_c_sprint8a_context_edge_film,gatv2,graph_c_context_observation,S5F2_energy,test,692,7696,,1,0.5211767554283142
sprint9_multiseed_S8A_R2_seed7_S8A_R2_context_edge_film,S8A_R2_context_edge_film,graph_c_gatv2_context_edge_film_interaction,gatv2_graph_c_sprint8a_context_edge_film,gatv2,graph_c_context_observation,S5F2_energy,test,693,7696,,1,0.4515434503555298
sprint9_multiseed_S8A_R2_seed7_S8A_R2_context_edge_film,S8A_R2_context_edge_film,graph_c_gatv2_context_edge_film_interaction,gatv2_graph_c_sprint8a_context_edge_film,gatv2,graph_c_context_observation,S5F2_energy,test,694,7696,,1,0.40638259053230286
sprint9_multiseed_S8A_R2_seed7_S8A_R2_context_edge_film,S8A_R2_context_edge_film,graph_c_gatv2_context_edge_film_interaction,gatv2_graph_c_sprint8a_context_edge_film,gatv2,graph_c_context_observation,S5F2_energy,test,695,7696,,1,0.44186970591545105
sprint9_multiseed_S8A_R2_seed7_S8A_R2_context_edge_film,S8A_R2_context_edge_film,graph_c_gatv2_context_edge_film_interaction,gatv2_graph_c_sprint8a_context_edge_film,gatv2,graph_c_context_observation,S5F2_energy,test,696,7696,,1,0.4299829602241516
sprint9_multiseed_S8A_R2_seed7_S8A_R2_context_edge_film,S8A_R2_context_edge_film,graph_c_gatv2_context_edge_film_interaction,gatv2_graph_c_sprint8a_context_edge_film,gatv2,graph_c_context_observation,S5F2_energy,test,697,7696,,1,0.4273505210876465
sprint9_multiseed_S8A_R2_seed7_S8A_R2_context_edge_film,S8A_R2_context_edge_film,graph_c_gatv2_context_edge_film_interaction,gatv2_graph_c_sprint8a_context_edge_film,gatv2,graph_c_context_observation,S5F2_energy,test,698,7696,,1,0.5192943811416626
sprint9_multiseed_S8A_R2_seed7_S8A_R2_context_edge_film,S8A_R2_context_edge_film,graph_c_gatv2_context_edge_film_interaction,gatv2_graph_c_sprint8a_context_edge_film,gatv2,graph_c_context_observation,S5F2_energy,test,699,7696,,1,0.4077770709991455
sprint9_multiseed_S8A_R2_seed7_S8A_R2_context_edge_film,S8A_R2_context_edge_film,graph_c_gatv2_context_edge_film_interaction,gatv2_graph_c_sprint8a_context_edge_film,gatv2,graph_c_context_observation,S5F2_energy,test,700,7696,,1,0.4373033344745636
sprint9_multiseed_S8A_R2_seed7_S8A_R2_context_edge_film,S8A_R2_context_edge_film,graph_c_gatv2_context_edge_film_interaction,gatv2_graph_c_sprint8a_context_edge_film,gatv2,graph_c_context_observation,S5F2_energy,test,701,7696,,1,0.3921474516391754
sprint9_multiseed_S8A_R2_seed7_S8A_R2_context_edge_film,S8A_R2_context_edge_film,graph_c_gatv2_context_edge_film_interaction,gatv2_graph_c_sprint8a_context_edge_film,gatv2,graph_c_context_observation,S5F2_energy,test,702,7696,,1,0.444291353225708
sprint9_multiseed_S8A_R2_seed7_S8A_R2_context_edge_film,S8A_R2_context_edge_film,graph_c_gatv2_context_edge_film_interaction,gatv2_graph_c_sprint8a_context_edge_film,gatv2,graph_c_context_observation,S5F2_energy,test,703,7696,,1,0.4790819585323334
sprint9_multiseed_S8A_R2_seed7_S8A_R2_context_edge_film,S8A_R2_context_edge_film,graph_c_gatv2_context_edge_film_interaction,gatv2_graph_c_sprint8a_context_edge_film,gatv2,graph_c_context_observation,S5F2_energy,test,704,7696,,1,0.45466601848602295
sprint9_multiseed_S8A_R2_seed7_S8A_R2_context_edge_film,S8A_R2_context_edge_film,graph_c_gatv2_context_edge_film_interaction,gatv2_graph_c_sprint8a_context_edge_film,gatv2,graph_c_context_observation,S5F2_energy,test,705,7696,,1,0.4606439471244812
sprint9_multiseed_S8A_R2_seed7_S8A_R2_context_edge_film,S8A_R2_context_edge_film,graph_c_gatv2_context_edge_film_interaction,gatv2_graph_c_sprint8a_context_edge_film,gatv2,graph_c_context_observation,S5F2_energy,test,706,7696,,1,0.4701043665409088
sprint9_multiseed_S8A_R2_seed7_S8A_R2_context_edge_film,S8A_R2_context_edge_film,graph_c_gatv2_context_edge_film_interaction,gatv2_graph_c_sprint8a_context_edge_film,gatv2,graph_c_context_observation,S5F2_energy,test,707,7696,,1,0.4494342803955078
sprint9_multiseed_S8A_R2_seed7_S8A_R2_context_edge_film,S8A_R2_context_edge_film,graph_c_gatv2_context_edge_film_interaction,gatv2_graph_c_sprint8a_context_edge_film,gatv2,graph_c_context_observation,S5F2_energy,test,708,7696,,1,0.33858269453048706
sprint9_multiseed_S8A_R2_seed7_S8A_R2_context_edge_film,S8A_R2_context_edge_film,graph_c_gatv2_context_edge_film_interaction,gatv2_graph_c_sprint8a_context_edge_film,gatv2,graph_c_context_observation,S5F2_energy,test,709,7696,,1,0.37671834230422974
sprint9_multiseed_S8A_R2_seed7_S8A_R2_context_edge_film,S8A_R2_context_edge_film,graph_c_gatv2_context_edge_film_interaction,gatv2_graph_c_sprint8a_context_edge_film,gatv2,graph_c_context_observation,S5F2_energy,test,710,7696,,1,0.5670831203460693
sprint9_multiseed_S8A_R2_seed7_S8A_R2_context_edge_film,S8A_R2_context_edge_film,graph_c_gatv2_context_edge_film_interaction,gatv2_graph_c_sprint8a_context_edge_film,gatv2,graph_c_context_observation,S5F2_energy,test,711,7696,,1,0.42268046736717224
sprint9_multiseed_S8A_R2_seed7_S8A_R2_context_edge_film,S8A_R2_context_edge_film,graph_c_gatv2_context_edge_film_interaction,gatv2_graph_c_sprint8a_context_edge_film,gatv2,graph_c_context_observation,S5F2_energy,test,712,7696,,1,0.42702165246009827
sprint9_multiseed_S8A_R2_seed7_S8A_R2_context_edge_film,S8A_R2_context_edge_film,graph_c_gatv2_context_edge_film_interaction,gatv2_graph_c_sprint8a_context_edge_film,gatv2,graph_c_context_observation,S5F2_energy,test,713,7696,,1,0.4296811819076538
sprint9_multiseed_S8A_R2_seed7_S8A_R2_context_edge_film,S8A_R2_context_edge_film,graph_c_gatv2_context_edge_film_interaction,gatv2_graph_c_sprint8a_context_edge_film,gatv2,graph_c_context_observation,S5F2_energy,test,714,7696,,1,0.4591967463493347
sprint9_multiseed_S8A_R2_seed7_S8A_R2_context_edge_film,S8A_R2_context_edge_film,graph_c_gatv2_context_edge_film_interaction,gatv2_graph_c_sprint8a_context_edge_film,gatv2,graph_c_context_observation,S5F2_energy,test,715,7696,,1,0.48988616466522217
sprint9_multiseed_S8A_R2_seed7_S8A_R2_context_edge_film,S8A_R2_context_edge_film,graph_c_gatv2_context_edge_film_interaction,gatv2_graph_c_sprint8a_context_edge_film,gatv2,graph_c_context_observation,S5F2_energy,test,716,7696,,1,0.4887484014034271
sprint9_multiseed_S8A_R2_seed7_S8A_R2_context_edge_film,S8A_R2_context_edge_film,graph_c_gatv2_context_edge_film_interaction,gatv2_graph_c_sprint8a_context_edge_film,gatv2,graph_c_context_observation,S5F2_energy,test,717,7696,,1,0.41962194442749023
sprint9_multiseed_S8A_R2_seed7_S8A_R2_context_edge_film,S8A_R2_context_edge_film,graph_c_gatv2_context_edge_film_interaction,gatv2_graph_c_sprint8a_context_edge_film,gatv2,graph_c_context_observation,S5F2_energy,test,718,7696,,1,0.4108794629573822
sprint9_multiseed_S8A_R2_seed7_S8A_R2_context_edge_film,S8A_R2_context_edge_film,graph_c_gatv2_context_edge_film_interaction,gatv2_graph_c_sprint8a_context_edge_film,gatv2,graph_c_context_observation,S5F2_energy,test,719,7696,,1,0.43764975666999817
sprint9_multiseed_S8A_R2_seed7_S8A_R2_context_edge_film,S8A_R2_context_edge_film,graph_c_gatv2_context_edge_film_interaction,gatv2_graph_c_sprint8a_context_edge_film,gatv2,graph_c_context_observation,S5F2_energy,test,720,7696,,1,0.4503391981124878
sprint9_multiseed_S8A_R2_seed7_S8A_R2_context_edge_film,S8A_R2_context_edge_film,graph_c_gatv2_context_edge_film_interaction,gatv2_graph_c_sprint8a_context_edge_film,gatv2,graph_c_context_observation,S5F2_energy,test,721,7696,,1,0.4807225167751312
sprint9_multiseed_S8A_R2_seed7_S8A_R2_context_edge_film,S8A_R2_context_edge_film,graph_c_gatv2_context_edge_film_interaction,gatv2_graph_c_sprint8a_context_edge_film,gatv2,graph_c_context_observation,S5F2_energy,test,722,7696,,1,0.45268499851226807
sprint9_multiseed_S8A_R2_seed7_S8A_R2_context_edge_film,S8A_R2_context_edge_film,graph_c_gatv2_context_edge_film_interaction,gatv2_graph_c_sprint8a_context_edge_film,gatv2,graph_c_context_observation,S5F2_energy,test,723,7696,,1,0.4629215598106384
sprint9_multiseed_S8A_R2_seed7_S8A_R2_context_edge_film,S8A_R2_context_edge_film,graph_c_gatv2_context_edge_film_interaction,gatv2_graph_c_sprint8a_context_edge_film,gatv2,graph_c_context_observation,S5F2_energy,test,724,7696,,1,0.45875638723373413
sprint9_multiseed_S8A_R2_seed7_S8A_R2_context_edge_film,S8A_R2_context_edge_film,graph_c_gatv2_context_edge_film_interaction,gatv2_graph_c_sprint8a_context_edge_film,gatv2,graph_c_context_observation,S5F2_energy,test,725,7696,,1,0.48671647906303406
sprint9_multiseed_S8A_R2_seed7_S8A_R2_context_edge_film,S8A_R2_context_edge_film,graph_c_gatv2_context_edge_film_interaction,gatv2_graph_c_sprint8a_context_edge_film,gatv2,graph_c_context_observation,S5F2_energy,test,726,7696,,1,0.4322032034397125
sprint9_multiseed_S8A_R2_seed7_S8A_R2_context_edge_film,S8A_R2_context_edge_film,graph_c_gatv2_context_edge_film_interaction,gatv2_graph_c_sprint8a_context_edge_film,gatv2,graph_c_context_observation,S5F2_energy,test,727,7696,,1,0.41625264286994934
sprint9_multiseed_S8A_R2_seed7_S8A_R2_context_edge_film,S8A_R2_context_edge_film,graph_c_gatv2_context_edge_film_interaction,gatv2_graph_c_sprint8a_context_edge_film,gatv2,graph_c_context_observation,S5F2_energy,test,728,7696,,1,0.4661846160888672
sprint9_multiseed_S8A_R2_seed7_S8A_R2_context_edge_film,S8A_R2_context_edge_film,graph_c_gatv2_context_edge_film_interaction,gatv2_graph_c_sprint8a_context_edge_film,gatv2,graph_c_context_observation,S5F2_energy,test,729,7696,,1,0.5423415303230286
sprint9_multiseed_S8A_R2_seed7_S8A_R2_context_edge_film,S8A_R2_context_edge_film,graph_c_gatv2_context_edge_film_interaction,gatv2_graph_c_sprint8a_context_edge_film,gatv2,graph_c_context_observation,S5F2_energy,test,730,7696,,1,0.4367680847644806
sprint9_multiseed_S8A_R2_seed7_S8A_R2_context_edge_film,S8A_R2_context_edge_film,graph_c_gatv2_context_edge_film_interaction,gatv2_graph_c_sprint8a_context_edge_film,gatv2,graph_c_context_observation,S5F2_energy,test,731,7696,,1,0.47668883204460144
sprint9_multiseed_S8A_R2_seed7_S8A_R2_context_edge_film,S8A_R2_context_edge_film,graph_c_gatv2_context_edge_film_interaction,gatv2_graph_c_sprint8a_context_edge_film,gatv2,graph_c_context_observation,S5F2_energy,test,732,7696,,1,0.42466551065444946
sprint9_multiseed_S8A_R2_seed7_S8A_R2_context_edge_film,S8A_R2_context_edge_film,graph_c_gatv2_context_edge_film_interaction,gatv2_graph_c_sprint8a_context_edge_film,gatv2,graph_c_context_observation,S5F2_energy,test,733,7696,,1,0.40779685974121094
sprint9_multiseed_S8A_R2_seed7_S8A_R2_context_edge_film,S8A_R2_context_edge_film,graph_c_gatv2_context_edge_film_interaction,gatv2_graph_c_sprint8a_context_edge_film,gatv2,graph_c_context_observation,S5F2_energy,test,734,7696,,1,0.5221315622329712
sprint9_multiseed_S8A_R2_seed7_S8A_R2_context_edge_film,S8A_R2_context_edge_film,graph_c_gatv2_context_edge_film_interaction,gatv2_graph_c_sprint8a_context_edge_film,gatv2,graph_c_context_observation,S5F2_energy,test,735,7696,,1,0.41551196575164795
sprint9_multiseed_S8A_R2_seed7_S8A_R2_context_edge_film,S8A_R2_context_edge_film,graph_c_gatv2_context_edge_film_interaction,gatv2_graph_c_sprint8a_context_edge_film,gatv2,graph_c_context_observation,S5F2_energy,test,736,7696,,1,0.45026227831840515
sprint9_multiseed_S8A_R2_seed7_S8A_R2_context_edge_film,S8A_R2_context_edge_film,graph_c_gatv2_context_edge_film_interaction,gatv2_graph_c_sprint8a_context_edge_film,gatv2,graph_c_context_observation,S5F2_energy,test,737,7696,,1,0.4869796335697174
sprint9_multiseed_S8A_R2_seed7_S8A_R2_context_edge_film,S8A_R2_context_edge_film,graph_c_gatv2_context_edge_film_interaction,gatv2_graph_c_sprint8a_context_edge_film,gatv2,graph_c_context_observation,S5F2_energy,test,738,7696,,1,0.42293253540992737
sprint9_multiseed_S8A_R2_seed7_S8A_R2_context_edge_film,S8A_R2_context_edge_film,graph_c_gatv2_context_edge_film_interaction,gatv2_graph_c_sprint8a_context_edge_film,gatv2,graph_c_context_observation,S5F2_energy,test,739,7696,,1,0.4739004075527191
sprint9_multiseed_S8A_R2_seed7_S8A_R2_context_edge_film,S8A_R2_context_edge_film,graph_c_gatv2_context_edge_film_interaction,gatv2_graph_c_sprint8a_context_edge_film,gatv2,graph_c_context_observation,S5F2_energy,test,740,7696,,1,0.44663292169570923
sprint9_multiseed_S8A_R2_seed7_S8A_R2_context_edge_film,S8A_R2_context_edge_film,graph_c_gatv2_context_edge_film_interaction,gatv2_graph_c_sprint8a_context_edge_film,gatv2,graph_c_context_observation,S5F2_energy,test,741,7696,,1,0.4420601725578308
sprint9_multiseed_S8A_R2_seed7_S8A_R2_context_edge_film,S8A_R2_context_edge_film,graph_c_gatv2_context_edge_film_interaction,gatv2_graph_c_sprint8a_context_edge_film,gatv2,graph_c_context_observation,S5F2_energy,test,742,7696,,1,0.46594658493995667
sprint9_multiseed_S8A_R2_seed7_S8A_R2_context_edge_film,S8A_R2_context_edge_film,graph_c_gatv2_context_edge_film_interaction,gatv2_graph_c_sprint8a_context_edge_film,gatv2,graph_c_context_observation,S5F2_energy,test,743,7696,,1,0.4520813524723053
sprint9_multiseed_S8A_R2_seed7_S8A_R2_context_edge_film,S8A_R2_context_edge_film,graph_c_gatv2_context_edge_film_interaction,gatv2_graph_c_sprint8a_context_edge_film,gatv2,graph_c_context_observation,S5F2_energy,test,744,7696,,1,0.3326055407524109
sprint9_multiseed_S8A_R2_seed7_S8A_R2_context_edge_film,S8A_R2_context_edge_film,graph_c_gatv2_context_edge_film_interaction,gatv2_graph_c_sprint8a_context_edge_film,gatv2,graph_c_context_observation,S5F2_energy,test,745,7696,,1,0.4885566830635071
sprint9_multiseed_S8A_R2_seed7_S8A_R2_context_edge_film,S8A_R2_context_edge_film,graph_c_gatv2_context_edge_film_interaction,gatv2_graph_c_sprint8a_context_edge_film,gatv2,graph_c_context_observation,S5F2_energy,test,746,7696,,1,0.4549003839492798
sprint9_multiseed_S8A_R2_seed7_S8A_R2_context_edge_film,S8A_R2_context_edge_film,graph_c_gatv2_context_edge_film_interaction,gatv2_graph_c_sprint8a_context_edge_film,gatv2,graph_c_context_observation,S5F2_energy,test,747,7696,,1,0.36420467495918274
sprint9_multiseed_S8A_R2_seed7_S8A_R2_context_edge_film,S8A_R2_context_edge_film,graph_c_gatv2_context_edge_film_interaction,gatv2_graph_c_sprint8a_context_edge_film,gatv2,graph_c_context_observation,S5F2_energy,test,748,7696,,1,0.4270085096359253
sprint9_multiseed_S8A_R2_seed7_S8A_R2_context_edge_film,S8A_R2_context_edge_film,graph_c_gatv2_context_edge_film_interaction,gatv2_graph_c_sprint8a_context_edge_film,gatv2,graph_c_context_observation,S5F2_energy,test,749,7696,,1,0.5261176228523254
sprint9_multiseed_S8A_R2_seed7_S8A_R2_context_edge_film,S8A_R2_context_edge_film,graph_c_gatv2_context_edge_film_interaction,gatv2_graph_c_sprint8a_context_edge_film,gatv2,graph_c_context_observation,S5F2_energy,test,750,7696,,1,0.42663949728012085
sprint9_multiseed_S8A_R2_seed7_S8A_R2_context_edge_film,S8A_R2_context_edge_film,graph_c_gatv2_context_edge_film_interaction,gatv2_graph_c_sprint8a_context_edge_film,gatv2,graph_c_context_observation,S5F2_energy,test,751,7696,,1,0.4519832134246826
sprint9_multiseed_S8A_R2_seed7_S8A_R2_context_edge_film,S8A_R2_context_edge_film,graph_c_gatv2_context_edge_film_interaction,gatv2_graph_c_sprint8a_context_edge_film,gatv2,graph_c_context_observation,S5F2_energy,test,752,7696,,1,0.4947611391544342
sprint9_multiseed_S8A_R2_seed7_S8A_R2_context_edge_film,S8A_R2_context_edge_film,graph_c_gatv2_context_edge_film_interaction,gatv2_graph_c_sprint8a_context_edge_film,gatv2,graph_c_context_observation,S5F2_energy,test,753,7696,,1,0.40821704268455505
sprint9_multiseed_S8A_R2_seed7_S8A_R2_context_edge_film,S8A_R2_context_edge_film,graph_c_gatv2_context_edge_film_interaction,gatv2_graph_c_sprint8a_context_edge_film,gatv2,graph_c_context_observation,S5F2_energy,test,754,7696,,1,0.5007787942886353
sprint9_multiseed_S8A_R2_seed7_S8A_R2_context_edge_film,S8A_R2_context_edge_film,graph_c_gatv2_context_edge_film_interaction,gatv2_graph_c_sprint8a_context_edge_film,gatv2,graph_c_context_observation,S5F2_energy,test,755,7696,,1,0.4039772152900696
sprint9_multiseed_S8A_R2_seed7_S8A_R2_context_edge_film,S8A_R2_context_edge_film,graph_c_gatv2_context_edge_film_interaction,gatv2_graph_c_sprint8a_context_edge_film,gatv2,graph_c_context_observation,S5F2_energy,test,756,7696,,1,0.4094395041465759
sprint9_multiseed_S8A_R2_seed7_S8A_R2_context_edge_film,S8A_R2_context_edge_film,graph_c_gatv2_context_edge_film_interaction,gatv2_graph_c_sprint8a_context_edge_film,gatv2,graph_c_context_observation,S5F2_energy,test,757,7696,,1,0.4978713095188141
sprint9_multiseed_S8A_R2_seed7_S8A_R2_context_edge_film,S8A_R2_context_edge_film,graph_c_gatv2_context_edge_film_interaction,gatv2_graph_c_sprint8a_context_edge_film,gatv2,graph_c_context_observation,S5F2_energy,test,758,7696,,1,0.44924676418304443
sprint9_multiseed_S8A_R2_seed7_S8A_R2_context_edge_film,S8A_R2_context_edge_film,graph_c_gatv2_context_edge_film_interaction,gatv2_graph_c_sprint8a_context_edge_film,gatv2,graph_c_context_observation,S5F2_energy,test,759,7696,,1,0.44011491537094116
sprint9_multiseed_S8A_R2_seed7_S8A_R2_context_edge_film,S8A_R2_context_edge_film,graph_c_gatv2_context_edge_film_interaction,gatv2_graph_c_sprint8a_context_edge_film,gatv2,graph_c_context_observation,S5F2_energy,test,760,7696,,1,0.5182005167007446
sprint9_multiseed_S8A_R2_seed7_S8A_R2_context_edge_film,S8A_R2_context_edge_film,graph_c_gatv2_context_edge_film_interaction,gatv2_graph_c_sprint8a_context_edge_film,gatv2,graph_c_context_observation,S5F2_energy,test,761,7696,,1,0.4586869478225708
sprint9_multiseed_S8A_R2_seed7_S8A_R2_context_edge_film,S8A_R2_context_edge_film,graph_c_gatv2_context_edge_film_interaction,gatv2_graph_c_sprint8a_context_edge_film,gatv2,graph_c_context_observation,S5F2_energy,test,762,7696,,1,0.46346813440322876
sprint9_multiseed_S8A_R2_seed7_S8A_R2_context_edge_film,S8A_R2_context_edge_film,graph_c_gatv2_context_edge_film_interaction,gatv2_graph_c_sprint8a_context_edge_film,gatv2,graph_c_context_observation,S5F2_energy,test,763,7696,,1,0.4693126976490021
sprint9_multiseed_S8A_R2_seed7_S8A_R2_context_edge_film,S8A_R2_context_edge_film,graph_c_gatv2_context_edge_film_interaction,gatv2_graph_c_sprint8a_context_edge_film,gatv2,graph_c_context_observation,S5F2_energy,test,764,7696,,1,0.4141639769077301
sprint9_multiseed_S8A_R2_seed7_S8A_R2_context_edge_film,S8A_R2_context_edge_film,graph_c_gatv2_context_edge_film_interaction,gatv2_graph_c_sprint8a_context_edge_film,gatv2,graph_c_context_observation,S5F2_energy,test,765,7696,,1,0.46920740604400635
sprint9_multiseed_S8A_R2_seed7_S8A_R2_context_edge_film,S8A_R2_context_edge_film,graph_c_gatv2_context_edge_film_interaction,gatv2_graph_c_sprint8a_context_edge_film,gatv2,graph_c_context_observation,S5F2_energy,test,766,7696,,1,0.49242040514945984
sprint9_multiseed_S8A_R2_seed7_S8A_R2_context_edge_film,S8A_R2_context_edge_film,graph_c_gatv2_context_edge_film_interaction,gatv2_graph_c_sprint8a_context_edge_film,gatv2,graph_c_context_observation,S5F2_energy,test,767,7696,,1,0.33957135677337646
sprint9_multiseed_S8A_R2_seed7_S8A_R2_context_edge_film,S8A_R2_context_edge_film,graph_c_gatv2_context_edge_film_interaction,gatv2_graph_c_sprint8a_context_edge_film,gatv2,graph_c_context_observation,S5F2_energy,test,768,8319,,1,0.6619526147842407
sprint9_multiseed_S8A_R2_seed7_S8A_R2_context_edge_film,S8A_R2_context_edge_film,graph_c_gatv2_context_edge_film_interaction,gatv2_graph_c_sprint8a_context_edge_film,gatv2,graph_c_context_observation,S5F2_energy,test,769,8319,,1,0.5409321784973145
sprint9_multiseed_S8A_R2_seed7_S8A_R2_context_edge_film,S8A_R2_context_edge_film,graph_c_gatv2_context_edge_film_interaction,gatv2_graph_c_sprint8a_context_edge_film,gatv2,graph_c_context_observation,S5F2_energy,test,770,8319,,1,0.4167628586292267
sprint9_multiseed_S8A_R2_seed7_S8A_R2_context_edge_film,S8A_R2_context_edge_film,graph_c_gatv2_context_edge_film_interaction,gatv2_graph_c_sprint8a_context_edge_film,gatv2,graph_c_context_observation,S5F2_energy,test,771,8319,,1,0.37211874127388
sprint9_multiseed_S8A_R2_seed7_S8A_R2_context_edge_film,S8A_R2_context_edge_film,graph_c_gatv2_context_edge_film_interaction,gatv2_graph_c_sprint8a_context_edge_film,gatv2,graph_c_context_observation,S5F2_energy,test,772,8319,,1,0.4440160095691681
sprint9_multiseed_S8A_R2_seed7_S8A_R2_context_edge_film,S8A_R2_context_edge_film,graph_c_gatv2_context_edge_film_interaction,gatv2_graph_c_sprint8a_context_edge_film,gatv2,graph_c_context_observation,S5F2_energy,test,773,8319,,1,0.3996410667896271
sprint9_multiseed_S8A_R2_seed7_S8A_R2_context_edge_film,S8A_R2_context_edge_film,graph_c_gatv2_context_edge_film_interaction,gatv2_graph_c_sprint8a_context_edge_film,gatv2,graph_c_context_observation,S5F2_energy,test,774,8319,,1,0.407132625579834
sprint9_multiseed_S8A_R2_seed7_S8A_R2_context_edge_film,S8A_R2_context_edge_film,graph_c_gatv2_context_edge_film_interaction,gatv2_graph_c_sprint8a_context_edge_film,gatv2,graph_c_context_observation,S5F2_energy,test,775,8319,,1,0.4203059673309326
sprint9_multiseed_S8A_R2_seed7_S8A_R2_context_edge_film,S8A_R2_context_edge_film,graph_c_gatv2_context_edge_film_interaction,gatv2_graph_c_sprint8a_context_edge_film,gatv2,graph_c_context_observation,S5F2_energy,test,776,8319,,1,0.40213748812675476
sprint9_multiseed_S8A_R2_seed7_S8A_R2_context_edge_film,S8A_R2_context_edge_film,graph_c_gatv2_context_edge_film_interaction,gatv2_graph_c_sprint8a_context_edge_film,gatv2,graph_c_context_observation,S5F2_energy,test,777,8319,,1,0.43858781456947327
sprint9_multiseed_S8A_R2_seed7_S8A_R2_context_edge_film,S8A_R2_context_edge_film,graph_c_gatv2_context_edge_film_interaction,gatv2_graph_c_sprint8a_context_edge_film,gatv2,graph_c_context_observation,S5F2_energy,test,778,8319,,1,0.4278523325920105
sprint9_multiseed_S8A_R2_seed7_S8A_R2_context_edge_film,S8A_R2_context_edge_film,graph_c_gatv2_context_edge_film_interaction,gatv2_graph_c_sprint8a_context_edge_film,gatv2,graph_c_context_observation,S5F2_energy,test,779,8319,,1,0.3511965572834015
sprint9_multiseed_S8A_R2_seed7_S8A_R2_context_edge_film,S8A_R2_context_edge_film,graph_c_gatv2_context_edge_film_interaction,gatv2_graph_c_sprint8a_context_edge_film,gatv2,graph_c_context_observation,S5F2_energy,test,780,8319,,1,0.4562746584415436
sprint9_multiseed_S8A_R2_seed7_S8A_R2_context_edge_film,S8A_R2_context_edge_film,graph_c_gatv2_context_edge_film_interaction,gatv2_graph_c_sprint8a_context_edge_film,gatv2,graph_c_context_observation,S5F2_energy,test,781,8319,,1,0.48077288269996643
sprint9_multiseed_S8A_R2_seed7_S8A_R2_context_edge_film,S8A_R2_context_edge_film,graph_c_gatv2_context_edge_film_interaction,gatv2_graph_c_sprint8a_context_edge_film,gatv2,graph_c_context_observation,S5F2_energy,test,782,8319,,1,0.4554353952407837
sprint9_multiseed_S8A_R2_seed7_S8A_R2_context_edge_film,S8A_R2_context_edge_film,graph_c_gatv2_context_edge_film_interaction,gatv2_graph_c_sprint8a_context_edge_film,gatv2,graph_c_context_observation,S5F2_energy,test,783,8319,,1,0.37934157252311707
sprint9_multiseed_S8A_R2_seed7_S8A_R2_context_edge_film,S8A_R2_context_edge_film,graph_c_gatv2_context_edge_film_interaction,gatv2_graph_c_sprint8a_context_edge_film,gatv2,graph_c_context_observation,S5F2_energy,test,784,8319,,1,0.49077343940734863
sprint9_multiseed_S8A_R2_seed7_S8A_R2_context_edge_film,S8A_R2_context_edge_film,graph_c_gatv2_context_edge_film_interaction,gatv2_graph_c_sprint8a_context_edge_film,gatv2,graph_c_context_observation,S5F2_energy,test,785,8319,,1,0.41683703660964966
sprint9_multiseed_S8A_R2_seed7_S8A_R2_context_edge_film,S8A_R2_context_edge_film,graph_c_gatv2_context_edge_film_interaction,gatv2_graph_c_sprint8a_context_edge_film,gatv2,graph_c_context_observation,S5F2_energy,test,786,8319,,1,0.4666125774383545
sprint9_multiseed_S8A_R2_seed7_S8A_R2_context_edge_film,S8A_R2_context_edge_film,graph_c_gatv2_context_edge_film_interaction,gatv2_graph_c_sprint8a_context_edge_film,gatv2,graph_c_context_observation,S5F2_energy,test,787,8319,,1,0.37997227907180786
sprint9_multiseed_S8A_R2_seed7_S8A_R2_context_edge_film,S8A_R2_context_edge_film,graph_c_gatv2_context_edge_film_interaction,gatv2_graph_c_sprint8a_context_edge_film,gatv2,graph_c_context_observation,S5F2_energy,test,788,8319,,1,0.41799113154411316
sprint9_multiseed_S8A_R2_seed7_S8A_R2_context_edge_film,S8A_R2_context_edge_film,graph_c_gatv2_context_edge_film_interaction,gatv2_graph_c_sprint8a_context_edge_film,gatv2,graph_c_context_observation,S5F2_energy,test,789,8319,,1,0.45237067341804504
sprint9_multiseed_S8A_R2_seed7_S8A_R2_context_edge_film,S8A_R2_context_edge_film,graph_c_gatv2_context_edge_film_interaction,gatv2_graph_c_sprint8a_context_edge_film,gatv2,graph_c_context_observation,S5F2_energy,test,790,8319,,1,0.3811144530773163
sprint9_multiseed_S8A_R2_seed7_S8A_R2_context_edge_film,S8A_R2_context_edge_film,graph_c_gatv2_context_edge_film_interaction,gatv2_graph_c_sprint8a_context_edge_film,gatv2,graph_c_context_observation,S5F2_energy,test,791,8319,,1,0.5296511650085449
sprint9_multiseed_S8A_R2_seed7_S8A_R2_context_edge_film,S8A_R2_context_edge_film,graph_c_gatv2_context_edge_film_interaction,gatv2_graph_c_sprint8a_context_edge_film,gatv2,graph_c_context_observation,S5F2_energy,test,792,8319,,1,0.41948947310447693
sprint9_multiseed_S8A_R2_seed7_S8A_R2_context_edge_film,S8A_R2_context_edge_film,graph_c_gatv2_context_edge_film_interaction,gatv2_graph_c_sprint8a_context_edge_film,gatv2,graph_c_context_observation,S5F2_energy,test,793,8319,,1,0.5095899701118469
sprint9_multiseed_S8A_R2_seed7_S8A_R2_context_edge_film,S8A_R2_context_edge_film,graph_c_gatv2_context_edge_film_interaction,gatv2_graph_c_sprint8a_context_edge_film,gatv2,graph_c_context_observation,S5F2_energy,test,794,8319,,1,0.4214530289173126
sprint9_multiseed_S8A_R2_seed7_S8A_R2_context_edge_film,S8A_R2_context_edge_film,graph_c_gatv2_context_edge_film_interaction,gatv2_graph_c_sprint8a_context_edge_film,gatv2,graph_c_context_observation,S5F2_energy,test,795,8319,,1,0.5030805468559265
sprint9_multiseed_S8A_R2_seed7_S8A_R2_context_edge_film,S8A_R2_context_edge_film,graph_c_gatv2_context_edge_film_interaction,gatv2_graph_c_sprint8a_context_edge_film,gatv2,graph_c_context_observation,S5F2_energy,test,796,8319,,1,0.37845924496650696
sprint9_multiseed_S8A_R2_seed7_S8A_R2_context_edge_film,S8A_R2_context_edge_film,graph_c_gatv2_context_edge_film_interaction,gatv2_graph_c_sprint8a_context_edge_film,gatv2,graph_c_context_observation,S5F2_energy,test,797,8319,,1,0.40508607029914856
sprint9_multiseed_S8A_R2_seed7_S8A_R2_context_edge_film,S8A_R2_context_edge_film,graph_c_gatv2_context_edge_film_interaction,gatv2_graph_c_sprint8a_context_edge_film,gatv2,graph_c_context_observation,S5F2_energy,test,798,8319,,1,0.4895651042461395
sprint9_multiseed_S8A_R2_seed7_S8A_R2_context_edge_film,S8A_R2_context_edge_film,graph_c_gatv2_context_edge_film_interaction,gatv2_graph_c_sprint8a_context_edge_film,gatv2,graph_c_context_observation,S5F2_energy,test,799,8319,,1,0.36245545744895935
sprint9_multiseed_S8A_R2_seed7_S8A_R2_context_edge_film,S8A_R2_context_edge_film,graph_c_gatv2_context_edge_film_interaction,gatv2_graph_c_sprint8a_context_edge_film,gatv2,graph_c_context_observation,S5F2_energy,test,800,8319,,1,0.3109498918056488
sprint9_multiseed_S8A_R2_seed7_S8A_R2_context_edge_film,S8A_R2_context_edge_film,graph_c_gatv2_context_edge_film_interaction,gatv2_graph_c_sprint8a_context_edge_film,gatv2,graph_c_context_observation,S5F2_energy,test,801,8319,,1,0.3856593072414398
sprint9_multiseed_S8A_R2_seed7_S8A_R2_context_edge_film,S8A_R2_context_edge_film,graph_c_gatv2_context_edge_film_interaction,gatv2_graph_c_sprint8a_context_edge_film,gatv2,graph_c_context_observation,S5F2_energy,test,802,8319,,1,0.4548477530479431
sprint9_multiseed_S8A_R2_seed7_S8A_R2_context_edge_film,S8A_R2_context_edge_film,graph_c_gatv2_context_edge_film_interaction,gatv2_graph_c_sprint8a_context_edge_film,gatv2,graph_c_context_observation,S5F2_energy,test,803,8319,,1,0.36876925826072693
sprint9_multiseed_S8A_R2_seed7_S8A_R2_context_edge_film,S8A_R2_context_edge_film,graph_c_gatv2_context_edge_film_interaction,gatv2_graph_c_sprint8a_context_edge_film,gatv2,graph_c_context_observation,S5F2_energy,test,804,8319,,1,0.3744608163833618
sprint9_multiseed_S8A_R2_seed7_S8A_R2_context_edge_film,S8A_R2_context_edge_film,graph_c_gatv2_context_edge_film_interaction,gatv2_graph_c_sprint8a_context_edge_film,gatv2,graph_c_context_observation,S5F2_energy,test,805,8319,,1,0.3797217607498169
sprint9_multiseed_S8A_R2_seed7_S8A_R2_context_edge_film,S8A_R2_context_edge_film,graph_c_gatv2_context_edge_film_interaction,gatv2_graph_c_sprint8a_context_edge_film,gatv2,graph_c_context_observation,S5F2_energy,test,806,8319,,1,0.40225839614868164
sprint9_multiseed_S8A_R2_seed7_S8A_R2_context_edge_film,S8A_R2_context_edge_film,graph_c_gatv2_context_edge_film_interaction,gatv2_graph_c_sprint8a_context_edge_film,gatv2,graph_c_context_observation,S5F2_energy,test,807,8319,,1,0.4340131878852844
sprint9_multiseed_S8A_R2_seed7_S8A_R2_context_edge_film,S8A_R2_context_edge_film,graph_c_gatv2_context_edge_film_interaction,gatv2_graph_c_sprint8a_context_edge_film,gatv2,graph_c_context_observation,S5F2_energy,test,808,8319,,1,0.36137327551841736
sprint9_multiseed_S8A_R2_seed7_S8A_R2_context_edge_film,S8A_R2_context_edge_film,graph_c_gatv2_context_edge_film_interaction,gatv2_graph_c_sprint8a_context_edge_film,gatv2,graph_c_context_observation,S5F2_energy,test,809,8319,,1,0.5959171056747437
sprint9_multiseed_S8A_R2_seed7_S8A_R2_context_edge_film,S8A_R2_context_edge_film,graph_c_gatv2_context_edge_film_interaction,gatv2_graph_c_sprint8a_context_edge_film,gatv2,graph_c_context_observation,S5F2_energy,test,810,8319,,1,0.4149487018585205
sprint9_multiseed_S8A_R2_seed7_S8A_R2_context_edge_film,S8A_R2_context_edge_film,graph_c_gatv2_context_edge_film_interaction,gatv2_graph_c_sprint8a_context_edge_film,gatv2,graph_c_context_observation,S5F2_energy,test,811,8319,,1,0.42205750942230225
sprint9_multiseed_S8A_R2_seed7_S8A_R2_context_edge_film,S8A_R2_context_edge_film,graph_c_gatv2_context_edge_film_interaction,gatv2_graph_c_sprint8a_context_edge_film,gatv2,graph_c_context_observation,S5F2_energy,test,812,8319,,1,0.33053794503211975
sprint9_multiseed_S8A_R2_seed7_S8A_R2_context_edge_film,S8A_R2_context_edge_film,graph_c_gatv2_context_edge_film_interaction,gatv2_graph_c_sprint8a_context_edge_film,gatv2,graph_c_context_observation,S5F2_energy,test,813,8319,,1,0.3849511444568634
sprint9_multiseed_S8A_R2_seed7_S8A_R2_context_edge_film,S8A_R2_context_edge_film,graph_c_gatv2_context_edge_film_interaction,gatv2_graph_c_sprint8a_context_edge_film,gatv2,graph_c_context_observation,S5F2_energy,test,814,8319,,1,0.42800208926200867
sprint9_multiseed_S8A_R2_seed7_S8A_R2_context_edge_film,S8A_R2_context_edge_film,graph_c_gatv2_context_edge_film_interaction,gatv2_graph_c_sprint8a_context_edge_film,gatv2,graph_c_context_observation,S5F2_energy,test,815,8319,,1,0.40834522247314453
sprint9_multiseed_S8A_R2_seed7_S8A_R2_context_edge_film,S8A_R2_context_edge_film,graph_c_gatv2_context_edge_film_interaction,gatv2_graph_c_sprint8a_context_edge_film,gatv2,graph_c_context_observation,S5F2_energy,test,816,8319,,1,0.3552953004837036
sprint9_multiseed_S8A_R2_seed7_S8A_R2_context_edge_film,S8A_R2_context_edge_film,graph_c_gatv2_context_edge_film_interaction,gatv2_graph_c_sprint8a_context_edge_film,gatv2,graph_c_context_observation,S5F2_energy,test,817,8319,,1,0.34188082814216614
sprint9_multiseed_S8A_R2_seed7_S8A_R2_context_edge_film,S8A_R2_context_edge_film,graph_c_gatv2_context_edge_film_interaction,gatv2_graph_c_sprint8a_context_edge_film,gatv2,graph_c_context_observation,S5F2_energy,test,818,8319,,1,0.42658013105392456
sprint9_multiseed_S8A_R2_seed7_S8A_R2_context_edge_film,S8A_R2_context_edge_film,graph_c_gatv2_context_edge_film_interaction,gatv2_graph_c_sprint8a_context_edge_film,gatv2,graph_c_context_observation,S5F2_energy,test,819,8319,,1,0.3866800367832184
sprint9_multiseed_S8A_R2_seed7_S8A_R2_context_edge_film,S8A_R2_context_edge_film,graph_c_gatv2_context_edge_film_interaction,gatv2_graph_c_sprint8a_context_edge_film,gatv2,graph_c_context_observation,S5F2_energy,test,820,8319,,1,0.3667641580104828
sprint9_multiseed_S8A_R2_seed7_S8A_R2_context_edge_film,S8A_R2_context_edge_film,graph_c_gatv2_context_edge_film_interaction,gatv2_graph_c_sprint8a_context_edge_film,gatv2,graph_c_context_observation,S5F2_energy,test,821,8319,,1,0.3815878629684448
sprint9_multiseed_S8A_R2_seed7_S8A_R2_context_edge_film,S8A_R2_context_edge_film,graph_c_gatv2_context_edge_film_interaction,gatv2_graph_c_sprint8a_context_edge_film,gatv2,graph_c_context_observation,S5F2_energy,test,822,8319,,1,0.36762407422065735
sprint9_multiseed_S8A_R2_seed7_S8A_R2_context_edge_film,S8A_R2_context_edge_film,graph_c_gatv2_context_edge_film_interaction,gatv2_graph_c_sprint8a_context_edge_film,gatv2,graph_c_context_observation,S5F2_energy,test,823,8319,,1,0.42014625668525696
sprint9_multiseed_S8A_R2_seed7_S8A_R2_context_edge_film,S8A_R2_context_edge_film,graph_c_gatv2_context_edge_film_interaction,gatv2_graph_c_sprint8a_context_edge_film,gatv2,graph_c_context_observation,S5F2_energy,test,824,8319,,1,0.4160473644733429
sprint9_multiseed_S8A_R2_seed7_S8A_R2_context_edge_film,S8A_R2_context_edge_film,graph_c_gatv2_context_edge_film_interaction,gatv2_graph_c_sprint8a_context_edge_film,gatv2,graph_c_context_observation,S5F2_energy,test,825,8319,,1,0.41450411081314087
sprint9_multiseed_S8A_R2_seed7_S8A_R2_context_edge_film,S8A_R2_context_edge_film,graph_c_gatv2_context_edge_film_interaction,gatv2_graph_c_sprint8a_context_edge_film,gatv2,graph_c_context_observation,S5F2_energy,test,826,8319,,1,0.37822943925857544
sprint9_multiseed_S8A_R2_seed7_S8A_R2_context_edge_film,S8A_R2_context_edge_film,graph_c_gatv2_context_edge_film_interaction,gatv2_graph_c_sprint8a_context_edge_film,gatv2,graph_c_context_observation,S5F2_energy,test,827,8319,,1,0.41568779945373535
sprint9_multiseed_S8A_R2_seed7_S8A_R2_context_edge_film,S8A_R2_context_edge_film,graph_c_gatv2_context_edge_film_interaction,gatv2_graph_c_sprint8a_context_edge_film,gatv2,graph_c_context_observation,S5F2_energy,test,828,8319,,1,0.3786919414997101
sprint9_multiseed_S8A_R2_seed7_S8A_R2_context_edge_film,S8A_R2_context_edge_film,graph_c_gatv2_context_edge_film_interaction,gatv2_graph_c_sprint8a_context_edge_film,gatv2,graph_c_context_observation,S5F2_energy,test,829,8319,,1,0.40195754170417786
sprint9_multiseed_S8A_R2_seed7_S8A_R2_context_edge_film,S8A_R2_context_edge_film,graph_c_gatv2_context_edge_film_interaction,gatv2_graph_c_sprint8a_context_edge_film,gatv2,graph_c_context_observation,S5F2_energy,test,830,8319,,1,0.3855625092983246
sprint9_multiseed_S8A_R2_seed7_S8A_R2_context_edge_film,S8A_R2_context_edge_film,graph_c_gatv2_context_edge_film_interaction,gatv2_graph_c_sprint8a_context_edge_film,gatv2,graph_c_context_observation,S5F2_energy,test,831,8319,,1,0.5047755241394043
sprint9_multiseed_S8A_R2_seed7_S8A_R2_context_edge_film,S8A_R2_context_edge_film,graph_c_gatv2_context_edge_film_interaction,gatv2_graph_c_sprint8a_context_edge_film,gatv2,graph_c_context_observation,S5F2_energy,test,832,8319,,1,0.4100572168827057
sprint9_multiseed_S8A_R2_seed7_S8A_R2_context_edge_film,S8A_R2_context_edge_film,graph_c_gatv2_context_edge_film_interaction,gatv2_graph_c_sprint8a_context_edge_film,gatv2,graph_c_context_observation,S5F2_energy,test,833,8319,,1,0.3802967369556427
sprint9_multiseed_S8A_R2_seed7_S8A_R2_context_edge_film,S8A_R2_context_edge_film,graph_c_gatv2_context_edge_film_interaction,gatv2_graph_c_sprint8a_context_edge_film,gatv2,graph_c_context_observation,S5F2_energy,test,834,8319,,1,0.40607452392578125
sprint9_multiseed_S8A_R2_seed7_S8A_R2_context_edge_film,S8A_R2_context_edge_film,graph_c_gatv2_context_edge_film_interaction,gatv2_graph_c_sprint8a_context_edge_film,gatv2,graph_c_context_observation,S5F2_energy,test,835,8319,,1,0.3563309609889984
sprint9_multiseed_S8A_R2_seed7_S8A_R2_context_edge_film,S8A_R2_context_edge_film,graph_c_gatv2_context_edge_film_interaction,gatv2_graph_c_sprint8a_context_edge_film,gatv2,graph_c_context_observation,S5F2_energy,test,836,8319,,1,0.4092490077018738
sprint9_multiseed_S8A_R2_seed7_S8A_R2_context_edge_film,S8A_R2_context_edge_film,graph_c_gatv2_context_edge_film_interaction,gatv2_graph_c_sprint8a_context_edge_film,gatv2,graph_c_context_observation,S5F2_energy,test,837,8319,,1,0.42672306299209595
sprint9_multiseed_S8A_R2_seed7_S8A_R2_context_edge_film,S8A_R2_context_edge_film,graph_c_gatv2_context_edge_film_interaction,gatv2_graph_c_sprint8a_context_edge_film,gatv2,graph_c_context_observation,S5F2_energy,test,838,8319,,1,0.5344194769859314
sprint9_multiseed_S8A_R2_seed7_S8A_R2_context_edge_film,S8A_R2_context_edge_film,graph_c_gatv2_context_edge_film_interaction,gatv2_graph_c_sprint8a_context_edge_film,gatv2,graph_c_context_observation,S5F2_energy,test,839,8319,,1,0.36397501826286316
sprint9_multiseed_S8A_R2_seed7_S8A_R2_context_edge_film,S8A_R2_context_edge_film,graph_c_gatv2_context_edge_film_interaction,gatv2_graph_c_sprint8a_context_edge_film,gatv2,graph_c_context_observation,S5F2_energy,test,840,8319,,1,0.43474552035331726
sprint9_multiseed_S8A_R2_seed7_S8A_R2_context_edge_film,S8A_R2_context_edge_film,graph_c_gatv2_context_edge_film_interaction,gatv2_graph_c_sprint8a_context_edge_film,gatv2,graph_c_context_observation,S5F2_energy,test,841,8319,,1,0.3582322895526886
sprint9_multiseed_S8A_R2_seed7_S8A_R2_context_edge_film,S8A_R2_context_edge_film,graph_c_gatv2_context_edge_film_interaction,gatv2_graph_c_sprint8a_context_edge_film,gatv2,graph_c_context_observation,S5F2_energy,test,842,8319,,1,0.4129545986652374
sprint9_multiseed_S8A_R2_seed7_S8A_R2_context_edge_film,S8A_R2_context_edge_film,graph_c_gatv2_context_edge_film_interaction,gatv2_graph_c_sprint8a_context_edge_film,gatv2,graph_c_context_observation,S5F2_energy,test,843,8319,,1,0.3413642346858978
sprint9_multiseed_S8A_R2_seed7_S8A_R2_context_edge_film,S8A_R2_context_edge_film,graph_c_gatv2_context_edge_film_interaction,gatv2_graph_c_sprint8a_context_edge_film,gatv2,graph_c_context_observation,S5F2_energy,test,844,8319,,1,0.42716890573501587
sprint9_multiseed_S8A_R2_seed7_S8A_R2_context_edge_film,S8A_R2_context_edge_film,graph_c_gatv2_context_edge_film_interaction,gatv2_graph_c_sprint8a_context_edge_film,gatv2,graph_c_context_observation,S5F2_energy,test,845,8319,,1,0.39182186126708984
sprint9_multiseed_S8A_R2_seed7_S8A_R2_context_edge_film,S8A_R2_context_edge_film,graph_c_gatv2_context_edge_film_interaction,gatv2_graph_c_sprint8a_context_edge_film,gatv2,graph_c_context_observation,S5F2_energy,test,846,8319,,1,0.429686576128006
sprint9_multiseed_S8A_R2_seed7_S8A_R2_context_edge_film,S8A_R2_context_edge_film,graph_c_gatv2_context_edge_film_interaction,gatv2_graph_c_sprint8a_context_edge_film,gatv2,graph_c_context_observation,S5F2_energy,test,847,8319,,1,0.5447703003883362
sprint9_multiseed_S8A_R2_seed7_S8A_R2_context_edge_film,S8A_R2_context_edge_film,graph_c_gatv2_context_edge_film_interaction,gatv2_graph_c_sprint8a_context_edge_film,gatv2,graph_c_context_observation,S5F2_energy,test,848,8319,,1,0.4352850615978241
sprint9_multiseed_S8A_R2_seed7_S8A_R2_context_edge_film,S8A_R2_context_edge_film,graph_c_gatv2_context_edge_film_interaction,gatv2_graph_c_sprint8a_context_edge_film,gatv2,graph_c_context_observation,S5F2_energy,test,849,8319,,1,0.42559221386909485
sprint9_multiseed_S8A_R2_seed7_S8A_R2_context_edge_film,S8A_R2_context_edge_film,graph_c_gatv2_context_edge_film_interaction,gatv2_graph_c_sprint8a_context_edge_film,gatv2,graph_c_context_observation,S5F2_energy,test,850,8319,,1,0.3674106299877167
sprint9_multiseed_S8A_R2_seed7_S8A_R2_context_edge_film,S8A_R2_context_edge_film,graph_c_gatv2_context_edge_film_interaction,gatv2_graph_c_sprint8a_context_edge_film,gatv2,graph_c_context_observation,S5F2_energy,test,851,8319,,1,0.40693461894989014
sprint9_multiseed_S8A_R2_seed7_S8A_R2_context_edge_film,S8A_R2_context_edge_film,graph_c_gatv2_context_edge_film_interaction,gatv2_graph_c_sprint8a_context_edge_film,gatv2,graph_c_context_observation,S5F2_energy,test,852,8319,,1,0.4654138386249542
sprint9_multiseed_S8A_R2_seed7_S8A_R2_context_edge_film,S8A_R2_context_edge_film,graph_c_gatv2_context_edge_film_interaction,gatv2_graph_c_sprint8a_context_edge_film,gatv2,graph_c_context_observation,S5F2_energy,test,853,8319,,1,0.37984439730644226
sprint9_multiseed_S8A_R2_seed7_S8A_R2_context_edge_film,S8A_R2_context_edge_film,graph_c_gatv2_context_edge_film_interaction,gatv2_graph_c_sprint8a_context_edge_film,gatv2,graph_c_context_observation,S5F2_energy,test,854,8319,,1,0.3595280051231384
sprint9_multiseed_S8A_R2_seed7_S8A_R2_context_edge_film,S8A_R2_context_edge_film,graph_c_gatv2_context_edge_film_interaction,gatv2_graph_c_sprint8a_context_edge_film,gatv2,graph_c_context_observation,S5F2_energy,test,855,8319,,1,0.3826233744621277
sprint9_multiseed_S8A_R2_seed7_S8A_R2_context_edge_film,S8A_R2_context_edge_film,graph_c_gatv2_context_edge_film_interaction,gatv2_graph_c_sprint8a_context_edge_film,gatv2,graph_c_context_observation,S5F2_energy,test,856,8319,,1,0.2894681692123413
sprint9_multiseed_S8A_R2_seed7_S8A_R2_context_edge_film,S8A_R2_context_edge_film,graph_c_gatv2_context_edge_film_interaction,gatv2_graph_c_sprint8a_context_edge_film,gatv2,graph_c_context_observation,S5F2_energy,test,857,8319,,1,0.4332132637500763
sprint9_multiseed_S8A_R2_seed7_S8A_R2_context_edge_film,S8A_R2_context_edge_film,graph_c_gatv2_context_edge_film_interaction,gatv2_graph_c_sprint8a_context_edge_film,gatv2,graph_c_context_observation,S5F2_energy,test,858,8319,,1,0.40649592876434326
sprint9_multiseed_S8A_R2_seed7_S8A_R2_context_edge_film,S8A_R2_context_edge_film,graph_c_gatv2_context_edge_film_interaction,gatv2_graph_c_sprint8a_context_edge_film,gatv2,graph_c_context_observation,S5F2_energy,test,859,8319,,1,0.4413103461265564
sprint9_multiseed_S8A_R2_seed7_S8A_R2_context_edge_film,S8A_R2_context_edge_film,graph_c_gatv2_context_edge_film_interaction,gatv2_graph_c_sprint8a_context_edge_film,gatv2,graph_c_context_observation,S5F2_energy,test,860,8319,,1,0.38677483797073364
sprint9_multiseed_S8A_R2_seed7_S8A_R2_context_edge_film,S8A_R2_context_edge_film,graph_c_gatv2_context_edge_film_interaction,gatv2_graph_c_sprint8a_context_edge_film,gatv2,graph_c_context_observation,S5F2_energy,test,861,8319,,1,0.42305469512939453
sprint9_multiseed_S8A_R2_seed7_S8A_R2_context_edge_film,S8A_R2_context_edge_film,graph_c_gatv2_context_edge_film_interaction,gatv2_graph_c_sprint8a_context_edge_film,gatv2,graph_c_context_observation,S5F2_energy,test,862,8319,,1,0.40524065494537354
sprint9_multiseed_S8A_R2_seed7_S8A_R2_context_edge_film,S8A_R2_context_edge_film,graph_c_gatv2_context_edge_film_interaction,gatv2_graph_c_sprint8a_context_edge_film,gatv2,graph_c_context_observation,S5F2_energy,test,863,8319,,1,0.4257110059261322
sprint9_multiseed_S8A_R2_seed7_S8A_R2_context_edge_film,S8A_R2_context_edge_film,graph_c_gatv2_context_edge_film_interaction,gatv2_graph_c_sprint8a_context_edge_film,gatv2,graph_c_context_observation,S5F2_energy,test,864,8319,,1,0.3852444887161255
sprint9_multiseed_S8A_R2_seed7_S8A_R2_context_edge_film,S8A_R2_context_edge_film,graph_c_gatv2_context_edge_film_interaction,gatv2_graph_c_sprint8a_context_edge_film,gatv2,graph_c_context_observation,S5F2_energy,test,865,8319,,1,0.34302663803100586
sprint9_multiseed_S8A_R2_seed7_S8A_R2_context_edge_film,S8A_R2_context_edge_film,graph_c_gatv2_context_edge_film_interaction,gatv2_graph_c_sprint8a_context_edge_film,gatv2,graph_c_context_observation,S5F2_energy,test,866,8319,,1,0.36411333084106445
sprint9_multiseed_S8A_R2_seed7_S8A_R2_context_edge_film,S8A_R2_context_edge_film,graph_c_gatv2_context_edge_film_interaction,gatv2_graph_c_sprint8a_context_edge_film,gatv2,graph_c_context_observation,S5F2_energy,test,867,8319,,1,0.36710089445114136
sprint9_multiseed_S8A_R2_seed7_S8A_R2_context_edge_film,S8A_R2_context_edge_film,graph_c_gatv2_context_edge_film_interaction,gatv2_graph_c_sprint8a_context_edge_film,gatv2,graph_c_context_observation,S5F2_energy,test,868,8319,,1,0.2967873513698578
sprint9_multiseed_S8A_R2_seed7_S8A_R2_context_edge_film,S8A_R2_context_edge_film,graph_c_gatv2_context_edge_film_interaction,gatv2_graph_c_sprint8a_context_edge_film,gatv2,graph_c_context_observation,S5F2_energy,test,869,8420,,1,0.7059550285339355
sprint9_multiseed_S8A_R2_seed7_S8A_R2_context_edge_film,S8A_R2_context_edge_film,graph_c_gatv2_context_edge_film_interaction,gatv2_graph_c_sprint8a_context_edge_film,gatv2,graph_c_context_observation,S5F2_energy,test,870,8420,,1,0.7282750606536865
sprint9_multiseed_S8A_R2_seed7_S8A_R2_context_edge_film,S8A_R2_context_edge_film,graph_c_gatv2_context_edge_film_interaction,gatv2_graph_c_sprint8a_context_edge_film,gatv2,graph_c_context_observation,S5F2_energy,test,871,8420,,1,0.6814913153648376
sprint9_multiseed_S8A_R2_seed7_S8A_R2_context_edge_film,S8A_R2_context_edge_film,graph_c_gatv2_context_edge_film_interaction,gatv2_graph_c_sprint8a_context_edge_film,gatv2,graph_c_context_observation,S5F2_energy,test,872,8420,,1,0.6101613640785217
sprint9_multiseed_S8A_R2_seed7_S8A_R2_context_edge_film,S8A_R2_context_edge_film,graph_c_gatv2_context_edge_film_interaction,gatv2_graph_c_sprint8a_context_edge_film,gatv2,graph_c_context_observation,S5F2_energy,test,873,8420,,1,0.57418292760849
sprint9_multiseed_S8A_R2_seed7_S8A_R2_context_edge_film,S8A_R2_context_edge_film,graph_c_gatv2_context_edge_film_interaction,gatv2_graph_c_sprint8a_context_edge_film,gatv2,graph_c_context_observation,S5F2_energy,test,874,8420,,1,0.6483480930328369
sprint9_multiseed_S8A_R2_seed7_S8A_R2_context_edge_film,S8A_R2_context_edge_film,graph_c_gatv2_context_edge_film_interaction,gatv2_graph_c_sprint8a_context_edge_film,gatv2,graph_c_context_observation,S5F2_energy,test,875,8420,,1,0.5845242142677307
sprint9_multiseed_S8A_R2_seed7_S8A_R2_context_edge_film,S8A_R2_context_edge_film,graph_c_gatv2_context_edge_film_interaction,gatv2_graph_c_sprint8a_context_edge_film,gatv2,graph_c_context_observation,S5F2_energy,test,876,8420,,1,0.6367291808128357
sprint9_multiseed_S8A_R2_seed7_S8A_R2_context_edge_film,S8A_R2_context_edge_film,graph_c_gatv2_context_edge_film_interaction,gatv2_graph_c_sprint8a_context_edge_film,gatv2,graph_c_context_observation,S5F2_energy,test,877,8420,,1,0.7499407529830933
sprint9_multiseed_S8A_R2_seed7_S8A_R2_context_edge_film,S8A_R2_context_edge_film,graph_c_gatv2_context_edge_film_interaction,gatv2_graph_c_sprint8a_context_edge_film,gatv2,graph_c_context_observation,S5F2_energy,test,878,8420,,1,0.6155675649642944
sprint9_multiseed_S8A_R2_seed7_S8A_R2_context_edge_film,S8A_R2_context_edge_film,graph_c_gatv2_context_edge_film_interaction,gatv2_graph_c_sprint8a_context_edge_film,gatv2,graph_c_context_observation,S5F2_energy,test,879,8420,,1,0.6879125237464905
sprint9_multiseed_S8A_R2_seed7_S8A_R2_context_edge_film,S8A_R2_context_edge_film,graph_c_gatv2_context_edge_film_interaction,gatv2_graph_c_sprint8a_context_edge_film,gatv2,graph_c_context_observation,S5F2_energy,test,880,8420,,1,0.6171696186065674
sprint9_multiseed_S8A_R2_seed7_S8A_R2_context_edge_film,S8A_R2_context_edge_film,graph_c_gatv2_context_edge_film_interaction,gatv2_graph_c_sprint8a_context_edge_film,gatv2,graph_c_context_observation,S5F2_energy,test,881,8420,,1,0.6198165416717529
sprint9_multiseed_S8A_R2_seed7_S8A_R2_context_edge_film,S8A_R2_context_edge_film,graph_c_gatv2_context_edge_film_interaction,gatv2_graph_c_sprint8a_context_edge_film,gatv2,graph_c_context_observation,S5F2_energy,test,882,8420,,1,0.5190346240997314
sprint9_multiseed_S8A_R2_seed7_S8A_R2_context_edge_film,S8A_R2_context_edge_film,graph_c_gatv2_context_edge_film_interaction,gatv2_graph_c_sprint8a_context_edge_film,gatv2,graph_c_context_observation,S5F2_energy,test,883,8420,,1,0.5961069464683533
sprint9_multiseed_S8A_R2_seed7_S8A_R2_context_edge_film,S8A_R2_context_edge_film,graph_c_gatv2_context_edge_film_interaction,gatv2_graph_c_sprint8a_context_edge_film,gatv2,graph_c_context_observation,S5F2_energy,test,884,8420,,1,0.5918834805488586
sprint9_multiseed_S8A_R2_seed7_S8A_R2_context_edge_film,S8A_R2_context_edge_film,graph_c_gatv2_context_edge_film_interaction,gatv2_graph_c_sprint8a_context_edge_film,gatv2,graph_c_context_observation,S5F2_energy,test,885,8420,,1,0.7005231380462646
sprint9_multiseed_S8A_R2_seed7_S8A_R2_context_edge_film,S8A_R2_context_edge_film,graph_c_gatv2_context_edge_film_interaction,gatv2_graph_c_sprint8a_context_edge_film,gatv2,graph_c_context_observation,S5F2_energy,test,886,8420,,1,0.6658887267112732
sprint9_multiseed_S8A_R2_seed7_S8A_R2_context_edge_film,S8A_R2_context_edge_film,graph_c_gatv2_context_edge_film_interaction,gatv2_graph_c_sprint8a_context_edge_film,gatv2,graph_c_context_observation,S5F2_energy,test,887,8420,,1,0.6478111743927002
sprint9_multiseed_S8A_R2_seed7_S8A_R2_context_edge_film,S8A_R2_context_edge_film,graph_c_gatv2_context_edge_film_interaction,gatv2_graph_c_sprint8a_context_edge_film,gatv2,graph_c_context_observation,S5F2_energy,test,888,8420,,1,0.6662451028823853
sprint9_multiseed_S8A_R2_seed7_S8A_R2_context_edge_film,S8A_R2_context_edge_film,graph_c_gatv2_context_edge_film_interaction,gatv2_graph_c_sprint8a_context_edge_film,gatv2,graph_c_context_observation,S5F2_energy,test,889,8420,,1,0.5641220808029175
sprint9_multiseed_S8A_R2_seed7_S8A_R2_context_edge_film,S8A_R2_context_edge_film,graph_c_gatv2_context_edge_film_interaction,gatv2_graph_c_sprint8a_context_edge_film,gatv2,graph_c_context_observation,S5F2_energy,test,890,8420,,1,0.5160068273544312
sprint9_multiseed_S8A_R2_seed7_S8A_R2_context_edge_film,S8A_R2_context_edge_film,graph_c_gatv2_context_edge_film_interaction,gatv2_graph_c_sprint8a_context_edge_film,gatv2,graph_c_context_observation,S5F2_energy,test,891,8420,,1,0.5379366874694824
sprint9_multiseed_S8A_R2_seed7_S8A_R2_context_edge_film,S8A_R2_context_edge_film,graph_c_gatv2_context_edge_film_interaction,gatv2_graph_c_sprint8a_context_edge_film,gatv2,graph_c_context_observation,S5F2_energy,test,892,8420,,1,0.6697884798049927
sprint9_multiseed_S8A_R2_seed7_S8A_R2_context_edge_film,S8A_R2_context_edge_film,graph_c_gatv2_context_edge_film_interaction,gatv2_graph_c_sprint8a_context_edge_film,gatv2,graph_c_context_observation,S5F2_energy,test,893,8420,,1,0.6459409594535828
sprint9_multiseed_S8A_R2_seed7_S8A_R2_context_edge_film,S8A_R2_context_edge_film,graph_c_gatv2_context_edge_film_interaction,gatv2_graph_c_sprint8a_context_edge_film,gatv2,graph_c_context_observation,S5F2_energy,test,894,8420,,1,0.6035270094871521
sprint9_multiseed_S8A_R2_seed7_S8A_R2_context_edge_film,S8A_R2_context_edge_film,graph_c_gatv2_context_edge_film_interaction,gatv2_graph_c_sprint8a_context_edge_film,gatv2,graph_c_context_observation,S5F2_energy,test,895,8420,,1,0.5847673416137695
sprint9_multiseed_S8A_R2_seed7_S8A_R2_context_edge_film,S8A_R2_context_edge_film,graph_c_gatv2_context_edge_film_interaction,gatv2_graph_c_sprint8a_context_edge_film,gatv2,graph_c_context_observation,S5F2_energy,test,896,8420,,1,0.5818676352500916
sprint9_multiseed_S8A_R2_seed7_S8A_R2_context_edge_film,S8A_R2_context_edge_film,graph_c_gatv2_context_edge_film_interaction,gatv2_graph_c_sprint8a_context_edge_film,gatv2,graph_c_context_observation,S5F2_energy,test,897,8420,,1,0.6200758218765259
sprint9_multiseed_S8A_R2_seed7_S8A_R2_context_edge_film,S8A_R2_context_edge_film,graph_c_gatv2_context_edge_film_interaction,gatv2_graph_c_sprint8a_context_edge_film,gatv2,graph_c_context_observation,S5F2_energy,test,898,8420,,1,0.616328775882721
sprint9_multiseed_S8A_R2_seed7_S8A_R2_context_edge_film,S8A_R2_context_edge_film,graph_c_gatv2_context_edge_film_interaction,gatv2_graph_c_sprint8a_context_edge_film,gatv2,graph_c_context_observation,S5F2_energy,test,899,8420,,1,0.496235191822052
sprint9_multiseed_S8A_R2_seed7_S8A_R2_context_edge_film,S8A_R2_context_edge_film,graph_c_gatv2_context_edge_film_interaction,gatv2_graph_c_sprint8a_context_edge_film,gatv2,graph_c_context_observation,S5F2_energy,test,900,8420,,1,0.6782307624816895
sprint9_multiseed_S8A_R2_seed7_S8A_R2_context_edge_film,S8A_R2_context_edge_film,graph_c_gatv2_context_edge_film_interaction,gatv2_graph_c_sprint8a_context_edge_film,gatv2,graph_c_context_observation,S5F2_energy,test,901,8420,,1,0.6502385139465332
sprint9_multiseed_S8A_R2_seed7_S8A_R2_context_edge_film,S8A_R2_context_edge_film,graph_c_gatv2_context_edge_film_interaction,gatv2_graph_c_sprint8a_context_edge_film,gatv2,graph_c_context_observation,S5F2_energy,test,902,8420,,1,0.5948004722595215
sprint9_multiseed_S8A_R2_seed7_S8A_R2_context_edge_film,S8A_R2_context_edge_film,graph_c_gatv2_context_edge_film_interaction,gatv2_graph_c_sprint8a_context_edge_film,gatv2,graph_c_context_observation,S5F2_energy,test,903,8420,,1,0.743123471736908
sprint9_multiseed_S8A_R2_seed7_S8A_R2_context_edge_film,S8A_R2_context_edge_film,graph_c_gatv2_context_edge_film_interaction,gatv2_graph_c_sprint8a_context_edge_film,gatv2,graph_c_context_observation,S5F2_energy,test,904,8420,,1,0.6674708127975464
sprint9_multiseed_S8A_R2_seed7_S8A_R2_context_edge_film,S8A_R2_context_edge_film,graph_c_gatv2_context_edge_film_interaction,gatv2_graph_c_sprint8a_context_edge_film,gatv2,graph_c_context_observation,S5F2_energy,test,905,8420,,1,0.4866958558559418
sprint9_multiseed_S8A_R2_seed7_S8A_R2_context_edge_film,S8A_R2_context_edge_film,graph_c_gatv2_context_edge_film_interaction,gatv2_graph_c_sprint8a_context_edge_film,gatv2,graph_c_context_observation,S5F2_energy,test,906,8420,,1,0.6018874049186707
sprint9_multiseed_S8A_R2_seed7_S8A_R2_context_edge_film,S8A_R2_context_edge_film,graph_c_gatv2_context_edge_film_interaction,gatv2_graph_c_sprint8a_context_edge_film,gatv2,graph_c_context_observation,S5F2_energy,test,907,8420,,1,0.5557764768600464
sprint9_multiseed_S8A_R2_seed7_S8A_R2_context_edge_film,S8A_R2_context_edge_film,graph_c_gatv2_context_edge_film_interaction,gatv2_graph_c_sprint8a_context_edge_film,gatv2,graph_c_context_observation,S5F2_energy,test,908,8420,,1,0.7096369862556458
sprint9_multiseed_S8A_R2_seed7_S8A_R2_context_edge_film,S8A_R2_context_edge_film,graph_c_gatv2_context_edge_film_interaction,gatv2_graph_c_sprint8a_context_edge_film,gatv2,graph_c_context_observation,S5F2_energy,test,909,8420,,1,0.645992636680603
sprint9_multiseed_S8A_R2_seed7_S8A_R2_context_edge_film,S8A_R2_context_edge_film,graph_c_gatv2_context_edge_film_interaction,gatv2_graph_c_sprint8a_context_edge_film,gatv2,graph_c_context_observation,S5F2_energy,test,910,8420,,1,0.516560435295105
sprint9_multiseed_S8A_R2_seed7_S8A_R2_context_edge_film,S8A_R2_context_edge_film,graph_c_gatv2_context_edge_film_interaction,gatv2_graph_c_sprint8a_context_edge_film,gatv2,graph_c_context_observation,S5F2_energy,test,911,8420,,1,0.6333752870559692
sprint9_multiseed_S8A_R2_seed7_S8A_R2_context_edge_film,S8A_R2_context_edge_film,graph_c_gatv2_context_edge_film_interaction,gatv2_graph_c_sprint8a_context_edge_film,gatv2,graph_c_context_observation,S5F2_energy,test,912,8420,,1,0.6630254983901978
sprint9_multiseed_S8A_R2_seed7_S8A_R2_context_edge_film,S8A_R2_context_edge_film,graph_c_gatv2_context_edge_film_interaction,gatv2_graph_c_sprint8a_context_edge_film,gatv2,graph_c_context_observation,S5F2_energy,test,913,8420,,1,0.5513969659805298
sprint9_multiseed_S8A_R2_seed7_S8A_R2_context_edge_film,S8A_R2_context_edge_film,graph_c_gatv2_context_edge_film_interaction,gatv2_graph_c_sprint8a_context_edge_film,gatv2,graph_c_context_observation,S5F2_energy,test,914,8420,,1,0.6450616121292114
sprint9_multiseed_S8A_R2_seed7_S8A_R2_context_edge_film,S8A_R2_context_edge_film,graph_c_gatv2_context_edge_film_interaction,gatv2_graph_c_sprint8a_context_edge_film,gatv2,graph_c_context_observation,S5F2_energy,test,915,8420,,1,0.5253873467445374
sprint9_multiseed_S8A_R2_seed7_S8A_R2_context_edge_film,S8A_R2_context_edge_film,graph_c_gatv2_context_edge_film_interaction,gatv2_graph_c_sprint8a_context_edge_film,gatv2,graph_c_context_observation,S5F2_energy,test,916,8420,,1,0.6880583763122559
sprint9_multiseed_S8A_R2_seed7_S8A_R2_context_edge_film,S8A_R2_context_edge_film,graph_c_gatv2_context_edge_film_interaction,gatv2_graph_c_sprint8a_context_edge_film,gatv2,graph_c_context_observation,S5F2_energy,test,917,8420,,1,0.5637661218643188
sprint9_multiseed_S8A_R2_seed7_S8A_R2_context_edge_film,S8A_R2_context_edge_film,graph_c_gatv2_context_edge_film_interaction,gatv2_graph_c_sprint8a_context_edge_film,gatv2,graph_c_context_observation,S5F2_energy,test,918,8420,,1,0.5506309866905212
sprint9_multiseed_S8A_R2_seed7_S8A_R2_context_edge_film,S8A_R2_context_edge_film,graph_c_gatv2_context_edge_film_interaction,gatv2_graph_c_sprint8a_context_edge_film,gatv2,graph_c_context_observation,S5F2_energy,test,919,8420,,1,0.5054240822792053
sprint9_multiseed_S8A_R2_seed7_S8A_R2_context_edge_film,S8A_R2_context_edge_film,graph_c_gatv2_context_edge_film_interaction,gatv2_graph_c_sprint8a_context_edge_film,gatv2,graph_c_context_observation,S5F2_energy,test,920,8420,,1,0.5601656436920166
sprint9_multiseed_S8A_R2_seed7_S8A_R2_context_edge_film,S8A_R2_context_edge_film,graph_c_gatv2_context_edge_film_interaction,gatv2_graph_c_sprint8a_context_edge_film,gatv2,graph_c_context_observation,S5F2_energy,test,921,8420,,1,0.49480587244033813
sprint9_multiseed_S8A_R2_seed7_S8A_R2_context_edge_film,S8A_R2_context_edge_film,graph_c_gatv2_context_edge_film_interaction,gatv2_graph_c_sprint8a_context_edge_film,gatv2,graph_c_context_observation,S5F2_energy,test,922,8420,,1,0.64029860496521
sprint9_multiseed_S8A_R2_seed7_S8A_R2_context_edge_film,S8A_R2_context_edge_film,graph_c_gatv2_context_edge_film_interaction,gatv2_graph_c_sprint8a_context_edge_film,gatv2,graph_c_context_observation,S5F2_energy,test,923,8420,,1,0.5025133490562439
sprint9_multiseed_S8A_R2_seed7_S8A_R2_context_edge_film,S8A_R2_context_edge_film,graph_c_gatv2_context_edge_film_interaction,gatv2_graph_c_sprint8a_context_edge_film,gatv2,graph_c_context_observation,S5F2_energy,test,924,8420,,1,0.5762551426887512
sprint9_multiseed_S8A_R2_seed7_S8A_R2_context_edge_film,S8A_R2_context_edge_film,graph_c_gatv2_context_edge_film_interaction,gatv2_graph_c_sprint8a_context_edge_film,gatv2,graph_c_context_observation,S5F2_energy,test,925,8420,,1,0.4862195551395416
sprint9_multiseed_S8A_R2_seed7_S8A_R2_context_edge_film,S8A_R2_context_edge_film,graph_c_gatv2_context_edge_film_interaction,gatv2_graph_c_sprint8a_context_edge_film,gatv2,graph_c_context_observation,S5F2_energy,test,926,8420,,1,0.5744264721870422
sprint9_multiseed_S8A_R2_seed7_S8A_R2_context_edge_film,S8A_R2_context_edge_film,graph_c_gatv2_context_edge_film_interaction,gatv2_graph_c_sprint8a_context_edge_film,gatv2,graph_c_context_observation,S5F2_energy,test,927,8420,,1,0.5728079676628113
sprint9_multiseed_S8A_R2_seed7_S8A_R2_context_edge_film,S8A_R2_context_edge_film,graph_c_gatv2_context_edge_film_interaction,gatv2_graph_c_sprint8a_context_edge_film,gatv2,graph_c_context_observation,S5F2_energy,test,928,8420,,1,0.5970529913902283
sprint9_multiseed_S8A_R2_seed7_S8A_R2_context_edge_film,S8A_R2_context_edge_film,graph_c_gatv2_context_edge_film_interaction,gatv2_graph_c_sprint8a_context_edge_film,gatv2,graph_c_context_observation,S5F2_energy,test,929,8420,,1,0.6513428688049316
sprint9_multiseed_S8A_R2_seed7_S8A_R2_context_edge_film,S8A_R2_context_edge_film,graph_c_gatv2_context_edge_film_interaction,gatv2_graph_c_sprint8a_context_edge_film,gatv2,graph_c_context_observation,S5F2_energy,test,930,8420,,1,0.5576324462890625
sprint9_multiseed_S8A_R2_seed7_S8A_R2_context_edge_film,S8A_R2_context_edge_film,graph_c_gatv2_context_edge_film_interaction,gatv2_graph_c_sprint8a_context_edge_film,gatv2,graph_c_context_observation,S5F2_energy,test,931,8420,,1,0.5374746918678284
sprint9_multiseed_S8A_R2_seed7_S8A_R2_context_edge_film,S8A_R2_context_edge_film,graph_c_gatv2_context_edge_film_interaction,gatv2_graph_c_sprint8a_context_edge_film,gatv2,graph_c_context_observation,S5F2_energy,test,932,8420,,1,0.5380181074142456
sprint9_multiseed_S8A_R2_seed7_S8A_R2_context_edge_film,S8A_R2_context_edge_film,graph_c_gatv2_context_edge_film_interaction,gatv2_graph_c_sprint8a_context_edge_film,gatv2,graph_c_context_observation,S5F2_energy,test,933,8420,,1,0.5955338478088379
sprint9_multiseed_S8A_R2_seed7_S8A_R2_context_edge_film,S8A_R2_context_edge_film,graph_c_gatv2_context_edge_film_interaction,gatv2_graph_c_sprint8a_context_edge_film,gatv2,graph_c_context_observation,S5F2_energy,test,934,8420,,1,0.5973463654518127
sprint9_multiseed_S8A_R2_seed7_S8A_R2_context_edge_film,S8A_R2_context_edge_film,graph_c_gatv2_context_edge_film_interaction,gatv2_graph_c_sprint8a_context_edge_film,gatv2,graph_c_context_observation,S5F2_energy,test,935,8420,,1,0.5294849872589111
sprint9_multiseed_S8A_R2_seed7_S8A_R2_context_edge_film,S8A_R2_context_edge_film,graph_c_gatv2_context_edge_film_interaction,gatv2_graph_c_sprint8a_context_edge_film,gatv2,graph_c_context_observation,S5F2_energy,test,936,8420,,1,0.5666633248329163
sprint9_multiseed_S8A_R2_seed7_S8A_R2_context_edge_film,S8A_R2_context_edge_film,graph_c_gatv2_context_edge_film_interaction,gatv2_graph_c_sprint8a_context_edge_film,gatv2,graph_c_context_observation,S5F2_energy,test,937,8420,,1,0.5818691253662109
sprint9_multiseed_S8A_R2_seed7_S8A_R2_context_edge_film,S8A_R2_context_edge_film,graph_c_gatv2_context_edge_film_interaction,gatv2_graph_c_sprint8a_context_edge_film,gatv2,graph_c_context_observation,S5F2_energy,test,938,8420,,1,0.5598908066749573
sprint9_multiseed_S8A_R2_seed7_S8A_R2_context_edge_film,S8A_R2_context_edge_film,graph_c_gatv2_context_edge_film_interaction,gatv2_graph_c_sprint8a_context_edge_film,gatv2,graph_c_context_observation,S5F2_energy,test,939,8420,,1,0.5028934478759766
sprint9_multiseed_S8A_R2_seed7_S8A_R2_context_edge_film,S8A_R2_context_edge_film,graph_c_gatv2_context_edge_film_interaction,gatv2_graph_c_sprint8a_context_edge_film,gatv2,graph_c_context_observation,S5F2_energy,test,940,8420,,1,0.6371422410011292
sprint9_multiseed_S8A_R2_seed7_S8A_R2_context_edge_film,S8A_R2_context_edge_film,graph_c_gatv2_context_edge_film_interaction,gatv2_graph_c_sprint8a_context_edge_film,gatv2,graph_c_context_observation,S5F2_energy,test,941,8420,,1,0.6708791255950928
sprint9_multiseed_S8A_R2_seed7_S8A_R2_context_edge_film,S8A_R2_context_edge_film,graph_c_gatv2_context_edge_film_interaction,gatv2_graph_c_sprint8a_context_edge_film,gatv2,graph_c_context_observation,S5F2_energy,test,942,8420,,1,0.5371541976928711
sprint9_multiseed_S8A_R2_seed7_S8A_R2_context_edge_film,S8A_R2_context_edge_film,graph_c_gatv2_context_edge_film_interaction,gatv2_graph_c_sprint8a_context_edge_film,gatv2,graph_c_context_observation,S5F2_energy,test,943,8420,,1,0.554631233215332
sprint9_multiseed_S8A_R2_seed7_S8A_R2_context_edge_film,S8A_R2_context_edge_film,graph_c_gatv2_context_edge_film_interaction,gatv2_graph_c_sprint8a_context_edge_film,gatv2,graph_c_context_observation,S5F2_energy,test,944,8420,,1,0.7113145589828491
sprint9_multiseed_S8A_R2_seed7_S8A_R2_context_edge_film,S8A_R2_context_edge_film,graph_c_gatv2_context_edge_film_interaction,gatv2_graph_c_sprint8a_context_edge_film,gatv2,graph_c_context_observation,S5F2_energy,test,945,8420,,1,0.5057595372200012
sprint9_multiseed_S8A_R2_seed7_S8A_R2_context_edge_film,S8A_R2_context_edge_film,graph_c_gatv2_context_edge_film_interaction,gatv2_graph_c_sprint8a_context_edge_film,gatv2,graph_c_context_observation,S5F2_energy,test,946,8420,,1,0.5276496410369873
sprint9_multiseed_S8A_R2_seed7_S8A_R2_context_edge_film,S8A_R2_context_edge_film,graph_c_gatv2_context_edge_film_interaction,gatv2_graph_c_sprint8a_context_edge_film,gatv2,graph_c_context_observation,S5F2_energy,test,947,8420,,1,0.6680144667625427
sprint9_multiseed_S8A_R2_seed7_S8A_R2_context_edge_film,S8A_R2_context_edge_film,graph_c_gatv2_context_edge_film_interaction,gatv2_graph_c_sprint8a_context_edge_film,gatv2,graph_c_context_observation,S5F2_energy,test,948,8420,,1,0.6299900412559509
sprint9_multiseed_S8A_R2_seed7_S8A_R2_context_edge_film,S8A_R2_context_edge_film,graph_c_gatv2_context_edge_film_interaction,gatv2_graph_c_sprint8a_context_edge_film,gatv2,graph_c_context_observation,S5F2_energy,test,949,8420,,1,0.6412109136581421
sprint9_multiseed_S8A_R2_seed7_S8A_R2_context_edge_film,S8A_R2_context_edge_film,graph_c_gatv2_context_edge_film_interaction,gatv2_graph_c_sprint8a_context_edge_film,gatv2,graph_c_context_observation,S5F2_energy,test,950,8420,,1,0.48533928394317627
sprint9_multiseed_S8A_R2_seed7_S8A_R2_context_edge_film,S8A_R2_context_edge_film,graph_c_gatv2_context_edge_film_interaction,gatv2_graph_c_sprint8a_context_edge_film,gatv2,graph_c_context_observation,S5F2_energy,test,951,8420,,1,0.5701133012771606
sprint9_multiseed_S8A_R2_seed7_S8A_R2_context_edge_film,S8A_R2_context_edge_film,graph_c_gatv2_context_edge_film_interaction,gatv2_graph_c_sprint8a_context_edge_film,gatv2,graph_c_context_observation,S5F2_energy,test,952,8420,,1,0.5056251883506775
sprint9_multiseed_S8A_R2_seed7_S8A_R2_context_edge_film,S8A_R2_context_edge_film,graph_c_gatv2_context_edge_film_interaction,gatv2_graph_c_sprint8a_context_edge_film,gatv2,graph_c_context_observation,S5F2_energy,test,953,8420,,1,0.4900285005569458
sprint9_multiseed_S8A_R2_seed7_S8A_R2_context_edge_film,S8A_R2_context_edge_film,graph_c_gatv2_context_edge_film_interaction,gatv2_graph_c_sprint8a_context_edge_film,gatv2,graph_c_context_observation,S5F2_energy,test,954,8420,,1,0.5652052760124207
sprint9_multiseed_S8A_R2_seed7_S8A_R2_context_edge_film,S8A_R2_context_edge_film,graph_c_gatv2_context_edge_film_interaction,gatv2_graph_c_sprint8a_context_edge_film,gatv2,graph_c_context_observation,S5F2_energy,test,955,8420,,1,0.631500244140625
sprint9_multiseed_S8A_R2_seed7_S8A_R2_context_edge_film,S8A_R2_context_edge_film,graph_c_gatv2_context_edge_film_interaction,gatv2_graph_c_sprint8a_context_edge_film,gatv2,graph_c_context_observation,S5F2_energy,test,956,8420,,1,0.6613827347755432
sprint9_multiseed_S8A_R2_seed7_S8A_R2_context_edge_film,S8A_R2_context_edge_film,graph_c_gatv2_context_edge_film_interaction,gatv2_graph_c_sprint8a_context_edge_film,gatv2,graph_c_context_observation,S5F2_energy,test,957,8420,,1,0.5152272582054138
sprint9_multiseed_S8A_R2_seed7_S8A_R2_context_edge_film,S8A_R2_context_edge_film,graph_c_gatv2_context_edge_film_interaction,gatv2_graph_c_sprint8a_context_edge_film,gatv2,graph_c_context_observation,S5F2_energy,test,958,8420,,1,0.6880946159362793
sprint9_multiseed_S8A_R2_seed7_S8A_R2_context_edge_film,S8A_R2_context_edge_film,graph_c_gatv2_context_edge_film_interaction,gatv2_graph_c_sprint8a_context_edge_film,gatv2,graph_c_context_observation,S5F2_energy,test,959,8420,,1,0.6116450428962708
sprint9_multiseed_S8A_R2_seed7_S8A_R2_context_edge_film,S8A_R2_context_edge_film,graph_c_gatv2_context_edge_film_interaction,gatv2_graph_c_sprint8a_context_edge_film,gatv2,graph_c_context_observation,S5F2_energy,test,960,8420,,1,0.5294198393821716
sprint9_multiseed_S8A_R2_seed7_S8A_R2_context_edge_film,S8A_R2_context_edge_film,graph_c_gatv2_context_edge_film_interaction,gatv2_graph_c_sprint8a_context_edge_film,gatv2,graph_c_context_observation,S5F2_energy,test,961,8420,,1,0.6224721670150757
sprint9_multiseed_S8A_R2_seed7_S8A_R2_context_edge_film,S8A_R2_context_edge_film,graph_c_gatv2_context_edge_film_interaction,gatv2_graph_c_sprint8a_context_edge_film,gatv2,graph_c_context_observation,S5F2_energy,test,962,8420,,1,0.5857815146446228
sprint9_multiseed_S8A_R2_seed7_S8A_R2_context_edge_film,S8A_R2_context_edge_film,graph_c_gatv2_context_edge_film_interaction,gatv2_graph_c_sprint8a_context_edge_film,gatv2,graph_c_context_observation,S5F2_energy,test,963,8420,,1,0.5807295441627502
sprint9_multiseed_S8A_R2_seed7_S8A_R2_context_edge_film,S8A_R2_context_edge_film,graph_c_gatv2_context_edge_film_interaction,gatv2_graph_c_sprint8a_context_edge_film,gatv2,graph_c_context_observation,S5F2_energy,test,964,8420,,1,0.5239812731742859
sprint9_multiseed_S8A_R2_seed7_S8A_R2_context_edge_film,S8A_R2_context_edge_film,graph_c_gatv2_context_edge_film_interaction,gatv2_graph_c_sprint8a_context_edge_film,gatv2,graph_c_context_observation,S5F2_energy,test,965,8420,,1,0.5646934509277344
sprint9_multiseed_S8A_R2_seed7_S8A_R2_context_edge_film,S8A_R2_context_edge_film,graph_c_gatv2_context_edge_film_interaction,gatv2_graph_c_sprint8a_context_edge_film,gatv2,graph_c_context_observation,S5F2_energy,test,966,8420,,1,0.5577452778816223
sprint9_multiseed_S8A_R2_seed7_S8A_R2_context_edge_film,S8A_R2_context_edge_film,graph_c_gatv2_context_edge_film_interaction,gatv2_graph_c_sprint8a_context_edge_film,gatv2,graph_c_context_observation,S5F2_energy,test,967,8420,,1,0.5297706723213196
sprint9_multiseed_S8A_R2_seed7_S8A_R2_context_edge_film,S8A_R2_context_edge_film,graph_c_gatv2_context_edge_film_interaction,gatv2_graph_c_sprint8a_context_edge_film,gatv2,graph_c_context_observation,S5F2_energy,test,968,8420,,1,0.5342703461647034
sprint9_multiseed_S8A_R2_seed7_S8A_R2_context_edge_film,S8A_R2_context_edge_film,graph_c_gatv2_context_edge_film_interaction,gatv2_graph_c_sprint8a_context_edge_film,gatv2,graph_c_context_observation,S5F2_energy,test,969,8420,,1,0.5983005166053772
sprint9_multiseed_S8A_R2_seed7_S8A_R2_context_edge_film,S8A_R2_context_edge_film,graph_c_gatv2_context_edge_film_interaction,gatv2_graph_c_sprint8a_context_edge_film,gatv2,graph_c_context_observation,S5F2_energy,test,970,8420,,1,0.6277486681938171
sprint9_multiseed_S8A_R2_seed7_S8A_R2_context_edge_film,S8A_R2_context_edge_film,graph_c_gatv2_context_edge_film_interaction,gatv2_graph_c_sprint8a_context_edge_film,gatv2,graph_c_context_observation,S5F2_energy,test,971,8420,,1,0.5134616494178772
sprint9_multiseed_S8A_R2_seed7_S8A_R2_context_edge_film,S8A_R2_context_edge_film,graph_c_gatv2_context_edge_film_interaction,gatv2_graph_c_sprint8a_context_edge_film,gatv2,graph_c_context_observation,S5F2_energy,test,972,8420,,1,0.6786384582519531
sprint9_multiseed_S8A_R2_seed7_S8A_R2_context_edge_film,S8A_R2_context_edge_film,graph_c_gatv2_context_edge_film_interaction,gatv2_graph_c_sprint8a_context_edge_film,gatv2,graph_c_context_observation,S5F2_energy,test,973,8420,,1,0.6709603667259216
sprint9_multiseed_S8A_R2_seed7_S8A_R2_context_edge_film,S8A_R2_context_edge_film,graph_c_gatv2_context_edge_film_interaction,gatv2_graph_c_sprint8a_context_edge_film,gatv2,graph_c_context_observation,S5F2_energy,test,974,8420,,1,0.6007251143455505
sprint9_multiseed_S8A_R2_seed7_S8A_R2_context_edge_film,S8A_R2_context_edge_film,graph_c_gatv2_context_edge_film_interaction,gatv2_graph_c_sprint8a_context_edge_film,gatv2,graph_c_context_observation,S5F2_energy,test,975,8420,,1,0.610831081867218
sprint9_multiseed_S8A_R2_seed7_S8A_R2_context_edge_film,S8A_R2_context_edge_film,graph_c_gatv2_context_edge_film_interaction,gatv2_graph_c_sprint8a_context_edge_film,gatv2,graph_c_context_observation,S5F2_energy,test,976,8420,,1,0.5384228229522705
sprint9_multiseed_S8A_R2_seed7_S8A_R2_context_edge_film,S8A_R2_context_edge_film,graph_c_gatv2_context_edge_film_interaction,gatv2_graph_c_sprint8a_context_edge_film,gatv2,graph_c_context_observation,S5F2_energy,test,977,8420,,1,0.5196629166603088
sprint9_multiseed_S8A_R2_seed7_S8A_R2_context_edge_film,S8A_R2_context_edge_film,graph_c_gatv2_context_edge_film_interaction,gatv2_graph_c_sprint8a_context_edge_film,gatv2,graph_c_context_observation,S5F2_energy,test,978,8420,,1,0.5399349331855774
sprint9_multiseed_S8A_R2_seed7_S8A_R2_context_edge_film,S8A_R2_context_edge_film,graph_c_gatv2_context_edge_film_interaction,gatv2_graph_c_sprint8a_context_edge_film,gatv2,graph_c_context_observation,S5F2_energy,test,979,8420,,1,0.5125192403793335
sprint9_multiseed_S8A_R2_seed7_S8A_R2_context_edge_film,S8A_R2_context_edge_film,graph_c_gatv2_context_edge_film_interaction,gatv2_graph_c_sprint8a_context_edge_film,gatv2,graph_c_context_observation,S5F2_energy,test,980,8420,,1,0.5267608165740967
sprint9_multiseed_S8A_R2_seed7_S8A_R2_context_edge_film,S8A_R2_context_edge_film,graph_c_gatv2_context_edge_film_interaction,gatv2_graph_c_sprint8a_context_edge_film,gatv2,graph_c_context_observation,S5F2_energy,test,981,8420,,1,0.5669845342636108
sprint9_multiseed_S8A_R2_seed7_S8A_R2_context_edge_film,S8A_R2_context_edge_film,graph_c_gatv2_context_edge_film_interaction,gatv2_graph_c_sprint8a_context_edge_film,gatv2,graph_c_context_observation,S5F2_energy,test,982,8420,,1,0.5360642075538635
sprint9_multiseed_S8A_R2_seed7_S8A_R2_context_edge_film,S8A_R2_context_edge_film,graph_c_gatv2_context_edge_film_interaction,gatv2_graph_c_sprint8a_context_edge_film,gatv2,graph_c_context_observation,S5F2_energy,test,983,8420,,1,0.47084635496139526
sprint9_multiseed_S8A_R2_seed7_S8A_R2_context_edge_film,S8A_R2_context_edge_film,graph_c_gatv2_context_edge_film_interaction,gatv2_graph_c_sprint8a_context_edge_film,gatv2,graph_c_context_observation,S5F2_energy,test,984,8420,,1,0.5085685849189758
sprint9_multiseed_S8A_R2_seed7_S8A_R2_context_edge_film,S8A_R2_context_edge_film,graph_c_gatv2_context_edge_film_interaction,gatv2_graph_c_sprint8a_context_edge_film,gatv2,graph_c_context_observation,S5F2_energy,test,985,8420,,1,0.47506603598594666
sprint9_multiseed_S8A_R2_seed7_S8A_R2_context_edge_film,S8A_R2_context_edge_film,graph_c_gatv2_context_edge_film_interaction,gatv2_graph_c_sprint8a_context_edge_film,gatv2,graph_c_context_observation,S5F2_energy,test,986,8420,,1,0.5682954788208008
sprint9_multiseed_S8A_R2_seed7_S8A_R2_context_edge_film,S8A_R2_context_edge_film,graph_c_gatv2_context_edge_film_interaction,gatv2_graph_c_sprint8a_context_edge_film,gatv2,graph_c_context_observation,S5F2_energy,test,987,8420,,1,0.6179343461990356
sprint9_multiseed_S8A_R2_seed7_S8A_R2_context_edge_film,S8A_R2_context_edge_film,graph_c_gatv2_context_edge_film_interaction,gatv2_graph_c_sprint8a_context_edge_film,gatv2,graph_c_context_observation,S5F2_energy,test,988,8420,,1,0.5633195638656616
sprint9_multiseed_S8A_R2_seed7_S8A_R2_context_edge_film,S8A_R2_context_edge_film,graph_c_gatv2_context_edge_film_interaction,gatv2_graph_c_sprint8a_context_edge_film,gatv2,graph_c_context_observation,S5F2_energy,test,989,8420,,1,0.47516679763793945
sprint9_multiseed_S8A_R2_seed7_S8A_R2_context_edge_film,S8A_R2_context_edge_film,graph_c_gatv2_context_edge_film_interaction,gatv2_graph_c_sprint8a_context_edge_film,gatv2,graph_c_context_observation,S5F2_energy,test,990,8420,,1,0.5956536531448364
sprint9_multiseed_S8A_R2_seed7_S8A_R2_context_edge_film,S8A_R2_context_edge_film,graph_c_gatv2_context_edge_film_interaction,gatv2_graph_c_sprint8a_context_edge_film,gatv2,graph_c_context_observation,S5F2_energy,test,991,8420,,1,0.6166656017303467
sprint9_multiseed_S8A_R2_seed7_S8A_R2_context_edge_film,S8A_R2_context_edge_film,graph_c_gatv2_context_edge_film_interaction,gatv2_graph_c_sprint8a_context_edge_film,gatv2,graph_c_context_observation,S5F2_energy,test,992,8420,,1,0.6261997818946838
sprint9_multiseed_S8A_R2_seed7_S8A_R2_context_edge_film,S8A_R2_context_edge_film,graph_c_gatv2_context_edge_film_interaction,gatv2_graph_c_sprint8a_context_edge_film,gatv2,graph_c_context_observation,S5F2_energy,test,993,8420,,1,0.6625068783760071
sprint9_multiseed_S8A_R2_seed7_S8A_R2_context_edge_film,S8A_R2_context_edge_film,graph_c_gatv2_context_edge_film_interaction,gatv2_graph_c_sprint8a_context_edge_film,gatv2,graph_c_context_observation,S5F2_energy,test,994,8420,,1,0.6068463921546936
sprint9_multiseed_S8A_R2_seed7_S8A_R2_context_edge_film,S8A_R2_context_edge_film,graph_c_gatv2_context_edge_film_interaction,gatv2_graph_c_sprint8a_context_edge_film,gatv2,graph_c_context_observation,S5F2_energy,test,995,8420,,1,0.5861340165138245
sprint9_multiseed_S8A_R2_seed7_S8A_R2_context_edge_film,S8A_R2_context_edge_film,graph_c_gatv2_context_edge_film_interaction,gatv2_graph_c_sprint8a_context_edge_film,gatv2,graph_c_context_observation,S5F2_energy,test,996,8420,,1,0.5528133511543274
sprint9_multiseed_S8A_R2_seed7_S8A_R2_context_edge_film,S8A_R2_context_edge_film,graph_c_gatv2_context_edge_film_interaction,gatv2_graph_c_sprint8a_context_edge_film,gatv2,graph_c_context_observation,S5F2_energy,test,997,8420,,1,0.5946770906448364
sprint9_multiseed_S8A_R2_seed7_S8A_R2_context_edge_film,S8A_R2_context_edge_film,graph_c_gatv2_context_edge_film_interaction,gatv2_graph_c_sprint8a_context_edge_film,gatv2,graph_c_context_observation,S5F2_energy,test,998,8420,,1,0.5637816786766052
sprint9_multiseed_S8A_R2_seed7_S8A_R2_context_edge_film,S8A_R2_context_edge_film,graph_c_gatv2_context_edge_film_interaction,gatv2_graph_c_sprint8a_context_edge_film,gatv2,graph_c_context_observation,S5F2_energy,test,999,8420,,1,0.6106903553009033
sprint9_multiseed_S8A_R2_seed7_S8A_R2_context_edge_film,S8A_R2_context_edge_film,graph_c_gatv2_context_edge_film_interaction,gatv2_graph_c_sprint8a_context_edge_film,gatv2,graph_c_context_observation,S5F2_energy,test,1000,8420,,1,0.7520074248313904
sprint9_multiseed_S8A_R2_seed7_S8A_R2_context_edge_film,S8A_R2_context_edge_film,graph_c_gatv2_context_edge_film_interaction,gatv2_graph_c_sprint8a_context_edge_film,gatv2,graph_c_context_observation,S5F2_energy,test,1001,8420,,1,0.5613059997558594
sprint9_multiseed_S8A_R2_seed7_S8A_R2_context_edge_film,S8A_R2_context_edge_film,graph_c_gatv2_context_edge_film_interaction,gatv2_graph_c_sprint8a_context_edge_film,gatv2,graph_c_context_observation,S5F2_energy,test,1002,8420,,1,0.6368575692176819
sprint9_multiseed_S8A_R2_seed7_S8A_R2_context_edge_film,S8A_R2_context_edge_film,graph_c_gatv2_context_edge_film_interaction,gatv2_graph_c_sprint8a_context_edge_film,gatv2,graph_c_context_observation,S5F2_energy,test,1003,8420,,1,0.5499419569969177
sprint9_multiseed_S8A_R2_seed7_S8A_R2_context_edge_film,S8A_R2_context_edge_film,graph_c_gatv2_context_edge_film_interaction,gatv2_graph_c_sprint8a_context_edge_film,gatv2,graph_c_context_observation,S5F2_energy,test,1004,8420,,1,0.4990593492984772
sprint9_multiseed_S8A_R2_seed7_S8A_R2_context_edge_film,S8A_R2_context_edge_film,graph_c_gatv2_context_edge_film_interaction,gatv2_graph_c_sprint8a_context_edge_film,gatv2,graph_c_context_observation,S5F2_energy,test,1005,8420,,1,0.7846930027008057
sprint9_multiseed_S8A_R2_seed7_S8A_R2_context_edge_film,S8A_R2_context_edge_film,graph_c_gatv2_context_edge_film_interaction,gatv2_graph_c_sprint8a_context_edge_film,gatv2,graph_c_context_observation,S5F2_energy,test,1006,8420,,1,0.36493822932243347
sprint9_multiseed_S8A_R2_seed7_S8A_R2_context_edge_film,S8A_R2_context_edge_film,graph_c_gatv2_context_edge_film_interaction,gatv2_graph_c_sprint8a_context_edge_film,gatv2,graph_c_context_observation,S5F2_energy,test,1007,8420,,1,0.6476314067840576
sprint9_multiseed_S8A_R2_seed7_S8A_R2_context_edge_film,S8A_R2_context_edge_film,graph_c_gatv2_context_edge_film_interaction,gatv2_graph_c_sprint8a_context_edge_film,gatv2,graph_c_context_observation,S5F2_energy,test,1008,8420,,1,0.5029851794242859
sprint9_multiseed_S8A_R2_seed7_S8A_R2_context_edge_film,S8A_R2_context_edge_film,graph_c_gatv2_context_edge_film_interaction,gatv2_graph_c_sprint8a_context_edge_film,gatv2,graph_c_context_observation,S5F2_energy,test,1009,8420,,1,0.5519386529922485
sprint9_multiseed_S8A_R2_seed7_S8A_R2_context_edge_film,S8A_R2_context_edge_film,graph_c_gatv2_context_edge_film_interaction,gatv2_graph_c_sprint8a_context_edge_film,gatv2,graph_c_context_observation,S5F2_energy,test,1010,8420,,1,0.5701202750205994
sprint9_multiseed_S8A_R2_seed7_S8A_R2_context_edge_film,S8A_R2_context_edge_film,graph_c_gatv2_context_edge_film_interaction,gatv2_graph_c_sprint8a_context_edge_film,gatv2,graph_c_context_observation,S5F2_energy,test,1011,8420,,1,0.5457716584205627
sprint9_multiseed_S8A_R2_seed7_S8A_R2_context_edge_film,S8A_R2_context_edge_film,graph_c_gatv2_context_edge_film_interaction,gatv2_graph_c_sprint8a_context_edge_film,gatv2,graph_c_context_observation,S5F2_energy,test,1012,8420,,1,0.5537000894546509
sprint9_multiseed_S8A_R2_seed7_S8A_R2_context_edge_film,S8A_R2_context_edge_film,graph_c_gatv2_context_edge_film_interaction,gatv2_graph_c_sprint8a_context_edge_film,gatv2,graph_c_context_observation,S5F2_energy,test,1013,8420,,1,0.7185945510864258
sprint9_multiseed_S8A_R2_seed7_S8A_R2_context_edge_film,S8A_R2_context_edge_film,graph_c_gatv2_context_edge_film_interaction,gatv2_graph_c_sprint8a_context_edge_film,gatv2,graph_c_context_observation,S5F2_energy,test,1014,8420,,1,0.69374018907547
sprint9_multiseed_S8A_R2_seed7_S8A_R2_context_edge_film,S8A_R2_context_edge_film,graph_c_gatv2_context_edge_film_interaction,gatv2_graph_c_sprint8a_context_edge_film,gatv2,graph_c_context_observation,S5F2_energy,test,1015,8420,,1,0.5451236963272095
sprint9_multiseed_S8A_R2_seed7_S8A_R2_context_edge_film,S8A_R2_context_edge_film,graph_c_gatv2_context_edge_film_interaction,gatv2_graph_c_sprint8a_context_edge_film,gatv2,graph_c_context_observation,S5F2_energy,test,1016,8420,,1,0.5084959268569946
sprint9_multiseed_S8A_R2_seed7_S8A_R2_context_edge_film,S8A_R2_context_edge_film,graph_c_gatv2_context_edge_film_interaction,gatv2_graph_c_sprint8a_context_edge_film,gatv2,graph_c_context_observation,S5F2_energy,test,1017,8420,,1,0.5565082430839539
sprint9_multiseed_S8A_R2_seed7_S8A_R2_context_edge_film,S8A_R2_context_edge_film,graph_c_gatv2_context_edge_film_interaction,gatv2_graph_c_sprint8a_context_edge_film,gatv2,graph_c_context_observation,S5F2_energy,test,1018,8420,,1,0.6239850521087646
sprint9_multiseed_S8A_R2_seed7_S8A_R2_context_edge_film,S8A_R2_context_edge_film,graph_c_gatv2_context_edge_film_interaction,gatv2_graph_c_sprint8a_context_edge_film,gatv2,graph_c_context_observation,S5F2_energy,test,1019,8420,,1,0.4952177405357361
sprint9_multiseed_S8A_R2_seed7_S8A_R2_context_edge_film,S8A_R2_context_edge_film,graph_c_gatv2_context_edge_film_interaction,gatv2_graph_c_sprint8a_context_edge_film,gatv2,graph_c_context_observation,S5F2_energy,test,1020,8420,,1,0.5669224262237549
sprint9_multiseed_S8A_R2_seed7_S8A_R2_context_edge_film,S8A_R2_context_edge_film,graph_c_gatv2_context_edge_film_interaction,gatv2_graph_c_sprint8a_context_edge_film,gatv2,graph_c_context_observation,S5F2_energy,test,1021,8420,,1,0.5434716939926147
sprint9_multiseed_S8A_R2_seed7_S8A_R2_context_edge_film,S8A_R2_context_edge_film,graph_c_gatv2_context_edge_film_interaction,gatv2_graph_c_sprint8a_context_edge_film,gatv2,graph_c_context_observation,S5F2_energy,test,1022,8420,,1,0.5167301893234253
sprint9_multiseed_S8A_R2_seed7_S8A_R2_context_edge_film,S8A_R2_context_edge_film,graph_c_gatv2_context_edge_film_interaction,gatv2_graph_c_sprint8a_context_edge_film,gatv2,graph_c_context_observation,S5F2_energy,test,1023,8420,,1,0.5711087584495544
sprint9_multiseed_S8A_R2_seed7_S8A_R2_context_edge_film,S8A_R2_context_edge_film,graph_c_gatv2_context_edge_film_interaction,gatv2_graph_c_sprint8a_context_edge_film,gatv2,graph_c_context_observation,S5F2_energy,test,1024,8420,,1,0.48991742730140686
sprint9_multiseed_S8A_R2_seed7_S8A_R2_context_edge_film,S8A_R2_context_edge_film,graph_c_gatv2_context_edge_film_interaction,gatv2_graph_c_sprint8a_context_edge_film,gatv2,graph_c_context_observation,S5F2_energy,test,1025,8420,,1,0.6209086179733276
sprint9_multiseed_S8A_R2_seed7_S8A_R2_context_edge_film,S8A_R2_context_edge_film,graph_c_gatv2_context_edge_film_interaction,gatv2_graph_c_sprint8a_context_edge_film,gatv2,graph_c_context_observation,S5F2_energy,test,1026,8420,,1,0.5027210116386414
sprint9_multiseed_S8A_R2_seed7_S8A_R2_context_edge_film,S8A_R2_context_edge_film,graph_c_gatv2_context_edge_film_interaction,gatv2_graph_c_sprint8a_context_edge_film,gatv2,graph_c_context_observation,S5F2_energy,test,1027,8420,,1,0.6877208948135376
sprint9_multiseed_S8A_R2_seed7_S8A_R2_context_edge_film,S8A_R2_context_edge_film,graph_c_gatv2_context_edge_film_interaction,gatv2_graph_c_sprint8a_context_edge_film,gatv2,graph_c_context_observation,S5F2_energy,test,1028,8420,,1,0.5058354735374451
sprint9_multiseed_S8A_R2_seed7_S8A_R2_context_edge_film,S8A_R2_context_edge_film,graph_c_gatv2_context_edge_film_interaction,gatv2_graph_c_sprint8a_context_edge_film,gatv2,graph_c_context_observation,S5F2_energy,test,1029,8420,,1,0.6930943131446838
sprint9_multiseed_S8A_R2_seed7_S8A_R2_context_edge_film,S8A_R2_context_edge_film,graph_c_gatv2_context_edge_film_interaction,gatv2_graph_c_sprint8a_context_edge_film,gatv2,graph_c_context_observation,S5F2_energy,test,1030,8420,,1,0.5792105793952942
sprint9_multiseed_S8A_R2_seed7_S8A_R2_context_edge_film,S8A_R2_context_edge_film,graph_c_gatv2_context_edge_film_interaction,gatv2_graph_c_sprint8a_context_edge_film,gatv2,graph_c_context_observation,S5F2_energy,test,1031,8420,,1,0.6022499203681946
sprint9_multiseed_S8A_R2_seed7_S8A_R2_context_edge_film,S8A_R2_context_edge_film,graph_c_gatv2_context_edge_film_interaction,gatv2_graph_c_sprint8a_context_edge_film,gatv2,graph_c_context_observation,S5F2_energy,test,1032,8420,,1,0.6778956055641174
sprint9_multiseed_S8A_R2_seed7_S8A_R2_context_edge_film,S8A_R2_context_edge_film,graph_c_gatv2_context_edge_film_interaction,gatv2_graph_c_sprint8a_context_edge_film,gatv2,graph_c_context_observation,S5F2_energy,test,1033,8420,,1,0.715681791305542
sprint9_multiseed_S8A_R2_seed7_S8A_R2_context_edge_film,S8A_R2_context_edge_film,graph_c_gatv2_context_edge_film_interaction,gatv2_graph_c_sprint8a_context_edge_film,gatv2,graph_c_context_observation,S5F2_energy,test,1034,8420,,1,0.5184118151664734
sprint9_multiseed_S8A_R2_seed7_S8A_R2_context_edge_film,S8A_R2_context_edge_film,graph_c_gatv2_context_edge_film_interaction,gatv2_graph_c_sprint8a_context_edge_film,gatv2,graph_c_context_observation,S5F2_energy,test,1035,8420,,1,0.5751756429672241
sprint9_multiseed_S8A_R2_seed7_S8A_R2_context_edge_film,S8A_R2_context_edge_film,graph_c_gatv2_context_edge_film_interaction,gatv2_graph_c_sprint8a_context_edge_film,gatv2,graph_c_context_observation,S5F2_energy,test,1036,8420,,1,0.6868707537651062
sprint9_multiseed_S8A_R2_seed7_S8A_R2_context_edge_film,S8A_R2_context_edge_film,graph_c_gatv2_context_edge_film_interaction,gatv2_graph_c_sprint8a_context_edge_film,gatv2,graph_c_context_observation,S5F2_energy,test,1037,8420,,1,0.692048966884613
sprint9_multiseed_S8A_R2_seed7_S8A_R2_context_edge_film,S8A_R2_context_edge_film,graph_c_gatv2_context_edge_film_interaction,gatv2_graph_c_sprint8a_context_edge_film,gatv2,graph_c_context_observation,S5F2_energy,test,1038,8420,,1,0.6445097327232361
sprint9_multiseed_S8A_R2_seed7_S8A_R2_context_edge_film,S8A_R2_context_edge_film,graph_c_gatv2_context_edge_film_interaction,gatv2_graph_c_sprint8a_context_edge_film,gatv2,graph_c_context_observation,S5F2_energy,test,1039,8420,,1,0.6360745429992676
sprint9_multiseed_S8A_R2_seed7_S8A_R2_context_edge_film,S8A_R2_context_edge_film,graph_c_gatv2_context_edge_film_interaction,gatv2_graph_c_sprint8a_context_edge_film,gatv2,graph_c_context_observation,S5F2_energy,test,1040,8420,,1,0.2821625769138336
sprint9_multiseed_S8A_R2_seed7_S8A_R2_context_edge_film,S8A_R2_context_edge_film,graph_c_gatv2_context_edge_film_interaction,gatv2_graph_c_sprint8a_context_edge_film,gatv2,graph_c_context_observation,S5F2_energy,test,1041,8420,,1,0.5531500577926636
sprint9_multiseed_S8A_R2_seed7_S8A_R2_context_edge_film,S8A_R2_context_edge_film,graph_c_gatv2_context_edge_film_interaction,gatv2_graph_c_sprint8a_context_edge_film,gatv2,graph_c_context_observation,S5F2_energy,test,1042,8420,,1,0.6046031713485718
sprint9_multiseed_S8A_R2_seed7_S8A_R2_context_edge_film,S8A_R2_context_edge_film,graph_c_gatv2_context_edge_film_interaction,gatv2_graph_c_sprint8a_context_edge_film,gatv2,graph_c_context_observation,S5F2_energy,test,1043,8420,,1,0.552497386932373
sprint9_multiseed_S8A_R2_seed7_S8A_R2_context_edge_film,S8A_R2_context_edge_film,graph_c_gatv2_context_edge_film_interaction,gatv2_graph_c_sprint8a_context_edge_film,gatv2,graph_c_context_observation,S5F2_energy,test,1044,8420,,1,0.5952553749084473
sprint9_multiseed_S8A_R2_seed7_S8A_R2_context_edge_film,S8A_R2_context_edge_film,graph_c_gatv2_context_edge_film_interaction,gatv2_graph_c_sprint8a_context_edge_film,gatv2,graph_c_context_observation,S5F2_energy,test,1045,8420,,1,0.5979040861129761
sprint9_multiseed_S8A_R2_seed7_S8A_R2_context_edge_film,S8A_R2_context_edge_film,graph_c_gatv2_context_edge_film_interaction,gatv2_graph_c_sprint8a_context_edge_film,gatv2,graph_c_context_observation,S5F2_energy,test,1046,8420,,1,0.5691089630126953
sprint9_multiseed_S8A_R2_seed7_S8A_R2_context_edge_film,S8A_R2_context_edge_film,graph_c_gatv2_context_edge_film_interaction,gatv2_graph_c_sprint8a_context_edge_film,gatv2,graph_c_context_observation,S5F2_energy,test,1047,8420,,1,0.5239046812057495
sprint9_multiseed_S8A_R2_seed7_S8A_R2_context_edge_film,S8A_R2_context_edge_film,graph_c_gatv2_context_edge_film_interaction,gatv2_graph_c_sprint8a_context_edge_film,gatv2,graph_c_context_observation,S5F2_energy,test,1048,8420,,1,0.5631598234176636
sprint9_multiseed_S8A_R2_seed7_S8A_R2_context_edge_film,S8A_R2_context_edge_film,graph_c_gatv2_context_edge_film_interaction,gatv2_graph_c_sprint8a_context_edge_film,gatv2,graph_c_context_observation,S5F2_energy,test,1049,8420,,1,0.5062789916992188
sprint9_multiseed_S8A_R2_seed7_S8A_R2_context_edge_film,S8A_R2_context_edge_film,graph_c_gatv2_context_edge_film_interaction,gatv2_graph_c_sprint8a_context_edge_film,gatv2,graph_c_context_observation,S5F2_energy,test,1050,8420,,1,0.5868600010871887
sprint9_multiseed_S8A_R2_seed7_S8A_R2_context_edge_film,S8A_R2_context_edge_film,graph_c_gatv2_context_edge_film_interaction,gatv2_graph_c_sprint8a_context_edge_film,gatv2,graph_c_context_observation,S5F2_energy,test,1051,8420,,1,0.6098498702049255
sprint9_multiseed_S8A_R2_seed7_S8A_R2_context_edge_film,S8A_R2_context_edge_film,graph_c_gatv2_context_edge_film_interaction,gatv2_graph_c_sprint8a_context_edge_film,gatv2,graph_c_context_observation,S5F2_energy,test,1052,8420,,1,0.6078862547874451
sprint9_multiseed_S8A_R2_seed7_S8A_R2_context_edge_film,S8A_R2_context_edge_film,graph_c_gatv2_context_edge_film_interaction,gatv2_graph_c_sprint8a_context_edge_film,gatv2,graph_c_context_observation,S5F2_energy,test,1053,8420,,1,0.4922870099544525
sprint9_multiseed_S8A_R2_seed7_S8A_R2_context_edge_film,S8A_R2_context_edge_film,graph_c_gatv2_context_edge_film_interaction,gatv2_graph_c_sprint8a_context_edge_film,gatv2,graph_c_context_observation,S5F2_energy,test,1054,8420,,1,0.6811084747314453
sprint9_multiseed_S8A_R2_seed7_S8A_R2_context_edge_film,S8A_R2_context_edge_film,graph_c_gatv2_context_edge_film_interaction,gatv2_graph_c_sprint8a_context_edge_film,gatv2,graph_c_context_observation,S5F2_energy,test,1055,8420,,1,0.5133633017539978
sprint9_multiseed_S8A_R2_seed7_S8A_R2_context_edge_film,S8A_R2_context_edge_film,graph_c_gatv2_context_edge_film_interaction,gatv2_graph_c_sprint8a_context_edge_film,gatv2,graph_c_context_observation,S5F2_energy,test,1056,8420,,1,0.480450838804245
sprint9_multiseed_S8A_R2_seed7_S8A_R2_context_edge_film,S8A_R2_context_edge_film,graph_c_gatv2_context_edge_film_interaction,gatv2_graph_c_sprint8a_context_edge_film,gatv2,graph_c_context_observation,S5F2_energy,test,1057,8420,,1,0.5834918022155762
sprint9_multiseed_S8A_R2_seed7_S8A_R2_context_edge_film,S8A_R2_context_edge_film,graph_c_gatv2_context_edge_film_interaction,gatv2_graph_c_sprint8a_context_edge_film,gatv2,graph_c_context_observation,S5F2_energy,test,1058,8420,,1,0.47921353578567505
sprint9_multiseed_S8A_R2_seed7_S8A_R2_context_edge_film,S8A_R2_context_edge_film,graph_c_gatv2_context_edge_film_interaction,gatv2_graph_c_sprint8a_context_edge_film,gatv2,graph_c_context_observation,S5F2_energy,test,1059,8420,,1,0.6734845638275146
sprint9_multiseed_S8A_R2_seed7_S8A_R2_context_edge_film,S8A_R2_context_edge_film,graph_c_gatv2_context_edge_film_interaction,gatv2_graph_c_sprint8a_context_edge_film,gatv2,graph_c_context_observation,S5F2_energy,test,1060,8420,,1,0.5632867217063904
sprint9_multiseed_S8A_R2_seed7_S8A_R2_context_edge_film,S8A_R2_context_edge_film,graph_c_gatv2_context_edge_film_interaction,gatv2_graph_c_sprint8a_context_edge_film,gatv2,graph_c_context_observation,S5F2_energy,test,1061,8420,,1,0.501679003238678
sprint9_multiseed_S8A_R2_seed7_S8A_R2_context_edge_film,S8A_R2_context_edge_film,graph_c_gatv2_context_edge_film_interaction,gatv2_graph_c_sprint8a_context_edge_film,gatv2,graph_c_context_observation,S5F2_energy,test,1062,8420,,1,0.5468693375587463
sprint9_multiseed_S8A_R2_seed7_S8A_R2_context_edge_film,S8A_R2_context_edge_film,graph_c_gatv2_context_edge_film_interaction,gatv2_graph_c_sprint8a_context_edge_film,gatv2,graph_c_context_observation,S5F2_energy,test,1063,8420,,1,0.6385245323181152
sprint9_multiseed_S8A_R2_seed7_S8A_R2_context_edge_film,S8A_R2_context_edge_film,graph_c_gatv2_context_edge_film_interaction,gatv2_graph_c_sprint8a_context_edge_film,gatv2,graph_c_context_observation,S5F2_energy,test,1064,8420,,1,0.5761021971702576
sprint9_multiseed_S8A_R2_seed7_S8A_R2_context_edge_film,S8A_R2_context_edge_film,graph_c_gatv2_context_edge_film_interaction,gatv2_graph_c_sprint8a_context_edge_film,gatv2,graph_c_context_observation,S5F2_energy,test,1065,8420,,1,0.5641856789588928
sprint9_multiseed_S8A_R2_seed7_S8A_R2_context_edge_film,S8A_R2_context_edge_film,graph_c_gatv2_context_edge_film_interaction,gatv2_graph_c_sprint8a_context_edge_film,gatv2,graph_c_context_observation,S5F2_energy,test,1066,8420,,1,0.5501107573509216
sprint9_multiseed_S8A_R2_seed7_S8A_R2_context_edge_film,S8A_R2_context_edge_film,graph_c_gatv2_context_edge_film_interaction,gatv2_graph_c_sprint8a_context_edge_film,gatv2,graph_c_context_observation,S5F2_energy,test,1067,8420,,1,0.508094847202301
sprint9_multiseed_S8A_R2_seed7_S8A_R2_context_edge_film,S8A_R2_context_edge_film,graph_c_gatv2_context_edge_film_interaction,gatv2_graph_c_sprint8a_context_edge_film,gatv2,graph_c_context_observation,S5F2_energy,test,1068,8420,,1,0.5658777952194214
sprint9_multiseed_S8A_R2_seed7_S8A_R2_context_edge_film,S8A_R2_context_edge_film,graph_c_gatv2_context_edge_film_interaction,gatv2_graph_c_sprint8a_context_edge_film,gatv2,graph_c_context_observation,S5F2_energy,test,1069,8420,,1,0.5407391786575317
sprint9_multiseed_S8A_R2_seed7_S8A_R2_context_edge_film,S8A_R2_context_edge_film,graph_c_gatv2_context_edge_film_interaction,gatv2_graph_c_sprint8a_context_edge_film,gatv2,graph_c_context_observation,S5F2_energy,test,1070,8420,,1,0.5378064513206482
sprint9_multiseed_S8A_R2_seed7_S8A_R2_context_edge_film,S8A_R2_context_edge_film,graph_c_gatv2_context_edge_film_interaction,gatv2_graph_c_sprint8a_context_edge_film,gatv2,graph_c_context_observation,S5F2_energy,test,1071,8420,,1,0.5545447468757629
sprint9_multiseed_S8A_R2_seed7_S8A_R2_context_edge_film,S8A_R2_context_edge_film,graph_c_gatv2_context_edge_film_interaction,gatv2_graph_c_sprint8a_context_edge_film,gatv2,graph_c_context_observation,S5F2_energy,test,1072,8420,,1,0.4752199351787567
sprint9_multiseed_S8A_R2_seed7_S8A_R2_context_edge_film,S8A_R2_context_edge_film,graph_c_gatv2_context_edge_film_interaction,gatv2_graph_c_sprint8a_context_edge_film,gatv2,graph_c_context_observation,S5F2_energy,test,1073,8420,,1,0.6106326580047607
sprint9_multiseed_S8A_R2_seed7_S8A_R2_context_edge_film,S8A_R2_context_edge_film,graph_c_gatv2_context_edge_film_interaction,gatv2_graph_c_sprint8a_context_edge_film,gatv2,graph_c_context_observation,S5F2_energy,test,1074,8420,,1,0.47933104634284973
sprint9_multiseed_S8A_R2_seed7_S8A_R2_context_edge_film,S8A_R2_context_edge_film,graph_c_gatv2_context_edge_film_interaction,gatv2_graph_c_sprint8a_context_edge_film,gatv2,graph_c_context_observation,S5F2_energy,test,1075,8420,,1,0.5338716506958008
sprint9_multiseed_S8A_R2_seed7_S8A_R2_context_edge_film,S8A_R2_context_edge_film,graph_c_gatv2_context_edge_film_interaction,gatv2_graph_c_sprint8a_context_edge_film,gatv2,graph_c_context_observation,S5F2_energy,test,1076,8420,,1,0.5363612771034241
sprint9_multiseed_S8A_R2_seed7_S8A_R2_context_edge_film,S8A_R2_context_edge_film,graph_c_gatv2_context_edge_film_interaction,gatv2_graph_c_sprint8a_context_edge_film,gatv2,graph_c_context_observation,S5F2_energy,test,1077,8420,,1,0.5712078809738159
sprint9_multiseed_S8A_R2_seed7_S8A_R2_context_edge_film,S8A_R2_context_edge_film,graph_c_gatv2_context_edge_film_interaction,gatv2_graph_c_sprint8a_context_edge_film,gatv2,graph_c_context_observation,S5F2_energy,test,1078,8420,,1,0.48042067885398865
sprint9_multiseed_S8A_R2_seed7_S8A_R2_context_edge_film,S8A_R2_context_edge_film,graph_c_gatv2_context_edge_film_interaction,gatv2_graph_c_sprint8a_context_edge_film,gatv2,graph_c_context_observation,S5F2_energy,test,1079,8420,,1,0.602744460105896
sprint9_multiseed_S8A_R2_seed7_S8A_R2_context_edge_film,S8A_R2_context_edge_film,graph_c_gatv2_context_edge_film_interaction,gatv2_graph_c_sprint8a_context_edge_film,gatv2,graph_c_context_observation,S5F2_energy,test,1080,8420,,1,0.5363098978996277
sprint9_multiseed_S8A_R2_seed7_S8A_R2_context_edge_film,S8A_R2_context_edge_film,graph_c_gatv2_context_edge_film_interaction,gatv2_graph_c_sprint8a_context_edge_film,gatv2,graph_c_context_observation,S5F2_energy,test,1081,8420,,1,0.6051631569862366
sprint9_multiseed_S8A_R2_seed7_S8A_R2_context_edge_film,S8A_R2_context_edge_film,graph_c_gatv2_context_edge_film_interaction,gatv2_graph_c_sprint8a_context_edge_film,gatv2,graph_c_context_observation,S5F2_energy,test,1082,8420,,1,0.5634931921958923
sprint9_multiseed_S8A_R2_seed7_S8A_R2_context_edge_film,S8A_R2_context_edge_film,graph_c_gatv2_context_edge_film_interaction,gatv2_graph_c_sprint8a_context_edge_film,gatv2,graph_c_context_observation,S5F2_energy,test,1083,8420,,1,0.605817973613739
sprint9_multiseed_S8A_R2_seed7_S8A_R2_context_edge_film,S8A_R2_context_edge_film,graph_c_gatv2_context_edge_film_interaction,gatv2_graph_c_sprint8a_context_edge_film,gatv2,graph_c_context_observation,S5F2_energy,test,1084,8420,,1,0.5655693411827087
sprint9_multiseed_S8A_R2_seed7_S8A_R2_context_edge_film,S8A_R2_context_edge_film,graph_c_gatv2_context_edge_film_interaction,gatv2_graph_c_sprint8a_context_edge_film,gatv2,graph_c_context_observation,S5F2_energy,test,1085,8420,,1,0.5736055970191956
sprint9_multiseed_S8A_R2_seed7_S8A_R2_context_edge_film,S8A_R2_context_edge_film,graph_c_gatv2_context_edge_film_interaction,gatv2_graph_c_sprint8a_context_edge_film,gatv2,graph_c_context_observation,S5F2_energy,test,1086,8420,,1,0.5620260238647461
sprint9_multiseed_S8A_R2_seed7_S8A_R2_context_edge_film,S8A_R2_context_edge_film,graph_c_gatv2_context_edge_film_interaction,gatv2_graph_c_sprint8a_context_edge_film,gatv2,graph_c_context_observation,S5F2_energy,test,1087,8420,,1,0.5185836553573608
sprint9_multiseed_S8A_R2_seed7_S8A_R2_context_edge_film,S8A_R2_context_edge_film,graph_c_gatv2_context_edge_film_interaction,gatv2_graph_c_sprint8a_context_edge_film,gatv2,graph_c_context_observation,S5F2_energy,test,1088,8420,,1,0.5844708681106567
sprint9_multiseed_S8A_R2_seed7_S8A_R2_context_edge_film,S8A_R2_context_edge_film,graph_c_gatv2_context_edge_film_interaction,gatv2_graph_c_sprint8a_context_edge_film,gatv2,graph_c_context_observation,S5F2_energy,test,1089,8420,,1,0.6717917919158936
sprint9_multiseed_S8A_R2_seed7_S8A_R2_context_edge_film,S8A_R2_context_edge_film,graph_c_gatv2_context_edge_film_interaction,gatv2_graph_c_sprint8a_context_edge_film,gatv2,graph_c_context_observation,S5F2_energy,test,1090,8420,,1,0.7122934460639954
sprint9_multiseed_S8A_R2_seed7_S8A_R2_context_edge_film,S8A_R2_context_edge_film,graph_c_gatv2_context_edge_film_interaction,gatv2_graph_c_sprint8a_context_edge_film,gatv2,graph_c_context_observation,S5F2_energy,test,1091,8420,,1,0.7189248204231262
sprint9_multiseed_S8A_R2_seed7_S8A_R2_context_edge_film,S8A_R2_context_edge_film,graph_c_gatv2_context_edge_film_interaction,gatv2_graph_c_sprint8a_context_edge_film,gatv2,graph_c_context_observation,S5F2_energy,test,1092,8420,,1,0.6212347149848938
sprint9_multiseed_S8A_R2_seed7_S8A_R2_context_edge_film,S8A_R2_context_edge_film,graph_c_gatv2_context_edge_film_interaction,gatv2_graph_c_sprint8a_context_edge_film,gatv2,graph_c_context_observation,S5F2_energy,test,1093,8420,,1,0.44408008456230164
sprint9_multiseed_S8A_R2_seed7_S8A_R2_context_edge_film,S8A_R2_context_edge_film,graph_c_gatv2_context_edge_film_interaction,gatv2_graph_c_sprint8a_context_edge_film,gatv2,graph_c_context_observation,S5F2_energy,test,1094,8420,,1,0.5272927284240723
sprint9_multiseed_S8A_R2_seed7_S8A_R2_context_edge_film,S8A_R2_context_edge_film,graph_c_gatv2_context_edge_film_interaction,gatv2_graph_c_sprint8a_context_edge_film,gatv2,graph_c_context_observation,S5F2_energy,test,1095,8420,,1,0.5585851669311523
sprint9_multiseed_S8A_R2_seed7_S8A_R2_context_edge_film,S8A_R2_context_edge_film,graph_c_gatv2_context_edge_film_interaction,gatv2_graph_c_sprint8a_context_edge_film,gatv2,graph_c_context_observation,S5F2_energy,test,1096,8420,,1,0.5441550612449646
sprint9_multiseed_S8A_R2_seed7_S8A_R2_context_edge_film,S8A_R2_context_edge_film,graph_c_gatv2_context_edge_film_interaction,gatv2_graph_c_sprint8a_context_edge_film,gatv2,graph_c_context_observation,S5F2_energy,test,1097,8420,,1,0.5835066437721252
sprint9_multiseed_S8A_R2_seed7_S8A_R2_context_edge_film,S8A_R2_context_edge_film,graph_c_gatv2_context_edge_film_interaction,gatv2_graph_c_sprint8a_context_edge_film,gatv2,graph_c_context_observation,S5F2_energy,test,1098,8420,,1,0.5974222421646118
sprint9_multiseed_S8A_R2_seed7_S8A_R2_context_edge_film,S8A_R2_context_edge_film,graph_c_gatv2_context_edge_film_interaction,gatv2_graph_c_sprint8a_context_edge_film,gatv2,graph_c_context_observation,S5F2_energy,test,1099,8420,,1,0.5994247794151306
sprint9_multiseed_S8A_R2_seed7_S8A_R2_context_edge_film,S8A_R2_context_edge_film,graph_c_gatv2_context_edge_film_interaction,gatv2_graph_c_sprint8a_context_edge_film,gatv2,graph_c_context_observation,S5F2_energy,test,1100,8420,,1,0.6439256072044373
sprint9_multiseed_S8A_R2_seed7_S8A_R2_context_edge_film,S8A_R2_context_edge_film,graph_c_gatv2_context_edge_film_interaction,gatv2_graph_c_sprint8a_context_edge_film,gatv2,graph_c_context_observation,S5F2_energy,test,1101,8420,,1,0.7329099178314209
sprint9_multiseed_S8A_R2_seed7_S8A_R2_context_edge_film,S8A_R2_context_edge_film,graph_c_gatv2_context_edge_film_interaction,gatv2_graph_c_sprint8a_context_edge_film,gatv2,graph_c_context_observation,S5F2_energy,test,1102,8420,,1,0.625423014163971
sprint9_multiseed_S8A_R2_seed7_S8A_R2_context_edge_film,S8A_R2_context_edge_film,graph_c_gatv2_context_edge_film_interaction,gatv2_graph_c_sprint8a_context_edge_film,gatv2,graph_c_context_observation,S5F2_energy,test,1103,8420,,1,0.6626212000846863
sprint9_multiseed_S8A_R2_seed7_S8A_R2_context_edge_film,S8A_R2_context_edge_film,graph_c_gatv2_context_edge_film_interaction,gatv2_graph_c_sprint8a_context_edge_film,gatv2,graph_c_context_observation,S5F2_energy,test,1104,8420,,1,0.6903171539306641
sprint9_multiseed_S8A_R2_seed7_S8A_R2_context_edge_film,S8A_R2_context_edge_film,graph_c_gatv2_context_edge_film_interaction,gatv2_graph_c_sprint8a_context_edge_film,gatv2,graph_c_context_observation,S5F2_energy,test,1105,8420,,1,0.5282832384109497
sprint9_multiseed_S8A_R2_seed7_S8A_R2_context_edge_film,S8A_R2_context_edge_film,graph_c_gatv2_context_edge_film_interaction,gatv2_graph_c_sprint8a_context_edge_film,gatv2,graph_c_context_observation,S5F2_energy,test,1106,8420,,1,0.6440175175666809
sprint9_multiseed_S8A_R2_seed7_S8A_R2_context_edge_film,S8A_R2_context_edge_film,graph_c_gatv2_context_edge_film_interaction,gatv2_graph_c_sprint8a_context_edge_film,gatv2,graph_c_context_observation,S5F2_energy,test,1107,8420,,1,0.533200740814209
sprint9_multiseed_S8A_R2_seed7_S8A_R2_context_edge_film,S8A_R2_context_edge_film,graph_c_gatv2_context_edge_film_interaction,gatv2_graph_c_sprint8a_context_edge_film,gatv2,graph_c_context_observation,S5F2_energy,test,1108,8420,,1,0.48406949639320374
sprint9_multiseed_S8A_R2_seed7_S8A_R2_context_edge_film,S8A_R2_context_edge_film,graph_c_gatv2_context_edge_film_interaction,gatv2_graph_c_sprint8a_context_edge_film,gatv2,graph_c_context_observation,S5F2_energy,test,1109,8420,,1,0.6421671509742737
sprint9_multiseed_S8A_R2_seed7_S8A_R2_context_edge_film,S8A_R2_context_edge_film,graph_c_gatv2_context_edge_film_interaction,gatv2_graph_c_sprint8a_context_edge_film,gatv2,graph_c_context_observation,S5F2_energy,test,1110,8420,,1,0.5277711153030396
sprint9_multiseed_S8A_R2_seed7_S8A_R2_context_edge_film,S8A_R2_context_edge_film,graph_c_gatv2_context_edge_film_interaction,gatv2_graph_c_sprint8a_context_edge_film,gatv2,graph_c_context_observation,S5F2_energy,test,1111,8420,,1,0.5814205408096313
sprint9_multiseed_S8A_R2_seed7_S8A_R2_context_edge_film,S8A_R2_context_edge_film,graph_c_gatv2_context_edge_film_interaction,gatv2_graph_c_sprint8a_context_edge_film,gatv2,graph_c_context_observation,S5F2_energy,test,1112,8420,,1,0.5658952593803406
sprint9_multiseed_S8A_R2_seed7_S8A_R2_context_edge_film,S8A_R2_context_edge_film,graph_c_gatv2_context_edge_film_interaction,gatv2_graph_c_sprint8a_context_edge_film,gatv2,graph_c_context_observation,S5F2_energy,test,1113,8420,,1,0.6853997707366943
sprint9_multiseed_S8A_R2_seed7_S8A_R2_context_edge_film,S8A_R2_context_edge_film,graph_c_gatv2_context_edge_film_interaction,gatv2_graph_c_sprint8a_context_edge_film,gatv2,graph_c_context_observation,S5F2_energy,test,1114,8420,,1,0.597282350063324
sprint9_multiseed_S8A_R2_seed7_S8A_R2_context_edge_film,S8A_R2_context_edge_film,graph_c_gatv2_context_edge_film_interaction,gatv2_graph_c_sprint8a_context_edge_film,gatv2,graph_c_context_observation,S5F2_energy,test,1115,8420,,1,0.632821261882782
sprint9_multiseed_S8A_R2_seed7_S8A_R2_context_edge_film,S8A_R2_context_edge_film,graph_c_gatv2_context_edge_film_interaction,gatv2_graph_c_sprint8a_context_edge_film,gatv2,graph_c_context_observation,S5F2_energy,test,1116,8420,,1,0.6443352103233337
sprint9_multiseed_S8A_R2_seed7_S8A_R2_context_edge_film,S8A_R2_context_edge_film,graph_c_gatv2_context_edge_film_interaction,gatv2_graph_c_sprint8a_context_edge_film,gatv2,graph_c_context_observation,S5F2_energy,test,1117,8420,,1,0.5649351477622986
sprint9_multiseed_S8A_R2_seed7_S8A_R2_context_edge_film,S8A_R2_context_edge_film,graph_c_gatv2_context_edge_film_interaction,gatv2_graph_c_sprint8a_context_edge_film,gatv2,graph_c_context_observation,S5F2_energy,test,1118,8420,,1,0.6939671635627747
sprint9_multiseed_S8A_R2_seed7_S8A_R2_context_edge_film,S8A_R2_context_edge_film,graph_c_gatv2_context_edge_film_interaction,gatv2_graph_c_sprint8a_context_edge_film,gatv2,graph_c_context_observation,S5F2_energy,test,1119,8420,,1,0.5842298269271851
sprint9_multiseed_S8A_R2_seed7_S8A_R2_context_edge_film,S8A_R2_context_edge_film,graph_c_gatv2_context_edge_film_interaction,gatv2_graph_c_sprint8a_context_edge_film,gatv2,graph_c_context_observation,S5F2_energy,test,1120,8420,,1,0.5932983160018921
sprint9_multiseed_S8A_R2_seed7_S8A_R2_context_edge_film,S8A_R2_context_edge_film,graph_c_gatv2_context_edge_film_interaction,gatv2_graph_c_sprint8a_context_edge_film,gatv2,graph_c_context_observation,S5F2_energy,test,1121,8420,,1,0.516057014465332
sprint9_multiseed_S8A_R2_seed7_S8A_R2_context_edge_film,S8A_R2_context_edge_film,graph_c_gatv2_context_edge_film_interaction,gatv2_graph_c_sprint8a_context_edge_film,gatv2,graph_c_context_observation,S5F2_energy,test,1122,8420,,1,0.49439817667007446
sprint9_multiseed_S8A_R2_seed7_S8A_R2_context_edge_film,S8A_R2_context_edge_film,graph_c_gatv2_context_edge_film_interaction,gatv2_graph_c_sprint8a_context_edge_film,gatv2,graph_c_context_observation,S5F2_energy,test,1123,8420,,1,0.7367488741874695
sprint9_multiseed_S8A_R2_seed7_S8A_R2_context_edge_film,S8A_R2_context_edge_film,graph_c_gatv2_context_edge_film_interaction,gatv2_graph_c_sprint8a_context_edge_film,gatv2,graph_c_context_observation,S5F2_energy,test,1124,8420,,1,0.4918811619281769
sprint9_multiseed_S8A_R2_seed7_S8A_R2_context_edge_film,S8A_R2_context_edge_film,graph_c_gatv2_context_edge_film_interaction,gatv2_graph_c_sprint8a_context_edge_film,gatv2,graph_c_context_observation,S5F2_energy,test,1125,8420,,1,0.5842844247817993
sprint9_multiseed_S8A_R2_seed7_S8A_R2_context_edge_film,S8A_R2_context_edge_film,graph_c_gatv2_context_edge_film_interaction,gatv2_graph_c_sprint8a_context_edge_film,gatv2,graph_c_context_observation,S5F2_energy,test,1126,8420,,1,0.6791943907737732
sprint9_multiseed_S8A_R2_seed7_S8A_R2_context_edge_film,S8A_R2_context_edge_film,graph_c_gatv2_context_edge_film_interaction,gatv2_graph_c_sprint8a_context_edge_film,gatv2,graph_c_context_observation,S5F2_energy,test,1127,8420,,1,0.4676991105079651
sprint9_multiseed_S8A_R2_seed7_S8A_R2_context_edge_film,S8A_R2_context_edge_film,graph_c_gatv2_context_edge_film_interaction,gatv2_graph_c_sprint8a_context_edge_film,gatv2,graph_c_context_observation,S5F2_energy,test,1128,8420,,1,0.5355111360549927
sprint9_multiseed_S8A_R2_seed7_S8A_R2_context_edge_film,S8A_R2_context_edge_film,graph_c_gatv2_context_edge_film_interaction,gatv2_graph_c_sprint8a_context_edge_film,gatv2,graph_c_context_observation,S5F2_energy,test,1129,8420,,1,0.5979597568511963
sprint9_multiseed_S8A_R2_seed7_S8A_R2_context_edge_film,S8A_R2_context_edge_film,graph_c_gatv2_context_edge_film_interaction,gatv2_graph_c_sprint8a_context_edge_film,gatv2,graph_c_context_observation,S5F2_energy,test,1130,8420,,1,0.5589352250099182
sprint9_multiseed_S8A_R2_seed7_S8A_R2_context_edge_film,S8A_R2_context_edge_film,graph_c_gatv2_context_edge_film_interaction,gatv2_graph_c_sprint8a_context_edge_film,gatv2,graph_c_context_observation,S5F2_energy,test,1131,8420,,1,0.5694981813430786
sprint9_multiseed_S8A_R2_seed7_S8A_R2_context_edge_film,S8A_R2_context_edge_film,graph_c_gatv2_context_edge_film_interaction,gatv2_graph_c_sprint8a_context_edge_film,gatv2,graph_c_context_observation,S5F2_energy,test,1132,8420,,1,0.4636472165584564
sprint9_multiseed_S8A_R2_seed7_S8A_R2_context_edge_film,S8A_R2_context_edge_film,graph_c_gatv2_context_edge_film_interaction,gatv2_graph_c_sprint8a_context_edge_film,gatv2,graph_c_context_observation,S5F2_energy,test,1133,8420,,1,0.5487027764320374
sprint9_multiseed_S8A_R2_seed7_S8A_R2_context_edge_film,S8A_R2_context_edge_film,graph_c_gatv2_context_edge_film_interaction,gatv2_graph_c_sprint8a_context_edge_film,gatv2,graph_c_context_observation,S5F2_energy,test,1134,8420,,1,0.4912310838699341
sprint9_multiseed_S8A_R2_seed7_S8A_R2_context_edge_film,S8A_R2_context_edge_film,graph_c_gatv2_context_edge_film_interaction,gatv2_graph_c_sprint8a_context_edge_film,gatv2,graph_c_context_observation,S5F2_energy,test,1135,8420,,1,0.5575036406517029
sprint9_multiseed_S8A_R2_seed7_S8A_R2_context_edge_film,S8A_R2_context_edge_film,graph_c_gatv2_context_edge_film_interaction,gatv2_graph_c_sprint8a_context_edge_film,gatv2,graph_c_context_observation,S5F2_energy,test,1136,8420,,1,0.5291856527328491
sprint9_multiseed_S8A_R2_seed7_S8A_R2_context_edge_film,S8A_R2_context_edge_film,graph_c_gatv2_context_edge_film_interaction,gatv2_graph_c_sprint8a_context_edge_film,gatv2,graph_c_context_observation,S5F2_energy,test,1137,8420,,1,0.6166887283325195
sprint9_multiseed_S8A_R2_seed7_S8A_R2_context_edge_film,S8A_R2_context_edge_film,graph_c_gatv2_context_edge_film_interaction,gatv2_graph_c_sprint8a_context_edge_film,gatv2,graph_c_context_observation,S5F2_energy,test,1138,8420,,1,0.6445325016975403
sprint9_multiseed_S8A_R2_seed7_S8A_R2_context_edge_film,S8A_R2_context_edge_film,graph_c_gatv2_context_edge_film_interaction,gatv2_graph_c_sprint8a_context_edge_film,gatv2,graph_c_context_observation,S5F2_energy,test,1139,8420,,1,0.6229420900344849
sprint9_multiseed_S8A_R2_seed7_S8A_R2_context_edge_film,S8A_R2_context_edge_film,graph_c_gatv2_context_edge_film_interaction,gatv2_graph_c_sprint8a_context_edge_film,gatv2,graph_c_context_observation,S5F2_energy,test,1140,8420,,1,0.4989094138145447
sprint9_multiseed_S8A_R2_seed7_S8A_R2_context_edge_film,S8A_R2_context_edge_film,graph_c_gatv2_context_edge_film_interaction,gatv2_graph_c_sprint8a_context_edge_film,gatv2,graph_c_context_observation,S5F2_energy,test,1141,8420,,1,0.4480460584163666
sprint9_multiseed_S8A_R2_seed7_S8A_R2_context_edge_film,S8A_R2_context_edge_film,graph_c_gatv2_context_edge_film_interaction,gatv2_graph_c_sprint8a_context_edge_film,gatv2,graph_c_context_observation,S5F2_energy,test,1142,8420,,1,0.6309072971343994
sprint9_multiseed_S8A_R2_seed7_S8A_R2_context_edge_film,S8A_R2_context_edge_film,graph_c_gatv2_context_edge_film_interaction,gatv2_graph_c_sprint8a_context_edge_film,gatv2,graph_c_context_observation,S5F2_energy,test,1143,8420,,1,0.45628622174263
sprint9_multiseed_S8A_R2_seed7_S8A_R2_context_edge_film,S8A_R2_context_edge_film,graph_c_gatv2_context_edge_film_interaction,gatv2_graph_c_sprint8a_context_edge_film,gatv2,graph_c_context_observation,S5F2_energy,test,1144,8420,,1,0.5450189709663391
sprint9_multiseed_S8A_R2_seed7_S8A_R2_context_edge_film,S8A_R2_context_edge_film,graph_c_gatv2_context_edge_film_interaction,gatv2_graph_c_sprint8a_context_edge_film,gatv2,graph_c_context_observation,S5F2_energy,test,1145,8420,,1,0.6119970679283142
sprint9_multiseed_S8A_R2_seed7_S8A_R2_context_edge_film,S8A_R2_context_edge_film,graph_c_gatv2_context_edge_film_interaction,gatv2_graph_c_sprint8a_context_edge_film,gatv2,graph_c_context_observation,S5F2_energy,test,1146,8420,,1,0.544560432434082
sprint9_multiseed_S8A_R2_seed7_S8A_R2_context_edge_film,S8A_R2_context_edge_film,graph_c_gatv2_context_edge_film_interaction,gatv2_graph_c_sprint8a_context_edge_film,gatv2,graph_c_context_observation,S5F2_energy,test,1147,8420,,1,0.6852331161499023
sprint9_multiseed_S8A_R2_seed7_S8A_R2_context_edge_film,S8A_R2_context_edge_film,graph_c_gatv2_context_edge_film_interaction,gatv2_graph_c_sprint8a_context_edge_film,gatv2,graph_c_context_observation,S5F2_energy,test,1148,8420,,1,0.523720920085907
sprint9_multiseed_S8A_R2_seed7_S8A_R2_context_edge_film,S8A_R2_context_edge_film,graph_c_gatv2_context_edge_film_interaction,gatv2_graph_c_sprint8a_context_edge_film,gatv2,graph_c_context_observation,S5F2_energy,test,1149,8420,,1,0.553116500377655
sprint9_multiseed_S8A_R2_seed7_S8A_R2_context_edge_film,S8A_R2_context_edge_film,graph_c_gatv2_context_edge_film_interaction,gatv2_graph_c_sprint8a_context_edge_film,gatv2,graph_c_context_observation,S5F2_energy,test,1150,8420,,1,0.5682048201560974
sprint9_multiseed_S8A_R2_seed7_S8A_R2_context_edge_film,S8A_R2_context_edge_film,graph_c_gatv2_context_edge_film_interaction,gatv2_graph_c_sprint8a_context_edge_film,gatv2,graph_c_context_observation,S5F2_energy,test,1151,8420,,1,0.5492715835571289
sprint9_multiseed_S8A_R2_seed7_S8A_R2_context_edge_film,S8A_R2_context_edge_film,graph_c_gatv2_context_edge_film_interaction,gatv2_graph_c_sprint8a_context_edge_film,gatv2,graph_c_context_observation,S5F2_energy,test,1152,8420,,1,0.49488991498947144
sprint9_multiseed_S8A_R2_seed7_S8A_R2_context_edge_film,S8A_R2_context_edge_film,graph_c_gatv2_context_edge_film_interaction,gatv2_graph_c_sprint8a_context_edge_film,gatv2,graph_c_context_observation,S5F2_energy,test,1153,8420,,1,0.8029180765151978
sprint9_multiseed_S8A_R2_seed7_S8A_R2_context_edge_film,S8A_R2_context_edge_film,graph_c_gatv2_context_edge_film_interaction,gatv2_graph_c_sprint8a_context_edge_film,gatv2,graph_c_context_observation,S5F2_energy,test,1154,8420,,1,0.4792077839374542
sprint9_multiseed_S8A_R2_seed7_S8A_R2_context_edge_film,S8A_R2_context_edge_film,graph_c_gatv2_context_edge_film_interaction,gatv2_graph_c_sprint8a_context_edge_film,gatv2,graph_c_context_observation,S5F2_energy,test,1155,8420,,1,0.48014727234840393
sprint9_multiseed_S8A_R2_seed7_S8A_R2_context_edge_film,S8A_R2_context_edge_film,graph_c_gatv2_context_edge_film_interaction,gatv2_graph_c_sprint8a_context_edge_film,gatv2,graph_c_context_observation,S5F2_energy,test,1156,8420,,1,0.4905533790588379
sprint9_multiseed_S8A_R2_seed7_S8A_R2_context_edge_film,S8A_R2_context_edge_film,graph_c_gatv2_context_edge_film_interaction,gatv2_graph_c_sprint8a_context_edge_film,gatv2,graph_c_context_observation,S5F2_energy,test,1157,8420,,1,0.5431544184684753
sprint9_multiseed_S8A_R2_seed7_S8A_R2_context_edge_film,S8A_R2_context_edge_film,graph_c_gatv2_context_edge_film_interaction,gatv2_graph_c_sprint8a_context_edge_film,gatv2,graph_c_context_observation,S5F2_energy,test,1158,8420,,1,0.613269031047821
sprint9_multiseed_S8A_R2_seed7_S8A_R2_context_edge_film,S8A_R2_context_edge_film,graph_c_gatv2_context_edge_film_interaction,gatv2_graph_c_sprint8a_context_edge_film,gatv2,graph_c_context_observation,S5F2_energy,test,1159,8420,,1,0.6371787786483765
sprint9_multiseed_S8A_R2_seed7_S8A_R2_context_edge_film,S8A_R2_context_edge_film,graph_c_gatv2_context_edge_film_interaction,gatv2_graph_c_sprint8a_context_edge_film,gatv2,graph_c_context_observation,S5F2_energy,test,1160,8420,,1,0.5950484871864319
sprint9_multiseed_S8A_R2_seed7_S8A_R2_context_edge_film,S8A_R2_context_edge_film,graph_c_gatv2_context_edge_film_interaction,gatv2_graph_c_sprint8a_context_edge_film,gatv2,graph_c_context_observation,S5F2_energy,test,1161,8420,,1,0.599684476852417
sprint9_multiseed_S8A_R2_seed7_S8A_R2_context_edge_film,S8A_R2_context_edge_film,graph_c_gatv2_context_edge_film_interaction,gatv2_graph_c_sprint8a_context_edge_film,gatv2,graph_c_context_observation,S5F2_energy,test,1162,8420,,1,0.5152463316917419
sprint9_multiseed_S8A_R2_seed7_S8A_R2_context_edge_film,S8A_R2_context_edge_film,graph_c_gatv2_context_edge_film_interaction,gatv2_graph_c_sprint8a_context_edge_film,gatv2,graph_c_context_observation,S5F2_energy,test,1163,8420,,1,0.5781319737434387
sprint9_multiseed_S8A_R2_seed7_S8A_R2_context_edge_film,S8A_R2_context_edge_film,graph_c_gatv2_context_edge_film_interaction,gatv2_graph_c_sprint8a_context_edge_film,gatv2,graph_c_context_observation,S5F2_energy,test,1164,8420,,1,0.5893885493278503
sprint9_multiseed_S8A_R2_seed7_S8A_R2_context_edge_film,S8A_R2_context_edge_film,graph_c_gatv2_context_edge_film_interaction,gatv2_graph_c_sprint8a_context_edge_film,gatv2,graph_c_context_observation,S5F2_energy,test,1165,8420,,1,0.5166949033737183
sprint9_multiseed_S8A_R2_seed7_S8A_R2_context_edge_film,S8A_R2_context_edge_film,graph_c_gatv2_context_edge_film_interaction,gatv2_graph_c_sprint8a_context_edge_film,gatv2,graph_c_context_observation,S5F2_energy,test,1166,8420,,1,0.5438505411148071
sprint9_multiseed_S8A_R2_seed7_S8A_R2_context_edge_film,S8A_R2_context_edge_film,graph_c_gatv2_context_edge_film_interaction,gatv2_graph_c_sprint8a_context_edge_film,gatv2,graph_c_context_observation,S5F2_energy,test,1167,8420,,1,0.6777651309967041
sprint9_multiseed_S8A_R2_seed7_S8A_R2_context_edge_film,S8A_R2_context_edge_film,graph_c_gatv2_context_edge_film_interaction,gatv2_graph_c_sprint8a_context_edge_film,gatv2,graph_c_context_observation,S5F2_energy,test,1168,8420,,1,0.5914420485496521
sprint9_multiseed_S8A_R2_seed7_S8A_R2_context_edge_film,S8A_R2_context_edge_film,graph_c_gatv2_context_edge_film_interaction,gatv2_graph_c_sprint8a_context_edge_film,gatv2,graph_c_context_observation,S5F2_energy,test,1169,8420,,1,0.5596221685409546
sprint9_multiseed_S8A_R2_seed7_S8A_R2_context_edge_film,S8A_R2_context_edge_film,graph_c_gatv2_context_edge_film_interaction,gatv2_graph_c_sprint8a_context_edge_film,gatv2,graph_c_context_observation,S5F2_energy,test,1170,8420,,1,0.5456037521362305
sprint9_multiseed_S8A_R2_seed7_S8A_R2_context_edge_film,S8A_R2_context_edge_film,graph_c_gatv2_context_edge_film_interaction,gatv2_graph_c_sprint8a_context_edge_film,gatv2,graph_c_context_observation,S5F2_energy,test,1171,8420,,1,0.5857222080230713
sprint9_multiseed_S8A_R2_seed7_S8A_R2_context_edge_film,S8A_R2_context_edge_film,graph_c_gatv2_context_edge_film_interaction,gatv2_graph_c_sprint8a_context_edge_film,gatv2,graph_c_context_observation,S5F2_energy,test,1172,8420,,1,0.5465549826622009
sprint9_multiseed_S8A_R2_seed7_S8A_R2_context_edge_film,S8A_R2_context_edge_film,graph_c_gatv2_context_edge_film_interaction,gatv2_graph_c_sprint8a_context_edge_film,gatv2,graph_c_context_observation,S5F2_energy,test,1173,8420,,1,0.5204443335533142
sprint9_multiseed_S8A_R2_seed7_S8A_R2_context_edge_film,S8A_R2_context_edge_film,graph_c_gatv2_context_edge_film_interaction,gatv2_graph_c_sprint8a_context_edge_film,gatv2,graph_c_context_observation,S5F2_energy,test,1174,8420,,1,0.5859664082527161
sprint9_multiseed_S8A_R2_seed7_S8A_R2_context_edge_film,S8A_R2_context_edge_film,graph_c_gatv2_context_edge_film_interaction,gatv2_graph_c_sprint8a_context_edge_film,gatv2,graph_c_context_observation,S5F2_energy,test,1175,8420,,1,0.630673348903656
sprint9_multiseed_S8A_R2_seed7_S8A_R2_context_edge_film,S8A_R2_context_edge_film,graph_c_gatv2_context_edge_film_interaction,gatv2_graph_c_sprint8a_context_edge_film,gatv2,graph_c_context_observation,S5F2_energy,test,1176,8420,,1,0.6733019351959229
sprint9_multiseed_S8A_R2_seed7_S8A_R2_context_edge_film,S8A_R2_context_edge_film,graph_c_gatv2_context_edge_film_interaction,gatv2_graph_c_sprint8a_context_edge_film,gatv2,graph_c_context_observation,S5F2_energy,test,1177,8420,,1,0.5461109280586243
sprint9_multiseed_S8A_R2_seed7_S8A_R2_context_edge_film,S8A_R2_context_edge_film,graph_c_gatv2_context_edge_film_interaction,gatv2_graph_c_sprint8a_context_edge_film,gatv2,graph_c_context_observation,S5F2_energy,test,1178,8420,,1,0.5198320150375366
sprint9_multiseed_S8A_R2_seed7_S8A_R2_context_edge_film,S8A_R2_context_edge_film,graph_c_gatv2_context_edge_film_interaction,gatv2_graph_c_sprint8a_context_edge_film,gatv2,graph_c_context_observation,S5F2_energy,test,1179,8420,,1,0.5992534160614014
sprint9_multiseed_S8A_R2_seed7_S8A_R2_context_edge_film,S8A_R2_context_edge_film,graph_c_gatv2_context_edge_film_interaction,gatv2_graph_c_sprint8a_context_edge_film,gatv2,graph_c_context_observation,S5F2_energy,test,1180,8420,,1,0.5768991112709045
sprint9_multiseed_S8A_R2_seed7_S8A_R2_context_edge_film,S8A_R2_context_edge_film,graph_c_gatv2_context_edge_film_interaction,gatv2_graph_c_sprint8a_context_edge_film,gatv2,graph_c_context_observation,S5F2_energy,test,1181,8420,,1,0.46677258610725403
sprint9_multiseed_S8A_R2_seed7_S8A_R2_context_edge_film,S8A_R2_context_edge_film,graph_c_gatv2_context_edge_film_interaction,gatv2_graph_c_sprint8a_context_edge_film,gatv2,graph_c_context_observation,S5F2_energy,test,1182,8420,,1,0.5467138886451721
sprint9_multiseed_S8A_R2_seed7_S8A_R2_context_edge_film,S8A_R2_context_edge_film,graph_c_gatv2_context_edge_film_interaction,gatv2_graph_c_sprint8a_context_edge_film,gatv2,graph_c_context_observation,S5F2_energy,test,1183,8420,,1,0.5964827537536621
sprint9_multiseed_S8A_R2_seed7_S8A_R2_context_edge_film,S8A_R2_context_edge_film,graph_c_gatv2_context_edge_film_interaction,gatv2_graph_c_sprint8a_context_edge_film,gatv2,graph_c_context_observation,S5F2_energy,test,1184,8420,,1,0.6490523219108582
sprint9_multiseed_S8A_R2_seed7_S8A_R2_context_edge_film,S8A_R2_context_edge_film,graph_c_gatv2_context_edge_film_interaction,gatv2_graph_c_sprint8a_context_edge_film,gatv2,graph_c_context_observation,S5F2_energy,test,1185,8420,,1,0.5690696835517883
sprint9_multiseed_S8A_R2_seed7_S8A_R2_context_edge_film,S8A_R2_context_edge_film,graph_c_gatv2_context_edge_film_interaction,gatv2_graph_c_sprint8a_context_edge_film,gatv2,graph_c_context_observation,S5F2_energy,test,1186,8420,,1,0.6495715975761414
sprint9_multiseed_S8A_R2_seed7_S8A_R2_context_edge_film,S8A_R2_context_edge_film,graph_c_gatv2_context_edge_film_interaction,gatv2_graph_c_sprint8a_context_edge_film,gatv2,graph_c_context_observation,S5F2_energy,test,1187,8420,,1,0.5337831377983093
sprint9_multiseed_S8A_R2_seed7_S8A_R2_context_edge_film,S8A_R2_context_edge_film,graph_c_gatv2_context_edge_film_interaction,gatv2_graph_c_sprint8a_context_edge_film,gatv2,graph_c_context_observation,S5F2_energy,test,1188,8420,,1,0.6060413122177124
sprint9_multiseed_S8A_R2_seed7_S8A_R2_context_edge_film,S8A_R2_context_edge_film,graph_c_gatv2_context_edge_film_interaction,gatv2_graph_c_sprint8a_context_edge_film,gatv2,graph_c_context_observation,S5F2_energy,test,1189,8420,,1,0.5016849040985107
sprint9_multiseed_S8A_R2_seed7_S8A_R2_context_edge_film,S8A_R2_context_edge_film,graph_c_gatv2_context_edge_film_interaction,gatv2_graph_c_sprint8a_context_edge_film,gatv2,graph_c_context_observation,S5F2_energy,test,1190,8420,,1,0.6836313009262085
sprint9_multiseed_S8A_R2_seed7_S8A_R2_context_edge_film,S8A_R2_context_edge_film,graph_c_gatv2_context_edge_film_interaction,gatv2_graph_c_sprint8a_context_edge_film,gatv2,graph_c_context_observation,S5F2_energy,test,1191,8420,,1,0.5492897033691406
sprint9_multiseed_S8A_R2_seed7_S8A_R2_context_edge_film,S8A_R2_context_edge_film,graph_c_gatv2_context_edge_film_interaction,gatv2_graph_c_sprint8a_context_edge_film,gatv2,graph_c_context_observation,S5F2_energy,test,1192,8420,,1,0.4900239408016205
sprint9_multiseed_S8A_R2_seed7_S8A_R2_context_edge_film,S8A_R2_context_edge_film,graph_c_gatv2_context_edge_film_interaction,gatv2_graph_c_sprint8a_context_edge_film,gatv2,graph_c_context_observation,S5F2_energy,test,1193,8420,,1,0.5581061840057373
sprint9_multiseed_S8A_R2_seed7_S8A_R2_context_edge_film,S8A_R2_context_edge_film,graph_c_gatv2_context_edge_film_interaction,gatv2_graph_c_sprint8a_context_edge_film,gatv2,graph_c_context_observation,S5F2_energy,test,1194,8420,,1,0.6112838387489319
sprint9_multiseed_S8A_R2_seed7_S8A_R2_context_edge_film,S8A_R2_context_edge_film,graph_c_gatv2_context_edge_film_interaction,gatv2_graph_c_sprint8a_context_edge_film,gatv2,graph_c_context_observation,S5F2_energy,test,1195,8420,,1,0.5537048578262329
sprint9_multiseed_S8A_R2_seed7_S8A_R2_context_edge_film,S8A_R2_context_edge_film,graph_c_gatv2_context_edge_film_interaction,gatv2_graph_c_sprint8a_context_edge_film,gatv2,graph_c_context_observation,S5F2_energy,test,1196,8420,,1,0.6144504547119141
sprint9_multiseed_S8A_R2_seed7_S8A_R2_context_edge_film,S8A_R2_context_edge_film,graph_c_gatv2_context_edge_film_interaction,gatv2_graph_c_sprint8a_context_edge_film,gatv2,graph_c_context_observation,S5F2_energy,test,1197,8420,,1,0.46763235330581665
sprint9_multiseed_S8A_R2_seed7_S8A_R2_context_edge_film,S8A_R2_context_edge_film,graph_c_gatv2_context_edge_film_interaction,gatv2_graph_c_sprint8a_context_edge_film,gatv2,graph_c_context_observation,S5F2_energy,test,1198,8420,,1,0.5263938903808594
sprint9_multiseed_S8A_R2_seed7_S8A_R2_context_edge_film,S8A_R2_context_edge_film,graph_c_gatv2_context_edge_film_interaction,gatv2_graph_c_sprint8a_context_edge_film,gatv2,graph_c_context_observation,S5F2_energy,test,1199,8420,,1,0.4920846223831177
sprint9_multiseed_S8A_R2_seed7_S8A_R2_context_edge_film,S8A_R2_context_edge_film,graph_c_gatv2_context_edge_film_interaction,gatv2_graph_c_sprint8a_context_edge_film,gatv2,graph_c_context_observation,S5F2_energy,test,1200,8420,,1,0.46529778838157654
sprint9_multiseed_S8A_R2_seed7_S8A_R2_context_edge_film,S8A_R2_context_edge_film,graph_c_gatv2_context_edge_film_interaction,gatv2_graph_c_sprint8a_context_edge_film,gatv2,graph_c_context_observation,S5F2_energy,test,1201,8420,,1,0.6211849451065063
sprint9_multiseed_S8A_R2_seed7_S8A_R2_context_edge_film,S8A_R2_context_edge_film,graph_c_gatv2_context_edge_film_interaction,gatv2_graph_c_sprint8a_context_edge_film,gatv2,graph_c_context_observation,S5F2_energy,test,1202,8420,,1,0.5506291389465332
sprint9_multiseed_S8A_R2_seed7_S8A_R2_context_edge_film,S8A_R2_context_edge_film,graph_c_gatv2_context_edge_film_interaction,gatv2_graph_c_sprint8a_context_edge_film,gatv2,graph_c_context_observation,S5F2_energy,test,1203,8420,,1,0.5685024857521057
sprint9_multiseed_S8A_R2_seed7_S8A_R2_context_edge_film,S8A_R2_context_edge_film,graph_c_gatv2_context_edge_film_interaction,gatv2_graph_c_sprint8a_context_edge_film,gatv2,graph_c_context_observation,S5F2_energy,test,1204,8420,,1,0.51070237159729
sprint9_multiseed_S8A_R2_seed7_S8A_R2_context_edge_film,S8A_R2_context_edge_film,graph_c_gatv2_context_edge_film_interaction,gatv2_graph_c_sprint8a_context_edge_film,gatv2,graph_c_context_observation,S5F2_energy,test,1205,8420,,1,0.5645750761032104
sprint9_multiseed_S8A_R2_seed7_S8A_R2_context_edge_film,S8A_R2_context_edge_film,graph_c_gatv2_context_edge_film_interaction,gatv2_graph_c_sprint8a_context_edge_film,gatv2,graph_c_context_observation,S5F2_energy,test,1206,8420,,1,0.5641419291496277
sprint9_multiseed_S8A_R2_seed7_S8A_R2_context_edge_film,S8A_R2_context_edge_film,graph_c_gatv2_context_edge_film_interaction,gatv2_graph_c_sprint8a_context_edge_film,gatv2,graph_c_context_observation,S5F2_energy,test,1207,8420,,1,0.6384916305541992
sprint9_multiseed_S8A_R2_seed7_S8A_R2_context_edge_film,S8A_R2_context_edge_film,graph_c_gatv2_context_edge_film_interaction,gatv2_graph_c_sprint8a_context_edge_film,gatv2,graph_c_context_observation,S5F2_energy,test,1208,8420,,1,0.5705430507659912
sprint9_multiseed_S8A_R2_seed7_S8A_R2_context_edge_film,S8A_R2_context_edge_film,graph_c_gatv2_context_edge_film_interaction,gatv2_graph_c_sprint8a_context_edge_film,gatv2,graph_c_context_observation,S5F2_energy,test,1209,8420,,1,0.6079691052436829
sprint9_multiseed_S8A_R2_seed7_S8A_R2_context_edge_film,S8A_R2_context_edge_film,graph_c_gatv2_context_edge_film_interaction,gatv2_graph_c_sprint8a_context_edge_film,gatv2,graph_c_context_observation,S5F2_energy,test,1210,8420,,1,0.6053298711776733
sprint9_multiseed_S8A_R2_seed7_S8A_R2_context_edge_film,S8A_R2_context_edge_film,graph_c_gatv2_context_edge_film_interaction,gatv2_graph_c_sprint8a_context_edge_film,gatv2,graph_c_context_observation,S5F2_energy,test,1211,8420,,1,0.49139881134033203
sprint9_multiseed_S8A_R2_seed7_S8A_R2_context_edge_film,S8A_R2_context_edge_film,graph_c_gatv2_context_edge_film_interaction,gatv2_graph_c_sprint8a_context_edge_film,gatv2,graph_c_context_observation,S5F2_energy,test,1212,8420,,1,0.5175988674163818
sprint9_multiseed_S8A_R2_seed7_S8A_R2_context_edge_film,S8A_R2_context_edge_film,graph_c_gatv2_context_edge_film_interaction,gatv2_graph_c_sprint8a_context_edge_film,gatv2,graph_c_context_observation,S5F2_energy,test,1213,8420,,1,0.5052064657211304
sprint9_multiseed_S8A_R2_seed7_S8A_R2_context_edge_film,S8A_R2_context_edge_film,graph_c_gatv2_context_edge_film_interaction,gatv2_graph_c_sprint8a_context_edge_film,gatv2,graph_c_context_observation,S5F2_energy,test,1214,8420,,1,0.5056076645851135
sprint9_multiseed_S8A_R2_seed7_S8A_R2_context_edge_film,S8A_R2_context_edge_film,graph_c_gatv2_context_edge_film_interaction,gatv2_graph_c_sprint8a_context_edge_film,gatv2,graph_c_context_observation,S5F2_energy,test,1215,8420,,1,0.5188431143760681
sprint9_multiseed_S8A_R2_seed7_S8A_R2_context_edge_film,S8A_R2_context_edge_film,graph_c_gatv2_context_edge_film_interaction,gatv2_graph_c_sprint8a_context_edge_film,gatv2,graph_c_context_observation,S5F2_energy,test,1216,8420,,1,0.5568987131118774
sprint9_multiseed_S8A_R2_seed7_S8A_R2_context_edge_film,S8A_R2_context_edge_film,graph_c_gatv2_context_edge_film_interaction,gatv2_graph_c_sprint8a_context_edge_film,gatv2,graph_c_context_observation,S5F2_energy,test,1217,8420,,1,0.5479806065559387
sprint9_multiseed_S8A_R2_seed7_S8A_R2_context_edge_film,S8A_R2_context_edge_film,graph_c_gatv2_context_edge_film_interaction,gatv2_graph_c_sprint8a_context_edge_film,gatv2,graph_c_context_observation,S5F2_energy,test,1218,8420,,1,0.4313274323940277
sprint9_multiseed_S8A_R2_seed7_S8A_R2_context_edge_film,S8A_R2_context_edge_film,graph_c_gatv2_context_edge_film_interaction,gatv2_graph_c_sprint8a_context_edge_film,gatv2,graph_c_context_observation,S5F2_energy,test,1219,8420,,1,0.564459502696991
sprint9_multiseed_S8A_R2_seed7_S8A_R2_context_edge_film,S8A_R2_context_edge_film,graph_c_gatv2_context_edge_film_interaction,gatv2_graph_c_sprint8a_context_edge_film,gatv2,graph_c_context_observation,S5F2_energy,test,1220,8420,,1,0.5770214200019836
sprint9_multiseed_S8A_R2_seed7_S8A_R2_context_edge_film,S8A_R2_context_edge_film,graph_c_gatv2_context_edge_film_interaction,gatv2_graph_c_sprint8a_context_edge_film,gatv2,graph_c_context_observation,S5F2_energy,test,1221,8420,,1,0.6281476616859436
sprint9_multiseed_S8A_R2_seed7_S8A_R2_context_edge_film,S8A_R2_context_edge_film,graph_c_gatv2_context_edge_film_interaction,gatv2_graph_c_sprint8a_context_edge_film,gatv2,graph_c_context_observation,S5F2_energy,test,1222,8420,,1,0.5110040307044983
sprint9_multiseed_S8A_R2_seed7_S8A_R2_context_edge_film,S8A_R2_context_edge_film,graph_c_gatv2_context_edge_film_interaction,gatv2_graph_c_sprint8a_context_edge_film,gatv2,graph_c_context_observation,S5F2_energy,test,1223,8420,,1,0.5813754796981812
sprint9_multiseed_S8A_R2_seed7_S8A_R2_context_edge_film,S8A_R2_context_edge_film,graph_c_gatv2_context_edge_film_interaction,gatv2_graph_c_sprint8a_context_edge_film,gatv2,graph_c_context_observation,S5F2_energy,test,1224,8420,,1,0.571556031703949
sprint9_multiseed_S8A_R2_seed7_S8A_R2_context_edge_film,S8A_R2_context_edge_film,graph_c_gatv2_context_edge_film_interaction,gatv2_graph_c_sprint8a_context_edge_film,gatv2,graph_c_context_observation,S5F2_energy,test,1225,8420,,1,0.5503205060958862
sprint9_multiseed_S8A_R2_seed7_S8A_R2_context_edge_film,S8A_R2_context_edge_film,graph_c_gatv2_context_edge_film_interaction,gatv2_graph_c_sprint8a_context_edge_film,gatv2,graph_c_context_observation,S5F2_energy,test,1226,8420,,1,0.49440068006515503
sprint9_multiseed_S8A_R2_seed7_S8A_R2_context_edge_film,S8A_R2_context_edge_film,graph_c_gatv2_context_edge_film_interaction,gatv2_graph_c_sprint8a_context_edge_film,gatv2,graph_c_context_observation,S5F2_energy,test,1227,8420,,1,0.512080729007721
sprint9_multiseed_S8A_R2_seed7_S8A_R2_context_edge_film,S8A_R2_context_edge_film,graph_c_gatv2_context_edge_film_interaction,gatv2_graph_c_sprint8a_context_edge_film,gatv2,graph_c_context_observation,S5F2_energy,test,1228,8420,,1,0.6744771003723145
sprint9_multiseed_S8A_R2_seed7_S8A_R2_context_edge_film,S8A_R2_context_edge_film,graph_c_gatv2_context_edge_film_interaction,gatv2_graph_c_sprint8a_context_edge_film,gatv2,graph_c_context_observation,S5F2_energy,test,1229,8420,,1,0.5651499032974243
sprint9_multiseed_S8A_R2_seed7_S8A_R2_context_edge_film,S8A_R2_context_edge_film,graph_c_gatv2_context_edge_film_interaction,gatv2_graph_c_sprint8a_context_edge_film,gatv2,graph_c_context_observation,S5F2_energy,test,1230,8420,,1,0.5333952307701111
sprint9_multiseed_S8A_R2_seed7_S8A_R2_context_edge_film,S8A_R2_context_edge_film,graph_c_gatv2_context_edge_film_interaction,gatv2_graph_c_sprint8a_context_edge_film,gatv2,graph_c_context_observation,S5F2_energy,test,1231,8420,,1,0.47461873292922974
sprint9_multiseed_S8A_R2_seed7_S8A_R2_context_edge_film,S8A_R2_context_edge_film,graph_c_gatv2_context_edge_film_interaction,gatv2_graph_c_sprint8a_context_edge_film,gatv2,graph_c_context_observation,S5F2_energy,test,1232,8420,,1,0.5311405658721924
sprint9_multiseed_S8A_R2_seed7_S8A_R2_context_edge_film,S8A_R2_context_edge_film,graph_c_gatv2_context_edge_film_interaction,gatv2_graph_c_sprint8a_context_edge_film,gatv2,graph_c_context_observation,S5F2_energy,test,1233,8420,,1,0.6152942776679993
sprint9_multiseed_S8A_R2_seed7_S8A_R2_context_edge_film,S8A_R2_context_edge_film,graph_c_gatv2_context_edge_film_interaction,gatv2_graph_c_sprint8a_context_edge_film,gatv2,graph_c_context_observation,S5F2_energy,test,1234,8420,,1,0.5870509147644043
sprint9_multiseed_S8A_R2_seed7_S8A_R2_context_edge_film,S8A_R2_context_edge_film,graph_c_gatv2_context_edge_film_interaction,gatv2_graph_c_sprint8a_context_edge_film,gatv2,graph_c_context_observation,S5F2_energy,test,1235,8420,,1,0.7149496674537659
sprint9_multiseed_S8A_R2_seed7_S8A_R2_context_edge_film,S8A_R2_context_edge_film,graph_c_gatv2_context_edge_film_interaction,gatv2_graph_c_sprint8a_context_edge_film,gatv2,graph_c_context_observation,S5F2_energy,test,1236,8420,,1,0.4480173587799072
sprint9_multiseed_S8A_R2_seed7_S8A_R2_context_edge_film,S8A_R2_context_edge_film,graph_c_gatv2_context_edge_film_interaction,gatv2_graph_c_sprint8a_context_edge_film,gatv2,graph_c_context_observation,S5F2_energy,test,1237,8420,,1,0.5118923187255859
sprint9_multiseed_S8A_R2_seed7_S8A_R2_context_edge_film,S8A_R2_context_edge_film,graph_c_gatv2_context_edge_film_interaction,gatv2_graph_c_sprint8a_context_edge_film,gatv2,graph_c_context_observation,S5F2_energy,test,1238,8420,,1,0.5841016173362732
sprint9_multiseed_S8A_R2_seed7_S8A_R2_context_edge_film,S8A_R2_context_edge_film,graph_c_gatv2_context_edge_film_interaction,gatv2_graph_c_sprint8a_context_edge_film,gatv2,graph_c_context_observation,S5F2_energy,test,1239,8420,,1,0.6347265243530273
sprint9_multiseed_S8A_R2_seed7_S8A_R2_context_edge_film,S8A_R2_context_edge_film,graph_c_gatv2_context_edge_film_interaction,gatv2_graph_c_sprint8a_context_edge_film,gatv2,graph_c_context_observation,S5F2_energy,test,1240,8420,,1,0.5147910118103027
sprint9_multiseed_S8A_R2_seed7_S8A_R2_context_edge_film,S8A_R2_context_edge_film,graph_c_gatv2_context_edge_film_interaction,gatv2_graph_c_sprint8a_context_edge_film,gatv2,graph_c_context_observation,S5F2_energy,test,1241,8420,,1,0.6427491903305054
sprint9_multiseed_S8A_R2_seed7_S8A_R2_context_edge_film,S8A_R2_context_edge_film,graph_c_gatv2_context_edge_film_interaction,gatv2_graph_c_sprint8a_context_edge_film,gatv2,graph_c_context_observation,S5F2_energy,test,1242,8420,,1,0.5344580411911011
sprint9_multiseed_S8A_R2_seed7_S8A_R2_context_edge_film,S8A_R2_context_edge_film,graph_c_gatv2_context_edge_film_interaction,gatv2_graph_c_sprint8a_context_edge_film,gatv2,graph_c_context_observation,S5F2_energy,test,1243,8420,,1,0.602472186088562
sprint9_multiseed_S8A_R2_seed7_S8A_R2_context_edge_film,S8A_R2_context_edge_film,graph_c_gatv2_context_edge_film_interaction,gatv2_graph_c_sprint8a_context_edge_film,gatv2,graph_c_context_observation,S5F2_energy,test,1244,8420,,1,0.6489809155464172
sprint9_multiseed_S8A_R2_seed7_S8A_R2_context_edge_film,S8A_R2_context_edge_film,graph_c_gatv2_context_edge_film_interaction,gatv2_graph_c_sprint8a_context_edge_film,gatv2,graph_c_context_observation,S5F2_energy,test,1245,8420,,1,0.6192396283149719
sprint9_multiseed_S8A_R2_seed7_S8A_R2_context_edge_film,S8A_R2_context_edge_film,graph_c_gatv2_context_edge_film_interaction,gatv2_graph_c_sprint8a_context_edge_film,gatv2,graph_c_context_observation,S5F2_energy,test,1246,8420,,1,0.5001022815704346
sprint9_multiseed_S8A_R2_seed7_S8A_R2_context_edge_film,S8A_R2_context_edge_film,graph_c_gatv2_context_edge_film_interaction,gatv2_graph_c_sprint8a_context_edge_film,gatv2,graph_c_context_observation,S5F2_energy,test,1247,8420,,1,0.48515793681144714
sprint9_multiseed_S8A_R2_seed7_S8A_R2_context_edge_film,S8A_R2_context_edge_film,graph_c_gatv2_context_edge_film_interaction,gatv2_graph_c_sprint8a_context_edge_film,gatv2,graph_c_context_observation,S5F2_energy,test,1248,8420,,1,0.5347912907600403
sprint9_multiseed_S8A_R2_seed7_S8A_R2_context_edge_film,S8A_R2_context_edge_film,graph_c_gatv2_context_edge_film_interaction,gatv2_graph_c_sprint8a_context_edge_film,gatv2,graph_c_context_observation,S5F2_energy,test,1249,8420,,1,0.5073414444923401
sprint9_multiseed_S8A_R2_seed7_S8A_R2_context_edge_film,S8A_R2_context_edge_film,graph_c_gatv2_context_edge_film_interaction,gatv2_graph_c_sprint8a_context_edge_film,gatv2,graph_c_context_observation,S5F2_energy,test,1250,8420,,1,0.5633330941200256
sprint9_multiseed_S8A_R2_seed7_S8A_R2_context_edge_film,S8A_R2_context_edge_film,graph_c_gatv2_context_edge_film_interaction,gatv2_graph_c_sprint8a_context_edge_film,gatv2,graph_c_context_observation,S5F2_energy,test,1251,8420,,1,0.7051944136619568
sprint9_multiseed_S8A_R2_seed7_S8A_R2_context_edge_film,S8A_R2_context_edge_film,graph_c_gatv2_context_edge_film_interaction,gatv2_graph_c_sprint8a_context_edge_film,gatv2,graph_c_context_observation,S5F2_energy,test,1252,8420,,1,0.5852134227752686
sprint9_multiseed_S8A_R2_seed7_S8A_R2_context_edge_film,S8A_R2_context_edge_film,graph_c_gatv2_context_edge_film_interaction,gatv2_graph_c_sprint8a_context_edge_film,gatv2,graph_c_context_observation,S5F2_energy,test,1253,8420,,1,0.6222073435783386
sprint9_multiseed_S8A_R2_seed7_S8A_R2_context_edge_film,S8A_R2_context_edge_film,graph_c_gatv2_context_edge_film_interaction,gatv2_graph_c_sprint8a_context_edge_film,gatv2,graph_c_context_observation,S5F2_energy,test,1254,8420,,1,0.49676552414894104
sprint9_multiseed_S8A_R2_seed7_S8A_R2_context_edge_film,S8A_R2_context_edge_film,graph_c_gatv2_context_edge_film_interaction,gatv2_graph_c_sprint8a_context_edge_film,gatv2,graph_c_context_observation,S5F2_energy,test,1255,8420,,1,0.5008429288864136
sprint9_multiseed_S8A_R2_seed7_S8A_R2_context_edge_film,S8A_R2_context_edge_film,graph_c_gatv2_context_edge_film_interaction,gatv2_graph_c_sprint8a_context_edge_film,gatv2,graph_c_context_observation,S5F2_energy,test,1256,8420,,1,0.6043838858604431
sprint9_multiseed_S8A_R2_seed7_S8A_R2_context_edge_film,S8A_R2_context_edge_film,graph_c_gatv2_context_edge_film_interaction,gatv2_graph_c_sprint8a_context_edge_film,gatv2,graph_c_context_observation,S5F2_energy,test,1257,8420,,1,0.49175161123275757
sprint9_multiseed_S8A_R2_seed7_S8A_R2_context_edge_film,S8A_R2_context_edge_film,graph_c_gatv2_context_edge_film_interaction,gatv2_graph_c_sprint8a_context_edge_film,gatv2,graph_c_context_observation,S5F2_energy,test,1258,8420,,1,0.5156883597373962
sprint9_multiseed_S8A_R2_seed7_S8A_R2_context_edge_film,S8A_R2_context_edge_film,graph_c_gatv2_context_edge_film_interaction,gatv2_graph_c_sprint8a_context_edge_film,gatv2,graph_c_context_observation,S5F2_energy,test,1259,8420,,1,0.560418963432312
sprint9_multiseed_S8A_R2_seed7_S8A_R2_context_edge_film,S8A_R2_context_edge_film,graph_c_gatv2_context_edge_film_interaction,gatv2_graph_c_sprint8a_context_edge_film,gatv2,graph_c_context_observation,S5F2_energy,test,1260,8420,,1,0.5661225914955139
sprint9_multiseed_S8A_R2_seed7_S8A_R2_context_edge_film,S8A_R2_context_edge_film,graph_c_gatv2_context_edge_film_interaction,gatv2_graph_c_sprint8a_context_edge_film,gatv2,graph_c_context_observation,S5F2_energy,test,1261,8420,,1,0.5747471451759338
sprint9_multiseed_S8A_R2_seed7_S8A_R2_context_edge_film,S8A_R2_context_edge_film,graph_c_gatv2_context_edge_film_interaction,gatv2_graph_c_sprint8a_context_edge_film,gatv2,graph_c_context_observation,S5F2_energy,test,1262,8420,,1,0.6997439861297607
sprint9_multiseed_S8A_R2_seed7_S8A_R2_context_edge_film,S8A_R2_context_edge_film,graph_c_gatv2_context_edge_film_interaction,gatv2_graph_c_sprint8a_context_edge_film,gatv2,graph_c_context_observation,S5F2_energy,test,1263,8420,,1,0.498300164937973
sprint9_multiseed_S8A_R2_seed7_S8A_R2_context_edge_film,S8A_R2_context_edge_film,graph_c_gatv2_context_edge_film_interaction,gatv2_graph_c_sprint8a_context_edge_film,gatv2,graph_c_context_observation,S5F2_energy,test,1264,8420,,1,0.4712583124637604
sprint9_multiseed_S8A_R2_seed7_S8A_R2_context_edge_film,S8A_R2_context_edge_film,graph_c_gatv2_context_edge_film_interaction,gatv2_graph_c_sprint8a_context_edge_film,gatv2,graph_c_context_observation,S5F2_energy,test,1265,8420,,1,0.6475705504417419
sprint9_multiseed_S8A_R2_seed7_S8A_R2_context_edge_film,S8A_R2_context_edge_film,graph_c_gatv2_context_edge_film_interaction,gatv2_graph_c_sprint8a_context_edge_film,gatv2,graph_c_context_observation,S5F2_energy,test,1266,8420,,1,0.6658027172088623
sprint9_multiseed_S8A_R2_seed7_S8A_R2_context_edge_film,S8A_R2_context_edge_film,graph_c_gatv2_context_edge_film_interaction,gatv2_graph_c_sprint8a_context_edge_film,gatv2,graph_c_context_observation,S5F2_energy,test,1267,8420,,1,0.48427557945251465
sprint9_multiseed_S8A_R2_seed7_S8A_R2_context_edge_film,S8A_R2_context_edge_film,graph_c_gatv2_context_edge_film_interaction,gatv2_graph_c_sprint8a_context_edge_film,gatv2,graph_c_context_observation,S5F2_energy,test,1268,8420,,1,0.5474063158035278
sprint9_multiseed_S8A_R2_seed7_S8A_R2_context_edge_film,S8A_R2_context_edge_film,graph_c_gatv2_context_edge_film_interaction,gatv2_graph_c_sprint8a_context_edge_film,gatv2,graph_c_context_observation,S5F2_energy,test,1269,8420,,1,0.5228263139724731
sprint9_multiseed_S8A_R2_seed7_S8A_R2_context_edge_film,S8A_R2_context_edge_film,graph_c_gatv2_context_edge_film_interaction,gatv2_graph_c_sprint8a_context_edge_film,gatv2,graph_c_context_observation,S5F2_energy,test,1270,8420,,1,0.6794295907020569
sprint9_multiseed_S8A_R2_seed7_S8A_R2_context_edge_film,S8A_R2_context_edge_film,graph_c_gatv2_context_edge_film_interaction,gatv2_graph_c_sprint8a_context_edge_film,gatv2,graph_c_context_observation,S5F2_energy,test,1271,8420,,1,0.5493142008781433
sprint9_multiseed_S8A_R2_seed7_S8A_R2_context_edge_film,S8A_R2_context_edge_film,graph_c_gatv2_context_edge_film_interaction,gatv2_graph_c_sprint8a_context_edge_film,gatv2,graph_c_context_observation,S5F2_energy,test,1272,8420,,1,0.4848513901233673
sprint9_multiseed_S8A_R2_seed7_S8A_R2_context_edge_film,S8A_R2_context_edge_film,graph_c_gatv2_context_edge_film_interaction,gatv2_graph_c_sprint8a_context_edge_film,gatv2,graph_c_context_observation,S5F2_energy,test,1273,8420,,1,0.49331602454185486
sprint9_multiseed_S8A_R2_seed7_S8A_R2_context_edge_film,S8A_R2_context_edge_film,graph_c_gatv2_context_edge_film_interaction,gatv2_graph_c_sprint8a_context_edge_film,gatv2,graph_c_context_observation,S5F2_energy,test,1274,8420,,1,0.5664710402488708
sprint9_multiseed_S8A_R2_seed7_S8A_R2_context_edge_film,S8A_R2_context_edge_film,graph_c_gatv2_context_edge_film_interaction,gatv2_graph_c_sprint8a_context_edge_film,gatv2,graph_c_context_observation,S5F2_energy,test,1275,8420,,1,0.5644655227661133
sprint9_multiseed_S8A_R2_seed7_S8A_R2_context_edge_film,S8A_R2_context_edge_film,graph_c_gatv2_context_edge_film_interaction,gatv2_graph_c_sprint8a_context_edge_film,gatv2,graph_c_context_observation,S5F2_energy,test,1276,8420,,1,0.5987650752067566
sprint9_multiseed_S8A_R2_seed7_S8A_R2_context_edge_film,S8A_R2_context_edge_film,graph_c_gatv2_context_edge_film_interaction,gatv2_graph_c_sprint8a_context_edge_film,gatv2,graph_c_context_observation,S5F2_energy,test,1277,9251,,1,0.7144896984100342
sprint9_multiseed_S8A_R2_seed7_S8A_R2_context_edge_film,S8A_R2_context_edge_film,graph_c_gatv2_context_edge_film_interaction,gatv2_graph_c_sprint8a_context_edge_film,gatv2,graph_c_context_observation,S5F2_energy,test,1278,9251,,1,0.6438872218132019
sprint9_multiseed_S8A_R2_seed7_S8A_R2_context_edge_film,S8A_R2_context_edge_film,graph_c_gatv2_context_edge_film_interaction,gatv2_graph_c_sprint8a_context_edge_film,gatv2,graph_c_context_observation,S5F2_energy,test,1279,9251,,1,0.4386707544326782
sprint9_multiseed_S8A_R2_seed7_S8A_R2_context_edge_film,S8A_R2_context_edge_film,graph_c_gatv2_context_edge_film_interaction,gatv2_graph_c_sprint8a_context_edge_film,gatv2,graph_c_context_observation,S5F2_energy,test,1280,9251,,1,0.4005421996116638
sprint9_multiseed_S8A_R2_seed7_S8A_R2_context_edge_film,S8A_R2_context_edge_film,graph_c_gatv2_context_edge_film_interaction,gatv2_graph_c_sprint8a_context_edge_film,gatv2,graph_c_context_observation,S5F2_energy,test,1281,9251,,1,0.4704495072364807
sprint9_multiseed_S8A_R2_seed7_S8A_R2_context_edge_film,S8A_R2_context_edge_film,graph_c_gatv2_context_edge_film_interaction,gatv2_graph_c_sprint8a_context_edge_film,gatv2,graph_c_context_observation,S5F2_energy,test,1282,9251,,1,0.5180802345275879
sprint9_multiseed_S8A_R2_seed7_S8A_R2_context_edge_film,S8A_R2_context_edge_film,graph_c_gatv2_context_edge_film_interaction,gatv2_graph_c_sprint8a_context_edge_film,gatv2,graph_c_context_observation,S5F2_energy,test,1283,9251,,1,0.4707420766353607
sprint9_multiseed_S8A_R2_seed7_S8A_R2_context_edge_film,S8A_R2_context_edge_film,graph_c_gatv2_context_edge_film_interaction,gatv2_graph_c_sprint8a_context_edge_film,gatv2,graph_c_context_observation,S5F2_energy,test,1284,9251,,1,0.5338879227638245
sprint9_multiseed_S8A_R2_seed7_S8A_R2_context_edge_film,S8A_R2_context_edge_film,graph_c_gatv2_context_edge_film_interaction,gatv2_graph_c_sprint8a_context_edge_film,gatv2,graph_c_context_observation,S5F2_energy,test,1285,9251,,1,0.5488027334213257
sprint9_multiseed_S8A_R2_seed7_S8A_R2_context_edge_film,S8A_R2_context_edge_film,graph_c_gatv2_context_edge_film_interaction,gatv2_graph_c_sprint8a_context_edge_film,gatv2,graph_c_context_observation,S5F2_energy,test,1286,9251,,1,0.5150122046470642
sprint9_multiseed_S8A_R2_seed7_S8A_R2_context_edge_film,S8A_R2_context_edge_film,graph_c_gatv2_context_edge_film_interaction,gatv2_graph_c_sprint8a_context_edge_film,gatv2,graph_c_context_observation,S5F2_energy,test,1287,9251,,1,0.3540879786014557
sprint9_multiseed_S8A_R2_seed7_S8A_R2_context_edge_film,S8A_R2_context_edge_film,graph_c_gatv2_context_edge_film_interaction,gatv2_graph_c_sprint8a_context_edge_film,gatv2,graph_c_context_observation,S5F2_energy,test,1288,9251,,1,0.5676780939102173
sprint9_multiseed_S8A_R2_seed7_S8A_R2_context_edge_film,S8A_R2_context_edge_film,graph_c_gatv2_context_edge_film_interaction,gatv2_graph_c_sprint8a_context_edge_film,gatv2,graph_c_context_observation,S5F2_energy,test,1289,9251,,1,0.5399129390716553
sprint9_multiseed_S8A_R2_seed7_S8A_R2_context_edge_film,S8A_R2_context_edge_film,graph_c_gatv2_context_edge_film_interaction,gatv2_graph_c_sprint8a_context_edge_film,gatv2,graph_c_context_observation,S5F2_energy,test,1290,9251,,1,0.4085691273212433
sprint9_multiseed_S8A_R2_seed7_S8A_R2_context_edge_film,S8A_R2_context_edge_film,graph_c_gatv2_context_edge_film_interaction,gatv2_graph_c_sprint8a_context_edge_film,gatv2,graph_c_context_observation,S5F2_energy,test,1291,9251,,1,0.4512731432914734
sprint9_multiseed_S8A_R2_seed7_S8A_R2_context_edge_film,S8A_R2_context_edge_film,graph_c_gatv2_context_edge_film_interaction,gatv2_graph_c_sprint8a_context_edge_film,gatv2,graph_c_context_observation,S5F2_energy,test,1292,9251,,1,0.4195028841495514
sprint9_multiseed_S8A_R2_seed7_S8A_R2_context_edge_film,S8A_R2_context_edge_film,graph_c_gatv2_context_edge_film_interaction,gatv2_graph_c_sprint8a_context_edge_film,gatv2,graph_c_context_observation,S5F2_energy,test,1293,9251,,1,0.3799325227737427
sprint9_multiseed_S8A_R2_seed7_S8A_R2_context_edge_film,S8A_R2_context_edge_film,graph_c_gatv2_context_edge_film_interaction,gatv2_graph_c_sprint8a_context_edge_film,gatv2,graph_c_context_observation,S5F2_energy,test,1294,9251,,1,0.4089242219924927
sprint9_multiseed_S8A_R2_seed7_S8A_R2_context_edge_film,S8A_R2_context_edge_film,graph_c_gatv2_context_edge_film_interaction,gatv2_graph_c_sprint8a_context_edge_film,gatv2,graph_c_context_observation,S5F2_energy,test,1295,9251,,1,0.39583849906921387
sprint9_multiseed_S8A_R2_seed7_S8A_R2_context_edge_film,S8A_R2_context_edge_film,graph_c_gatv2_context_edge_film_interaction,gatv2_graph_c_sprint8a_context_edge_film,gatv2,graph_c_context_observation,S5F2_energy,test,1296,9251,,1,0.44133132696151733
sprint9_multiseed_S8A_R2_seed7_S8A_R2_context_edge_film,S8A_R2_context_edge_film,graph_c_gatv2_context_edge_film_interaction,gatv2_graph_c_sprint8a_context_edge_film,gatv2,graph_c_context_observation,S5F2_energy,test,1297,9251,,1,0.44210657477378845
sprint9_multiseed_S8A_R2_seed7_S8A_R2_context_edge_film,S8A_R2_context_edge_film,graph_c_gatv2_context_edge_film_interaction,gatv2_graph_c_sprint8a_context_edge_film,gatv2,graph_c_context_observation,S5F2_energy,test,1298,9251,,1,0.47452396154403687
sprint9_multiseed_S8A_R2_seed7_S8A_R2_context_edge_film,S8A_R2_context_edge_film,graph_c_gatv2_context_edge_film_interaction,gatv2_graph_c_sprint8a_context_edge_film,gatv2,graph_c_context_observation,S5F2_energy,test,1299,9251,,1,0.5574051141738892
sprint9_multiseed_S8A_R2_seed7_S8A_R2_context_edge_film,S8A_R2_context_edge_film,graph_c_gatv2_context_edge_film_interaction,gatv2_graph_c_sprint8a_context_edge_film,gatv2,graph_c_context_observation,S5F2_energy,test,1300,9251,,1,0.547238290309906
sprint9_multiseed_S8A_R2_seed7_S8A_R2_context_edge_film,S8A_R2_context_edge_film,graph_c_gatv2_context_edge_film_interaction,gatv2_graph_c_sprint8a_context_edge_film,gatv2,graph_c_context_observation,S5F2_energy,test,1301,9251,,1,0.5932109355926514
sprint9_multiseed_S8A_R2_seed7_S8A_R2_context_edge_film,S8A_R2_context_edge_film,graph_c_gatv2_context_edge_film_interaction,gatv2_graph_c_sprint8a_context_edge_film,gatv2,graph_c_context_observation,S5F2_energy,test,1302,9251,,1,0.3904687762260437
sprint9_multiseed_S8A_R2_seed7_S8A_R2_context_edge_film,S8A_R2_context_edge_film,graph_c_gatv2_context_edge_film_interaction,gatv2_graph_c_sprint8a_context_edge_film,gatv2,graph_c_context_observation,S5F2_energy,test,1303,9251,,1,0.4133710563182831
sprint9_multiseed_S8A_R2_seed7_S8A_R2_context_edge_film,S8A_R2_context_edge_film,graph_c_gatv2_context_edge_film_interaction,gatv2_graph_c_sprint8a_context_edge_film,gatv2,graph_c_context_observation,S5F2_energy,test,1304,9251,,1,0.5695200562477112
sprint9_multiseed_S8A_R2_seed7_S8A_R2_context_edge_film,S8A_R2_context_edge_film,graph_c_gatv2_context_edge_film_interaction,gatv2_graph_c_sprint8a_context_edge_film,gatv2,graph_c_context_observation,S5F2_energy,test,1305,9251,,1,0.3860088884830475
sprint9_multiseed_S8A_R2_seed7_S8A_R2_context_edge_film,S8A_R2_context_edge_film,graph_c_gatv2_context_edge_film_interaction,gatv2_graph_c_sprint8a_context_edge_film,gatv2,graph_c_context_observation,S5F2_energy,test,1306,9251,,1,0.36080947518348694
sprint9_multiseed_S8A_R2_seed7_S8A_R2_context_edge_film,S8A_R2_context_edge_film,graph_c_gatv2_context_edge_film_interaction,gatv2_graph_c_sprint8a_context_edge_film,gatv2,graph_c_context_observation,S5F2_energy,test,1307,9251,,1,0.41030657291412354
sprint9_multiseed_S8A_R2_seed7_S8A_R2_context_edge_film,S8A_R2_context_edge_film,graph_c_gatv2_context_edge_film_interaction,gatv2_graph_c_sprint8a_context_edge_film,gatv2,graph_c_context_observation,S5F2_energy,test,1308,9251,,1,0.39200618863105774
sprint9_multiseed_S8A_R2_seed7_S8A_R2_context_edge_film,S8A_R2_context_edge_film,graph_c_gatv2_context_edge_film_interaction,gatv2_graph_c_sprint8a_context_edge_film,gatv2,graph_c_context_observation,S5F2_energy,test,1309,9251,,1,0.4245932102203369
sprint9_multiseed_S8A_R2_seed7_S8A_R2_context_edge_film,S8A_R2_context_edge_film,graph_c_gatv2_context_edge_film_interaction,gatv2_graph_c_sprint8a_context_edge_film,gatv2,graph_c_context_observation,S5F2_energy,test,1310,9251,,1,0.39090684056282043
sprint9_multiseed_S8A_R2_seed7_S8A_R2_context_edge_film,S8A_R2_context_edge_film,graph_c_gatv2_context_edge_film_interaction,gatv2_graph_c_sprint8a_context_edge_film,gatv2,graph_c_context_observation,S5F2_energy,test,1311,9251,,1,0.5511181354522705
sprint9_multiseed_S8A_R2_seed7_S8A_R2_context_edge_film,S8A_R2_context_edge_film,graph_c_gatv2_context_edge_film_interaction,gatv2_graph_c_sprint8a_context_edge_film,gatv2,graph_c_context_observation,S5F2_energy,test,1312,9251,,1,0.4733710289001465
sprint9_multiseed_S8A_R2_seed7_S8A_R2_context_edge_film,S8A_R2_context_edge_film,graph_c_gatv2_context_edge_film_interaction,gatv2_graph_c_sprint8a_context_edge_film,gatv2,graph_c_context_observation,S5F2_energy,test,1313,9251,,1,0.5036013722419739
sprint9_multiseed_S8A_R2_seed7_S8A_R2_context_edge_film,S8A_R2_context_edge_film,graph_c_gatv2_context_edge_film_interaction,gatv2_graph_c_sprint8a_context_edge_film,gatv2,graph_c_context_observation,S5F2_energy,test,1314,9251,,1,0.47412392497062683
sprint9_multiseed_S8A_R2_seed7_S8A_R2_context_edge_film,S8A_R2_context_edge_film,graph_c_gatv2_context_edge_film_interaction,gatv2_graph_c_sprint8a_context_edge_film,gatv2,graph_c_context_observation,S5F2_energy,test,1315,9251,,1,0.3619520664215088
sprint9_multiseed_S8A_R2_seed7_S8A_R2_context_edge_film,S8A_R2_context_edge_film,graph_c_gatv2_context_edge_film_interaction,gatv2_graph_c_sprint8a_context_edge_film,gatv2,graph_c_context_observation,S5F2_energy,test,1316,9251,,1,0.40791797637939453
sprint9_multiseed_S8A_R2_seed7_S8A_R2_context_edge_film,S8A_R2_context_edge_film,graph_c_gatv2_context_edge_film_interaction,gatv2_graph_c_sprint8a_context_edge_film,gatv2,graph_c_context_observation,S5F2_energy,test,1317,9251,,1,0.3519953191280365
sprint9_multiseed_S8A_R2_seed7_S8A_R2_context_edge_film,S8A_R2_context_edge_film,graph_c_gatv2_context_edge_film_interaction,gatv2_graph_c_sprint8a_context_edge_film,gatv2,graph_c_context_observation,S5F2_energy,test,1318,9251,,1,0.46277931332588196
sprint9_multiseed_S8A_R2_seed7_S8A_R2_context_edge_film,S8A_R2_context_edge_film,graph_c_gatv2_context_edge_film_interaction,gatv2_graph_c_sprint8a_context_edge_film,gatv2,graph_c_context_observation,S5F2_energy,test,1319,9251,,1,0.40387478470802307
sprint9_multiseed_S8A_R2_seed7_S8A_R2_context_edge_film,S8A_R2_context_edge_film,graph_c_gatv2_context_edge_film_interaction,gatv2_graph_c_sprint8a_context_edge_film,gatv2,graph_c_context_observation,S5F2_energy,test,1320,9251,,1,0.40957504510879517
sprint9_multiseed_S8A_R2_seed7_S8A_R2_context_edge_film,S8A_R2_context_edge_film,graph_c_gatv2_context_edge_film_interaction,gatv2_graph_c_sprint8a_context_edge_film,gatv2,graph_c_context_observation,S5F2_energy,test,1321,9251,,1,0.32493487000465393
sprint9_multiseed_S8A_R2_seed7_S8A_R2_context_edge_film,S8A_R2_context_edge_film,graph_c_gatv2_context_edge_film_interaction,gatv2_graph_c_sprint8a_context_edge_film,gatv2,graph_c_context_observation,S5F2_energy,test,1322,9251,,1,0.5374040603637695
sprint9_multiseed_S8A_R2_seed7_S8A_R2_context_edge_film,S8A_R2_context_edge_film,graph_c_gatv2_context_edge_film_interaction,gatv2_graph_c_sprint8a_context_edge_film,gatv2,graph_c_context_observation,S5F2_energy,test,1323,9251,,1,0.3547450602054596
sprint9_multiseed_S8A_R2_seed7_S8A_R2_context_edge_film,S8A_R2_context_edge_film,graph_c_gatv2_context_edge_film_interaction,gatv2_graph_c_sprint8a_context_edge_film,gatv2,graph_c_context_observation,S5F2_energy,test,1324,9251,,1,0.35673537850379944
sprint9_multiseed_S8A_R2_seed7_S8A_R2_context_edge_film,S8A_R2_context_edge_film,graph_c_gatv2_context_edge_film_interaction,gatv2_graph_c_sprint8a_context_edge_film,gatv2,graph_c_context_observation,S5F2_energy,test,1325,9251,,1,0.4295194149017334
sprint9_multiseed_S8A_R2_seed7_S8A_R2_context_edge_film,S8A_R2_context_edge_film,graph_c_gatv2_context_edge_film_interaction,gatv2_graph_c_sprint8a_context_edge_film,gatv2,graph_c_context_observation,S5F2_energy,test,1326,9251,,1,0.3954920470714569
sprint9_multiseed_S8A_R2_seed7_S8A_R2_context_edge_film,S8A_R2_context_edge_film,graph_c_gatv2_context_edge_film_interaction,gatv2_graph_c_sprint8a_context_edge_film,gatv2,graph_c_context_observation,S5F2_energy,test,1327,9251,,1,0.5245966911315918
sprint9_multiseed_S8A_R2_seed7_S8A_R2_context_edge_film,S8A_R2_context_edge_film,graph_c_gatv2_context_edge_film_interaction,gatv2_graph_c_sprint8a_context_edge_film,gatv2,graph_c_context_observation,S5F2_energy,test,1328,9251,,1,0.3928060829639435
sprint9_multiseed_S8A_R2_seed7_S8A_R2_context_edge_film,S8A_R2_context_edge_film,graph_c_gatv2_context_edge_film_interaction,gatv2_graph_c_sprint8a_context_edge_film,gatv2,graph_c_context_observation,S5F2_energy,test,1329,9251,,1,0.3173917829990387
sprint9_multiseed_S8A_R2_seed7_S8A_R2_context_edge_film,S8A_R2_context_edge_film,graph_c_gatv2_context_edge_film_interaction,gatv2_graph_c_sprint8a_context_edge_film,gatv2,graph_c_context_observation,S5F2_energy,test,1330,9251,,1,0.40990543365478516
sprint9_multiseed_S8A_R2_seed7_S8A_R2_context_edge_film,S8A_R2_context_edge_film,graph_c_gatv2_context_edge_film_interaction,gatv2_graph_c_sprint8a_context_edge_film,gatv2,graph_c_context_observation,S5F2_energy,test,1331,9251,,1,0.4933294653892517
sprint9_multiseed_S8A_R2_seed7_S8A_R2_context_edge_film,S8A_R2_context_edge_film,graph_c_gatv2_context_edge_film_interaction,gatv2_graph_c_sprint8a_context_edge_film,gatv2,graph_c_context_observation,S5F2_energy,test,1332,9251,,1,0.3343610167503357
sprint9_multiseed_S8A_R2_seed7_S8A_R2_context_edge_film,S8A_R2_context_edge_film,graph_c_gatv2_context_edge_film_interaction,gatv2_graph_c_sprint8a_context_edge_film,gatv2,graph_c_context_observation,S5F2_energy,test,1333,9251,,1,0.5674636960029602
sprint9_multiseed_S8A_R2_seed7_S8A_R2_context_edge_film,S8A_R2_context_edge_film,graph_c_gatv2_context_edge_film_interaction,gatv2_graph_c_sprint8a_context_edge_film,gatv2,graph_c_context_observation,S5F2_energy,test,1334,9251,,1,0.40864089131355286
sprint9_multiseed_S8A_R2_seed7_S8A_R2_context_edge_film,S8A_R2_context_edge_film,graph_c_gatv2_context_edge_film_interaction,gatv2_graph_c_sprint8a_context_edge_film,gatv2,graph_c_context_observation,S5F2_energy,test,1335,9251,,1,0.43980497121810913
sprint9_multiseed_S8A_R2_seed7_S8A_R2_context_edge_film,S8A_R2_context_edge_film,graph_c_gatv2_context_edge_film_interaction,gatv2_graph_c_sprint8a_context_edge_film,gatv2,graph_c_context_observation,S5F2_energy,test,1336,9251,,1,0.28623783588409424
sprint9_multiseed_S8A_R2_seed7_S8A_R2_context_edge_film,S8A_R2_context_edge_film,graph_c_gatv2_context_edge_film_interaction,gatv2_graph_c_sprint8a_context_edge_film,gatv2,graph_c_context_observation,S5F2_energy,test,1337,9251,,1,0.3731781840324402
sprint9_multiseed_S8A_R2_seed7_S8A_R2_context_edge_film,S8A_R2_context_edge_film,graph_c_gatv2_context_edge_film_interaction,gatv2_graph_c_sprint8a_context_edge_film,gatv2,graph_c_context_observation,S5F2_energy,test,1338,9251,,1,0.38387906551361084
sprint9_multiseed_S8A_R2_seed7_S8A_R2_context_edge_film,S8A_R2_context_edge_film,graph_c_gatv2_context_edge_film_interaction,gatv2_graph_c_sprint8a_context_edge_film,gatv2,graph_c_context_observation,S5F2_energy,test,1339,9251,,1,0.4681253135204315
sprint9_multiseed_S8A_R2_seed7_S8A_R2_context_edge_film,S8A_R2_context_edge_film,graph_c_gatv2_context_edge_film_interaction,gatv2_graph_c_sprint8a_context_edge_film,gatv2,graph_c_context_observation,S5F2_energy,test,1340,9251,,1,0.5318278670310974
sprint9_multiseed_S8A_R2_seed7_S8A_R2_context_edge_film,S8A_R2_context_edge_film,graph_c_gatv2_context_edge_film_interaction,gatv2_graph_c_sprint8a_context_edge_film,gatv2,graph_c_context_observation,S5F2_energy,test,1341,9251,,1,0.3582637310028076
sprint9_multiseed_S8A_R2_seed7_S8A_R2_context_edge_film,S8A_R2_context_edge_film,graph_c_gatv2_context_edge_film_interaction,gatv2_graph_c_sprint8a_context_edge_film,gatv2,graph_c_context_observation,S5F2_energy,test,1342,9251,,1,0.45711684226989746
sprint9_multiseed_S8A_R2_seed7_S8A_R2_context_edge_film,S8A_R2_context_edge_film,graph_c_gatv2_context_edge_film_interaction,gatv2_graph_c_sprint8a_context_edge_film,gatv2,graph_c_context_observation,S5F2_energy,test,1343,9251,,1,0.4021673798561096
sprint9_multiseed_S8A_R2_seed7_S8A_R2_context_edge_film,S8A_R2_context_edge_film,graph_c_gatv2_context_edge_film_interaction,gatv2_graph_c_sprint8a_context_edge_film,gatv2,graph_c_context_observation,S5F2_energy,test,1344,9251,,1,0.5540071725845337
sprint9_multiseed_S8A_R2_seed7_S8A_R2_context_edge_film,S8A_R2_context_edge_film,graph_c_gatv2_context_edge_film_interaction,gatv2_graph_c_sprint8a_context_edge_film,gatv2,graph_c_context_observation,S5F2_energy,test,1345,9251,,1,0.3587348759174347
sprint9_multiseed_S8A_R2_seed7_S8A_R2_context_edge_film,S8A_R2_context_edge_film,graph_c_gatv2_context_edge_film_interaction,gatv2_graph_c_sprint8a_context_edge_film,gatv2,graph_c_context_observation,S5F2_energy,test,1346,9251,,1,0.505993664264679
sprint9_multiseed_S8A_R2_seed7_S8A_R2_context_edge_film,S8A_R2_context_edge_film,graph_c_gatv2_context_edge_film_interaction,gatv2_graph_c_sprint8a_context_edge_film,gatv2,graph_c_context_observation,S5F2_energy,test,1347,9251,,1,0.4505520462989807
sprint9_multiseed_S8A_R2_seed7_S8A_R2_context_edge_film,S8A_R2_context_edge_film,graph_c_gatv2_context_edge_film_interaction,gatv2_graph_c_sprint8a_context_edge_film,gatv2,graph_c_context_observation,S5F2_energy,test,1348,9251,,1,0.4355902671813965
sprint9_multiseed_S8A_R2_seed7_S8A_R2_context_edge_film,S8A_R2_context_edge_film,graph_c_gatv2_context_edge_film_interaction,gatv2_graph_c_sprint8a_context_edge_film,gatv2,graph_c_context_observation,S5F2_energy,test,1349,9251,,1,0.4053633213043213
sprint9_multiseed_S8A_R2_seed7_S8A_R2_context_edge_film,S8A_R2_context_edge_film,graph_c_gatv2_context_edge_film_interaction,gatv2_graph_c_sprint8a_context_edge_film,gatv2,graph_c_context_observation,S5F2_energy,test,1350,9251,,1,0.565273642539978
sprint9_multiseed_S8A_R2_seed7_S8A_R2_context_edge_film,S8A_R2_context_edge_film,graph_c_gatv2_context_edge_film_interaction,gatv2_graph_c_sprint8a_context_edge_film,gatv2,graph_c_context_observation,S5F2_energy,test,1351,9251,,1,0.3488380014896393
sprint9_multiseed_S8A_R2_seed7_S8A_R2_context_edge_film,S8A_R2_context_edge_film,graph_c_gatv2_context_edge_film_interaction,gatv2_graph_c_sprint8a_context_edge_film,gatv2,graph_c_context_observation,S5F2_energy,test,1352,9251,,1,0.3484358787536621
sprint9_multiseed_S8A_R2_seed7_S8A_R2_context_edge_film,S8A_R2_context_edge_film,graph_c_gatv2_context_edge_film_interaction,gatv2_graph_c_sprint8a_context_edge_film,gatv2,graph_c_context_observation,S5F2_energy,test,1353,9251,,1,0.5229180455207825
sprint9_multiseed_S8A_R2_seed7_S8A_R2_context_edge_film,S8A_R2_context_edge_film,graph_c_gatv2_context_edge_film_interaction,gatv2_graph_c_sprint8a_context_edge_film,gatv2,graph_c_context_observation,S5F2_energy,test,1354,9251,,1,0.4346136152744293
sprint9_multiseed_S8A_R2_seed7_S8A_R2_context_edge_film,S8A_R2_context_edge_film,graph_c_gatv2_context_edge_film_interaction,gatv2_graph_c_sprint8a_context_edge_film,gatv2,graph_c_context_observation,S5F2_energy,test,1355,9251,,1,0.4121619164943695
sprint9_multiseed_S8A_R2_seed7_S8A_R2_context_edge_film,S8A_R2_context_edge_film,graph_c_gatv2_context_edge_film_interaction,gatv2_graph_c_sprint8a_context_edge_film,gatv2,graph_c_context_observation,S5F2_energy,test,1356,9251,,1,0.6823520064353943
sprint9_multiseed_S8A_R2_seed7_S8A_R2_context_edge_film,S8A_R2_context_edge_film,graph_c_gatv2_context_edge_film_interaction,gatv2_graph_c_sprint8a_context_edge_film,gatv2,graph_c_context_observation,S5F2_energy,test,1357,9251,,1,0.5720217823982239
sprint9_multiseed_S8A_R2_seed7_S8A_R2_context_edge_film,S8A_R2_context_edge_film,graph_c_gatv2_context_edge_film_interaction,gatv2_graph_c_sprint8a_context_edge_film,gatv2,graph_c_context_observation,S5F2_energy,test,1358,9251,,1,0.3340960144996643
sprint9_multiseed_S8A_R2_seed7_S8A_R2_context_edge_film,S8A_R2_context_edge_film,graph_c_gatv2_context_edge_film_interaction,gatv2_graph_c_sprint8a_context_edge_film,gatv2,graph_c_context_observation,S5F2_energy,test,1359,9251,,1,0.42097046971321106
sprint9_multiseed_S8A_R2_seed7_S8A_R2_context_edge_film,S8A_R2_context_edge_film,graph_c_gatv2_context_edge_film_interaction,gatv2_graph_c_sprint8a_context_edge_film,gatv2,graph_c_context_observation,S5F2_energy,test,1360,9251,,1,0.33864980936050415
sprint9_multiseed_S8A_R2_seed7_S8A_R2_context_edge_film,S8A_R2_context_edge_film,graph_c_gatv2_context_edge_film_interaction,gatv2_graph_c_sprint8a_context_edge_film,gatv2,graph_c_context_observation,S5F2_energy,test,1361,9251,,1,0.3390556275844574
sprint9_multiseed_S8A_R2_seed7_S8A_R2_context_edge_film,S8A_R2_context_edge_film,graph_c_gatv2_context_edge_film_interaction,gatv2_graph_c_sprint8a_context_edge_film,gatv2,graph_c_context_observation,S5F2_energy,test,1362,9251,,1,0.3911838233470917
sprint9_multiseed_S8A_R2_seed7_S8A_R2_context_edge_film,S8A_R2_context_edge_film,graph_c_gatv2_context_edge_film_interaction,gatv2_graph_c_sprint8a_context_edge_film,gatv2,graph_c_context_observation,S5F2_energy,test,1363,9251,,1,0.3687439560890198
sprint9_multiseed_S8A_R2_seed7_S8A_R2_context_edge_film,S8A_R2_context_edge_film,graph_c_gatv2_context_edge_film_interaction,gatv2_graph_c_sprint8a_context_edge_film,gatv2,graph_c_context_observation,S5F2_energy,test,1364,9251,,1,0.34673383831977844
sprint9_multiseed_S8A_R2_seed7_S8A_R2_context_edge_film,S8A_R2_context_edge_film,graph_c_gatv2_context_edge_film_interaction,gatv2_graph_c_sprint8a_context_edge_film,gatv2,graph_c_context_observation,S5F2_energy,test,1365,9251,,1,0.4349542260169983
sprint9_multiseed_S8A_R2_seed7_S8A_R2_context_edge_film,S8A_R2_context_edge_film,graph_c_gatv2_context_edge_film_interaction,gatv2_graph_c_sprint8a_context_edge_film,gatv2,graph_c_context_observation,S5F2_energy,test,1366,9251,,1,0.4680764675140381
sprint9_multiseed_S8A_R2_seed7_S8A_R2_context_edge_film,S8A_R2_context_edge_film,graph_c_gatv2_context_edge_film_interaction,gatv2_graph_c_sprint8a_context_edge_film,gatv2,graph_c_context_observation,S5F2_energy,test,1367,9251,,1,0.4254244565963745
sprint9_multiseed_S8A_R2_seed7_S8A_R2_context_edge_film,S8A_R2_context_edge_film,graph_c_gatv2_context_edge_film_interaction,gatv2_graph_c_sprint8a_context_edge_film,gatv2,graph_c_context_observation,S5F2_energy,test,1368,9251,,1,0.4366765022277832
sprint9_multiseed_S8A_R2_seed7_S8A_R2_context_edge_film,S8A_R2_context_edge_film,graph_c_gatv2_context_edge_film_interaction,gatv2_graph_c_sprint8a_context_edge_film,gatv2,graph_c_context_observation,S5F2_energy,test,1369,9251,,1,0.5162712335586548
sprint9_multiseed_S8A_R2_seed7_S8A_R2_context_edge_film,S8A_R2_context_edge_film,graph_c_gatv2_context_edge_film_interaction,gatv2_graph_c_sprint8a_context_edge_film,gatv2,graph_c_context_observation,S5F2_energy,test,1370,9251,,1,0.4676489233970642
sprint9_multiseed_S8A_R2_seed7_S8A_R2_context_edge_film,S8A_R2_context_edge_film,graph_c_gatv2_context_edge_film_interaction,gatv2_graph_c_sprint8a_context_edge_film,gatv2,graph_c_context_observation,S5F2_energy,test,1371,9251,,1,0.4023202359676361
sprint9_multiseed_S8A_R2_seed7_S8A_R2_context_edge_film,S8A_R2_context_edge_film,graph_c_gatv2_context_edge_film_interaction,gatv2_graph_c_sprint8a_context_edge_film,gatv2,graph_c_context_observation,S5F2_energy,test,1372,9251,,1,0.4581959843635559
sprint9_multiseed_S8A_R2_seed7_S8A_R2_context_edge_film,S8A_R2_context_edge_film,graph_c_gatv2_context_edge_film_interaction,gatv2_graph_c_sprint8a_context_edge_film,gatv2,graph_c_context_observation,S5F2_energy,test,1373,9251,,0,0.3408690392971039
sprint9_multiseed_S8A_R2_seed7_S8A_R2_context_edge_film,S8A_R2_context_edge_film,graph_c_gatv2_context_edge_film_interaction,gatv2_graph_c_sprint8a_context_edge_film,gatv2,graph_c_context_observation,S5F2_energy,test,1374,9251,,0,0.3365967571735382
sprint9_multiseed_S8A_R2_seed7_S8A_R2_context_edge_film,S8A_R2_context_edge_film,graph_c_gatv2_context_edge_film_interaction,gatv2_graph_c_sprint8a_context_edge_film,gatv2,graph_c_context_observation,S5F2_energy,test,1375,9251,,0,0.44870778918266296
sprint9_multiseed_S8A_R2_seed7_S8A_R2_context_edge_film,S8A_R2_context_edge_film,graph_c_gatv2_context_edge_film_interaction,gatv2_graph_c_sprint8a_context_edge_film,gatv2,graph_c_context_observation,S5F2_energy,test,1376,9251,,0,0.38294240832328796
sprint9_multiseed_S8A_R2_seed7_S8A_R2_context_edge_film,S8A_R2_context_edge_film,graph_c_gatv2_context_edge_film_interaction,gatv2_graph_c_sprint8a_context_edge_film,gatv2,graph_c_context_observation,S5F2_energy,test,1377,9251,,0,0.40583810210227966
sprint9_multiseed_S8A_R2_seed7_S8A_R2_context_edge_film,S8A_R2_context_edge_film,graph_c_gatv2_context_edge_film_interaction,gatv2_graph_c_sprint8a_context_edge_film,gatv2,graph_c_context_observation,S5F2_energy,test,1378,9251,,0,0.5677639842033386
sprint9_multiseed_S8A_R2_seed7_S8A_R2_context_edge_film,S8A_R2_context_edge_film,graph_c_gatv2_context_edge_film_interaction,gatv2_graph_c_sprint8a_context_edge_film,gatv2,graph_c_context_observation,S5F2_energy,test,1379,9251,,0,0.3888665735721588
sprint9_multiseed_S8A_R2_seed7_S8A_R2_context_edge_film,S8A_R2_context_edge_film,graph_c_gatv2_context_edge_film_interaction,gatv2_graph_c_sprint8a_context_edge_film,gatv2,graph_c_context_observation,S5F2_energy,test,1380,9251,,0,0.4311954081058502
sprint9_multiseed_S8A_R2_seed7_S8A_R2_context_edge_film,S8A_R2_context_edge_film,graph_c_gatv2_context_edge_film_interaction,gatv2_graph_c_sprint8a_context_edge_film,gatv2,graph_c_context_observation,S5F2_energy,test,1381,9251,,0,0.3507393002510071
sprint9_multiseed_S8A_R2_seed7_S8A_R2_context_edge_film,S8A_R2_context_edge_film,graph_c_gatv2_context_edge_film_interaction,gatv2_graph_c_sprint8a_context_edge_film,gatv2,graph_c_context_observation,S5F2_energy,test,1382,9251,,0,0.4591347277164459
sprint9_multiseed_S8A_R2_seed7_S8A_R2_context_edge_film,S8A_R2_context_edge_film,graph_c_gatv2_context_edge_film_interaction,gatv2_graph_c_sprint8a_context_edge_film,gatv2,graph_c_context_observation,S5F2_energy,test,1383,9251,,0,0.43607157468795776
sprint9_multiseed_S8A_R2_seed7_S8A_R2_context_edge_film,S8A_R2_context_edge_film,graph_c_gatv2_context_edge_film_interaction,gatv2_graph_c_sprint8a_context_edge_film,gatv2,graph_c_context_observation,S5F2_energy,test,1384,9251,,0,0.3769148886203766
sprint9_multiseed_S8A_R2_seed7_S8A_R2_context_edge_film,S8A_R2_context_edge_film,graph_c_gatv2_context_edge_film_interaction,gatv2_graph_c_sprint8a_context_edge_film,gatv2,graph_c_context_observation,S5F2_energy,test,1385,9251,,0,0.516567051410675
sprint9_multiseed_S8A_R2_seed7_S8A_R2_context_edge_film,S8A_R2_context_edge_film,graph_c_gatv2_context_edge_film_interaction,gatv2_graph_c_sprint8a_context_edge_film,gatv2,graph_c_context_observation,S5F2_energy,test,1386,9251,,0,0.3577795922756195
sprint9_multiseed_S8A_R2_seed7_S8A_R2_context_edge_film,S8A_R2_context_edge_film,graph_c_gatv2_context_edge_film_interaction,gatv2_graph_c_sprint8a_context_edge_film,gatv2,graph_c_context_observation,S5F2_energy,test,1387,9251,,0,0.3781757354736328
sprint9_multiseed_S8A_R2_seed7_S8A_R2_context_edge_film,S8A_R2_context_edge_film,graph_c_gatv2_context_edge_film_interaction,gatv2_graph_c_sprint8a_context_edge_film,gatv2,graph_c_context_observation,S5F2_energy,test,1388,9251,,0,0.4975213408470154
sprint9_multiseed_S8A_R2_seed7_S8A_R2_context_edge_film,S8A_R2_context_edge_film,graph_c_gatv2_context_edge_film_interaction,gatv2_graph_c_sprint8a_context_edge_film,gatv2,graph_c_context_observation,S5F2_energy,test,1389,9251,,0,0.3439476490020752
sprint9_multiseed_S8A_R2_seed7_S8A_R2_context_edge_film,S8A_R2_context_edge_film,graph_c_gatv2_context_edge_film_interaction,gatv2_graph_c_sprint8a_context_edge_film,gatv2,graph_c_context_observation,S5F2_energy,test,1390,9251,,0,0.4562512934207916
sprint9_multiseed_S8A_R2_seed7_S8A_R2_context_edge_film,S8A_R2_context_edge_film,graph_c_gatv2_context_edge_film_interaction,gatv2_graph_c_sprint8a_context_edge_film,gatv2,graph_c_context_observation,S5F2_energy,test,1391,9251,,0,0.3718520402908325
sprint9_multiseed_S8A_R2_seed7_S8A_R2_context_edge_film,S8A_R2_context_edge_film,graph_c_gatv2_context_edge_film_interaction,gatv2_graph_c_sprint8a_context_edge_film,gatv2,graph_c_context_observation,S5F2_energy,test,1392,9251,,0,0.44972744584083557
sprint9_multiseed_S8A_R2_seed7_S8A_R2_context_edge_film,S8A_R2_context_edge_film,graph_c_gatv2_context_edge_film_interaction,gatv2_graph_c_sprint8a_context_edge_film,gatv2,graph_c_context_observation,S5F2_energy,test,1393,9251,,0,0.3591514229774475
sprint9_multiseed_S8A_R2_seed7_S8A_R2_context_edge_film,S8A_R2_context_edge_film,graph_c_gatv2_context_edge_film_interaction,gatv2_graph_c_sprint8a_context_edge_film,gatv2,graph_c_context_observation,S5F2_energy,test,1394,9251,,0,0.33853375911712646
sprint9_multiseed_S8A_R2_seed7_S8A_R2_context_edge_film,S8A_R2_context_edge_film,graph_c_gatv2_context_edge_film_interaction,gatv2_graph_c_sprint8a_context_edge_film,gatv2,graph_c_context_observation,S5F2_energy,test,1395,9251,,0,0.48811888694763184
sprint9_multiseed_S8A_R2_seed7_S8A_R2_context_edge_film,S8A_R2_context_edge_film,graph_c_gatv2_context_edge_film_interaction,gatv2_graph_c_sprint8a_context_edge_film,gatv2,graph_c_context_observation,S5F2_energy,test,1396,9251,,0,0.4545535743236542
sprint9_multiseed_S8A_R2_seed7_S8A_R2_context_edge_film,S8A_R2_context_edge_film,graph_c_gatv2_context_edge_film_interaction,gatv2_graph_c_sprint8a_context_edge_film,gatv2,graph_c_context_observation,S5F2_energy,test,1397,9251,,0,0.4292588531970978
sprint9_multiseed_S8A_R2_seed7_S8A_R2_context_edge_film,S8A_R2_context_edge_film,graph_c_gatv2_context_edge_film_interaction,gatv2_graph_c_sprint8a_context_edge_film,gatv2,graph_c_context_observation,S5F2_energy,test,1398,9251,,0,0.5303361415863037
sprint9_multiseed_S8A_R2_seed7_S8A_R2_context_edge_film,S8A_R2_context_edge_film,graph_c_gatv2_context_edge_film_interaction,gatv2_graph_c_sprint8a_context_edge_film,gatv2,graph_c_context_observation,S5F2_energy,test,1399,9251,,0,0.4067646563053131
sprint9_multiseed_S8A_R2_seed7_S8A_R2_context_edge_film,S8A_R2_context_edge_film,graph_c_gatv2_context_edge_film_interaction,gatv2_graph_c_sprint8a_context_edge_film,gatv2,graph_c_context_observation,S5F2_energy,test,1400,9251,,0,0.4985474944114685
sprint9_multiseed_S8A_R2_seed7_S8A_R2_context_edge_film,S8A_R2_context_edge_film,graph_c_gatv2_context_edge_film_interaction,gatv2_graph_c_sprint8a_context_edge_film,gatv2,graph_c_context_observation,S5F2_energy,test,1401,9251,,0,0.4284026622772217
sprint9_multiseed_S8A_R2_seed7_S8A_R2_context_edge_film,S8A_R2_context_edge_film,graph_c_gatv2_context_edge_film_interaction,gatv2_graph_c_sprint8a_context_edge_film,gatv2,graph_c_context_observation,S5F2_energy,test,1402,9251,,0,0.3358173370361328
sprint9_multiseed_S8A_R2_seed7_S8A_R2_context_edge_film,S8A_R2_context_edge_film,graph_c_gatv2_context_edge_film_interaction,gatv2_graph_c_sprint8a_context_edge_film,gatv2,graph_c_context_observation,S5F2_energy,test,1403,9251,,0,0.46214351058006287
sprint9_multiseed_S8A_R2_seed7_S8A_R2_context_edge_film,S8A_R2_context_edge_film,graph_c_gatv2_context_edge_film_interaction,gatv2_graph_c_sprint8a_context_edge_film,gatv2,graph_c_context_observation,S5F2_energy,test,1404,9251,,0,0.48870569467544556
sprint9_multiseed_S8A_R2_seed7_S8A_R2_context_edge_film,S8A_R2_context_edge_film,graph_c_gatv2_context_edge_film_interaction,gatv2_graph_c_sprint8a_context_edge_film,gatv2,graph_c_context_observation,S5F2_energy,test,1405,9251,,0,0.36724746227264404
sprint9_multiseed_S8A_R2_seed7_S8A_R2_context_edge_film,S8A_R2_context_edge_film,graph_c_gatv2_context_edge_film_interaction,gatv2_graph_c_sprint8a_context_edge_film,gatv2,graph_c_context_observation,S5F2_energy,test,1406,9251,,0,0.35790905356407166
sprint9_multiseed_S8A_R2_seed7_S8A_R2_context_edge_film,S8A_R2_context_edge_film,graph_c_gatv2_context_edge_film_interaction,gatv2_graph_c_sprint8a_context_edge_film,gatv2,graph_c_context_observation,S5F2_energy,test,1407,9251,,0,0.3658270239830017
sprint9_multiseed_S8A_R2_seed7_S8A_R2_context_edge_film,S8A_R2_context_edge_film,graph_c_gatv2_context_edge_film_interaction,gatv2_graph_c_sprint8a_context_edge_film,gatv2,graph_c_context_observation,S5F2_energy,test,1408,9251,,0,0.583543062210083
sprint9_multiseed_S8A_R2_seed7_S8A_R2_context_edge_film,S8A_R2_context_edge_film,graph_c_gatv2_context_edge_film_interaction,gatv2_graph_c_sprint8a_context_edge_film,gatv2,graph_c_context_observation,S5F2_energy,test,1409,9251,,0,0.41947275400161743
sprint9_multiseed_S8A_R2_seed7_S8A_R2_context_edge_film,S8A_R2_context_edge_film,graph_c_gatv2_context_edge_film_interaction,gatv2_graph_c_sprint8a_context_edge_film,gatv2,graph_c_context_observation,S5F2_energy,test,1410,9251,,0,0.3173656761646271
sprint9_multiseed_S8A_R2_seed7_S8A_R2_context_edge_film,S8A_R2_context_edge_film,graph_c_gatv2_context_edge_film_interaction,gatv2_graph_c_sprint8a_context_edge_film,gatv2,graph_c_context_observation,S5F2_energy,test,1411,9251,,0,0.35586240887641907
sprint9_multiseed_S8A_R2_seed7_S8A_R2_context_edge_film,S8A_R2_context_edge_film,graph_c_gatv2_context_edge_film_interaction,gatv2_graph_c_sprint8a_context_edge_film,gatv2,graph_c_context_observation,S5F2_energy,test,1412,9251,,0,0.5675660967826843
sprint9_multiseed_S8A_R2_seed7_S8A_R2_context_edge_film,S8A_R2_context_edge_film,graph_c_gatv2_context_edge_film_interaction,gatv2_graph_c_sprint8a_context_edge_film,gatv2,graph_c_context_observation,S5F2_energy,test,1413,9251,,0,0.4195695221424103
sprint9_multiseed_S8A_R2_seed7_S8A_R2_context_edge_film,S8A_R2_context_edge_film,graph_c_gatv2_context_edge_film_interaction,gatv2_graph_c_sprint8a_context_edge_film,gatv2,graph_c_context_observation,S5F2_energy,test,1414,9251,,0,0.4333556890487671
sprint9_multiseed_S8A_R2_seed7_S8A_R2_context_edge_film,S8A_R2_context_edge_film,graph_c_gatv2_context_edge_film_interaction,gatv2_graph_c_sprint8a_context_edge_film,gatv2,graph_c_context_observation,S5F2_energy,test,1415,9251,,0,0.5303699374198914
sprint9_multiseed_S8A_R2_seed7_S8A_R2_context_edge_film,S8A_R2_context_edge_film,graph_c_gatv2_context_edge_film_interaction,gatv2_graph_c_sprint8a_context_edge_film,gatv2,graph_c_context_observation,S5F2_energy,test,1416,9251,,0,0.4327792227268219
sprint9_multiseed_S8A_R2_seed7_S8A_R2_context_edge_film,S8A_R2_context_edge_film,graph_c_gatv2_context_edge_film_interaction,gatv2_graph_c_sprint8a_context_edge_film,gatv2,graph_c_context_observation,S5F2_energy,test,1417,9251,,0,0.40484607219696045
sprint9_multiseed_S8A_R2_seed7_S8A_R2_context_edge_film,S8A_R2_context_edge_film,graph_c_gatv2_context_edge_film_interaction,gatv2_graph_c_sprint8a_context_edge_film,gatv2,graph_c_context_observation,S5F2_energy,test,1418,9251,,0,0.5275632739067078
sprint9_multiseed_S8A_R2_seed7_S8A_R2_context_edge_film,S8A_R2_context_edge_film,graph_c_gatv2_context_edge_film_interaction,gatv2_graph_c_sprint8a_context_edge_film,gatv2,graph_c_context_observation,S5F2_energy,test,1419,9251,,0,0.33316516876220703
sprint9_multiseed_S8A_R2_seed7_S8A_R2_context_edge_film,S8A_R2_context_edge_film,graph_c_gatv2_context_edge_film_interaction,gatv2_graph_c_sprint8a_context_edge_film,gatv2,graph_c_context_observation,S5F2_energy,test,1420,9251,,0,0.3930415213108063
sprint9_multiseed_S8A_R2_seed7_S8A_R2_context_edge_film,S8A_R2_context_edge_film,graph_c_gatv2_context_edge_film_interaction,gatv2_graph_c_sprint8a_context_edge_film,gatv2,graph_c_context_observation,S5F2_energy,test,1421,9251,,0,0.40697571635246277
sprint9_multiseed_S8A_R2_seed7_S8A_R2_context_edge_film,S8A_R2_context_edge_film,graph_c_gatv2_context_edge_film_interaction,gatv2_graph_c_sprint8a_context_edge_film,gatv2,graph_c_context_observation,S5F2_energy,test,1422,9251,,0,0.4885444939136505
sprint9_multiseed_S8A_R2_seed7_S8A_R2_context_edge_film,S8A_R2_context_edge_film,graph_c_gatv2_context_edge_film_interaction,gatv2_graph_c_sprint8a_context_edge_film,gatv2,graph_c_context_observation,S5F2_energy,test,1423,9251,,0,0.3761827349662781
sprint9_multiseed_S8A_R2_seed7_S8A_R2_context_edge_film,S8A_R2_context_edge_film,graph_c_gatv2_context_edge_film_interaction,gatv2_graph_c_sprint8a_context_edge_film,gatv2,graph_c_context_observation,S5F2_energy,test,1424,9251,,0,0.29190483689308167
sprint9_multiseed_S8A_R2_seed7_S8A_R2_context_edge_film,S8A_R2_context_edge_film,graph_c_gatv2_context_edge_film_interaction,gatv2_graph_c_sprint8a_context_edge_film,gatv2,graph_c_context_observation,S5F2_energy,test,1425,9251,,0,0.42692306637763977
sprint9_multiseed_S8A_R2_seed7_S8A_R2_context_edge_film,S8A_R2_context_edge_film,graph_c_gatv2_context_edge_film_interaction,gatv2_graph_c_sprint8a_context_edge_film,gatv2,graph_c_context_observation,S5F2_energy,test,1426,9251,,0,0.47407910227775574
sprint9_multiseed_S8A_R2_seed7_S8A_R2_context_edge_film,S8A_R2_context_edge_film,graph_c_gatv2_context_edge_film_interaction,gatv2_graph_c_sprint8a_context_edge_film,gatv2,graph_c_context_observation,S5F2_energy,test,1427,9251,,0,0.48517489433288574
sprint9_multiseed_S8A_R2_seed7_S8A_R2_context_edge_film,S8A_R2_context_edge_film,graph_c_gatv2_context_edge_film_interaction,gatv2_graph_c_sprint8a_context_edge_film,gatv2,graph_c_context_observation,S5F2_energy,test,1428,9251,,0,0.4463820159435272
sprint9_multiseed_S8A_R2_seed7_S8A_R2_context_edge_film,S8A_R2_context_edge_film,graph_c_gatv2_context_edge_film_interaction,gatv2_graph_c_sprint8a_context_edge_film,gatv2,graph_c_context_observation,S5F2_energy,test,1429,9251,,0,0.36397305130958557
sprint9_multiseed_S8A_R2_seed7_S8A_R2_context_edge_film,S8A_R2_context_edge_film,graph_c_gatv2_context_edge_film_interaction,gatv2_graph_c_sprint8a_context_edge_film,gatv2,graph_c_context_observation,S5F2_energy,test,1430,9251,,0,0.426043838262558
sprint9_multiseed_S8A_R2_seed7_S8A_R2_context_edge_film,S8A_R2_context_edge_film,graph_c_gatv2_context_edge_film_interaction,gatv2_graph_c_sprint8a_context_edge_film,gatv2,graph_c_context_observation,S5F2_energy,test,1431,9251,,0,0.414556086063385
sprint9_multiseed_S8A_R2_seed7_S8A_R2_context_edge_film,S8A_R2_context_edge_film,graph_c_gatv2_context_edge_film_interaction,gatv2_graph_c_sprint8a_context_edge_film,gatv2,graph_c_context_observation,S5F2_energy,test,1432,9251,,0,0.4919653832912445
sprint9_multiseed_S8A_R2_seed7_S8A_R2_context_edge_film,S8A_R2_context_edge_film,graph_c_gatv2_context_edge_film_interaction,gatv2_graph_c_sprint8a_context_edge_film,gatv2,graph_c_context_observation,S5F2_energy,test,1433,9251,,0,0.4512842893600464
sprint9_multiseed_S8A_R2_seed7_S8A_R2_context_edge_film,S8A_R2_context_edge_film,graph_c_gatv2_context_edge_film_interaction,gatv2_graph_c_sprint8a_context_edge_film,gatv2,graph_c_context_observation,S5F2_energy,test,1434,9251,,0,0.47938627004623413
sprint9_multiseed_S8A_R2_seed7_S8A_R2_context_edge_film,S8A_R2_context_edge_film,graph_c_gatv2_context_edge_film_interaction,gatv2_graph_c_sprint8a_context_edge_film,gatv2,graph_c_context_observation,S5F2_energy,test,1435,9251,,0,0.4247969388961792
sprint9_multiseed_S8A_R2_seed7_S8A_R2_context_edge_film,S8A_R2_context_edge_film,graph_c_gatv2_context_edge_film_interaction,gatv2_graph_c_sprint8a_context_edge_film,gatv2,graph_c_context_observation,S5F2_energy,test,1436,9251,,0,0.382816880941391
sprint9_multiseed_S8A_R2_seed7_S8A_R2_context_edge_film,S8A_R2_context_edge_film,graph_c_gatv2_context_edge_film_interaction,gatv2_graph_c_sprint8a_context_edge_film,gatv2,graph_c_context_observation,S5F2_energy,test,1437,9251,,0,0.47957757115364075
sprint9_multiseed_S8A_R2_seed7_S8A_R2_context_edge_film,S8A_R2_context_edge_film,graph_c_gatv2_context_edge_film_interaction,gatv2_graph_c_sprint8a_context_edge_film,gatv2,graph_c_context_observation,S5F2_energy,test,1438,9251,,0,0.43856096267700195
sprint9_multiseed_S8A_R2_seed7_S8A_R2_context_edge_film,S8A_R2_context_edge_film,graph_c_gatv2_context_edge_film_interaction,gatv2_graph_c_sprint8a_context_edge_film,gatv2,graph_c_context_observation,S5F2_energy,test,1439,9251,,0,0.383958101272583
sprint9_multiseed_S8A_R2_seed7_S8A_R2_context_edge_film,S8A_R2_context_edge_film,graph_c_gatv2_context_edge_film_interaction,gatv2_graph_c_sprint8a_context_edge_film,gatv2,graph_c_context_observation,S5F2_energy,test,1440,9251,,0,0.3836402893066406
sprint9_multiseed_S8A_R2_seed7_S8A_R2_context_edge_film,S8A_R2_context_edge_film,graph_c_gatv2_context_edge_film_interaction,gatv2_graph_c_sprint8a_context_edge_film,gatv2,graph_c_context_observation,S5F2_energy,test,1441,9251,,0,0.3965805470943451
sprint9_multiseed_S8A_R2_seed7_S8A_R2_context_edge_film,S8A_R2_context_edge_film,graph_c_gatv2_context_edge_film_interaction,gatv2_graph_c_sprint8a_context_edge_film,gatv2,graph_c_context_observation,S5F2_energy,test,1442,9251,,0,0.3800428509712219
sprint9_multiseed_S8A_R2_seed7_S8A_R2_context_edge_film,S8A_R2_context_edge_film,graph_c_gatv2_context_edge_film_interaction,gatv2_graph_c_sprint8a_context_edge_film,gatv2,graph_c_context_observation,S5F2_energy,test,1443,9251,,0,0.4501529932022095
sprint9_multiseed_S8A_R2_seed7_S8A_R2_context_edge_film,S8A_R2_context_edge_film,graph_c_gatv2_context_edge_film_interaction,gatv2_graph_c_sprint8a_context_edge_film,gatv2,graph_c_context_observation,S5F2_energy,test,1444,9251,,0,0.44695305824279785
sprint9_multiseed_S8A_R2_seed7_S8A_R2_context_edge_film,S8A_R2_context_edge_film,graph_c_gatv2_context_edge_film_interaction,gatv2_graph_c_sprint8a_context_edge_film,gatv2,graph_c_context_observation,S5F2_energy,test,1445,9251,,0,0.3833111822605133
sprint9_multiseed_S8A_R2_seed7_S8A_R2_context_edge_film,S8A_R2_context_edge_film,graph_c_gatv2_context_edge_film_interaction,gatv2_graph_c_sprint8a_context_edge_film,gatv2,graph_c_context_observation,S5F2_energy,test,1446,9251,,0,0.35529619455337524
sprint9_multiseed_S8A_R2_seed7_S8A_R2_context_edge_film,S8A_R2_context_edge_film,graph_c_gatv2_context_edge_film_interaction,gatv2_graph_c_sprint8a_context_edge_film,gatv2,graph_c_context_observation,S5F2_energy,test,1447,9251,,0,0.34899264574050903
sprint9_multiseed_S8A_R2_seed7_S8A_R2_context_edge_film,S8A_R2_context_edge_film,graph_c_gatv2_context_edge_film_interaction,gatv2_graph_c_sprint8a_context_edge_film,gatv2,graph_c_context_observation,S5F2_energy,test,1448,9251,,0,0.37337836623191833
sprint9_multiseed_S8A_R2_seed7_S8A_R2_context_edge_film,S8A_R2_context_edge_film,graph_c_gatv2_context_edge_film_interaction,gatv2_graph_c_sprint8a_context_edge_film,gatv2,graph_c_context_observation,S5F2_energy,test,1449,9251,,0,0.34903040528297424
sprint9_multiseed_S8A_R2_seed7_S8A_R2_context_edge_film,S8A_R2_context_edge_film,graph_c_gatv2_context_edge_film_interaction,gatv2_graph_c_sprint8a_context_edge_film,gatv2,graph_c_context_observation,S5F2_energy,test,1450,9251,,0,0.4198560416698456
sprint9_multiseed_S8A_R2_seed7_S8A_R2_context_edge_film,S8A_R2_context_edge_film,graph_c_gatv2_context_edge_film_interaction,gatv2_graph_c_sprint8a_context_edge_film,gatv2,graph_c_context_observation,S5F2_energy,test,1451,9251,,0,0.34815552830696106
sprint9_multiseed_S8A_R2_seed7_S8A_R2_context_edge_film,S8A_R2_context_edge_film,graph_c_gatv2_context_edge_film_interaction,gatv2_graph_c_sprint8a_context_edge_film,gatv2,graph_c_context_observation,S5F2_energy,test,1452,9251,,0,0.46594586968421936
sprint9_multiseed_S8A_R2_seed7_S8A_R2_context_edge_film,S8A_R2_context_edge_film,graph_c_gatv2_context_edge_film_interaction,gatv2_graph_c_sprint8a_context_edge_film,gatv2,graph_c_context_observation,S5F2_energy,test,1453,10597,,1,0.3669550120830536
sprint9_multiseed_S8A_R2_seed7_S8A_R2_context_edge_film,S8A_R2_context_edge_film,graph_c_gatv2_context_edge_film_interaction,gatv2_graph_c_sprint8a_context_edge_film,gatv2,graph_c_context_observation,S5F2_energy,test,1454,10597,,1,0.3443291187286377
sprint9_multiseed_S8A_R2_seed7_S8A_R2_context_edge_film,S8A_R2_context_edge_film,graph_c_gatv2_context_edge_film_interaction,gatv2_graph_c_sprint8a_context_edge_film,gatv2,graph_c_context_observation,S5F2_energy,test,1455,10599,,1,0.32587936520576477
sprint9_multiseed_S8A_R2_seed7_S8A_R2_context_edge_film,S8A_R2_context_edge_film,graph_c_gatv2_context_edge_film_interaction,gatv2_graph_c_sprint8a_context_edge_film,gatv2,graph_c_context_observation,S5F2_energy,test,1456,10599,,1,0.3367866575717926
sprint9_multiseed_S8A_R2_seed7_S8A_R2_context_edge_film,S8A_R2_context_edge_film,graph_c_gatv2_context_edge_film_interaction,gatv2_graph_c_sprint8a_context_edge_film,gatv2,graph_c_context_observation,S5F2_energy,test,1457,10599,,1,0.29614493250846863
sprint9_multiseed_S8A_R2_seed7_S8A_R2_context_edge_film,S8A_R2_context_edge_film,graph_c_gatv2_context_edge_film_interaction,gatv2_graph_c_sprint8a_context_edge_film,gatv2,graph_c_context_observation,S5F2_energy,test,1458,10599,,1,0.5299130082130432
sprint9_multiseed_S8A_R2_seed7_S8A_R2_context_edge_film,S8A_R2_context_edge_film,graph_c_gatv2_context_edge_film_interaction,gatv2_graph_c_sprint8a_context_edge_film,gatv2,graph_c_context_observation,S5F2_energy,test,1459,10599,,1,0.2507338523864746
sprint9_multiseed_S8A_R2_seed7_S8A_R2_context_edge_film,S8A_R2_context_edge_film,graph_c_gatv2_context_edge_film_interaction,gatv2_graph_c_sprint8a_context_edge_film,gatv2,graph_c_context_observation,S5F2_energy,test,1460,10599,,1,0.2732524871826172
sprint9_multiseed_S8A_R2_seed7_S8A_R2_context_edge_film,S8A_R2_context_edge_film,graph_c_gatv2_context_edge_film_interaction,gatv2_graph_c_sprint8a_context_edge_film,gatv2,graph_c_context_observation,S5F2_energy,test,1461,10599,,1,0.325214147567749
sprint9_multiseed_S8A_R2_seed7_S8A_R2_context_edge_film,S8A_R2_context_edge_film,graph_c_gatv2_context_edge_film_interaction,gatv2_graph_c_sprint8a_context_edge_film,gatv2,graph_c_context_observation,S5F2_energy,test,1462,10599,,1,0.21555501222610474
sprint9_multiseed_S8A_R2_seed7_S8A_R2_context_edge_film,S8A_R2_context_edge_film,graph_c_gatv2_context_edge_film_interaction,gatv2_graph_c_sprint8a_context_edge_film,gatv2,graph_c_context_observation,S5F2_energy,test,1463,10599,,1,0.2794741690158844
sprint9_multiseed_S8A_R2_seed7_S8A_R2_context_edge_film,S8A_R2_context_edge_film,graph_c_gatv2_context_edge_film_interaction,gatv2_graph_c_sprint8a_context_edge_film,gatv2,graph_c_context_observation,S5F2_energy,test,1464,10599,,1,0.2989451587200165
sprint9_multiseed_S8A_R2_seed7_S8A_R2_context_edge_film,S8A_R2_context_edge_film,graph_c_gatv2_context_edge_film_interaction,gatv2_graph_c_sprint8a_context_edge_film,gatv2,graph_c_context_observation,S5F2_energy,test,1465,10599,,1,0.1937684565782547
sprint9_multiseed_S8A_R2_seed7_S8A_R2_context_edge_film,S8A_R2_context_edge_film,graph_c_gatv2_context_edge_film_interaction,gatv2_graph_c_sprint8a_context_edge_film,gatv2,graph_c_context_observation,S5F2_energy,test,1466,10599,,1,0.3073878288269043
sprint9_multiseed_S8A_R2_seed7_S8A_R2_context_edge_film,S8A_R2_context_edge_film,graph_c_gatv2_context_edge_film_interaction,gatv2_graph_c_sprint8a_context_edge_film,gatv2,graph_c_context_observation,S5F2_energy,test,1467,10599,,1,0.30162152647972107
sprint9_multiseed_S8A_R2_seed7_S8A_R2_context_edge_film,S8A_R2_context_edge_film,graph_c_gatv2_context_edge_film_interaction,gatv2_graph_c_sprint8a_context_edge_film,gatv2,graph_c_context_observation,S5F2_energy,test,1468,10599,,1,0.27127063274383545
sprint9_multiseed_S8A_R2_seed7_S8A_R2_context_edge_film,S8A_R2_context_edge_film,graph_c_gatv2_context_edge_film_interaction,gatv2_graph_c_sprint8a_context_edge_film,gatv2,graph_c_context_observation,S5F2_energy,test,1469,10599,,1,0.3853679597377777
sprint9_multiseed_S8A_R2_seed7_S8A_R2_context_edge_film,S8A_R2_context_edge_film,graph_c_gatv2_context_edge_film_interaction,gatv2_graph_c_sprint8a_context_edge_film,gatv2,graph_c_context_observation,S5F2_energy,test,1470,10599,,1,0.34697839617729187
sprint9_multiseed_S8A_R2_seed7_S8A_R2_context_edge_film,S8A_R2_context_edge_film,graph_c_gatv2_context_edge_film_interaction,gatv2_graph_c_sprint8a_context_edge_film,gatv2,graph_c_context_observation,S5F2_energy,test,1471,10599,,1,0.2552962899208069
sprint9_multiseed_S8A_R2_seed7_S8A_R2_context_edge_film,S8A_R2_context_edge_film,graph_c_gatv2_context_edge_film_interaction,gatv2_graph_c_sprint8a_context_edge_film,gatv2,graph_c_context_observation,S5F2_energy,test,1472,10599,,1,0.42318257689476013
sprint9_multiseed_S8A_R2_seed7_S8A_R2_context_edge_film,S8A_R2_context_edge_film,graph_c_gatv2_context_edge_film_interaction,gatv2_graph_c_sprint8a_context_edge_film,gatv2,graph_c_context_observation,S5F2_energy,test,1473,10599,,1,0.3133023977279663
sprint9_multiseed_S8A_R2_seed7_S8A_R2_context_edge_film,S8A_R2_context_edge_film,graph_c_gatv2_context_edge_film_interaction,gatv2_graph_c_sprint8a_context_edge_film,gatv2,graph_c_context_observation,S5F2_energy,test,1474,10599,,1,0.24953493475914001
sprint9_multiseed_S8A_R2_seed7_S8A_R2_context_edge_film,S8A_R2_context_edge_film,graph_c_gatv2_context_edge_film_interaction,gatv2_graph_c_sprint8a_context_edge_film,gatv2,graph_c_context_observation,S5F2_energy,test,1475,10599,,1,0.3832562267780304
sprint9_multiseed_S8A_R2_seed7_S8A_R2_context_edge_film,S8A_R2_context_edge_film,graph_c_gatv2_context_edge_film_interaction,gatv2_graph_c_sprint8a_context_edge_film,gatv2,graph_c_context_observation,S5F2_energy,test,1476,10599,,1,0.4656839072704315
sprint9_multiseed_S8A_R2_seed7_S8A_R2_context_edge_film,S8A_R2_context_edge_film,graph_c_gatv2_context_edge_film_interaction,gatv2_graph_c_sprint8a_context_edge_film,gatv2,graph_c_context_observation,S5F2_energy,test,1477,10599,,1,0.3210608661174774
sprint9_multiseed_S8A_R2_seed7_S8A_R2_context_edge_film,S8A_R2_context_edge_film,graph_c_gatv2_context_edge_film_interaction,gatv2_graph_c_sprint8a_context_edge_film,gatv2,graph_c_context_observation,S5F2_energy,test,1478,10599,,1,0.2850152254104614
sprint9_multiseed_S8A_R2_seed7_S8A_R2_context_edge_film,S8A_R2_context_edge_film,graph_c_gatv2_context_edge_film_interaction,gatv2_graph_c_sprint8a_context_edge_film,gatv2,graph_c_context_observation,S5F2_energy,test,1479,10599,,1,0.2727741301059723
sprint9_multiseed_S8A_R2_seed7_S8A_R2_context_edge_film,S8A_R2_context_edge_film,graph_c_gatv2_context_edge_film_interaction,gatv2_graph_c_sprint8a_context_edge_film,gatv2,graph_c_context_observation,S5F2_energy,test,1480,10599,,1,0.3042455017566681
sprint9_multiseed_S8A_R2_seed7_S8A_R2_context_edge_film,S8A_R2_context_edge_film,graph_c_gatv2_context_edge_film_interaction,gatv2_graph_c_sprint8a_context_edge_film,gatv2,graph_c_context_observation,S5F2_energy,test,1481,10599,,1,0.24081556499004364
sprint9_multiseed_S8A_R2_seed7_S8A_R2_context_edge_film,S8A_R2_context_edge_film,graph_c_gatv2_context_edge_film_interaction,gatv2_graph_c_sprint8a_context_edge_film,gatv2,graph_c_context_observation,S5F2_energy,test,1482,10599,,1,0.2642062306404114
sprint9_multiseed_S8A_R2_seed7_S8A_R2_context_edge_film,S8A_R2_context_edge_film,graph_c_gatv2_context_edge_film_interaction,gatv2_graph_c_sprint8a_context_edge_film,gatv2,graph_c_context_observation,S5F2_energy,test,1483,10599,,1,0.22609616816043854
sprint9_multiseed_S8A_R2_seed7_S8A_R2_context_edge_film,S8A_R2_context_edge_film,graph_c_gatv2_context_edge_film_interaction,gatv2_graph_c_sprint8a_context_edge_film,gatv2,graph_c_context_observation,S5F2_energy,test,1484,10599,,1,0.26485273241996765
sprint9_multiseed_S8A_R2_seed7_S8A_R2_context_edge_film,S8A_R2_context_edge_film,graph_c_gatv2_context_edge_film_interaction,gatv2_graph_c_sprint8a_context_edge_film,gatv2,graph_c_context_observation,S5F2_energy,test,1485,10599,,1,0.2980797588825226
sprint9_multiseed_S8A_R2_seed7_S8A_R2_context_edge_film,S8A_R2_context_edge_film,graph_c_gatv2_context_edge_film_interaction,gatv2_graph_c_sprint8a_context_edge_film,gatv2,graph_c_context_observation,S5F2_energy,test,1486,10599,,1,0.3034309446811676
sprint9_multiseed_S8A_R2_seed7_S8A_R2_context_edge_film,S8A_R2_context_edge_film,graph_c_gatv2_context_edge_film_interaction,gatv2_graph_c_sprint8a_context_edge_film,gatv2,graph_c_context_observation,S5F2_energy,test,1487,10599,,1,0.34063443541526794
sprint9_multiseed_S8A_R2_seed7_S8A_R2_context_edge_film,S8A_R2_context_edge_film,graph_c_gatv2_context_edge_film_interaction,gatv2_graph_c_sprint8a_context_edge_film,gatv2,graph_c_context_observation,S5F2_energy,test,1488,10957,,1,0.49254101514816284
sprint9_multiseed_S8A_R2_seed7_S8A_R2_context_edge_film,S8A_R2_context_edge_film,graph_c_gatv2_context_edge_film_interaction,gatv2_graph_c_sprint8a_context_edge_film,gatv2,graph_c_context_observation,S5F2_energy,test,1489,10957,,1,0.5757375359535217
sprint9_multiseed_S8A_R2_seed7_S8A_R2_context_edge_film,S8A_R2_context_edge_film,graph_c_gatv2_context_edge_film_interaction,gatv2_graph_c_sprint8a_context_edge_film,gatv2,graph_c_context_observation,S5F2_energy,test,1490,10957,,1,0.6570281386375427
sprint9_multiseed_S8A_R2_seed7_S8A_R2_context_edge_film,S8A_R2_context_edge_film,graph_c_gatv2_context_edge_film_interaction,gatv2_graph_c_sprint8a_context_edge_film,gatv2,graph_c_context_observation,S5F2_energy,test,1491,10957,,1,0.5510810613632202
sprint9_multiseed_S8A_R2_seed7_S8A_R2_context_edge_film,S8A_R2_context_edge_film,graph_c_gatv2_context_edge_film_interaction,gatv2_graph_c_sprint8a_context_edge_film,gatv2,graph_c_context_observation,S5F2_energy,test,1492,10990,,1,0.5375006794929504
sprint9_multiseed_S8A_R2_seed7_S8A_R2_context_edge_film,S8A_R2_context_edge_film,graph_c_gatv2_context_edge_film_interaction,gatv2_graph_c_sprint8a_context_edge_film,gatv2,graph_c_context_observation,S5F2_energy,test,1493,10990,,1,0.4253109097480774
sprint9_multiseed_S8A_R2_seed7_S8A_R2_context_edge_film,S8A_R2_context_edge_film,graph_c_gatv2_context_edge_film_interaction,gatv2_graph_c_sprint8a_context_edge_film,gatv2,graph_c_context_observation,S5F2_energy,test,1494,10990,,1,0.5302855372428894
sprint9_multiseed_S8A_R2_seed7_S8A_R2_context_edge_film,S8A_R2_context_edge_film,graph_c_gatv2_context_edge_film_interaction,gatv2_graph_c_sprint8a_context_edge_film,gatv2,graph_c_context_observation,S5F2_energy,test,1495,10990,,1,0.6038137674331665
sprint9_multiseed_S8A_R2_seed7_S8A_R2_context_edge_film,S8A_R2_context_edge_film,graph_c_gatv2_context_edge_film_interaction,gatv2_graph_c_sprint8a_context_edge_film,gatv2,graph_c_context_observation,S5F2_energy,test,1496,10990,,1,0.4864848554134369
sprint9_multiseed_S8A_R2_seed7_S8A_R2_context_edge_film,S8A_R2_context_edge_film,graph_c_gatv2_context_edge_film_interaction,gatv2_graph_c_sprint8a_context_edge_film,gatv2,graph_c_context_observation,S5F2_energy,test,1497,10990,,1,0.5420876741409302
sprint9_multiseed_S8A_R2_seed7_S8A_R2_context_edge_film,S8A_R2_context_edge_film,graph_c_gatv2_context_edge_film_interaction,gatv2_graph_c_sprint8a_context_edge_film,gatv2,graph_c_context_observation,S5F2_energy,test,1498,10990,,1,0.39377689361572266
sprint9_multiseed_S8A_R2_seed7_S8A_R2_context_edge_film,S8A_R2_context_edge_film,graph_c_gatv2_context_edge_film_interaction,gatv2_graph_c_sprint8a_context_edge_film,gatv2,graph_c_context_observation,S5F2_energy,test,1499,10990,,1,0.39765825867652893
sprint9_multiseed_S8A_R2_seed7_S8A_R2_context_edge_film,S8A_R2_context_edge_film,graph_c_gatv2_context_edge_film_interaction,gatv2_graph_c_sprint8a_context_edge_film,gatv2,graph_c_context_observation,S5F2_energy,test,1500,10990,,1,0.307251900434494
sprint9_multiseed_S8A_R2_seed7_S8A_R2_context_edge_film,S8A_R2_context_edge_film,graph_c_gatv2_context_edge_film_interaction,gatv2_graph_c_sprint8a_context_edge_film,gatv2,graph_c_context_observation,S5F2_energy,test,1501,10990,,1,0.3828480541706085
sprint9_multiseed_S8A_R2_seed7_S8A_R2_context_edge_film,S8A_R2_context_edge_film,graph_c_gatv2_context_edge_film_interaction,gatv2_graph_c_sprint8a_context_edge_film,gatv2,graph_c_context_observation,S5F2_energy,test,1502,10990,,1,0.40970849990844727
sprint9_multiseed_S8A_R2_seed7_S8A_R2_context_edge_film,S8A_R2_context_edge_film,graph_c_gatv2_context_edge_film_interaction,gatv2_graph_c_sprint8a_context_edge_film,gatv2,graph_c_context_observation,S5F2_energy,test,1503,10990,,1,0.41265997290611267
sprint9_multiseed_S8A_R2_seed7_S8A_R2_context_edge_film,S8A_R2_context_edge_film,graph_c_gatv2_context_edge_film_interaction,gatv2_graph_c_sprint8a_context_edge_film,gatv2,graph_c_context_observation,S5F2_energy,test,1504,10990,,1,0.42702803015708923
sprint9_multiseed_S8A_R2_seed7_S8A_R2_context_edge_film,S8A_R2_context_edge_film,graph_c_gatv2_context_edge_film_interaction,gatv2_graph_c_sprint8a_context_edge_film,gatv2,graph_c_context_observation,S5F2_energy,test,1505,10990,,1,0.29531291127204895
sprint9_multiseed_S8A_R2_seed7_S8A_R2_context_edge_film,S8A_R2_context_edge_film,graph_c_gatv2_context_edge_film_interaction,gatv2_graph_c_sprint8a_context_edge_film,gatv2,graph_c_context_observation,S5F2_energy,test,1506,10990,,1,0.5407621264457703
sprint9_multiseed_S8A_R2_seed7_S8A_R2_context_edge_film,S8A_R2_context_edge_film,graph_c_gatv2_context_edge_film_interaction,gatv2_graph_c_sprint8a_context_edge_film,gatv2,graph_c_context_observation,S5F2_energy,test,1507,10990,,1,0.5064209699630737
sprint9_multiseed_S8A_R2_seed7_S8A_R2_context_edge_film,S8A_R2_context_edge_film,graph_c_gatv2_context_edge_film_interaction,gatv2_graph_c_sprint8a_context_edge_film,gatv2,graph_c_context_observation,S5F2_energy,test,1508,10990,,1,0.37242764234542847
sprint9_multiseed_S8A_R2_seed7_S8A_R2_context_edge_film,S8A_R2_context_edge_film,graph_c_gatv2_context_edge_film_interaction,gatv2_graph_c_sprint8a_context_edge_film,gatv2,graph_c_context_observation,S5F2_energy,test,1509,10990,,1,0.3647913336753845
sprint9_multiseed_S8A_R2_seed7_S8A_R2_context_edge_film,S8A_R2_context_edge_film,graph_c_gatv2_context_edge_film_interaction,gatv2_graph_c_sprint8a_context_edge_film,gatv2,graph_c_context_observation,S5F2_energy,test,1510,10990,,1,0.4433740973472595
sprint9_multiseed_S8A_R2_seed7_S8A_R2_context_edge_film,S8A_R2_context_edge_film,graph_c_gatv2_context_edge_film_interaction,gatv2_graph_c_sprint8a_context_edge_film,gatv2,graph_c_context_observation,S5F2_energy,test,1511,10990,,1,0.3627696931362152
sprint9_multiseed_S8A_R2_seed7_S8A_R2_context_edge_film,S8A_R2_context_edge_film,graph_c_gatv2_context_edge_film_interaction,gatv2_graph_c_sprint8a_context_edge_film,gatv2,graph_c_context_observation,S5F2_energy,test,1512,11012,,1,0.686290442943573
sprint9_multiseed_S8A_R2_seed7_S8A_R2_context_edge_film,S8A_R2_context_edge_film,graph_c_gatv2_context_edge_film_interaction,gatv2_graph_c_sprint8a_context_edge_film,gatv2,graph_c_context_observation,S5F2_energy,test,1513,11012,,1,0.5965454578399658
sprint9_multiseed_S8A_R2_seed7_S8A_R2_context_edge_film,S8A_R2_context_edge_film,graph_c_gatv2_context_edge_film_interaction,gatv2_graph_c_sprint8a_context_edge_film,gatv2,graph_c_context_observation,S5F2_energy,test,1514,11012,,1,0.852228581905365
sprint9_multiseed_S8A_R2_seed7_S8A_R2_context_edge_film,S8A_R2_context_edge_film,graph_c_gatv2_context_edge_film_interaction,gatv2_graph_c_sprint8a_context_edge_film,gatv2,graph_c_context_observation,S5F2_energy,test,1515,11012,,1,0.6442399024963379
sprint9_multiseed_S8A_R2_seed7_S8A_R2_context_edge_film,S8A_R2_context_edge_film,graph_c_gatv2_context_edge_film_interaction,gatv2_graph_c_sprint8a_context_edge_film,gatv2,graph_c_context_observation,S5F2_energy,test,1516,11012,,1,0.5013911128044128
sprint9_multiseed_S8A_R2_seed7_S8A_R2_context_edge_film,S8A_R2_context_edge_film,graph_c_gatv2_context_edge_film_interaction,gatv2_graph_c_sprint8a_context_edge_film,gatv2,graph_c_context_observation,S5F2_energy,test,1517,11012,,1,0.512698769569397
sprint9_multiseed_S8A_R2_seed7_S8A_R2_context_edge_film,S8A_R2_context_edge_film,graph_c_gatv2_context_edge_film_interaction,gatv2_graph_c_sprint8a_context_edge_film,gatv2,graph_c_context_observation,S5F2_energy,test,1518,11012,,1,0.7118096947669983
sprint9_multiseed_S8A_R2_seed7_S8A_R2_context_edge_film,S8A_R2_context_edge_film,graph_c_gatv2_context_edge_film_interaction,gatv2_graph_c_sprint8a_context_edge_film,gatv2,graph_c_context_observation,S5F2_energy,test,1519,11012,,1,0.36428409814834595
sprint9_multiseed_S8A_R2_seed7_S8A_R2_context_edge_film,S8A_R2_context_edge_film,graph_c_gatv2_context_edge_film_interaction,gatv2_graph_c_sprint8a_context_edge_film,gatv2,graph_c_context_observation,S5F2_energy,test,1520,11173,,1,0.9081737995147705
sprint9_multiseed_S8A_R2_seed7_S8A_R2_context_edge_film,S8A_R2_context_edge_film,graph_c_gatv2_context_edge_film_interaction,gatv2_graph_c_sprint8a_context_edge_film,gatv2,graph_c_context_observation,S5F2_energy,test,1521,11173,,1,0.8656920790672302
sprint9_multiseed_S8A_R2_seed7_S8A_R2_context_edge_film,S8A_R2_context_edge_film,graph_c_gatv2_context_edge_film_interaction,gatv2_graph_c_sprint8a_context_edge_film,gatv2,graph_c_context_observation,S5F2_energy,test,1522,11173,,1,0.8815057277679443
sprint9_multiseed_S8A_R2_seed7_S8A_R2_context_edge_film,S8A_R2_context_edge_film,graph_c_gatv2_context_edge_film_interaction,gatv2_graph_c_sprint8a_context_edge_film,gatv2,graph_c_context_observation,S5F2_energy,test,1523,11173,,1,0.8434086441993713
sprint9_multiseed_S8A_R2_seed7_S8A_R2_context_edge_film,S8A_R2_context_edge_film,graph_c_gatv2_context_edge_film_interaction,gatv2_graph_c_sprint8a_context_edge_film,gatv2,graph_c_context_observation,S5F2_energy,test,1524,11173,,1,0.904178261756897
sprint9_multiseed_S8A_R2_seed7_S8A_R2_context_edge_film,S8A_R2_context_edge_film,graph_c_gatv2_context_edge_film_interaction,gatv2_graph_c_sprint8a_context_edge_film,gatv2,graph_c_context_observation,S5F2_energy,test,1525,11173,,1,0.8888126015663147
sprint9_multiseed_S8A_R2_seed7_S8A_R2_context_edge_film,S8A_R2_context_edge_film,graph_c_gatv2_context_edge_film_interaction,gatv2_graph_c_sprint8a_context_edge_film,gatv2,graph_c_context_observation,S5F2_energy,test,1526,11173,,1,0.8893689513206482
sprint9_multiseed_S8A_R2_seed7_S8A_R2_context_edge_film,S8A_R2_context_edge_film,graph_c_gatv2_context_edge_film_interaction,gatv2_graph_c_sprint8a_context_edge_film,gatv2,graph_c_context_observation,S5F2_energy,test,1527,11173,,1,0.8681425452232361
sprint9_multiseed_S8A_R2_seed7_S8A_R2_context_edge_film,S8A_R2_context_edge_film,graph_c_gatv2_context_edge_film_interaction,gatv2_graph_c_sprint8a_context_edge_film,gatv2,graph_c_context_observation,S5F2_energy,test,1528,11173,,1,0.9094458818435669
sprint9_multiseed_S8A_R2_seed7_S8A_R2_context_edge_film,S8A_R2_context_edge_film,graph_c_gatv2_context_edge_film_interaction,gatv2_graph_c_sprint8a_context_edge_film,gatv2,graph_c_context_observation,S5F2_energy,test,1529,11173,,1,0.8334269523620605
sprint9_multiseed_S8A_R2_seed7_S8A_R2_context_edge_film,S8A_R2_context_edge_film,graph_c_gatv2_context_edge_film_interaction,gatv2_graph_c_sprint8a_context_edge_film,gatv2,graph_c_context_observation,S5F2_energy,test,1530,11173,,1,0.8686344623565674
sprint9_multiseed_S8A_R2_seed7_S8A_R2_context_edge_film,S8A_R2_context_edge_film,graph_c_gatv2_context_edge_film_interaction,gatv2_graph_c_sprint8a_context_edge_film,gatv2,graph_c_context_observation,S5F2_energy,test,1531,11173,,1,0.8901849389076233
sprint9_multiseed_S8A_R2_seed7_S8A_R2_context_edge_film,S8A_R2_context_edge_film,graph_c_gatv2_context_edge_film_interaction,gatv2_graph_c_sprint8a_context_edge_film,gatv2,graph_c_context_observation,S5F2_energy,test,1532,11173,,1,0.8928518295288086
sprint9_multiseed_S8A_R2_seed7_S8A_R2_context_edge_film,S8A_R2_context_edge_film,graph_c_gatv2_context_edge_film_interaction,gatv2_graph_c_sprint8a_context_edge_film,gatv2,graph_c_context_observation,S5F2_energy,test,1533,11173,,1,0.8793184161186218
sprint9_multiseed_S8A_R2_seed7_S8A_R2_context_edge_film,S8A_R2_context_edge_film,graph_c_gatv2_context_edge_film_interaction,gatv2_graph_c_sprint8a_context_edge_film,gatv2,graph_c_context_observation,S5F2_energy,test,1534,11173,,1,0.885050356388092
sprint9_multiseed_S8A_R2_seed7_S8A_R2_context_edge_film,S8A_R2_context_edge_film,graph_c_gatv2_context_edge_film_interaction,gatv2_graph_c_sprint8a_context_edge_film,gatv2,graph_c_context_observation,S5F2_energy,test,1535,11173,,1,0.8741830587387085
sprint9_multiseed_S8A_R2_seed7_S8A_R2_context_edge_film,S8A_R2_context_edge_film,graph_c_gatv2_context_edge_film_interaction,gatv2_graph_c_sprint8a_context_edge_film,gatv2,graph_c_context_observation,S5F2_energy,test,1536,11173,,1,0.8951908349990845
sprint9_multiseed_S8A_R2_seed7_S8A_R2_context_edge_film,S8A_R2_context_edge_film,graph_c_gatv2_context_edge_film_interaction,gatv2_graph_c_sprint8a_context_edge_film,gatv2,graph_c_context_observation,S5F2_energy,test,1537,11173,,1,0.8778359889984131
sprint9_multiseed_S8A_R2_seed7_S8A_R2_context_edge_film,S8A_R2_context_edge_film,graph_c_gatv2_context_edge_film_interaction,gatv2_graph_c_sprint8a_context_edge_film,gatv2,graph_c_context_observation,S5F2_energy,test,1538,11173,,1,0.8834385871887207
sprint9_multiseed_S8A_R2_seed7_S8A_R2_context_edge_film,S8A_R2_context_edge_film,graph_c_gatv2_context_edge_film_interaction,gatv2_graph_c_sprint8a_context_edge_film,gatv2,graph_c_context_observation,S5F2_energy,test,1539,11173,,1,0.8755350112915039
sprint9_multiseed_S8A_R2_seed7_S8A_R2_context_edge_film,S8A_R2_context_edge_film,graph_c_gatv2_context_edge_film_interaction,gatv2_graph_c_sprint8a_context_edge_film,gatv2,graph_c_context_observation,S5F2_energy,test,1540,11173,,1,0.8706892132759094
sprint9_multiseed_S8A_R2_seed7_S8A_R2_context_edge_film,S8A_R2_context_edge_film,graph_c_gatv2_context_edge_film_interaction,gatv2_graph_c_sprint8a_context_edge_film,gatv2,graph_c_context_observation,S5F2_energy,test,1541,11173,,1,0.8696103692054749
sprint9_multiseed_S8A_R2_seed7_S8A_R2_context_edge_film,S8A_R2_context_edge_film,graph_c_gatv2_context_edge_film_interaction,gatv2_graph_c_sprint8a_context_edge_film,gatv2,graph_c_context_observation,S5F2_energy,test,1542,11173,,1,0.900488018989563
sprint9_multiseed_S8A_R2_seed7_S8A_R2_context_edge_film,S8A_R2_context_edge_film,graph_c_gatv2_context_edge_film_interaction,gatv2_graph_c_sprint8a_context_edge_film,gatv2,graph_c_context_observation,S5F2_energy,test,1543,11173,,1,0.8614403605461121
sprint9_multiseed_S8A_R2_seed7_S8A_R2_context_edge_film,S8A_R2_context_edge_film,graph_c_gatv2_context_edge_film_interaction,gatv2_graph_c_sprint8a_context_edge_film,gatv2,graph_c_context_observation,S5F2_energy,test,1544,11173,,1,0.8813718557357788
sprint9_multiseed_S8A_R2_seed7_S8A_R2_context_edge_film,S8A_R2_context_edge_film,graph_c_gatv2_context_edge_film_interaction,gatv2_graph_c_sprint8a_context_edge_film,gatv2,graph_c_context_observation,S5F2_energy,test,1545,11173,,1,0.8979203701019287
sprint9_multiseed_S8A_R2_seed7_S8A_R2_context_edge_film,S8A_R2_context_edge_film,graph_c_gatv2_context_edge_film_interaction,gatv2_graph_c_sprint8a_context_edge_film,gatv2,graph_c_context_observation,S5F2_energy,test,1546,11173,,1,0.8758687973022461
sprint9_multiseed_S8A_R2_seed7_S8A_R2_context_edge_film,S8A_R2_context_edge_film,graph_c_gatv2_context_edge_film_interaction,gatv2_graph_c_sprint8a_context_edge_film,gatv2,graph_c_context_observation,S5F2_energy,test,1547,11173,,1,0.8926178812980652
sprint9_multiseed_S8A_R2_seed7_S8A_R2_context_edge_film,S8A_R2_context_edge_film,graph_c_gatv2_context_edge_film_interaction,gatv2_graph_c_sprint8a_context_edge_film,gatv2,graph_c_context_observation,S5F2_energy,test,1548,11173,,1,0.8706830739974976
sprint9_multiseed_S8A_R2_seed7_S8A_R2_context_edge_film,S8A_R2_context_edge_film,graph_c_gatv2_context_edge_film_interaction,gatv2_graph_c_sprint8a_context_edge_film,gatv2,graph_c_context_observation,S5F2_energy,test,1549,11173,,1,0.839759111404419
sprint9_multiseed_S8A_R2_seed7_S8A_R2_context_edge_film,S8A_R2_context_edge_film,graph_c_gatv2_context_edge_film_interaction,gatv2_graph_c_sprint8a_context_edge_film,gatv2,graph_c_context_observation,S5F2_energy,test,1550,11173,,1,0.874294102191925
sprint9_multiseed_S8A_R2_seed7_S8A_R2_context_edge_film,S8A_R2_context_edge_film,graph_c_gatv2_context_edge_film_interaction,gatv2_graph_c_sprint8a_context_edge_film,gatv2,graph_c_context_observation,S5F2_energy,test,1551,11173,,1,0.9114254117012024
sprint9_multiseed_S8A_R2_seed7_S8A_R2_context_edge_film,S8A_R2_context_edge_film,graph_c_gatv2_context_edge_film_interaction,gatv2_graph_c_sprint8a_context_edge_film,gatv2,graph_c_context_observation,S5F2_energy,test,1552,11173,,1,0.885429322719574
sprint9_multiseed_S8A_R2_seed7_S8A_R2_context_edge_film,S8A_R2_context_edge_film,graph_c_gatv2_context_edge_film_interaction,gatv2_graph_c_sprint8a_context_edge_film,gatv2,graph_c_context_observation,S5F2_energy,test,1553,11173,,1,0.8629741072654724
sprint9_multiseed_S8A_R2_seed7_S8A_R2_context_edge_film,S8A_R2_context_edge_film,graph_c_gatv2_context_edge_film_interaction,gatv2_graph_c_sprint8a_context_edge_film,gatv2,graph_c_context_observation,S5F2_energy,test,1554,11173,,1,0.8973142504692078
sprint9_multiseed_S8A_R2_seed7_S8A_R2_context_edge_film,S8A_R2_context_edge_film,graph_c_gatv2_context_edge_film_interaction,gatv2_graph_c_sprint8a_context_edge_film,gatv2,graph_c_context_observation,S5F2_energy,test,1555,11173,,1,0.865592360496521
sprint9_multiseed_S8A_R2_seed7_S8A_R2_context_edge_film,S8A_R2_context_edge_film,graph_c_gatv2_context_edge_film_interaction,gatv2_graph_c_sprint8a_context_edge_film,gatv2,graph_c_context_observation,S5F2_energy,test,1556,11173,,1,0.8673164248466492
sprint9_multiseed_S8A_R2_seed7_S8A_R2_context_edge_film,S8A_R2_context_edge_film,graph_c_gatv2_context_edge_film_interaction,gatv2_graph_c_sprint8a_context_edge_film,gatv2,graph_c_context_observation,S5F2_energy,test,1557,11173,,1,0.8994981050491333
sprint9_multiseed_S8A_R2_seed7_S8A_R2_context_edge_film,S8A_R2_context_edge_film,graph_c_gatv2_context_edge_film_interaction,gatv2_graph_c_sprint8a_context_edge_film,gatv2,graph_c_context_observation,S5F2_energy,test,1558,11173,,1,0.8666763305664062
sprint9_multiseed_S8A_R2_seed7_S8A_R2_context_edge_film,S8A_R2_context_edge_film,graph_c_gatv2_context_edge_film_interaction,gatv2_graph_c_sprint8a_context_edge_film,gatv2,graph_c_context_observation,S5F2_energy,test,1559,11173,,1,0.8731357455253601
sprint9_multiseed_S8A_R2_seed7_S8A_R2_context_edge_film,S8A_R2_context_edge_film,graph_c_gatv2_context_edge_film_interaction,gatv2_graph_c_sprint8a_context_edge_film,gatv2,graph_c_context_observation,S5F2_energy,test,1560,11173,,1,0.8711259961128235
sprint9_multiseed_S8A_R2_seed7_S8A_R2_context_edge_film,S8A_R2_context_edge_film,graph_c_gatv2_context_edge_film_interaction,gatv2_graph_c_sprint8a_context_edge_film,gatv2,graph_c_context_observation,S5F2_energy,test,1561,11173,,1,0.8972042798995972
sprint9_multiseed_S8A_R2_seed7_S8A_R2_context_edge_film,S8A_R2_context_edge_film,graph_c_gatv2_context_edge_film_interaction,gatv2_graph_c_sprint8a_context_edge_film,gatv2,graph_c_context_observation,S5F2_energy,test,1562,11173,,1,0.873421847820282
sprint9_multiseed_S8A_R2_seed7_S8A_R2_context_edge_film,S8A_R2_context_edge_film,graph_c_gatv2_context_edge_film_interaction,gatv2_graph_c_sprint8a_context_edge_film,gatv2,graph_c_context_observation,S5F2_energy,test,1563,11173,,1,0.8438372611999512
sprint9_multiseed_S8A_R2_seed7_S8A_R2_context_edge_film,S8A_R2_context_edge_film,graph_c_gatv2_context_edge_film_interaction,gatv2_graph_c_sprint8a_context_edge_film,gatv2,graph_c_context_observation,S5F2_energy,test,1564,11173,,1,0.8633389472961426
sprint9_multiseed_S8A_R2_seed7_S8A_R2_context_edge_film,S8A_R2_context_edge_film,graph_c_gatv2_context_edge_film_interaction,gatv2_graph_c_sprint8a_context_edge_film,gatv2,graph_c_context_observation,S5F2_energy,test,1565,11173,,1,0.8941683173179626
sprint9_multiseed_S8A_R2_seed7_S8A_R2_context_edge_film,S8A_R2_context_edge_film,graph_c_gatv2_context_edge_film_interaction,gatv2_graph_c_sprint8a_context_edge_film,gatv2,graph_c_context_observation,S5F2_energy,test,1566,11173,,1,0.8802839517593384
sprint9_multiseed_S8A_R2_seed7_S8A_R2_context_edge_film,S8A_R2_context_edge_film,graph_c_gatv2_context_edge_film_interaction,gatv2_graph_c_sprint8a_context_edge_film,gatv2,graph_c_context_observation,S5F2_energy,test,1567,11173,,1,0.853447437286377
sprint9_multiseed_S8A_R2_seed7_S8A_R2_context_edge_film,S8A_R2_context_edge_film,graph_c_gatv2_context_edge_film_interaction,gatv2_graph_c_sprint8a_context_edge_film,gatv2,graph_c_context_observation,S5F2_energy,test,1568,11173,,1,0.8847646117210388
sprint9_multiseed_S8A_R2_seed7_S8A_R2_context_edge_film,S8A_R2_context_edge_film,graph_c_gatv2_context_edge_film_interaction,gatv2_graph_c_sprint8a_context_edge_film,gatv2,graph_c_context_observation,S5F2_energy,test,1569,11173,,1,0.8470057845115662
sprint9_multiseed_S8A_R2_seed7_S8A_R2_context_edge_film,S8A_R2_context_edge_film,graph_c_gatv2_context_edge_film_interaction,gatv2_graph_c_sprint8a_context_edge_film,gatv2,graph_c_context_observation,S5F2_energy,test,1570,11173,,1,0.8432322144508362
sprint9_multiseed_S8A_R2_seed7_S8A_R2_context_edge_film,S8A_R2_context_edge_film,graph_c_gatv2_context_edge_film_interaction,gatv2_graph_c_sprint8a_context_edge_film,gatv2,graph_c_context_observation,S5F2_energy,test,1571,11173,,1,0.8781511187553406
sprint9_multiseed_S8A_R2_seed7_S8A_R2_context_edge_film,S8A_R2_context_edge_film,graph_c_gatv2_context_edge_film_interaction,gatv2_graph_c_sprint8a_context_edge_film,gatv2,graph_c_context_observation,S5F2_energy,test,1572,11173,,1,0.8694396615028381
sprint9_multiseed_S8A_R2_seed7_S8A_R2_context_edge_film,S8A_R2_context_edge_film,graph_c_gatv2_context_edge_film_interaction,gatv2_graph_c_sprint8a_context_edge_film,gatv2,graph_c_context_observation,S5F2_energy,test,1573,11173,,1,0.8762714862823486
sprint9_multiseed_S8A_R2_seed7_S8A_R2_context_edge_film,S8A_R2_context_edge_film,graph_c_gatv2_context_edge_film_interaction,gatv2_graph_c_sprint8a_context_edge_film,gatv2,graph_c_context_observation,S5F2_energy,test,1574,11173,,1,0.8843302130699158
sprint9_multiseed_S8A_R2_seed7_S8A_R2_context_edge_film,S8A_R2_context_edge_film,graph_c_gatv2_context_edge_film_interaction,gatv2_graph_c_sprint8a_context_edge_film,gatv2,graph_c_context_observation,S5F2_energy,test,1575,11173,,1,0.8829829096794128
sprint9_multiseed_S8A_R2_seed7_S8A_R2_context_edge_film,S8A_R2_context_edge_film,graph_c_gatv2_context_edge_film_interaction,gatv2_graph_c_sprint8a_context_edge_film,gatv2,graph_c_context_observation,S5F2_energy,test,1576,11173,,1,0.8745211362838745
sprint9_multiseed_S8A_R2_seed7_S8A_R2_context_edge_film,S8A_R2_context_edge_film,graph_c_gatv2_context_edge_film_interaction,gatv2_graph_c_sprint8a_context_edge_film,gatv2,graph_c_context_observation,S5F2_energy,test,1577,11173,,1,0.8950267434120178
sprint9_multiseed_S8A_R2_seed7_S8A_R2_context_edge_film,S8A_R2_context_edge_film,graph_c_gatv2_context_edge_film_interaction,gatv2_graph_c_sprint8a_context_edge_film,gatv2,graph_c_context_observation,S5F2_energy,test,1578,11173,,1,0.8687704205513
sprint9_multiseed_S8A_R2_seed7_S8A_R2_context_edge_film,S8A_R2_context_edge_film,graph_c_gatv2_context_edge_film_interaction,gatv2_graph_c_sprint8a_context_edge_film,gatv2,graph_c_context_observation,S5F2_energy,test,1579,11173,,1,0.8538351655006409
sprint9_multiseed_S8A_R2_seed7_S8A_R2_context_edge_film,S8A_R2_context_edge_film,graph_c_gatv2_context_edge_film_interaction,gatv2_graph_c_sprint8a_context_edge_film,gatv2,graph_c_context_observation,S5F2_energy,test,1580,11173,,1,0.8639172315597534
sprint9_multiseed_S8A_R2_seed7_S8A_R2_context_edge_film,S8A_R2_context_edge_film,graph_c_gatv2_context_edge_film_interaction,gatv2_graph_c_sprint8a_context_edge_film,gatv2,graph_c_context_observation,S5F2_energy,test,1581,11173,,1,0.863705039024353
sprint9_multiseed_S8A_R2_seed7_S8A_R2_context_edge_film,S8A_R2_context_edge_film,graph_c_gatv2_context_edge_film_interaction,gatv2_graph_c_sprint8a_context_edge_film,gatv2,graph_c_context_observation,S5F2_energy,test,1582,11173,,1,0.8519655466079712
sprint9_multiseed_S8A_R2_seed7_S8A_R2_context_edge_film,S8A_R2_context_edge_film,graph_c_gatv2_context_edge_film_interaction,gatv2_graph_c_sprint8a_context_edge_film,gatv2,graph_c_context_observation,S5F2_energy,test,1583,11173,,1,0.8641735911369324
sprint9_multiseed_S8A_R2_seed7_S8A_R2_context_edge_film,S8A_R2_context_edge_film,graph_c_gatv2_context_edge_film_interaction,gatv2_graph_c_sprint8a_context_edge_film,gatv2,graph_c_context_observation,S5F2_energy,test,1584,11173,,1,0.8703463673591614
sprint9_multiseed_S8A_R2_seed7_S8A_R2_context_edge_film,S8A_R2_context_edge_film,graph_c_gatv2_context_edge_film_interaction,gatv2_graph_c_sprint8a_context_edge_film,gatv2,graph_c_context_observation,S5F2_energy,test,1585,11173,,1,0.8738502860069275
sprint9_multiseed_S8A_R2_seed7_S8A_R2_context_edge_film,S8A_R2_context_edge_film,graph_c_gatv2_context_edge_film_interaction,gatv2_graph_c_sprint8a_context_edge_film,gatv2,graph_c_context_observation,S5F2_energy,test,1586,11173,,1,0.892530083656311
sprint9_multiseed_S8A_R2_seed7_S8A_R2_context_edge_film,S8A_R2_context_edge_film,graph_c_gatv2_context_edge_film_interaction,gatv2_graph_c_sprint8a_context_edge_film,gatv2,graph_c_context_observation,S5F2_energy,test,1587,11173,,1,0.8736280798912048
sprint9_multiseed_S8A_R2_seed7_S8A_R2_context_edge_film,S8A_R2_context_edge_film,graph_c_gatv2_context_edge_film_interaction,gatv2_graph_c_sprint8a_context_edge_film,gatv2,graph_c_context_observation,S5F2_energy,test,1588,11173,,1,0.8951454758644104
sprint9_multiseed_S8A_R2_seed7_S8A_R2_context_edge_film,S8A_R2_context_edge_film,graph_c_gatv2_context_edge_film_interaction,gatv2_graph_c_sprint8a_context_edge_film,gatv2,graph_c_context_observation,S5F2_energy,test,1589,11173,,1,0.8608096241950989
sprint9_multiseed_S8A_R2_seed7_S8A_R2_context_edge_film,S8A_R2_context_edge_film,graph_c_gatv2_context_edge_film_interaction,gatv2_graph_c_sprint8a_context_edge_film,gatv2,graph_c_context_observation,S5F2_energy,test,1590,11173,,1,0.8673193454742432
sprint9_multiseed_S8A_R2_seed7_S8A_R2_context_edge_film,S8A_R2_context_edge_film,graph_c_gatv2_context_edge_film_interaction,gatv2_graph_c_sprint8a_context_edge_film,gatv2,graph_c_context_observation,S5F2_energy,test,1591,11173,,1,0.8805785775184631
sprint9_multiseed_S8A_R2_seed7_S8A_R2_context_edge_film,S8A_R2_context_edge_film,graph_c_gatv2_context_edge_film_interaction,gatv2_graph_c_sprint8a_context_edge_film,gatv2,graph_c_context_observation,S5F2_energy,test,1592,11173,,1,0.88400799036026
sprint9_multiseed_S8A_R2_seed7_S8A_R2_context_edge_film,S8A_R2_context_edge_film,graph_c_gatv2_context_edge_film_interaction,gatv2_graph_c_sprint8a_context_edge_film,gatv2,graph_c_context_observation,S5F2_energy,test,1593,11173,,1,0.8710806965827942
sprint9_multiseed_S8A_R2_seed7_S8A_R2_context_edge_film,S8A_R2_context_edge_film,graph_c_gatv2_context_edge_film_interaction,gatv2_graph_c_sprint8a_context_edge_film,gatv2,graph_c_context_observation,S5F2_energy,test,1594,11173,,1,0.8570528030395508
sprint9_multiseed_S8A_R2_seed7_S8A_R2_context_edge_film,S8A_R2_context_edge_film,graph_c_gatv2_context_edge_film_interaction,gatv2_graph_c_sprint8a_context_edge_film,gatv2,graph_c_context_observation,S5F2_energy,test,1595,11173,,1,0.84413081407547
sprint9_multiseed_S8A_R2_seed7_S8A_R2_context_edge_film,S8A_R2_context_edge_film,graph_c_gatv2_context_edge_film_interaction,gatv2_graph_c_sprint8a_context_edge_film,gatv2,graph_c_context_observation,S5F2_energy,test,1596,11173,,1,0.885434091091156
sprint9_multiseed_S8A_R2_seed7_S8A_R2_context_edge_film,S8A_R2_context_edge_film,graph_c_gatv2_context_edge_film_interaction,gatv2_graph_c_sprint8a_context_edge_film,gatv2,graph_c_context_observation,S5F2_energy,test,1597,11173,,1,0.8550514578819275
sprint9_multiseed_S8A_R2_seed7_S8A_R2_context_edge_film,S8A_R2_context_edge_film,graph_c_gatv2_context_edge_film_interaction,gatv2_graph_c_sprint8a_context_edge_film,gatv2,graph_c_context_observation,S5F2_energy,test,1598,11173,,1,0.8741175532341003
sprint9_multiseed_S8A_R2_seed7_S8A_R2_context_edge_film,S8A_R2_context_edge_film,graph_c_gatv2_context_edge_film_interaction,gatv2_graph_c_sprint8a_context_edge_film,gatv2,graph_c_context_observation,S5F2_energy,test,1599,11173,,1,0.8643350005149841
sprint9_multiseed_S8A_R2_seed7_S8A_R2_context_edge_film,S8A_R2_context_edge_film,graph_c_gatv2_context_edge_film_interaction,gatv2_graph_c_sprint8a_context_edge_film,gatv2,graph_c_context_observation,S5F2_energy,test,1600,11173,,1,0.868703305721283
sprint9_multiseed_S8A_R2_seed7_S8A_R2_context_edge_film,S8A_R2_context_edge_film,graph_c_gatv2_context_edge_film_interaction,gatv2_graph_c_sprint8a_context_edge_film,gatv2,graph_c_context_observation,S5F2_energy,test,1601,11173,,1,0.890390157699585
sprint9_multiseed_S8A_R2_seed7_S8A_R2_context_edge_film,S8A_R2_context_edge_film,graph_c_gatv2_context_edge_film_interaction,gatv2_graph_c_sprint8a_context_edge_film,gatv2,graph_c_context_observation,S5F2_energy,test,1602,11173,,1,0.9032840132713318
sprint9_multiseed_S8A_R2_seed7_S8A_R2_context_edge_film,S8A_R2_context_edge_film,graph_c_gatv2_context_edge_film_interaction,gatv2_graph_c_sprint8a_context_edge_film,gatv2,graph_c_context_observation,S5F2_energy,test,1603,11173,,1,0.8777053356170654
sprint9_multiseed_S8A_R2_seed7_S8A_R2_context_edge_film,S8A_R2_context_edge_film,graph_c_gatv2_context_edge_film_interaction,gatv2_graph_c_sprint8a_context_edge_film,gatv2,graph_c_context_observation,S5F2_energy,test,1604,11173,,1,0.8921575546264648
sprint9_multiseed_S8A_R2_seed7_S8A_R2_context_edge_film,S8A_R2_context_edge_film,graph_c_gatv2_context_edge_film_interaction,gatv2_graph_c_sprint8a_context_edge_film,gatv2,graph_c_context_observation,S5F2_energy,test,1605,11173,,1,0.8533220291137695
sprint9_multiseed_S8A_R2_seed7_S8A_R2_context_edge_film,S8A_R2_context_edge_film,graph_c_gatv2_context_edge_film_interaction,gatv2_graph_c_sprint8a_context_edge_film,gatv2,graph_c_context_observation,S5F2_energy,test,1606,11173,,1,0.8121609091758728
sprint9_multiseed_S8A_R2_seed7_S8A_R2_context_edge_film,S8A_R2_context_edge_film,graph_c_gatv2_context_edge_film_interaction,gatv2_graph_c_sprint8a_context_edge_film,gatv2,graph_c_context_observation,S5F2_energy,test,1607,11173,,1,0.9014773964881897
sprint9_multiseed_S8A_R2_seed7_S8A_R2_context_edge_film,S8A_R2_context_edge_film,graph_c_gatv2_context_edge_film_interaction,gatv2_graph_c_sprint8a_context_edge_film,gatv2,graph_c_context_observation,S5F2_energy,test,1608,11173,,1,0.8844656348228455
sprint9_multiseed_S8A_R2_seed7_S8A_R2_context_edge_film,S8A_R2_context_edge_film,graph_c_gatv2_context_edge_film_interaction,gatv2_graph_c_sprint8a_context_edge_film,gatv2,graph_c_context_observation,S5F2_energy,test,1609,11173,,1,0.8665493130683899
sprint9_multiseed_S8A_R2_seed7_S8A_R2_context_edge_film,S8A_R2_context_edge_film,graph_c_gatv2_context_edge_film_interaction,gatv2_graph_c_sprint8a_context_edge_film,gatv2,graph_c_context_observation,S5F2_energy,test,1610,11173,,1,0.8650223612785339
sprint9_multiseed_S8A_R2_seed7_S8A_R2_context_edge_film,S8A_R2_context_edge_film,graph_c_gatv2_context_edge_film_interaction,gatv2_graph_c_sprint8a_context_edge_film,gatv2,graph_c_context_observation,S5F2_energy,test,1611,11173,,1,0.8925132751464844
sprint9_multiseed_S8A_R2_seed7_S8A_R2_context_edge_film,S8A_R2_context_edge_film,graph_c_gatv2_context_edge_film_interaction,gatv2_graph_c_sprint8a_context_edge_film,gatv2,graph_c_context_observation,S5F2_energy,test,1612,11173,,1,0.8631013631820679
sprint9_multiseed_S8A_R2_seed7_S8A_R2_context_edge_film,S8A_R2_context_edge_film,graph_c_gatv2_context_edge_film_interaction,gatv2_graph_c_sprint8a_context_edge_film,gatv2,graph_c_context_observation,S5F2_energy,test,1613,11173,,1,0.8743669986724854
sprint9_multiseed_S8A_R2_seed7_S8A_R2_context_edge_film,S8A_R2_context_edge_film,graph_c_gatv2_context_edge_film_interaction,gatv2_graph_c_sprint8a_context_edge_film,gatv2,graph_c_context_observation,S5F2_energy,test,1614,11173,,1,0.8572607636451721
sprint9_multiseed_S8A_R2_seed7_S8A_R2_context_edge_film,S8A_R2_context_edge_film,graph_c_gatv2_context_edge_film_interaction,gatv2_graph_c_sprint8a_context_edge_film,gatv2,graph_c_context_observation,S5F2_energy,test,1615,11173,,1,0.8369830846786499
sprint9_multiseed_S8A_R2_seed7_S8A_R2_context_edge_film,S8A_R2_context_edge_film,graph_c_gatv2_context_edge_film_interaction,gatv2_graph_c_sprint8a_context_edge_film,gatv2,graph_c_context_observation,S5F2_energy,test,1616,11173,,1,0.8746851086616516
sprint9_multiseed_S8A_R2_seed7_S8A_R2_context_edge_film,S8A_R2_context_edge_film,graph_c_gatv2_context_edge_film_interaction,gatv2_graph_c_sprint8a_context_edge_film,gatv2,graph_c_context_observation,S5F2_energy,test,1617,11173,,1,0.864966869354248
sprint9_multiseed_S8A_R2_seed7_S8A_R2_context_edge_film,S8A_R2_context_edge_film,graph_c_gatv2_context_edge_film_interaction,gatv2_graph_c_sprint8a_context_edge_film,gatv2,graph_c_context_observation,S5F2_energy,test,1618,11173,,1,0.8625892400741577
sprint9_multiseed_S8A_R2_seed7_S8A_R2_context_edge_film,S8A_R2_context_edge_film,graph_c_gatv2_context_edge_film_interaction,gatv2_graph_c_sprint8a_context_edge_film,gatv2,graph_c_context_observation,S5F2_energy,test,1619,11173,,1,0.8659809827804565
sprint9_multiseed_S8A_R2_seed7_S8A_R2_context_edge_film,S8A_R2_context_edge_film,graph_c_gatv2_context_edge_film_interaction,gatv2_graph_c_sprint8a_context_edge_film,gatv2,graph_c_context_observation,S5F2_energy,test,1620,11173,,1,0.9016754031181335
sprint9_multiseed_S8A_R2_seed7_S8A_R2_context_edge_film,S8A_R2_context_edge_film,graph_c_gatv2_context_edge_film_interaction,gatv2_graph_c_sprint8a_context_edge_film,gatv2,graph_c_context_observation,S5F2_energy,test,1621,11173,,1,0.8455440402030945
sprint9_multiseed_S8A_R2_seed7_S8A_R2_context_edge_film,S8A_R2_context_edge_film,graph_c_gatv2_context_edge_film_interaction,gatv2_graph_c_sprint8a_context_edge_film,gatv2,graph_c_context_observation,S5F2_energy,test,1622,11173,,1,0.8513072729110718
sprint9_multiseed_S8A_R2_seed7_S8A_R2_context_edge_film,S8A_R2_context_edge_film,graph_c_gatv2_context_edge_film_interaction,gatv2_graph_c_sprint8a_context_edge_film,gatv2,graph_c_context_observation,S5F2_energy,test,1623,11173,,1,0.8736692667007446
sprint9_multiseed_S8A_R2_seed7_S8A_R2_context_edge_film,S8A_R2_context_edge_film,graph_c_gatv2_context_edge_film_interaction,gatv2_graph_c_sprint8a_context_edge_film,gatv2,graph_c_context_observation,S5F2_energy,test,1624,11173,,1,0.8649231791496277
sprint9_multiseed_S8A_R2_seed7_S8A_R2_context_edge_film,S8A_R2_context_edge_film,graph_c_gatv2_context_edge_film_interaction,gatv2_graph_c_sprint8a_context_edge_film,gatv2,graph_c_context_observation,S5F2_energy,test,1625,11173,,1,0.8418130278587341
sprint9_multiseed_S8A_R2_seed7_S8A_R2_context_edge_film,S8A_R2_context_edge_film,graph_c_gatv2_context_edge_film_interaction,gatv2_graph_c_sprint8a_context_edge_film,gatv2,graph_c_context_observation,S5F2_energy,test,1626,11173,,1,0.8230712413787842
sprint9_multiseed_S8A_R2_seed7_S8A_R2_context_edge_film,S8A_R2_context_edge_film,graph_c_gatv2_context_edge_film_interaction,gatv2_graph_c_sprint8a_context_edge_film,gatv2,graph_c_context_observation,S5F2_energy,test,1627,11173,,1,0.8744649887084961
sprint9_multiseed_S8A_R2_seed7_S8A_R2_context_edge_film,S8A_R2_context_edge_film,graph_c_gatv2_context_edge_film_interaction,gatv2_graph_c_sprint8a_context_edge_film,gatv2,graph_c_context_observation,S5F2_energy,test,1628,11173,,1,0.8517178893089294
sprint9_multiseed_S8A_R2_seed7_S8A_R2_context_edge_film,S8A_R2_context_edge_film,graph_c_gatv2_context_edge_film_interaction,gatv2_graph_c_sprint8a_context_edge_film,gatv2,graph_c_context_observation,S5F2_energy,test,1629,11173,,1,0.8678987622261047
sprint9_multiseed_S8A_R2_seed7_S8A_R2_context_edge_film,S8A_R2_context_edge_film,graph_c_gatv2_context_edge_film_interaction,gatv2_graph_c_sprint8a_context_edge_film,gatv2,graph_c_context_observation,S5F2_energy,test,1630,11173,,1,0.8694503307342529
sprint9_multiseed_S8A_R2_seed7_S8A_R2_context_edge_film,S8A_R2_context_edge_film,graph_c_gatv2_context_edge_film_interaction,gatv2_graph_c_sprint8a_context_edge_film,gatv2,graph_c_context_observation,S5F2_energy,test,1631,11173,,1,0.874273419380188
sprint9_multiseed_S8A_R2_seed7_S8A_R2_context_edge_film,S8A_R2_context_edge_film,graph_c_gatv2_context_edge_film_interaction,gatv2_graph_c_sprint8a_context_edge_film,gatv2,graph_c_context_observation,S5F2_energy,test,1632,11173,,1,0.8900550007820129
sprint9_multiseed_S8A_R2_seed7_S8A_R2_context_edge_film,S8A_R2_context_edge_film,graph_c_gatv2_context_edge_film_interaction,gatv2_graph_c_sprint8a_context_edge_film,gatv2,graph_c_context_observation,S5F2_energy,test,1633,11173,,1,0.8635804653167725
sprint9_multiseed_S8A_R2_seed7_S8A_R2_context_edge_film,S8A_R2_context_edge_film,graph_c_gatv2_context_edge_film_interaction,gatv2_graph_c_sprint8a_context_edge_film,gatv2,graph_c_context_observation,S5F2_energy,test,1634,11173,,1,0.8663185238838196
sprint9_multiseed_S8A_R2_seed7_S8A_R2_context_edge_film,S8A_R2_context_edge_film,graph_c_gatv2_context_edge_film_interaction,gatv2_graph_c_sprint8a_context_edge_film,gatv2,graph_c_context_observation,S5F2_energy,test,1635,11173,,1,0.7226906418800354
sprint9_multiseed_S8A_R2_seed7_S8A_R2_context_edge_film,S8A_R2_context_edge_film,graph_c_gatv2_context_edge_film_interaction,gatv2_graph_c_sprint8a_context_edge_film,gatv2,graph_c_context_observation,S5F2_energy,test,1636,11173,,1,0.8259100317955017
sprint9_multiseed_S8A_R2_seed7_S8A_R2_context_edge_film,S8A_R2_context_edge_film,graph_c_gatv2_context_edge_film_interaction,gatv2_graph_c_sprint8a_context_edge_film,gatv2,graph_c_context_observation,S5F2_energy,test,1637,11173,,1,0.8473032712936401
sprint9_multiseed_S8A_R2_seed7_S8A_R2_context_edge_film,S8A_R2_context_edge_film,graph_c_gatv2_context_edge_film_interaction,gatv2_graph_c_sprint8a_context_edge_film,gatv2,graph_c_context_observation,S5F2_energy,test,1638,11173,,1,0.8511573672294617
sprint9_multiseed_S8A_R2_seed7_S8A_R2_context_edge_film,S8A_R2_context_edge_film,graph_c_gatv2_context_edge_film_interaction,gatv2_graph_c_sprint8a_context_edge_film,gatv2,graph_c_context_observation,S5F2_energy,test,1639,11173,,1,0.8490322828292847
sprint9_multiseed_S8A_R2_seed7_S8A_R2_context_edge_film,S8A_R2_context_edge_film,graph_c_gatv2_context_edge_film_interaction,gatv2_graph_c_sprint8a_context_edge_film,gatv2,graph_c_context_observation,S5F2_energy,test,1640,11173,,1,0.8680830597877502
sprint9_multiseed_S8A_R2_seed7_S8A_R2_context_edge_film,S8A_R2_context_edge_film,graph_c_gatv2_context_edge_film_interaction,gatv2_graph_c_sprint8a_context_edge_film,gatv2,graph_c_context_observation,S5F2_energy,test,1641,11173,,1,0.8546352386474609
sprint9_multiseed_S8A_R2_seed7_S8A_R2_context_edge_film,S8A_R2_context_edge_film,graph_c_gatv2_context_edge_film_interaction,gatv2_graph_c_sprint8a_context_edge_film,gatv2,graph_c_context_observation,S5F2_energy,test,1642,11173,,1,0.8519115447998047
sprint9_multiseed_S8A_R2_seed7_S8A_R2_context_edge_film,S8A_R2_context_edge_film,graph_c_gatv2_context_edge_film_interaction,gatv2_graph_c_sprint8a_context_edge_film,gatv2,graph_c_context_observation,S5F2_energy,test,1643,11173,,1,0.8674850463867188
sprint9_multiseed_S8A_R2_seed7_S8A_R2_context_edge_film,S8A_R2_context_edge_film,graph_c_gatv2_context_edge_film_interaction,gatv2_graph_c_sprint8a_context_edge_film,gatv2,graph_c_context_observation,S5F2_energy,test,1644,11173,,1,0.8825363516807556
sprint9_multiseed_S8A_R2_seed7_S8A_R2_context_edge_film,S8A_R2_context_edge_film,graph_c_gatv2_context_edge_film_interaction,gatv2_graph_c_sprint8a_context_edge_film,gatv2,graph_c_context_observation,S5F2_energy,test,1645,11173,,1,0.8623151779174805
sprint9_multiseed_S8A_R2_seed7_S8A_R2_context_edge_film,S8A_R2_context_edge_film,graph_c_gatv2_context_edge_film_interaction,gatv2_graph_c_sprint8a_context_edge_film,gatv2,graph_c_context_observation,S5F2_energy,test,1646,11173,,1,0.8884134888648987
sprint9_multiseed_S8A_R2_seed7_S8A_R2_context_edge_film,S8A_R2_context_edge_film,graph_c_gatv2_context_edge_film_interaction,gatv2_graph_c_sprint8a_context_edge_film,gatv2,graph_c_context_observation,S5F2_energy,test,1647,11173,,1,0.8605676889419556
sprint9_multiseed_S8A_R2_seed7_S8A_R2_context_edge_film,S8A_R2_context_edge_film,graph_c_gatv2_context_edge_film_interaction,gatv2_graph_c_sprint8a_context_edge_film,gatv2,graph_c_context_observation,S5F2_energy,test,1648,11173,,1,0.8785359859466553
sprint9_multiseed_S8A_R2_seed7_S8A_R2_context_edge_film,S8A_R2_context_edge_film,graph_c_gatv2_context_edge_film_interaction,gatv2_graph_c_sprint8a_context_edge_film,gatv2,graph_c_context_observation,S5F2_energy,test,1649,11173,,1,0.8626132011413574
sprint9_multiseed_S8A_R2_seed7_S8A_R2_context_edge_film,S8A_R2_context_edge_film,graph_c_gatv2_context_edge_film_interaction,gatv2_graph_c_sprint8a_context_edge_film,gatv2,graph_c_context_observation,S5F2_energy,test,1650,11173,,1,0.8254584670066833
sprint9_multiseed_S8A_R2_seed7_S8A_R2_context_edge_film,S8A_R2_context_edge_film,graph_c_gatv2_context_edge_film_interaction,gatv2_graph_c_sprint8a_context_edge_film,gatv2,graph_c_context_observation,S5F2_energy,test,1651,11173,,1,0.8900282382965088
sprint9_multiseed_S8A_R2_seed7_S8A_R2_context_edge_film,S8A_R2_context_edge_film,graph_c_gatv2_context_edge_film_interaction,gatv2_graph_c_sprint8a_context_edge_film,gatv2,graph_c_context_observation,S5F2_energy,test,1652,11173,,1,0.8897321224212646
sprint9_multiseed_S8A_R2_seed7_S8A_R2_context_edge_film,S8A_R2_context_edge_film,graph_c_gatv2_context_edge_film_interaction,gatv2_graph_c_sprint8a_context_edge_film,gatv2,graph_c_context_observation,S5F2_energy,test,1653,11173,,1,0.902041494846344
sprint9_multiseed_S8A_R2_seed7_S8A_R2_context_edge_film,S8A_R2_context_edge_film,graph_c_gatv2_context_edge_film_interaction,gatv2_graph_c_sprint8a_context_edge_film,gatv2,graph_c_context_observation,S5F2_energy,test,1654,11173,,1,0.8651942014694214
sprint9_multiseed_S8A_R2_seed7_S8A_R2_context_edge_film,S8A_R2_context_edge_film,graph_c_gatv2_context_edge_film_interaction,gatv2_graph_c_sprint8a_context_edge_film,gatv2,graph_c_context_observation,S5F2_energy,test,1655,11173,,1,0.8555873036384583
sprint9_multiseed_S8A_R2_seed7_S8A_R2_context_edge_film,S8A_R2_context_edge_film,graph_c_gatv2_context_edge_film_interaction,gatv2_graph_c_sprint8a_context_edge_film,gatv2,graph_c_context_observation,S5F2_energy,test,1656,11173,,1,0.8609690070152283
sprint9_multiseed_S8A_R2_seed7_S8A_R2_context_edge_film,S8A_R2_context_edge_film,graph_c_gatv2_context_edge_film_interaction,gatv2_graph_c_sprint8a_context_edge_film,gatv2,graph_c_context_observation,S5F2_energy,test,1657,11173,,1,0.8624395728111267
sprint9_multiseed_S8A_R2_seed7_S8A_R2_context_edge_film,S8A_R2_context_edge_film,graph_c_gatv2_context_edge_film_interaction,gatv2_graph_c_sprint8a_context_edge_film,gatv2,graph_c_context_observation,S5F2_energy,test,1658,11173,,1,0.8795238137245178
sprint9_multiseed_S8A_R2_seed7_S8A_R2_context_edge_film,S8A_R2_context_edge_film,graph_c_gatv2_context_edge_film_interaction,gatv2_graph_c_sprint8a_context_edge_film,gatv2,graph_c_context_observation,S5F2_energy,test,1659,11173,,1,0.8908888101577759
sprint9_multiseed_S8A_R2_seed7_S8A_R2_context_edge_film,S8A_R2_context_edge_film,graph_c_gatv2_context_edge_film_interaction,gatv2_graph_c_sprint8a_context_edge_film,gatv2,graph_c_context_observation,S5F2_energy,test,1660,11173,,1,0.8477433919906616
sprint9_multiseed_S8A_R2_seed7_S8A_R2_context_edge_film,S8A_R2_context_edge_film,graph_c_gatv2_context_edge_film_interaction,gatv2_graph_c_sprint8a_context_edge_film,gatv2,graph_c_context_observation,S5F2_energy,test,1661,11173,,1,0.8332988619804382
sprint9_multiseed_S8A_R2_seed7_S8A_R2_context_edge_film,S8A_R2_context_edge_film,graph_c_gatv2_context_edge_film_interaction,gatv2_graph_c_sprint8a_context_edge_film,gatv2,graph_c_context_observation,S5F2_energy,test,1662,11173,,1,0.8599326610565186
sprint9_multiseed_S8A_R2_seed7_S8A_R2_context_edge_film,S8A_R2_context_edge_film,graph_c_gatv2_context_edge_film_interaction,gatv2_graph_c_sprint8a_context_edge_film,gatv2,graph_c_context_observation,S5F2_energy,test,1663,11173,,1,0.8708930015563965
sprint9_multiseed_S8A_R2_seed7_S8A_R2_context_edge_film,S8A_R2_context_edge_film,graph_c_gatv2_context_edge_film_interaction,gatv2_graph_c_sprint8a_context_edge_film,gatv2,graph_c_context_observation,S5F2_energy,test,1664,11173,,1,0.9093424081802368
sprint9_multiseed_S8A_R2_seed7_S8A_R2_context_edge_film,S8A_R2_context_edge_film,graph_c_gatv2_context_edge_film_interaction,gatv2_graph_c_sprint8a_context_edge_film,gatv2,graph_c_context_observation,S5F2_energy,test,1665,11299,,1,0.6649258136749268
sprint9_multiseed_S8A_R2_seed7_S8A_R2_context_edge_film,S8A_R2_context_edge_film,graph_c_gatv2_context_edge_film_interaction,gatv2_graph_c_sprint8a_context_edge_film,gatv2,graph_c_context_observation,S5F2_energy,test,1666,11299,,1,0.5327576398849487
sprint9_multiseed_S8A_R2_seed7_S8A_R2_context_edge_film,S8A_R2_context_edge_film,graph_c_gatv2_context_edge_film_interaction,gatv2_graph_c_sprint8a_context_edge_film,gatv2,graph_c_context_observation,S5F2_energy,test,1667,11299,,1,0.41179466247558594
sprint9_multiseed_S8A_R2_seed7_S8A_R2_context_edge_film,S8A_R2_context_edge_film,graph_c_gatv2_context_edge_film_interaction,gatv2_graph_c_sprint8a_context_edge_film,gatv2,graph_c_context_observation,S5F2_energy,test,1668,11299,,1,0.40469974279403687
sprint9_multiseed_S8A_R2_seed7_S8A_R2_context_edge_film,S8A_R2_context_edge_film,graph_c_gatv2_context_edge_film_interaction,gatv2_graph_c_sprint8a_context_edge_film,gatv2,graph_c_context_observation,S5F2_energy,test,1669,11299,,1,0.36639103293418884
sprint9_multiseed_S8A_R2_seed7_S8A_R2_context_edge_film,S8A_R2_context_edge_film,graph_c_gatv2_context_edge_film_interaction,gatv2_graph_c_sprint8a_context_edge_film,gatv2,graph_c_context_observation,S5F2_energy,test,1670,11299,,1,0.4406411051750183
sprint9_multiseed_S8A_R2_seed7_S8A_R2_context_edge_film,S8A_R2_context_edge_film,graph_c_gatv2_context_edge_film_interaction,gatv2_graph_c_sprint8a_context_edge_film,gatv2,graph_c_context_observation,S5F2_energy,test,1671,11299,,1,0.4278618395328522
sprint9_multiseed_S8A_R2_seed7_S8A_R2_context_edge_film,S8A_R2_context_edge_film,graph_c_gatv2_context_edge_film_interaction,gatv2_graph_c_sprint8a_context_edge_film,gatv2,graph_c_context_observation,S5F2_energy,test,1672,11299,,1,0.4432985782623291
sprint9_multiseed_S8A_R2_seed7_S8A_R2_context_edge_film,S8A_R2_context_edge_film,graph_c_gatv2_context_edge_film_interaction,gatv2_graph_c_sprint8a_context_edge_film,gatv2,graph_c_context_observation,S5F2_energy,test,1673,11299,,1,0.3874754309654236
sprint9_multiseed_S8A_R2_seed7_S8A_R2_context_edge_film,S8A_R2_context_edge_film,graph_c_gatv2_context_edge_film_interaction,gatv2_graph_c_sprint8a_context_edge_film,gatv2,graph_c_context_observation,S5F2_energy,test,1674,11299,,1,0.42313122749328613
sprint9_multiseed_S8A_R2_seed7_S8A_R2_context_edge_film,S8A_R2_context_edge_film,graph_c_gatv2_context_edge_film_interaction,gatv2_graph_c_sprint8a_context_edge_film,gatv2,graph_c_context_observation,S5F2_energy,test,1675,11299,,1,0.4038890302181244
sprint9_multiseed_S8A_R2_seed7_S8A_R2_context_edge_film,S8A_R2_context_edge_film,graph_c_gatv2_context_edge_film_interaction,gatv2_graph_c_sprint8a_context_edge_film,gatv2,graph_c_context_observation,S5F2_energy,test,1676,11487,,1,0.6435670256614685
sprint9_multiseed_S8A_R2_seed7_S8A_R2_context_edge_film,S8A_R2_context_edge_film,graph_c_gatv2_context_edge_film_interaction,gatv2_graph_c_sprint8a_context_edge_film,gatv2,graph_c_context_observation,S5F2_energy,test,1677,11487,,1,0.7550004720687866
sprint9_multiseed_S8A_R2_seed7_S8A_R2_context_edge_film,S8A_R2_context_edge_film,graph_c_gatv2_context_edge_film_interaction,gatv2_graph_c_sprint8a_context_edge_film,gatv2,graph_c_context_observation,S5F2_energy,test,1678,11487,,1,0.701826274394989
sprint9_multiseed_S8A_R2_seed7_S8A_R2_context_edge_film,S8A_R2_context_edge_film,graph_c_gatv2_context_edge_film_interaction,gatv2_graph_c_sprint8a_context_edge_film,gatv2,graph_c_context_observation,S5F2_energy,test,1679,11487,,1,0.7119298577308655
sprint9_multiseed_S8A_R2_seed7_S8A_R2_context_edge_film,S8A_R2_context_edge_film,graph_c_gatv2_context_edge_film_interaction,gatv2_graph_c_sprint8a_context_edge_film,gatv2,graph_c_context_observation,S5F2_energy,test,1680,11487,,1,0.6548667550086975
sprint9_multiseed_S8A_R2_seed7_S8A_R2_context_edge_film,S8A_R2_context_edge_film,graph_c_gatv2_context_edge_film_interaction,gatv2_graph_c_sprint8a_context_edge_film,gatv2,graph_c_context_observation,S5F2_energy,test,1681,11487,,1,0.680152952671051
sprint9_multiseed_S8A_R2_seed7_S8A_R2_context_edge_film,S8A_R2_context_edge_film,graph_c_gatv2_context_edge_film_interaction,gatv2_graph_c_sprint8a_context_edge_film,gatv2,graph_c_context_observation,S5F2_energy,test,1682,11487,,1,0.772790253162384
sprint9_multiseed_S8A_R2_seed7_S8A_R2_context_edge_film,S8A_R2_context_edge_film,graph_c_gatv2_context_edge_film_interaction,gatv2_graph_c_sprint8a_context_edge_film,gatv2,graph_c_context_observation,S5F2_energy,test,1683,11487,,1,0.8105434775352478
sprint9_multiseed_S8A_R2_seed7_S8A_R2_context_edge_film,S8A_R2_context_edge_film,graph_c_gatv2_context_edge_film_interaction,gatv2_graph_c_sprint8a_context_edge_film,gatv2,graph_c_context_observation,S5F2_energy,test,1684,11487,,1,0.6751527190208435
sprint9_multiseed_S8A_R2_seed7_S8A_R2_context_edge_film,S8A_R2_context_edge_film,graph_c_gatv2_context_edge_film_interaction,gatv2_graph_c_sprint8a_context_edge_film,gatv2,graph_c_context_observation,S5F2_energy,test,1685,11487,,1,0.681569516658783
sprint9_multiseed_S8A_R2_seed7_S8A_R2_context_edge_film,S8A_R2_context_edge_film,graph_c_gatv2_context_edge_film_interaction,gatv2_graph_c_sprint8a_context_edge_film,gatv2,graph_c_context_observation,S5F2_energy,test,1686,11487,,1,0.7070209383964539
sprint9_multiseed_S8A_R2_seed7_S8A_R2_context_edge_film,S8A_R2_context_edge_film,graph_c_gatv2_context_edge_film_interaction,gatv2_graph_c_sprint8a_context_edge_film,gatv2,graph_c_context_observation,S5F2_energy,test,1687,11487,,1,0.7137607932090759
sprint9_multiseed_S8A_R2_seed7_S8A_R2_context_edge_film,S8A_R2_context_edge_film,graph_c_gatv2_context_edge_film_interaction,gatv2_graph_c_sprint8a_context_edge_film,gatv2,graph_c_context_observation,S5F2_energy,test,1688,11487,,1,0.637048065662384
sprint9_multiseed_S8A_R2_seed7_S8A_R2_context_edge_film,S8A_R2_context_edge_film,graph_c_gatv2_context_edge_film_interaction,gatv2_graph_c_sprint8a_context_edge_film,gatv2,graph_c_context_observation,S5F2_energy,test,1689,11506,,1,0.7317970991134644
sprint9_multiseed_S8A_R2_seed7_S8A_R2_context_edge_film,S8A_R2_context_edge_film,graph_c_gatv2_context_edge_film_interaction,gatv2_graph_c_sprint8a_context_edge_film,gatv2,graph_c_context_observation,S5F2_energy,test,1690,11506,,1,0.6093621850013733
sprint9_multiseed_S8A_R2_seed7_S8A_R2_context_edge_film,S8A_R2_context_edge_film,graph_c_gatv2_context_edge_film_interaction,gatv2_graph_c_sprint8a_context_edge_film,gatv2,graph_c_context_observation,S5F2_energy,test,1691,11506,,1,0.4345543682575226
sprint9_multiseed_S8A_R2_seed7_S8A_R2_context_edge_film,S8A_R2_context_edge_film,graph_c_gatv2_context_edge_film_interaction,gatv2_graph_c_sprint8a_context_edge_film,gatv2,graph_c_context_observation,S5F2_energy,test,1692,11506,,0,0.6566471457481384
sprint9_multiseed_S8A_R2_seed7_S8A_R2_context_edge_film,S8A_R2_context_edge_film,graph_c_gatv2_context_edge_film_interaction,gatv2_graph_c_sprint8a_context_edge_film,gatv2,graph_c_context_observation,S5F2_energy,test,1693,11506,,1,0.61626136302948
sprint9_multiseed_S8A_R2_seed7_S8A_R2_context_edge_film,S8A_R2_context_edge_film,graph_c_gatv2_context_edge_film_interaction,gatv2_graph_c_sprint8a_context_edge_film,gatv2,graph_c_context_observation,S5F2_energy,test,1694,11506,,1,0.66124427318573
sprint9_multiseed_S8A_R2_seed7_S8A_R2_context_edge_film,S8A_R2_context_edge_film,graph_c_gatv2_context_edge_film_interaction,gatv2_graph_c_sprint8a_context_edge_film,gatv2,graph_c_context_observation,S5F2_energy,test,1695,11506,,0,0.6832900047302246
sprint9_multiseed_S8A_R2_seed7_S8A_R2_context_edge_film,S8A_R2_context_edge_film,graph_c_gatv2_context_edge_film_interaction,gatv2_graph_c_sprint8a_context_edge_film,gatv2,graph_c_context_observation,S5F2_energy,test,1696,11506,,0,0.43581414222717285
sprint9_multiseed_S8A_R2_seed7_S8A_R2_context_edge_film,S8A_R2_context_edge_film,graph_c_gatv2_context_edge_film_interaction,gatv2_graph_c_sprint8a_context_edge_film,gatv2,graph_c_context_observation,S5F2_energy,test,1697,11506,,0,0.5579390525817871
sprint9_multiseed_S8A_R2_seed7_S8A_R2_context_edge_film,S8A_R2_context_edge_film,graph_c_gatv2_context_edge_film_interaction,gatv2_graph_c_sprint8a_context_edge_film,gatv2,graph_c_context_observation,S5F2_energy,test,1698,11506,,0,0.49622204899787903
sprint9_multiseed_S8A_R2_seed7_S8A_R2_context_edge_film,S8A_R2_context_edge_film,graph_c_gatv2_context_edge_film_interaction,gatv2_graph_c_sprint8a_context_edge_film,gatv2,graph_c_context_observation,S5F2_energy,test,1699,11506,,0,0.6249870657920837
sprint9_multiseed_S8A_R2_seed7_S8A_R2_context_edge_film,S8A_R2_context_edge_film,graph_c_gatv2_context_edge_film_interaction,gatv2_graph_c_sprint8a_context_edge_film,gatv2,graph_c_context_observation,S5F2_energy,test,1700,11506,,0,0.24351580440998077
sprint9_multiseed_S8A_R2_seed7_S8A_R2_context_edge_film,S8A_R2_context_edge_film,graph_c_gatv2_context_edge_film_interaction,gatv2_graph_c_sprint8a_context_edge_film,gatv2,graph_c_context_observation,S5F2_energy,test,1701,11506,,0,0.6940656900405884
