registry_id,metric,guide,negatives_in_guide,point_estimate,leave_one_guide_value,delta
S7F_R1,auprc,228,7,0.9692010771770274,0.969246551804633,4.547462760562393e-05
S7F_R1,auprc,278,0,0.9692010771770274,0.9688319392040575,-0.0003691379729698907
S7F_R1,auprc,635,0,0.9692010771770274,0.9691173799800982,-8.369719692924438e-05
S7F_R1,auprc,804,0,0.9692010771770274,0.9690893738700909,-0.00011170330693655028
S7F_R1,auprc,1018,0,0.9692010771770274,0.9690970757496384,-0.00010400142738897777
S7F_R1,auprc,1026,0,0.9692010771770274,0.9691472525664193,-5.382461060809973e-05
S7F_R1,auprc,1028,14,0.9692010771770274,0.969254338565511,5.326138848360529e-05
S7F_R1,auprc,1044,12,0.9692010771770274,0.969236910629476,3.583345244861924e-05
S7F_R1,auprc,1060,13,0.9692010771770274,0.969328817560021,0.0001277403829935686
S7F_R1,auprc,1088,12,0.9692010771770274,0.9692267037253761,2.5626548348700595e-05
S7F_R1,auprc,1120,14,0.9692010771770274,0.9693046328714356,0.00010355569440823054
S7F_R1,auprc,1408,9,0.9692010771770274,0.9692074672453758,6.3900683483497644e-06
S7F_R1,auprc,1505,0,0.9692010771770274,0.9688702465667705,-0.00033083061025696026
S7F_R1,auprc,3265,0,0.9692010771770274,0.9682665898023384,-0.0009344873746890414
S7F_R1,auprc,3300,0,0.9692010771770274,0.9649765351028944,-0.004224542074133031
S7F_R1,auprc,3420,0,0.9692010771770274,0.9734556340548457,0.004254556877818283
S7F_R1,auprc,7696,0,0.9692010771770274,0.9655183757845591,-0.0036827013924682905
S7F_R1,auprc,8319,0,0.9692010771770274,0.9663202515774119,-0.002880825599615555
S7F_R1,auprc,8420,0,0.9692010771770274,0.9535784413700001,-0.015622635807027274
S7F_R1,auprc,9251,80,0.9692010771770274,0.9808662594683559,0.011665182291328513
S7F_R1,auprc,10597,0,0.9692010771770274,0.9692077684491327,6.6912721052858615e-06
S7F_R1,auprc,10599,0,0.9692010771770274,0.9682616738123934,-0.0009394033646340505
S7F_R1,auprc,10957,0,0.9692010771770274,0.9690970757496384,-0.00010400142738897777
S7F_R1,auprc,10990,0,0.9692010771770274,0.9693584229194273,0.00015734574239989474
S7F_R1,auprc,11012,0,0.9692010771770274,0.9689953148609763,-0.00020576231605107242
S7F_R1,auprc,11173,0,0.9692010771770274,0.9592848277515573,-0.009916249425470092
S7F_R1,auprc,11299,0,0.9692010771770274,0.9689094586788981,-0.00029161849812930907
S7F_R1,auprc,11487,0,0.9692010771770274,0.9688584694054793,-0.00034260777154815347
S7F_R1,auprc,11506,8,0.9692010771770274,0.9869888459830791,0.017787768806051707
S7F_R1,auroc,228,7,0.8487650389652498,0.84331369982548,-0.005451339139769806
S7F_R1,auroc,278,0,0.8487650389652498,0.8478035612030649,-0.0009614777621849147
S7F_R1,auroc,635,0,0.8487650389652498,0.8485497157442858,-0.00021532322096395884
S7F_R1,auroc,804,0,0.8487650389652498,0.8484777535690652,-0.00028728539618461113
S7F_R1,auroc,1018,0,0.8487650389652498,0.8484932333853197,-0.0002718055799301178
S7F_R1,auroc,1026,0,0.8487650389652498,0.8486254488113504,-0.00013959015389941598
S7F_R1,auroc,1028,14,0.8487650389652498,0.8358060304893455,-0.012959008475904255
S7F_R1,auroc,1044,12,0.8487650389652498,0.837698109128403,-0.011066929836846762
S7F_R1,auroc,1060,13,0.8487650389652498,0.8377443099030297,-0.01102072906222007
S7F_R1,auroc,1088,12,0.8487650389652498,0.8375816966290266,-0.011183342336223201
S7F_R1,auroc,1120,14,0.8487650389652498,0.8363577023498695,-0.012407336615380293
S7F_R1,auroc,1408,9,0.8487650389652498,0.840331457925636,-0.00843358103961378
S7F_R1,auroc,1505,0,0.8487650389652498,0.8518578287809058,0.003092789815655972
S7F_R1,auroc,3265,0,0.8487650389652498,0.8463414730488779,-0.002423565916371939
S7F_R1,auroc,3300,0,0.8487650389652498,0.8393363400712739,-0.009428698893975906
S7F_R1,auroc,3420,0,0.8487650389652498,0.917215861695537,0.06845082273028724
S7F_R1,auroc,7696,0,0.8487650389652498,0.8394355357615978,-0.009329503203652001
S7F_R1,auroc,8319,0,0.8487650389652498,0.8414246636474828,-0.0073403753177669895
S7F_R1,auroc,8420,0,0.8487650389652498,0.8135410913872452,-0.03522394757800462
S7F_R1,auroc,9251,80,0.8487650389652498,0.9104446685901496,0.06167962962489981
S7F_R1,auroc,10597,0,0.8487650389652498,0.849093101542481,0.0003280625772311696
S7F_R1,auroc,10599,0,0.8487650389652498,0.8463648915187376,-0.0024001474465121797
S7F_R1,auroc,10957,0,0.8487650389652498,0.8484932333853197,-0.0002718055799301178
S7F_R1,auroc,10990,0,0.8487650389652498,0.8524796927613543,0.0037146537961044723
S7F_R1,auroc,11012,0,0.8487650389652498,0.8482355223591037,-0.0005295166061460854
S7F_R1,auroc,11173,0,0.8487650389652498,0.8364190952031785,-0.01234594376207132
S7F_R1,auroc,11299,0,0.8487650389652498,0.8480063603635827,-0.0007586786016671176
S7F_R1,auroc,11487,0,0.8487650389652498,0.8478725474929928,-0.0008924914722570065
S7F_R1,auroc,11506,8,0.8487650389652498,0.8882190823062664,0.039454043341016654
S7F_R1,mcc,228,7,0.5004602380209762,0.5064806947880881,0.006020456767111937
S7F_R1,mcc,278,0,0.5004602380209762,0.5002516039099546,-0.00020863411102156615
S7F_R1,mcc,635,0,0.5004602380209762,0.5004158368919555,-4.440112902071025e-05
S7F_R1,mcc,804,0,0.5004602380209762,0.5004009996341434,-5.923838683274951e-05
S7F_R1,mcc,1018,0,0.5004602380209762,0.5004009996341434,-5.923838683274951e-05
S7F_R1,mcc,1026,0,0.5004602380209762,0.5004306556860731,-2.95823349030222e-05
S7F_R1,mcc,1028,14,0.5004602380209762,0.4695117423064294,-0.030948495714546775
S7F_R1,mcc,1044,12,0.5004602380209762,0.45968107900293526,-0.04077915901804091
S7F_R1,mcc,1060,13,0.5004602380209762,0.486884795236264,-0.013575442784712177
S7F_R1,mcc,1088,12,0.5004602380209762,0.44688015994938457,-0.0535800780715916
S7F_R1,mcc,1120,14,0.5004602380209762,0.5252709624173446,0.024810724396368444
S7F_R1,mcc,1408,9,0.5004602380209762,0.46160084222352804,-0.038859395797448126
S7F_R1,mcc,1505,0,0.5004602380209762,0.4997293423783635,-0.0007308956426126945
S7F_R1,mcc,3265,0,0.5004602380209762,0.4999316945752531,-0.000528543445723062
S7F_R1,mcc,3300,0,0.5004602380209762,0.49854464961592626,-0.0019155884050499061
S7F_R1,mcc,3420,0,0.5004602380209762,0.4945593766168259,-0.005900861404150248
S7F_R1,mcc,7696,0,0.5004602380209762,0.498440732840873,-0.002019505180103187
S7F_R1,mcc,8319,0,0.5004602380209762,0.4988682640482699,-0.0015919739727062732
S7F_R1,mcc,8420,0,0.5004602380209762,0.492385251644606,-0.008074986376370163
S7F_R1,mcc,9251,80,0.5004602380209762,0.7099140857503695,0.20945384772939335
S7F_R1,mcc,10597,0,0.5004602380209762,0.5059105912044946,0.005450353183518386
S7F_R1,mcc,10599,0,0.5004602380209762,0.49996252940849034,-0.0004977086124858254
S7F_R1,mcc,10957,0,0.5004602380209762,0.5004009996341434,-5.923838683274951e-05
S7F_R1,mcc,10990,0,0.5004602380209762,0.5001610639914614,-0.00029917402951473715
S7F_R1,mcc,11012,0,0.5004602380209762,0.50034146527375,-0.00011877274722615905
S7F_R1,mcc,11173,0,0.5004602380209762,0.4981060436484356,-0.0023541943725405856
S7F_R1,mcc,11299,0,0.5004602380209762,0.5002966189333093,-0.00016361908766682198
S7F_R1,mcc,11487,0,0.5004602380209762,0.5002666277190241,-0.00019361030195208517
S7F_R1,mcc,11506,8,0.5004602380209762,0.5141883040806036,0.013728066059627397
S7F_R1,specificity,228,7,0.30177514792899407,0.30246913580246915,0.0006939878734750771
S7F_R1,specificity,278,0,0.30177514792899407,0.30177514792899407,0.0
S7F_R1,specificity,635,0,0.30177514792899407,0.30177514792899407,0.0
S7F_R1,specificity,804,0,0.30177514792899407,0.30177514792899407,0.0
S7F_R1,specificity,1018,0,0.30177514792899407,0.30177514792899407,0.0
S7F_R1,specificity,1026,0,0.30177514792899407,0.30177514792899407,0.0
S7F_R1,specificity,1028,14,0.30177514792899407,0.2645161290322581,-0.037259018896735996
S7F_R1,specificity,1044,12,0.30177514792899407,0.25477707006369427,-0.0469980778652998
S7F_R1,specificity,1060,13,0.30177514792899407,0.28205128205128205,-0.01972386587771202
S7F_R1,specificity,1088,12,0.30177514792899407,0.2484076433121019,-0.05336750461689216
S7F_R1,specificity,1120,14,0.30177514792899407,0.32903225806451614,0.027257110135522067
S7F_R1,specificity,1408,9,0.30177514792899407,0.2625,-0.03927514792899406
S7F_R1,specificity,1505,0,0.30177514792899407,0.30177514792899407,0.0
S7F_R1,specificity,3265,0,0.30177514792899407,0.30177514792899407,0.0
S7F_R1,specificity,3300,0,0.30177514792899407,0.30177514792899407,0.0
S7F_R1,specificity,3420,0,0.30177514792899407,0.30177514792899407,0.0
S7F_R1,specificity,7696,0,0.30177514792899407,0.30177514792899407,0.0
S7F_R1,specificity,8319,0,0.30177514792899407,0.30177514792899407,0.0
S7F_R1,specificity,8420,0,0.30177514792899407,0.30177514792899407,0.0
S7F_R1,specificity,9251,80,0.30177514792899407,0.5730337078651685,0.2712585599361744
S7F_R1,specificity,10597,0,0.30177514792899407,0.30177514792899407,0.0
S7F_R1,specificity,10599,0,0.30177514792899407,0.30177514792899407,0.0
S7F_R1,specificity,10957,0,0.30177514792899407,0.30177514792899407,0.0
S7F_R1,specificity,10990,0,0.30177514792899407,0.30177514792899407,0.0
S7F_R1,specificity,11012,0,0.30177514792899407,0.30177514792899407,0.0
S7F_R1,specificity,11173,0,0.30177514792899407,0.30177514792899407,0.0
S7F_R1,specificity,11299,0,0.30177514792899407,0.30177514792899407,0.0
S7F_R1,specificity,11487,0,0.30177514792899407,0.30177514792899407,0.0
S7F_R1,specificity,11506,8,0.30177514792899407,0.3167701863354037,0.014995038406409644
S7F_R1,macro_f1,228,7,0.7073209604697493,0.7094235644219111,0.0021026039521617745
S7F_R1,macro_f1,278,0,0.7073209604697493,0.7071490532106209,-0.0001719072591284121
S7F_R1,macro_f1,635,0,0.7073209604697493,0.7072843786111986,-3.65818585507105e-05
S7F_R1,macro_f1,804,0,0.7073209604697493,0.7072721538946705,-4.880657507888575e-05
S7F_R1,macro_f1,1018,0,0.7073209604697493,0.7072721538946705,-4.880657507888575e-05
S7F_R1,macro_f1,1026,0,0.7073209604697493,0.7072965879265092,-2.4372543240169797e-05
S7F_R1,macro_f1,1028,14,0.7073209604697493,0.686411468178954,-0.020909492290795306
S7F_R1,macro_f1,1044,12,0.7073209604697493,0.6799618526818223,-0.02735910778792705
S7F_R1,macro_f1,1060,13,0.7073209604697493,0.6973897445413497,-0.009931215928399628
S7F_R1,macro_f1,1088,12,0.7073209604697493,0.6746719659492904,-0.032648994520458996
S7F_R1,macro_f1,1120,14,0.7073209604697493,0.7244756837425625,0.0171547232728132
S7F_R1,macro_f1,1408,9,0.7073209604697493,0.6835528445277204,-0.02376811594202899
S7F_R1,macro_f1,1505,0,0.7073209604697493,0.7067185641690994,-0.0006023963006499544
S7F_R1,macro_f1,3265,0,0.7073209604697493,0.7068853865122762,-0.00043557395747317873
S7F_R1,macro_f1,3300,0,0.7073209604697493,0.7057411818078712,-0.001579778661878195
S7F_R1,macro_f1,3420,0,0.7073209604697493,0.7024445319679664,-0.004876428501782937
S7F_R1,macro_f1,7696,0,0.7073209604697493,0.7056553923243366,-0.0016655681454127436
S7F_R1,macro_f1,8319,0,0.7073209604697493,0.706008285746277,-0.0013126747234722957
S7F_R1,macro_f1,8420,0,0.7073209604697493,0.7006404288334038,-0.006680531636345521
S7F_R1,macro_f1,9251,80,0.7073209604697493,0.8443281970985611,0.13700723662881176
S7F_R1,macro_f1,10597,0,0.7073209604697493,0.7084720223101835,0.00115106184043412
S7F_R1,macro_f1,10599,0,0.7073209604697493,0.7069108041546204,-0.0004101563151289733
S7F_R1,macro_f1,10957,0,0.7073209604697493,0.7072721538946705,-4.880657507888575e-05
S7F_R1,macro_f1,10990,0,0.7073209604697493,0.7070744398428375,-0.0002465206269118836
S7F_R1,macro_f1,11012,0,0.7073209604697493,0.7072231004320793,-9.786003767009444e-05
S7F_R1,macro_f1,11173,0,0.7073209604697493,0.7053790238836968,-0.0019419365860525728
S7F_R1,macro_f1,11299,0,0.7073209604697493,0.7071861471861471,-0.00013481328360220868
S7F_R1,macro_f1,11487,0,0.7073209604697493,0.7071614335553441,-0.00015952691440523914
S7F_R1,macro_f1,11506,8,0.7073209604697493,0.7168325954132814,0.009511634943532021
S7F_R2,auprc,228,7,0.9820615421641292,0.9836509306670302,0.0015893885029010235
S7F_R2,auprc,278,0,0.9820615421641292,0.9818626956248895,-0.00019884653923973872
S7F_R2,auprc,635,0,0.9820615421641292,0.9820204922558499,-4.104990827935584e-05
S7F_R2,auprc,804,0,0.9820615421641292,0.9820026102241756,-5.8931939953654755e-05
S7F_R2,auprc,1018,0,0.9820615421641292,0.9819326438756996,-0.00012889828842965745
S7F_R2,auprc,1026,0,0.9820615421641292,0.9820358460596422,-2.569610448699411e-05
S7F_R2,auprc,1028,14,0.9820615421641292,0.9821083626606022,4.6820496472976814e-05
S7F_R2,auprc,1044,12,0.9820615421641292,0.9821118562113667,5.0314047237431936e-05
S7F_R2,auprc,1060,13,0.9820615421641292,0.9829608300607419,0.0008992878966126439
S7F_R2,auprc,1088,12,0.9820615421641292,0.982300831184372,0.0002392890202427278
S7F_R2,auprc,1120,14,0.9820615421641292,0.9821043994330123,4.2857268883089716e-05
S7F_R2,auprc,1408,9,0.9820615421641292,0.9820622482571469,7.060930177216207e-07
S7F_R2,auprc,1505,0,0.9820615421641292,0.9825144398269093,0.00045289766278011623
S7F_R2,auprc,3265,0,0.9820615421641292,0.9815357059595944,-0.0005258362045348353
S7F_R2,auprc,3300,0,0.9820615421641292,0.9802039242726008,-0.0018576178915283847
S7F_R2,auprc,3420,0,0.9820615421641292,0.9801759382291345,-0.0018856039349947062
S7F_R2,auprc,7696,0,0.9820615421641292,0.9803117930728391,-0.0017497490912901092
S7F_R2,auprc,8319,0,0.9820615421641292,0.9806969024732342,-0.0013646396908950642
S7F_R2,auprc,8420,0,0.9820615421641292,0.9765459403661967,-0.0055156017979325345
S7F_R2,auprc,9251,80,0.9820615421641292,0.9853631092453445,0.0033015670812153175
S7F_R2,auprc,10597,0,0.9820615421641292,0.9820445563512881,-1.6985812841152637e-05
S7F_R2,auprc,10599,0,0.9820615421641292,0.9816187161339098,-0.0004428260302193898
S7F_R2,auprc,10957,0,0.9820615421641292,0.9820100642256003,-5.147793852888771e-05
S7F_R2,auprc,10990,0,0.9820615421641292,0.9818014865239388,-0.00026005564019038196
S7F_R2,auprc,11012,0,0.9820615421641292,0.9819318286026667,-0.0001297135614625189
S7F_R2,auprc,11173,0,0.9820615421641292,0.9668493319401736,-0.01521221022395558
S7F_R2,auprc,11299,0,0.9820615421641292,0.9819141635778825,-0.00014737858624669364
S7F_R2,auprc,11487,0,0.9820615421641292,0.9818420843665099,-0.00021945779761933792
S7F_R2,auprc,11506,8,0.9820615421641292,0.9937229369573272,0.011661394793197943
S7F_R2,auroc,228,7,0.9065567379582131,0.9156567125589812,0.009099974600768057
S7F_R2,auroc,278,0,0.9065567379582131,0.9061123208588646,-0.00044441709934850415
S7F_R2,auroc,635,0,0.9065567379582131,0.9064624666434622,-9.427131475092665e-05
S7F_R2,auroc,804,0,0.9065567379582131,0.9064245107410576,-0.00013222721715555608
S7F_R2,auroc,1018,0,0.9065567379582131,0.9063587215219755,-0.00019801643623762466
S7F_R2,auroc,1026,0,0.9065567379582131,0.906496508064111,-6.022989410214841e-05
S7F_R2,auroc,1028,14,0.9065567379582131,0.8986860945001265,-0.007870643458086635
S7F_R2,auroc,1044,12,0.9065567379582131,0.9000141358034957,-0.0065426021547174695
S7F_R2,auroc,1060,13,0.9065567379582131,0.906546751745968,-9.986212245127746e-06
S7F_R2,auroc,1088,12,0.9065567379582131,0.9019099965076249,-0.004646741450588188
S7F_R2,auroc,1120,14,0.9065567379582131,0.8986397709087848,-0.007916967049428347
S7F_R2,auroc,1408,9,0.9065567379582131,0.9013087084148727,-0.005248029543340471
S7F_R2,auroc,1505,0,0.9065567379582131,0.9134660211583288,0.006909283200115635
S7F_R2,auroc,3265,0,0.9065567379582131,0.9053846943854134,-0.0011720435727997636
S7F_R2,auroc,3300,0,0.9065567379582131,0.9024401479080558,-0.004116590050157298
S7F_R2,auroc,3420,0,0.9065567379582131,0.913203607857676,0.006646869899462837
S7F_R2,auroc,7696,0,0.9065567379582131,0.9026843802963207,-0.0038723576618924227
S7F_R2,auroc,8319,0,0.9065567379582131,0.9035445109252587,-0.003012227032954451
S7F_R2,auroc,8420,0,0.9065567379582131,0.9000131492439185,-0.0065435887142946125
S7F_R2,auroc,9251,80,0.9065567379582131,0.8861704706277904,-0.020386267330422703
S7F_R2,auroc,10597,0,0.9065567379582131,0.9065506166445724,-6.121313640750081e-06
S7F_R2,auroc,10599,0,0.9065567379582131,0.9055305719921104,-0.0010261659661027211
S7F_R2,auroc,10957,0,0.9065567379582131,0.9064361206032485,-0.0001206173549646028
S7F_R2,auroc,10990,0,0.9065567379582131,0.9059511844096724,-0.0006055535485407493
S7F_R2,auroc,11012,0,0.9065567379582131,0.9062838296634008,-0.00027290829481230183
S7F_R2,auroc,11173,0,0.9065567379582131,0.8970721143188445,-0.009484623639368639
S7F_R2,auroc,11299,0,0.9065567379582131,0.9062157391784402,-0.00034099877977289417
S7F_R2,auroc,11487,0,0.9065567379582131,0.9060962317035192,-0.0004605062546939598
S7F_R2,auroc,11506,8,0.9065567379582131,0.9463554030763227,0.03979866511810959
S7F_R2,mcc,228,7,0.603488686060613,0.6194062544528622,0.015917568392249226
S7F_R2,mcc,278,0,0.603488686060613,0.6031211082131376,-0.000367577847475431
S7F_R2,mcc,635,0,0.603488686060613,0.6034104864102702,-7.819965034283616e-05
S7F_R2,mcc,804,0,0.603488686060613,0.6033843515791947,-0.00010433448141833335
S7F_R2,mcc,1018,0,0.603488686060613,0.6033843515791947,-0.00010433448141833335
S7F_R2,mcc,1026,0,0.603488686060613,0.6034365870562082,-5.20990044048375e-05
S7F_R2,mcc,1028,14,0.603488686060613,0.57392499678001,-0.029563689280603045
S7F_R2,mcc,1044,12,0.603488686060613,0.5788024375087993,-0.024686248551813672
S7F_R2,mcc,1060,13,0.603488686060613,0.5997720299255117,-0.003716656135101304
S7F_R2,mcc,1088,12,0.603488686060613,0.5905483492336792,-0.012940336826933851
S7F_R2,mcc,1120,14,0.603488686060613,0.57392499678001,-0.029563689280603045
S7F_R2,mcc,1408,9,0.603488686060613,0.5836746583110699,-0.019814027749543106
S7F_R2,mcc,1505,0,0.603488686060613,0.6424181704067203,0.038929484346107324
S7F_R2,mcc,3265,0,0.603488686060613,0.6025568419660433,-0.0009318440945697004
S7F_R2,mcc,3300,0,0.603488686060613,0.6001013308499471,-0.00338735521066591
S7F_R2,mcc,3420,0,0.603488686060613,0.5929639432120388,-0.010524742848574187
S7F_R2,mcc,7696,0,0.603488686060613,0.599916774420133,-0.0035719116404799856
S7F_R2,mcc,8319,0,0.603488686060613,0.6006755423799561,-0.002813143680656882
S7F_R2,mcc,8420,0,0.603488686060613,0.58901811716244,-0.014470568898172997
S7F_R2,mcc,9251,80,0.603488686060613,0.7347564955196217,0.13126780945900873
S7F_R2,mcc,10597,0,0.603488686060613,0.6034365870562082,-5.20990044048375e-05
S7F_R2,mcc,10599,0,0.603488686060613,0.6026112632117928,-0.0008774228488201974
S7F_R2,mcc,10957,0,0.603488686060613,0.6033843515791947,-0.00010433448141833335
S7F_R2,mcc,10990,0,0.603488686060613,0.602961489719887,-0.000527196340726066
S7F_R2,mcc,11012,0,0.603488686060613,0.6032794690567777,-0.00020921700383536024
S7F_R2,mcc,11173,0,0.603488686060613,0.5993218042105022,-0.004166881850110826
S7F_R2,mcc,11299,0,0.603488686060613,0.6032004449103425,-0.00028824115027048514
S7F_R2,mcc,11487,0,0.603488686060613,0.6031475886211216,-0.00034109743949140015
S7F_R2,mcc,11506,8,0.603488686060613,0.6217798117055968,0.018291125644983808
S7F_R2,specificity,228,7,0.650887573964497,0.6790123456790124,0.02812477171451533
S7F_R2,specificity,278,0,0.650887573964497,0.650887573964497,0.0
S7F_R2,specificity,635,0,0.650887573964497,0.650887573964497,0.0
S7F_R2,specificity,804,0,0.650887573964497,0.650887573964497,0.0
S7F_R2,specificity,1018,0,0.650887573964497,0.650887573964497,0.0
S7F_R2,specificity,1026,0,0.650887573964497,0.650887573964497,0.0
S7F_R2,specificity,1028,14,0.650887573964497,0.6193548387096774,-0.03153273525481959
S7F_R2,specificity,1044,12,0.650887573964497,0.6242038216560509,-0.026683752308446107
S7F_R2,specificity,1060,13,0.650887573964497,0.6538461538461539,0.00295857988165682
S7F_R2,specificity,1088,12,0.650887573964497,0.643312101910828,-0.007575472053669041
S7F_R2,specificity,1120,14,0.650887573964497,0.6193548387096774,-0.03153273525481959
S7F_R2,specificity,1408,9,0.650887573964497,0.63125,-0.019637573964497057
S7F_R2,specificity,1505,0,0.650887573964497,0.650887573964497,0.0
S7F_R2,specificity,3265,0,0.650887573964497,0.650887573964497,0.0
S7F_R2,specificity,3300,0,0.650887573964497,0.650887573964497,0.0
S7F_R2,specificity,3420,0,0.650887573964497,0.650887573964497,0.0
S7F_R2,specificity,7696,0,0.650887573964497,0.650887573964497,0.0
S7F_R2,specificity,8319,0,0.650887573964497,0.650887573964497,0.0
S7F_R2,specificity,8420,0,0.650887573964497,0.650887573964497,0.0
S7F_R2,specificity,9251,80,0.650887573964497,0.7415730337078652,0.09068545974336817
S7F_R2,specificity,10597,0,0.650887573964497,0.650887573964497,0.0
S7F_R2,specificity,10599,0,0.650887573964497,0.650887573964497,0.0
S7F_R2,specificity,10957,0,0.650887573964497,0.650887573964497,0.0
S7F_R2,specificity,10990,0,0.650887573964497,0.650887573964497,0.0
S7F_R2,specificity,11012,0,0.650887573964497,0.650887573964497,0.0
S7F_R2,specificity,11173,0,0.650887573964497,0.650887573964497,0.0
S7F_R2,specificity,11299,0,0.650887573964497,0.650887573964497,0.0
S7F_R2,specificity,11487,0,0.650887573964497,0.650887573964497,0.0
S7F_R2,specificity,11506,8,0.650887573964497,0.6832298136645962,0.032342239700099196
S7F_R2,macro_f1,228,7,0.8017158070442817,0.8094747935200843,0.007758986475802643
S7F_R2,macro_f1,278,0,0.8017158070442817,0.8015319555756013,-0.00018385146868038493
S7F_R2,macro_f1,635,0,0.8017158070442817,0.8016766939162916,-3.911312799009803e-05
S7F_R2,macro_f1,804,0,0.8017158070442817,0.8016636220544813,-5.218498980041897e-05
S7F_R2,macro_f1,1018,0,0.8017158070442817,0.8016636220544813,-5.218498980041897e-05
S7F_R2,macro_f1,1026,0,0.8017158070442817,0.8016897486795252,-2.6058364756442742e-05
S7F_R2,macro_f1,1028,14,0.8017158070442817,0.7869444824249838,-0.014771324619297865
S7F_R2,macro_f1,1044,12,0.8017158070442817,0.7893834822334921,-0.012332324810789608
S7F_R2,macro_f1,1060,13,0.8017158070442817,0.7997585134250164,-0.0019572936192653323
S7F_R2,macro_f1,1088,12,0.8017158070442817,0.7951782182152803,-0.006537588829001351
S7F_R2,macro_f1,1120,14,0.8017158070442817,0.7869444824249838,-0.014771324619297865
S7F_R2,macro_f1,1408,9,0.8017158070442817,0.7918067752054253,-0.009909031838856386
S7F_R2,macro_f1,1505,0,0.8017158070442817,0.8208618066479281,0.01914599960364638
S7F_R2,macro_f1,3265,0,0.8017158070442817,0.8012497263658254,-0.0004660806784563265
S7F_R2,macro_f1,3300,0,0.8017158070442817,0.8000215516348158,-0.0016942554094658835
S7F_R2,macro_f1,3420,0,0.8017158070442817,0.7964516300384874,-0.0052641770057942905
S7F_R2,macro_f1,7696,0,0.8017158070442817,0.7999292418472039,-0.0017865651970777607
S7F_R2,macro_f1,8319,0,0.8017158070442817,0.8003087555719135,-0.0014070514723681926
S7F_R2,macro_f1,8420,0,0.8017158070442817,0.7944780324215108,-0.007237774622770865
S7F_R2,macro_f1,9251,80,0.8017158070442817,0.8673504867872044,0.0656346797429227
S7F_R2,macro_f1,10597,0,0.8017158070442817,0.8016897486795252,-2.6058364756442742e-05
S7F_R2,macro_f1,10599,0,0.8017158070442817,0.8012769462597302,-0.0004388607845514647
S7F_R2,macro_f1,10957,0,0.8017158070442817,0.8016636220544813,-5.218498980041897e-05
S7F_R2,macro_f1,10990,0,0.8017158070442817,0.8014521191573684,-0.000263687886913333
S7F_R2,macro_f1,11012,0,0.8017158070442817,0.80161116294786,-0.00010464409642174655
S7F_R2,macro_f1,11173,0,0.8017158070442817,0.7996316548948128,-0.0020841521494688875
S7F_R2,macro_f1,11299,0,0.8017158070442817,0.8015716374269006,-0.0001441696173810625
S7F_R2,macro_f1,11487,0,0.8017158070442817,0.801545200286619,-0.00017060675766267241
S7F_R2,macro_f1,11506,8,0.8017158070442817,0.8106159559986466,0.008900148954364862
S7F_R3,auprc,228,7,0.9849450506906443,0.9850600817243582,0.00011503103371390822
S7F_R3,auprc,278,0,0.9849450506906443,0.9848158199211645,-0.0001292307694797934
S7F_R3,auprc,635,0,0.9849450506906443,0.9849165557119104,-2.8494978733917264e-05
S7F_R3,auprc,804,0,0.9849450506906443,0.9848848737044751,-6.017698616922473e-05
S7F_R3,auprc,1018,0,0.9849450506906443,0.9849070292894145,-3.8021401229770824e-05
S7F_R3,auprc,1026,0,0.9849450506906443,0.9849260680728068,-1.89826178375041e-05
S7F_R3,auprc,1028,14,0.9849450506906443,0.984996912207202,5.1861516557671905e-05
S7F_R3,auprc,1044,12,0.9849450506906443,0.9849929984827664,4.794779212213829e-05
S7F_R3,auprc,1060,13,0.9849450506906443,0.9850426322967569,9.758160611261779e-05
S7F_R3,auprc,1088,12,0.9849450506906443,0.9850396595160207,9.460882537637438e-05
S7F_R3,auprc,1120,14,0.9849450506906443,0.9850100862077171,6.503551707282007e-05
S7F_R3,auprc,1408,9,0.9849450506906443,0.9849645638311016,1.9513140457338984e-05
S7F_R3,auprc,1505,0,0.9849450506906443,0.9859152611588168,0.0009702104681724721
S7F_R3,auprc,3265,0,0.9849450506906443,0.9846068122999605,-0.00033823839068380934
S7F_R3,auprc,3300,0,0.9849450506906443,0.9837425356491476,-0.00120251504149671
S7F_R3,auprc,3420,0,0.9849450506906443,0.981589416262886,-0.003355634427758325
S7F_R3,auprc,7696,0,0.9849450506906443,0.983612124033507,-0.0013329266571373566
S7F_R3,auprc,8319,0,0.9849450506906443,0.9839307968532367,-0.0010142538374076082
S7F_R3,auprc,8420,0,0.9849450506906443,0.9792953820403775,-0.005649668650266837
S7F_R3,auprc,9251,80,0.9849450506906443,0.987930405236662,0.002985354546017671
S7F_R3,auprc,10597,0,0.9849450506906443,0.9849497712953837,4.720604739438805e-06
S7F_R3,auprc,10599,0,0.9849450506906443,0.9846259990378881,-0.0003190516527562526
S7F_R3,auprc,10957,0,0.9849450506906443,0.9849077424605814,-3.730823006287132e-05
S7F_R3,auprc,10990,0,0.9849450506906443,0.9850853392364292,0.00014028854578485017
S7F_R3,auprc,11012,0,0.9849450506906443,0.9846303483106493,-0.00031470237999497996
S7F_R3,auprc,11173,0,0.9849450506906443,0.9747812890188019,-0.010163761671842408
S7F_R3,auprc,11299,0,0.9849450506906443,0.9847627429826105,-0.00018230770803384644
S7F_R3,auprc,11487,0,0.9849450506906443,0.9847821694480415,-0.0001628812426027748
S7F_R3,auprc,11506,8,0.9849450506906443,0.9963290508166702,0.011384000126025917
S7F_R3,auroc,228,7,0.9265507937794555,0.9248311356731951,-0.0017196581062604022
S7F_R3,auroc,278,0,0.9265507937794555,0.9262984445543823,-0.0002523492250732229
S7F_R3,auroc,635,0,0.9265507937794555,0.9264879916463626,-6.2802133092843e-05
S7F_R3,auroc,804,0,0.9265507937794555,0.9264476530663581,-0.0001031407130973605
S7F_R3,auroc,1018,0,0.9265507937794555,0.9264670028366763,-8.379094277921606e-05
S7F_R3,auroc,1026,0,0.9265507937794555,0.9265089530376172,-4.18407418383282e-05
S7F_R3,auroc,1028,14,0.9265507937794555,0.920538195906679,-0.006012597872776526
S7F_R3,auroc,1044,12,0.9265507937794555,0.9215047147062247,-0.005046079073230736
S7F_R3,auroc,1060,13,0.9265507937794555,0.9215905474886532,-0.004960246290802273
S7F_R3,auroc,1088,12,0.9265507937794555,0.9220410437212085,-0.004509750058246942
S7F_R3,auroc,1120,14,0.9265507937794555,0.9206898003874335,-0.0058609933920219515
S7F_R3,auroc,1408,9,0.9265507937794555,0.9226394324853229,-0.003911361294132609
S7F_R3,auroc,1505,0,0.9265507937794555,0.9380072918534457,0.011456498073990184
S7F_R3,auroc,3265,0,0.9265507937794555,0.9258143007244373,-0.0007364930550182169
S7F_R3,auroc,3300,0,0.9265507937794555,0.9241322127162401,-0.0024185810632153526
S7F_R3,auroc,3420,0,0.9265507937794555,0.9212866529754095,-0.005264140804046025
S7F_R3,auroc,7696,0,0.9265507937794555,0.9236993393135758,-0.0028514544658796437
S7F_R3,auroc,8319,0,0.9265507937794555,0.9243909292254802,-0.0021598645539753214
S7F_R3,auroc,8420,0,0.9265507937794555,0.9148823142669298,-0.011668479512525698
S7F_R3,auroc,9251,80,0.9265507937794555,0.920683696527566,-0.005867097251889497
S7F_R3,auroc,10597,0,0.9265507937794555,0.9267099277650451,0.00015913398558964342
S7F_R3,auroc,10599,0,0.9265507937794555,0.9258540433925049,-0.0006967503869506064
S7F_R3,auroc,10957,0,0.9265507937794555,0.9264708727907399,-7.992098871556497e-05
S7F_R3,auroc,10990,0,0.9265507937794555,0.9289784393246694,0.002427645545213908
S7F_R3,auroc,11012,0,0.9265507937794555,0.9261965273062374,-0.0003542664732181233
S7F_R3,auroc,11173,0,0.9265507937794555,0.9198753474412973,-0.0066754463381581974
S7F_R3,auroc,11299,0,0.9265507937794555,0.9262571048682441,-0.0002936889112113983
S7F_R3,auroc,11487,0,0.9265507937794555,0.9262457178449082,-0.0003050759345473164
S7F_R3,auroc,11506,8,0.9265507937794555,0.9651352801534908,0.03858448637403533
S7F_R3,mcc,228,7,0.5681083533534749,0.5573280857426341,-0.010780267610840721
S7F_R3,mcc,278,0,0.5681083533534749,0.5677972692412115,-0.0003110841122633268
S7F_R3,mcc,635,0,0.5681083533534749,0.5680421623953102,-6.619095816462472e-05
S7F_R3,mcc,804,0,0.5681083533534749,0.568020042147544,-8.831120593089103e-05
S7F_R3,mcc,1018,0,0.5681083533534749,0.568020042147544,-8.831120593089103e-05
S7F_R3,mcc,1026,0,0.5681083533534749,0.5680642543093026,-4.4099044172241086e-05
S7F_R3,mcc,1028,14,0.5681083533534749,0.5284712122720662,-0.0396371410814087
S7F_R3,mcc,1044,12,0.5681083533534749,0.5351450141806547,-0.03296333917282013
S7F_R3,mcc,1060,13,0.5681083533534749,0.5350981986019956,-0.03301015475147928
S7F_R3,mcc,1088,12,0.5681083533534749,0.5477096024454968,-0.020398750907978047
S7F_R3,mcc,1120,14,0.5681083533534749,0.5284712122720662,-0.0396371410814087
S7F_R3,mcc,1408,9,0.5681083533534749,0.5416009760324589,-0.026507377321015935
S7F_R3,mcc,1505,0,0.5681083533534749,0.6179536159839969,0.049845262630522025
S7F_R3,mcc,3265,0,0.5681083533534749,0.5673199574369971,-0.0007883959164777243
S7F_R3,mcc,3300,0,0.5681083533534749,0.5652460992190447,-0.0028622541344301977
S7F_R3,mcc,3420,0,0.5681083533534749,0.5592478951689114,-0.008860458184563491
S7F_R3,mcc,7696,0,0.5681083533534749,0.5650904412180304,-0.003017912135444445
S7F_R3,mcc,8319,0,0.5681083533534749,0.5657305894385074,-0.002377763914967468
S7F_R3,mcc,8420,0,0.5681083533534749,0.5559507388295795,-0.01215761452389541
S7F_R3,mcc,9251,80,0.5681083533534749,0.7981816177769318,0.23007326442345688
S7F_R3,mcc,10597,0,0.5681083533534749,0.5680642543093026,-4.4099044172241086e-05
S7F_R3,mcc,10599,0,0.5681083533534749,0.5673659800730823,-0.0007423732803926164
S7F_R3,mcc,10957,0,0.5681083533534749,0.568020042147544,-8.831120593089103e-05
S7F_R3,mcc,10990,0,0.5681083533534749,0.577055805271145,0.008947451917670102
S7F_R3,mcc,11012,0,0.5681083533534749,0.5679312767256017,-0.0001770766278731406
S7F_R3,mcc,11173,0,0.5681083533534749,0.564588835970193,-0.0035195173832818227
S7F_R3,mcc,11299,0,0.5681083533534749,0.5678644024674537,-0.00024395088602113812
S7F_R3,mcc,11487,0,0.5681083533534749,0.5678196758503347,-0.0002886775031402111
S7F_R3,mcc,11506,8,0.5681083533534749,0.5845908074704776,0.016482454117002776
S7F_R3,specificity,228,7,0.4970414201183432,0.47530864197530864,-0.021732778143034537
S7F_R3,specificity,278,0,0.4970414201183432,0.4970414201183432,0.0
S7F_R3,specificity,635,0,0.4970414201183432,0.4970414201183432,0.0
S7F_R3,specificity,804,0,0.4970414201183432,0.4970414201183432,0.0
S7F_R3,specificity,1018,0,0.4970414201183432,0.4970414201183432,0.0
S7F_R3,specificity,1026,0,0.4970414201183432,0.4970414201183432,0.0
S7F_R3,specificity,1028,14,0.4970414201183432,0.45161290322580644,-0.04542851689253674
S7F_R3,specificity,1044,12,0.4970414201183432,0.4585987261146497,-0.03844269400369349
S7F_R3,specificity,1060,13,0.4970414201183432,0.4551282051282051,-0.04191321499013806
S7F_R3,specificity,1088,12,0.4970414201183432,0.47770700636942676,-0.019334413748916424
S7F_R3,specificity,1120,14,0.4970414201183432,0.45161290322580644,-0.04542851689253674
S7F_R3,specificity,1408,9,0.4970414201183432,0.46875,-0.02829142011834318
S7F_R3,specificity,1505,0,0.4970414201183432,0.4970414201183432,0.0
S7F_R3,specificity,3265,0,0.4970414201183432,0.4970414201183432,0.0
S7F_R3,specificity,3300,0,0.4970414201183432,0.4970414201183432,0.0
S7F_R3,specificity,3420,0,0.4970414201183432,0.4970414201183432,0.0
S7F_R3,specificity,7696,0,0.4970414201183432,0.4970414201183432,0.0
S7F_R3,specificity,8319,0,0.4970414201183432,0.4970414201183432,0.0
S7F_R3,specificity,8420,0,0.4970414201183432,0.4970414201183432,0.0
S7F_R3,specificity,9251,80,0.4970414201183432,0.8764044943820225,0.3793630742636793
S7F_R3,specificity,10597,0,0.4970414201183432,0.4970414201183432,0.0
S7F_R3,specificity,10599,0,0.4970414201183432,0.4970414201183432,0.0
S7F_R3,specificity,10957,0,0.4970414201183432,0.4970414201183432,0.0
S7F_R3,specificity,10990,0,0.4970414201183432,0.4970414201183432,0.0
S7F_R3,specificity,11012,0,0.4970414201183432,0.4970414201183432,0.0
S7F_R3,specificity,11173,0,0.4970414201183432,0.4970414201183432,0.0
S7F_R3,specificity,11299,0,0.4970414201183432,0.4970414201183432,0.0
S7F_R3,specificity,11487,0,0.4970414201183432,0.4970414201183432,0.0
S7F_R3,specificity,11506,8,0.4970414201183432,0.5217391304347826,0.024697710316439414
S7F_R3,macro_f1,228,7,0.7771849042975804,0.7702398182804742,-0.0069450860171061946
S7F_R3,macro_f1,278,0,0.7771849042975804,0.777016562505694,-0.00016834179188640608
S7F_R3,macro_f1,635,0,0.7771849042975804,0.7771490859091608,-3.581838841959506e-05
S7F_R3,macro_f1,804,0,0.7771849042975804,0.7771371157536479,-4.77885439325032e-05
S7F_R3,macro_f1,1018,0,0.7771849042975804,0.7771371157536479,-4.77885439325032e-05
S7F_R3,macro_f1,1026,0,0.7771849042975804,0.7771610406986205,-2.386359895989454e-05
S7F_R3,macro_f1,1028,14,0.7771849042975804,0.756074407961325,-0.02111049633625539
S7F_R3,macro_f1,1044,12,0.7771849042975804,0.7595568820320343,-0.01762802226554605
S7F_R3,macro_f1,1060,13,0.7771849042975804,0.7590628006735087,-0.018122103624071628
S7F_R3,macro_f1,1088,12,0.7771849042975804,0.7670330609280496,-0.010151843369530789
S7F_R3,macro_f1,1120,14,0.7771849042975804,0.756074407961325,-0.02111049633625539
S7F_R3,macro_f1,1408,9,0.7771849042975804,0.7633651436283015,-0.013819760669278813
S7F_R3,macro_f1,1505,0,0.7771849042975804,0.7956503496674581,0.01846544536987771
S7F_R3,macro_f1,3265,0,0.7771849042975804,0.7767582544447009,-0.0004266498528794349
S7F_R3,macro_f1,3300,0,0.7771849042975804,0.7756357589984351,-0.0015491452991452936
S7F_R3,macro_f1,3420,0,0.7771849042975804,0.7723875511131304,-0.0047973531844499595
S7F_R3,macro_f1,7696,0,0.7771849042975804,0.7755514958650087,-0.001633408432571648
S7F_R3,macro_f1,8319,0,0.7771849042975804,0.7758980200600449,-0.001286884237535424
S7F_R3,macro_f1,8420,0,0.7771849042975804,0.7706010367762128,-0.006583867521367526
S7F_R3,macro_f1,9251,80,0.7771849042975804,0.8976742837362968,0.1204893794387164
S7F_R3,macro_f1,10597,0,0.7771849042975804,0.7771610406986205,-2.386359895989454e-05
S7F_R3,macro_f1,10599,0,0.7771849042975804,0.7767831613123404,-0.0004017429852399834
S7F_R3,macro_f1,10957,0,0.7771849042975804,0.7771371157536479,-4.77885439325032e-05
S7F_R3,macro_f1,10990,0,0.7771849042975804,0.7806060787950915,0.0034211744975111147
S7F_R3,macro_f1,11012,0,0.7771849042975804,0.7770890808770147,-9.582342056568827e-05
S7F_R3,macro_f1,11173,0,0.7771849042975804,0.7752799482406808,-0.0019049560568995538
S7F_R3,macro_f1,11299,0,0.7771849042975804,0.7770528919157293,-0.00013201238185100994
S7F_R3,macro_f1,11487,0,0.7771849042975804,0.7770286879648934,-0.00015621633268692037
S7F_R3,macro_f1,11506,8,0.7771849042975804,0.786939702295854,0.009754797998273612
S8A_R0,auprc,228,7,0.9755959671927963,0.9759636944280463,0.00036772723525002604
S8A_R0,auprc,278,0,0.9755959671927963,0.9753758139197655,-0.00022015327303082088
S8A_R0,auprc,635,0,0.9755959671927963,0.9755472701420629,-4.869705073340391e-05
S8A_R0,auprc,804,0,0.9755959671927963,0.9755245319885951,-7.143520420116456e-05
S8A_R0,auprc,1018,0,0.9755959671927963,0.9753132824168657,-0.00028268477593063057
S8A_R0,auprc,1026,0,0.9755959671927963,0.9755627254421424,-3.324175065388957e-05
S8A_R0,auprc,1028,14,0.9755959671927963,0.9756438134716935,4.7846278897201167e-05
S8A_R0,auprc,1044,12,0.9755959671927963,0.9756402745706777,4.4307377881414034e-05
S8A_R0,auprc,1060,13,0.9755959671927963,0.9758777664558103,0.00028179926301397096
S8A_R0,auprc,1088,12,0.9755959671927963,0.9758274510033486,0.00023148381055226874
S8A_R0,auprc,1120,14,0.9755959671927963,0.9756842990808635,8.833188806722791e-05
S8A_R0,auprc,1408,9,0.9755959671927963,0.9762640089953021,0.0006680418025057921
S8A_R0,auprc,1505,0,0.9755959671927963,0.9762359704537746,0.0006400032609783501
S8A_R0,auprc,3265,0,0.9755959671927963,0.9750310368050541,-0.0005649303877421907
S8A_R0,auprc,3300,0,0.9755959671927963,0.9735048186169313,-0.0020911485758650095
S8A_R0,auprc,3420,0,0.9755959671927963,0.9700708007847734,-0.005525166408022919
S8A_R0,auprc,7696,0,0.9755959671927963,0.9734374268077757,-0.002158540385020613
S8A_R0,auprc,8319,0,0.9755959671927963,0.9739190148274288,-0.0016769523653674678
S8A_R0,auprc,8420,0,0.9755959671927963,0.9666977847639029,-0.008898182428893397
S8A_R0,auprc,9251,80,0.9755959671927963,0.9780280460062898,0.002432078813493499
S8A_R0,auprc,10597,0,0.9755959671927963,0.9755672342783643,-2.8732914431950363e-05
S8A_R0,auprc,10599,0,0.9755959671927963,0.9750354098625001,-0.0005605573302961409
S8A_R0,auprc,10957,0,0.9755959671927963,0.9755317930626262,-6.417413017012485e-05
S8A_R0,auprc,10990,0,0.9755959671927963,0.9754443695480463,-0.00015159764475003445
S8A_R0,auprc,11012,0,0.9755959671927963,0.9742779933519258,-0.0013179738408705122
S8A_R0,auprc,11173,0,0.9755959671927963,0.9708088530209202,-0.00478711417187605
S8A_R0,auprc,11299,0,0.9755959671927963,0.9754155452211926,-0.00018042197160372808
S8A_R0,auprc,11487,0,0.9755959671927963,0.9752589448097176,-0.0003370223830786445
S8A_R0,auprc,11506,8,0.9755959671927963,0.9955125801997353,0.019916613006939032
S8A_R0,auroc,228,7,0.9138402868645229,0.9143033740546829,0.000463087190159972
S8A_R0,auroc,278,0,0.9138402868645229,0.9134785809723776,-0.00036170589214534754
S8A_R0,auroc,635,0,0.9138402868645229,0.9137602970182155,-7.998984630741557e-05
S8A_R0,auroc,804,0,0.9138402868645229,0.9137232441050924,-0.0001170427594304746
S8A_R0,auroc,1018,0,0.9138402868645229,0.9136961544266469,-0.00014413243787603225
S8A_R0,auroc,1026,0,0.9138402868645229,0.9137857068319812,-5.458003254166233e-05
S8A_R0,auroc,1028,14,0.9138402868645229,0.9066958645666638,-0.007144422297859054
S8A_R0,auroc,1044,12,0.9138402868645229,0.9078428763865559,-0.00599741047796698
S8A_R0,auroc,1060,13,0.9138402868645229,0.9098628347485304,-0.003977452115992541
S8A_R0,auroc,1088,12,0.9138402868645229,0.909838519233008,-0.004001767631514941
S8A_R0,auroc,1120,14,0.9138402868645229,0.9071464667733512,-0.006693820091171698
S8A_R0,auroc,1408,9,0.9138402868645229,0.9153498043052837,0.001509517440760777
S8A_R0,auroc,1505,0,0.9138402868645229,0.9248062478831709,0.010965961018647996
S8A_R0,auroc,3265,0,0.9138402868645229,0.9129134704260512,-0.0009268164384717004
S8A_R0,auroc,3300,0,0.9138402868645229,0.9104511363208081,-0.003389150543714803
S8A_R0,auroc,3420,0,0.9138402868645229,0.9086913467026346,-0.005148940161888271
S8A_R0,auroc,7696,0,0.9138402868645229,0.9103173902255419,-0.003522896638980977
S8A_R0,auroc,8319,0,0.9138402868645229,0.9110979802320583,-0.002742306632464553
S8A_R0,auroc,8420,0,0.9138402868645229,0.8996660092044707,-0.014174277660052192
S8A_R0,auroc,9251,80,0.9138402868645229,0.8972109497783302,-0.01662933708619274
S8A_R0,auroc,10597,0,0.9138402868645229,0.9138050313250032,-3.525553951966298e-05
S8A_R0,auroc,10599,0,0.9138402868645229,0.912923076923077,-0.0009172099414459511
S8A_R0,auroc,10957,0,0.9138402868645229,0.9137348539672834,-0.00010543289723952132
S8A_R0,auroc,10990,0,0.9138402868645229,0.9146607117017408,0.0008204248372178924
S8A_R0,auroc,11012,0,0.9138402868645229,0.913458143369871,-0.000382143494651932
S8A_R0,auroc,11173,0,0.9138402868645229,0.9089192230956807,-0.00492106376884216
S8A_R0,auroc,11299,0,0.9138402868645229,0.9135441532085624,-0.00029613365596048435
S8A_R0,auroc,11487,0,0.9138402868645229,0.9134381812519465,-0.00040210561257636446
S8A_R0,auroc,11506,8,0.9138402868645229,0.9575176417027088,0.04367735483818591
S8A_R0,mcc,228,7,0.3661706239462475,0.3748521152696751,0.008681491323427604
S8A_R0,mcc,278,0,0.3661706239462475,0.36600172343222415,-0.00016890051402335127
S8A_R0,mcc,635,0,0.3661706239462475,0.366134675726863,-3.594821938451842e-05
S8A_R0,mcc,804,0,0.3661706239462475,0.3661226635032614,-4.79604429861058e-05
S8A_R0,mcc,1018,0,0.3661706239462475,0.3661226635032614,-4.79604429861058e-05
S8A_R0,mcc,1026,0,0.3661706239462475,0.3661466731904354,-2.3950755812074398e-05
S8A_R0,mcc,1028,14,0.3661706239462475,0.26497304594024085,-0.10119757800600665
S8A_R0,mcc,1044,12,0.3661706239462475,0.29455495159802625,-0.07161567234822125
S8A_R0,mcc,1060,13,0.3661706239462475,0.3669228045157483,0.0007521805695008266
S8A_R0,mcc,1088,12,0.3661706239462475,0.3814880247676157,0.015317400821368177
S8A_R0,mcc,1120,14,0.3661706239462475,0.38421028304854193,0.018039659102294436
S8A_R0,mcc,1408,9,0.3661706239462475,0.3775100766980467,0.011339452751799206
S8A_R0,mcc,1505,0,0.3661706239462475,0.36557908796900673,-0.0005915359772407647
S8A_R0,mcc,3265,0,0.3661706239462475,0.36574281199533987,-0.0004278119509076306
S8A_R0,mcc,3300,0,0.3661706239462475,0.36462124921275896,-0.00154937473348854
S8A_R0,mcc,3420,0,0.3661706239462475,0.361407848134522,-0.004762775811725517
S8A_R0,mcc,7696,0,0.3661706239462475,0.36453728826524345,-0.0016333356810040445
S8A_R0,mcc,8319,0,0.3661706239462475,0.36488277670996044,-0.0012878472362870541
S8A_R0,mcc,8420,0,0.3661706239462475,0.35966044667536756,-0.0065101772708799355
S8A_R0,mcc,9251,80,0.3661706239462475,0.5183107639819906,0.1521401400357431
S8A_R0,mcc,10597,0,0.3661706239462475,0.3661466731904354,-2.3950755812074398e-05
S8A_R0,mcc,10599,0,0.3661706239462475,0.3657677636635739,-0.0004028602826736116
S8A_R0,mcc,10957,0,0.3661706239462475,0.3661226635032614,-4.79604429861058e-05
S8A_R0,mcc,10990,0,0.3661706239462475,0.3659284380996538,-0.0002421858465936899
S8A_R0,mcc,11012,0,0.3661706239462475,0.3660744664621025,-9.615748414498748e-05
S8A_R0,mcc,11173,0,0.3661706239462475,0.3642669340905448,-0.001903689855702717
S8A_R0,mcc,11299,0,0.3661706239462475,0.3660381623578399,-0.00013246158840757305
S8A_R0,mcc,11487,0,0.3661706239462475,0.3660138847672742,-0.00015673917897329748
S8A_R0,mcc,11506,8,0.3661706239462475,0.37614606868554856,0.009975444739301065
S8A_R0,specificity,228,7,0.15976331360946747,0.16666666666666666,0.006903353057199191
S8A_R0,specificity,278,0,0.15976331360946747,0.15976331360946747,0.0
S8A_R0,specificity,635,0,0.15976331360946747,0.15976331360946747,0.0
S8A_R0,specificity,804,0,0.15976331360946747,0.15976331360946747,0.0
S8A_R0,specificity,1018,0,0.15976331360946747,0.15976331360946747,0.0
S8A_R0,specificity,1026,0,0.15976331360946747,0.15976331360946747,0.0
S8A_R0,specificity,1028,14,0.15976331360946747,0.08387096774193549,-0.07589234586753198
S8A_R0,specificity,1044,12,0.15976331360946747,0.10191082802547771,-0.057852485583989754
S8A_R0,specificity,1060,13,0.15976331360946747,0.16025641025641027,0.0004930966469428033
S8A_R0,specificity,1088,12,0.15976331360946747,0.17197452229299362,0.012211208683526154
S8A_R0,specificity,1120,14,0.15976331360946747,0.17419354838709677,0.014430234777629308
S8A_R0,specificity,1408,9,0.15976331360946747,0.16875,0.008986686390532544
S8A_R0,specificity,1505,0,0.15976331360946747,0.15976331360946747,0.0
S8A_R0,specificity,3265,0,0.15976331360946747,0.15976331360946747,0.0
S8A_R0,specificity,3300,0,0.15976331360946747,0.15976331360946747,0.0
S8A_R0,specificity,3420,0,0.15976331360946747,0.15976331360946747,0.0
S8A_R0,specificity,7696,0,0.15976331360946747,0.15976331360946747,0.0
S8A_R0,specificity,8319,0,0.15976331360946747,0.15976331360946747,0.0
S8A_R0,specificity,8420,0,0.15976331360946747,0.15976331360946747,0.0
S8A_R0,specificity,9251,80,0.15976331360946747,0.30337078651685395,0.14360747290738649
S8A_R0,specificity,10597,0,0.15976331360946747,0.15976331360946747,0.0
S8A_R0,specificity,10599,0,0.15976331360946747,0.15976331360946747,0.0
S8A_R0,specificity,10957,0,0.15976331360946747,0.15976331360946747,0.0
S8A_R0,specificity,10990,0,0.15976331360946747,0.15976331360946747,0.0
S8A_R0,specificity,11012,0,0.15976331360946747,0.15976331360946747,0.0
S8A_R0,specificity,11173,0,0.15976331360946747,0.15976331360946747,0.0
S8A_R0,specificity,11299,0,0.15976331360946747,0.15976331360946747,0.0
S8A_R0,specificity,11487,0,0.15976331360946747,0.15976331360946747,0.0
S8A_R0,specificity,11506,8,0.15976331360946747,0.16770186335403728,0.007938549744569812
S8A_R0,macro_f1,228,7,0.6139057449101117,0.6198811687426838,0.005975423832572102
S8A_R0,macro_f1,278,0,0.6139057449101117,0.6137078780250587,-0.00019786688505307737
S8A_R0,macro_f1,635,0,0.6139057449101117,0.6138636363636363,-4.210854647546114e-05
S8A_R0,macro_f1,804,0,0.6139057449101117,0.6138495650690772,-5.617984103456486e-05
S8A_R0,macro_f1,1018,0,0.6139057449101117,0.6138495650690772,-5.617984103456486e-05
S8A_R0,macro_f1,1026,0,0.6139057449101117,0.6138776900800635,-2.8054830048196422e-05
S8A_R0,macro_f1,1028,14,0.6139057449101117,0.5546141845673827,-0.05929156034272909
S8A_R0,macro_f1,1044,12,0.6139057449101117,0.5697942227388179,-0.04411152217129388
S8A_R0,macro_f1,1060,13,0.6139057449101117,0.615772159745733,0.0018664148356212218
S8A_R0,macro_f1,1088,12,0.6139057449101117,0.6244845985932573,0.010578853683145595
S8A_R0,macro_f1,1120,14,0.6139057449101117,0.6263629548861933,0.012457209976081574
S8A_R0,macro_f1,1408,9,0.6139057449101117,0.6217435989096921,0.007837853999580369
S8A_R0,macro_f1,1505,0,0.6139057449101117,0.613212510961707,-0.0006932339484047034
S8A_R0,macro_f1,3265,0,0.6139057449101117,0.613404452690167,-0.0005012922199447711
S8A_R0,macro_f1,3300,0,0.6139057449101117,0.6120885183595905,-0.0018172265505211893
S8A_R0,macro_f1,3420,0,0.6139057449101117,0.6083044001983986,-0.005601344711713141
S8A_R0,macro_f1,7696,0,0.6139057449101117,0.6119899058287683,-0.0019158390813434067
S8A_R0,macro_f1,8319,0,0.6139057449101117,0.6123955937537828,-0.0015101511563289094
S8A_R0,macro_f1,8420,0,0.6139057449101117,0.6062381133510841,-0.00766763155902761
S8A_R0,macro_f1,9251,80,0.6139057449101117,0.7179069471884278,0.10400120227831611
S8A_R0,macro_f1,10597,0,0.6139057449101117,0.6138776900800635,-2.8054830048196422e-05
S8A_R0,macro_f1,10599,0,0.6139057449101117,0.6134337000579039,-0.00047204485220786463
S8A_R0,macro_f1,10957,0,0.6139057449101117,0.6138495650690772,-5.617984103456486e-05
S8A_R0,macro_f1,10990,0,0.6139057449101117,0.6136220065468327,-0.0002837383632789958
S8A_R0,macro_f1,11012,0,0.6139057449101117,0.6137931034482759,-0.00011264146183587176
S8A_R0,macro_f1,11173,0,0.6139057449101117,0.611672278338945,-0.0022334665711667423
S8A_R0,macro_f1,11299,0,0.6139057449101117,0.6137505710370033,-0.00015517387310848285
S8A_R0,macro_f1,11487,0,0.6139057449101117,0.6137221269296741,-0.00018361798043764477
S8A_R0,macro_f1,11506,8,0.6139057449101117,0.6207752757049462,0.006869530794834433
S8A_R1,auprc,228,7,0.9769552747288806,0.9819615785034324,0.005006303774551801
S8A_R1,auprc,278,0,0.9769552747288806,0.9770375829730484,8.230824416788352e-05
S8A_R1,auprc,635,0,0.9769552747288806,0.9769654983123771,1.0223583496560273e-05
S8A_R1,auprc,804,0,0.9769552747288806,0.9768611382544136,-9.413647446698814e-05
S8A_R1,auprc,1018,0,0.9769552747288806,0.9767662070547217,-0.00018906767415882708
S8A_R1,auprc,1026,0,0.9769552747288806,0.9769312790742013,-2.399565467925413e-05
S8A_R1,auprc,1028,14,0.9769552747288806,0.9770829944284396,0.00012771969955904794
S8A_R1,auprc,1044,12,0.9769552747288806,0.9770849890445373,0.0001297143156567815
S8A_R1,auprc,1060,13,0.9769552747288806,0.9772166030135321,0.0002613282846515297
S8A_R1,auprc,1088,12,0.9769552747288806,0.9770595189268831,0.00010424419800258988
S8A_R1,auprc,1120,14,0.9769552747288806,0.9770208633349056,6.558860602501326e-05
S8A_R1,auprc,1408,9,0.9769552747288806,0.9771128666272032,0.00015759189832265097
S8A_R1,auprc,1505,0,0.9769552747288806,0.9786902836315525,0.001735008902671975
S8A_R1,auprc,3265,0,0.9769552747288806,0.9763102524797678,-0.0006450222491127811
S8A_R1,auprc,3300,0,0.9769552747288806,0.9732518255880427,-0.0037034491408378667
S8A_R1,auprc,3420,0,0.9769552747288806,0.9716715370147105,-0.0052837377141700115
S8A_R1,auprc,7696,0,0.9769552747288806,0.9741210230055842,-0.0028342517232963216
S8A_R1,auprc,8319,0,0.9769552747288806,0.9753574524705662,-0.0015978222583143964
S8A_R1,auprc,8420,0,0.9769552747288806,0.9724276755131842,-0.004527599215696343
S8A_R1,auprc,9251,80,0.9769552747288806,0.9835942116728332,0.006638936943952678
S8A_R1,auprc,10597,0,0.9769552747288806,0.9769597031853299,4.428456449323548e-06
S8A_R1,auprc,10599,0,0.9769552747288806,0.9768195952951833,-0.00013567943369729996
S8A_R1,auprc,10957,0,0.9769552747288806,0.9768477411143373,-0.00010753361454329813
S8A_R1,auprc,10990,0,0.9769552747288806,0.9767207161384528,-0.00023455859042775806
S8A_R1,auprc,11012,0,0.9769552747288806,0.9769271295273155,-2.814520156502187e-05
S8A_R1,auprc,11173,0,0.9769552747288806,0.9639757059132484,-0.012979568815632114
S8A_R1,auprc,11299,0,0.9769552747288806,0.9767628250683762,-0.00019244966050435686
S8A_R1,auprc,11487,0,0.9769552747288806,0.9765853083424574,-0.0003699663864231706
S8A_R1,auprc,11506,8,0.9769552747288806,0.9866641890588267,0.009708914329946139
S8A_R1,auroc,228,7,0.8677574620672619,0.8913208583801951,0.02356339631293325
S8A_R1,auroc,278,0,0.8677574620672619,0.8699003938280792,0.002142931760817257
S8A_R1,auroc,635,0,0.8677574620672619,0.868070541826198,0.00031307975893613005
S8A_R1,auroc,804,0,0.8677574620672619,0.8675314724014225,-0.00022598966583942115
S8A_R1,auroc,1018,0,0.8677574620672619,0.8674231136876405,-0.0003343483796214297
S8A_R1,auroc,1026,0,0.8677574620672619,0.8677431697579414,-1.4292309320484975e-05
S8A_R1,auroc,1028,14,0.8677574620672619,0.8573359723742946,-0.0104214896929673
S8A_R1,auroc,1044,12,0.8677574620672619,0.85917413646871,-0.008583325598551905
S8A_R1,auroc,1060,13,0.8677574620672619,0.8597782578840711,-0.007979204183190758
S8A_R1,auroc,1088,12,0.8677574620672619,0.858883105220269,-0.008874356846992892
S8A_R1,auroc,1120,14,0.8677574620672619,0.8566116398551334,-0.011145822212128453
S8A_R1,auroc,1408,9,0.8677574620672619,0.862063763861709,-0.005693698205552877
S8A_R1,auroc,1505,0,0.8677574620672619,0.8875699798776722,0.01981251781041027
S8A_R1,auroc,3265,0,0.8677574620672619,0.8663385500193552,-0.001418912047906673
S8A_R1,auroc,3300,0,0.8677574620672619,0.8597804830043928,-0.007976979062869094
S8A_R1,auroc,3420,0,0.8677574620672619,0.8595735547349475,-0.008183907332314444
S8A_R1,auroc,7696,0,0.8677574620672619,0.8614955652843138,-0.006261896782948084
S8A_R1,auroc,8319,0,0.8677574620672619,0.8649714059039371,-0.002786056163324835
S8A_R1,auroc,8420,0,0.8677574620672619,0.8710059171597634,0.00324845509250149
S8A_R1,auroc,9251,80,0.8677574620672619,0.8624006005019822,-0.0053568615652797025
S8A_R1,auroc,10597,0,0.8677574620672619,0.8679441444853695,0.00018668241810759767
S8A_R1,auroc,10599,0,0.8677574620672619,0.8691952662721893,0.0014378042049274509
S8A_R1,auroc,10957,0,0.8677574620672619,0.8675082526770406,-0.0002492093902213277
S8A_R1,auroc,10990,0,0.8677574620672619,0.8675893733598752,-0.00016808870738671544
S8A_R1,auroc,11012,0,0.8677574620672619,0.868165680473373,0.0004082184061110494
S8A_R1,auroc,11173,0,0.8677574620672619,0.8540234981157172,-0.013733963951544692
S8A_R1,auroc,11299,0,0.8677574620672619,0.8673459866727834,-0.0004114753944784999
S8A_R1,auroc,11487,0,0.8677574620672619,0.8669222983494238,-0.0008351637178380944
S8A_R1,auroc,11506,8,0.8677574620672619,0.9010276088582485,0.03327014679098661
S8A_R1,mcc,228,7,0.3841651034729366,0.3945452870013743,0.010380183528437725
S8A_R1,mcc,278,0,0.3841651034729366,0.3837677815087484,-0.0003973219641881798
S8A_R1,mcc,635,0,0.3841651034729366,0.38408055938623564,-8.454408670094393e-05
S8A_R1,mcc,804,0,0.3841651034729366,0.38405230620174546,-0.00011279727119112293
S8A_R1,mcc,1018,0,0.3841651034729366,0.38405230620174546,-0.00011279727119112293
S8A_R1,mcc,1026,0,0.3841651034729366,0.3841087766138818,-5.63268590547672e-05
S8A_R1,mcc,1028,14,0.3841651034729366,0.3180259501117223,-0.06613915336121429
S8A_R1,mcc,1044,12,0.3841651034729366,0.32893866089427554,-0.05522644257866105
S8A_R1,mcc,1060,13,0.3841651034729366,0.385731703047336,0.0015665995743994188
S8A_R1,mcc,1088,12,0.3841651034729366,0.3328327750143828,-0.05133232845855379
S8A_R1,mcc,1120,14,0.3841651034729366,0.32489855499341536,-0.05926654847952123
S8A_R1,mcc,1408,9,0.3841651034729366,0.3917901093036497,0.007625005830713127
S8A_R1,mcc,1505,0,0.3841651034729366,0.5271924857882551,0.14302738231531847
S8A_R1,mcc,3265,0,0.3841651034729366,0.38315824023460454,-0.0010068632383320453
S8A_R1,mcc,3300,0,0.3841651034729366,0.38051111822746736,-0.0036539852454692268
S8A_R1,mcc,3420,0,0.3841651034729366,0.3728662868587883,-0.011298816614148277
S8A_R1,mcc,7696,0,0.3841651034729366,0.3803125148728963,-0.0038525886000402854
S8A_R1,mcc,8319,0,0.3841651034729366,0.38112935054469144,-0.00303575292824515
S8A_R1,mcc,8420,0,0.3841651034729366,0.36867115888868834,-0.015493944584248243
S8A_R1,mcc,9251,80,0.3841651034729366,0.5642815562140631,0.18011645274112648
S8A_R1,mcc,10597,0,0.3841651034729366,0.3841087766138818,-5.63268590547672e-05
S8A_R1,mcc,10599,0,0.3841651034729366,0.3832170077797623,-0.0009480956931742779
S8A_R1,mcc,10957,0,0.3841651034729366,0.38405230620174546,-0.00011279727119112293
S8A_R1,mcc,10990,0,0.3841651034729366,0.38359530844235384,-0.0005697950305827426
S8A_R1,mcc,11012,0,0.3841651034729366,0.38393893251686306,-0.00022617095607352367
S8A_R1,mcc,11173,0,0.3841651034729366,0.3796725969018373,-0.004492506571099286
S8A_R1,mcc,11299,0,0.3841651034729366,0.38385352131793565,-0.00031158215500093345
S8A_R1,mcc,11487,0,0.3841651034729366,0.3837963980744176,-0.0003687053985189648
S8A_R1,mcc,11506,8,0.3841651034729366,0.39610100905558115,0.011935905582644568
S8A_R1,specificity,228,7,0.31952662721893493,0.3333333333333333,0.013806706114398382
S8A_R1,specificity,278,0,0.31952662721893493,0.31952662721893493,0.0
S8A_R1,specificity,635,0,0.31952662721893493,0.31952662721893493,0.0
S8A_R1,specificity,804,0,0.31952662721893493,0.31952662721893493,0.0
S8A_R1,specificity,1018,0,0.31952662721893493,0.31952662721893493,0.0
S8A_R1,specificity,1026,0,0.31952662721893493,0.31952662721893493,0.0
S8A_R1,specificity,1028,14,0.31952662721893493,0.25806451612903225,-0.06146211108990268
S8A_R1,specificity,1044,12,0.31952662721893493,0.267515923566879,-0.052010703652055956
S8A_R1,specificity,1060,13,0.31952662721893493,0.3269230769230769,0.007396449704141994
S8A_R1,specificity,1088,12,0.31952662721893493,0.27388535031847133,-0.0456412769004636
S8A_R1,specificity,1120,14,0.31952662721893493,0.2645161290322581,-0.05501049818667686
S8A_R1,specificity,1408,9,0.31952662721893493,0.33125,0.011723372781065056
S8A_R1,specificity,1505,0,0.31952662721893493,0.31952662721893493,0.0
S8A_R1,specificity,3265,0,0.31952662721893493,0.31952662721893493,0.0
S8A_R1,specificity,3300,0,0.31952662721893493,0.31952662721893493,0.0
S8A_R1,specificity,3420,0,0.31952662721893493,0.31952662721893493,0.0
S8A_R1,specificity,7696,0,0.31952662721893493,0.31952662721893493,0.0
S8A_R1,specificity,8319,0,0.31952662721893493,0.31952662721893493,0.0
S8A_R1,specificity,8420,0,0.31952662721893493,0.31952662721893493,0.0
S8A_R1,specificity,9251,80,0.31952662721893493,0.6067415730337079,0.28721494581477297
S8A_R1,specificity,10597,0,0.31952662721893493,0.31952662721893493,0.0
S8A_R1,specificity,10599,0,0.31952662721893493,0.31952662721893493,0.0
S8A_R1,specificity,10957,0,0.31952662721893493,0.31952662721893493,0.0
S8A_R1,specificity,10990,0,0.31952662721893493,0.31952662721893493,0.0
S8A_R1,specificity,11012,0,0.31952662721893493,0.31952662721893493,0.0
S8A_R1,specificity,11173,0,0.31952662721893493,0.31952662721893493,0.0
S8A_R1,specificity,11299,0,0.31952662721893493,0.31952662721893493,0.0
S8A_R1,specificity,11487,0,0.31952662721893493,0.31952662721893493,0.0
S8A_R1,specificity,11506,8,0.31952662721893493,0.33540372670807456,0.015877099489139623
S8A_R1,macro_f1,228,7,0.6806495231108739,0.6872499199743918,0.006600396863517877
S8A_R1,macro_f1,278,0,0.6806495231108739,0.6804275948158037,-0.00022192829507017287
S8A_R1,macro_f1,635,0,0.6806495231108739,0.6806023007744041,-4.722233646980989e-05
S8A_R1,macro_f1,804,0,0.6806495231108739,0.6805865198020823,-6.300330879160931e-05
S8A_R1,macro_f1,1018,0,0.6806495231108739,0.6805865198020823,-6.300330879160931e-05
S8A_R1,macro_f1,1026,0,0.6806495231108739,0.6806180616243511,-3.1461486522776916e-05
S8A_R1,macro_f1,1028,14,0.6806495231108739,0.6464178779465404,-0.034231645164333524
S8A_R1,macro_f1,1044,12,0.6806495231108739,0.6519482952416635,-0.028701227869210366
S8A_R1,macro_f1,1060,13,0.6806495231108739,0.6832925712968801,0.002643048186006247
S8A_R1,macro_f1,1088,12,0.6806495231108739,0.6546287444231995,-0.026020778687674384
S8A_R1,macro_f1,1120,14,0.6806495231108739,0.6500972663743027,-0.03055225673657125
S8A_R1,macro_f1,1408,9,0.6806495231108739,0.6860262234608256,0.005376700349951746
S8A_R1,macro_f1,1505,0,0.6806495231108739,0.7197946397294023,0.039145116618528375
S8A_R1,macro_f1,3265,0,0.6806495231108739,0.6800871144634029,-0.0005624086474710355
S8A_R1,macro_f1,3300,0,0.6806495231108739,0.6786082680287249,-0.0020412550821490294
S8A_R1,macro_f1,3420,0,0.6806495231108739,0.674335588958333,-0.00631393415254089
S8A_R1,macro_f1,7696,0,0.6806495231108739,0.6784973026044772,-0.0021522205063967403
S8A_R1,macro_f1,8319,0,0.6806495231108739,0.6789536804764043,-0.0016958426344696464
S8A_R1,macro_f1,8420,0,0.6806495231108739,0.6719898605830165,-0.008659662527857437
S8A_R1,macro_f1,9251,80,0.6806495231108739,0.7820112108520133,0.1013616877411394
S8A_R1,macro_f1,10597,0,0.6806495231108739,0.6806180616243511,-3.1461486522776916e-05
S8A_R1,macro_f1,10599,0,0.6806495231108739,0.6801199418838295,-0.0005295812270443845
S8A_R1,macro_f1,10957,0,0.6806495231108739,0.6805865198020823,-6.300330879160931e-05
S8A_R1,macro_f1,10990,0,0.6806495231108739,0.6803312558318609,-0.0003182672790129626
S8A_R1,macro_f1,11012,0,0.6806495231108739,0.6805231939163499,-0.00012632919452404412
S8A_R1,macro_f1,11173,0,0.6806495231108739,0.6781397495108781,-0.0025097735999958237
S8A_R1,macro_f1,11299,0,0.6806495231108739,0.6804754863177606,-0.0001740367931133413
S8A_R1,macro_f1,11487,0,0.6806495231108739,0.6804435791490946,-0.00020594396177930907
S8A_R1,macro_f1,11506,8,0.6806495231108739,0.6882296434423913,0.007580120331517448
S8A_R2,auprc,228,7,0.9827569522755897,0.9834718259565836,0.0007148736809938772
S8A_R2,auprc,278,0,0.9827569522755897,0.9828624471422505,0.00010549486666078245
S8A_R2,auprc,635,0,0.9827569522755897,0.9827229161783455,-3.4036097244172225e-05
S8A_R2,auprc,804,0,0.9827569522755897,0.9827115362685479,-4.5416007041776396e-05
S8A_R2,auprc,1018,0,0.9827569522755897,0.9826760081743775,-8.094410121217699e-05
S8A_R2,auprc,1026,0,0.9827569522755897,0.9827342787892583,-2.2673486331337145e-05
S8A_R2,auprc,1028,14,0.9827569522755897,0.9828052833848128,4.833110922308759e-05
S8A_R2,auprc,1044,12,0.9827569522755897,0.9828052833848127,4.8331109222976565e-05
S8A_R2,auprc,1060,13,0.9827569522755897,0.9828586837443511,0.00010173146876146788
S8A_R2,auprc,1088,12,0.9827569522755897,0.982794050885391,3.7098609801278215e-05
S8A_R2,auprc,1120,14,0.9827569522755897,0.9828027122388292,4.575996323952225e-05
S8A_R2,auprc,1408,9,0.9827569522755897,0.9827767383765473,1.9786100957652764e-05
S8A_R2,auprc,1505,0,0.9827569522755897,0.9835991553198775,0.000842203044287837
S8A_R2,auprc,3265,0,0.9827569522755897,0.9823499528887081,-0.0004069993868816013
S8A_R2,auprc,3300,0,0.9827569522755897,0.9812622248104876,-0.0014947274651020415
S8A_R2,auprc,3420,0,0.9827569522755897,0.9779652174417082,-0.004791734833881511
S8A_R2,auprc,7696,0,0.9827569522755897,0.9811813736834966,-0.0015755785920931187
S8A_R2,auprc,8319,0,0.9827569522755897,0.9834351790005748,0.000678226724985076
S8A_R2,auprc,8420,0,0.9827569522755897,0.9760388628126955,-0.006718089462894206
S8A_R2,auprc,9251,80,0.9827569522755897,0.9868307684868151,0.004073816211225378
S8A_R2,auprc,10597,0,0.9827569522755897,0.98280087681645,4.3924540860329486e-05
S8A_R2,auprc,10599,0,0.9827569522755897,0.9823738080296394,-0.0003831442459503176
S8A_R2,auprc,10957,0,0.9827569522755897,0.9827115362685479,-4.5416007041776396e-05
S8A_R2,auprc,10990,0,0.9827569522755897,0.9825270716710615,-0.0002298806045282209
S8A_R2,auprc,11012,0,0.9827569522755897,0.9825020794781724,-0.00025487279741731594
S8A_R2,auprc,11173,0,0.9827569522755897,0.9679094557040175,-0.014847496571572139
S8A_R2,auprc,11299,0,0.9827569522755897,0.9826313891178465,-0.00012556315774314708
S8A_R2,auprc,11487,0,0.9827569522755897,0.9826083319153028,-0.0001486203602868441
S8A_R2,auprc,11506,8,0.9827569522755897,0.9946999684123763,0.01194301613678661
S8A_R2,auroc,228,7,0.9105748484041424,0.913709521039364,0.0031346726352216026
S8A_R2,auroc,278,0,0.9105748484041424,0.9125086186411958,0.0019337702370534338
S8A_R2,auroc,635,0,0.9105748484041424,0.9104923231620066,-8.252524213581136e-05
S8A_R2,auroc,804,0,0.9105748484041424,0.9104647427835032,-0.00011010562063917817
S8A_R2,auroc,1018,0,0.9105748484041424,0.9104299131969305,-0.00014493520721192699
S8A_R2,auroc,1026,0,0.9105748484041424,0.9105198675112758,-5.498089286659624e-05
S8A_R2,auroc,1028,14,0.9105748484041424,0.9030826244420113,-0.007492223962131117
S8A_R2,auroc,1044,12,0.9105748484041424,0.9043172406911577,-0.00625760771298467
S8A_R2,auroc,1060,13,0.9105748484041424,0.9043318427707715,-0.0062430056333708794
S8A_R2,auroc,1088,12,0.9105748484041424,0.9041883554239911,-0.006386492980151259
S8A_R2,auroc,1120,14,0.9105748484041424,0.9030531457929757,-0.007521702611166692
S8A_R2,auroc,1408,9,0.9105748484041424,0.9057648401826484,-0.004810008221494022
S8A_R2,auroc,1505,0,0.9105748484041424,0.9210128902436595,0.010438041839517131
S8A_R2,auroc,3265,0,0.9105748484041424,0.9095914868740174,-0.0009833615301250154
S8A_R2,auroc,3300,0,0.9105748484041424,0.9070005067065331,-0.0035743416976092846
S8A_R2,auroc,3420,0,0.9105748484041424,0.8994716995858475,-0.011103148818294883
S8A_R2,auroc,7696,0,0.9105748484041424,0.9068184016519263,-0.0037564467522160916
S8A_R2,auroc,8319,0,0.9105748484041424,0.9224199200026445,0.011845071598502122
S8A_R2,auroc,8420,0,0.9105748484041424,0.8953004602235372,-0.015274388180605225
S8A_R2,auroc,9251,80,0.9105748484041424,0.9084547238707357,-0.0021201245334067087
S8A_R2,auroc,10597,0,0.9105748484041424,0.9110957374033292,0.000520888999186786
S8A_R2,auroc,10599,0,0.9105748484041424,0.9096489151873767,-0.0009259332167657064
S8A_R2,auroc,10957,0,0.9105748484041424,0.9104647427835032,-0.00011010562063917817
S8A_R2,auroc,10990,0,0.9105748484041424,0.9100184984571582,-0.0005563499469841693
S8A_R2,auroc,11012,0,0.9105748484041424,0.9102027354738578,-0.0003721129302846071
S8A_R2,auroc,11173,0,0.9105748484041424,0.9015270364749417,-0.009047811929200678
S8A_R2,auroc,11299,0,0.9105748484041424,0.9102706653500144,-0.0003041830541279378
S8A_R2,auroc,11487,0,0.9105748484041424,0.9102148863282467,-0.0003599620758957256
S8A_R2,auroc,11506,8,0.9105748484041424,0.9509324900003253,0.040357641596182936
S8A_R2,mcc,228,7,0.5636559421565394,0.5781020648945343,0.014446122737994949
S8A_R2,mcc,278,0,0.5636559421565394,0.5806076522264076,0.016951710069868287
S8A_R2,mcc,635,0,0.5636559421565394,0.5635844373740403,-7.150478249906556e-05
S8A_R2,mcc,804,0,0.5636559421565394,0.563560541011646,-9.540114489337004e-05
S8A_R2,mcc,1018,0,0.5636559421565394,0.563560541011646,-9.540114489337004e-05
S8A_R2,mcc,1026,0,0.5636559421565394,0.5636083029794474,-4.763917709194043e-05
S8A_R2,mcc,1028,14,0.5636559421565394,0.5251399447704693,-0.03851599738607003
S8A_R2,mcc,1044,12,0.5636559421565394,0.5315654124525673,-0.03209052970397208
S8A_R2,mcc,1060,13,0.5636559421565394,0.5312983074732037,-0.032357634683335634
S8A_R2,mcc,1088,12,0.5636559421565394,0.5315654124525673,-0.03209052970397208
S8A_R2,mcc,1120,14,0.5636559421565394,0.5251399447704693,-0.03851599738607003
S8A_R2,mcc,1408,9,0.5636559421565394,0.5380008071209792,-0.02565513503556016
S8A_R2,mcc,1505,0,0.5636559421565394,0.5984099722080389,0.034754030051499574
S8A_R2,mcc,3265,0,0.5636559421565394,0.5628041672685323,-0.0008517748880070286
S8A_R2,mcc,3300,0,0.5636559421565394,0.560562692009025,-0.0030932501475143814
S8A_R2,mcc,3420,0,0.5636559421565394,0.5540723610043062,-0.009583581152233123
S8A_R2,mcc,7696,0,0.5636559421565394,0.5603944005496765,-0.003261541606862872
S8A_R2,mcc,8319,0,0.5636559421565394,0.563914481758604,0.00025853960206467796
S8A_R2,mcc,8420,0,0.5636559421565394,0.5505000573345147,-0.013155884822024677
S8A_R2,mcc,9251,80,0.5636559421565394,0.7702831529279929,0.20662721077145352
S8A_R2,mcc,10597,0,0.5636559421565394,0.5664066995613876,0.002750757404848203
S8A_R2,mcc,10599,0,0.5636559421565394,0.5628538948365391,-0.0008020473200002209
S8A_R2,mcc,10957,0,0.5636559421565394,0.563560541011646,-9.540114489337004e-05
S8A_R2,mcc,10990,0,0.5636559421565394,0.5631739672358373,-0.00048197492070201076
S8A_R2,mcc,11012,0,0.5636559421565394,0.5634646467998655,-0.00019129535667383735
S8A_R2,mcc,11173,0,0.5636559421565394,0.559852034261734,-0.003803907894805336
S8A_R2,mcc,11299,0,0.5636559421565394,0.5633924002617281,-0.0002635418948112589
S8A_R2,mcc,11487,0,0.5636559421565394,0.5633440798170609,-0.00031186233947844144
S8A_R2,mcc,11506,8,0.5636559421565394,0.580256771548861,0.01660082939232166
S8A_R2,specificity,228,7,0.5207100591715976,0.5432098765432098,0.02249981737161222
S8A_R2,specificity,278,0,0.5207100591715976,0.5207100591715976,0.0
S8A_R2,specificity,635,0,0.5207100591715976,0.5207100591715976,0.0
S8A_R2,specificity,804,0,0.5207100591715976,0.5207100591715976,0.0
S8A_R2,specificity,1018,0,0.5207100591715976,0.5207100591715976,0.0
S8A_R2,specificity,1026,0,0.5207100591715976,0.5207100591715976,0.0
S8A_R2,specificity,1028,14,0.5207100591715976,0.4774193548387097,-0.04329070433288795
S8A_R2,specificity,1044,12,0.5207100591715976,0.4840764331210191,-0.036633626050578516
S8A_R2,specificity,1060,13,0.5207100591715976,0.4807692307692308,-0.039940828402366846
S8A_R2,specificity,1088,12,0.5207100591715976,0.4840764331210191,-0.036633626050578516
S8A_R2,specificity,1120,14,0.5207100591715976,0.4774193548387097,-0.04329070433288795
S8A_R2,specificity,1408,9,0.5207100591715976,0.49375,-0.026960059171597606
S8A_R2,specificity,1505,0,0.5207100591715976,0.5207100591715976,0.0
S8A_R2,specificity,3265,0,0.5207100591715976,0.5207100591715976,0.0
S8A_R2,specificity,3300,0,0.5207100591715976,0.5207100591715976,0.0
S8A_R2,specificity,3420,0,0.5207100591715976,0.5207100591715976,0.0
S8A_R2,specificity,7696,0,0.5207100591715976,0.5207100591715976,0.0
S8A_R2,specificity,8319,0,0.5207100591715976,0.5207100591715976,0.0
S8A_R2,specificity,8420,0,0.5207100591715976,0.5207100591715976,0.0
S8A_R2,specificity,9251,80,0.5207100591715976,0.8314606741573034,0.3107506149857058
S8A_R2,specificity,10597,0,0.5207100591715976,0.5207100591715976,0.0
S8A_R2,specificity,10599,0,0.5207100591715976,0.5207100591715976,0.0
S8A_R2,specificity,10957,0,0.5207100591715976,0.5207100591715976,0.0
S8A_R2,specificity,10990,0,0.5207100591715976,0.5207100591715976,0.0
S8A_R2,specificity,11012,0,0.5207100591715976,0.5207100591715976,0.0
S8A_R2,specificity,11173,0,0.5207100591715976,0.5207100591715976,0.0
S8A_R2,specificity,11299,0,0.5207100591715976,0.5207100591715976,0.0
S8A_R2,specificity,11487,0,0.5207100591715976,0.5207100591715976,0.0
S8A_R2,specificity,11506,8,0.5207100591715976,0.546583850931677,0.025873791760079423
S8A_R2,macro_f1,228,7,0.777992277992278,0.7862193957454335,0.008227117753155544
S8A_R2,macro_f1,278,0,0.777992277992278,0.7849777638724384,0.006985485880160458
S8A_R2,macro_f1,635,0,0.777992277992278,0.7779549375294057,-3.734046287229287e-05
S8A_R2,macro_f1,804,0,0.777992277992278,0.7779424585876199,-4.9819404658091315e-05
S8A_R2,macro_f1,1018,0,0.777992277992278,0.7779424585876199,-4.9819404658091315e-05
S8A_R2,macro_f1,1026,0,0.777992277992278,0.7779674003900808,-2.487760219715973e-05
S8A_R2,macro_f1,1028,14,0.777992277992278,0.7580032522912501,-0.019989025701027896
S8A_R2,macro_f1,1044,12,0.777992277992278,0.7612924986668599,-0.016699779325418107
S8A_R2,macro_f1,1060,13,0.777992277992278,0.7608552536736792,-0.01713702431859876
S8A_R2,macro_f1,1088,12,0.777992277992278,0.7612924986668599,-0.016699779325418107
S8A_R2,macro_f1,1120,14,0.777992277992278,0.7580032522912501,-0.019989025701027896
S8A_R2,macro_f1,1408,9,0.777992277992278,0.7648676425654843,-0.013124635426793652
S8A_R2,macro_f1,1505,0,0.777992277992278,0.7920020120724346,0.0140097340801566
S8A_R2,macro_f1,3265,0,0.777992277992278,0.777547461879259,-0.0004448161130189421
S8A_R2,macro_f1,3300,0,0.777992277992278,0.7763767952052472,-0.0016154827870308308
S8A_R2,macro_f1,3420,0,0.777992277992278,0.772986114153051,-0.005006163839227029
S8A_R2,macro_f1,7696,0,0.777992277992278,0.7762888939359528,-0.0017033840563251967
S8A_R2,macro_f1,8319,0,0.777992277992278,0.7778372484884528,-0.000155029503825177
S8A_R2,macro_f1,8420,0,0.777992277992278,0.7711192868260931,-0.006872991166184894
S8A_R2,macro_f1,9251,80,0.777992277992278,0.8843740701931411,0.10638179220086308
S8A_R2,macro_f1,10597,0,0.777992277992278,0.7791424438439913,0.0011501658517133473
S8A_R2,macro_f1,10599,0,0.777992277992278,0.7775734314195852,-0.0004188465726927548
S8A_R2,macro_f1,10957,0,0.777992277992278,0.7779424585876199,-4.9819404658091315e-05
S8A_R2,macro_f1,10990,0,0.777992277992278,0.7777405828253285,-0.0002516951669494505
S8A_R2,macro_f1,11012,0,0.777992277992278,0.7778923813852663,-9.989660701170688e-05
S8A_R2,macro_f1,11173,0,0.777992277992278,0.7760056010588303,-0.001986676933447673
S8A_R2,macro_f1,11299,0,0.777992277992278,0.7778546530976862,-0.0001376248945917924
S8A_R2,macro_f1,11487,0,0.777992277992278,0.7778294192959995,-0.00016285869627852279
S8A_R2,macro_f1,11506,8,0.777992277992278,0.7874325782092773,0.009440300216999264
S8A_R3,auprc,228,7,0.979898982477782,0.984260347299581,0.004361364821799052
S8A_R3,auprc,278,0,0.979898982477782,0.9800070988058183,0.00010811632803631177
S8A_R3,auprc,635,0,0.979898982477782,0.979875424282427,-2.355819535493353e-05
S8A_R3,auprc,804,0,0.979898982477782,0.9798468761610095,-5.210631677243782e-05
S8A_R3,auprc,1018,0,0.979898982477782,0.9797293650377223,-0.00016961744005961066
S8A_R3,auprc,1026,0,0.979898982477782,0.9798785265772765,-2.0455900505478297e-05
S8A_R3,auprc,1028,14,0.979898982477782,0.9801186109606694,0.0002196284828874795
S8A_R3,auprc,1044,12,0.979898982477782,0.9800593588900693,0.00016037641228738853
S8A_R3,auprc,1060,13,0.979898982477782,0.9803362272007679,0.00043724472298589667
S8A_R3,auprc,1088,12,0.979898982477782,0.9802253173539868,0.0003263348762048146
S8A_R3,auprc,1120,14,0.979898982477782,0.9799667198569842,6.773737920229284e-05
S8A_R3,auprc,1408,9,0.979898982477782,0.9803050118898234,0.00040602941204148646
S8A_R3,auprc,1505,0,0.979898982477782,0.9817562849264765,0.001857302448694531
S8A_R3,auprc,3265,0,0.979898982477782,0.9791975026198998,-0.000701479857882159
S8A_R3,auprc,3300,0,0.979898982477782,0.9770811567665518,-0.0028178257112301264
S8A_R3,auprc,3420,0,0.979898982477782,0.9739519144000248,-0.005947068077757134
S8A_R3,auprc,7696,0,0.979898982477782,0.9778732447708242,-0.0020257377069577975
S8A_R3,auprc,8319,0,0.979898982477782,0.9786377564631337,-0.0012612260146482868
S8A_R3,auprc,8420,0,0.979898982477782,0.9755085562214528,-0.004390426256329127
S8A_R3,auprc,9251,80,0.979898982477782,0.9837477855842063,0.0038488031064243255
S8A_R3,auprc,10597,0,0.979898982477782,0.9798989550918475,-2.7385934409096535e-08
S8A_R3,auprc,10599,0,0.979898982477782,0.9793801618001412,-0.0005188206776407522
S8A_R3,auprc,10957,0,0.979898982477782,0.979837445080292,-6.153739748993026e-05
S8A_R3,auprc,10990,0,0.979898982477782,0.9797321805048147,-0.00016680197296725652
S8A_R3,auprc,11012,0,0.979898982477782,0.9797724247041716,-0.00012655777361036957
S8A_R3,auprc,11173,0,0.979898982477782,0.9664981939163168,-0.013400788561465204
S8A_R3,auprc,11299,0,0.979898982477782,0.9797354056772782,-0.00016357680050371748
S8A_R3,auprc,11487,0,0.979898982477782,0.9794741082810781,-0.0004248741967038949
S8A_R3,auprc,11506,8,0.979898982477782,0.9899674881964196,0.0100685057186376
S8A_R3,auroc,228,7,0.8850766374475544,0.906789315493504,0.021712678045949563
S8A_R3,auroc,278,0,0.8850766374475544,0.8870286041501924,0.001951966702637975
S8A_R3,auroc,635,0,0.8850766374475544,0.8850794755772132,2.838129658844224e-06
S8A_R3,auroc,804,0,0.8850766374475544,0.8849578755500171,-0.00011876189753723398
S8A_R3,auroc,1018,0,0.8850766374475544,0.8847875975712168,-0.000289039876337549
S8A_R3,auroc,1026,0,0.8850766374475544,0.8850424559111693,-3.4181536385125e-05
S8A_R3,auroc,1028,14,0.8850766374475544,0.8772424829444959,-0.007834154503058466
S8A_R3,auroc,1044,12,0.8850766374475544,0.8781576890455839,-0.006918948401970493
S8A_R3,auroc,1060,13,0.8850766374475544,0.8803739804719557,-0.004702656975598685
S8A_R3,auroc,1088,12,0.8850766374475544,0.8799038765362293,-0.005172760911325125
S8A_R3,auroc,1120,14,0.8850766374475544,0.8755074538869705,-0.009569183560583894
S8A_R3,auroc,1408,9,0.8850766374475544,0.8828277886497065,-0.0022488487978479244
S8A_R3,auroc,1505,0,0.8850766374475544,0.9057876596338135,0.020711022186259087
S8A_R3,auroc,3265,0,0.8850766374475544,0.883355321888751,-0.0017213155588033935
S8A_R3,auroc,3300,0,0.8850766374475544,0.8786710050796284,-0.006405632367926017
S8A_R3,auroc,3420,0,0.8850766374475544,0.8718859300380006,-0.013190707409553748
S8A_R3,auroc,7696,0,0.8850766374475544,0.8803993557150847,-0.004677281732469729
S8A_R3,auroc,8319,0,0.8850766374475544,0.8825658655912202,-0.002510771856334193
S8A_R3,auroc,8420,0,0.8850766374475544,0.8836923076923077,-0.001384329755246716
S8A_R3,auroc,9251,80,0.8850766374475544,0.8595544713158656,-0.025522166131688784
S8A_R3,auroc,10597,0,0.8850766374475544,0.8852086465511577,0.00013200910360333662
S8A_R3,auroc,10599,0,0.8850766374475544,0.8838974358974359,-0.001179201550118525
S8A_R3,auroc,10957,0,0.8850766374475544,0.8849230459634444,-0.0001535914841099828
S8A_R3,auroc,10990,0,0.8850766374475544,0.88504753673293,-2.910071462436381e-05
S8A_R3,auroc,11012,0,0.8850766374475544,0.8847647686487534,-0.00031186879880096274
S8A_R3,auroc,11173,0,0.8850766374475544,0.8731007963439796,-0.011975841103574747
S8A_R3,auroc,11299,0,0.8850766374475544,0.8846775886602026,-0.0003990487873517523
S8A_R3,auroc,11487,0,0.8850766374475544,0.8842533478667083,-0.0008232895808460983
S8A_R3,auroc,11506,8,0.8850766374475544,0.92047819583103,0.035401558383475584
S8A_R3,mcc,228,7,0.30343138406498826,0.31176417446799876,0.008332790403010493
S8A_R3,mcc,278,0,0.30343138406498826,0.30306047820320653,-0.000370905861781734
S8A_R3,mcc,635,0,0.30343138406498826,0.3033524559094241,-7.892815556415078e-05
S8A_R3,mcc,804,0,0.30343138406498826,0.3033260800773328,-0.00010530398765545845
S8A_R3,mcc,1018,0,0.30343138406498826,0.3033260800773328,-0.00010530398765545845
S8A_R3,mcc,1026,0,0.30343138406498826,0.3033787984761412,-5.258558884707609e-05
S8A_R3,mcc,1028,14,0.30343138406498826,0.26816505656507894,-0.03526632749990932
S8A_R3,mcc,1044,12,0.30343138406498826,0.2690348721670376,-0.03439651189795068
S8A_R3,mcc,1060,13,0.30343138406498826,0.3049666447167482,0.001535260651759962
S8A_R3,mcc,1088,12,0.30343138406498826,0.2963509203156655,-0.007080463749322752
S8A_R3,mcc,1120,14,0.30343138406498826,0.22195416025786383,-0.08147722380712444
S8A_R3,mcc,1408,9,0.30343138406498826,0.31440572852413573,0.010974344459147467
S8A_R3,mcc,1505,0,0.30343138406498826,0.4150338528605754,0.11160246879558716
S8A_R3,mcc,3265,0,0.30343138406498826,0.30249157882137734,-0.000939805243610925
S8A_R3,mcc,3300,0,0.30343138406498826,0.30002258623344946,-0.0034087978315388012
S8A_R3,mcc,3420,0,0.30343138406498826,0.2929069425042519,-0.010524441560736342
S8A_R3,mcc,7696,0,0.30343138406498826,0.2998374537953911,-0.0035939302695971453
S8A_R3,mcc,8319,0,0.30343138406498826,0.30059898000634355,-0.002832404058644711
S8A_R3,mcc,8420,0,0.30343138406498826,0.28901142425404885,-0.014419959810939409
S8A_R3,mcc,9251,80,0.30343138406498826,0.4100561989274691,0.10662481486248082
S8A_R3,mcc,10597,0,0.30343138406498826,0.3033787984761412,-5.258558884707609e-05
S8A_R3,mcc,10599,0,0.30343138406498826,0.302546421840476,-0.0008849622245122868
S8A_R3,mcc,10957,0,0.30343138406498826,0.3033260800773328,-0.00010530398765545845
S8A_R3,mcc,10990,0,0.30343138406498826,0.3028994907045219,-0.0005318933604663845
S8A_R3,mcc,11012,0,0.30343138406498826,0.30322024283117416,-0.000211141233814105
S8A_R3,mcc,11173,0,0.30343138406498826,0.29924104124288664,-0.004190342822101623
S8A_R3,mcc,11299,0,0.30343138406498826,0.3031405125030884,-0.00029087156189988583
S8A_R3,mcc,11487,0,0.30343138406498826,0.30308719018510216,-0.00034419387988610106
S8A_R3,mcc,11506,8,0.30343138406498826,0.31301558752554803,0.00958420346055977
S8A_R3,specificity,228,7,0.21893491124260356,0.22839506172839505,0.009460150485791491
S8A_R3,specificity,278,0,0.21893491124260356,0.21893491124260356,0.0
S8A_R3,specificity,635,0,0.21893491124260356,0.21893491124260356,0.0
S8A_R3,specificity,804,0,0.21893491124260356,0.21893491124260356,0.0
S8A_R3,specificity,1018,0,0.21893491124260356,0.21893491124260356,0.0
S8A_R3,specificity,1026,0,0.21893491124260356,0.21893491124260356,0.0
S8A_R3,specificity,1028,14,0.21893491124260356,0.1935483870967742,-0.02538652414582937
S8A_R3,specificity,1044,12,0.21893491124260356,0.1910828025477707,-0.027852108694832844
S8A_R3,specificity,1060,13,0.21893491124260356,0.22435897435897437,0.005424063116370809
S8A_R3,specificity,1088,12,0.21893491124260356,0.21656050955414013,-0.0023744016884634234
S8A_R3,specificity,1120,14,0.21893491124260356,0.15483870967741936,-0.0640962015651842
S8A_R3,specificity,1408,9,0.21893491124260356,0.23125,0.012315088757396453
S8A_R3,specificity,1505,0,0.21893491124260356,0.21893491124260356,0.0
S8A_R3,specificity,3265,0,0.21893491124260356,0.21893491124260356,0.0
S8A_R3,specificity,3300,0,0.21893491124260356,0.21893491124260356,0.0
S8A_R3,specificity,3420,0,0.21893491124260356,0.21893491124260356,0.0
S8A_R3,specificity,7696,0,0.21893491124260356,0.21893491124260356,0.0
S8A_R3,specificity,8319,0,0.21893491124260356,0.21893491124260356,0.0
S8A_R3,specificity,8420,0,0.21893491124260356,0.21893491124260356,0.0
S8A_R3,specificity,9251,80,0.21893491124260356,0.3595505617977528,0.14061565055514924
S8A_R3,specificity,10597,0,0.21893491124260356,0.21893491124260356,0.0
S8A_R3,specificity,10599,0,0.21893491124260356,0.21893491124260356,0.0
S8A_R3,specificity,10957,0,0.21893491124260356,0.21893491124260356,0.0
S8A_R3,specificity,10990,0,0.21893491124260356,0.21893491124260356,0.0
S8A_R3,specificity,11012,0,0.21893491124260356,0.21893491124260356,0.0
S8A_R3,specificity,11173,0,0.21893491124260356,0.21893491124260356,0.0
S8A_R3,specificity,11299,0,0.21893491124260356,0.21893491124260356,0.0
S8A_R3,specificity,11487,0,0.21893491124260356,0.21893491124260356,0.0
S8A_R3,specificity,11506,8,0.21893491124260356,0.22981366459627328,0.010878753353669723
S8A_R3,macro_f1,228,7,0.6303840102107839,0.6361076604554865,0.0057236502447025606
S8A_R3,macro_f1,278,0,0.6303840102107839,0.6301544607584183,-0.0002295494523656405
S8A_R3,macro_f1,635,0,0.6303840102107839,0.6303351633903174,-4.884682046657485e-05
S8A_R3,macro_f1,804,0,0.6303840102107839,0.6303188398828342,-6.517032794972621e-05
S8A_R3,macro_f1,1018,0,0.6303840102107839,0.6303188398828342,-6.517032794972621e-05
S8A_R3,macro_f1,1026,0,0.6303840102107839,0.6303514662547307,-3.254395605323257e-05
S8A_R3,macro_f1,1028,14,0.6303840102107839,0.6141897121947787,-0.01619429801600525
S8A_R3,macro_f1,1044,12,0.6303840102107839,0.6134149346076971,-0.016969075603086803
S8A_R3,macro_f1,1060,13,0.6303840102107839,0.6335459825307541,0.0031619723199701744
S8A_R3,macro_f1,1088,12,0.6303840102107839,0.6287551810365499,-0.0016288291742340144
S8A_R3,macro_f1,1120,14,0.6303840102107839,0.5893980967066524,-0.0409859135041315
S8A_R3,macro_f1,1408,9,0.6303840102107839,0.6378981811717388,0.007514170960954858
S8A_R3,macro_f1,1505,0,0.6303840102107839,0.6532372713541771,0.022853261143393144
S8A_R3,macro_f1,3265,0,0.6303840102107839,0.6298023539862314,-0.0005816562245525292
S8A_R3,macro_f1,3300,0,0.6303840102107839,0.6282739343721124,-0.00211007583867151
S8A_R3,macro_f1,3420,0,0.6303840102107839,0.6238664616237463,-0.00651754858703768
S8A_R3,macro_f1,7696,0,0.6303840102107839,0.6281593098407047,-0.002224700370079269
S8A_R3,macro_f1,8319,0,0.6303840102107839,0.6286307910147217,-0.0017532191960621946
S8A_R3,macro_f1,8420,0,0.6303840102107839,0.6214520439278016,-0.008931966282982318
S8A_R3,macro_f1,9251,80,0.6303840102107839,0.700125073113442,0.06974106290265802
S8A_R3,macro_f1,10597,0,0.6303840102107839,0.6303514662547307,-3.254395605323257e-05
S8A_R3,macro_f1,10599,0,0.6303840102107839,0.6298362988936467,-0.0005477113171372672
S8A_R3,macro_f1,10957,0,0.6303840102107839,0.6303188398828342,-6.517032794972621e-05
S8A_R3,macro_f1,10990,0,0.6303840102107839,0.63005482398438,-0.000329186226403988
S8A_R3,macro_f1,11012,0,0.6303840102107839,0.6302533386360502,-0.0001306715747337872
S8A_R3,macro_f1,11173,0,0.6303840102107839,0.6277900238909201,-0.00259398631986385
S8A_R3,macro_f1,11299,0,0.6303840102107839,0.6302039940163544,-0.0001800161944295331
S8A_R3,macro_f1,11487,0,0.6303840102107839,0.6301709928709313,-0.00021301733985268356
S8A_R3,macro_f1,11506,8,0.6303840102107839,0.6369610647866308,0.006577054575846897
S8A_R4,auprc,228,7,0.975686798825135,0.9757916532114108,0.00010485438627583221
S8A_R4,auprc,278,0,0.975686798825135,0.9755120575257388,-0.0001747412993962083
S8A_R4,auprc,635,0,0.975686798825135,0.9755957506145801,-9.104821055483381e-05
S8A_R4,auprc,804,0,0.975686798825135,0.9755280222845853,-0.0001587765405496322
S8A_R4,auprc,1018,0,0.975686798825135,0.975553077293002,-0.00013372153213297988
S8A_R4,auprc,1026,0,0.975686798825135,0.9756240594193037,-6.273940583123583e-05
S8A_R4,auprc,1028,14,0.975686798825135,0.9757326339863933,4.583516125833409e-05
S8A_R4,auprc,1044,12,0.975686798825135,0.9757315678898275,4.476906469252917e-05
S8A_R4,auprc,1060,13,0.975686798825135,0.975773864868254,8.706604311903288e-05
S8A_R4,auprc,1088,12,0.975686798825135,0.9772767843390561,0.0015899855139210883
S8A_R4,auprc,1120,14,0.975686798825135,0.97576268026149,7.588143635506306e-05
S8A_R4,auprc,1408,9,0.975686798825135,0.975700458345941,1.365952080600863e-05
S8A_R4,auprc,1505,0,0.975686798825135,0.9766869591314221,0.0010001603062871345
S8A_R4,auprc,3265,0,0.975686798825135,0.9746790127708351,-0.001007786054299853
S8A_R4,auprc,3300,0,0.975686798825135,0.9705488017018649,-0.005137997123270122
S8A_R4,auprc,3420,0,0.975686798825135,0.983764668921645,0.008077870096510065
S8A_R4,auprc,7696,0,0.975686798825135,0.9715072412681596,-0.004179557556975411
S8A_R4,auprc,8319,0,0.975686798825135,0.9724245858665037,-0.003262212958631272
S8A_R4,auprc,8420,0,0.975686798825135,0.9608072927867422,-0.014879506038392831
S8A_R4,auprc,9251,80,0.975686798825135,0.9905392138514331,0.014852415026298083
S8A_R4,auprc,10597,0,0.975686798825135,0.9757175234134889,3.072458835395864e-05
S8A_R4,auprc,10599,0,0.975686798825135,0.9743420838779033,-0.001344714947231651
S8A_R4,auprc,10957,0,0.975686798825135,0.9755914879477274,-9.531087740755062e-05
S8A_R4,auprc,10990,0,0.975686798825135,0.9761069861220482,0.000420187296913177
S8A_R4,auprc,11012,0,0.975686798825135,0.975528874878348,-0.0001579239467869309
S8A_R4,auprc,11173,0,0.975686798825135,0.9695330995967986,-0.006153699228336418
S8A_R4,auprc,11299,0,0.975686798825135,0.9753006757486576,-0.00038612307647734045
S8A_R4,auprc,11487,0,0.975686798825135,0.9751640606253867,-0.0005227381997482405
S8A_R4,auprc,11506,8,0.975686798825135,0.9827283841259312,0.007041585300796238
S8A_R4,auroc,228,7,0.8256734484342492,0.8195252407730592,-0.006148207661189953
S8A_R4,auroc,278,0,0.8256734484342492,0.8256872514228062,1.3802988557021223e-05
S8A_R4,auroc,635,0,0.8256734484342492,0.82538577561202,-0.0002876728222291902
S8A_R4,auroc,804,0,0.8256734484342492,0.8252173946695253,-0.00045605376472390713
S8A_R4,auroc,1018,0,0.8256734484342492,0.8252599641642253,-0.0004134842700238561
S8A_R4,auroc,1026,0,0.8256734484342492,0.8254766386203858,-0.00019680981386338559
S8A_R4,auroc,1028,14,0.8256734484342492,0.8104775541143772,-0.015195894319872005
S8A_R4,auroc,1044,12,0.8256734484342492,0.8128793800202889,-0.012794068413960247
S8A_R4,auroc,1060,13,0.8256734484342492,0.8121807432715336,-0.013492705162715612
S8A_R4,auroc,1088,12,0.8256734484342492,0.827588930834345,0.0019154824000958692
S8A_R4,auroc,1120,14,0.8256734484342492,0.8108186641960751,-0.014854784238174101
S8A_R4,auroc,1408,9,0.8256734484342492,0.8160225048923678,-0.00965094354188134
S8A_R4,auroc,1505,0,0.8256734484342492,0.8372641603410834,0.01159071190683425
S8A_R4,auroc,3265,0,0.8256734484342492,0.8223943561829974,-0.0032790922512517806
S8A_R4,auroc,3300,0,0.8256734484342492,0.8116140487527063,-0.014059399681542906
S8A_R4,auroc,3420,0,0.8256734484342492,0.9072425450128537,0.08156909657860456
S8A_R4,auroc,7696,0,0.8256734484342492,0.8128629885231492,-0.01281045991109997
S8A_R4,auroc,8319,0,0.8256734484342492,0.8155887408680704,-0.010084707566178741
S8A_R4,auroc,8420,0,0.8256734484342492,0.7858040762656147,-0.03986937216863451
S8A_R4,auroc,9251,80,0.8256734484342492,0.90621066047399,0.08053721203974085
S8A_R4,auroc,10597,0,0.8256734484342492,0.8261066170929006,0.000433168658651395
S8A_R4,auroc,10599,0,0.8256734484342492,0.8218737672583827,-0.0037996811758664872
S8A_R4,auroc,10957,0,0.8256734484342492,0.8253683228780074,-0.00030512555624173654
S8A_R4,auroc,10990,0,0.8256734484342492,0.8306824092578325,0.005008960823583375
S8A_R4,auroc,11012,0,0.8256734484342492,0.8252827626345911,-0.0003906857996580637
S8A_R4,auroc,11173,0,0.8256734484342492,0.8087367631260337,-0.01693668530821546
S8A_R4,auroc,11299,0,0.8256734484342492,0.8245107263099782,-0.0011627221242709318
S8A_R4,auroc,11487,0,0.8256734484342492,0.824182497664279,-0.0014909507699701896
S8A_R4,auroc,11506,8,0.8256734484342492,0.8534803746219635,0.027806926187714298
S8A_R4,mcc,228,7,0.38921078972316175,0.3700713573319104,-0.019139432391251376
S8A_R4,mcc,278,0,0.38921078972316175,0.3886592308218723,-0.0005515589012894395
S8A_R4,mcc,635,0,0.38921078972316175,0.38909344715807426,-0.00011734256508749707
S8A_R4,mcc,804,0,0.38921078972316175,0.38905423077757884,-0.0001565589455829186
S8A_R4,mcc,1018,0,0.38921078972316175,0.38905423077757884,-0.0001565589455829186
S8A_R4,mcc,1026,0,0.38921078972316175,0.3891326123758419,-7.817734731985215e-05
S8A_R4,mcc,1028,14,0.38921078972316175,0.3404443658023996,-0.048766423920762136
S8A_R4,mcc,1044,12,0.38921078972316175,0.3482108606288085,-0.04099992909435324
S8A_R4,mcc,1060,13,0.38921078972316175,0.3460122539617922,-0.04319853576136956
S8A_R4,mcc,1088,12,0.38921078972316175,0.40461497146009656,0.015404181736934808
S8A_R4,mcc,1120,14,0.38921078972316175,0.3404443658023996,-0.048766423920762136
S8A_R4,mcc,1408,9,0.38921078972316175,0.35783213108202133,-0.03137865864114042
S8A_R4,mcc,1505,0,0.38921078972316175,0.43742202846714207,0.04821123874398031
S8A_R4,mcc,3265,0,0.38921078972316175,0.38781258798322465,-0.0013982017399370994
S8A_R4,mcc,3300,0,0.38921078972316175,0.3841289874904086,-0.005081802232753174
S8A_R4,mcc,3420,0,0.38921078972316175,0.4572370350815608,0.06802624535839907
S8A_R4,mcc,7696,0,0.38921078972316175,0.3838521754297698,-0.005358614293391961
S8A_R4,mcc,8319,0,0.38921078972316175,0.38499027714442585,-0.004220512578735902
S8A_R4,mcc,8420,0,0.38921078972316175,0.3675173316470249,-0.021693458076136873
S8A_R4,mcc,9251,80,0.38921078972316175,0.5558124488587924,0.1666016591356307
S8A_R4,mcc,10597,0,0.38921078972316175,0.39085208208892286,0.0016412923657611045
S8A_R4,mcc,10599,0,0.38921078972316175,0.38789424061752914,-0.001316549105632614
S8A_R4,mcc,10957,0,0.38921078972316175,0.38905423077757884,-0.0001565589455829186
S8A_R4,mcc,10990,0,0.38921078972316175,0.41583659268514345,0.026625802961981693
S8A_R4,mcc,11012,0,0.38921078972316175,0.38889685161800175,-0.0003139381051600054
S8A_R4,mcc,11173,0,0.38921078972316175,0.3829598382918116,-0.006250951431350127
S8A_R4,mcc,11299,0,0.38921078972316175,0.38877827509777885,-0.0004325146253829071
S8A_R4,mcc,11487,0,0.38921078972316175,0.3886989643907664,-0.0005118253323953548
S8A_R4,mcc,11506,8,0.38921078972316175,0.4025023224751696,0.01329153275200784
S8A_R4,specificity,228,7,0.4437869822485207,0.41975308641975306,-0.024033895828767637
S8A_R4,specificity,278,0,0.4437869822485207,0.4437869822485207,0.0
S8A_R4,specificity,635,0,0.4437869822485207,0.4437869822485207,0.0
S8A_R4,specificity,804,0,0.4437869822485207,0.4437869822485207,0.0
S8A_R4,specificity,1018,0,0.4437869822485207,0.4437869822485207,0.0
S8A_R4,specificity,1026,0,0.4437869822485207,0.4437869822485207,0.0
S8A_R4,specificity,1028,14,0.4437869822485207,0.3935483870967742,-0.0502385951517465
S8A_R4,specificity,1044,12,0.4437869822485207,0.4012738853503185,-0.04251309689820221
S8A_R4,specificity,1060,13,0.4437869822485207,0.3974358974358974,-0.04635108481262329
S8A_R4,specificity,1088,12,0.4437869822485207,0.4713375796178344,0.0275505973693137
S8A_R4,specificity,1120,14,0.4437869822485207,0.3935483870967742,-0.0502385951517465
S8A_R4,specificity,1408,9,0.4437869822485207,0.4125,-0.03128698224852072
S8A_R4,specificity,1505,0,0.4437869822485207,0.4437869822485207,0.0
S8A_R4,specificity,3265,0,0.4437869822485207,0.4437869822485207,0.0
S8A_R4,specificity,3300,0,0.4437869822485207,0.4437869822485207,0.0
S8A_R4,specificity,3420,0,0.4437869822485207,0.4437869822485207,0.0
S8A_R4,specificity,7696,0,0.4437869822485207,0.4437869822485207,0.0
S8A_R4,specificity,8319,0,0.4437869822485207,0.4437869822485207,0.0
S8A_R4,specificity,8420,0,0.4437869822485207,0.4437869822485207,0.0
S8A_R4,specificity,9251,80,0.4437869822485207,0.7865168539325843,0.3427298716840636
S8A_R4,specificity,10597,0,0.4437869822485207,0.4437869822485207,0.0
S8A_R4,specificity,10599,0,0.4437869822485207,0.4437869822485207,0.0
S8A_R4,specificity,10957,0,0.4437869822485207,0.4437869822485207,0.0
S8A_R4,specificity,10990,0,0.4437869822485207,0.4437869822485207,0.0
S8A_R4,specificity,11012,0,0.4437869822485207,0.4437869822485207,0.0
S8A_R4,specificity,11173,0,0.4437869822485207,0.4437869822485207,0.0
S8A_R4,specificity,11299,0,0.4437869822485207,0.4437869822485207,0.0
S8A_R4,specificity,11487,0,0.4437869822485207,0.4437869822485207,0.0
S8A_R4,specificity,11506,8,0.4437869822485207,0.4658385093167702,0.022051527068249477
S8A_R4,macro_f1,228,7,0.6945834714934951,0.6849648444701232,-0.009618627023371906
S8A_R4,macro_f1,278,0,0.6945834714934951,0.694307637191101,-0.0002758343023940846
S8A_R4,macro_f1,635,0,0.6945834714934951,0.6945247885430184,-5.8682950476729445e-05
S8A_R4,macro_f1,804,0,0.6945834714934951,0.694505176453103,-7.829504039214008e-05
S8A_R4,macro_f1,1018,0,0.6945834714934951,0.694505176453103,-7.829504039214008e-05
S8A_R4,macro_f1,1026,0,0.6945834714934951,0.6945443750463847,-3.9096447110420485e-05
S8A_R4,macro_f1,1028,14,0.6945834714934951,0.6701857282502444,-0.024397743243250725
S8A_R4,macro_f1,1044,12,0.6945834714934951,0.6740692233958755,-0.020514248097619592
S8A_R4,macro_f1,1060,13,0.6945834714934951,0.6729533621358148,-0.021630109357680283
S8A_R4,macro_f1,1088,12,0.6945834714934951,0.7022338802625505,0.007650408769055428
S8A_R4,macro_f1,1120,14,0.6945834714934951,0.6701857282502444,-0.024397743243250725
S8A_R4,macro_f1,1408,9,0.6945834714934951,0.6788933327835731,-0.015690138709921975
S8A_R4,macro_f1,1505,0,0.6945834714934951,0.7171731601731601,0.022589688679665043
S8A_R4,macro_f1,3265,0,0.6945834714934951,0.6938842315369261,-0.0006992399565689533
S8A_R4,macro_f1,3300,0,0.6945834714934951,0.6920420642813313,-0.002541407212163782
S8A_R4,macro_f1,3420,0,0.6945834714934951,0.7248731731092668,0.030289701615771714
S8A_R4,macro_f1,7696,0,0.6945834714934951,0.6919036306379434,-0.0026798408555517295
S8A_R4,macro_f1,8319,0,0.6945834714934951,0.6924727949957825,-0.0021106764977125714
S8A_R4,macro_f1,8420,0,0.6945834714934951,0.6837345716729806,-0.010848899820514513
S8A_R4,macro_f1,9251,80,0.6945834714934951,0.7629998619483687,0.06841639045487358
S8A_R4,macro_f1,10597,0,0.6945834714934951,0.6953915114984563,0.0008080400049612635
S8A_R4,macro_f1,10599,0,0.6945834714934951,0.693925065979891,-0.0006584055136040767
S8A_R4,macro_f1,10957,0,0.6945834714934951,0.694505176453103,-7.829504039214008e-05
S8A_R4,macro_f1,10990,0,0.6945834714934951,0.7073593073593074,0.012775835865812324
S8A_R4,macro_f1,11012,0,0.6945834714934951,0.6944264712225843,-0.00015700027091081203
S8A_R4,macro_f1,11173,0,0.6945834714934951,0.6914573730237367,-0.0031260984697584204
S8A_R4,macro_f1,11299,0,0.6945834714934951,0.6943671711694721,-0.00021630032402297772
S8A_R4,macro_f1,11487,0,0.6945834714934951,0.6943275079276401,-0.0002559635658549997
S8A_R4,macro_f1,11506,8,0.6945834714934951,0.7012277979239199,0.006644326430424785
S8B_R1,auprc,228,7,0.856666085132772,0.8683570827132941,0.011690997580522167
S8B_R1,auprc,278,0,0.856666085132772,0.8553748432045263,-0.001291241928245701
S8B_R1,auprc,635,0,0.856666085132772,0.8564720283222156,-0.00019405681055639779
S8B_R1,auprc,804,0,0.856666085132772,0.856516748648414,-0.00014933648435799807
S8B_R1,auprc,1018,0,0.856666085132772,0.8554831807433095,-0.001182904389462447
S8B_R1,auprc,1026,0,0.856666085132772,0.8565482003234511,-0.00011788480932084511
S8B_R1,auprc,1028,14,0.856666085132772,0.871162887989212,0.01449680285644006
S8B_R1,auprc,1044,12,0.856666085132772,0.866651448244745,0.009985363111973067
S8B_R1,auprc,1060,13,0.856666085132772,0.8575823390815656,0.0009162539487935772
S8B_R1,auprc,1088,12,0.856666085132772,0.8688441499530837,0.012178064820311696
S8B_R1,auprc,1120,14,0.856666085132772,0.8601693721512325,0.003503287018460477
S8B_R1,auprc,1408,9,0.856666085132772,0.8629931420970931,0.0063270569643211205
S8B_R1,auprc,1505,0,0.856666085132772,0.8541211453353417,-0.0025449397974303123
S8B_R1,auprc,3265,0,0.856666085132772,0.8485838945451893,-0.008082190587582638
S8B_R1,auprc,3300,0,0.856666085132772,0.8520352938566382,-0.00463079127613375
S8B_R1,auprc,3420,0,0.856666085132772,0.8370538293800236,-0.019612255752748387
S8B_R1,auprc,7696,0,0.856666085132772,0.8515687993588328,-0.0050972857739391975
S8B_R1,auprc,8319,0,0.856666085132772,0.8525824384589992,-0.004083646673772812
S8B_R1,auprc,8420,0,0.856666085132772,0.8391272452442158,-0.0175388398885562
S8B_R1,auprc,9251,80,0.856666085132772,0.9071371309561664,0.050471045823394456
S8B_R1,auprc,10597,0,0.856666085132772,0.8563377151180213,-0.0003283700147507229
S8B_R1,auprc,10599,0,0.856666085132772,0.8464958432652718,-0.010170241867500152
S8B_R1,auprc,10957,0,0.856666085132772,0.8558467522375484,-0.0008193328952236234
S8B_R1,auprc,10990,0,0.856666085132772,0.8558481431229704,-0.0008179420098015644
S8B_R1,auprc,11012,0,0.856666085132772,0.8563411194534678,-0.00032496567930417886
S8B_R1,auprc,11173,0,0.856666085132772,0.8165020034243484,-0.04016408170842356
S8B_R1,auprc,11299,0,0.856666085132772,0.8561351201512023,-0.0005309649815696815
S8B_R1,auprc,11487,0,0.856666085132772,0.8524770239382724,-0.004189061194499577
S8B_R1,auprc,11506,8,0.856666085132772,0.8653802172108984,0.008714132078126435
S8B_R1,auroc,228,7,0.3041643990010692,0.3131706095275031,0.009006210526433911
S8B_R1,auroc,278,0,0.3041643990010692,0.30313465336506806,-0.0010297456360011115
S8B_R1,auroc,635,0,0.3041643990010692,0.30412267471091,-4.172429015919521e-05
S8B_R1,auroc,804,0,0.3041643990010692,0.30474340269581,0.0005790036947408428
S8B_R1,auroc,1018,0,0.3041643990010692,0.3024814145456094,-0.0016829844554597795
S8B_R1,auroc,1026,0,0.3041643990010692,0.30416365526650413,-7.437345650451732e-07
S8B_R1,auroc,1028,14,0.3041643990010692,0.31943906342120776,0.015274664420138584
S8B_R1,auroc,1044,12,0.3041643990010692,0.3137296070246628,0.009565208023593619
S8B_R1,auroc,1060,13,0.3041643990010692,0.25655680048233936,-0.04760759851872981
S8B_R1,auroc,1088,12,0.3041643990010692,0.31800568758211234,0.013841288581043165
S8B_R1,auroc,1120,14,0.3041643990010692,0.2730375642213425,-0.031126834779726664
S8B_R1,auroc,1408,9,0.3041643990010692,0.3078950587084148,0.0037306597073456516
S8B_R1,auroc,1505,0,0.3041643990010692,0.30671209132747596,0.0025476923264067808
S8B_R1,auroc,3265,0,0.3041643990010692,0.29125026662769293,-0.012914132373376241
S8B_R1,auroc,3300,0,0.3041643990010692,0.31991189169043166,0.015747492689362486
S8B_R1,auroc,3420,0,0.3041643990010692,0.32157299862924826,0.01740859962817909
S8B_R1,auroc,7696,0,0.3041643990010692,0.3194698527649159,0.015305453763846733
S8B_R1,auroc,8319,0,0.3041643990010692,0.3161775643780371,0.01201316537696795
S8B_R1,auroc,8420,0,0.3041643990010692,0.36305325443786984,0.05888885543680067
S8B_R1,auroc,9251,80,0.3041643990010692,0.32563158265112246,0.02146718365005329
S8B_R1,auroc,10597,0,0.3041643990010692,0.3035723257800332,-0.0005920732210359936
S8B_R1,auroc,10599,0,0.3041643990010692,0.29022090729783034,-0.01394349170323883
S8B_R1,auroc,10957,0,0.3041643990010692,0.3027503763530327,-0.0014140226480364726
S8B_R1,auroc,10990,0,0.3041643990010692,0.3061866193189595,0.002022220317890344
S8B_R1,auroc,11012,0,0.3041643990010692,0.3049820545154719,0.0008176555144027153
S8B_R1,auroc,11173,0,0.3041643990010692,0.24582004672339408,-0.05834435227767509
S8B_R1,auroc,11299,0,0.3041643990010692,0.3048484165182841,0.0006840175172149188
S8B_R1,auroc,11487,0,0.3041643990010692,0.2986589068825911,-0.005505492118478061
S8B_R1,auroc,11506,8,0.3041643990010692,0.31040047478130794,0.00623607578023877
S8B_R1,mcc,228,7,-0.019748539187977365,-0.019435710063773162,0.00031282912420420306
S8B_R1,mcc,278,0,-0.019748539187977365,-0.01992173206624955,-0.00017319287827218324
S8B_R1,mcc,635,0,-0.019748539187977365,-0.019785397642144483,-3.685845416711783e-05
S8B_R1,mcc,804,0,-0.019748539187977365,-0.01398670405371912,0.005761835134258245
S8B_R1,mcc,1018,0,-0.019748539187977365,-0.01979771442605552,-4.917523807815641e-05
S8B_R1,mcc,1026,0,-0.019748539187977365,-0.019773096193588618,-2.4557005611252486e-05
S8B_R1,mcc,1028,14,-0.019748539187977365,-0.01900326545023812,0.0007452737377392459
S8B_R1,mcc,1044,12,-0.019748539187977365,-0.019114106908354103,0.0006344322796232628
S8B_R1,mcc,1060,13,-0.019748539187977365,-0.019070692884336174,0.0006778463036411914
S8B_R1,mcc,1088,12,-0.019748539187977365,-0.019114106908354103,0.0006344322796232628
S8B_R1,mcc,1120,14,-0.019748539187977365,-0.01900326545023812,0.0007452737377392459
S8B_R1,mcc,1408,9,-0.019748539187977365,-0.01926668503732581,0.00048185415065155404
S8B_R1,mcc,1505,0,-0.019748539187977365,-0.020355283104390377,-0.0006067439164130113
S8B_R1,mcc,3265,0,-0.019748539187977365,-0.02018730081555513,-0.0004387616275777634
S8B_R1,mcc,3300,0,-0.019748539187977365,-0.021338790027130353,-0.001590250839152988
S8B_R1,mcc,3420,0,-0.019748539187977365,-0.024647868036062167,-0.004899328848084802
S8B_R1,mcc,7696,0,-0.019748539187977365,-0.017482358765676127,0.0022661804223012387
S8B_R1,mcc,8319,0,-0.019748539187977365,-0.019228278420837606,0.0005202607671397595
S8B_R1,mcc,8420,0,-0.019748539187977365,-0.026453600145585586,-0.006705060957608221
S8B_R1,mcc,9251,80,-0.019748539187977365,-0.015635812378067167,0.0041127268099101985
S8B_R1,mcc,10597,0,-0.019748539187977365,-0.019773096193588618,-2.4557005611252486e-05
S8B_R1,mcc,10599,0,-0.019748539187977365,-0.020161703485379184,-0.00041316429740181904
S8B_R1,mcc,10957,0,-0.019748539187977365,-0.01979771442605552,-4.917523807815641e-05
S8B_R1,mcc,10990,0,-0.019748539187977365,-0.01999689224324918,-0.00024835305527181467
S8B_R1,mcc,11012,0,-0.019748539187977365,-0.019847135490947354,-9.859630296998878e-05
S8B_R1,mcc,11173,0,-0.019748539187977365,-0.021702928794683517,-0.0019543896067061514
S8B_R1,mcc,11299,0,-0.019748539187977365,-0.019884363725853574,-0.00013582453787620852
S8B_R1,mcc,11487,0,-0.019748539187977365,-0.01990926033665342,-0.0001607211486760532
S8B_R1,mcc,11506,8,-0.019748539187977365,-0.01938138586813868,0.0003671533198386853
S8B_R1,specificity,228,7,0.0,0.0,0.0
S8B_R1,specificity,278,0,0.0,0.0,0.0
S8B_R1,specificity,635,0,0.0,0.0,0.0
S8B_R1,specificity,804,0,0.0,0.0,0.0
S8B_R1,specificity,1018,0,0.0,0.0,0.0
S8B_R1,specificity,1026,0,0.0,0.0,0.0
S8B_R1,specificity,1028,14,0.0,0.0,0.0
S8B_R1,specificity,1044,12,0.0,0.0,0.0
S8B_R1,specificity,1060,13,0.0,0.0,0.0
S8B_R1,specificity,1088,12,0.0,0.0,0.0
S8B_R1,specificity,1120,14,0.0,0.0,0.0
S8B_R1,specificity,1408,9,0.0,0.0,0.0
S8B_R1,specificity,1505,0,0.0,0.0,0.0
S8B_R1,specificity,3265,0,0.0,0.0,0.0
S8B_R1,specificity,3300,0,0.0,0.0,0.0
S8B_R1,specificity,3420,0,0.0,0.0,0.0
S8B_R1,specificity,7696,0,0.0,0.0,0.0
S8B_R1,specificity,8319,0,0.0,0.0,0.0
S8B_R1,specificity,8420,0,0.0,0.0,0.0
S8B_R1,specificity,9251,80,0.0,0.0,0.0
S8B_R1,specificity,10597,0,0.0,0.0,0.0
S8B_R1,specificity,10599,0,0.0,0.0,0.0
S8B_R1,specificity,10957,0,0.0,0.0,0.0
S8B_R1,specificity,10990,0,0.0,0.0,0.0
S8B_R1,specificity,11012,0,0.0,0.0,0.0
S8B_R1,specificity,11173,0,0.0,0.0,0.0
S8B_R1,specificity,11299,0,0.0,0.0,0.0
S8B_R1,specificity,11487,0,0.0,0.0,0.0
S8B_R1,specificity,11506,8,0.0,0.0,0.0
S8B_R1,macro_f1,228,7,0.4729018271910808,0.4738480697384807,0.0009462425473998892
S8B_R1,macro_f1,278,0,0.4729018271910808,0.47266479225242114,-0.00023703493865967484
S8B_R1,macro_f1,635,0,0.4729018271910808,0.4728513807012101,-5.0446489870736855e-05
S8B_R1,macro_f1,804,0,0.4729018271910808,0.47332506203473945,0.0004232348436586375
S8B_R1,macro_f1,1018,0,0.4729018271910808,0.4728345234399255,-6.730375115532317e-05
S8B_R1,macro_f1,1026,0,0.4729018271910808,0.4728682170542636,-3.3610136817241454e-05
S8B_R1,macro_f1,1028,14,0.4729018271910808,0.4749455337690632,0.0020437065779823627
S8B_R1,macro_f1,1044,12,0.4729018271910808,0.47465007776049767,0.0017482505694168538
S8B_R1,macro_f1,1060,13,0.4729018271910808,0.4747820672478207,0.001880240056739868
S8B_R1,macro_f1,1088,12,0.4729018271910808,0.47465007776049767,0.0017482505694168538
S8B_R1,macro_f1,1120,14,0.4729018271910808,0.4749455337690632,0.0020437065779823627
S8B_R1,macro_f1,1408,9,0.4729018271910808,0.47422360248447204,0.0013217752933912252
S8B_R1,macro_f1,1505,0,0.4729018271910808,0.4720714969677625,-0.0008303302233182985
S8B_R1,macro_f1,3265,0,0.4729018271910808,0.47230136119025007,-0.0006004660008307461
S8B_R1,macro_f1,3300,0,0.4729018271910808,0.4707259953161593,-0.002175831874921541
S8B_R1,macro_f1,3420,0,0.4729018271910808,0.46620316724604094,-0.006698659945039875
S8B_R1,macro_f1,7696,0,0.4729018271910808,0.4709634105404498,-0.0019384166506309919
S8B_R1,macro_f1,8319,0,0.4729018271910808,0.47126816380449144,-0.001633663386589379
S8B_R1,macro_f1,8420,0,0.4729018271910808,0.4637380853709076,-0.00916374182017321
S8B_R1,macro_f1,9251,80,0.4729018271910808,0.48393642204937437,0.011034594858293556
S8B_R1,macro_f1,10597,0,0.4729018271910808,0.4728682170542636,-3.3610136817241454e-05
S8B_R1,macro_f1,10599,0,0.4729018271910808,0.47233638950363577,-0.0005654376874450473
S8B_R1,macro_f1,10957,0,0.4729018271910808,0.4728345234399255,-6.730375115532317e-05
S8B_R1,macro_f1,10990,0,0.4729018271910808,0.47256193164001253,-0.00033989555106828107
S8B_R1,macro_f1,11012,0,0.4729018271910808,0.47276688453159044,-0.00013494265949037798
S8B_R1,macro_f1,11173,0,0.4729018271910808,0.47022796869683564,-0.0026738584942451737
S8B_R1,macro_f1,11299,0,0.4729018271910808,0.47271593389460553,-0.0001858932964752813
S8B_R1,macro_f1,11487,0,0.4729018271910808,0.4726818607555417,-0.00021996643553912065
S8B_R1,macro_f1,11506,8,0.4729018271910808,0.4739956399875428,0.0010938127964619793
S8B_R2,auprc,228,7,0.9860197951127561,0.990020864397883,0.00400106928512689
S8B_R2,auprc,278,0,0.9860197951127561,0.986308842683026,0.0002890475702699291
S8B_R2,auprc,635,0,0.9860197951127561,0.9860058022710998,-1.3992841656262911e-05
S8B_R2,auprc,804,0,0.9860197951127561,0.9859827741194942,-3.702099326186037e-05
S8B_R2,auprc,1018,0,0.9860197951127561,0.9859262083295696,-9.35867831864945e-05
S8B_R2,auprc,1026,0,0.9860197951127561,0.9860072235812339,-1.2571531522120871e-05
S8B_R2,auprc,1028,14,0.9860197951127561,0.9860963754030347,7.658029027868274e-05
S8B_R2,auprc,1044,12,0.9860197951127561,0.9861290200930098,0.00010922498025378591
S8B_R2,auprc,1060,13,0.9860197951127561,0.9868550510237495,0.0008352559109934266
S8B_R2,auprc,1088,12,0.9860197951127561,0.9860999942573746,8.019914461854238e-05
S8B_R2,auprc,1120,14,0.9860197951127561,0.986074105007686,5.4309894929938096e-05
S8B_R2,auprc,1408,9,0.9860197951127561,0.9862442782518704,0.00022448313911438422
S8B_R2,auprc,1505,0,0.9860197951127561,0.987585607028003,0.0015658119152469618
S8B_R2,auprc,3265,0,0.9860197951127561,0.9852669381054202,-0.0007528570073358498
S8B_R2,auprc,3300,0,0.9860197951127561,0.9831066011101903,-0.0029131940025657332
S8B_R2,auprc,3420,0,0.9860197951127561,0.9815045518527541,-0.0045152432600019665
S8B_R2,auprc,7696,0,0.9860197951127561,0.985168612446987,-0.0008511826657691124
S8B_R2,auprc,8319,0,0.9860197951127561,0.9853891818683314,-0.0006306132444247048
S8B_R2,auprc,8420,0,0.9860197951127561,0.9787106068886868,-0.00730918822406923
S8B_R2,auprc,9251,80,0.9860197951127561,0.9898708240010043,0.003851028888248287
S8B_R2,auprc,10597,0,0.9860197951127561,0.9860072235812339,-1.2571531522120871e-05
S8B_R2,auprc,10599,0,0.9860197951127561,0.9862865386775962,0.00026674356484013284
S8B_R2,auprc,10957,0,0.9860197951127561,0.9859289914029175,-9.080370983860497e-05
S8B_R2,auprc,10990,0,0.9860197951127561,0.9859519636212333,-6.783149152278511e-05
S8B_R2,auprc,11012,0,0.9860197951127561,0.9859398746123883,-7.992050036775833e-05
S8B_R2,auprc,11173,0,0.9860197951127561,0.9817328657513881,-0.004286929361367986
S8B_R2,auprc,11299,0,0.9860197951127561,0.9859522172516431,-6.757786111299957e-05
S8B_R2,auprc,11487,0,0.9860197951127561,0.9857643385075079,-0.00025545660524817215
S8B_R2,auprc,11506,8,0.9860197951127561,0.9910522940292568,0.005032498916500705
S8B_R2,auroc,228,7,0.9034804324583039,0.9247341800788571,0.02125374762055321
S8B_R2,auroc,278,0,0.9034804324583039,0.9067667532750836,0.0032863208167797087
S8B_R2,auroc,635,0,0.9034804324583039,0.9034922844877595,1.1852029455639013e-05
S8B_R2,auroc,804,0,0.9034804324583039,0.9034059465714142,-7.448588688974134e-05
S8B_R2,auroc,1018,0,0.9034804324583039,0.9032279286844864,-0.0002525037738174696
S8B_R2,auroc,1026,0,0.9034804324583039,0.9034625626596686,-1.7869798635272716e-05
S8B_R2,auroc,1028,14,0.9034804324583039,0.8956413711783038,-0.007839061280000115
S8B_R2,auroc,1044,12,0.9034804324583039,0.8973408059071029,-0.006139626551201038
S8B_R2,auroc,1060,13,0.9034804324583039,0.9040722504145102,0.0005918179562063308
S8B_R2,auroc,1088,12,0.9034804324583039,0.8970165139445543,-0.006463918513749611
S8B_R2,auroc,1120,14,0.9034804324583039,0.8953886970437127,-0.008091735414591184
S8B_R2,auroc,1408,9,0.9034804324583039,0.9004076973255055,-0.0030727351327983765
S8B_R2,auroc,1505,0,0.9034804324583039,0.9198095351941507,0.016329102735846757
S8B_R2,auroc,3265,0,0.9034804324583039,0.9014149042905333,-0.002065528167770614
S8B_R2,auroc,3300,0,0.9034804324583039,0.895878088920715,-0.007602343537588929
S8B_R2,auroc,3420,0,0.9034804324583039,0.8930911184066108,-0.010389314051693077
S8B_R2,auroc,7696,0,0.9034804324583039,0.9024488714500195,-0.0010315610082843873
S8B_R2,auroc,8319,0,0.9034804324583039,0.9029949423159565,-0.0004854901423474445
S8B_R2,auroc,8420,0,0.9034804324583039,0.8870374753451677,-0.016442957113136147
S8B_R2,auroc,9251,80,0.9034804324583039,0.8898688747624969,-0.01361155769580702
S8B_R2,auroc,10597,0,0.9034804324583039,0.9034625626596686,-1.7869798635272716e-05
S8B_R2,auroc,10599,0,0.9034804324583039,0.9072307692307693,0.00375033677246539
S8B_R2,auroc,10957,0,0.9034804324583039,0.9032317986385501,-0.0002486338197538185
S8B_R2,auroc,10990,0,0.9034804324583039,0.9037728248669323,0.00029239240862843907
S8B_R2,auroc,11012,0,0.9034804324583039,0.9033039092055486,-0.00017652325275530067
S8B_R2,auroc,11173,0,0.9034804324583039,0.8934570195931313,-0.01002341286517261
S8B_R2,auroc,11299,0,0.9034804324583039,0.9033971183976237,-8.33140606801841e-05
S8B_R2,auroc,11487,0,0.9034804324583039,0.9027561507318592,-0.0007242817264446755
S8B_R2,auroc,11506,8,0.9034804324583039,0.9280917693733537,0.024611336915049797
S8B_R2,mcc,228,7,0.5673088150643012,0.5845280396303304,0.0172192245660292
S8B_R2,mcc,278,0,0.5673088150643012,0.5810795852182569,0.01377077015395567
S8B_R2,mcc,635,0,0.5673088150643012,0.5671972990357987,-0.00011151602850245634
S8B_R2,mcc,804,0,0.5673088150643012,0.5671600258004675,-0.00014878926383365965
S8B_R2,mcc,1018,0,0.5673088150643012,0.5671600258004675,-0.00014878926383365965
S8B_R2,mcc,1026,0,0.5673088150643012,0.5672345215893076,-7.429347499354755e-05
S8B_R2,mcc,1028,14,0.5673088150643012,0.5473416792641969,-0.01996713580010434
S8B_R2,mcc,1044,12,0.5673088150643012,0.5505114526856155,-0.016797362378685676
S8B_R2,mcc,1060,13,0.5673088150643012,0.5664206096203102,-0.0008882054439910414
S8B_R2,mcc,1088,12,0.5673088150643012,0.5505114526856155,-0.016797362378685676
S8B_R2,mcc,1120,14,0.5673088150643012,0.5473416792641969,-0.01996713580010434
S8B_R2,mcc,1408,9,0.5673088150643012,0.5540367917590531,-0.013272023305248126
S8B_R2,mcc,1505,0,0.5673088150643012,0.6263059322208165,0.058997117156515344
S8B_R2,mcc,3265,0,0.5673088150643012,0.5659788396228032,-0.0013299754414980436
S8B_R2,mcc,3300,0,0.5673088150643012,0.5624623608646985,-0.004846454199602723
S8B_R2,mcc,3420,0,0.5673088150643012,0.5521415978357107,-0.01516721722859049
S8B_R2,mcc,7696,0,0.5673088150643012,0.5633800615097911,-0.003928753554510056
S8B_R2,mcc,8319,0,0.5673088150643012,0.5656476055045048,-0.0016612095597964283
S8B_R2,mcc,8420,0,0.5673088150643012,0.5476188322305546,-0.019689982833746567
S8B_R2,mcc,9251,80,0.5673088150643012,0.5378192571434656,-0.02948955792083563
S8B_R2,mcc,10597,0,0.5673088150643012,0.5672345215893076,-7.429347499354755e-05
S8B_R2,mcc,10599,0,0.5673088150643012,0.5980637309633325,0.030754915899031343
S8B_R2,mcc,10957,0,0.5673088150643012,0.5671600258004675,-0.00014878926383365965
S8B_R2,mcc,10990,0,0.5673088150643012,0.5700664117324382,0.002757596668137019
S8B_R2,mcc,11012,0,0.5673088150643012,0.567010423962391,-0.00029839110191021145
S8B_R2,mcc,11173,0,0.5673088150643012,0.5613423991986808,-0.005966415865620411
S8B_R2,mcc,11299,0,0.5673088150643012,0.5668976853143403,-0.00041112974996093676
S8B_R2,mcc,11487,0,0.5673088150643012,0.5668222687937323,-0.0004865462705688772
S8B_R2,mcc,11506,8,0.5673088150643012,0.5871000153824738,0.019791200318172608
S8B_R2,specificity,228,7,0.863905325443787,0.9012345679012346,0.03732924245744762
S8B_R2,specificity,278,0,0.863905325443787,0.863905325443787,0.0
S8B_R2,specificity,635,0,0.863905325443787,0.863905325443787,0.0
S8B_R2,specificity,804,0,0.863905325443787,0.863905325443787,0.0
S8B_R2,specificity,1018,0,0.863905325443787,0.863905325443787,0.0
S8B_R2,specificity,1026,0,0.863905325443787,0.863905325443787,0.0
S8B_R2,specificity,1028,14,0.863905325443787,0.8516129032258064,-0.012292422217980548
S8B_R2,specificity,1044,12,0.863905325443787,0.8535031847133758,-0.010402140730411125
S8B_R2,specificity,1060,13,0.863905325443787,0.8782051282051282,0.01429980276134124
S8B_R2,specificity,1088,12,0.863905325443787,0.8535031847133758,-0.010402140730411125
S8B_R2,specificity,1120,14,0.863905325443787,0.8516129032258064,-0.012292422217980548
S8B_R2,specificity,1408,9,0.863905325443787,0.85625,-0.007655325443786998
S8B_R2,specificity,1505,0,0.863905325443787,0.863905325443787,0.0
S8B_R2,specificity,3265,0,0.863905325443787,0.863905325443787,0.0
S8B_R2,specificity,3300,0,0.863905325443787,0.863905325443787,0.0
S8B_R2,specificity,3420,0,0.863905325443787,0.863905325443787,0.0
S8B_R2,specificity,7696,0,0.863905325443787,0.863905325443787,0.0
S8B_R2,specificity,8319,0,0.863905325443787,0.863905325443787,0.0
S8B_R2,specificity,8420,0,0.863905325443787,0.863905325443787,0.0
S8B_R2,specificity,9251,80,0.863905325443787,0.7865168539325843,-0.07738847151120265
S8B_R2,specificity,10597,0,0.863905325443787,0.863905325443787,0.0
S8B_R2,specificity,10599,0,0.863905325443787,0.863905325443787,0.0
S8B_R2,specificity,10957,0,0.863905325443787,0.863905325443787,0.0
S8B_R2,specificity,10990,0,0.863905325443787,0.863905325443787,0.0
S8B_R2,specificity,11012,0,0.863905325443787,0.863905325443787,0.0
S8B_R2,specificity,11173,0,0.863905325443787,0.863905325443787,0.0
S8B_R2,specificity,11299,0,0.863905325443787,0.863905325443787,0.0
S8B_R2,specificity,11487,0,0.863905325443787,0.863905325443787,0.0
S8B_R2,specificity,11506,8,0.863905325443787,0.906832298136646,0.042926972692859056
S8B_R2,macro_f1,228,7,0.7600577795833898,0.7652937441897376,0.005235964606347787
S8B_R2,macro_f1,278,0,0.7600577795833898,0.769266717191994,0.009208937608604195
S8B_R2,macro_f1,635,0,0.7600577795833898,0.7599856644293435,-7.211515404637048e-05
S8B_R2,macro_f1,804,0,0.7600577795833898,0.7599615597547346,-9.621982865526402e-05
S8B_R2,macro_f1,1018,0,0.7600577795833898,0.7599615597547346,-9.621982865526402e-05
S8B_R2,macro_f1,1026,0,0.7600577795833898,0.7600097359133504,-4.804367003941046e-05
S8B_R2,macro_f1,1028,14,0.7600577795833898,0.7485300281597016,-0.011527751423688226
S8B_R2,macro_f1,1044,12,0.7600577795833898,0.7503746085633176,-0.009683171020072212
S8B_R2,macro_f1,1060,13,0.7600577795833898,0.7569400715125212,-0.003117708070868641
S8B_R2,macro_f1,1088,12,0.7600577795833898,0.7503746085633176,-0.009683171020072212
S8B_R2,macro_f1,1120,14,0.7600577795833898,0.7485300281597016,-0.011527751423688226
S8B_R2,macro_f1,1408,9,0.7600577795833898,0.7523200246758235,-0.007737754907566341
S8B_R2,macro_f1,1505,0,0.7600577795833898,0.7986201298701299,0.038562350286740044
S8B_R2,macro_f1,3265,0,0.7600577795833898,0.7591974695884524,-0.0008603099949374693
S8B_R2,macro_f1,3300,0,0.7600577795833898,0.75692027052087,-0.003137509062519861
S8B_R2,macro_f1,3420,0,0.7600577795833898,0.7502161322346426,-0.009841647348747262
S8B_R2,macro_f1,7696,0,0.7600577795833898,0.7575480635953489,-0.0025097159880409503
S8B_R2,macro_f1,8319,0,0.7600577795833898,0.7590474842703722,-0.0010102953130176617
S8B_R2,macro_f1,8420,0,0.7600577795833898,0.7473135119040715,-0.012744267679318355
S8B_R2,macro_f1,9251,80,0.7600577795833898,0.7514433082978915,-0.008614471285498304
S8B_R2,macro_f1,10597,0,0.7600577795833898,0.7600097359133504,-4.804367003941046e-05
S8B_R2,macro_f1,10599,0,0.7600577795833898,0.7804536546466493,0.02039587506325946
S8B_R2,macro_f1,10957,0,0.7600577795833898,0.7599615597547346,-9.621982865526402e-05
S8B_R2,macro_f1,10990,0,0.7600577795833898,0.7619290259754965,0.0018712463921066735
S8B_R2,macro_f1,11012,0,0.7600577795833898,0.759864807773553,-0.00019297180983679496
S8B_R2,macro_f1,11173,0,0.7600577795833898,0.7561942448540386,-0.0038635347293511924
S8B_R2,macro_f1,11299,0,0.7600577795833898,0.7597918919013481,-0.0002658876820417211
S8B_R2,macro_f1,11487,0,0.7600577795833898,0.7597431127087735,-0.0003146668746163428
S8B_R2,macro_f1,11506,8,0.7600577795833898,0.766069306642366,0.006011527058976229
XGB_F4,auprc,228,7,0.9923383411655163,0.993824227510239,0.0014858863447226867
XGB_F4,auprc,278,0,0.9923383411655163,0.9922337585408812,-0.00010458262463508561
XGB_F4,auprc,635,0,0.9923383411655163,0.9923966622921907,5.832112667436551e-05
XGB_F4,auprc,804,0,0.9923383411655163,0.9923116542026628,-2.6686962853572638e-05
XGB_F4,auprc,1018,0,0.9923383411655163,0.9923100821716055,-2.825899391079023e-05
XGB_F4,auprc,1026,0,0.9923383411655163,0.9923261340586789,-1.2207106837469617e-05
XGB_F4,auprc,1028,14,0.9923383411655163,0.9924547445763502,0.00011640341083385408
XGB_F4,auprc,1044,12,0.9923383411655163,0.9924404766044127,0.00010213543889636689
XGB_F4,auprc,1060,13,0.9923383411655163,0.9929181168695929,0.0005797757040765239
XGB_F4,auprc,1088,12,0.9923383411655163,0.9927092471914892,0.0003709060259728947
XGB_F4,auprc,1120,14,0.9923383411655163,0.992661359823013,0.00032301865749662095
XGB_F4,auprc,1408,9,0.9923383411655163,0.9923698910449326,3.154987941622611e-05
XGB_F4,auprc,1505,0,0.9923383411655163,0.9930573518106203,0.0007190106451039346
XGB_F4,auprc,3265,0,0.9923383411655163,0.9922180451588921,-0.00012029600662422091
XGB_F4,auprc,3300,0,0.9923383411655163,0.9917005136987498,-0.0006378274667665496
XGB_F4,auprc,3420,0,0.9923383411655163,0.9906697986415752,-0.0016685425239411078
XGB_F4,auprc,7696,0,0.9923383411655163,0.9909355123137464,-0.0014028288517698995
XGB_F4,auprc,8319,0,0.9923383411655163,0.9912282704938267,-0.0011100706716896669
XGB_F4,auprc,8420,0,0.9923383411655163,0.985634880559874,-0.0067034606056423085
XGB_F4,auprc,9251,80,0.9923383411655163,0.9961709909209493,0.0038326497554329597
XGB_F4,auprc,10597,0,0.9923383411655163,0.9923263229313485,-1.2018234167854303e-05
XGB_F4,auprc,10599,0,0.9923383411655163,0.99243417654499,9.583537947366327e-05
XGB_F4,auprc,10957,0,0.9923383411655163,0.9923088313343436,-2.9509831172780387e-05
XGB_F4,auprc,10990,0,0.9923383411655163,0.9921320528660844,-0.00020628829943192262
XGB_F4,auprc,11012,0,0.9923383411655163,0.9922538143728266,-8.452679268977636e-05
XGB_F4,auprc,11173,0,0.9923383411655163,0.9905654296246718,-0.0017729115408445795
XGB_F4,auprc,11299,0,0.9923383411655163,0.9922217511482876,-0.00011659001722874596
XGB_F4,auprc,11487,0,0.9923383411655163,0.9922046551499379,-0.00013368601557839366
XGB_F4,auprc,11506,8,0.9923383411655163,0.9942397762611488,0.0019014350956324533
XGB_F4,auroc,228,7,0.9364204464309839,0.9458604001034193,0.009439953672435442
XGB_F4,auroc,278,0,0.9364204464309839,0.9360837673492761,-0.00033667908170775807
XGB_F4,auroc,635,0,0.9364204464309839,0.9370460610279614,0.0006256145969775195
XGB_F4,auroc,804,0,0.9364204464309839,0.9363392556530354,-8.119077794843665e-05
XGB_F4,auroc,1018,0,0.9364204464309839,0.9363315157449082,-8.893068607562782e-05
XGB_F4,auroc,1026,0,0.9364204464309839,0.9363876338704253,-3.281256055853721e-05
XGB_F4,auroc,1028,14,0.9364204464309839,0.9318748420786659,-0.004545604352317989
XGB_F4,auroc,1044,12,0.9364204464309839,0.9325909264771913,-0.0038295199537925484
XGB_F4,auroc,1060,13,0.9364204464309839,0.9372644827412954,0.0008440363103114912
XGB_F4,auroc,1088,12,0.9364204464309839,0.9356010211039231,-0.0008194253270608076
XGB_F4,auroc,1120,14,0.9364204464309839,0.9342710351217047,-0.002149411309279148
XGB_F4,auroc,1408,9,0.9364204464309839,0.9331498695368559,-0.003270576894128019
XGB_F4,auroc,1505,0,0.9364204464309839,0.9443229135536828,0.00790246712269893
XGB_F4,auroc,3265,0,0.9364204464309839,0.9366235848982076,0.00020313846722375128
XGB_F4,auroc,3300,0,0.9364204464309839,0.9351980971285234,-0.001222349302460457
XGB_F4,auroc,3420,0,0.9364204464309839,0.9354014936803954,-0.0010189527505884977
XGB_F4,auroc,7696,0,0.9364204464309839,0.9312860885765594,-0.005134357854424509
XGB_F4,auroc,8319,0,0.9364204464309839,0.9322956265908564,-0.004124819840127469
XGB_F4,auroc,8420,0,0.9364204464309839,0.9151663379355687,-0.021254108495415203
XGB_F4,auroc,9251,80,0.9364204464309839,0.9464747875176905,0.010054341086706664
XGB_F4,auroc,10597,0,0.9364204464309839,0.9363914987690298,-2.894766195404852e-05
XGB_F4,auroc,10599,0,0.9364204464309839,0.9382899408284024,0.0018694943974185696
XGB_F4,auroc,10957,0,0.9364204464309839,0.9363276457908445,-9.280064013938993e-05
XGB_F4,auroc,10990,0,0.9364204464309839,0.9356230225618604,-0.0007974238691235147
XGB_F4,auroc,11012,0,0.9364204464309839,0.9360869143466872,-0.0003335320842966505
XGB_F4,auroc,11173,0,0.9364204464309839,0.9298339102706205,-0.006586536160363421
XGB_F4,auroc,11299,0,0.9364204464309839,0.9359609358598543,-0.0004595105711295844
XGB_F4,auroc,11487,0,0.9364204464309839,0.9359000311429461,-0.0005204152880378121
XGB_F4,auroc,11506,8,0.9364204464309839,0.9484346037527235,0.012014157321739605
XGB_F4,mcc,228,7,0.35114567277449504,0.36031575956786,0.009170086793364951
XGB_F4,mcc,278,0,0.35114567277449504,0.35082209756928895,-0.00032357520520609473
XGB_F4,mcc,635,0,0.35114567277449504,0.3548318684965943,0.0036861957220992725
XGB_F4,mcc,804,0,0.35114567277449504,0.3510538045931433,-9.186818135176189e-05
XGB_F4,mcc,1018,0,0.35114567277449504,0.3510538045931433,-9.186818135176189e-05
XGB_F4,mcc,1026,0,0.35114567277449504,0.35109979643238637,-4.587634210867497e-05
XGB_F4,mcc,1028,14,0.35114567277449504,0.27492063148397733,-0.07622504129051771
XGB_F4,mcc,1044,12,0.35114567277449504,0.2809346068575364,-0.07021106591695864
XGB_F4,mcc,1060,13,0.35114567277449504,0.3688087331002325,0.017663060325737445
XGB_F4,mcc,1088,12,0.35114567277449504,0.3673945134907071,0.016248840716212076
XGB_F4,mcc,1120,14,0.35114567277449504,0.3561046897421487,0.004959016967653662
XGB_F4,mcc,1408,9,0.35114567277449504,0.2975656786563999,-0.053579994118095164
XGB_F4,mcc,1505,0,0.35114567277449504,0.4067778635655494,0.05563219079105436
XGB_F4,mcc,3265,0,0.35114567277449504,0.3540944734262243,0.0029488006517292553
XGB_F4,mcc,3300,0,0.35114567277449504,0.3481725513561129,-0.0029731214183821297
XGB_F4,mcc,3420,0,0.35114567277449504,0.3539944468347458,0.002848774060250747
XGB_F4,mcc,7696,0,0.35114567277449504,0.34801112458878714,-0.0031345481857079083
XGB_F4,mcc,8319,0,0.35114567277449504,0.34867516858454645,-0.002470504189948597
XGB_F4,mcc,8420,0,0.35114567277449504,0.33857918364360023,-0.012566489130894809
XGB_F4,mcc,9251,80,0.35114567277449504,0.48682941725107026,0.13568374447657522
XGB_F4,mcc,10597,0,0.35114567277449504,0.35109979643238637,-4.587634210867497e-05
XGB_F4,mcc,10599,0,0.35114567277449504,0.3503736691950259,-0.0007720035794691604
XGB_F4,mcc,10957,0,0.35114567277449504,0.3510538045931433,-9.186818135176189e-05
XGB_F4,mcc,10990,0,0.35114567277449504,0.35068165908182675,-0.00046401369266829695
XGB_F4,mcc,11012,0,0.35114567277449504,0.35096147267326877,-0.00018420010122627284
XGB_F4,mcc,11173,0,0.35114567277449504,0.34749111171638997,-0.003654561058105077
XGB_F4,mcc,11299,0,0.35114567277449504,0.35089191728751484,-0.00025375548698020056
XGB_F4,mcc,11487,0,0.35114567277449504,0.3508454002719775,-0.0003002725025175179
XGB_F4,mcc,11506,8,0.35114567277449504,0.36168902985063245,0.010543357076137405
XGB_F4,specificity,228,7,0.23668639053254437,0.24691358024691357,0.0102271897143692
XGB_F4,specificity,278,0,0.23668639053254437,0.23668639053254437,0.0
XGB_F4,specificity,635,0,0.23668639053254437,0.23668639053254437,0.0
XGB_F4,specificity,804,0,0.23668639053254437,0.23668639053254437,0.0
XGB_F4,specificity,1018,0,0.23668639053254437,0.23668639053254437,0.0
XGB_F4,specificity,1026,0,0.23668639053254437,0.23668639053254437,0.0
XGB_F4,specificity,1028,14,0.23668639053254437,0.17419354838709677,-0.06249284214544759
XGB_F4,specificity,1044,12,0.23668639053254437,0.17834394904458598,-0.05834244148795839
XGB_F4,specificity,1060,13,0.23668639053254437,0.2564102564102564,0.01972386587771202
XGB_F4,specificity,1088,12,0.23668639053254437,0.25477707006369427,0.0180906795311499
XGB_F4,specificity,1120,14,0.23668639053254437,0.24516129032258063,0.008474899790036267
XGB_F4,specificity,1408,9,0.23668639053254437,0.19375,-0.04293639053254436
XGB_F4,specificity,1505,0,0.23668639053254437,0.23668639053254437,0.0
XGB_F4,specificity,3265,0,0.23668639053254437,0.23668639053254437,0.0
XGB_F4,specificity,3300,0,0.23668639053254437,0.23668639053254437,0.0
XGB_F4,specificity,3420,0,0.23668639053254437,0.23668639053254437,0.0
XGB_F4,specificity,7696,0,0.23668639053254437,0.23668639053254437,0.0
XGB_F4,specificity,8319,0,0.23668639053254437,0.23668639053254437,0.0
XGB_F4,specificity,8420,0,0.23668639053254437,0.23668639053254437,0.0
XGB_F4,specificity,9251,80,0.23668639053254437,0.4044943820224719,0.16780799148992753
XGB_F4,specificity,10597,0,0.23668639053254437,0.23668639053254437,0.0
XGB_F4,specificity,10599,0,0.23668639053254437,0.23668639053254437,0.0
XGB_F4,specificity,10957,0,0.23668639053254437,0.23668639053254437,0.0
XGB_F4,specificity,10990,0,0.23668639053254437,0.23668639053254437,0.0
XGB_F4,specificity,11012,0,0.23668639053254437,0.23668639053254437,0.0
XGB_F4,specificity,11173,0,0.23668639053254437,0.23668639053254437,0.0
XGB_F4,specificity,11299,0,0.23668639053254437,0.23668639053254437,0.0
XGB_F4,specificity,11487,0,0.23668639053254437,0.23668639053254437,0.0
XGB_F4,specificity,11506,8,0.23668639053254437,0.2484472049689441,0.01176081443639973
XGB_F4,macro_f1,228,7,0.6484541461929817,0.6547983799964783,0.0063442338034965795
XGB_F4,macro_f1,278,0,0.6484541461929817,0.6482407651136264,-0.00021338107935531259
XGB_F4,macro_f1,635,0,0.6484541461929817,0.6493205773281555,0.0008664311351738174
XGB_F4,macro_f1,804,0,0.6484541461929817,0.6483935655433977,-6.058064958402998e-05
XGB_F4,macro_f1,1018,0,0.6484541461929817,0.6483935655433977,-6.058064958402998e-05
XGB_F4,macro_f1,1026,0,0.6484541461929817,0.6484238941135493,-3.025207943241348e-05
XGB_F4,macro_f1,1028,14,0.6484541461929817,0.6086936351827797,-0.03976051101020195
XGB_F4,macro_f1,1044,12,0.6484541461929817,0.611456176673568,-0.0369979695194137
XGB_F4,macro_f1,1060,13,0.6484541461929817,0.6606198756775141,0.012165729484532428
XGB_F4,macro_f1,1088,12,0.6484541461929817,0.6596522540157752,0.011198107822793513
XGB_F4,macro_f1,1120,14,0.6484541461929817,0.6537599981235194,0.005305851930537675
XGB_F4,macro_f1,1408,9,0.6484541461929817,0.6209001661736455,-0.027553980019336177
XGB_F4,macro_f1,1505,0,0.6484541461929817,0.6601492111498897,0.011695064956907975
XGB_F4,macro_f1,3265,0,0.6484541461929817,0.6488288808623968,0.0003747346694150666
XGB_F4,macro_f1,3300,0,0.6484541461929817,0.646492919979301,-0.001961226213680667
XGB_F4,macro_f1,3420,0,0.6484541461929817,0.6452839289251785,-0.0031702172678031992
XGB_F4,macro_f1,7696,0,0.6484541461929817,0.6463863958431744,-0.002067750349807329
XGB_F4,macro_f1,8319,0,0.6484541461929817,0.6468245675142227,-0.0016295786787590139
XGB_F4,macro_f1,8420,0,0.6484541461929817,0.6401557285873192,-0.008298417605662523
XGB_F4,macro_f1,9251,80,0.6484541461929817,0.7357199625161619,0.0872658163231802
XGB_F4,macro_f1,10597,0,0.6484541461929817,0.6484238941135493,-3.025207943241348e-05
XGB_F4,macro_f1,10599,0,0.6484541461929817,0.6479450229811045,-0.0005091232118772382
XGB_F4,macro_f1,10957,0,0.6484541461929817,0.6483935655433977,-6.058064958402998e-05
XGB_F4,macro_f1,10990,0,0.6484541461929817,0.6481481481481481,-0.0003059980448335553
XGB_F4,macro_f1,11012,0,0.6484541461929817,0.6483326777675801,-0.00012146842540161629
XGB_F4,macro_f1,11173,0,0.6484541461929817,0.6460432171145517,-0.002410929078429991
XGB_F4,macro_f1,11299,0,0.6484541461929817,0.6482868089764642,-0.00016733721651751576
XGB_F4,macro_f1,11487,0,0.6484541461929817,0.6482561325821514,-0.00019801361083027214
XGB_F4,macro_f1,11506,8,0.6484541461929817,0.6557432738472688,0.007289127654287131
