run_id,predeclared_run_id,run_order,model_name,architecture,graph_schema,feature_set,split,row_index,grna_target_id,genome,label,score,sequence_context_mode
sprint9_multiseed_S8B_R2_seed7_S8B_R2_sequence_plus_context,S8B_R2_sequence_plus_context,1,gatv2_graph_c_sprint8b_sequence_plus_context,gatv2,graph_c_context_observation,S5F2_energy,val,0,176,,1,0.2750215530395508,late_fusion
sprint9_multiseed_S8B_R2_seed7_S8B_R2_sequence_plus_context,S8B_R2_sequence_plus_context,1,gatv2_graph_c_sprint8b_sequence_plus_context,gatv2,graph_c_context_observation,S5F2_energy,val,1,176,,1,0.21720485389232635,late_fusion
sprint9_multiseed_S8B_R2_seed7_S8B_R2_sequence_plus_context,S8B_R2_sequence_plus_context,1,gatv2_graph_c_sprint8b_sequence_plus_context,gatv2,graph_c_context_observation,S5F2_energy,val,2,176,,1,0.0847533568739891,late_fusion
sprint9_multiseed_S8B_R2_seed7_S8B_R2_sequence_plus_context,S8B_R2_sequence_plus_context,1,gatv2_graph_c_sprint8b_sequence_plus_context,gatv2,graph_c_context_observation,S5F2_energy,val,3,176,,1,0.09152857959270477,late_fusion
sprint9_multiseed_S8B_R2_seed7_S8B_R2_sequence_plus_context,S8B_R2_sequence_plus_context,1,gatv2_graph_c_sprint8b_sequence_plus_context,gatv2,graph_c_context_observation,S5F2_energy,val,4,176,,1,0.09107846766710281,late_fusion
sprint9_multiseed_S8B_R2_seed7_S8B_R2_sequence_plus_context,S8B_R2_sequence_plus_context,1,gatv2_graph_c_sprint8b_sequence_plus_context,gatv2,graph_c_context_observation,S5F2_energy,val,5,176,,1,0.10632207989692688,late_fusion
sprint9_multiseed_S8B_R2_seed7_S8B_R2_sequence_plus_context,S8B_R2_sequence_plus_context,1,gatv2_graph_c_sprint8b_sequence_plus_context,gatv2,graph_c_context_observation,S5F2_energy,val,6,176,,1,0.08964656293392181,late_fusion
sprint9_multiseed_S8B_R2_seed7_S8B_R2_sequence_plus_context,S8B_R2_sequence_plus_context,1,gatv2_graph_c_sprint8b_sequence_plus_context,gatv2,graph_c_context_observation,S5F2_energy,val,7,176,,0,0.07862092554569244,late_fusion
sprint9_multiseed_S8B_R2_seed7_S8B_R2_sequence_plus_context,S8B_R2_sequence_plus_context,1,gatv2_graph_c_sprint8b_sequence_plus_context,gatv2,graph_c_context_observation,S5F2_energy,val,8,176,,1,0.07643765211105347,late_fusion
sprint9_multiseed_S8B_R2_seed7_S8B_R2_sequence_plus_context,S8B_R2_sequence_plus_context,1,gatv2_graph_c_sprint8b_sequence_plus_context,gatv2,graph_c_context_observation,S5F2_energy,val,9,176,,1,0.08417627960443497,late_fusion
sprint9_multiseed_S8B_R2_seed7_S8B_R2_sequence_plus_context,S8B_R2_sequence_plus_context,1,gatv2_graph_c_sprint8b_sequence_plus_context,gatv2,graph_c_context_observation,S5F2_energy,val,10,176,,1,0.07907862961292267,late_fusion
sprint9_multiseed_S8B_R2_seed7_S8B_R2_sequence_plus_context,S8B_R2_sequence_plus_context,1,gatv2_graph_c_sprint8b_sequence_plus_context,gatv2,graph_c_context_observation,S5F2_energy,val,11,176,,0,0.08764146268367767,late_fusion
sprint9_multiseed_S8B_R2_seed7_S8B_R2_sequence_plus_context,S8B_R2_sequence_plus_context,1,gatv2_graph_c_sprint8b_sequence_plus_context,gatv2,graph_c_context_observation,S5F2_energy,val,12,176,,1,0.08115449547767639,late_fusion
sprint9_multiseed_S8B_R2_seed7_S8B_R2_sequence_plus_context,S8B_R2_sequence_plus_context,1,gatv2_graph_c_sprint8b_sequence_plus_context,gatv2,graph_c_context_observation,S5F2_energy,val,13,176,,1,0.09367292374372482,late_fusion
sprint9_multiseed_S8B_R2_seed7_S8B_R2_sequence_plus_context,S8B_R2_sequence_plus_context,1,gatv2_graph_c_sprint8b_sequence_plus_context,gatv2,graph_c_context_observation,S5F2_energy,val,14,214,,1,0.6436229944229126,late_fusion
sprint9_multiseed_S8B_R2_seed7_S8B_R2_sequence_plus_context,S8B_R2_sequence_plus_context,1,gatv2_graph_c_sprint8b_sequence_plus_context,gatv2,graph_c_context_observation,S5F2_energy,val,15,214,,1,0.5534666776657104,late_fusion
sprint9_multiseed_S8B_R2_seed7_S8B_R2_sequence_plus_context,S8B_R2_sequence_plus_context,1,gatv2_graph_c_sprint8b_sequence_plus_context,gatv2,graph_c_context_observation,S5F2_energy,val,16,214,,1,0.3356170356273651,late_fusion
sprint9_multiseed_S8B_R2_seed7_S8B_R2_sequence_plus_context,S8B_R2_sequence_plus_context,1,gatv2_graph_c_sprint8b_sequence_plus_context,gatv2,graph_c_context_observation,S5F2_energy,val,17,214,,1,0.5405428409576416,late_fusion
sprint9_multiseed_S8B_R2_seed7_S8B_R2_sequence_plus_context,S8B_R2_sequence_plus_context,1,gatv2_graph_c_sprint8b_sequence_plus_context,gatv2,graph_c_context_observation,S5F2_energy,val,18,214,,1,0.4424514174461365,late_fusion
sprint9_multiseed_S8B_R2_seed7_S8B_R2_sequence_plus_context,S8B_R2_sequence_plus_context,1,gatv2_graph_c_sprint8b_sequence_plus_context,gatv2,graph_c_context_observation,S5F2_energy,val,19,214,,0,0.15692028403282166,late_fusion
sprint9_multiseed_S8B_R2_seed7_S8B_R2_sequence_plus_context,S8B_R2_sequence_plus_context,1,gatv2_graph_c_sprint8b_sequence_plus_context,gatv2,graph_c_context_observation,S5F2_energy,val,20,214,,1,0.2047474980354309,late_fusion
sprint9_multiseed_S8B_R2_seed7_S8B_R2_sequence_plus_context,S8B_R2_sequence_plus_context,1,gatv2_graph_c_sprint8b_sequence_plus_context,gatv2,graph_c_context_observation,S5F2_energy,val,21,214,,0,0.20307818055152893,late_fusion
sprint9_multiseed_S8B_R2_seed7_S8B_R2_sequence_plus_context,S8B_R2_sequence_plus_context,1,gatv2_graph_c_sprint8b_sequence_plus_context,gatv2,graph_c_context_observation,S5F2_energy,val,22,214,,1,0.13203340768814087,late_fusion
sprint9_multiseed_S8B_R2_seed7_S8B_R2_sequence_plus_context,S8B_R2_sequence_plus_context,1,gatv2_graph_c_sprint8b_sequence_plus_context,gatv2,graph_c_context_observation,S5F2_energy,val,23,214,,1,0.16188779473304749,late_fusion
sprint9_multiseed_S8B_R2_seed7_S8B_R2_sequence_plus_context,S8B_R2_sequence_plus_context,1,gatv2_graph_c_sprint8b_sequence_plus_context,gatv2,graph_c_context_observation,S5F2_energy,val,24,214,,0,0.13597361743450165,late_fusion
sprint9_multiseed_S8B_R2_seed7_S8B_R2_sequence_plus_context,S8B_R2_sequence_plus_context,1,gatv2_graph_c_sprint8b_sequence_plus_context,gatv2,graph_c_context_observation,S5F2_energy,val,25,214,,1,0.1736343950033188,late_fusion
sprint9_multiseed_S8B_R2_seed7_S8B_R2_sequence_plus_context,S8B_R2_sequence_plus_context,1,gatv2_graph_c_sprint8b_sequence_plus_context,gatv2,graph_c_context_observation,S5F2_energy,val,26,214,,0,0.216292142868042,late_fusion
sprint9_multiseed_S8B_R2_seed7_S8B_R2_sequence_plus_context,S8B_R2_sequence_plus_context,1,gatv2_graph_c_sprint8b_sequence_plus_context,gatv2,graph_c_context_observation,S5F2_energy,val,27,214,,0,0.141593337059021,late_fusion
sprint9_multiseed_S8B_R2_seed7_S8B_R2_sequence_plus_context,S8B_R2_sequence_plus_context,1,gatv2_graph_c_sprint8b_sequence_plus_context,gatv2,graph_c_context_observation,S5F2_energy,val,28,310,,1,0.9142023324966431,late_fusion
sprint9_multiseed_S8B_R2_seed7_S8B_R2_sequence_plus_context,S8B_R2_sequence_plus_context,1,gatv2_graph_c_sprint8b_sequence_plus_context,gatv2,graph_c_context_observation,S5F2_energy,val,29,310,,1,0.7852516770362854,late_fusion
sprint9_multiseed_S8B_R2_seed7_S8B_R2_sequence_plus_context,S8B_R2_sequence_plus_context,1,gatv2_graph_c_sprint8b_sequence_plus_context,gatv2,graph_c_context_observation,S5F2_energy,val,30,310,,1,0.8277997374534607,late_fusion
sprint9_multiseed_S8B_R2_seed7_S8B_R2_sequence_plus_context,S8B_R2_sequence_plus_context,1,gatv2_graph_c_sprint8b_sequence_plus_context,gatv2,graph_c_context_observation,S5F2_energy,val,31,310,,1,0.9344161748886108,late_fusion
sprint9_multiseed_S8B_R2_seed7_S8B_R2_sequence_plus_context,S8B_R2_sequence_plus_context,1,gatv2_graph_c_sprint8b_sequence_plus_context,gatv2,graph_c_context_observation,S5F2_energy,val,32,310,,1,0.9621495008468628,late_fusion
sprint9_multiseed_S8B_R2_seed7_S8B_R2_sequence_plus_context,S8B_R2_sequence_plus_context,1,gatv2_graph_c_sprint8b_sequence_plus_context,gatv2,graph_c_context_observation,S5F2_energy,val,33,310,,1,0.4710140824317932,late_fusion
sprint9_multiseed_S8B_R2_seed7_S8B_R2_sequence_plus_context,S8B_R2_sequence_plus_context,1,gatv2_graph_c_sprint8b_sequence_plus_context,gatv2,graph_c_context_observation,S5F2_energy,val,34,310,,1,0.8067163825035095,late_fusion
sprint9_multiseed_S8B_R2_seed7_S8B_R2_sequence_plus_context,S8B_R2_sequence_plus_context,1,gatv2_graph_c_sprint8b_sequence_plus_context,gatv2,graph_c_context_observation,S5F2_energy,val,35,310,,1,0.8836907744407654,late_fusion
sprint9_multiseed_S8B_R2_seed7_S8B_R2_sequence_plus_context,S8B_R2_sequence_plus_context,1,gatv2_graph_c_sprint8b_sequence_plus_context,gatv2,graph_c_context_observation,S5F2_energy,val,36,310,,0,0.10904379189014435,late_fusion
sprint9_multiseed_S8B_R2_seed7_S8B_R2_sequence_plus_context,S8B_R2_sequence_plus_context,1,gatv2_graph_c_sprint8b_sequence_plus_context,gatv2,graph_c_context_observation,S5F2_energy,val,37,310,,1,0.3093799948692322,late_fusion
sprint9_multiseed_S8B_R2_seed7_S8B_R2_sequence_plus_context,S8B_R2_sequence_plus_context,1,gatv2_graph_c_sprint8b_sequence_plus_context,gatv2,graph_c_context_observation,S5F2_energy,val,38,310,,1,0.3455254137516022,late_fusion
sprint9_multiseed_S8B_R2_seed7_S8B_R2_sequence_plus_context,S8B_R2_sequence_plus_context,1,gatv2_graph_c_sprint8b_sequence_plus_context,gatv2,graph_c_context_observation,S5F2_energy,val,39,310,,0,0.09816669672727585,late_fusion
sprint9_multiseed_S8B_R2_seed7_S8B_R2_sequence_plus_context,S8B_R2_sequence_plus_context,1,gatv2_graph_c_sprint8b_sequence_plus_context,gatv2,graph_c_context_observation,S5F2_energy,val,40,322,,1,0.986846387386322,late_fusion
sprint9_multiseed_S8B_R2_seed7_S8B_R2_sequence_plus_context,S8B_R2_sequence_plus_context,1,gatv2_graph_c_sprint8b_sequence_plus_context,gatv2,graph_c_context_observation,S5F2_energy,val,41,322,,1,0.9912253022193909,late_fusion
sprint9_multiseed_S8B_R2_seed7_S8B_R2_sequence_plus_context,S8B_R2_sequence_plus_context,1,gatv2_graph_c_sprint8b_sequence_plus_context,gatv2,graph_c_context_observation,S5F2_energy,val,42,322,,1,0.9525754451751709,late_fusion
sprint9_multiseed_S8B_R2_seed7_S8B_R2_sequence_plus_context,S8B_R2_sequence_plus_context,1,gatv2_graph_c_sprint8b_sequence_plus_context,gatv2,graph_c_context_observation,S5F2_energy,val,43,322,,1,0.9787623286247253,late_fusion
sprint9_multiseed_S8B_R2_seed7_S8B_R2_sequence_plus_context,S8B_R2_sequence_plus_context,1,gatv2_graph_c_sprint8b_sequence_plus_context,gatv2,graph_c_context_observation,S5F2_energy,val,44,322,,1,0.9813494086265564,late_fusion
sprint9_multiseed_S8B_R2_seed7_S8B_R2_sequence_plus_context,S8B_R2_sequence_plus_context,1,gatv2_graph_c_sprint8b_sequence_plus_context,gatv2,graph_c_context_observation,S5F2_energy,val,45,322,,1,0.48433831334114075,late_fusion
sprint9_multiseed_S8B_R2_seed7_S8B_R2_sequence_plus_context,S8B_R2_sequence_plus_context,1,gatv2_graph_c_sprint8b_sequence_plus_context,gatv2,graph_c_context_observation,S5F2_energy,val,46,322,,1,0.8371762633323669,late_fusion
sprint9_multiseed_S8B_R2_seed7_S8B_R2_sequence_plus_context,S8B_R2_sequence_plus_context,1,gatv2_graph_c_sprint8b_sequence_plus_context,gatv2,graph_c_context_observation,S5F2_energy,val,47,322,,1,0.8962144255638123,late_fusion
sprint9_multiseed_S8B_R2_seed7_S8B_R2_sequence_plus_context,S8B_R2_sequence_plus_context,1,gatv2_graph_c_sprint8b_sequence_plus_context,gatv2,graph_c_context_observation,S5F2_energy,val,48,322,,1,0.9718303084373474,late_fusion
sprint9_multiseed_S8B_R2_seed7_S8B_R2_sequence_plus_context,S8B_R2_sequence_plus_context,1,gatv2_graph_c_sprint8b_sequence_plus_context,gatv2,graph_c_context_observation,S5F2_energy,val,49,541,,1,0.9794107675552368,late_fusion
sprint9_multiseed_S8B_R2_seed7_S8B_R2_sequence_plus_context,S8B_R2_sequence_plus_context,1,gatv2_graph_c_sprint8b_sequence_plus_context,gatv2,graph_c_context_observation,S5F2_energy,val,50,541,,1,0.9849445223808289,late_fusion
sprint9_multiseed_S8B_R2_seed7_S8B_R2_sequence_plus_context,S8B_R2_sequence_plus_context,1,gatv2_graph_c_sprint8b_sequence_plus_context,gatv2,graph_c_context_observation,S5F2_energy,val,51,541,,1,0.9945019483566284,late_fusion
sprint9_multiseed_S8B_R2_seed7_S8B_R2_sequence_plus_context,S8B_R2_sequence_plus_context,1,gatv2_graph_c_sprint8b_sequence_plus_context,gatv2,graph_c_context_observation,S5F2_energy,val,52,541,,1,0.9788662791252136,late_fusion
sprint9_multiseed_S8B_R2_seed7_S8B_R2_sequence_plus_context,S8B_R2_sequence_plus_context,1,gatv2_graph_c_sprint8b_sequence_plus_context,gatv2,graph_c_context_observation,S5F2_energy,val,53,541,,1,0.9795310497283936,late_fusion
sprint9_multiseed_S8B_R2_seed7_S8B_R2_sequence_plus_context,S8B_R2_sequence_plus_context,1,gatv2_graph_c_sprint8b_sequence_plus_context,gatv2,graph_c_context_observation,S5F2_energy,val,54,541,,1,0.9830066561698914,late_fusion
sprint9_multiseed_S8B_R2_seed7_S8B_R2_sequence_plus_context,S8B_R2_sequence_plus_context,1,gatv2_graph_c_sprint8b_sequence_plus_context,gatv2,graph_c_context_observation,S5F2_energy,val,55,541,,1,0.9672467708587646,late_fusion
sprint9_multiseed_S8B_R2_seed7_S8B_R2_sequence_plus_context,S8B_R2_sequence_plus_context,1,gatv2_graph_c_sprint8b_sequence_plus_context,gatv2,graph_c_context_observation,S5F2_energy,val,56,541,,1,0.9749717116355896,late_fusion
sprint9_multiseed_S8B_R2_seed7_S8B_R2_sequence_plus_context,S8B_R2_sequence_plus_context,1,gatv2_graph_c_sprint8b_sequence_plus_context,gatv2,graph_c_context_observation,S5F2_energy,val,57,541,,1,0.9800824522972107,late_fusion
sprint9_multiseed_S8B_R2_seed7_S8B_R2_sequence_plus_context,S8B_R2_sequence_plus_context,1,gatv2_graph_c_sprint8b_sequence_plus_context,gatv2,graph_c_context_observation,S5F2_energy,val,58,541,,1,0.9743612408638,late_fusion
sprint9_multiseed_S8B_R2_seed7_S8B_R2_sequence_plus_context,S8B_R2_sequence_plus_context,1,gatv2_graph_c_sprint8b_sequence_plus_context,gatv2,graph_c_context_observation,S5F2_energy,val,59,541,,1,0.9715000987052917,late_fusion
sprint9_multiseed_S8B_R2_seed7_S8B_R2_sequence_plus_context,S8B_R2_sequence_plus_context,1,gatv2_graph_c_sprint8b_sequence_plus_context,gatv2,graph_c_context_observation,S5F2_energy,val,60,541,,1,0.9842750430107117,late_fusion
sprint9_multiseed_S8B_R2_seed7_S8B_R2_sequence_plus_context,S8B_R2_sequence_plus_context,1,gatv2_graph_c_sprint8b_sequence_plus_context,gatv2,graph_c_context_observation,S5F2_energy,val,61,541,,1,0.9767094850540161,late_fusion
sprint9_multiseed_S8B_R2_seed7_S8B_R2_sequence_plus_context,S8B_R2_sequence_plus_context,1,gatv2_graph_c_sprint8b_sequence_plus_context,gatv2,graph_c_context_observation,S5F2_energy,val,62,541,,1,0.9851508736610413,late_fusion
sprint9_multiseed_S8B_R2_seed7_S8B_R2_sequence_plus_context,S8B_R2_sequence_plus_context,1,gatv2_graph_c_sprint8b_sequence_plus_context,gatv2,graph_c_context_observation,S5F2_energy,val,63,541,,1,0.9830328822135925,late_fusion
sprint9_multiseed_S8B_R2_seed7_S8B_R2_sequence_plus_context,S8B_R2_sequence_plus_context,1,gatv2_graph_c_sprint8b_sequence_plus_context,gatv2,graph_c_context_observation,S5F2_energy,val,64,541,,1,0.9405070543289185,late_fusion
sprint9_multiseed_S8B_R2_seed7_S8B_R2_sequence_plus_context,S8B_R2_sequence_plus_context,1,gatv2_graph_c_sprint8b_sequence_plus_context,gatv2,graph_c_context_observation,S5F2_energy,val,65,541,,1,0.9763256907463074,late_fusion
sprint9_multiseed_S8B_R2_seed7_S8B_R2_sequence_plus_context,S8B_R2_sequence_plus_context,1,gatv2_graph_c_sprint8b_sequence_plus_context,gatv2,graph_c_context_observation,S5F2_energy,val,66,541,,1,0.9668900966644287,late_fusion
sprint9_multiseed_S8B_R2_seed7_S8B_R2_sequence_plus_context,S8B_R2_sequence_plus_context,1,gatv2_graph_c_sprint8b_sequence_plus_context,gatv2,graph_c_context_observation,S5F2_energy,val,67,541,,1,0.9755370616912842,late_fusion
sprint9_multiseed_S8B_R2_seed7_S8B_R2_sequence_plus_context,S8B_R2_sequence_plus_context,1,gatv2_graph_c_sprint8b_sequence_plus_context,gatv2,graph_c_context_observation,S5F2_energy,val,68,541,,1,0.9814280271530151,late_fusion
sprint9_multiseed_S8B_R2_seed7_S8B_R2_sequence_plus_context,S8B_R2_sequence_plus_context,1,gatv2_graph_c_sprint8b_sequence_plus_context,gatv2,graph_c_context_observation,S5F2_energy,val,69,541,,1,0.9661101698875427,late_fusion
sprint9_multiseed_S8B_R2_seed7_S8B_R2_sequence_plus_context,S8B_R2_sequence_plus_context,1,gatv2_graph_c_sprint8b_sequence_plus_context,gatv2,graph_c_context_observation,S5F2_energy,val,70,541,,1,0.9579182863235474,late_fusion
sprint9_multiseed_S8B_R2_seed7_S8B_R2_sequence_plus_context,S8B_R2_sequence_plus_context,1,gatv2_graph_c_sprint8b_sequence_plus_context,gatv2,graph_c_context_observation,S5F2_energy,val,71,541,,1,0.9501861333847046,late_fusion
sprint9_multiseed_S8B_R2_seed7_S8B_R2_sequence_plus_context,S8B_R2_sequence_plus_context,1,gatv2_graph_c_sprint8b_sequence_plus_context,gatv2,graph_c_context_observation,S5F2_energy,val,72,541,,1,0.9614576101303101,late_fusion
sprint9_multiseed_S8B_R2_seed7_S8B_R2_sequence_plus_context,S8B_R2_sequence_plus_context,1,gatv2_graph_c_sprint8b_sequence_plus_context,gatv2,graph_c_context_observation,S5F2_energy,val,73,541,,1,0.9669200778007507,late_fusion
sprint9_multiseed_S8B_R2_seed7_S8B_R2_sequence_plus_context,S8B_R2_sequence_plus_context,1,gatv2_graph_c_sprint8b_sequence_plus_context,gatv2,graph_c_context_observation,S5F2_energy,val,74,541,,1,0.9917581677436829,late_fusion
sprint9_multiseed_S8B_R2_seed7_S8B_R2_sequence_plus_context,S8B_R2_sequence_plus_context,1,gatv2_graph_c_sprint8b_sequence_plus_context,gatv2,graph_c_context_observation,S5F2_energy,val,75,541,,1,0.9470342993736267,late_fusion
sprint9_multiseed_S8B_R2_seed7_S8B_R2_sequence_plus_context,S8B_R2_sequence_plus_context,1,gatv2_graph_c_sprint8b_sequence_plus_context,gatv2,graph_c_context_observation,S5F2_energy,val,76,541,,1,0.9510321021080017,late_fusion
sprint9_multiseed_S8B_R2_seed7_S8B_R2_sequence_plus_context,S8B_R2_sequence_plus_context,1,gatv2_graph_c_sprint8b_sequence_plus_context,gatv2,graph_c_context_observation,S5F2_energy,val,77,541,,1,0.9667643904685974,late_fusion
sprint9_multiseed_S8B_R2_seed7_S8B_R2_sequence_plus_context,S8B_R2_sequence_plus_context,1,gatv2_graph_c_sprint8b_sequence_plus_context,gatv2,graph_c_context_observation,S5F2_energy,val,78,541,,1,0.982006847858429,late_fusion
sprint9_multiseed_S8B_R2_seed7_S8B_R2_sequence_plus_context,S8B_R2_sequence_plus_context,1,gatv2_graph_c_sprint8b_sequence_plus_context,gatv2,graph_c_context_observation,S5F2_energy,val,79,541,,1,0.9816189408302307,late_fusion
sprint9_multiseed_S8B_R2_seed7_S8B_R2_sequence_plus_context,S8B_R2_sequence_plus_context,1,gatv2_graph_c_sprint8b_sequence_plus_context,gatv2,graph_c_context_observation,S5F2_energy,val,80,541,,1,0.9928556084632874,late_fusion
sprint9_multiseed_S8B_R2_seed7_S8B_R2_sequence_plus_context,S8B_R2_sequence_plus_context,1,gatv2_graph_c_sprint8b_sequence_plus_context,gatv2,graph_c_context_observation,S5F2_energy,val,81,541,,1,0.987245500087738,late_fusion
sprint9_multiseed_S8B_R2_seed7_S8B_R2_sequence_plus_context,S8B_R2_sequence_plus_context,1,gatv2_graph_c_sprint8b_sequence_plus_context,gatv2,graph_c_context_observation,S5F2_energy,val,82,541,,1,0.957342267036438,late_fusion
sprint9_multiseed_S8B_R2_seed7_S8B_R2_sequence_plus_context,S8B_R2_sequence_plus_context,1,gatv2_graph_c_sprint8b_sequence_plus_context,gatv2,graph_c_context_observation,S5F2_energy,val,83,541,,1,0.9649634957313538,late_fusion
sprint9_multiseed_S8B_R2_seed7_S8B_R2_sequence_plus_context,S8B_R2_sequence_plus_context,1,gatv2_graph_c_sprint8b_sequence_plus_context,gatv2,graph_c_context_observation,S5F2_energy,val,84,541,,1,0.9739966988563538,late_fusion
sprint9_multiseed_S8B_R2_seed7_S8B_R2_sequence_plus_context,S8B_R2_sequence_plus_context,1,gatv2_graph_c_sprint8b_sequence_plus_context,gatv2,graph_c_context_observation,S5F2_energy,val,85,541,,1,0.9361944794654846,late_fusion
sprint9_multiseed_S8B_R2_seed7_S8B_R2_sequence_plus_context,S8B_R2_sequence_plus_context,1,gatv2_graph_c_sprint8b_sequence_plus_context,gatv2,graph_c_context_observation,S5F2_energy,val,86,541,,1,0.9788752198219299,late_fusion
sprint9_multiseed_S8B_R2_seed7_S8B_R2_sequence_plus_context,S8B_R2_sequence_plus_context,1,gatv2_graph_c_sprint8b_sequence_plus_context,gatv2,graph_c_context_observation,S5F2_energy,val,87,541,,1,0.9840731024742126,late_fusion
sprint9_multiseed_S8B_R2_seed7_S8B_R2_sequence_plus_context,S8B_R2_sequence_plus_context,1,gatv2_graph_c_sprint8b_sequence_plus_context,gatv2,graph_c_context_observation,S5F2_energy,val,88,541,,1,0.9699109196662903,late_fusion
sprint9_multiseed_S8B_R2_seed7_S8B_R2_sequence_plus_context,S8B_R2_sequence_plus_context,1,gatv2_graph_c_sprint8b_sequence_plus_context,gatv2,graph_c_context_observation,S5F2_energy,val,89,541,,1,0.9336290955543518,late_fusion
sprint9_multiseed_S8B_R2_seed7_S8B_R2_sequence_plus_context,S8B_R2_sequence_plus_context,1,gatv2_graph_c_sprint8b_sequence_plus_context,gatv2,graph_c_context_observation,S5F2_energy,val,90,541,,1,0.9558192491531372,late_fusion
sprint9_multiseed_S8B_R2_seed7_S8B_R2_sequence_plus_context,S8B_R2_sequence_plus_context,1,gatv2_graph_c_sprint8b_sequence_plus_context,gatv2,graph_c_context_observation,S5F2_energy,val,91,541,,1,0.9422947764396667,late_fusion
sprint9_multiseed_S8B_R2_seed7_S8B_R2_sequence_plus_context,S8B_R2_sequence_plus_context,1,gatv2_graph_c_sprint8b_sequence_plus_context,gatv2,graph_c_context_observation,S5F2_energy,val,92,541,,1,0.9664233922958374,late_fusion
sprint9_multiseed_S8B_R2_seed7_S8B_R2_sequence_plus_context,S8B_R2_sequence_plus_context,1,gatv2_graph_c_sprint8b_sequence_plus_context,gatv2,graph_c_context_observation,S5F2_energy,val,93,541,,1,0.9882422089576721,late_fusion
sprint9_multiseed_S8B_R2_seed7_S8B_R2_sequence_plus_context,S8B_R2_sequence_plus_context,1,gatv2_graph_c_sprint8b_sequence_plus_context,gatv2,graph_c_context_observation,S5F2_energy,val,94,541,,1,0.9574962258338928,late_fusion
sprint9_multiseed_S8B_R2_seed7_S8B_R2_sequence_plus_context,S8B_R2_sequence_plus_context,1,gatv2_graph_c_sprint8b_sequence_plus_context,gatv2,graph_c_context_observation,S5F2_energy,val,95,541,,1,0.977436363697052,late_fusion
sprint9_multiseed_S8B_R2_seed7_S8B_R2_sequence_plus_context,S8B_R2_sequence_plus_context,1,gatv2_graph_c_sprint8b_sequence_plus_context,gatv2,graph_c_context_observation,S5F2_energy,val,96,541,,1,0.991014301776886,late_fusion
sprint9_multiseed_S8B_R2_seed7_S8B_R2_sequence_plus_context,S8B_R2_sequence_plus_context,1,gatv2_graph_c_sprint8b_sequence_plus_context,gatv2,graph_c_context_observation,S5F2_energy,val,97,541,,1,0.9629700183868408,late_fusion
sprint9_multiseed_S8B_R2_seed7_S8B_R2_sequence_plus_context,S8B_R2_sequence_plus_context,1,gatv2_graph_c_sprint8b_sequence_plus_context,gatv2,graph_c_context_observation,S5F2_energy,val,98,541,,1,0.9845404028892517,late_fusion
sprint9_multiseed_S8B_R2_seed7_S8B_R2_sequence_plus_context,S8B_R2_sequence_plus_context,1,gatv2_graph_c_sprint8b_sequence_plus_context,gatv2,graph_c_context_observation,S5F2_energy,val,99,541,,1,0.9480898380279541,late_fusion
sprint9_multiseed_S8B_R2_seed7_S8B_R2_sequence_plus_context,S8B_R2_sequence_plus_context,1,gatv2_graph_c_sprint8b_sequence_plus_context,gatv2,graph_c_context_observation,S5F2_energy,val,100,541,,1,0.9756255745887756,late_fusion
sprint9_multiseed_S8B_R2_seed7_S8B_R2_sequence_plus_context,S8B_R2_sequence_plus_context,1,gatv2_graph_c_sprint8b_sequence_plus_context,gatv2,graph_c_context_observation,S5F2_energy,val,101,541,,1,0.9786288738250732,late_fusion
sprint9_multiseed_S8B_R2_seed7_S8B_R2_sequence_plus_context,S8B_R2_sequence_plus_context,1,gatv2_graph_c_sprint8b_sequence_plus_context,gatv2,graph_c_context_observation,S5F2_energy,val,102,541,,1,0.9917562007904053,late_fusion
sprint9_multiseed_S8B_R2_seed7_S8B_R2_sequence_plus_context,S8B_R2_sequence_plus_context,1,gatv2_graph_c_sprint8b_sequence_plus_context,gatv2,graph_c_context_observation,S5F2_energy,val,103,541,,1,0.7451738119125366,late_fusion
sprint9_multiseed_S8B_R2_seed7_S8B_R2_sequence_plus_context,S8B_R2_sequence_plus_context,1,gatv2_graph_c_sprint8b_sequence_plus_context,gatv2,graph_c_context_observation,S5F2_energy,val,104,541,,1,0.8845899701118469,late_fusion
sprint9_multiseed_S8B_R2_seed7_S8B_R2_sequence_plus_context,S8B_R2_sequence_plus_context,1,gatv2_graph_c_sprint8b_sequence_plus_context,gatv2,graph_c_context_observation,S5F2_energy,val,105,541,,1,0.9656860828399658,late_fusion
sprint9_multiseed_S8B_R2_seed7_S8B_R2_sequence_plus_context,S8B_R2_sequence_plus_context,1,gatv2_graph_c_sprint8b_sequence_plus_context,gatv2,graph_c_context_observation,S5F2_energy,val,106,541,,1,0.9839014410972595,late_fusion
sprint9_multiseed_S8B_R2_seed7_S8B_R2_sequence_plus_context,S8B_R2_sequence_plus_context,1,gatv2_graph_c_sprint8b_sequence_plus_context,gatv2,graph_c_context_observation,S5F2_energy,val,107,541,,1,0.9096423387527466,late_fusion
sprint9_multiseed_S8B_R2_seed7_S8B_R2_sequence_plus_context,S8B_R2_sequence_plus_context,1,gatv2_graph_c_sprint8b_sequence_plus_context,gatv2,graph_c_context_observation,S5F2_energy,val,108,541,,1,0.9808968305587769,late_fusion
sprint9_multiseed_S8B_R2_seed7_S8B_R2_sequence_plus_context,S8B_R2_sequence_plus_context,1,gatv2_graph_c_sprint8b_sequence_plus_context,gatv2,graph_c_context_observation,S5F2_energy,val,109,625,,1,0.9981200098991394,late_fusion
sprint9_multiseed_S8B_R2_seed7_S8B_R2_sequence_plus_context,S8B_R2_sequence_plus_context,1,gatv2_graph_c_sprint8b_sequence_plus_context,gatv2,graph_c_context_observation,S5F2_energy,val,110,625,,1,0.992816686630249,late_fusion
sprint9_multiseed_S8B_R2_seed7_S8B_R2_sequence_plus_context,S8B_R2_sequence_plus_context,1,gatv2_graph_c_sprint8b_sequence_plus_context,gatv2,graph_c_context_observation,S5F2_energy,val,111,625,,1,0.9662594199180603,late_fusion
sprint9_multiseed_S8B_R2_seed7_S8B_R2_sequence_plus_context,S8B_R2_sequence_plus_context,1,gatv2_graph_c_sprint8b_sequence_plus_context,gatv2,graph_c_context_observation,S5F2_energy,val,112,625,,1,0.991824209690094,late_fusion
sprint9_multiseed_S8B_R2_seed7_S8B_R2_sequence_plus_context,S8B_R2_sequence_plus_context,1,gatv2_graph_c_sprint8b_sequence_plus_context,gatv2,graph_c_context_observation,S5F2_energy,val,113,625,,1,0.9945400357246399,late_fusion
sprint9_multiseed_S8B_R2_seed7_S8B_R2_sequence_plus_context,S8B_R2_sequence_plus_context,1,gatv2_graph_c_sprint8b_sequence_plus_context,gatv2,graph_c_context_observation,S5F2_energy,val,114,625,,1,0.8843749165534973,late_fusion
sprint9_multiseed_S8B_R2_seed7_S8B_R2_sequence_plus_context,S8B_R2_sequence_plus_context,1,gatv2_graph_c_sprint8b_sequence_plus_context,gatv2,graph_c_context_observation,S5F2_energy,val,115,625,,1,0.93338942527771,late_fusion
sprint9_multiseed_S8B_R2_seed7_S8B_R2_sequence_plus_context,S8B_R2_sequence_plus_context,1,gatv2_graph_c_sprint8b_sequence_plus_context,gatv2,graph_c_context_observation,S5F2_energy,val,116,625,,1,0.9594049453735352,late_fusion
sprint9_multiseed_S8B_R2_seed7_S8B_R2_sequence_plus_context,S8B_R2_sequence_plus_context,1,gatv2_graph_c_sprint8b_sequence_plus_context,gatv2,graph_c_context_observation,S5F2_energy,val,117,625,,1,0.9913279414176941,late_fusion
sprint9_multiseed_S8B_R2_seed7_S8B_R2_sequence_plus_context,S8B_R2_sequence_plus_context,1,gatv2_graph_c_sprint8b_sequence_plus_context,gatv2,graph_c_context_observation,S5F2_energy,val,118,625,,1,0.8941216468811035,late_fusion
sprint9_multiseed_S8B_R2_seed7_S8B_R2_sequence_plus_context,S8B_R2_sequence_plus_context,1,gatv2_graph_c_sprint8b_sequence_plus_context,gatv2,graph_c_context_observation,S5F2_energy,val,119,779,,1,0.97984778881073,late_fusion
sprint9_multiseed_S8B_R2_seed7_S8B_R2_sequence_plus_context,S8B_R2_sequence_plus_context,1,gatv2_graph_c_sprint8b_sequence_plus_context,gatv2,graph_c_context_observation,S5F2_energy,val,120,779,,1,0.9871074557304382,late_fusion
sprint9_multiseed_S8B_R2_seed7_S8B_R2_sequence_plus_context,S8B_R2_sequence_plus_context,1,gatv2_graph_c_sprint8b_sequence_plus_context,gatv2,graph_c_context_observation,S5F2_energy,val,121,779,,1,0.20652244985103607,late_fusion
sprint9_multiseed_S8B_R2_seed7_S8B_R2_sequence_plus_context,S8B_R2_sequence_plus_context,1,gatv2_graph_c_sprint8b_sequence_plus_context,gatv2,graph_c_context_observation,S5F2_energy,val,122,779,,1,0.9928145408630371,late_fusion
sprint9_multiseed_S8B_R2_seed7_S8B_R2_sequence_plus_context,S8B_R2_sequence_plus_context,1,gatv2_graph_c_sprint8b_sequence_plus_context,gatv2,graph_c_context_observation,S5F2_energy,val,123,779,,1,0.23812785744667053,late_fusion
sprint9_multiseed_S8B_R2_seed7_S8B_R2_sequence_plus_context,S8B_R2_sequence_plus_context,1,gatv2_graph_c_sprint8b_sequence_plus_context,gatv2,graph_c_context_observation,S5F2_energy,val,124,779,,1,0.2340865582227707,late_fusion
sprint9_multiseed_S8B_R2_seed7_S8B_R2_sequence_plus_context,S8B_R2_sequence_plus_context,1,gatv2_graph_c_sprint8b_sequence_plus_context,gatv2,graph_c_context_observation,S5F2_energy,val,125,779,,1,0.8244949579238892,late_fusion
sprint9_multiseed_S8B_R2_seed7_S8B_R2_sequence_plus_context,S8B_R2_sequence_plus_context,1,gatv2_graph_c_sprint8b_sequence_plus_context,gatv2,graph_c_context_observation,S5F2_energy,val,126,779,,1,0.26413828134536743,late_fusion
sprint9_multiseed_S8B_R2_seed7_S8B_R2_sequence_plus_context,S8B_R2_sequence_plus_context,1,gatv2_graph_c_sprint8b_sequence_plus_context,gatv2,graph_c_context_observation,S5F2_energy,val,127,779,,1,0.6391891241073608,late_fusion
sprint9_multiseed_S8B_R2_seed7_S8B_R2_sequence_plus_context,S8B_R2_sequence_plus_context,1,gatv2_graph_c_sprint8b_sequence_plus_context,gatv2,graph_c_context_observation,S5F2_energy,val,128,779,,1,0.2257106900215149,late_fusion
sprint9_multiseed_S8B_R2_seed7_S8B_R2_sequence_plus_context,S8B_R2_sequence_plus_context,1,gatv2_graph_c_sprint8b_sequence_plus_context,gatv2,graph_c_context_observation,S5F2_energy,val,129,541,,1,0.5075095891952515,late_fusion
sprint9_multiseed_S8B_R2_seed7_S8B_R2_sequence_plus_context,S8B_R2_sequence_plus_context,1,gatv2_graph_c_sprint8b_sequence_plus_context,gatv2,graph_c_context_observation,S5F2_energy,val,130,541,,1,0.4986111521720886,late_fusion
sprint9_multiseed_S8B_R2_seed7_S8B_R2_sequence_plus_context,S8B_R2_sequence_plus_context,1,gatv2_graph_c_sprint8b_sequence_plus_context,gatv2,graph_c_context_observation,S5F2_energy,val,131,541,,1,0.44289445877075195,late_fusion
sprint9_multiseed_S8B_R2_seed7_S8B_R2_sequence_plus_context,S8B_R2_sequence_plus_context,1,gatv2_graph_c_sprint8b_sequence_plus_context,gatv2,graph_c_context_observation,S5F2_energy,val,132,541,,1,0.8336211442947388,late_fusion
sprint9_multiseed_S8B_R2_seed7_S8B_R2_sequence_plus_context,S8B_R2_sequence_plus_context,1,gatv2_graph_c_sprint8b_sequence_plus_context,gatv2,graph_c_context_observation,S5F2_energy,val,133,541,,1,0.5262469053268433,late_fusion
sprint9_multiseed_S8B_R2_seed7_S8B_R2_sequence_plus_context,S8B_R2_sequence_plus_context,1,gatv2_graph_c_sprint8b_sequence_plus_context,gatv2,graph_c_context_observation,S5F2_energy,val,134,541,,1,0.45954450964927673,late_fusion
sprint9_multiseed_S8B_R2_seed7_S8B_R2_sequence_plus_context,S8B_R2_sequence_plus_context,1,gatv2_graph_c_sprint8b_sequence_plus_context,gatv2,graph_c_context_observation,S5F2_energy,val,135,541,,1,0.5481709837913513,late_fusion
sprint9_multiseed_S8B_R2_seed7_S8B_R2_sequence_plus_context,S8B_R2_sequence_plus_context,1,gatv2_graph_c_sprint8b_sequence_plus_context,gatv2,graph_c_context_observation,S5F2_energy,val,136,541,,1,0.4950476884841919,late_fusion
sprint9_multiseed_S8B_R2_seed7_S8B_R2_sequence_plus_context,S8B_R2_sequence_plus_context,1,gatv2_graph_c_sprint8b_sequence_plus_context,gatv2,graph_c_context_observation,S5F2_energy,val,137,541,,1,0.4923662841320038,late_fusion
sprint9_multiseed_S8B_R2_seed7_S8B_R2_sequence_plus_context,S8B_R2_sequence_plus_context,1,gatv2_graph_c_sprint8b_sequence_plus_context,gatv2,graph_c_context_observation,S5F2_energy,val,138,541,,1,0.5815271139144897,late_fusion
sprint9_multiseed_S8B_R2_seed7_S8B_R2_sequence_plus_context,S8B_R2_sequence_plus_context,1,gatv2_graph_c_sprint8b_sequence_plus_context,gatv2,graph_c_context_observation,S5F2_energy,val,139,541,,1,0.8655139803886414,late_fusion
sprint9_multiseed_S8B_R2_seed7_S8B_R2_sequence_plus_context,S8B_R2_sequence_plus_context,1,gatv2_graph_c_sprint8b_sequence_plus_context,gatv2,graph_c_context_observation,S5F2_energy,val,140,541,,1,0.8128777146339417,late_fusion
sprint9_multiseed_S8B_R2_seed7_S8B_R2_sequence_plus_context,S8B_R2_sequence_plus_context,1,gatv2_graph_c_sprint8b_sequence_plus_context,gatv2,graph_c_context_observation,S5F2_energy,val,141,541,,1,0.5320349335670471,late_fusion
sprint9_multiseed_S8B_R2_seed7_S8B_R2_sequence_plus_context,S8B_R2_sequence_plus_context,1,gatv2_graph_c_sprint8b_sequence_plus_context,gatv2,graph_c_context_observation,S5F2_energy,val,142,541,,1,0.46505963802337646,late_fusion
sprint9_multiseed_S8B_R2_seed7_S8B_R2_sequence_plus_context,S8B_R2_sequence_plus_context,1,gatv2_graph_c_sprint8b_sequence_plus_context,gatv2,graph_c_context_observation,S5F2_energy,val,143,541,,1,0.39360082149505615,late_fusion
sprint9_multiseed_S8B_R2_seed7_S8B_R2_sequence_plus_context,S8B_R2_sequence_plus_context,1,gatv2_graph_c_sprint8b_sequence_plus_context,gatv2,graph_c_context_observation,S5F2_energy,val,144,541,,1,0.5657732486724854,late_fusion
sprint9_multiseed_S8B_R2_seed7_S8B_R2_sequence_plus_context,S8B_R2_sequence_plus_context,1,gatv2_graph_c_sprint8b_sequence_plus_context,gatv2,graph_c_context_observation,S5F2_energy,val,145,541,,1,0.5222156047821045,late_fusion
sprint9_multiseed_S8B_R2_seed7_S8B_R2_sequence_plus_context,S8B_R2_sequence_plus_context,1,gatv2_graph_c_sprint8b_sequence_plus_context,gatv2,graph_c_context_observation,S5F2_energy,val,146,541,,0,0.8171233534812927,late_fusion
sprint9_multiseed_S8B_R2_seed7_S8B_R2_sequence_plus_context,S8B_R2_sequence_plus_context,1,gatv2_graph_c_sprint8b_sequence_plus_context,gatv2,graph_c_context_observation,S5F2_energy,val,147,541,,1,0.49123477935791016,late_fusion
sprint9_multiseed_S8B_R2_seed7_S8B_R2_sequence_plus_context,S8B_R2_sequence_plus_context,1,gatv2_graph_c_sprint8b_sequence_plus_context,gatv2,graph_c_context_observation,S5F2_energy,val,148,541,,1,0.597923755645752,late_fusion
sprint9_multiseed_S8B_R2_seed7_S8B_R2_sequence_plus_context,S8B_R2_sequence_plus_context,1,gatv2_graph_c_sprint8b_sequence_plus_context,gatv2,graph_c_context_observation,S5F2_energy,val,149,541,,1,0.5074751377105713,late_fusion
sprint9_multiseed_S8B_R2_seed7_S8B_R2_sequence_plus_context,S8B_R2_sequence_plus_context,1,gatv2_graph_c_sprint8b_sequence_plus_context,gatv2,graph_c_context_observation,S5F2_energy,val,150,541,,1,0.3586534559726715,late_fusion
sprint9_multiseed_S8B_R2_seed7_S8B_R2_sequence_plus_context,S8B_R2_sequence_plus_context,1,gatv2_graph_c_sprint8b_sequence_plus_context,gatv2,graph_c_context_observation,S5F2_energy,val,151,541,,0,0.5049183368682861,late_fusion
sprint9_multiseed_S8B_R2_seed7_S8B_R2_sequence_plus_context,S8B_R2_sequence_plus_context,1,gatv2_graph_c_sprint8b_sequence_plus_context,gatv2,graph_c_context_observation,S5F2_energy,val,152,541,,1,0.5325852632522583,late_fusion
sprint9_multiseed_S8B_R2_seed7_S8B_R2_sequence_plus_context,S8B_R2_sequence_plus_context,1,gatv2_graph_c_sprint8b_sequence_plus_context,gatv2,graph_c_context_observation,S5F2_energy,val,153,1272,,0,0.054898690432310104,late_fusion
sprint9_multiseed_S8B_R2_seed7_S8B_R2_sequence_plus_context,S8B_R2_sequence_plus_context,1,gatv2_graph_c_sprint8b_sequence_plus_context,gatv2,graph_c_context_observation,S5F2_energy,val,154,1272,,0,0.05759497731924057,late_fusion
sprint9_multiseed_S8B_R2_seed7_S8B_R2_sequence_plus_context,S8B_R2_sequence_plus_context,1,gatv2_graph_c_sprint8b_sequence_plus_context,gatv2,graph_c_context_observation,S5F2_energy,val,155,1272,,1,0.051856424659490585,late_fusion
sprint9_multiseed_S8B_R2_seed7_S8B_R2_sequence_plus_context,S8B_R2_sequence_plus_context,1,gatv2_graph_c_sprint8b_sequence_plus_context,gatv2,graph_c_context_observation,S5F2_energy,val,156,1272,,0,0.056762222200632095,late_fusion
sprint9_multiseed_S8B_R2_seed7_S8B_R2_sequence_plus_context,S8B_R2_sequence_plus_context,1,gatv2_graph_c_sprint8b_sequence_plus_context,gatv2,graph_c_context_observation,S5F2_energy,val,157,1272,,0,0.05849560722708702,late_fusion
sprint9_multiseed_S8B_R2_seed7_S8B_R2_sequence_plus_context,S8B_R2_sequence_plus_context,1,gatv2_graph_c_sprint8b_sequence_plus_context,gatv2,graph_c_context_observation,S5F2_energy,val,158,1272,,0,0.06145778298377991,late_fusion
sprint9_multiseed_S8B_R2_seed7_S8B_R2_sequence_plus_context,S8B_R2_sequence_plus_context,1,gatv2_graph_c_sprint8b_sequence_plus_context,gatv2,graph_c_context_observation,S5F2_energy,val,159,1272,,0,0.05649678409099579,late_fusion
sprint9_multiseed_S8B_R2_seed7_S8B_R2_sequence_plus_context,S8B_R2_sequence_plus_context,1,gatv2_graph_c_sprint8b_sequence_plus_context,gatv2,graph_c_context_observation,S5F2_energy,val,160,1272,,0,0.05519511178135872,late_fusion
sprint9_multiseed_S8B_R2_seed7_S8B_R2_sequence_plus_context,S8B_R2_sequence_plus_context,1,gatv2_graph_c_sprint8b_sequence_plus_context,gatv2,graph_c_context_observation,S5F2_energy,val,161,1272,,0,0.05226008966565132,late_fusion
sprint9_multiseed_S8B_R2_seed7_S8B_R2_sequence_plus_context,S8B_R2_sequence_plus_context,1,gatv2_graph_c_sprint8b_sequence_plus_context,gatv2,graph_c_context_observation,S5F2_energy,val,162,1272,,0,0.053418733179569244,late_fusion
sprint9_multiseed_S8B_R2_seed7_S8B_R2_sequence_plus_context,S8B_R2_sequence_plus_context,1,gatv2_graph_c_sprint8b_sequence_plus_context,gatv2,graph_c_context_observation,S5F2_energy,val,163,1288,,1,0.09712108224630356,late_fusion
sprint9_multiseed_S8B_R2_seed7_S8B_R2_sequence_plus_context,S8B_R2_sequence_plus_context,1,gatv2_graph_c_sprint8b_sequence_plus_context,gatv2,graph_c_context_observation,S5F2_energy,val,164,1288,,1,0.08205100893974304,late_fusion
sprint9_multiseed_S8B_R2_seed7_S8B_R2_sequence_plus_context,S8B_R2_sequence_plus_context,1,gatv2_graph_c_sprint8b_sequence_plus_context,gatv2,graph_c_context_observation,S5F2_energy,val,165,1288,,0,0.07745517790317535,late_fusion
sprint9_multiseed_S8B_R2_seed7_S8B_R2_sequence_plus_context,S8B_R2_sequence_plus_context,1,gatv2_graph_c_sprint8b_sequence_plus_context,gatv2,graph_c_context_observation,S5F2_energy,val,166,1288,,0,0.08321554958820343,late_fusion
sprint9_multiseed_S8B_R2_seed7_S8B_R2_sequence_plus_context,S8B_R2_sequence_plus_context,1,gatv2_graph_c_sprint8b_sequence_plus_context,gatv2,graph_c_context_observation,S5F2_energy,val,167,1288,,0,0.07514119893312454,late_fusion
sprint9_multiseed_S8B_R2_seed7_S8B_R2_sequence_plus_context,S8B_R2_sequence_plus_context,1,gatv2_graph_c_sprint8b_sequence_plus_context,gatv2,graph_c_context_observation,S5F2_energy,val,168,1288,,0,0.08565924316644669,late_fusion
sprint9_multiseed_S8B_R2_seed7_S8B_R2_sequence_plus_context,S8B_R2_sequence_plus_context,1,gatv2_graph_c_sprint8b_sequence_plus_context,gatv2,graph_c_context_observation,S5F2_energy,val,169,1288,,0,0.08624280244112015,late_fusion
sprint9_multiseed_S8B_R2_seed7_S8B_R2_sequence_plus_context,S8B_R2_sequence_plus_context,1,gatv2_graph_c_sprint8b_sequence_plus_context,gatv2,graph_c_context_observation,S5F2_energy,val,170,1288,,0,0.08866312354803085,late_fusion
sprint9_multiseed_S8B_R2_seed7_S8B_R2_sequence_plus_context,S8B_R2_sequence_plus_context,1,gatv2_graph_c_sprint8b_sequence_plus_context,gatv2,graph_c_context_observation,S5F2_energy,val,171,1288,,0,0.08309616148471832,late_fusion
sprint9_multiseed_S8B_R2_seed7_S8B_R2_sequence_plus_context,S8B_R2_sequence_plus_context,1,gatv2_graph_c_sprint8b_sequence_plus_context,gatv2,graph_c_context_observation,S5F2_energy,val,172,1288,,0,0.08693587779998779,late_fusion
sprint9_multiseed_S8B_R2_seed7_S8B_R2_sequence_plus_context,S8B_R2_sequence_plus_context,1,gatv2_graph_c_sprint8b_sequence_plus_context,gatv2,graph_c_context_observation,S5F2_energy,val,173,1288,,0,0.0961942970752716,late_fusion
sprint9_multiseed_S8B_R2_seed7_S8B_R2_sequence_plus_context,S8B_R2_sequence_plus_context,1,gatv2_graph_c_sprint8b_sequence_plus_context,gatv2,graph_c_context_observation,S5F2_energy,val,174,1359,,0,0.03721335530281067,late_fusion
sprint9_multiseed_S8B_R2_seed7_S8B_R2_sequence_plus_context,S8B_R2_sequence_plus_context,1,gatv2_graph_c_sprint8b_sequence_plus_context,gatv2,graph_c_context_observation,S5F2_energy,val,175,1359,,0,0.038878411054611206,late_fusion
sprint9_multiseed_S8B_R2_seed7_S8B_R2_sequence_plus_context,S8B_R2_sequence_plus_context,1,gatv2_graph_c_sprint8b_sequence_plus_context,gatv2,graph_c_context_observation,S5F2_energy,val,176,1359,,0,0.0348895825445652,late_fusion
sprint9_multiseed_S8B_R2_seed7_S8B_R2_sequence_plus_context,S8B_R2_sequence_plus_context,1,gatv2_graph_c_sprint8b_sequence_plus_context,gatv2,graph_c_context_observation,S5F2_energy,val,177,1359,,0,0.03901807218790054,late_fusion
sprint9_multiseed_S8B_R2_seed7_S8B_R2_sequence_plus_context,S8B_R2_sequence_plus_context,1,gatv2_graph_c_sprint8b_sequence_plus_context,gatv2,graph_c_context_observation,S5F2_energy,val,178,1359,,0,0.03857963904738426,late_fusion
sprint9_multiseed_S8B_R2_seed7_S8B_R2_sequence_plus_context,S8B_R2_sequence_plus_context,1,gatv2_graph_c_sprint8b_sequence_plus_context,gatv2,graph_c_context_observation,S5F2_energy,val,179,1359,,0,0.040791865438222885,late_fusion
sprint9_multiseed_S8B_R2_seed7_S8B_R2_sequence_plus_context,S8B_R2_sequence_plus_context,1,gatv2_graph_c_sprint8b_sequence_plus_context,gatv2,graph_c_context_observation,S5F2_energy,val,180,1359,,0,0.036484185606241226,late_fusion
sprint9_multiseed_S8B_R2_seed7_S8B_R2_sequence_plus_context,S8B_R2_sequence_plus_context,1,gatv2_graph_c_sprint8b_sequence_plus_context,gatv2,graph_c_context_observation,S5F2_energy,val,181,1359,,0,0.03491003438830376,late_fusion
sprint9_multiseed_S8B_R2_seed7_S8B_R2_sequence_plus_context,S8B_R2_sequence_plus_context,1,gatv2_graph_c_sprint8b_sequence_plus_context,gatv2,graph_c_context_observation,S5F2_energy,val,182,1359,,0,0.03719580918550491,late_fusion
sprint9_multiseed_S8B_R2_seed7_S8B_R2_sequence_plus_context,S8B_R2_sequence_plus_context,1,gatv2_graph_c_sprint8b_sequence_plus_context,gatv2,graph_c_context_observation,S5F2_energy,val,183,1359,,0,0.03742716461420059,late_fusion
sprint9_multiseed_S8B_R2_seed7_S8B_R2_sequence_plus_context,S8B_R2_sequence_plus_context,1,gatv2_graph_c_sprint8b_sequence_plus_context,gatv2,graph_c_context_observation,S5F2_energy,val,184,1359,,0,0.038877855986356735,late_fusion
sprint9_multiseed_S8B_R2_seed7_S8B_R2_sequence_plus_context,S8B_R2_sequence_plus_context,1,gatv2_graph_c_sprint8b_sequence_plus_context,gatv2,graph_c_context_observation,S5F2_energy,val,185,1359,,0,0.04014395922422409,late_fusion
sprint9_multiseed_S8B_R2_seed7_S8B_R2_sequence_plus_context,S8B_R2_sequence_plus_context,1,gatv2_graph_c_sprint8b_sequence_plus_context,gatv2,graph_c_context_observation,S5F2_energy,val,186,2711,,1,0.9317485094070435,late_fusion
sprint9_multiseed_S8B_R2_seed7_S8B_R2_sequence_plus_context,S8B_R2_sequence_plus_context,1,gatv2_graph_c_sprint8b_sequence_plus_context,gatv2,graph_c_context_observation,S5F2_energy,val,187,2711,,1,0.25139233469963074,late_fusion
sprint9_multiseed_S8B_R2_seed7_S8B_R2_sequence_plus_context,S8B_R2_sequence_plus_context,1,gatv2_graph_c_sprint8b_sequence_plus_context,gatv2,graph_c_context_observation,S5F2_energy,val,188,2711,,1,0.3445315361022949,late_fusion
sprint9_multiseed_S8B_R2_seed7_S8B_R2_sequence_plus_context,S8B_R2_sequence_plus_context,1,gatv2_graph_c_sprint8b_sequence_plus_context,gatv2,graph_c_context_observation,S5F2_energy,val,189,2711,,1,0.704574465751648,late_fusion
sprint9_multiseed_S8B_R2_seed7_S8B_R2_sequence_plus_context,S8B_R2_sequence_plus_context,1,gatv2_graph_c_sprint8b_sequence_plus_context,gatv2,graph_c_context_observation,S5F2_energy,val,190,2711,,1,0.31424716114997864,late_fusion
sprint9_multiseed_S8B_R2_seed7_S8B_R2_sequence_plus_context,S8B_R2_sequence_plus_context,1,gatv2_graph_c_sprint8b_sequence_plus_context,gatv2,graph_c_context_observation,S5F2_energy,val,191,2711,,1,0.4017939865589142,late_fusion
sprint9_multiseed_S8B_R2_seed7_S8B_R2_sequence_plus_context,S8B_R2_sequence_plus_context,1,gatv2_graph_c_sprint8b_sequence_plus_context,gatv2,graph_c_context_observation,S5F2_energy,val,192,2711,,1,0.33159470558166504,late_fusion
sprint9_multiseed_S8B_R2_seed7_S8B_R2_sequence_plus_context,S8B_R2_sequence_plus_context,1,gatv2_graph_c_sprint8b_sequence_plus_context,gatv2,graph_c_context_observation,S5F2_energy,val,193,2711,,1,0.37713000178337097,late_fusion
sprint9_multiseed_S8B_R2_seed7_S8B_R2_sequence_plus_context,S8B_R2_sequence_plus_context,1,gatv2_graph_c_sprint8b_sequence_plus_context,gatv2,graph_c_context_observation,S5F2_energy,val,194,2711,,1,0.39698952436447144,late_fusion
sprint9_multiseed_S8B_R2_seed7_S8B_R2_sequence_plus_context,S8B_R2_sequence_plus_context,1,gatv2_graph_c_sprint8b_sequence_plus_context,gatv2,graph_c_context_observation,S5F2_energy,val,195,2711,,1,0.3287286162376404,late_fusion
sprint9_multiseed_S8B_R2_seed7_S8B_R2_sequence_plus_context,S8B_R2_sequence_plus_context,1,gatv2_graph_c_sprint8b_sequence_plus_context,gatv2,graph_c_context_observation,S5F2_energy,val,196,2711,,1,0.40192556381225586,late_fusion
sprint9_multiseed_S8B_R2_seed7_S8B_R2_sequence_plus_context,S8B_R2_sequence_plus_context,1,gatv2_graph_c_sprint8b_sequence_plus_context,gatv2,graph_c_context_observation,S5F2_energy,val,197,2711,,1,0.7038034200668335,late_fusion
sprint9_multiseed_S8B_R2_seed7_S8B_R2_sequence_plus_context,S8B_R2_sequence_plus_context,1,gatv2_graph_c_sprint8b_sequence_plus_context,gatv2,graph_c_context_observation,S5F2_energy,val,198,2711,,1,0.3168674409389496,late_fusion
sprint9_multiseed_S8B_R2_seed7_S8B_R2_sequence_plus_context,S8B_R2_sequence_plus_context,1,gatv2_graph_c_sprint8b_sequence_plus_context,gatv2,graph_c_context_observation,S5F2_energy,val,199,2711,,1,0.3301021456718445,late_fusion
sprint9_multiseed_S8B_R2_seed7_S8B_R2_sequence_plus_context,S8B_R2_sequence_plus_context,1,gatv2_graph_c_sprint8b_sequence_plus_context,gatv2,graph_c_context_observation,S5F2_energy,val,200,2711,,1,0.2893063724040985,late_fusion
sprint9_multiseed_S8B_R2_seed7_S8B_R2_sequence_plus_context,S8B_R2_sequence_plus_context,1,gatv2_graph_c_sprint8b_sequence_plus_context,gatv2,graph_c_context_observation,S5F2_energy,val,201,2711,,1,0.4255504906177521,late_fusion
sprint9_multiseed_S8B_R2_seed7_S8B_R2_sequence_plus_context,S8B_R2_sequence_plus_context,1,gatv2_graph_c_sprint8b_sequence_plus_context,gatv2,graph_c_context_observation,S5F2_energy,val,202,2711,,1,0.39578568935394287,late_fusion
sprint9_multiseed_S8B_R2_seed7_S8B_R2_sequence_plus_context,S8B_R2_sequence_plus_context,1,gatv2_graph_c_sprint8b_sequence_plus_context,gatv2,graph_c_context_observation,S5F2_energy,val,203,2711,,1,0.38257095217704773,late_fusion
sprint9_multiseed_S8B_R2_seed7_S8B_R2_sequence_plus_context,S8B_R2_sequence_plus_context,1,gatv2_graph_c_sprint8b_sequence_plus_context,gatv2,graph_c_context_observation,S5F2_energy,val,204,2711,,1,0.38603755831718445,late_fusion
sprint9_multiseed_S8B_R2_seed7_S8B_R2_sequence_plus_context,S8B_R2_sequence_plus_context,1,gatv2_graph_c_sprint8b_sequence_plus_context,gatv2,graph_c_context_observation,S5F2_energy,val,205,2711,,1,0.29278481006622314,late_fusion
sprint9_multiseed_S8B_R2_seed7_S8B_R2_sequence_plus_context,S8B_R2_sequence_plus_context,1,gatv2_graph_c_sprint8b_sequence_plus_context,gatv2,graph_c_context_observation,S5F2_energy,val,206,2711,,1,0.5090003609657288,late_fusion
sprint9_multiseed_S8B_R2_seed7_S8B_R2_sequence_plus_context,S8B_R2_sequence_plus_context,1,gatv2_graph_c_sprint8b_sequence_plus_context,gatv2,graph_c_context_observation,S5F2_energy,val,207,2711,,1,0.3642306625843048,late_fusion
sprint9_multiseed_S8B_R2_seed7_S8B_R2_sequence_plus_context,S8B_R2_sequence_plus_context,1,gatv2_graph_c_sprint8b_sequence_plus_context,gatv2,graph_c_context_observation,S5F2_energy,val,208,2711,,1,0.3652450442314148,late_fusion
sprint9_multiseed_S8B_R2_seed7_S8B_R2_sequence_plus_context,S8B_R2_sequence_plus_context,1,gatv2_graph_c_sprint8b_sequence_plus_context,gatv2,graph_c_context_observation,S5F2_energy,val,209,2711,,1,0.3932122588157654,late_fusion
sprint9_multiseed_S8B_R2_seed7_S8B_R2_sequence_plus_context,S8B_R2_sequence_plus_context,1,gatv2_graph_c_sprint8b_sequence_plus_context,gatv2,graph_c_context_observation,S5F2_energy,val,210,2711,,1,0.4467095136642456,late_fusion
sprint9_multiseed_S8B_R2_seed7_S8B_R2_sequence_plus_context,S8B_R2_sequence_plus_context,1,gatv2_graph_c_sprint8b_sequence_plus_context,gatv2,graph_c_context_observation,S5F2_energy,val,211,2711,,1,0.3528295159339905,late_fusion
sprint9_multiseed_S8B_R2_seed7_S8B_R2_sequence_plus_context,S8B_R2_sequence_plus_context,1,gatv2_graph_c_sprint8b_sequence_plus_context,gatv2,graph_c_context_observation,S5F2_energy,val,212,2711,,1,0.43563324213027954,late_fusion
sprint9_multiseed_S8B_R2_seed7_S8B_R2_sequence_plus_context,S8B_R2_sequence_plus_context,1,gatv2_graph_c_sprint8b_sequence_plus_context,gatv2,graph_c_context_observation,S5F2_energy,val,213,2711,,1,0.3680102527141571,late_fusion
sprint9_multiseed_S8B_R2_seed7_S8B_R2_sequence_plus_context,S8B_R2_sequence_plus_context,1,gatv2_graph_c_sprint8b_sequence_plus_context,gatv2,graph_c_context_observation,S5F2_energy,val,214,2711,,1,0.44661620259284973,late_fusion
sprint9_multiseed_S8B_R2_seed7_S8B_R2_sequence_plus_context,S8B_R2_sequence_plus_context,1,gatv2_graph_c_sprint8b_sequence_plus_context,gatv2,graph_c_context_observation,S5F2_energy,val,215,2711,,1,0.2916567921638489,late_fusion
sprint9_multiseed_S8B_R2_seed7_S8B_R2_sequence_plus_context,S8B_R2_sequence_plus_context,1,gatv2_graph_c_sprint8b_sequence_plus_context,gatv2,graph_c_context_observation,S5F2_energy,val,216,2711,,1,0.22500921785831451,late_fusion
sprint9_multiseed_S8B_R2_seed7_S8B_R2_sequence_plus_context,S8B_R2_sequence_plus_context,1,gatv2_graph_c_sprint8b_sequence_plus_context,gatv2,graph_c_context_observation,S5F2_energy,val,217,2711,,1,0.6625705361366272,late_fusion
sprint9_multiseed_S8B_R2_seed7_S8B_R2_sequence_plus_context,S8B_R2_sequence_plus_context,1,gatv2_graph_c_sprint8b_sequence_plus_context,gatv2,graph_c_context_observation,S5F2_energy,val,218,2711,,1,0.42266368865966797,late_fusion
sprint9_multiseed_S8B_R2_seed7_S8B_R2_sequence_plus_context,S8B_R2_sequence_plus_context,1,gatv2_graph_c_sprint8b_sequence_plus_context,gatv2,graph_c_context_observation,S5F2_energy,val,219,2711,,1,0.3341882526874542,late_fusion
sprint9_multiseed_S8B_R2_seed7_S8B_R2_sequence_plus_context,S8B_R2_sequence_plus_context,1,gatv2_graph_c_sprint8b_sequence_plus_context,gatv2,graph_c_context_observation,S5F2_energy,val,220,2711,,1,0.332802414894104,late_fusion
sprint9_multiseed_S8B_R2_seed7_S8B_R2_sequence_plus_context,S8B_R2_sequence_plus_context,1,gatv2_graph_c_sprint8b_sequence_plus_context,gatv2,graph_c_context_observation,S5F2_energy,val,221,2711,,1,0.3775508403778076,late_fusion
sprint9_multiseed_S8B_R2_seed7_S8B_R2_sequence_plus_context,S8B_R2_sequence_plus_context,1,gatv2_graph_c_sprint8b_sequence_plus_context,gatv2,graph_c_context_observation,S5F2_energy,val,222,2711,,1,0.3154694139957428,late_fusion
sprint9_multiseed_S8B_R2_seed7_S8B_R2_sequence_plus_context,S8B_R2_sequence_plus_context,1,gatv2_graph_c_sprint8b_sequence_plus_context,gatv2,graph_c_context_observation,S5F2_energy,val,223,2711,,1,0.3028391897678375,late_fusion
sprint9_multiseed_S8B_R2_seed7_S8B_R2_sequence_plus_context,S8B_R2_sequence_plus_context,1,gatv2_graph_c_sprint8b_sequence_plus_context,gatv2,graph_c_context_observation,S5F2_energy,val,224,2711,,1,0.3564358055591583,late_fusion
sprint9_multiseed_S8B_R2_seed7_S8B_R2_sequence_plus_context,S8B_R2_sequence_plus_context,1,gatv2_graph_c_sprint8b_sequence_plus_context,gatv2,graph_c_context_observation,S5F2_energy,val,225,2711,,1,0.29910165071487427,late_fusion
sprint9_multiseed_S8B_R2_seed7_S8B_R2_sequence_plus_context,S8B_R2_sequence_plus_context,1,gatv2_graph_c_sprint8b_sequence_plus_context,gatv2,graph_c_context_observation,S5F2_energy,val,226,2711,,1,0.38541775941848755,late_fusion
sprint9_multiseed_S8B_R2_seed7_S8B_R2_sequence_plus_context,S8B_R2_sequence_plus_context,1,gatv2_graph_c_sprint8b_sequence_plus_context,gatv2,graph_c_context_observation,S5F2_energy,val,227,2711,,1,0.3516637086868286,late_fusion
sprint9_multiseed_S8B_R2_seed7_S8B_R2_sequence_plus_context,S8B_R2_sequence_plus_context,1,gatv2_graph_c_sprint8b_sequence_plus_context,gatv2,graph_c_context_observation,S5F2_energy,val,228,2711,,1,0.28198936581611633,late_fusion
sprint9_multiseed_S8B_R2_seed7_S8B_R2_sequence_plus_context,S8B_R2_sequence_plus_context,1,gatv2_graph_c_sprint8b_sequence_plus_context,gatv2,graph_c_context_observation,S5F2_energy,val,229,2711,,1,0.4023815393447876,late_fusion
sprint9_multiseed_S8B_R2_seed7_S8B_R2_sequence_plus_context,S8B_R2_sequence_plus_context,1,gatv2_graph_c_sprint8b_sequence_plus_context,gatv2,graph_c_context_observation,S5F2_energy,val,230,2711,,1,0.30560898780822754,late_fusion
sprint9_multiseed_S8B_R2_seed7_S8B_R2_sequence_plus_context,S8B_R2_sequence_plus_context,1,gatv2_graph_c_sprint8b_sequence_plus_context,gatv2,graph_c_context_observation,S5F2_energy,val,231,2711,,1,0.32945090532302856,late_fusion
sprint9_multiseed_S8B_R2_seed7_S8B_R2_sequence_plus_context,S8B_R2_sequence_plus_context,1,gatv2_graph_c_sprint8b_sequence_plus_context,gatv2,graph_c_context_observation,S5F2_energy,val,232,2711,,1,0.8588806986808777,late_fusion
sprint9_multiseed_S8B_R2_seed7_S8B_R2_sequence_plus_context,S8B_R2_sequence_plus_context,1,gatv2_graph_c_sprint8b_sequence_plus_context,gatv2,graph_c_context_observation,S5F2_energy,val,233,2711,,1,0.25824326276779175,late_fusion
sprint9_multiseed_S8B_R2_seed7_S8B_R2_sequence_plus_context,S8B_R2_sequence_plus_context,1,gatv2_graph_c_sprint8b_sequence_plus_context,gatv2,graph_c_context_observation,S5F2_energy,val,234,2711,,1,0.2814227044582367,late_fusion
sprint9_multiseed_S8B_R2_seed7_S8B_R2_sequence_plus_context,S8B_R2_sequence_plus_context,1,gatv2_graph_c_sprint8b_sequence_plus_context,gatv2,graph_c_context_observation,S5F2_energy,val,235,2711,,1,0.39793023467063904,late_fusion
sprint9_multiseed_S8B_R2_seed7_S8B_R2_sequence_plus_context,S8B_R2_sequence_plus_context,1,gatv2_graph_c_sprint8b_sequence_plus_context,gatv2,graph_c_context_observation,S5F2_energy,val,236,2711,,1,0.18066918849945068,late_fusion
sprint9_multiseed_S8B_R2_seed7_S8B_R2_sequence_plus_context,S8B_R2_sequence_plus_context,1,gatv2_graph_c_sprint8b_sequence_plus_context,gatv2,graph_c_context_observation,S5F2_energy,val,237,2711,,1,0.6127246022224426,late_fusion
sprint9_multiseed_S8B_R2_seed7_S8B_R2_sequence_plus_context,S8B_R2_sequence_plus_context,1,gatv2_graph_c_sprint8b_sequence_plus_context,gatv2,graph_c_context_observation,S5F2_energy,val,238,2711,,1,0.3124554455280304,late_fusion
sprint9_multiseed_S8B_R2_seed7_S8B_R2_sequence_plus_context,S8B_R2_sequence_plus_context,1,gatv2_graph_c_sprint8b_sequence_plus_context,gatv2,graph_c_context_observation,S5F2_energy,val,239,2711,,1,0.3313814401626587,late_fusion
sprint9_multiseed_S8B_R2_seed7_S8B_R2_sequence_plus_context,S8B_R2_sequence_plus_context,1,gatv2_graph_c_sprint8b_sequence_plus_context,gatv2,graph_c_context_observation,S5F2_energy,val,240,2711,,1,0.36624979972839355,late_fusion
sprint9_multiseed_S8B_R2_seed7_S8B_R2_sequence_plus_context,S8B_R2_sequence_plus_context,1,gatv2_graph_c_sprint8b_sequence_plus_context,gatv2,graph_c_context_observation,S5F2_energy,val,241,2711,,1,0.2354513257741928,late_fusion
sprint9_multiseed_S8B_R2_seed7_S8B_R2_sequence_plus_context,S8B_R2_sequence_plus_context,1,gatv2_graph_c_sprint8b_sequence_plus_context,gatv2,graph_c_context_observation,S5F2_energy,val,242,2711,,1,0.3776088058948517,late_fusion
sprint9_multiseed_S8B_R2_seed7_S8B_R2_sequence_plus_context,S8B_R2_sequence_plus_context,1,gatv2_graph_c_sprint8b_sequence_plus_context,gatv2,graph_c_context_observation,S5F2_energy,val,243,2711,,1,0.5124029517173767,late_fusion
sprint9_multiseed_S8B_R2_seed7_S8B_R2_sequence_plus_context,S8B_R2_sequence_plus_context,1,gatv2_graph_c_sprint8b_sequence_plus_context,gatv2,graph_c_context_observation,S5F2_energy,val,244,2711,,1,0.4370937645435333,late_fusion
sprint9_multiseed_S8B_R2_seed7_S8B_R2_sequence_plus_context,S8B_R2_sequence_plus_context,1,gatv2_graph_c_sprint8b_sequence_plus_context,gatv2,graph_c_context_observation,S5F2_energy,val,245,2711,,1,0.28904062509536743,late_fusion
sprint9_multiseed_S8B_R2_seed7_S8B_R2_sequence_plus_context,S8B_R2_sequence_plus_context,1,gatv2_graph_c_sprint8b_sequence_plus_context,gatv2,graph_c_context_observation,S5F2_energy,val,246,2711,,1,0.25659069418907166,late_fusion
sprint9_multiseed_S8B_R2_seed7_S8B_R2_sequence_plus_context,S8B_R2_sequence_plus_context,1,gatv2_graph_c_sprint8b_sequence_plus_context,gatv2,graph_c_context_observation,S5F2_energy,val,247,2711,,1,0.28285592794418335,late_fusion
sprint9_multiseed_S8B_R2_seed7_S8B_R2_sequence_plus_context,S8B_R2_sequence_plus_context,1,gatv2_graph_c_sprint8b_sequence_plus_context,gatv2,graph_c_context_observation,S5F2_energy,val,248,2711,,1,0.30523982644081116,late_fusion
sprint9_multiseed_S8B_R2_seed7_S8B_R2_sequence_plus_context,S8B_R2_sequence_plus_context,1,gatv2_graph_c_sprint8b_sequence_plus_context,gatv2,graph_c_context_observation,S5F2_energy,val,249,2711,,1,0.4373761713504791,late_fusion
sprint9_multiseed_S8B_R2_seed7_S8B_R2_sequence_plus_context,S8B_R2_sequence_plus_context,1,gatv2_graph_c_sprint8b_sequence_plus_context,gatv2,graph_c_context_observation,S5F2_energy,val,250,2711,,1,0.34072330594062805,late_fusion
sprint9_multiseed_S8B_R2_seed7_S8B_R2_sequence_plus_context,S8B_R2_sequence_plus_context,1,gatv2_graph_c_sprint8b_sequence_plus_context,gatv2,graph_c_context_observation,S5F2_energy,val,251,2711,,1,0.4005461037158966,late_fusion
sprint9_multiseed_S8B_R2_seed7_S8B_R2_sequence_plus_context,S8B_R2_sequence_plus_context,1,gatv2_graph_c_sprint8b_sequence_plus_context,gatv2,graph_c_context_observation,S5F2_energy,val,252,2711,,1,0.5594769716262817,late_fusion
sprint9_multiseed_S8B_R2_seed7_S8B_R2_sequence_plus_context,S8B_R2_sequence_plus_context,1,gatv2_graph_c_sprint8b_sequence_plus_context,gatv2,graph_c_context_observation,S5F2_energy,val,253,2711,,1,0.29360854625701904,late_fusion
sprint9_multiseed_S8B_R2_seed7_S8B_R2_sequence_plus_context,S8B_R2_sequence_plus_context,1,gatv2_graph_c_sprint8b_sequence_plus_context,gatv2,graph_c_context_observation,S5F2_energy,val,254,2711,,1,0.3822219669818878,late_fusion
sprint9_multiseed_S8B_R2_seed7_S8B_R2_sequence_plus_context,S8B_R2_sequence_plus_context,1,gatv2_graph_c_sprint8b_sequence_plus_context,gatv2,graph_c_context_observation,S5F2_energy,val,255,2711,,1,0.34097418189048767,late_fusion
sprint9_multiseed_S8B_R2_seed7_S8B_R2_sequence_plus_context,S8B_R2_sequence_plus_context,1,gatv2_graph_c_sprint8b_sequence_plus_context,gatv2,graph_c_context_observation,S5F2_energy,val,256,2711,,1,0.3343510329723358,late_fusion
sprint9_multiseed_S8B_R2_seed7_S8B_R2_sequence_plus_context,S8B_R2_sequence_plus_context,1,gatv2_graph_c_sprint8b_sequence_plus_context,gatv2,graph_c_context_observation,S5F2_energy,val,257,2711,,1,0.3172527849674225,late_fusion
sprint9_multiseed_S8B_R2_seed7_S8B_R2_sequence_plus_context,S8B_R2_sequence_plus_context,1,gatv2_graph_c_sprint8b_sequence_plus_context,gatv2,graph_c_context_observation,S5F2_energy,val,258,2711,,1,0.277803510427475,late_fusion
sprint9_multiseed_S8B_R2_seed7_S8B_R2_sequence_plus_context,S8B_R2_sequence_plus_context,1,gatv2_graph_c_sprint8b_sequence_plus_context,gatv2,graph_c_context_observation,S5F2_energy,val,259,2711,,1,0.32074791193008423,late_fusion
sprint9_multiseed_S8B_R2_seed7_S8B_R2_sequence_plus_context,S8B_R2_sequence_plus_context,1,gatv2_graph_c_sprint8b_sequence_plus_context,gatv2,graph_c_context_observation,S5F2_energy,val,260,2711,,1,0.4438764452934265,late_fusion
sprint9_multiseed_S8B_R2_seed7_S8B_R2_sequence_plus_context,S8B_R2_sequence_plus_context,1,gatv2_graph_c_sprint8b_sequence_plus_context,gatv2,graph_c_context_observation,S5F2_energy,val,261,2711,,1,0.3793957829475403,late_fusion
sprint9_multiseed_S8B_R2_seed7_S8B_R2_sequence_plus_context,S8B_R2_sequence_plus_context,1,gatv2_graph_c_sprint8b_sequence_plus_context,gatv2,graph_c_context_observation,S5F2_energy,val,262,2711,,1,0.33945605158805847,late_fusion
sprint9_multiseed_S8B_R2_seed7_S8B_R2_sequence_plus_context,S8B_R2_sequence_plus_context,1,gatv2_graph_c_sprint8b_sequence_plus_context,gatv2,graph_c_context_observation,S5F2_energy,val,263,2711,,1,0.2620326578617096,late_fusion
sprint9_multiseed_S8B_R2_seed7_S8B_R2_sequence_plus_context,S8B_R2_sequence_plus_context,1,gatv2_graph_c_sprint8b_sequence_plus_context,gatv2,graph_c_context_observation,S5F2_energy,val,264,2711,,1,0.2931613028049469,late_fusion
sprint9_multiseed_S8B_R2_seed7_S8B_R2_sequence_plus_context,S8B_R2_sequence_plus_context,1,gatv2_graph_c_sprint8b_sequence_plus_context,gatv2,graph_c_context_observation,S5F2_energy,val,265,2711,,1,0.4163762032985687,late_fusion
sprint9_multiseed_S8B_R2_seed7_S8B_R2_sequence_plus_context,S8B_R2_sequence_plus_context,1,gatv2_graph_c_sprint8b_sequence_plus_context,gatv2,graph_c_context_observation,S5F2_energy,val,266,2711,,1,0.3144308030605316,late_fusion
sprint9_multiseed_S8B_R2_seed7_S8B_R2_sequence_plus_context,S8B_R2_sequence_plus_context,1,gatv2_graph_c_sprint8b_sequence_plus_context,gatv2,graph_c_context_observation,S5F2_energy,val,267,2711,,1,0.3580181300640106,late_fusion
sprint9_multiseed_S8B_R2_seed7_S8B_R2_sequence_plus_context,S8B_R2_sequence_plus_context,1,gatv2_graph_c_sprint8b_sequence_plus_context,gatv2,graph_c_context_observation,S5F2_energy,val,268,2711,,1,0.26608800888061523,late_fusion
sprint9_multiseed_S8B_R2_seed7_S8B_R2_sequence_plus_context,S8B_R2_sequence_plus_context,1,gatv2_graph_c_sprint8b_sequence_plus_context,gatv2,graph_c_context_observation,S5F2_energy,val,269,2711,,1,0.3288555145263672,late_fusion
sprint9_multiseed_S8B_R2_seed7_S8B_R2_sequence_plus_context,S8B_R2_sequence_plus_context,1,gatv2_graph_c_sprint8b_sequence_plus_context,gatv2,graph_c_context_observation,S5F2_energy,val,270,2711,,1,0.29791730642318726,late_fusion
sprint9_multiseed_S8B_R2_seed7_S8B_R2_sequence_plus_context,S8B_R2_sequence_plus_context,1,gatv2_graph_c_sprint8b_sequence_plus_context,gatv2,graph_c_context_observation,S5F2_energy,val,271,2711,,1,0.21487204730510712,late_fusion
sprint9_multiseed_S8B_R2_seed7_S8B_R2_sequence_plus_context,S8B_R2_sequence_plus_context,1,gatv2_graph_c_sprint8b_sequence_plus_context,gatv2,graph_c_context_observation,S5F2_energy,val,272,2711,,1,0.297089159488678,late_fusion
sprint9_multiseed_S8B_R2_seed7_S8B_R2_sequence_plus_context,S8B_R2_sequence_plus_context,1,gatv2_graph_c_sprint8b_sequence_plus_context,gatv2,graph_c_context_observation,S5F2_energy,val,273,2711,,1,0.40045347809791565,late_fusion
sprint9_multiseed_S8B_R2_seed7_S8B_R2_sequence_plus_context,S8B_R2_sequence_plus_context,1,gatv2_graph_c_sprint8b_sequence_plus_context,gatv2,graph_c_context_observation,S5F2_energy,val,274,2711,,1,0.566787838935852,late_fusion
sprint9_multiseed_S8B_R2_seed7_S8B_R2_sequence_plus_context,S8B_R2_sequence_plus_context,1,gatv2_graph_c_sprint8b_sequence_plus_context,gatv2,graph_c_context_observation,S5F2_energy,val,275,2711,,1,0.31136274337768555,late_fusion
sprint9_multiseed_S8B_R2_seed7_S8B_R2_sequence_plus_context,S8B_R2_sequence_plus_context,1,gatv2_graph_c_sprint8b_sequence_plus_context,gatv2,graph_c_context_observation,S5F2_energy,val,276,2711,,1,0.286011666059494,late_fusion
sprint9_multiseed_S8B_R2_seed7_S8B_R2_sequence_plus_context,S8B_R2_sequence_plus_context,1,gatv2_graph_c_sprint8b_sequence_plus_context,gatv2,graph_c_context_observation,S5F2_energy,val,277,2711,,1,0.39705604314804077,late_fusion
sprint9_multiseed_S8B_R2_seed7_S8B_R2_sequence_plus_context,S8B_R2_sequence_plus_context,1,gatv2_graph_c_sprint8b_sequence_plus_context,gatv2,graph_c_context_observation,S5F2_energy,val,278,2711,,1,0.383009135723114,late_fusion
sprint9_multiseed_S8B_R2_seed7_S8B_R2_sequence_plus_context,S8B_R2_sequence_plus_context,1,gatv2_graph_c_sprint8b_sequence_plus_context,gatv2,graph_c_context_observation,S5F2_energy,val,279,2711,,1,0.2583524286746979,late_fusion
sprint9_multiseed_S8B_R2_seed7_S8B_R2_sequence_plus_context,S8B_R2_sequence_plus_context,1,gatv2_graph_c_sprint8b_sequence_plus_context,gatv2,graph_c_context_observation,S5F2_energy,val,280,2711,,1,0.3159075081348419,late_fusion
sprint9_multiseed_S8B_R2_seed7_S8B_R2_sequence_plus_context,S8B_R2_sequence_plus_context,1,gatv2_graph_c_sprint8b_sequence_plus_context,gatv2,graph_c_context_observation,S5F2_energy,val,281,2711,,1,0.29837676882743835,late_fusion
sprint9_multiseed_S8B_R2_seed7_S8B_R2_sequence_plus_context,S8B_R2_sequence_plus_context,1,gatv2_graph_c_sprint8b_sequence_plus_context,gatv2,graph_c_context_observation,S5F2_energy,val,282,2711,,1,0.3104570508003235,late_fusion
sprint9_multiseed_S8B_R2_seed7_S8B_R2_sequence_plus_context,S8B_R2_sequence_plus_context,1,gatv2_graph_c_sprint8b_sequence_plus_context,gatv2,graph_c_context_observation,S5F2_energy,val,283,2711,,1,0.15726566314697266,late_fusion
sprint9_multiseed_S8B_R2_seed7_S8B_R2_sequence_plus_context,S8B_R2_sequence_plus_context,1,gatv2_graph_c_sprint8b_sequence_plus_context,gatv2,graph_c_context_observation,S5F2_energy,val,284,2711,,1,0.3264096975326538,late_fusion
sprint9_multiseed_S8B_R2_seed7_S8B_R2_sequence_plus_context,S8B_R2_sequence_plus_context,1,gatv2_graph_c_sprint8b_sequence_plus_context,gatv2,graph_c_context_observation,S5F2_energy,val,285,2711,,1,0.6205478310585022,late_fusion
sprint9_multiseed_S8B_R2_seed7_S8B_R2_sequence_plus_context,S8B_R2_sequence_plus_context,1,gatv2_graph_c_sprint8b_sequence_plus_context,gatv2,graph_c_context_observation,S5F2_energy,val,286,2711,,1,0.37967032194137573,late_fusion
sprint9_multiseed_S8B_R2_seed7_S8B_R2_sequence_plus_context,S8B_R2_sequence_plus_context,1,gatv2_graph_c_sprint8b_sequence_plus_context,gatv2,graph_c_context_observation,S5F2_energy,val,287,2711,,1,0.2676005959510803,late_fusion
sprint9_multiseed_S8B_R2_seed7_S8B_R2_sequence_plus_context,S8B_R2_sequence_plus_context,1,gatv2_graph_c_sprint8b_sequence_plus_context,gatv2,graph_c_context_observation,S5F2_energy,val,288,2711,,1,0.3554885983467102,late_fusion
sprint9_multiseed_S8B_R2_seed7_S8B_R2_sequence_plus_context,S8B_R2_sequence_plus_context,1,gatv2_graph_c_sprint8b_sequence_plus_context,gatv2,graph_c_context_observation,S5F2_energy,val,289,2711,,1,0.18637536466121674,late_fusion
sprint9_multiseed_S8B_R2_seed7_S8B_R2_sequence_plus_context,S8B_R2_sequence_plus_context,1,gatv2_graph_c_sprint8b_sequence_plus_context,gatv2,graph_c_context_observation,S5F2_energy,val,290,2711,,1,0.44170916080474854,late_fusion
sprint9_multiseed_S8B_R2_seed7_S8B_R2_sequence_plus_context,S8B_R2_sequence_plus_context,1,gatv2_graph_c_sprint8b_sequence_plus_context,gatv2,graph_c_context_observation,S5F2_energy,val,291,2711,,1,0.3472675085067749,late_fusion
sprint9_multiseed_S8B_R2_seed7_S8B_R2_sequence_plus_context,S8B_R2_sequence_plus_context,1,gatv2_graph_c_sprint8b_sequence_plus_context,gatv2,graph_c_context_observation,S5F2_energy,val,292,2711,,1,0.28183022141456604,late_fusion
sprint9_multiseed_S8B_R2_seed7_S8B_R2_sequence_plus_context,S8B_R2_sequence_plus_context,1,gatv2_graph_c_sprint8b_sequence_plus_context,gatv2,graph_c_context_observation,S5F2_energy,val,293,2711,,1,0.5663039088249207,late_fusion
sprint9_multiseed_S8B_R2_seed7_S8B_R2_sequence_plus_context,S8B_R2_sequence_plus_context,1,gatv2_graph_c_sprint8b_sequence_plus_context,gatv2,graph_c_context_observation,S5F2_energy,val,294,2711,,1,0.40465760231018066,late_fusion
sprint9_multiseed_S8B_R2_seed7_S8B_R2_sequence_plus_context,S8B_R2_sequence_plus_context,1,gatv2_graph_c_sprint8b_sequence_plus_context,gatv2,graph_c_context_observation,S5F2_energy,val,295,2711,,1,0.3709591031074524,late_fusion
sprint9_multiseed_S8B_R2_seed7_S8B_R2_sequence_plus_context,S8B_R2_sequence_plus_context,1,gatv2_graph_c_sprint8b_sequence_plus_context,gatv2,graph_c_context_observation,S5F2_energy,val,296,2711,,1,0.23357880115509033,late_fusion
sprint9_multiseed_S8B_R2_seed7_S8B_R2_sequence_plus_context,S8B_R2_sequence_plus_context,1,gatv2_graph_c_sprint8b_sequence_plus_context,gatv2,graph_c_context_observation,S5F2_energy,val,297,2711,,1,0.5498148202896118,late_fusion
sprint9_multiseed_S8B_R2_seed7_S8B_R2_sequence_plus_context,S8B_R2_sequence_plus_context,1,gatv2_graph_c_sprint8b_sequence_plus_context,gatv2,graph_c_context_observation,S5F2_energy,val,298,2711,,1,0.41558969020843506,late_fusion
sprint9_multiseed_S8B_R2_seed7_S8B_R2_sequence_plus_context,S8B_R2_sequence_plus_context,1,gatv2_graph_c_sprint8b_sequence_plus_context,gatv2,graph_c_context_observation,S5F2_energy,val,299,2711,,1,0.314102441072464,late_fusion
sprint9_multiseed_S8B_R2_seed7_S8B_R2_sequence_plus_context,S8B_R2_sequence_plus_context,1,gatv2_graph_c_sprint8b_sequence_plus_context,gatv2,graph_c_context_observation,S5F2_energy,val,300,2711,,1,0.3197212815284729,late_fusion
sprint9_multiseed_S8B_R2_seed7_S8B_R2_sequence_plus_context,S8B_R2_sequence_plus_context,1,gatv2_graph_c_sprint8b_sequence_plus_context,gatv2,graph_c_context_observation,S5F2_energy,val,301,2711,,1,0.3577346205711365,late_fusion
sprint9_multiseed_S8B_R2_seed7_S8B_R2_sequence_plus_context,S8B_R2_sequence_plus_context,1,gatv2_graph_c_sprint8b_sequence_plus_context,gatv2,graph_c_context_observation,S5F2_energy,val,302,2711,,1,0.2707776427268982,late_fusion
sprint9_multiseed_S8B_R2_seed7_S8B_R2_sequence_plus_context,S8B_R2_sequence_plus_context,1,gatv2_graph_c_sprint8b_sequence_plus_context,gatv2,graph_c_context_observation,S5F2_energy,val,303,2711,,1,0.2731349766254425,late_fusion
sprint9_multiseed_S8B_R2_seed7_S8B_R2_sequence_plus_context,S8B_R2_sequence_plus_context,1,gatv2_graph_c_sprint8b_sequence_plus_context,gatv2,graph_c_context_observation,S5F2_energy,val,304,2711,,1,0.31870609521865845,late_fusion
sprint9_multiseed_S8B_R2_seed7_S8B_R2_sequence_plus_context,S8B_R2_sequence_plus_context,1,gatv2_graph_c_sprint8b_sequence_plus_context,gatv2,graph_c_context_observation,S5F2_energy,val,305,2711,,1,0.34479445219039917,late_fusion
sprint9_multiseed_S8B_R2_seed7_S8B_R2_sequence_plus_context,S8B_R2_sequence_plus_context,1,gatv2_graph_c_sprint8b_sequence_plus_context,gatv2,graph_c_context_observation,S5F2_energy,val,306,2711,,1,0.5167324542999268,late_fusion
sprint9_multiseed_S8B_R2_seed7_S8B_R2_sequence_plus_context,S8B_R2_sequence_plus_context,1,gatv2_graph_c_sprint8b_sequence_plus_context,gatv2,graph_c_context_observation,S5F2_energy,val,307,2711,,1,0.28779926896095276,late_fusion
sprint9_multiseed_S8B_R2_seed7_S8B_R2_sequence_plus_context,S8B_R2_sequence_plus_context,1,gatv2_graph_c_sprint8b_sequence_plus_context,gatv2,graph_c_context_observation,S5F2_energy,val,308,2711,,1,0.28622883558273315,late_fusion
sprint9_multiseed_S8B_R2_seed7_S8B_R2_sequence_plus_context,S8B_R2_sequence_plus_context,1,gatv2_graph_c_sprint8b_sequence_plus_context,gatv2,graph_c_context_observation,S5F2_energy,val,309,2711,,1,0.23070265352725983,late_fusion
sprint9_multiseed_S8B_R2_seed7_S8B_R2_sequence_plus_context,S8B_R2_sequence_plus_context,1,gatv2_graph_c_sprint8b_sequence_plus_context,gatv2,graph_c_context_observation,S5F2_energy,val,310,2711,,1,0.3633666932582855,late_fusion
sprint9_multiseed_S8B_R2_seed7_S8B_R2_sequence_plus_context,S8B_R2_sequence_plus_context,1,gatv2_graph_c_sprint8b_sequence_plus_context,gatv2,graph_c_context_observation,S5F2_energy,val,311,2711,,1,0.337519109249115,late_fusion
sprint9_multiseed_S8B_R2_seed7_S8B_R2_sequence_plus_context,S8B_R2_sequence_plus_context,1,gatv2_graph_c_sprint8b_sequence_plus_context,gatv2,graph_c_context_observation,S5F2_energy,val,312,2711,,1,0.3079664409160614,late_fusion
sprint9_multiseed_S8B_R2_seed7_S8B_R2_sequence_plus_context,S8B_R2_sequence_plus_context,1,gatv2_graph_c_sprint8b_sequence_plus_context,gatv2,graph_c_context_observation,S5F2_energy,val,313,2711,,1,0.48057976365089417,late_fusion
sprint9_multiseed_S8B_R2_seed7_S8B_R2_sequence_plus_context,S8B_R2_sequence_plus_context,1,gatv2_graph_c_sprint8b_sequence_plus_context,gatv2,graph_c_context_observation,S5F2_energy,val,314,2711,,1,0.6695111989974976,late_fusion
sprint9_multiseed_S8B_R2_seed7_S8B_R2_sequence_plus_context,S8B_R2_sequence_plus_context,1,gatv2_graph_c_sprint8b_sequence_plus_context,gatv2,graph_c_context_observation,S5F2_energy,val,315,2711,,1,0.33846819400787354,late_fusion
sprint9_multiseed_S8B_R2_seed7_S8B_R2_sequence_plus_context,S8B_R2_sequence_plus_context,1,gatv2_graph_c_sprint8b_sequence_plus_context,gatv2,graph_c_context_observation,S5F2_energy,val,316,2711,,1,0.3751506805419922,late_fusion
sprint9_multiseed_S8B_R2_seed7_S8B_R2_sequence_plus_context,S8B_R2_sequence_plus_context,1,gatv2_graph_c_sprint8b_sequence_plus_context,gatv2,graph_c_context_observation,S5F2_energy,val,317,2711,,1,0.24408818781375885,late_fusion
sprint9_multiseed_S8B_R2_seed7_S8B_R2_sequence_plus_context,S8B_R2_sequence_plus_context,1,gatv2_graph_c_sprint8b_sequence_plus_context,gatv2,graph_c_context_observation,S5F2_energy,val,318,2711,,1,0.30055344104766846,late_fusion
sprint9_multiseed_S8B_R2_seed7_S8B_R2_sequence_plus_context,S8B_R2_sequence_plus_context,1,gatv2_graph_c_sprint8b_sequence_plus_context,gatv2,graph_c_context_observation,S5F2_energy,val,319,2711,,1,0.4203224778175354,late_fusion
sprint9_multiseed_S8B_R2_seed7_S8B_R2_sequence_plus_context,S8B_R2_sequence_plus_context,1,gatv2_graph_c_sprint8b_sequence_plus_context,gatv2,graph_c_context_observation,S5F2_energy,val,320,2711,,1,0.3063940405845642,late_fusion
sprint9_multiseed_S8B_R2_seed7_S8B_R2_sequence_plus_context,S8B_R2_sequence_plus_context,1,gatv2_graph_c_sprint8b_sequence_plus_context,gatv2,graph_c_context_observation,S5F2_energy,val,321,2711,,1,0.25553932785987854,late_fusion
sprint9_multiseed_S8B_R2_seed7_S8B_R2_sequence_plus_context,S8B_R2_sequence_plus_context,1,gatv2_graph_c_sprint8b_sequence_plus_context,gatv2,graph_c_context_observation,S5F2_energy,val,322,2711,,1,0.3050428032875061,late_fusion
sprint9_multiseed_S8B_R2_seed7_S8B_R2_sequence_plus_context,S8B_R2_sequence_plus_context,1,gatv2_graph_c_sprint8b_sequence_plus_context,gatv2,graph_c_context_observation,S5F2_energy,val,323,2711,,1,0.26889199018478394,late_fusion
sprint9_multiseed_S8B_R2_seed7_S8B_R2_sequence_plus_context,S8B_R2_sequence_plus_context,1,gatv2_graph_c_sprint8b_sequence_plus_context,gatv2,graph_c_context_observation,S5F2_energy,val,324,2711,,1,0.35716119408607483,late_fusion
sprint9_multiseed_S8B_R2_seed7_S8B_R2_sequence_plus_context,S8B_R2_sequence_plus_context,1,gatv2_graph_c_sprint8b_sequence_plus_context,gatv2,graph_c_context_observation,S5F2_energy,val,325,2711,,1,0.27195101976394653,late_fusion
sprint9_multiseed_S8B_R2_seed7_S8B_R2_sequence_plus_context,S8B_R2_sequence_plus_context,1,gatv2_graph_c_sprint8b_sequence_plus_context,gatv2,graph_c_context_observation,S5F2_energy,val,326,2711,,1,0.3116209805011749,late_fusion
sprint9_multiseed_S8B_R2_seed7_S8B_R2_sequence_plus_context,S8B_R2_sequence_plus_context,1,gatv2_graph_c_sprint8b_sequence_plus_context,gatv2,graph_c_context_observation,S5F2_energy,val,327,2711,,1,0.3845410645008087,late_fusion
sprint9_multiseed_S8B_R2_seed7_S8B_R2_sequence_plus_context,S8B_R2_sequence_plus_context,1,gatv2_graph_c_sprint8b_sequence_plus_context,gatv2,graph_c_context_observation,S5F2_energy,val,328,2711,,1,0.2881523072719574,late_fusion
sprint9_multiseed_S8B_R2_seed7_S8B_R2_sequence_plus_context,S8B_R2_sequence_plus_context,1,gatv2_graph_c_sprint8b_sequence_plus_context,gatv2,graph_c_context_observation,S5F2_energy,val,329,2711,,1,0.22561635076999664,late_fusion
sprint9_multiseed_S8B_R2_seed7_S8B_R2_sequence_plus_context,S8B_R2_sequence_plus_context,1,gatv2_graph_c_sprint8b_sequence_plus_context,gatv2,graph_c_context_observation,S5F2_energy,val,330,2711,,1,0.3022559881210327,late_fusion
sprint9_multiseed_S8B_R2_seed7_S8B_R2_sequence_plus_context,S8B_R2_sequence_plus_context,1,gatv2_graph_c_sprint8b_sequence_plus_context,gatv2,graph_c_context_observation,S5F2_energy,val,331,2711,,1,0.3930518329143524,late_fusion
sprint9_multiseed_S8B_R2_seed7_S8B_R2_sequence_plus_context,S8B_R2_sequence_plus_context,1,gatv2_graph_c_sprint8b_sequence_plus_context,gatv2,graph_c_context_observation,S5F2_energy,val,332,2711,,1,0.3598831295967102,late_fusion
sprint9_multiseed_S8B_R2_seed7_S8B_R2_sequence_plus_context,S8B_R2_sequence_plus_context,1,gatv2_graph_c_sprint8b_sequence_plus_context,gatv2,graph_c_context_observation,S5F2_energy,val,333,2711,,1,0.31119534373283386,late_fusion
sprint9_multiseed_S8B_R2_seed7_S8B_R2_sequence_plus_context,S8B_R2_sequence_plus_context,1,gatv2_graph_c_sprint8b_sequence_plus_context,gatv2,graph_c_context_observation,S5F2_energy,val,334,2711,,1,0.30679306387901306,late_fusion
sprint9_multiseed_S8B_R2_seed7_S8B_R2_sequence_plus_context,S8B_R2_sequence_plus_context,1,gatv2_graph_c_sprint8b_sequence_plus_context,gatv2,graph_c_context_observation,S5F2_energy,val,335,2711,,1,0.30026859045028687,late_fusion
sprint9_multiseed_S8B_R2_seed7_S8B_R2_sequence_plus_context,S8B_R2_sequence_plus_context,1,gatv2_graph_c_sprint8b_sequence_plus_context,gatv2,graph_c_context_observation,S5F2_energy,val,336,2711,,1,0.28491973876953125,late_fusion
sprint9_multiseed_S8B_R2_seed7_S8B_R2_sequence_plus_context,S8B_R2_sequence_plus_context,1,gatv2_graph_c_sprint8b_sequence_plus_context,gatv2,graph_c_context_observation,S5F2_energy,val,337,2711,,1,0.3570888340473175,late_fusion
sprint9_multiseed_S8B_R2_seed7_S8B_R2_sequence_plus_context,S8B_R2_sequence_plus_context,1,gatv2_graph_c_sprint8b_sequence_plus_context,gatv2,graph_c_context_observation,S5F2_energy,val,338,2711,,1,0.22210802137851715,late_fusion
sprint9_multiseed_S8B_R2_seed7_S8B_R2_sequence_plus_context,S8B_R2_sequence_plus_context,1,gatv2_graph_c_sprint8b_sequence_plus_context,gatv2,graph_c_context_observation,S5F2_energy,val,339,2711,,1,0.2927023768424988,late_fusion
sprint9_multiseed_S8B_R2_seed7_S8B_R2_sequence_plus_context,S8B_R2_sequence_plus_context,1,gatv2_graph_c_sprint8b_sequence_plus_context,gatv2,graph_c_context_observation,S5F2_energy,val,340,2711,,1,0.4003761112689972,late_fusion
sprint9_multiseed_S8B_R2_seed7_S8B_R2_sequence_plus_context,S8B_R2_sequence_plus_context,1,gatv2_graph_c_sprint8b_sequence_plus_context,gatv2,graph_c_context_observation,S5F2_energy,val,341,2711,,1,0.3661205768585205,late_fusion
sprint9_multiseed_S8B_R2_seed7_S8B_R2_sequence_plus_context,S8B_R2_sequence_plus_context,1,gatv2_graph_c_sprint8b_sequence_plus_context,gatv2,graph_c_context_observation,S5F2_energy,val,342,2711,,1,0.27959346771240234,late_fusion
sprint9_multiseed_S8B_R2_seed7_S8B_R2_sequence_plus_context,S8B_R2_sequence_plus_context,1,gatv2_graph_c_sprint8b_sequence_plus_context,gatv2,graph_c_context_observation,S5F2_energy,val,343,2711,,1,0.25316086411476135,late_fusion
sprint9_multiseed_S8B_R2_seed7_S8B_R2_sequence_plus_context,S8B_R2_sequence_plus_context,1,gatv2_graph_c_sprint8b_sequence_plus_context,gatv2,graph_c_context_observation,S5F2_energy,val,344,2869,,1,0.8539267182350159,late_fusion
sprint9_multiseed_S8B_R2_seed7_S8B_R2_sequence_plus_context,S8B_R2_sequence_plus_context,1,gatv2_graph_c_sprint8b_sequence_plus_context,gatv2,graph_c_context_observation,S5F2_energy,val,345,2869,,1,0.4561668932437897,late_fusion
sprint9_multiseed_S8B_R2_seed7_S8B_R2_sequence_plus_context,S8B_R2_sequence_plus_context,1,gatv2_graph_c_sprint8b_sequence_plus_context,gatv2,graph_c_context_observation,S5F2_energy,val,346,2869,,1,0.4372245669364929,late_fusion
sprint9_multiseed_S8B_R2_seed7_S8B_R2_sequence_plus_context,S8B_R2_sequence_plus_context,1,gatv2_graph_c_sprint8b_sequence_plus_context,gatv2,graph_c_context_observation,S5F2_energy,val,347,2869,,1,0.4027566909790039,late_fusion
sprint9_multiseed_S8B_R2_seed7_S8B_R2_sequence_plus_context,S8B_R2_sequence_plus_context,1,gatv2_graph_c_sprint8b_sequence_plus_context,gatv2,graph_c_context_observation,S5F2_energy,val,348,2869,,1,0.3802665174007416,late_fusion
sprint9_multiseed_S8B_R2_seed7_S8B_R2_sequence_plus_context,S8B_R2_sequence_plus_context,1,gatv2_graph_c_sprint8b_sequence_plus_context,gatv2,graph_c_context_observation,S5F2_energy,val,349,2869,,1,0.44791337847709656,late_fusion
sprint9_multiseed_S8B_R2_seed7_S8B_R2_sequence_plus_context,S8B_R2_sequence_plus_context,1,gatv2_graph_c_sprint8b_sequence_plus_context,gatv2,graph_c_context_observation,S5F2_energy,val,350,2869,,1,0.460092693567276,late_fusion
sprint9_multiseed_S8B_R2_seed7_S8B_R2_sequence_plus_context,S8B_R2_sequence_plus_context,1,gatv2_graph_c_sprint8b_sequence_plus_context,gatv2,graph_c_context_observation,S5F2_energy,val,351,2869,,1,0.5413020253181458,late_fusion
sprint9_multiseed_S8B_R2_seed7_S8B_R2_sequence_plus_context,S8B_R2_sequence_plus_context,1,gatv2_graph_c_sprint8b_sequence_plus_context,gatv2,graph_c_context_observation,S5F2_energy,val,352,2869,,1,0.4654282033443451,late_fusion
sprint9_multiseed_S8B_R2_seed7_S8B_R2_sequence_plus_context,S8B_R2_sequence_plus_context,1,gatv2_graph_c_sprint8b_sequence_plus_context,gatv2,graph_c_context_observation,S5F2_energy,val,353,2869,,1,0.41114696860313416,late_fusion
sprint9_multiseed_S8B_R2_seed7_S8B_R2_sequence_plus_context,S8B_R2_sequence_plus_context,1,gatv2_graph_c_sprint8b_sequence_plus_context,gatv2,graph_c_context_observation,S5F2_energy,val,354,2869,,1,0.7197179794311523,late_fusion
sprint9_multiseed_S8B_R2_seed7_S8B_R2_sequence_plus_context,S8B_R2_sequence_plus_context,1,gatv2_graph_c_sprint8b_sequence_plus_context,gatv2,graph_c_context_observation,S5F2_energy,val,355,2869,,1,0.6933414340019226,late_fusion
sprint9_multiseed_S8B_R2_seed7_S8B_R2_sequence_plus_context,S8B_R2_sequence_plus_context,1,gatv2_graph_c_sprint8b_sequence_plus_context,gatv2,graph_c_context_observation,S5F2_energy,val,356,2869,,1,0.6293227672576904,late_fusion
sprint9_multiseed_S8B_R2_seed7_S8B_R2_sequence_plus_context,S8B_R2_sequence_plus_context,1,gatv2_graph_c_sprint8b_sequence_plus_context,gatv2,graph_c_context_observation,S5F2_energy,val,357,2869,,1,0.5281090140342712,late_fusion
sprint9_multiseed_S8B_R2_seed7_S8B_R2_sequence_plus_context,S8B_R2_sequence_plus_context,1,gatv2_graph_c_sprint8b_sequence_plus_context,gatv2,graph_c_context_observation,S5F2_energy,val,358,2869,,1,0.5555062294006348,late_fusion
sprint9_multiseed_S8B_R2_seed7_S8B_R2_sequence_plus_context,S8B_R2_sequence_plus_context,1,gatv2_graph_c_sprint8b_sequence_plus_context,gatv2,graph_c_context_observation,S5F2_energy,val,359,2869,,1,0.6473038792610168,late_fusion
sprint9_multiseed_S8B_R2_seed7_S8B_R2_sequence_plus_context,S8B_R2_sequence_plus_context,1,gatv2_graph_c_sprint8b_sequence_plus_context,gatv2,graph_c_context_observation,S5F2_energy,val,360,2869,,1,0.45132139325141907,late_fusion
sprint9_multiseed_S8B_R2_seed7_S8B_R2_sequence_plus_context,S8B_R2_sequence_plus_context,1,gatv2_graph_c_sprint8b_sequence_plus_context,gatv2,graph_c_context_observation,S5F2_energy,val,361,2869,,1,0.4149523973464966,late_fusion
sprint9_multiseed_S8B_R2_seed7_S8B_R2_sequence_plus_context,S8B_R2_sequence_plus_context,1,gatv2_graph_c_sprint8b_sequence_plus_context,gatv2,graph_c_context_observation,S5F2_energy,val,362,2869,,1,0.45224010944366455,late_fusion
sprint9_multiseed_S8B_R2_seed7_S8B_R2_sequence_plus_context,S8B_R2_sequence_plus_context,1,gatv2_graph_c_sprint8b_sequence_plus_context,gatv2,graph_c_context_observation,S5F2_energy,val,363,2869,,1,0.596919596195221,late_fusion
sprint9_multiseed_S8B_R2_seed7_S8B_R2_sequence_plus_context,S8B_R2_sequence_plus_context,1,gatv2_graph_c_sprint8b_sequence_plus_context,gatv2,graph_c_context_observation,S5F2_energy,val,364,2869,,1,0.47578370571136475,late_fusion
sprint9_multiseed_S8B_R2_seed7_S8B_R2_sequence_plus_context,S8B_R2_sequence_plus_context,1,gatv2_graph_c_sprint8b_sequence_plus_context,gatv2,graph_c_context_observation,S5F2_energy,val,365,2869,,1,0.4061281681060791,late_fusion
sprint9_multiseed_S8B_R2_seed7_S8B_R2_sequence_plus_context,S8B_R2_sequence_plus_context,1,gatv2_graph_c_sprint8b_sequence_plus_context,gatv2,graph_c_context_observation,S5F2_energy,val,366,2869,,1,0.4812120497226715,late_fusion
sprint9_multiseed_S8B_R2_seed7_S8B_R2_sequence_plus_context,S8B_R2_sequence_plus_context,1,gatv2_graph_c_sprint8b_sequence_plus_context,gatv2,graph_c_context_observation,S5F2_energy,val,367,2869,,1,0.5267657041549683,late_fusion
sprint9_multiseed_S8B_R2_seed7_S8B_R2_sequence_plus_context,S8B_R2_sequence_plus_context,1,gatv2_graph_c_sprint8b_sequence_plus_context,gatv2,graph_c_context_observation,S5F2_energy,val,368,2869,,1,0.4505555033683777,late_fusion
sprint9_multiseed_S8B_R2_seed7_S8B_R2_sequence_plus_context,S8B_R2_sequence_plus_context,1,gatv2_graph_c_sprint8b_sequence_plus_context,gatv2,graph_c_context_observation,S5F2_energy,val,369,2869,,1,0.49239856004714966,late_fusion
sprint9_multiseed_S8B_R2_seed7_S8B_R2_sequence_plus_context,S8B_R2_sequence_plus_context,1,gatv2_graph_c_sprint8b_sequence_plus_context,gatv2,graph_c_context_observation,S5F2_energy,val,370,2869,,1,0.44139277935028076,late_fusion
sprint9_multiseed_S8B_R2_seed7_S8B_R2_sequence_plus_context,S8B_R2_sequence_plus_context,1,gatv2_graph_c_sprint8b_sequence_plus_context,gatv2,graph_c_context_observation,S5F2_energy,val,371,2869,,1,0.37274253368377686,late_fusion
sprint9_multiseed_S8B_R2_seed7_S8B_R2_sequence_plus_context,S8B_R2_sequence_plus_context,1,gatv2_graph_c_sprint8b_sequence_plus_context,gatv2,graph_c_context_observation,S5F2_energy,val,372,2869,,1,0.5646098852157593,late_fusion
sprint9_multiseed_S8B_R2_seed7_S8B_R2_sequence_plus_context,S8B_R2_sequence_plus_context,1,gatv2_graph_c_sprint8b_sequence_plus_context,gatv2,graph_c_context_observation,S5F2_energy,val,373,2869,,1,0.5524527430534363,late_fusion
sprint9_multiseed_S8B_R2_seed7_S8B_R2_sequence_plus_context,S8B_R2_sequence_plus_context,1,gatv2_graph_c_sprint8b_sequence_plus_context,gatv2,graph_c_context_observation,S5F2_energy,val,374,2869,,1,0.4942878186702728,late_fusion
sprint9_multiseed_S8B_R2_seed7_S8B_R2_sequence_plus_context,S8B_R2_sequence_plus_context,1,gatv2_graph_c_sprint8b_sequence_plus_context,gatv2,graph_c_context_observation,S5F2_energy,val,375,2869,,1,0.5713236331939697,late_fusion
sprint9_multiseed_S8B_R2_seed7_S8B_R2_sequence_plus_context,S8B_R2_sequence_plus_context,1,gatv2_graph_c_sprint8b_sequence_plus_context,gatv2,graph_c_context_observation,S5F2_energy,val,376,2869,,1,0.5290105938911438,late_fusion
sprint9_multiseed_S8B_R2_seed7_S8B_R2_sequence_plus_context,S8B_R2_sequence_plus_context,1,gatv2_graph_c_sprint8b_sequence_plus_context,gatv2,graph_c_context_observation,S5F2_energy,val,377,2869,,1,0.45639631152153015,late_fusion
sprint9_multiseed_S8B_R2_seed7_S8B_R2_sequence_plus_context,S8B_R2_sequence_plus_context,1,gatv2_graph_c_sprint8b_sequence_plus_context,gatv2,graph_c_context_observation,S5F2_energy,val,378,2869,,1,0.4824046492576599,late_fusion
sprint9_multiseed_S8B_R2_seed7_S8B_R2_sequence_plus_context,S8B_R2_sequence_plus_context,1,gatv2_graph_c_sprint8b_sequence_plus_context,gatv2,graph_c_context_observation,S5F2_energy,val,379,2869,,1,0.4915344715118408,late_fusion
sprint9_multiseed_S8B_R2_seed7_S8B_R2_sequence_plus_context,S8B_R2_sequence_plus_context,1,gatv2_graph_c_sprint8b_sequence_plus_context,gatv2,graph_c_context_observation,S5F2_energy,val,380,2869,,1,0.46108540892601013,late_fusion
sprint9_multiseed_S8B_R2_seed7_S8B_R2_sequence_plus_context,S8B_R2_sequence_plus_context,1,gatv2_graph_c_sprint8b_sequence_plus_context,gatv2,graph_c_context_observation,S5F2_energy,val,381,2869,,1,0.5039368271827698,late_fusion
sprint9_multiseed_S8B_R2_seed7_S8B_R2_sequence_plus_context,S8B_R2_sequence_plus_context,1,gatv2_graph_c_sprint8b_sequence_plus_context,gatv2,graph_c_context_observation,S5F2_energy,val,382,2869,,1,0.7206863760948181,late_fusion
sprint9_multiseed_S8B_R2_seed7_S8B_R2_sequence_plus_context,S8B_R2_sequence_plus_context,1,gatv2_graph_c_sprint8b_sequence_plus_context,gatv2,graph_c_context_observation,S5F2_energy,val,383,2869,,1,0.5154784321784973,late_fusion
sprint9_multiseed_S8B_R2_seed7_S8B_R2_sequence_plus_context,S8B_R2_sequence_plus_context,1,gatv2_graph_c_sprint8b_sequence_plus_context,gatv2,graph_c_context_observation,S5F2_energy,val,384,2869,,1,0.46198543906211853,late_fusion
sprint9_multiseed_S8B_R2_seed7_S8B_R2_sequence_plus_context,S8B_R2_sequence_plus_context,1,gatv2_graph_c_sprint8b_sequence_plus_context,gatv2,graph_c_context_observation,S5F2_energy,val,385,2869,,1,0.3885873258113861,late_fusion
sprint9_multiseed_S8B_R2_seed7_S8B_R2_sequence_plus_context,S8B_R2_sequence_plus_context,1,gatv2_graph_c_sprint8b_sequence_plus_context,gatv2,graph_c_context_observation,S5F2_energy,val,386,2869,,1,0.46820688247680664,late_fusion
sprint9_multiseed_S8B_R2_seed7_S8B_R2_sequence_plus_context,S8B_R2_sequence_plus_context,1,gatv2_graph_c_sprint8b_sequence_plus_context,gatv2,graph_c_context_observation,S5F2_energy,val,387,2869,,1,0.4068134129047394,late_fusion
sprint9_multiseed_S8B_R2_seed7_S8B_R2_sequence_plus_context,S8B_R2_sequence_plus_context,1,gatv2_graph_c_sprint8b_sequence_plus_context,gatv2,graph_c_context_observation,S5F2_energy,val,388,2869,,1,0.3675989508628845,late_fusion
sprint9_multiseed_S8B_R2_seed7_S8B_R2_sequence_plus_context,S8B_R2_sequence_plus_context,1,gatv2_graph_c_sprint8b_sequence_plus_context,gatv2,graph_c_context_observation,S5F2_energy,val,389,2869,,1,0.5293336510658264,late_fusion
sprint9_multiseed_S8B_R2_seed7_S8B_R2_sequence_plus_context,S8B_R2_sequence_plus_context,1,gatv2_graph_c_sprint8b_sequence_plus_context,gatv2,graph_c_context_observation,S5F2_energy,val,390,2869,,1,0.3963928520679474,late_fusion
sprint9_multiseed_S8B_R2_seed7_S8B_R2_sequence_plus_context,S8B_R2_sequence_plus_context,1,gatv2_graph_c_sprint8b_sequence_plus_context,gatv2,graph_c_context_observation,S5F2_energy,val,391,2869,,1,0.4388009011745453,late_fusion
sprint9_multiseed_S8B_R2_seed7_S8B_R2_sequence_plus_context,S8B_R2_sequence_plus_context,1,gatv2_graph_c_sprint8b_sequence_plus_context,gatv2,graph_c_context_observation,S5F2_energy,val,392,2869,,1,0.44106221199035645,late_fusion
sprint9_multiseed_S8B_R2_seed7_S8B_R2_sequence_plus_context,S8B_R2_sequence_plus_context,1,gatv2_graph_c_sprint8b_sequence_plus_context,gatv2,graph_c_context_observation,S5F2_energy,val,393,2869,,1,0.5790380835533142,late_fusion
sprint9_multiseed_S8B_R2_seed7_S8B_R2_sequence_plus_context,S8B_R2_sequence_plus_context,1,gatv2_graph_c_sprint8b_sequence_plus_context,gatv2,graph_c_context_observation,S5F2_energy,val,394,2869,,1,0.4342600405216217,late_fusion
sprint9_multiseed_S8B_R2_seed7_S8B_R2_sequence_plus_context,S8B_R2_sequence_plus_context,1,gatv2_graph_c_sprint8b_sequence_plus_context,gatv2,graph_c_context_observation,S5F2_energy,val,395,2869,,1,0.45529884099960327,late_fusion
sprint9_multiseed_S8B_R2_seed7_S8B_R2_sequence_plus_context,S8B_R2_sequence_plus_context,1,gatv2_graph_c_sprint8b_sequence_plus_context,gatv2,graph_c_context_observation,S5F2_energy,val,396,2869,,1,0.4389090836048126,late_fusion
sprint9_multiseed_S8B_R2_seed7_S8B_R2_sequence_plus_context,S8B_R2_sequence_plus_context,1,gatv2_graph_c_sprint8b_sequence_plus_context,gatv2,graph_c_context_observation,S5F2_energy,val,397,2869,,1,0.41421201825141907,late_fusion
sprint9_multiseed_S8B_R2_seed7_S8B_R2_sequence_plus_context,S8B_R2_sequence_plus_context,1,gatv2_graph_c_sprint8b_sequence_plus_context,gatv2,graph_c_context_observation,S5F2_energy,val,398,2869,,1,0.42720720171928406,late_fusion
sprint9_multiseed_S8B_R2_seed7_S8B_R2_sequence_plus_context,S8B_R2_sequence_plus_context,1,gatv2_graph_c_sprint8b_sequence_plus_context,gatv2,graph_c_context_observation,S5F2_energy,val,399,2869,,1,0.5330080986022949,late_fusion
sprint9_multiseed_S8B_R2_seed7_S8B_R2_sequence_plus_context,S8B_R2_sequence_plus_context,1,gatv2_graph_c_sprint8b_sequence_plus_context,gatv2,graph_c_context_observation,S5F2_energy,val,400,2869,,1,0.5218570232391357,late_fusion
sprint9_multiseed_S8B_R2_seed7_S8B_R2_sequence_plus_context,S8B_R2_sequence_plus_context,1,gatv2_graph_c_sprint8b_sequence_plus_context,gatv2,graph_c_context_observation,S5F2_energy,val,401,2869,,1,0.5020070672035217,late_fusion
sprint9_multiseed_S8B_R2_seed7_S8B_R2_sequence_plus_context,S8B_R2_sequence_plus_context,1,gatv2_graph_c_sprint8b_sequence_plus_context,gatv2,graph_c_context_observation,S5F2_energy,val,402,2869,,1,0.4336211681365967,late_fusion
sprint9_multiseed_S8B_R2_seed7_S8B_R2_sequence_plus_context,S8B_R2_sequence_plus_context,1,gatv2_graph_c_sprint8b_sequence_plus_context,gatv2,graph_c_context_observation,S5F2_energy,val,403,2869,,1,0.44865497946739197,late_fusion
sprint9_multiseed_S8B_R2_seed7_S8B_R2_sequence_plus_context,S8B_R2_sequence_plus_context,1,gatv2_graph_c_sprint8b_sequence_plus_context,gatv2,graph_c_context_observation,S5F2_energy,val,404,2869,,1,0.4827943742275238,late_fusion
sprint9_multiseed_S8B_R2_seed7_S8B_R2_sequence_plus_context,S8B_R2_sequence_plus_context,1,gatv2_graph_c_sprint8b_sequence_plus_context,gatv2,graph_c_context_observation,S5F2_energy,val,405,2869,,1,0.3955920934677124,late_fusion
sprint9_multiseed_S8B_R2_seed7_S8B_R2_sequence_plus_context,S8B_R2_sequence_plus_context,1,gatv2_graph_c_sprint8b_sequence_plus_context,gatv2,graph_c_context_observation,S5F2_energy,val,406,2869,,1,0.40933293104171753,late_fusion
sprint9_multiseed_S8B_R2_seed7_S8B_R2_sequence_plus_context,S8B_R2_sequence_plus_context,1,gatv2_graph_c_sprint8b_sequence_plus_context,gatv2,graph_c_context_observation,S5F2_energy,val,407,2869,,1,0.40754008293151855,late_fusion
sprint9_multiseed_S8B_R2_seed7_S8B_R2_sequence_plus_context,S8B_R2_sequence_plus_context,1,gatv2_graph_c_sprint8b_sequence_plus_context,gatv2,graph_c_context_observation,S5F2_energy,val,408,2869,,1,0.39810019731521606,late_fusion
sprint9_multiseed_S8B_R2_seed7_S8B_R2_sequence_plus_context,S8B_R2_sequence_plus_context,1,gatv2_graph_c_sprint8b_sequence_plus_context,gatv2,graph_c_context_observation,S5F2_energy,val,409,2869,,1,0.3811527192592621,late_fusion
sprint9_multiseed_S8B_R2_seed7_S8B_R2_sequence_plus_context,S8B_R2_sequence_plus_context,1,gatv2_graph_c_sprint8b_sequence_plus_context,gatv2,graph_c_context_observation,S5F2_energy,val,410,2869,,1,0.4041849374771118,late_fusion
sprint9_multiseed_S8B_R2_seed7_S8B_R2_sequence_plus_context,S8B_R2_sequence_plus_context,1,gatv2_graph_c_sprint8b_sequence_plus_context,gatv2,graph_c_context_observation,S5F2_energy,val,411,2869,,1,0.4411284625530243,late_fusion
sprint9_multiseed_S8B_R2_seed7_S8B_R2_sequence_plus_context,S8B_R2_sequence_plus_context,1,gatv2_graph_c_sprint8b_sequence_plus_context,gatv2,graph_c_context_observation,S5F2_energy,val,412,2869,,1,0.39312684535980225,late_fusion
sprint9_multiseed_S8B_R2_seed7_S8B_R2_sequence_plus_context,S8B_R2_sequence_plus_context,1,gatv2_graph_c_sprint8b_sequence_plus_context,gatv2,graph_c_context_observation,S5F2_energy,val,413,2869,,1,0.4472294747829437,late_fusion
sprint9_multiseed_S8B_R2_seed7_S8B_R2_sequence_plus_context,S8B_R2_sequence_plus_context,1,gatv2_graph_c_sprint8b_sequence_plus_context,gatv2,graph_c_context_observation,S5F2_energy,val,414,2869,,1,0.375769704580307,late_fusion
sprint9_multiseed_S8B_R2_seed7_S8B_R2_sequence_plus_context,S8B_R2_sequence_plus_context,1,gatv2_graph_c_sprint8b_sequence_plus_context,gatv2,graph_c_context_observation,S5F2_energy,val,415,2869,,1,0.4191778004169464,late_fusion
sprint9_multiseed_S8B_R2_seed7_S8B_R2_sequence_plus_context,S8B_R2_sequence_plus_context,1,gatv2_graph_c_sprint8b_sequence_plus_context,gatv2,graph_c_context_observation,S5F2_energy,val,416,2869,,1,0.4376770257949829,late_fusion
sprint9_multiseed_S8B_R2_seed7_S8B_R2_sequence_plus_context,S8B_R2_sequence_plus_context,1,gatv2_graph_c_sprint8b_sequence_plus_context,gatv2,graph_c_context_observation,S5F2_energy,val,417,2869,,1,0.4344489574432373,late_fusion
sprint9_multiseed_S8B_R2_seed7_S8B_R2_sequence_plus_context,S8B_R2_sequence_plus_context,1,gatv2_graph_c_sprint8b_sequence_plus_context,gatv2,graph_c_context_observation,S5F2_energy,val,418,2869,,1,0.3720542788505554,late_fusion
sprint9_multiseed_S8B_R2_seed7_S8B_R2_sequence_plus_context,S8B_R2_sequence_plus_context,1,gatv2_graph_c_sprint8b_sequence_plus_context,gatv2,graph_c_context_observation,S5F2_energy,val,419,2869,,1,0.5475388169288635,late_fusion
sprint9_multiseed_S8B_R2_seed7_S8B_R2_sequence_plus_context,S8B_R2_sequence_plus_context,1,gatv2_graph_c_sprint8b_sequence_plus_context,gatv2,graph_c_context_observation,S5F2_energy,val,420,2869,,1,0.42293620109558105,late_fusion
sprint9_multiseed_S8B_R2_seed7_S8B_R2_sequence_plus_context,S8B_R2_sequence_plus_context,1,gatv2_graph_c_sprint8b_sequence_plus_context,gatv2,graph_c_context_observation,S5F2_energy,val,421,2869,,1,0.3876833915710449,late_fusion
sprint9_multiseed_S8B_R2_seed7_S8B_R2_sequence_plus_context,S8B_R2_sequence_plus_context,1,gatv2_graph_c_sprint8b_sequence_plus_context,gatv2,graph_c_context_observation,S5F2_energy,val,422,2869,,1,0.3889167010784149,late_fusion
sprint9_multiseed_S8B_R2_seed7_S8B_R2_sequence_plus_context,S8B_R2_sequence_plus_context,1,gatv2_graph_c_sprint8b_sequence_plus_context,gatv2,graph_c_context_observation,S5F2_energy,val,423,2869,,1,0.3760870099067688,late_fusion
sprint9_multiseed_S8B_R2_seed7_S8B_R2_sequence_plus_context,S8B_R2_sequence_plus_context,1,gatv2_graph_c_sprint8b_sequence_plus_context,gatv2,graph_c_context_observation,S5F2_energy,val,424,2869,,1,0.4354584813117981,late_fusion
sprint9_multiseed_S8B_R2_seed7_S8B_R2_sequence_plus_context,S8B_R2_sequence_plus_context,1,gatv2_graph_c_sprint8b_sequence_plus_context,gatv2,graph_c_context_observation,S5F2_energy,val,425,2869,,1,0.43619462847709656,late_fusion
sprint9_multiseed_S8B_R2_seed7_S8B_R2_sequence_plus_context,S8B_R2_sequence_plus_context,1,gatv2_graph_c_sprint8b_sequence_plus_context,gatv2,graph_c_context_observation,S5F2_energy,val,426,2869,,1,0.4711768925189972,late_fusion
sprint9_multiseed_S8B_R2_seed7_S8B_R2_sequence_plus_context,S8B_R2_sequence_plus_context,1,gatv2_graph_c_sprint8b_sequence_plus_context,gatv2,graph_c_context_observation,S5F2_energy,val,427,2869,,1,0.4321659505367279,late_fusion
sprint9_multiseed_S8B_R2_seed7_S8B_R2_sequence_plus_context,S8B_R2_sequence_plus_context,1,gatv2_graph_c_sprint8b_sequence_plus_context,gatv2,graph_c_context_observation,S5F2_energy,val,428,2869,,1,0.5083429217338562,late_fusion
sprint9_multiseed_S8B_R2_seed7_S8B_R2_sequence_plus_context,S8B_R2_sequence_plus_context,1,gatv2_graph_c_sprint8b_sequence_plus_context,gatv2,graph_c_context_observation,S5F2_energy,val,429,2869,,1,0.490675687789917,late_fusion
sprint9_multiseed_S8B_R2_seed7_S8B_R2_sequence_plus_context,S8B_R2_sequence_plus_context,1,gatv2_graph_c_sprint8b_sequence_plus_context,gatv2,graph_c_context_observation,S5F2_energy,val,430,2869,,1,0.3975289463996887,late_fusion
sprint9_multiseed_S8B_R2_seed7_S8B_R2_sequence_plus_context,S8B_R2_sequence_plus_context,1,gatv2_graph_c_sprint8b_sequence_plus_context,gatv2,graph_c_context_observation,S5F2_energy,val,431,2869,,1,0.461051344871521,late_fusion
sprint9_multiseed_S8B_R2_seed7_S8B_R2_sequence_plus_context,S8B_R2_sequence_plus_context,1,gatv2_graph_c_sprint8b_sequence_plus_context,gatv2,graph_c_context_observation,S5F2_energy,val,432,2869,,1,0.4889819025993347,late_fusion
sprint9_multiseed_S8B_R2_seed7_S8B_R2_sequence_plus_context,S8B_R2_sequence_plus_context,1,gatv2_graph_c_sprint8b_sequence_plus_context,gatv2,graph_c_context_observation,S5F2_energy,val,433,2869,,1,0.4360825717449188,late_fusion
sprint9_multiseed_S8B_R2_seed7_S8B_R2_sequence_plus_context,S8B_R2_sequence_plus_context,1,gatv2_graph_c_sprint8b_sequence_plus_context,gatv2,graph_c_context_observation,S5F2_energy,val,434,2869,,1,0.5708389282226562,late_fusion
sprint9_multiseed_S8B_R2_seed7_S8B_R2_sequence_plus_context,S8B_R2_sequence_plus_context,1,gatv2_graph_c_sprint8b_sequence_plus_context,gatv2,graph_c_context_observation,S5F2_energy,val,435,2869,,1,0.46970993280410767,late_fusion
sprint9_multiseed_S8B_R2_seed7_S8B_R2_sequence_plus_context,S8B_R2_sequence_plus_context,1,gatv2_graph_c_sprint8b_sequence_plus_context,gatv2,graph_c_context_observation,S5F2_energy,val,436,2869,,1,0.442375123500824,late_fusion
sprint9_multiseed_S8B_R2_seed7_S8B_R2_sequence_plus_context,S8B_R2_sequence_plus_context,1,gatv2_graph_c_sprint8b_sequence_plus_context,gatv2,graph_c_context_observation,S5F2_energy,val,437,2869,,1,0.40843746066093445,late_fusion
sprint9_multiseed_S8B_R2_seed7_S8B_R2_sequence_plus_context,S8B_R2_sequence_plus_context,1,gatv2_graph_c_sprint8b_sequence_plus_context,gatv2,graph_c_context_observation,S5F2_energy,val,438,2869,,1,0.47613784670829773,late_fusion
sprint9_multiseed_S8B_R2_seed7_S8B_R2_sequence_plus_context,S8B_R2_sequence_plus_context,1,gatv2_graph_c_sprint8b_sequence_plus_context,gatv2,graph_c_context_observation,S5F2_energy,val,439,2869,,1,0.3898991644382477,late_fusion
sprint9_multiseed_S8B_R2_seed7_S8B_R2_sequence_plus_context,S8B_R2_sequence_plus_context,1,gatv2_graph_c_sprint8b_sequence_plus_context,gatv2,graph_c_context_observation,S5F2_energy,val,440,2869,,1,0.5077359080314636,late_fusion
sprint9_multiseed_S8B_R2_seed7_S8B_R2_sequence_plus_context,S8B_R2_sequence_plus_context,1,gatv2_graph_c_sprint8b_sequence_plus_context,gatv2,graph_c_context_observation,S5F2_energy,val,441,2869,,1,0.3702238202095032,late_fusion
sprint9_multiseed_S8B_R2_seed7_S8B_R2_sequence_plus_context,S8B_R2_sequence_plus_context,1,gatv2_graph_c_sprint8b_sequence_plus_context,gatv2,graph_c_context_observation,S5F2_energy,val,442,2869,,1,0.4101690351963043,late_fusion
sprint9_multiseed_S8B_R2_seed7_S8B_R2_sequence_plus_context,S8B_R2_sequence_plus_context,1,gatv2_graph_c_sprint8b_sequence_plus_context,gatv2,graph_c_context_observation,S5F2_energy,val,443,2869,,1,0.4254895746707916,late_fusion
sprint9_multiseed_S8B_R2_seed7_S8B_R2_sequence_plus_context,S8B_R2_sequence_plus_context,1,gatv2_graph_c_sprint8b_sequence_plus_context,gatv2,graph_c_context_observation,S5F2_energy,val,444,2869,,1,0.4622478783130646,late_fusion
sprint9_multiseed_S8B_R2_seed7_S8B_R2_sequence_plus_context,S8B_R2_sequence_plus_context,1,gatv2_graph_c_sprint8b_sequence_plus_context,gatv2,graph_c_context_observation,S5F2_energy,val,445,2869,,1,0.48539426922798157,late_fusion
sprint9_multiseed_S8B_R2_seed7_S8B_R2_sequence_plus_context,S8B_R2_sequence_plus_context,1,gatv2_graph_c_sprint8b_sequence_plus_context,gatv2,graph_c_context_observation,S5F2_energy,val,446,2869,,1,0.53452068567276,late_fusion
sprint9_multiseed_S8B_R2_seed7_S8B_R2_sequence_plus_context,S8B_R2_sequence_plus_context,1,gatv2_graph_c_sprint8b_sequence_plus_context,gatv2,graph_c_context_observation,S5F2_energy,val,447,2869,,1,0.4086551368236542,late_fusion
sprint9_multiseed_S8B_R2_seed7_S8B_R2_sequence_plus_context,S8B_R2_sequence_plus_context,1,gatv2_graph_c_sprint8b_sequence_plus_context,gatv2,graph_c_context_observation,S5F2_energy,val,448,2869,,1,0.3891647458076477,late_fusion
sprint9_multiseed_S8B_R2_seed7_S8B_R2_sequence_plus_context,S8B_R2_sequence_plus_context,1,gatv2_graph_c_sprint8b_sequence_plus_context,gatv2,graph_c_context_observation,S5F2_energy,val,449,2869,,1,0.536086916923523,late_fusion
sprint9_multiseed_S8B_R2_seed7_S8B_R2_sequence_plus_context,S8B_R2_sequence_plus_context,1,gatv2_graph_c_sprint8b_sequence_plus_context,gatv2,graph_c_context_observation,S5F2_energy,val,450,2869,,1,0.4667414724826813,late_fusion
sprint9_multiseed_S8B_R2_seed7_S8B_R2_sequence_plus_context,S8B_R2_sequence_plus_context,1,gatv2_graph_c_sprint8b_sequence_plus_context,gatv2,graph_c_context_observation,S5F2_energy,val,451,2869,,1,0.4569520950317383,late_fusion
sprint9_multiseed_S8B_R2_seed7_S8B_R2_sequence_plus_context,S8B_R2_sequence_plus_context,1,gatv2_graph_c_sprint8b_sequence_plus_context,gatv2,graph_c_context_observation,S5F2_energy,val,452,2869,,1,0.4584990441799164,late_fusion
sprint9_multiseed_S8B_R2_seed7_S8B_R2_sequence_plus_context,S8B_R2_sequence_plus_context,1,gatv2_graph_c_sprint8b_sequence_plus_context,gatv2,graph_c_context_observation,S5F2_energy,val,453,2869,,1,0.38053321838378906,late_fusion
sprint9_multiseed_S8B_R2_seed7_S8B_R2_sequence_plus_context,S8B_R2_sequence_plus_context,1,gatv2_graph_c_sprint8b_sequence_plus_context,gatv2,graph_c_context_observation,S5F2_energy,val,454,2869,,1,0.42374950647354126,late_fusion
sprint9_multiseed_S8B_R2_seed7_S8B_R2_sequence_plus_context,S8B_R2_sequence_plus_context,1,gatv2_graph_c_sprint8b_sequence_plus_context,gatv2,graph_c_context_observation,S5F2_energy,val,455,2869,,1,0.43749547004699707,late_fusion
sprint9_multiseed_S8B_R2_seed7_S8B_R2_sequence_plus_context,S8B_R2_sequence_plus_context,1,gatv2_graph_c_sprint8b_sequence_plus_context,gatv2,graph_c_context_observation,S5F2_energy,val,456,2869,,1,0.4126308262348175,late_fusion
sprint9_multiseed_S8B_R2_seed7_S8B_R2_sequence_plus_context,S8B_R2_sequence_plus_context,1,gatv2_graph_c_sprint8b_sequence_plus_context,gatv2,graph_c_context_observation,S5F2_energy,val,457,2869,,1,0.47911128401756287,late_fusion
sprint9_multiseed_S8B_R2_seed7_S8B_R2_sequence_plus_context,S8B_R2_sequence_plus_context,1,gatv2_graph_c_sprint8b_sequence_plus_context,gatv2,graph_c_context_observation,S5F2_energy,val,458,2869,,1,0.4270968437194824,late_fusion
sprint9_multiseed_S8B_R2_seed7_S8B_R2_sequence_plus_context,S8B_R2_sequence_plus_context,1,gatv2_graph_c_sprint8b_sequence_plus_context,gatv2,graph_c_context_observation,S5F2_energy,val,459,2869,,1,0.46248817443847656,late_fusion
sprint9_multiseed_S8B_R2_seed7_S8B_R2_sequence_plus_context,S8B_R2_sequence_plus_context,1,gatv2_graph_c_sprint8b_sequence_plus_context,gatv2,graph_c_context_observation,S5F2_energy,val,460,2869,,1,0.4823778569698334,late_fusion
sprint9_multiseed_S8B_R2_seed7_S8B_R2_sequence_plus_context,S8B_R2_sequence_plus_context,1,gatv2_graph_c_sprint8b_sequence_plus_context,gatv2,graph_c_context_observation,S5F2_energy,val,461,2869,,1,0.4503912031650543,late_fusion
sprint9_multiseed_S8B_R2_seed7_S8B_R2_sequence_plus_context,S8B_R2_sequence_plus_context,1,gatv2_graph_c_sprint8b_sequence_plus_context,gatv2,graph_c_context_observation,S5F2_energy,val,462,2869,,1,0.4903831481933594,late_fusion
sprint9_multiseed_S8B_R2_seed7_S8B_R2_sequence_plus_context,S8B_R2_sequence_plus_context,1,gatv2_graph_c_sprint8b_sequence_plus_context,gatv2,graph_c_context_observation,S5F2_energy,val,463,2869,,1,0.5089383125305176,late_fusion
sprint9_multiseed_S8B_R2_seed7_S8B_R2_sequence_plus_context,S8B_R2_sequence_plus_context,1,gatv2_graph_c_sprint8b_sequence_plus_context,gatv2,graph_c_context_observation,S5F2_energy,val,464,2869,,1,0.40840041637420654,late_fusion
sprint9_multiseed_S8B_R2_seed7_S8B_R2_sequence_plus_context,S8B_R2_sequence_plus_context,1,gatv2_graph_c_sprint8b_sequence_plus_context,gatv2,graph_c_context_observation,S5F2_energy,val,465,2869,,1,0.5978513956069946,late_fusion
sprint9_multiseed_S8B_R2_seed7_S8B_R2_sequence_plus_context,S8B_R2_sequence_plus_context,1,gatv2_graph_c_sprint8b_sequence_plus_context,gatv2,graph_c_context_observation,S5F2_energy,val,466,2869,,1,0.37891170382499695,late_fusion
sprint9_multiseed_S8B_R2_seed7_S8B_R2_sequence_plus_context,S8B_R2_sequence_plus_context,1,gatv2_graph_c_sprint8b_sequence_plus_context,gatv2,graph_c_context_observation,S5F2_energy,val,467,2869,,1,0.44845014810562134,late_fusion
sprint9_multiseed_S8B_R2_seed7_S8B_R2_sequence_plus_context,S8B_R2_sequence_plus_context,1,gatv2_graph_c_sprint8b_sequence_plus_context,gatv2,graph_c_context_observation,S5F2_energy,val,468,2869,,1,0.4476741552352905,late_fusion
sprint9_multiseed_S8B_R2_seed7_S8B_R2_sequence_plus_context,S8B_R2_sequence_plus_context,1,gatv2_graph_c_sprint8b_sequence_plus_context,gatv2,graph_c_context_observation,S5F2_energy,val,469,2869,,1,0.40805336833000183,late_fusion
sprint9_multiseed_S8B_R2_seed7_S8B_R2_sequence_plus_context,S8B_R2_sequence_plus_context,1,gatv2_graph_c_sprint8b_sequence_plus_context,gatv2,graph_c_context_observation,S5F2_energy,val,470,2869,,1,0.48403000831604004,late_fusion
sprint9_multiseed_S8B_R2_seed7_S8B_R2_sequence_plus_context,S8B_R2_sequence_plus_context,1,gatv2_graph_c_sprint8b_sequence_plus_context,gatv2,graph_c_context_observation,S5F2_energy,val,471,2869,,1,0.3858088552951813,late_fusion
sprint9_multiseed_S8B_R2_seed7_S8B_R2_sequence_plus_context,S8B_R2_sequence_plus_context,1,gatv2_graph_c_sprint8b_sequence_plus_context,gatv2,graph_c_context_observation,S5F2_energy,val,472,2869,,1,0.40029966831207275,late_fusion
sprint9_multiseed_S8B_R2_seed7_S8B_R2_sequence_plus_context,S8B_R2_sequence_plus_context,1,gatv2_graph_c_sprint8b_sequence_plus_context,gatv2,graph_c_context_observation,S5F2_energy,val,473,2869,,1,0.43986523151397705,late_fusion
sprint9_multiseed_S8B_R2_seed7_S8B_R2_sequence_plus_context,S8B_R2_sequence_plus_context,1,gatv2_graph_c_sprint8b_sequence_plus_context,gatv2,graph_c_context_observation,S5F2_energy,val,474,2869,,1,0.46189773082733154,late_fusion
sprint9_multiseed_S8B_R2_seed7_S8B_R2_sequence_plus_context,S8B_R2_sequence_plus_context,1,gatv2_graph_c_sprint8b_sequence_plus_context,gatv2,graph_c_context_observation,S5F2_energy,val,475,2869,,1,0.427721232175827,late_fusion
sprint9_multiseed_S8B_R2_seed7_S8B_R2_sequence_plus_context,S8B_R2_sequence_plus_context,1,gatv2_graph_c_sprint8b_sequence_plus_context,gatv2,graph_c_context_observation,S5F2_energy,val,476,2869,,1,0.4651142954826355,late_fusion
sprint9_multiseed_S8B_R2_seed7_S8B_R2_sequence_plus_context,S8B_R2_sequence_plus_context,1,gatv2_graph_c_sprint8b_sequence_plus_context,gatv2,graph_c_context_observation,S5F2_energy,val,477,2869,,1,0.40858548879623413,late_fusion
sprint9_multiseed_S8B_R2_seed7_S8B_R2_sequence_plus_context,S8B_R2_sequence_plus_context,1,gatv2_graph_c_sprint8b_sequence_plus_context,gatv2,graph_c_context_observation,S5F2_energy,val,478,2869,,1,0.3735072910785675,late_fusion
sprint9_multiseed_S8B_R2_seed7_S8B_R2_sequence_plus_context,S8B_R2_sequence_plus_context,1,gatv2_graph_c_sprint8b_sequence_plus_context,gatv2,graph_c_context_observation,S5F2_energy,val,479,2869,,1,0.5565284490585327,late_fusion
sprint9_multiseed_S8B_R2_seed7_S8B_R2_sequence_plus_context,S8B_R2_sequence_plus_context,1,gatv2_graph_c_sprint8b_sequence_plus_context,gatv2,graph_c_context_observation,S5F2_energy,val,480,2869,,1,0.4468776285648346,late_fusion
sprint9_multiseed_S8B_R2_seed7_S8B_R2_sequence_plus_context,S8B_R2_sequence_plus_context,1,gatv2_graph_c_sprint8b_sequence_plus_context,gatv2,graph_c_context_observation,S5F2_energy,val,481,2869,,1,0.39869582653045654,late_fusion
sprint9_multiseed_S8B_R2_seed7_S8B_R2_sequence_plus_context,S8B_R2_sequence_plus_context,1,gatv2_graph_c_sprint8b_sequence_plus_context,gatv2,graph_c_context_observation,S5F2_energy,val,482,2869,,1,0.377938449382782,late_fusion
sprint9_multiseed_S8B_R2_seed7_S8B_R2_sequence_plus_context,S8B_R2_sequence_plus_context,1,gatv2_graph_c_sprint8b_sequence_plus_context,gatv2,graph_c_context_observation,S5F2_energy,val,483,2869,,1,0.4828239381313324,late_fusion
sprint9_multiseed_S8B_R2_seed7_S8B_R2_sequence_plus_context,S8B_R2_sequence_plus_context,1,gatv2_graph_c_sprint8b_sequence_plus_context,gatv2,graph_c_context_observation,S5F2_energy,val,484,2869,,1,0.4723038673400879,late_fusion
sprint9_multiseed_S8B_R2_seed7_S8B_R2_sequence_plus_context,S8B_R2_sequence_plus_context,1,gatv2_graph_c_sprint8b_sequence_plus_context,gatv2,graph_c_context_observation,S5F2_energy,val,485,2869,,1,0.45698824524879456,late_fusion
sprint9_multiseed_S8B_R2_seed7_S8B_R2_sequence_plus_context,S8B_R2_sequence_plus_context,1,gatv2_graph_c_sprint8b_sequence_plus_context,gatv2,graph_c_context_observation,S5F2_energy,val,486,2869,,1,0.40073272585868835,late_fusion
sprint9_multiseed_S8B_R2_seed7_S8B_R2_sequence_plus_context,S8B_R2_sequence_plus_context,1,gatv2_graph_c_sprint8b_sequence_plus_context,gatv2,graph_c_context_observation,S5F2_energy,val,487,2869,,1,0.3897409439086914,late_fusion
sprint9_multiseed_S8B_R2_seed7_S8B_R2_sequence_plus_context,S8B_R2_sequence_plus_context,1,gatv2_graph_c_sprint8b_sequence_plus_context,gatv2,graph_c_context_observation,S5F2_energy,val,488,2869,,1,0.442213237285614,late_fusion
sprint9_multiseed_S8B_R2_seed7_S8B_R2_sequence_plus_context,S8B_R2_sequence_plus_context,1,gatv2_graph_c_sprint8b_sequence_plus_context,gatv2,graph_c_context_observation,S5F2_energy,val,489,2869,,1,0.45851433277130127,late_fusion
sprint9_multiseed_S8B_R2_seed7_S8B_R2_sequence_plus_context,S8B_R2_sequence_plus_context,1,gatv2_graph_c_sprint8b_sequence_plus_context,gatv2,graph_c_context_observation,S5F2_energy,val,490,2869,,1,0.39993321895599365,late_fusion
sprint9_multiseed_S8B_R2_seed7_S8B_R2_sequence_plus_context,S8B_R2_sequence_plus_context,1,gatv2_graph_c_sprint8b_sequence_plus_context,gatv2,graph_c_context_observation,S5F2_energy,val,491,2869,,1,0.4073183834552765,late_fusion
sprint9_multiseed_S8B_R2_seed7_S8B_R2_sequence_plus_context,S8B_R2_sequence_plus_context,1,gatv2_graph_c_sprint8b_sequence_plus_context,gatv2,graph_c_context_observation,S5F2_energy,val,492,2869,,1,0.42970526218414307,late_fusion
sprint9_multiseed_S8B_R2_seed7_S8B_R2_sequence_plus_context,S8B_R2_sequence_plus_context,1,gatv2_graph_c_sprint8b_sequence_plus_context,gatv2,graph_c_context_observation,S5F2_energy,val,493,2869,,1,0.3964104950428009,late_fusion
sprint9_multiseed_S8B_R2_seed7_S8B_R2_sequence_plus_context,S8B_R2_sequence_plus_context,1,gatv2_graph_c_sprint8b_sequence_plus_context,gatv2,graph_c_context_observation,S5F2_energy,val,494,2869,,1,0.435351699590683,late_fusion
sprint9_multiseed_S8B_R2_seed7_S8B_R2_sequence_plus_context,S8B_R2_sequence_plus_context,1,gatv2_graph_c_sprint8b_sequence_plus_context,gatv2,graph_c_context_observation,S5F2_energy,val,495,2869,,1,0.6128559708595276,late_fusion
sprint9_multiseed_S8B_R2_seed7_S8B_R2_sequence_plus_context,S8B_R2_sequence_plus_context,1,gatv2_graph_c_sprint8b_sequence_plus_context,gatv2,graph_c_context_observation,S5F2_energy,val,496,2869,,1,0.38590818643569946,late_fusion
sprint9_multiseed_S8B_R2_seed7_S8B_R2_sequence_plus_context,S8B_R2_sequence_plus_context,1,gatv2_graph_c_sprint8b_sequence_plus_context,gatv2,graph_c_context_observation,S5F2_energy,val,497,2869,,1,0.40404149889945984,late_fusion
sprint9_multiseed_S8B_R2_seed7_S8B_R2_sequence_plus_context,S8B_R2_sequence_plus_context,1,gatv2_graph_c_sprint8b_sequence_plus_context,gatv2,graph_c_context_observation,S5F2_energy,val,498,2869,,1,0.4760742783546448,late_fusion
sprint9_multiseed_S8B_R2_seed7_S8B_R2_sequence_plus_context,S8B_R2_sequence_plus_context,1,gatv2_graph_c_sprint8b_sequence_plus_context,gatv2,graph_c_context_observation,S5F2_energy,val,499,2869,,1,0.4199228882789612,late_fusion
sprint9_multiseed_S8B_R2_seed7_S8B_R2_sequence_plus_context,S8B_R2_sequence_plus_context,1,gatv2_graph_c_sprint8b_sequence_plus_context,gatv2,graph_c_context_observation,S5F2_energy,val,500,2869,,1,0.4932001829147339,late_fusion
sprint9_multiseed_S8B_R2_seed7_S8B_R2_sequence_plus_context,S8B_R2_sequence_plus_context,1,gatv2_graph_c_sprint8b_sequence_plus_context,gatv2,graph_c_context_observation,S5F2_energy,val,501,2869,,1,0.3870464265346527,late_fusion
sprint9_multiseed_S8B_R2_seed7_S8B_R2_sequence_plus_context,S8B_R2_sequence_plus_context,1,gatv2_graph_c_sprint8b_sequence_plus_context,gatv2,graph_c_context_observation,S5F2_energy,val,502,2869,,1,0.44569018483161926,late_fusion
sprint9_multiseed_S8B_R2_seed7_S8B_R2_sequence_plus_context,S8B_R2_sequence_plus_context,1,gatv2_graph_c_sprint8b_sequence_plus_context,gatv2,graph_c_context_observation,S5F2_energy,val,503,2869,,1,0.38831639289855957,late_fusion
sprint9_multiseed_S8B_R2_seed7_S8B_R2_sequence_plus_context,S8B_R2_sequence_plus_context,1,gatv2_graph_c_sprint8b_sequence_plus_context,gatv2,graph_c_context_observation,S5F2_energy,val,504,2869,,1,0.4687514305114746,late_fusion
sprint9_multiseed_S8B_R2_seed7_S8B_R2_sequence_plus_context,S8B_R2_sequence_plus_context,1,gatv2_graph_c_sprint8b_sequence_plus_context,gatv2,graph_c_context_observation,S5F2_energy,val,505,2869,,1,0.4364742934703827,late_fusion
sprint9_multiseed_S8B_R2_seed7_S8B_R2_sequence_plus_context,S8B_R2_sequence_plus_context,1,gatv2_graph_c_sprint8b_sequence_plus_context,gatv2,graph_c_context_observation,S5F2_energy,val,506,2869,,1,0.44813936948776245,late_fusion
sprint9_multiseed_S8B_R2_seed7_S8B_R2_sequence_plus_context,S8B_R2_sequence_plus_context,1,gatv2_graph_c_sprint8b_sequence_plus_context,gatv2,graph_c_context_observation,S5F2_energy,val,507,2869,,1,0.40498924255371094,late_fusion
sprint9_multiseed_S8B_R2_seed7_S8B_R2_sequence_plus_context,S8B_R2_sequence_plus_context,1,gatv2_graph_c_sprint8b_sequence_plus_context,gatv2,graph_c_context_observation,S5F2_energy,val,508,2869,,1,0.3998836874961853,late_fusion
sprint9_multiseed_S8B_R2_seed7_S8B_R2_sequence_plus_context,S8B_R2_sequence_plus_context,1,gatv2_graph_c_sprint8b_sequence_plus_context,gatv2,graph_c_context_observation,S5F2_energy,val,509,2869,,1,0.4355766177177429,late_fusion
sprint9_multiseed_S8B_R2_seed7_S8B_R2_sequence_plus_context,S8B_R2_sequence_plus_context,1,gatv2_graph_c_sprint8b_sequence_plus_context,gatv2,graph_c_context_observation,S5F2_energy,val,510,2869,,1,0.3967982828617096,late_fusion
sprint9_multiseed_S8B_R2_seed7_S8B_R2_sequence_plus_context,S8B_R2_sequence_plus_context,1,gatv2_graph_c_sprint8b_sequence_plus_context,gatv2,graph_c_context_observation,S5F2_energy,val,511,2869,,1,0.41875213384628296,late_fusion
sprint9_multiseed_S8B_R2_seed7_S8B_R2_sequence_plus_context,S8B_R2_sequence_plus_context,1,gatv2_graph_c_sprint8b_sequence_plus_context,gatv2,graph_c_context_observation,S5F2_energy,val,512,2869,,1,0.4530111253261566,late_fusion
sprint9_multiseed_S8B_R2_seed7_S8B_R2_sequence_plus_context,S8B_R2_sequence_plus_context,1,gatv2_graph_c_sprint8b_sequence_plus_context,gatv2,graph_c_context_observation,S5F2_energy,val,513,2869,,1,0.3706301152706146,late_fusion
sprint9_multiseed_S8B_R2_seed7_S8B_R2_sequence_plus_context,S8B_R2_sequence_plus_context,1,gatv2_graph_c_sprint8b_sequence_plus_context,gatv2,graph_c_context_observation,S5F2_energy,val,514,2869,,1,0.4059875011444092,late_fusion
sprint9_multiseed_S8B_R2_seed7_S8B_R2_sequence_plus_context,S8B_R2_sequence_plus_context,1,gatv2_graph_c_sprint8b_sequence_plus_context,gatv2,graph_c_context_observation,S5F2_energy,val,515,2869,,1,0.37879031896591187,late_fusion
sprint9_multiseed_S8B_R2_seed7_S8B_R2_sequence_plus_context,S8B_R2_sequence_plus_context,1,gatv2_graph_c_sprint8b_sequence_plus_context,gatv2,graph_c_context_observation,S5F2_energy,val,516,2869,,1,0.5089721083641052,late_fusion
sprint9_multiseed_S8B_R2_seed7_S8B_R2_sequence_plus_context,S8B_R2_sequence_plus_context,1,gatv2_graph_c_sprint8b_sequence_plus_context,gatv2,graph_c_context_observation,S5F2_energy,val,517,2869,,1,0.40553930401802063,late_fusion
sprint9_multiseed_S8B_R2_seed7_S8B_R2_sequence_plus_context,S8B_R2_sequence_plus_context,1,gatv2_graph_c_sprint8b_sequence_plus_context,gatv2,graph_c_context_observation,S5F2_energy,val,518,2869,,1,0.4138694107532501,late_fusion
sprint9_multiseed_S8B_R2_seed7_S8B_R2_sequence_plus_context,S8B_R2_sequence_plus_context,1,gatv2_graph_c_sprint8b_sequence_plus_context,gatv2,graph_c_context_observation,S5F2_energy,val,519,2869,,1,0.45131605863571167,late_fusion
sprint9_multiseed_S8B_R2_seed7_S8B_R2_sequence_plus_context,S8B_R2_sequence_plus_context,1,gatv2_graph_c_sprint8b_sequence_plus_context,gatv2,graph_c_context_observation,S5F2_energy,val,520,2869,,1,0.43597060441970825,late_fusion
sprint9_multiseed_S8B_R2_seed7_S8B_R2_sequence_plus_context,S8B_R2_sequence_plus_context,1,gatv2_graph_c_sprint8b_sequence_plus_context,gatv2,graph_c_context_observation,S5F2_energy,val,521,2869,,1,0.5242263078689575,late_fusion
sprint9_multiseed_S8B_R2_seed7_S8B_R2_sequence_plus_context,S8B_R2_sequence_plus_context,1,gatv2_graph_c_sprint8b_sequence_plus_context,gatv2,graph_c_context_observation,S5F2_energy,val,522,2869,,1,0.4003792405128479,late_fusion
sprint9_multiseed_S8B_R2_seed7_S8B_R2_sequence_plus_context,S8B_R2_sequence_plus_context,1,gatv2_graph_c_sprint8b_sequence_plus_context,gatv2,graph_c_context_observation,S5F2_energy,val,523,2869,,1,0.45651623606681824,late_fusion
sprint9_multiseed_S8B_R2_seed7_S8B_R2_sequence_plus_context,S8B_R2_sequence_plus_context,1,gatv2_graph_c_sprint8b_sequence_plus_context,gatv2,graph_c_context_observation,S5F2_energy,val,524,2869,,1,0.360626757144928,late_fusion
sprint9_multiseed_S8B_R2_seed7_S8B_R2_sequence_plus_context,S8B_R2_sequence_plus_context,1,gatv2_graph_c_sprint8b_sequence_plus_context,gatv2,graph_c_context_observation,S5F2_energy,val,525,2869,,1,0.44991204142570496,late_fusion
sprint9_multiseed_S8B_R2_seed7_S8B_R2_sequence_plus_context,S8B_R2_sequence_plus_context,1,gatv2_graph_c_sprint8b_sequence_plus_context,gatv2,graph_c_context_observation,S5F2_energy,val,526,2869,,1,0.42260271310806274,late_fusion
sprint9_multiseed_S8B_R2_seed7_S8B_R2_sequence_plus_context,S8B_R2_sequence_plus_context,1,gatv2_graph_c_sprint8b_sequence_plus_context,gatv2,graph_c_context_observation,S5F2_energy,val,527,2869,,1,0.391208678483963,late_fusion
sprint9_multiseed_S8B_R2_seed7_S8B_R2_sequence_plus_context,S8B_R2_sequence_plus_context,1,gatv2_graph_c_sprint8b_sequence_plus_context,gatv2,graph_c_context_observation,S5F2_energy,val,528,2869,,1,0.6149771213531494,late_fusion
sprint9_multiseed_S8B_R2_seed7_S8B_R2_sequence_plus_context,S8B_R2_sequence_plus_context,1,gatv2_graph_c_sprint8b_sequence_plus_context,gatv2,graph_c_context_observation,S5F2_energy,val,529,2869,,1,0.43927687406539917,late_fusion
sprint9_multiseed_S8B_R2_seed7_S8B_R2_sequence_plus_context,S8B_R2_sequence_plus_context,1,gatv2_graph_c_sprint8b_sequence_plus_context,gatv2,graph_c_context_observation,S5F2_energy,val,530,2869,,1,0.4091392457485199,late_fusion
sprint9_multiseed_S8B_R2_seed7_S8B_R2_sequence_plus_context,S8B_R2_sequence_plus_context,1,gatv2_graph_c_sprint8b_sequence_plus_context,gatv2,graph_c_context_observation,S5F2_energy,val,531,2869,,1,0.4572451114654541,late_fusion
sprint9_multiseed_S8B_R2_seed7_S8B_R2_sequence_plus_context,S8B_R2_sequence_plus_context,1,gatv2_graph_c_sprint8b_sequence_plus_context,gatv2,graph_c_context_observation,S5F2_energy,val,532,2869,,1,0.3903038799762726,late_fusion
sprint9_multiseed_S8B_R2_seed7_S8B_R2_sequence_plus_context,S8B_R2_sequence_plus_context,1,gatv2_graph_c_sprint8b_sequence_plus_context,gatv2,graph_c_context_observation,S5F2_energy,val,533,2869,,1,0.4960775673389435,late_fusion
sprint9_multiseed_S8B_R2_seed7_S8B_R2_sequence_plus_context,S8B_R2_sequence_plus_context,1,gatv2_graph_c_sprint8b_sequence_plus_context,gatv2,graph_c_context_observation,S5F2_energy,val,534,2869,,1,0.4054284393787384,late_fusion
sprint9_multiseed_S8B_R2_seed7_S8B_R2_sequence_plus_context,S8B_R2_sequence_plus_context,1,gatv2_graph_c_sprint8b_sequence_plus_context,gatv2,graph_c_context_observation,S5F2_energy,val,535,2869,,1,0.41254696249961853,late_fusion
sprint9_multiseed_S8B_R2_seed7_S8B_R2_sequence_plus_context,S8B_R2_sequence_plus_context,1,gatv2_graph_c_sprint8b_sequence_plus_context,gatv2,graph_c_context_observation,S5F2_energy,val,536,2869,,1,0.3763268291950226,late_fusion
sprint9_multiseed_S8B_R2_seed7_S8B_R2_sequence_plus_context,S8B_R2_sequence_plus_context,1,gatv2_graph_c_sprint8b_sequence_plus_context,gatv2,graph_c_context_observation,S5F2_energy,val,537,2869,,1,0.38341987133026123,late_fusion
sprint9_multiseed_S8B_R2_seed7_S8B_R2_sequence_plus_context,S8B_R2_sequence_plus_context,1,gatv2_graph_c_sprint8b_sequence_plus_context,gatv2,graph_c_context_observation,S5F2_energy,val,538,2869,,1,0.3802313208580017,late_fusion
sprint9_multiseed_S8B_R2_seed7_S8B_R2_sequence_plus_context,S8B_R2_sequence_plus_context,1,gatv2_graph_c_sprint8b_sequence_plus_context,gatv2,graph_c_context_observation,S5F2_energy,val,539,2869,,1,0.4082750678062439,late_fusion
sprint9_multiseed_S8B_R2_seed7_S8B_R2_sequence_plus_context,S8B_R2_sequence_plus_context,1,gatv2_graph_c_sprint8b_sequence_plus_context,gatv2,graph_c_context_observation,S5F2_energy,val,540,2869,,1,0.4166620075702667,late_fusion
sprint9_multiseed_S8B_R2_seed7_S8B_R2_sequence_plus_context,S8B_R2_sequence_plus_context,1,gatv2_graph_c_sprint8b_sequence_plus_context,gatv2,graph_c_context_observation,S5F2_energy,val,541,2869,,1,0.437788724899292,late_fusion
sprint9_multiseed_S8B_R2_seed7_S8B_R2_sequence_plus_context,S8B_R2_sequence_plus_context,1,gatv2_graph_c_sprint8b_sequence_plus_context,gatv2,graph_c_context_observation,S5F2_energy,val,542,2869,,1,0.4406379461288452,late_fusion
sprint9_multiseed_S8B_R2_seed7_S8B_R2_sequence_plus_context,S8B_R2_sequence_plus_context,1,gatv2_graph_c_sprint8b_sequence_plus_context,gatv2,graph_c_context_observation,S5F2_energy,val,543,2869,,1,0.38994255661964417,late_fusion
sprint9_multiseed_S8B_R2_seed7_S8B_R2_sequence_plus_context,S8B_R2_sequence_plus_context,1,gatv2_graph_c_sprint8b_sequence_plus_context,gatv2,graph_c_context_observation,S5F2_energy,val,544,2869,,1,0.3834696114063263,late_fusion
sprint9_multiseed_S8B_R2_seed7_S8B_R2_sequence_plus_context,S8B_R2_sequence_plus_context,1,gatv2_graph_c_sprint8b_sequence_plus_context,gatv2,graph_c_context_observation,S5F2_energy,val,545,2869,,1,0.48405560851097107,late_fusion
sprint9_multiseed_S8B_R2_seed7_S8B_R2_sequence_plus_context,S8B_R2_sequence_plus_context,1,gatv2_graph_c_sprint8b_sequence_plus_context,gatv2,graph_c_context_observation,S5F2_energy,val,546,2869,,1,0.3995476961135864,late_fusion
sprint9_multiseed_S8B_R2_seed7_S8B_R2_sequence_plus_context,S8B_R2_sequence_plus_context,1,gatv2_graph_c_sprint8b_sequence_plus_context,gatv2,graph_c_context_observation,S5F2_energy,val,547,2869,,1,0.5249120593070984,late_fusion
sprint9_multiseed_S8B_R2_seed7_S8B_R2_sequence_plus_context,S8B_R2_sequence_plus_context,1,gatv2_graph_c_sprint8b_sequence_plus_context,gatv2,graph_c_context_observation,S5F2_energy,val,548,2869,,1,0.5630390048027039,late_fusion
sprint9_multiseed_S8B_R2_seed7_S8B_R2_sequence_plus_context,S8B_R2_sequence_plus_context,1,gatv2_graph_c_sprint8b_sequence_plus_context,gatv2,graph_c_context_observation,S5F2_energy,val,549,2869,,1,0.43542784452438354,late_fusion
sprint9_multiseed_S8B_R2_seed7_S8B_R2_sequence_plus_context,S8B_R2_sequence_plus_context,1,gatv2_graph_c_sprint8b_sequence_plus_context,gatv2,graph_c_context_observation,S5F2_energy,val,550,2869,,1,0.41891252994537354,late_fusion
sprint9_multiseed_S8B_R2_seed7_S8B_R2_sequence_plus_context,S8B_R2_sequence_plus_context,1,gatv2_graph_c_sprint8b_sequence_plus_context,gatv2,graph_c_context_observation,S5F2_energy,val,551,2869,,1,0.39413905143737793,late_fusion
sprint9_multiseed_S8B_R2_seed7_S8B_R2_sequence_plus_context,S8B_R2_sequence_plus_context,1,gatv2_graph_c_sprint8b_sequence_plus_context,gatv2,graph_c_context_observation,S5F2_energy,val,552,2869,,1,0.40318700671195984,late_fusion
sprint9_multiseed_S8B_R2_seed7_S8B_R2_sequence_plus_context,S8B_R2_sequence_plus_context,1,gatv2_graph_c_sprint8b_sequence_plus_context,gatv2,graph_c_context_observation,S5F2_energy,val,553,2869,,1,0.4209941029548645,late_fusion
sprint9_multiseed_S8B_R2_seed7_S8B_R2_sequence_plus_context,S8B_R2_sequence_plus_context,1,gatv2_graph_c_sprint8b_sequence_plus_context,gatv2,graph_c_context_observation,S5F2_energy,val,554,2869,,1,0.45513492822647095,late_fusion
sprint9_multiseed_S8B_R2_seed7_S8B_R2_sequence_plus_context,S8B_R2_sequence_plus_context,1,gatv2_graph_c_sprint8b_sequence_plus_context,gatv2,graph_c_context_observation,S5F2_energy,val,555,2869,,1,0.35739973187446594,late_fusion
sprint9_multiseed_S8B_R2_seed7_S8B_R2_sequence_plus_context,S8B_R2_sequence_plus_context,1,gatv2_graph_c_sprint8b_sequence_plus_context,gatv2,graph_c_context_observation,S5F2_energy,val,556,2869,,1,0.35898587107658386,late_fusion
sprint9_multiseed_S8B_R2_seed7_S8B_R2_sequence_plus_context,S8B_R2_sequence_plus_context,1,gatv2_graph_c_sprint8b_sequence_plus_context,gatv2,graph_c_context_observation,S5F2_energy,val,557,2869,,1,0.34770652651786804,late_fusion
sprint9_multiseed_S8B_R2_seed7_S8B_R2_sequence_plus_context,S8B_R2_sequence_plus_context,1,gatv2_graph_c_sprint8b_sequence_plus_context,gatv2,graph_c_context_observation,S5F2_energy,val,558,2869,,1,0.3937845230102539,late_fusion
sprint9_multiseed_S8B_R2_seed7_S8B_R2_sequence_plus_context,S8B_R2_sequence_plus_context,1,gatv2_graph_c_sprint8b_sequence_plus_context,gatv2,graph_c_context_observation,S5F2_energy,val,559,2869,,1,0.3376920819282532,late_fusion
sprint9_multiseed_S8B_R2_seed7_S8B_R2_sequence_plus_context,S8B_R2_sequence_plus_context,1,gatv2_graph_c_sprint8b_sequence_plus_context,gatv2,graph_c_context_observation,S5F2_energy,val,560,2869,,1,0.3159058094024658,late_fusion
sprint9_multiseed_S8B_R2_seed7_S8B_R2_sequence_plus_context,S8B_R2_sequence_plus_context,1,gatv2_graph_c_sprint8b_sequence_plus_context,gatv2,graph_c_context_observation,S5F2_energy,val,561,2869,,1,0.3130629062652588,late_fusion
sprint9_multiseed_S8B_R2_seed7_S8B_R2_sequence_plus_context,S8B_R2_sequence_plus_context,1,gatv2_graph_c_sprint8b_sequence_plus_context,gatv2,graph_c_context_observation,S5F2_energy,val,562,2869,,1,0.3517335057258606,late_fusion
sprint9_multiseed_S8B_R2_seed7_S8B_R2_sequence_plus_context,S8B_R2_sequence_plus_context,1,gatv2_graph_c_sprint8b_sequence_plus_context,gatv2,graph_c_context_observation,S5F2_energy,val,563,2869,,1,0.341496080160141,late_fusion
sprint9_multiseed_S8B_R2_seed7_S8B_R2_sequence_plus_context,S8B_R2_sequence_plus_context,1,gatv2_graph_c_sprint8b_sequence_plus_context,gatv2,graph_c_context_observation,S5F2_energy,val,564,2869,,1,0.33243775367736816,late_fusion
sprint9_multiseed_S8B_R2_seed7_S8B_R2_sequence_plus_context,S8B_R2_sequence_plus_context,1,gatv2_graph_c_sprint8b_sequence_plus_context,gatv2,graph_c_context_observation,S5F2_energy,val,565,2869,,1,0.3604809641838074,late_fusion
sprint9_multiseed_S8B_R2_seed7_S8B_R2_sequence_plus_context,S8B_R2_sequence_plus_context,1,gatv2_graph_c_sprint8b_sequence_plus_context,gatv2,graph_c_context_observation,S5F2_energy,val,566,2869,,1,0.33756178617477417,late_fusion
sprint9_multiseed_S8B_R2_seed7_S8B_R2_sequence_plus_context,S8B_R2_sequence_plus_context,1,gatv2_graph_c_sprint8b_sequence_plus_context,gatv2,graph_c_context_observation,S5F2_energy,val,567,2869,,1,0.3318125307559967,late_fusion
sprint9_multiseed_S8B_R2_seed7_S8B_R2_sequence_plus_context,S8B_R2_sequence_plus_context,1,gatv2_graph_c_sprint8b_sequence_plus_context,gatv2,graph_c_context_observation,S5F2_energy,val,568,2869,,1,0.34868690371513367,late_fusion
sprint9_multiseed_S8B_R2_seed7_S8B_R2_sequence_plus_context,S8B_R2_sequence_plus_context,1,gatv2_graph_c_sprint8b_sequence_plus_context,gatv2,graph_c_context_observation,S5F2_energy,val,569,2869,,1,0.369294673204422,late_fusion
sprint9_multiseed_S8B_R2_seed7_S8B_R2_sequence_plus_context,S8B_R2_sequence_plus_context,1,gatv2_graph_c_sprint8b_sequence_plus_context,gatv2,graph_c_context_observation,S5F2_energy,val,570,2869,,1,0.34514862298965454,late_fusion
sprint9_multiseed_S8B_R2_seed7_S8B_R2_sequence_plus_context,S8B_R2_sequence_plus_context,1,gatv2_graph_c_sprint8b_sequence_plus_context,gatv2,graph_c_context_observation,S5F2_energy,val,571,2869,,1,0.33220601081848145,late_fusion
sprint9_multiseed_S8B_R2_seed7_S8B_R2_sequence_plus_context,S8B_R2_sequence_plus_context,1,gatv2_graph_c_sprint8b_sequence_plus_context,gatv2,graph_c_context_observation,S5F2_energy,val,572,2869,,1,0.33229073882102966,late_fusion
sprint9_multiseed_S8B_R2_seed7_S8B_R2_sequence_plus_context,S8B_R2_sequence_plus_context,1,gatv2_graph_c_sprint8b_sequence_plus_context,gatv2,graph_c_context_observation,S5F2_energy,val,573,2869,,1,0.2839218080043793,late_fusion
sprint9_multiseed_S8B_R2_seed7_S8B_R2_sequence_plus_context,S8B_R2_sequence_plus_context,1,gatv2_graph_c_sprint8b_sequence_plus_context,gatv2,graph_c_context_observation,S5F2_energy,val,574,2869,,1,0.3436146378517151,late_fusion
sprint9_multiseed_S8B_R2_seed7_S8B_R2_sequence_plus_context,S8B_R2_sequence_plus_context,1,gatv2_graph_c_sprint8b_sequence_plus_context,gatv2,graph_c_context_observation,S5F2_energy,val,575,2869,,1,0.32146263122558594,late_fusion
sprint9_multiseed_S8B_R2_seed7_S8B_R2_sequence_plus_context,S8B_R2_sequence_plus_context,1,gatv2_graph_c_sprint8b_sequence_plus_context,gatv2,graph_c_context_observation,S5F2_energy,val,576,2869,,1,0.3631417453289032,late_fusion
sprint9_multiseed_S8B_R2_seed7_S8B_R2_sequence_plus_context,S8B_R2_sequence_plus_context,1,gatv2_graph_c_sprint8b_sequence_plus_context,gatv2,graph_c_context_observation,S5F2_energy,val,577,2869,,1,0.3357357084751129,late_fusion
sprint9_multiseed_S8B_R2_seed7_S8B_R2_sequence_plus_context,S8B_R2_sequence_plus_context,1,gatv2_graph_c_sprint8b_sequence_plus_context,gatv2,graph_c_context_observation,S5F2_energy,val,578,2869,,1,0.3442016839981079,late_fusion
sprint9_multiseed_S8B_R2_seed7_S8B_R2_sequence_plus_context,S8B_R2_sequence_plus_context,1,gatv2_graph_c_sprint8b_sequence_plus_context,gatv2,graph_c_context_observation,S5F2_energy,val,579,2869,,1,0.3535419702529907,late_fusion
sprint9_multiseed_S8B_R2_seed7_S8B_R2_sequence_plus_context,S8B_R2_sequence_plus_context,1,gatv2_graph_c_sprint8b_sequence_plus_context,gatv2,graph_c_context_observation,S5F2_energy,val,580,2869,,1,0.35427698493003845,late_fusion
sprint9_multiseed_S8B_R2_seed7_S8B_R2_sequence_plus_context,S8B_R2_sequence_plus_context,1,gatv2_graph_c_sprint8b_sequence_plus_context,gatv2,graph_c_context_observation,S5F2_energy,val,581,2869,,1,0.3490443825721741,late_fusion
sprint9_multiseed_S8B_R2_seed7_S8B_R2_sequence_plus_context,S8B_R2_sequence_plus_context,1,gatv2_graph_c_sprint8b_sequence_plus_context,gatv2,graph_c_context_observation,S5F2_energy,val,582,2869,,1,0.3677033483982086,late_fusion
sprint9_multiseed_S8B_R2_seed7_S8B_R2_sequence_plus_context,S8B_R2_sequence_plus_context,1,gatv2_graph_c_sprint8b_sequence_plus_context,gatv2,graph_c_context_observation,S5F2_energy,val,583,2869,,1,0.3507097363471985,late_fusion
sprint9_multiseed_S8B_R2_seed7_S8B_R2_sequence_plus_context,S8B_R2_sequence_plus_context,1,gatv2_graph_c_sprint8b_sequence_plus_context,gatv2,graph_c_context_observation,S5F2_energy,val,584,2869,,1,0.3633577525615692,late_fusion
sprint9_multiseed_S8B_R2_seed7_S8B_R2_sequence_plus_context,S8B_R2_sequence_plus_context,1,gatv2_graph_c_sprint8b_sequence_plus_context,gatv2,graph_c_context_observation,S5F2_energy,val,585,2869,,1,0.32700830698013306,late_fusion
sprint9_multiseed_S8B_R2_seed7_S8B_R2_sequence_plus_context,S8B_R2_sequence_plus_context,1,gatv2_graph_c_sprint8b_sequence_plus_context,gatv2,graph_c_context_observation,S5F2_energy,val,586,2869,,1,0.31287235021591187,late_fusion
sprint9_multiseed_S8B_R2_seed7_S8B_R2_sequence_plus_context,S8B_R2_sequence_plus_context,1,gatv2_graph_c_sprint8b_sequence_plus_context,gatv2,graph_c_context_observation,S5F2_energy,val,587,2869,,1,0.36559468507766724,late_fusion
sprint9_multiseed_S8B_R2_seed7_S8B_R2_sequence_plus_context,S8B_R2_sequence_plus_context,1,gatv2_graph_c_sprint8b_sequence_plus_context,gatv2,graph_c_context_observation,S5F2_energy,val,588,2869,,1,0.3338957130908966,late_fusion
sprint9_multiseed_S8B_R2_seed7_S8B_R2_sequence_plus_context,S8B_R2_sequence_plus_context,1,gatv2_graph_c_sprint8b_sequence_plus_context,gatv2,graph_c_context_observation,S5F2_energy,val,589,2869,,1,0.3306184709072113,late_fusion
sprint9_multiseed_S8B_R2_seed7_S8B_R2_sequence_plus_context,S8B_R2_sequence_plus_context,1,gatv2_graph_c_sprint8b_sequence_plus_context,gatv2,graph_c_context_observation,S5F2_energy,val,590,2869,,1,0.33666250109672546,late_fusion
sprint9_multiseed_S8B_R2_seed7_S8B_R2_sequence_plus_context,S8B_R2_sequence_plus_context,1,gatv2_graph_c_sprint8b_sequence_plus_context,gatv2,graph_c_context_observation,S5F2_energy,val,591,2869,,1,0.355044424533844,late_fusion
sprint9_multiseed_S8B_R2_seed7_S8B_R2_sequence_plus_context,S8B_R2_sequence_plus_context,1,gatv2_graph_c_sprint8b_sequence_plus_context,gatv2,graph_c_context_observation,S5F2_energy,val,592,2869,,1,0.3333264887332916,late_fusion
sprint9_multiseed_S8B_R2_seed7_S8B_R2_sequence_plus_context,S8B_R2_sequence_plus_context,1,gatv2_graph_c_sprint8b_sequence_plus_context,gatv2,graph_c_context_observation,S5F2_energy,val,593,2869,,1,0.31525930762290955,late_fusion
sprint9_multiseed_S8B_R2_seed7_S8B_R2_sequence_plus_context,S8B_R2_sequence_plus_context,1,gatv2_graph_c_sprint8b_sequence_plus_context,gatv2,graph_c_context_observation,S5F2_energy,val,594,2869,,1,0.35278791189193726,late_fusion
sprint9_multiseed_S8B_R2_seed7_S8B_R2_sequence_plus_context,S8B_R2_sequence_plus_context,1,gatv2_graph_c_sprint8b_sequence_plus_context,gatv2,graph_c_context_observation,S5F2_energy,val,595,2869,,1,0.2992342412471771,late_fusion
sprint9_multiseed_S8B_R2_seed7_S8B_R2_sequence_plus_context,S8B_R2_sequence_plus_context,1,gatv2_graph_c_sprint8b_sequence_plus_context,gatv2,graph_c_context_observation,S5F2_energy,val,596,2869,,1,0.36757221817970276,late_fusion
sprint9_multiseed_S8B_R2_seed7_S8B_R2_sequence_plus_context,S8B_R2_sequence_plus_context,1,gatv2_graph_c_sprint8b_sequence_plus_context,gatv2,graph_c_context_observation,S5F2_energy,val,597,2869,,1,0.3292490243911743,late_fusion
sprint9_multiseed_S8B_R2_seed7_S8B_R2_sequence_plus_context,S8B_R2_sequence_plus_context,1,gatv2_graph_c_sprint8b_sequence_plus_context,gatv2,graph_c_context_observation,S5F2_energy,val,598,2869,,1,0.28463175892829895,late_fusion
sprint9_multiseed_S8B_R2_seed7_S8B_R2_sequence_plus_context,S8B_R2_sequence_plus_context,1,gatv2_graph_c_sprint8b_sequence_plus_context,gatv2,graph_c_context_observation,S5F2_energy,val,599,2869,,1,0.34334903955459595,late_fusion
sprint9_multiseed_S8B_R2_seed7_S8B_R2_sequence_plus_context,S8B_R2_sequence_plus_context,1,gatv2_graph_c_sprint8b_sequence_plus_context,gatv2,graph_c_context_observation,S5F2_energy,val,600,2869,,1,0.3565985858440399,late_fusion
sprint9_multiseed_S8B_R2_seed7_S8B_R2_sequence_plus_context,S8B_R2_sequence_plus_context,1,gatv2_graph_c_sprint8b_sequence_plus_context,gatv2,graph_c_context_observation,S5F2_energy,val,601,2869,,1,0.34962794184684753,late_fusion
sprint9_multiseed_S8B_R2_seed7_S8B_R2_sequence_plus_context,S8B_R2_sequence_plus_context,1,gatv2_graph_c_sprint8b_sequence_plus_context,gatv2,graph_c_context_observation,S5F2_energy,val,602,2869,,1,0.2711161971092224,late_fusion
sprint9_multiseed_S8B_R2_seed7_S8B_R2_sequence_plus_context,S8B_R2_sequence_plus_context,1,gatv2_graph_c_sprint8b_sequence_plus_context,gatv2,graph_c_context_observation,S5F2_energy,val,603,2869,,1,0.3271339535713196,late_fusion
sprint9_multiseed_S8B_R2_seed7_S8B_R2_sequence_plus_context,S8B_R2_sequence_plus_context,1,gatv2_graph_c_sprint8b_sequence_plus_context,gatv2,graph_c_context_observation,S5F2_energy,val,604,2869,,1,0.3750876784324646,late_fusion
sprint9_multiseed_S8B_R2_seed7_S8B_R2_sequence_plus_context,S8B_R2_sequence_plus_context,1,gatv2_graph_c_sprint8b_sequence_plus_context,gatv2,graph_c_context_observation,S5F2_energy,val,605,2869,,1,0.36616113781929016,late_fusion
sprint9_multiseed_S8B_R2_seed7_S8B_R2_sequence_plus_context,S8B_R2_sequence_plus_context,1,gatv2_graph_c_sprint8b_sequence_plus_context,gatv2,graph_c_context_observation,S5F2_energy,val,606,2869,,1,0.30485793948173523,late_fusion
sprint9_multiseed_S8B_R2_seed7_S8B_R2_sequence_plus_context,S8B_R2_sequence_plus_context,1,gatv2_graph_c_sprint8b_sequence_plus_context,gatv2,graph_c_context_observation,S5F2_energy,val,607,2869,,1,0.3614524006843567,late_fusion
sprint9_multiseed_S8B_R2_seed7_S8B_R2_sequence_plus_context,S8B_R2_sequence_plus_context,1,gatv2_graph_c_sprint8b_sequence_plus_context,gatv2,graph_c_context_observation,S5F2_energy,val,608,2869,,1,0.23944345116615295,late_fusion
sprint9_multiseed_S8B_R2_seed7_S8B_R2_sequence_plus_context,S8B_R2_sequence_plus_context,1,gatv2_graph_c_sprint8b_sequence_plus_context,gatv2,graph_c_context_observation,S5F2_energy,val,609,2869,,1,0.34373393654823303,late_fusion
sprint9_multiseed_S8B_R2_seed7_S8B_R2_sequence_plus_context,S8B_R2_sequence_plus_context,1,gatv2_graph_c_sprint8b_sequence_plus_context,gatv2,graph_c_context_observation,S5F2_energy,val,610,2869,,1,0.3849662244319916,late_fusion
sprint9_multiseed_S8B_R2_seed7_S8B_R2_sequence_plus_context,S8B_R2_sequence_plus_context,1,gatv2_graph_c_sprint8b_sequence_plus_context,gatv2,graph_c_context_observation,S5F2_energy,val,611,2869,,1,0.3132135272026062,late_fusion
sprint9_multiseed_S8B_R2_seed7_S8B_R2_sequence_plus_context,S8B_R2_sequence_plus_context,1,gatv2_graph_c_sprint8b_sequence_plus_context,gatv2,graph_c_context_observation,S5F2_energy,val,612,2869,,1,0.3496089577674866,late_fusion
sprint9_multiseed_S8B_R2_seed7_S8B_R2_sequence_plus_context,S8B_R2_sequence_plus_context,1,gatv2_graph_c_sprint8b_sequence_plus_context,gatv2,graph_c_context_observation,S5F2_energy,val,613,2869,,1,0.31193017959594727,late_fusion
sprint9_multiseed_S8B_R2_seed7_S8B_R2_sequence_plus_context,S8B_R2_sequence_plus_context,1,gatv2_graph_c_sprint8b_sequence_plus_context,gatv2,graph_c_context_observation,S5F2_energy,val,614,2869,,1,0.364626407623291,late_fusion
sprint9_multiseed_S8B_R2_seed7_S8B_R2_sequence_plus_context,S8B_R2_sequence_plus_context,1,gatv2_graph_c_sprint8b_sequence_plus_context,gatv2,graph_c_context_observation,S5F2_energy,val,615,2869,,1,0.32706189155578613,late_fusion
sprint9_multiseed_S8B_R2_seed7_S8B_R2_sequence_plus_context,S8B_R2_sequence_plus_context,1,gatv2_graph_c_sprint8b_sequence_plus_context,gatv2,graph_c_context_observation,S5F2_energy,val,616,2869,,1,0.38492029905319214,late_fusion
sprint9_multiseed_S8B_R2_seed7_S8B_R2_sequence_plus_context,S8B_R2_sequence_plus_context,1,gatv2_graph_c_sprint8b_sequence_plus_context,gatv2,graph_c_context_observation,S5F2_energy,val,617,2869,,1,0.32116302847862244,late_fusion
sprint9_multiseed_S8B_R2_seed7_S8B_R2_sequence_plus_context,S8B_R2_sequence_plus_context,1,gatv2_graph_c_sprint8b_sequence_plus_context,gatv2,graph_c_context_observation,S5F2_energy,val,618,2869,,1,0.3693782687187195,late_fusion
sprint9_multiseed_S8B_R2_seed7_S8B_R2_sequence_plus_context,S8B_R2_sequence_plus_context,1,gatv2_graph_c_sprint8b_sequence_plus_context,gatv2,graph_c_context_observation,S5F2_energy,val,619,2869,,1,0.3540573716163635,late_fusion
sprint9_multiseed_S8B_R2_seed7_S8B_R2_sequence_plus_context,S8B_R2_sequence_plus_context,1,gatv2_graph_c_sprint8b_sequence_plus_context,gatv2,graph_c_context_observation,S5F2_energy,val,620,2869,,1,0.3413575291633606,late_fusion
sprint9_multiseed_S8B_R2_seed7_S8B_R2_sequence_plus_context,S8B_R2_sequence_plus_context,1,gatv2_graph_c_sprint8b_sequence_plus_context,gatv2,graph_c_context_observation,S5F2_energy,val,621,2869,,1,0.33497220277786255,late_fusion
sprint9_multiseed_S8B_R2_seed7_S8B_R2_sequence_plus_context,S8B_R2_sequence_plus_context,1,gatv2_graph_c_sprint8b_sequence_plus_context,gatv2,graph_c_context_observation,S5F2_energy,val,622,2869,,1,0.3476860821247101,late_fusion
sprint9_multiseed_S8B_R2_seed7_S8B_R2_sequence_plus_context,S8B_R2_sequence_plus_context,1,gatv2_graph_c_sprint8b_sequence_plus_context,gatv2,graph_c_context_observation,S5F2_energy,val,623,2869,,1,0.33985355496406555,late_fusion
sprint9_multiseed_S8B_R2_seed7_S8B_R2_sequence_plus_context,S8B_R2_sequence_plus_context,1,gatv2_graph_c_sprint8b_sequence_plus_context,gatv2,graph_c_context_observation,S5F2_energy,val,624,2869,,1,0.3674144446849823,late_fusion
sprint9_multiseed_S8B_R2_seed7_S8B_R2_sequence_plus_context,S8B_R2_sequence_plus_context,1,gatv2_graph_c_sprint8b_sequence_plus_context,gatv2,graph_c_context_observation,S5F2_energy,val,625,2869,,1,0.334887832403183,late_fusion
sprint9_multiseed_S8B_R2_seed7_S8B_R2_sequence_plus_context,S8B_R2_sequence_plus_context,1,gatv2_graph_c_sprint8b_sequence_plus_context,gatv2,graph_c_context_observation,S5F2_energy,val,626,2869,,1,0.34623172879219055,late_fusion
sprint9_multiseed_S8B_R2_seed7_S8B_R2_sequence_plus_context,S8B_R2_sequence_plus_context,1,gatv2_graph_c_sprint8b_sequence_plus_context,gatv2,graph_c_context_observation,S5F2_energy,val,627,2869,,1,0.3353939950466156,late_fusion
sprint9_multiseed_S8B_R2_seed7_S8B_R2_sequence_plus_context,S8B_R2_sequence_plus_context,1,gatv2_graph_c_sprint8b_sequence_plus_context,gatv2,graph_c_context_observation,S5F2_energy,val,628,2869,,1,0.3315894603729248,late_fusion
sprint9_multiseed_S8B_R2_seed7_S8B_R2_sequence_plus_context,S8B_R2_sequence_plus_context,1,gatv2_graph_c_sprint8b_sequence_plus_context,gatv2,graph_c_context_observation,S5F2_energy,val,629,2869,,1,0.3110012114048004,late_fusion
sprint9_multiseed_S8B_R2_seed7_S8B_R2_sequence_plus_context,S8B_R2_sequence_plus_context,1,gatv2_graph_c_sprint8b_sequence_plus_context,gatv2,graph_c_context_observation,S5F2_energy,val,630,2869,,1,0.29171377420425415,late_fusion
sprint9_multiseed_S8B_R2_seed7_S8B_R2_sequence_plus_context,S8B_R2_sequence_plus_context,1,gatv2_graph_c_sprint8b_sequence_plus_context,gatv2,graph_c_context_observation,S5F2_energy,val,631,2869,,1,0.3128148317337036,late_fusion
sprint9_multiseed_S8B_R2_seed7_S8B_R2_sequence_plus_context,S8B_R2_sequence_plus_context,1,gatv2_graph_c_sprint8b_sequence_plus_context,gatv2,graph_c_context_observation,S5F2_energy,val,632,2869,,1,0.2973534166812897,late_fusion
sprint9_multiseed_S8B_R2_seed7_S8B_R2_sequence_plus_context,S8B_R2_sequence_plus_context,1,gatv2_graph_c_sprint8b_sequence_plus_context,gatv2,graph_c_context_observation,S5F2_energy,val,633,2869,,1,0.3546105623245239,late_fusion
sprint9_multiseed_S8B_R2_seed7_S8B_R2_sequence_plus_context,S8B_R2_sequence_plus_context,1,gatv2_graph_c_sprint8b_sequence_plus_context,gatv2,graph_c_context_observation,S5F2_energy,val,634,2869,,1,0.33338674902915955,late_fusion
sprint9_multiseed_S8B_R2_seed7_S8B_R2_sequence_plus_context,S8B_R2_sequence_plus_context,1,gatv2_graph_c_sprint8b_sequence_plus_context,gatv2,graph_c_context_observation,S5F2_energy,val,635,2869,,1,0.3113453984260559,late_fusion
sprint9_multiseed_S8B_R2_seed7_S8B_R2_sequence_plus_context,S8B_R2_sequence_plus_context,1,gatv2_graph_c_sprint8b_sequence_plus_context,gatv2,graph_c_context_observation,S5F2_energy,val,636,2869,,1,0.33485928177833557,late_fusion
sprint9_multiseed_S8B_R2_seed7_S8B_R2_sequence_plus_context,S8B_R2_sequence_plus_context,1,gatv2_graph_c_sprint8b_sequence_plus_context,gatv2,graph_c_context_observation,S5F2_energy,val,637,2869,,1,0.28469130396842957,late_fusion
sprint9_multiseed_S8B_R2_seed7_S8B_R2_sequence_plus_context,S8B_R2_sequence_plus_context,1,gatv2_graph_c_sprint8b_sequence_plus_context,gatv2,graph_c_context_observation,S5F2_energy,val,638,2869,,1,0.2983686327934265,late_fusion
sprint9_multiseed_S8B_R2_seed7_S8B_R2_sequence_plus_context,S8B_R2_sequence_plus_context,1,gatv2_graph_c_sprint8b_sequence_plus_context,gatv2,graph_c_context_observation,S5F2_energy,val,639,2869,,1,0.3132910430431366,late_fusion
sprint9_multiseed_S8B_R2_seed7_S8B_R2_sequence_plus_context,S8B_R2_sequence_plus_context,1,gatv2_graph_c_sprint8b_sequence_plus_context,gatv2,graph_c_context_observation,S5F2_energy,val,640,2869,,1,0.37345650792121887,late_fusion
sprint9_multiseed_S8B_R2_seed7_S8B_R2_sequence_plus_context,S8B_R2_sequence_plus_context,1,gatv2_graph_c_sprint8b_sequence_plus_context,gatv2,graph_c_context_observation,S5F2_energy,val,641,2869,,1,0.390723317861557,late_fusion
sprint9_multiseed_S8B_R2_seed7_S8B_R2_sequence_plus_context,S8B_R2_sequence_plus_context,1,gatv2_graph_c_sprint8b_sequence_plus_context,gatv2,graph_c_context_observation,S5F2_energy,val,642,2869,,1,0.3194902539253235,late_fusion
sprint9_multiseed_S8B_R2_seed7_S8B_R2_sequence_plus_context,S8B_R2_sequence_plus_context,1,gatv2_graph_c_sprint8b_sequence_plus_context,gatv2,graph_c_context_observation,S5F2_energy,val,643,2869,,1,0.31100407242774963,late_fusion
sprint9_multiseed_S8B_R2_seed7_S8B_R2_sequence_plus_context,S8B_R2_sequence_plus_context,1,gatv2_graph_c_sprint8b_sequence_plus_context,gatv2,graph_c_context_observation,S5F2_energy,val,644,2869,,1,0.3002282679080963,late_fusion
sprint9_multiseed_S8B_R2_seed7_S8B_R2_sequence_plus_context,S8B_R2_sequence_plus_context,1,gatv2_graph_c_sprint8b_sequence_plus_context,gatv2,graph_c_context_observation,S5F2_energy,val,645,2869,,1,0.29731467366218567,late_fusion
sprint9_multiseed_S8B_R2_seed7_S8B_R2_sequence_plus_context,S8B_R2_sequence_plus_context,1,gatv2_graph_c_sprint8b_sequence_plus_context,gatv2,graph_c_context_observation,S5F2_energy,val,646,2869,,1,0.34628376364707947,late_fusion
sprint9_multiseed_S8B_R2_seed7_S8B_R2_sequence_plus_context,S8B_R2_sequence_plus_context,1,gatv2_graph_c_sprint8b_sequence_plus_context,gatv2,graph_c_context_observation,S5F2_energy,val,647,2869,,1,0.3202640116214752,late_fusion
sprint9_multiseed_S8B_R2_seed7_S8B_R2_sequence_plus_context,S8B_R2_sequence_plus_context,1,gatv2_graph_c_sprint8b_sequence_plus_context,gatv2,graph_c_context_observation,S5F2_energy,val,648,2869,,1,0.39074477553367615,late_fusion
sprint9_multiseed_S8B_R2_seed7_S8B_R2_sequence_plus_context,S8B_R2_sequence_plus_context,1,gatv2_graph_c_sprint8b_sequence_plus_context,gatv2,graph_c_context_observation,S5F2_energy,val,649,2869,,1,0.3500300645828247,late_fusion
sprint9_multiseed_S8B_R2_seed7_S8B_R2_sequence_plus_context,S8B_R2_sequence_plus_context,1,gatv2_graph_c_sprint8b_sequence_plus_context,gatv2,graph_c_context_observation,S5F2_energy,val,650,2869,,1,0.3414551019668579,late_fusion
sprint9_multiseed_S8B_R2_seed7_S8B_R2_sequence_plus_context,S8B_R2_sequence_plus_context,1,gatv2_graph_c_sprint8b_sequence_plus_context,gatv2,graph_c_context_observation,S5F2_energy,val,651,2869,,1,0.35708796977996826,late_fusion
sprint9_multiseed_S8B_R2_seed7_S8B_R2_sequence_plus_context,S8B_R2_sequence_plus_context,1,gatv2_graph_c_sprint8b_sequence_plus_context,gatv2,graph_c_context_observation,S5F2_energy,val,652,2869,,1,0.33147260546684265,late_fusion
sprint9_multiseed_S8B_R2_seed7_S8B_R2_sequence_plus_context,S8B_R2_sequence_plus_context,1,gatv2_graph_c_sprint8b_sequence_plus_context,gatv2,graph_c_context_observation,S5F2_energy,val,653,2869,,1,0.36221277713775635,late_fusion
sprint9_multiseed_S8B_R2_seed7_S8B_R2_sequence_plus_context,S8B_R2_sequence_plus_context,1,gatv2_graph_c_sprint8b_sequence_plus_context,gatv2,graph_c_context_observation,S5F2_energy,val,654,2869,,1,0.30403056740760803,late_fusion
sprint9_multiseed_S8B_R2_seed7_S8B_R2_sequence_plus_context,S8B_R2_sequence_plus_context,1,gatv2_graph_c_sprint8b_sequence_plus_context,gatv2,graph_c_context_observation,S5F2_energy,val,655,2869,,1,0.3557364344596863,late_fusion
sprint9_multiseed_S8B_R2_seed7_S8B_R2_sequence_plus_context,S8B_R2_sequence_plus_context,1,gatv2_graph_c_sprint8b_sequence_plus_context,gatv2,graph_c_context_observation,S5F2_energy,val,656,2869,,1,0.3501070737838745,late_fusion
sprint9_multiseed_S8B_R2_seed7_S8B_R2_sequence_plus_context,S8B_R2_sequence_plus_context,1,gatv2_graph_c_sprint8b_sequence_plus_context,gatv2,graph_c_context_observation,S5F2_energy,val,657,2869,,1,0.3545585870742798,late_fusion
sprint9_multiseed_S8B_R2_seed7_S8B_R2_sequence_plus_context,S8B_R2_sequence_plus_context,1,gatv2_graph_c_sprint8b_sequence_plus_context,gatv2,graph_c_context_observation,S5F2_energy,val,658,2869,,1,0.2966006398200989,late_fusion
sprint9_multiseed_S8B_R2_seed7_S8B_R2_sequence_plus_context,S8B_R2_sequence_plus_context,1,gatv2_graph_c_sprint8b_sequence_plus_context,gatv2,graph_c_context_observation,S5F2_energy,val,659,2869,,1,0.35474658012390137,late_fusion
sprint9_multiseed_S8B_R2_seed7_S8B_R2_sequence_plus_context,S8B_R2_sequence_plus_context,1,gatv2_graph_c_sprint8b_sequence_plus_context,gatv2,graph_c_context_observation,S5F2_energy,val,660,2869,,1,0.3331610858440399,late_fusion
sprint9_multiseed_S8B_R2_seed7_S8B_R2_sequence_plus_context,S8B_R2_sequence_plus_context,1,gatv2_graph_c_sprint8b_sequence_plus_context,gatv2,graph_c_context_observation,S5F2_energy,val,661,2869,,1,0.3409667909145355,late_fusion
sprint9_multiseed_S8B_R2_seed7_S8B_R2_sequence_plus_context,S8B_R2_sequence_plus_context,1,gatv2_graph_c_sprint8b_sequence_plus_context,gatv2,graph_c_context_observation,S5F2_energy,val,662,2869,,1,0.363454669713974,late_fusion
sprint9_multiseed_S8B_R2_seed7_S8B_R2_sequence_plus_context,S8B_R2_sequence_plus_context,1,gatv2_graph_c_sprint8b_sequence_plus_context,gatv2,graph_c_context_observation,S5F2_energy,val,663,2869,,1,0.3427807092666626,late_fusion
sprint9_multiseed_S8B_R2_seed7_S8B_R2_sequence_plus_context,S8B_R2_sequence_plus_context,1,gatv2_graph_c_sprint8b_sequence_plus_context,gatv2,graph_c_context_observation,S5F2_energy,val,664,2869,,1,0.3385753631591797,late_fusion
sprint9_multiseed_S8B_R2_seed7_S8B_R2_sequence_plus_context,S8B_R2_sequence_plus_context,1,gatv2_graph_c_sprint8b_sequence_plus_context,gatv2,graph_c_context_observation,S5F2_energy,val,665,2869,,1,0.36418503522872925,late_fusion
sprint9_multiseed_S8B_R2_seed7_S8B_R2_sequence_plus_context,S8B_R2_sequence_plus_context,1,gatv2_graph_c_sprint8b_sequence_plus_context,gatv2,graph_c_context_observation,S5F2_energy,val,666,2869,,1,0.3288898766040802,late_fusion
sprint9_multiseed_S8B_R2_seed7_S8B_R2_sequence_plus_context,S8B_R2_sequence_plus_context,1,gatv2_graph_c_sprint8b_sequence_plus_context,gatv2,graph_c_context_observation,S5F2_energy,val,667,2869,,1,0.3048751652240753,late_fusion
sprint9_multiseed_S8B_R2_seed7_S8B_R2_sequence_plus_context,S8B_R2_sequence_plus_context,1,gatv2_graph_c_sprint8b_sequence_plus_context,gatv2,graph_c_context_observation,S5F2_energy,val,668,2869,,1,0.32217687368392944,late_fusion
sprint9_multiseed_S8B_R2_seed7_S8B_R2_sequence_plus_context,S8B_R2_sequence_plus_context,1,gatv2_graph_c_sprint8b_sequence_plus_context,gatv2,graph_c_context_observation,S5F2_energy,val,669,2869,,1,0.3492732048034668,late_fusion
sprint9_multiseed_S8B_R2_seed7_S8B_R2_sequence_plus_context,S8B_R2_sequence_plus_context,1,gatv2_graph_c_sprint8b_sequence_plus_context,gatv2,graph_c_context_observation,S5F2_energy,val,670,2869,,1,0.3514343202114105,late_fusion
sprint9_multiseed_S8B_R2_seed7_S8B_R2_sequence_plus_context,S8B_R2_sequence_plus_context,1,gatv2_graph_c_sprint8b_sequence_plus_context,gatv2,graph_c_context_observation,S5F2_energy,val,671,2869,,1,0.32770711183547974,late_fusion
sprint9_multiseed_S8B_R2_seed7_S8B_R2_sequence_plus_context,S8B_R2_sequence_plus_context,1,gatv2_graph_c_sprint8b_sequence_plus_context,gatv2,graph_c_context_observation,S5F2_energy,val,672,2869,,1,0.3288476765155792,late_fusion
sprint9_multiseed_S8B_R2_seed7_S8B_R2_sequence_plus_context,S8B_R2_sequence_plus_context,1,gatv2_graph_c_sprint8b_sequence_plus_context,gatv2,graph_c_context_observation,S5F2_energy,val,673,2869,,1,0.3494769334793091,late_fusion
sprint9_multiseed_S8B_R2_seed7_S8B_R2_sequence_plus_context,S8B_R2_sequence_plus_context,1,gatv2_graph_c_sprint8b_sequence_plus_context,gatv2,graph_c_context_observation,S5F2_energy,val,674,2869,,1,0.3332996964454651,late_fusion
sprint9_multiseed_S8B_R2_seed7_S8B_R2_sequence_plus_context,S8B_R2_sequence_plus_context,1,gatv2_graph_c_sprint8b_sequence_plus_context,gatv2,graph_c_context_observation,S5F2_energy,val,675,2869,,1,0.3467522859573364,late_fusion
sprint9_multiseed_S8B_R2_seed7_S8B_R2_sequence_plus_context,S8B_R2_sequence_plus_context,1,gatv2_graph_c_sprint8b_sequence_plus_context,gatv2,graph_c_context_observation,S5F2_energy,val,676,2869,,1,0.34202295541763306,late_fusion
sprint9_multiseed_S8B_R2_seed7_S8B_R2_sequence_plus_context,S8B_R2_sequence_plus_context,1,gatv2_graph_c_sprint8b_sequence_plus_context,gatv2,graph_c_context_observation,S5F2_energy,val,677,2869,,1,0.2858118414878845,late_fusion
sprint9_multiseed_S8B_R2_seed7_S8B_R2_sequence_plus_context,S8B_R2_sequence_plus_context,1,gatv2_graph_c_sprint8b_sequence_plus_context,gatv2,graph_c_context_observation,S5F2_energy,val,678,2869,,1,0.3277008533477783,late_fusion
sprint9_multiseed_S8B_R2_seed7_S8B_R2_sequence_plus_context,S8B_R2_sequence_plus_context,1,gatv2_graph_c_sprint8b_sequence_plus_context,gatv2,graph_c_context_observation,S5F2_energy,val,679,2869,,1,0.3414407968521118,late_fusion
sprint9_multiseed_S8B_R2_seed7_S8B_R2_sequence_plus_context,S8B_R2_sequence_plus_context,1,gatv2_graph_c_sprint8b_sequence_plus_context,gatv2,graph_c_context_observation,S5F2_energy,val,680,2869,,1,0.3163825571537018,late_fusion
sprint9_multiseed_S8B_R2_seed7_S8B_R2_sequence_plus_context,S8B_R2_sequence_plus_context,1,gatv2_graph_c_sprint8b_sequence_plus_context,gatv2,graph_c_context_observation,S5F2_energy,val,681,2869,,1,0.35063400864601135,late_fusion
sprint9_multiseed_S8B_R2_seed7_S8B_R2_sequence_plus_context,S8B_R2_sequence_plus_context,1,gatv2_graph_c_sprint8b_sequence_plus_context,gatv2,graph_c_context_observation,S5F2_energy,val,682,2869,,1,0.34980517625808716,late_fusion
sprint9_multiseed_S8B_R2_seed7_S8B_R2_sequence_plus_context,S8B_R2_sequence_plus_context,1,gatv2_graph_c_sprint8b_sequence_plus_context,gatv2,graph_c_context_observation,S5F2_energy,val,683,2869,,1,0.356440931558609,late_fusion
sprint9_multiseed_S8B_R2_seed7_S8B_R2_sequence_plus_context,S8B_R2_sequence_plus_context,1,gatv2_graph_c_sprint8b_sequence_plus_context,gatv2,graph_c_context_observation,S5F2_energy,val,684,2869,,1,0.3434411585330963,late_fusion
sprint9_multiseed_S8B_R2_seed7_S8B_R2_sequence_plus_context,S8B_R2_sequence_plus_context,1,gatv2_graph_c_sprint8b_sequence_plus_context,gatv2,graph_c_context_observation,S5F2_energy,val,685,2869,,1,0.30077990889549255,late_fusion
sprint9_multiseed_S8B_R2_seed7_S8B_R2_sequence_plus_context,S8B_R2_sequence_plus_context,1,gatv2_graph_c_sprint8b_sequence_plus_context,gatv2,graph_c_context_observation,S5F2_energy,val,686,2869,,1,0.3391231298446655,late_fusion
sprint9_multiseed_S8B_R2_seed7_S8B_R2_sequence_plus_context,S8B_R2_sequence_plus_context,1,gatv2_graph_c_sprint8b_sequence_plus_context,gatv2,graph_c_context_observation,S5F2_energy,val,687,2869,,1,0.3995443284511566,late_fusion
sprint9_multiseed_S8B_R2_seed7_S8B_R2_sequence_plus_context,S8B_R2_sequence_plus_context,1,gatv2_graph_c_sprint8b_sequence_plus_context,gatv2,graph_c_context_observation,S5F2_energy,val,688,2869,,1,0.3593761622905731,late_fusion
sprint9_multiseed_S8B_R2_seed7_S8B_R2_sequence_plus_context,S8B_R2_sequence_plus_context,1,gatv2_graph_c_sprint8b_sequence_plus_context,gatv2,graph_c_context_observation,S5F2_energy,val,689,2869,,1,0.34528180956840515,late_fusion
sprint9_multiseed_S8B_R2_seed7_S8B_R2_sequence_plus_context,S8B_R2_sequence_plus_context,1,gatv2_graph_c_sprint8b_sequence_plus_context,gatv2,graph_c_context_observation,S5F2_energy,val,690,2869,,1,0.3551858067512512,late_fusion
sprint9_multiseed_S8B_R2_seed7_S8B_R2_sequence_plus_context,S8B_R2_sequence_plus_context,1,gatv2_graph_c_sprint8b_sequence_plus_context,gatv2,graph_c_context_observation,S5F2_energy,val,691,2869,,1,0.3366723358631134,late_fusion
sprint9_multiseed_S8B_R2_seed7_S8B_R2_sequence_plus_context,S8B_R2_sequence_plus_context,1,gatv2_graph_c_sprint8b_sequence_plus_context,gatv2,graph_c_context_observation,S5F2_energy,val,692,2869,,1,0.3801933228969574,late_fusion
sprint9_multiseed_S8B_R2_seed7_S8B_R2_sequence_plus_context,S8B_R2_sequence_plus_context,1,gatv2_graph_c_sprint8b_sequence_plus_context,gatv2,graph_c_context_observation,S5F2_energy,val,693,2869,,1,0.28601425886154175,late_fusion
sprint9_multiseed_S8B_R2_seed7_S8B_R2_sequence_plus_context,S8B_R2_sequence_plus_context,1,gatv2_graph_c_sprint8b_sequence_plus_context,gatv2,graph_c_context_observation,S5F2_energy,val,694,2869,,1,0.29721131920814514,late_fusion
sprint9_multiseed_S8B_R2_seed7_S8B_R2_sequence_plus_context,S8B_R2_sequence_plus_context,1,gatv2_graph_c_sprint8b_sequence_plus_context,gatv2,graph_c_context_observation,S5F2_energy,val,695,2869,,1,0.30912914872169495,late_fusion
sprint9_multiseed_S8B_R2_seed7_S8B_R2_sequence_plus_context,S8B_R2_sequence_plus_context,1,gatv2_graph_c_sprint8b_sequence_plus_context,gatv2,graph_c_context_observation,S5F2_energy,val,696,2869,,1,0.3091558516025543,late_fusion
sprint9_multiseed_S8B_R2_seed7_S8B_R2_sequence_plus_context,S8B_R2_sequence_plus_context,1,gatv2_graph_c_sprint8b_sequence_plus_context,gatv2,graph_c_context_observation,S5F2_energy,val,697,2869,,1,0.32490265369415283,late_fusion
sprint9_multiseed_S8B_R2_seed7_S8B_R2_sequence_plus_context,S8B_R2_sequence_plus_context,1,gatv2_graph_c_sprint8b_sequence_plus_context,gatv2,graph_c_context_observation,S5F2_energy,val,698,2869,,1,0.30573570728302,late_fusion
sprint9_multiseed_S8B_R2_seed7_S8B_R2_sequence_plus_context,S8B_R2_sequence_plus_context,1,gatv2_graph_c_sprint8b_sequence_plus_context,gatv2,graph_c_context_observation,S5F2_energy,val,699,2869,,1,0.3299223482608795,late_fusion
sprint9_multiseed_S8B_R2_seed7_S8B_R2_sequence_plus_context,S8B_R2_sequence_plus_context,1,gatv2_graph_c_sprint8b_sequence_plus_context,gatv2,graph_c_context_observation,S5F2_energy,val,700,2869,,1,0.33161869645118713,late_fusion
sprint9_multiseed_S8B_R2_seed7_S8B_R2_sequence_plus_context,S8B_R2_sequence_plus_context,1,gatv2_graph_c_sprint8b_sequence_plus_context,gatv2,graph_c_context_observation,S5F2_energy,val,701,2869,,1,0.3110271096229553,late_fusion
sprint9_multiseed_S8B_R2_seed7_S8B_R2_sequence_plus_context,S8B_R2_sequence_plus_context,1,gatv2_graph_c_sprint8b_sequence_plus_context,gatv2,graph_c_context_observation,S5F2_energy,val,702,2869,,1,0.3087558150291443,late_fusion
sprint9_multiseed_S8B_R2_seed7_S8B_R2_sequence_plus_context,S8B_R2_sequence_plus_context,1,gatv2_graph_c_sprint8b_sequence_plus_context,gatv2,graph_c_context_observation,S5F2_energy,val,703,2869,,1,0.27490028738975525,late_fusion
sprint9_multiseed_S8B_R2_seed7_S8B_R2_sequence_plus_context,S8B_R2_sequence_plus_context,1,gatv2_graph_c_sprint8b_sequence_plus_context,gatv2,graph_c_context_observation,S5F2_energy,val,704,2869,,1,0.3584565222263336,late_fusion
sprint9_multiseed_S8B_R2_seed7_S8B_R2_sequence_plus_context,S8B_R2_sequence_plus_context,1,gatv2_graph_c_sprint8b_sequence_plus_context,gatv2,graph_c_context_observation,S5F2_energy,val,705,2869,,1,0.31416741013526917,late_fusion
sprint9_multiseed_S8B_R2_seed7_S8B_R2_sequence_plus_context,S8B_R2_sequence_plus_context,1,gatv2_graph_c_sprint8b_sequence_plus_context,gatv2,graph_c_context_observation,S5F2_energy,val,706,2869,,1,0.3263608515262604,late_fusion
sprint9_multiseed_S8B_R2_seed7_S8B_R2_sequence_plus_context,S8B_R2_sequence_plus_context,1,gatv2_graph_c_sprint8b_sequence_plus_context,gatv2,graph_c_context_observation,S5F2_energy,val,707,2869,,1,0.3277820348739624,late_fusion
sprint9_multiseed_S8B_R2_seed7_S8B_R2_sequence_plus_context,S8B_R2_sequence_plus_context,1,gatv2_graph_c_sprint8b_sequence_plus_context,gatv2,graph_c_context_observation,S5F2_energy,val,708,2869,,1,0.34915289282798767,late_fusion
sprint9_multiseed_S8B_R2_seed7_S8B_R2_sequence_plus_context,S8B_R2_sequence_plus_context,1,gatv2_graph_c_sprint8b_sequence_plus_context,gatv2,graph_c_context_observation,S5F2_energy,val,709,2869,,1,0.3736238479614258,late_fusion
sprint9_multiseed_S8B_R2_seed7_S8B_R2_sequence_plus_context,S8B_R2_sequence_plus_context,1,gatv2_graph_c_sprint8b_sequence_plus_context,gatv2,graph_c_context_observation,S5F2_energy,val,710,2869,,1,0.35659027099609375,late_fusion
sprint9_multiseed_S8B_R2_seed7_S8B_R2_sequence_plus_context,S8B_R2_sequence_plus_context,1,gatv2_graph_c_sprint8b_sequence_plus_context,gatv2,graph_c_context_observation,S5F2_energy,val,711,2869,,1,0.376575767993927,late_fusion
sprint9_multiseed_S8B_R2_seed7_S8B_R2_sequence_plus_context,S8B_R2_sequence_plus_context,1,gatv2_graph_c_sprint8b_sequence_plus_context,gatv2,graph_c_context_observation,S5F2_energy,val,712,2869,,1,0.35232335329055786,late_fusion
sprint9_multiseed_S8B_R2_seed7_S8B_R2_sequence_plus_context,S8B_R2_sequence_plus_context,1,gatv2_graph_c_sprint8b_sequence_plus_context,gatv2,graph_c_context_observation,S5F2_energy,val,713,2869,,1,0.35116827487945557,late_fusion
sprint9_multiseed_S8B_R2_seed7_S8B_R2_sequence_plus_context,S8B_R2_sequence_plus_context,1,gatv2_graph_c_sprint8b_sequence_plus_context,gatv2,graph_c_context_observation,S5F2_energy,val,714,2869,,1,0.34512725472450256,late_fusion
sprint9_multiseed_S8B_R2_seed7_S8B_R2_sequence_plus_context,S8B_R2_sequence_plus_context,1,gatv2_graph_c_sprint8b_sequence_plus_context,gatv2,graph_c_context_observation,S5F2_energy,val,715,2869,,1,0.35362693667411804,late_fusion
sprint9_multiseed_S8B_R2_seed7_S8B_R2_sequence_plus_context,S8B_R2_sequence_plus_context,1,gatv2_graph_c_sprint8b_sequence_plus_context,gatv2,graph_c_context_observation,S5F2_energy,val,716,2869,,1,0.340473473072052,late_fusion
sprint9_multiseed_S8B_R2_seed7_S8B_R2_sequence_plus_context,S8B_R2_sequence_plus_context,1,gatv2_graph_c_sprint8b_sequence_plus_context,gatv2,graph_c_context_observation,S5F2_energy,val,717,2869,,1,0.3403860330581665,late_fusion
sprint9_multiseed_S8B_R2_seed7_S8B_R2_sequence_plus_context,S8B_R2_sequence_plus_context,1,gatv2_graph_c_sprint8b_sequence_plus_context,gatv2,graph_c_context_observation,S5F2_energy,val,718,2869,,1,0.32093337178230286,late_fusion
sprint9_multiseed_S8B_R2_seed7_S8B_R2_sequence_plus_context,S8B_R2_sequence_plus_context,1,gatv2_graph_c_sprint8b_sequence_plus_context,gatv2,graph_c_context_observation,S5F2_energy,val,719,2869,,1,0.35141342878341675,late_fusion
sprint9_multiseed_S8B_R2_seed7_S8B_R2_sequence_plus_context,S8B_R2_sequence_plus_context,1,gatv2_graph_c_sprint8b_sequence_plus_context,gatv2,graph_c_context_observation,S5F2_energy,val,720,2869,,1,0.3360140025615692,late_fusion
sprint9_multiseed_S8B_R2_seed7_S8B_R2_sequence_plus_context,S8B_R2_sequence_plus_context,1,gatv2_graph_c_sprint8b_sequence_plus_context,gatv2,graph_c_context_observation,S5F2_energy,val,721,2869,,1,0.3648976683616638,late_fusion
sprint9_multiseed_S8B_R2_seed7_S8B_R2_sequence_plus_context,S8B_R2_sequence_plus_context,1,gatv2_graph_c_sprint8b_sequence_plus_context,gatv2,graph_c_context_observation,S5F2_energy,val,722,2869,,1,0.38158130645751953,late_fusion
sprint9_multiseed_S8B_R2_seed7_S8B_R2_sequence_plus_context,S8B_R2_sequence_plus_context,1,gatv2_graph_c_sprint8b_sequence_plus_context,gatv2,graph_c_context_observation,S5F2_energy,val,723,2869,,1,0.385331928730011,late_fusion
sprint9_multiseed_S8B_R2_seed7_S8B_R2_sequence_plus_context,S8B_R2_sequence_plus_context,1,gatv2_graph_c_sprint8b_sequence_plus_context,gatv2,graph_c_context_observation,S5F2_energy,val,724,2869,,1,0.3575286865234375,late_fusion
sprint9_multiseed_S8B_R2_seed7_S8B_R2_sequence_plus_context,S8B_R2_sequence_plus_context,1,gatv2_graph_c_sprint8b_sequence_plus_context,gatv2,graph_c_context_observation,S5F2_energy,val,725,2869,,1,0.35402217507362366,late_fusion
sprint9_multiseed_S8B_R2_seed7_S8B_R2_sequence_plus_context,S8B_R2_sequence_plus_context,1,gatv2_graph_c_sprint8b_sequence_plus_context,gatv2,graph_c_context_observation,S5F2_energy,val,726,2869,,1,0.3152652382850647,late_fusion
sprint9_multiseed_S8B_R2_seed7_S8B_R2_sequence_plus_context,S8B_R2_sequence_plus_context,1,gatv2_graph_c_sprint8b_sequence_plus_context,gatv2,graph_c_context_observation,S5F2_energy,val,727,2869,,1,0.3337317109107971,late_fusion
sprint9_multiseed_S8B_R2_seed7_S8B_R2_sequence_plus_context,S8B_R2_sequence_plus_context,1,gatv2_graph_c_sprint8b_sequence_plus_context,gatv2,graph_c_context_observation,S5F2_energy,val,728,2869,,1,0.34714818000793457,late_fusion
sprint9_multiseed_S8B_R2_seed7_S8B_R2_sequence_plus_context,S8B_R2_sequence_plus_context,1,gatv2_graph_c_sprint8b_sequence_plus_context,gatv2,graph_c_context_observation,S5F2_energy,val,729,2869,,1,0.3350912630558014,late_fusion
sprint9_multiseed_S8B_R2_seed7_S8B_R2_sequence_plus_context,S8B_R2_sequence_plus_context,1,gatv2_graph_c_sprint8b_sequence_plus_context,gatv2,graph_c_context_observation,S5F2_energy,val,730,2869,,1,0.30836397409439087,late_fusion
sprint9_multiseed_S8B_R2_seed7_S8B_R2_sequence_plus_context,S8B_R2_sequence_plus_context,1,gatv2_graph_c_sprint8b_sequence_plus_context,gatv2,graph_c_context_observation,S5F2_energy,val,731,2869,,1,0.3313177525997162,late_fusion
sprint9_multiseed_S8B_R2_seed7_S8B_R2_sequence_plus_context,S8B_R2_sequence_plus_context,1,gatv2_graph_c_sprint8b_sequence_plus_context,gatv2,graph_c_context_observation,S5F2_energy,val,732,2869,,1,0.35745012760162354,late_fusion
sprint9_multiseed_S8B_R2_seed7_S8B_R2_sequence_plus_context,S8B_R2_sequence_plus_context,1,gatv2_graph_c_sprint8b_sequence_plus_context,gatv2,graph_c_context_observation,S5F2_energy,val,733,2869,,1,0.2684400677680969,late_fusion
sprint9_multiseed_S8B_R2_seed7_S8B_R2_sequence_plus_context,S8B_R2_sequence_plus_context,1,gatv2_graph_c_sprint8b_sequence_plus_context,gatv2,graph_c_context_observation,S5F2_energy,val,734,2869,,1,0.3286491334438324,late_fusion
sprint9_multiseed_S8B_R2_seed7_S8B_R2_sequence_plus_context,S8B_R2_sequence_plus_context,1,gatv2_graph_c_sprint8b_sequence_plus_context,gatv2,graph_c_context_observation,S5F2_energy,val,735,2869,,1,0.37721145153045654,late_fusion
sprint9_multiseed_S8B_R2_seed7_S8B_R2_sequence_plus_context,S8B_R2_sequence_plus_context,1,gatv2_graph_c_sprint8b_sequence_plus_context,gatv2,graph_c_context_observation,S5F2_energy,val,736,2869,,1,0.33599337935447693,late_fusion
sprint9_multiseed_S8B_R2_seed7_S8B_R2_sequence_plus_context,S8B_R2_sequence_plus_context,1,gatv2_graph_c_sprint8b_sequence_plus_context,gatv2,graph_c_context_observation,S5F2_energy,val,737,2869,,1,0.36601269245147705,late_fusion
sprint9_multiseed_S8B_R2_seed7_S8B_R2_sequence_plus_context,S8B_R2_sequence_plus_context,1,gatv2_graph_c_sprint8b_sequence_plus_context,gatv2,graph_c_context_observation,S5F2_energy,val,738,2869,,1,0.3574557304382324,late_fusion
sprint9_multiseed_S8B_R2_seed7_S8B_R2_sequence_plus_context,S8B_R2_sequence_plus_context,1,gatv2_graph_c_sprint8b_sequence_plus_context,gatv2,graph_c_context_observation,S5F2_energy,val,739,2869,,1,0.33973854780197144,late_fusion
sprint9_multiseed_S8B_R2_seed7_S8B_R2_sequence_plus_context,S8B_R2_sequence_plus_context,1,gatv2_graph_c_sprint8b_sequence_plus_context,gatv2,graph_c_context_observation,S5F2_energy,val,740,3866,,1,0.8353343605995178,late_fusion
sprint9_multiseed_S8B_R2_seed7_S8B_R2_sequence_plus_context,S8B_R2_sequence_plus_context,1,gatv2_graph_c_sprint8b_sequence_plus_context,gatv2,graph_c_context_observation,S5F2_energy,val,741,3866,,1,0.35122770071029663,late_fusion
sprint9_multiseed_S8B_R2_seed7_S8B_R2_sequence_plus_context,S8B_R2_sequence_plus_context,1,gatv2_graph_c_sprint8b_sequence_plus_context,gatv2,graph_c_context_observation,S5F2_energy,val,742,3866,,1,0.237345352768898,late_fusion
sprint9_multiseed_S8B_R2_seed7_S8B_R2_sequence_plus_context,S8B_R2_sequence_plus_context,1,gatv2_graph_c_sprint8b_sequence_plus_context,gatv2,graph_c_context_observation,S5F2_energy,val,743,3866,,1,0.43603944778442383,late_fusion
sprint9_multiseed_S8B_R2_seed7_S8B_R2_sequence_plus_context,S8B_R2_sequence_plus_context,1,gatv2_graph_c_sprint8b_sequence_plus_context,gatv2,graph_c_context_observation,S5F2_energy,val,744,3866,,1,0.16852091252803802,late_fusion
sprint9_multiseed_S8B_R2_seed7_S8B_R2_sequence_plus_context,S8B_R2_sequence_plus_context,1,gatv2_graph_c_sprint8b_sequence_plus_context,gatv2,graph_c_context_observation,S5F2_energy,val,745,3866,,1,0.23815026879310608,late_fusion
sprint9_multiseed_S8B_R2_seed7_S8B_R2_sequence_plus_context,S8B_R2_sequence_plus_context,1,gatv2_graph_c_sprint8b_sequence_plus_context,gatv2,graph_c_context_observation,S5F2_energy,val,746,3866,,1,0.2609795033931732,late_fusion
sprint9_multiseed_S8B_R2_seed7_S8B_R2_sequence_plus_context,S8B_R2_sequence_plus_context,1,gatv2_graph_c_sprint8b_sequence_plus_context,gatv2,graph_c_context_observation,S5F2_energy,val,747,3866,,1,0.3288480341434479,late_fusion
sprint9_multiseed_S8B_R2_seed7_S8B_R2_sequence_plus_context,S8B_R2_sequence_plus_context,1,gatv2_graph_c_sprint8b_sequence_plus_context,gatv2,graph_c_context_observation,S5F2_energy,val,748,3866,,1,0.43485695123672485,late_fusion
sprint9_multiseed_S8B_R2_seed7_S8B_R2_sequence_plus_context,S8B_R2_sequence_plus_context,1,gatv2_graph_c_sprint8b_sequence_plus_context,gatv2,graph_c_context_observation,S5F2_energy,val,749,3866,,1,0.6159170269966125,late_fusion
sprint9_multiseed_S8B_R2_seed7_S8B_R2_sequence_plus_context,S8B_R2_sequence_plus_context,1,gatv2_graph_c_sprint8b_sequence_plus_context,gatv2,graph_c_context_observation,S5F2_energy,val,750,3866,,1,0.3094750940799713,late_fusion
sprint9_multiseed_S8B_R2_seed7_S8B_R2_sequence_plus_context,S8B_R2_sequence_plus_context,1,gatv2_graph_c_sprint8b_sequence_plus_context,gatv2,graph_c_context_observation,S5F2_energy,val,751,3866,,1,0.2924342155456543,late_fusion
sprint9_multiseed_S8B_R2_seed7_S8B_R2_sequence_plus_context,S8B_R2_sequence_plus_context,1,gatv2_graph_c_sprint8b_sequence_plus_context,gatv2,graph_c_context_observation,S5F2_energy,val,752,3866,,1,0.6340814232826233,late_fusion
sprint9_multiseed_S8B_R2_seed7_S8B_R2_sequence_plus_context,S8B_R2_sequence_plus_context,1,gatv2_graph_c_sprint8b_sequence_plus_context,gatv2,graph_c_context_observation,S5F2_energy,val,753,3866,,1,0.18937121331691742,late_fusion
sprint9_multiseed_S8B_R2_seed7_S8B_R2_sequence_plus_context,S8B_R2_sequence_plus_context,1,gatv2_graph_c_sprint8b_sequence_plus_context,gatv2,graph_c_context_observation,S5F2_energy,val,754,3866,,1,0.32987943291664124,late_fusion
sprint9_multiseed_S8B_R2_seed7_S8B_R2_sequence_plus_context,S8B_R2_sequence_plus_context,1,gatv2_graph_c_sprint8b_sequence_plus_context,gatv2,graph_c_context_observation,S5F2_energy,val,755,3866,,1,0.2667359709739685,late_fusion
sprint9_multiseed_S8B_R2_seed7_S8B_R2_sequence_plus_context,S8B_R2_sequence_plus_context,1,gatv2_graph_c_sprint8b_sequence_plus_context,gatv2,graph_c_context_observation,S5F2_energy,val,756,3866,,1,0.39766114950180054,late_fusion
sprint9_multiseed_S8B_R2_seed7_S8B_R2_sequence_plus_context,S8B_R2_sequence_plus_context,1,gatv2_graph_c_sprint8b_sequence_plus_context,gatv2,graph_c_context_observation,S5F2_energy,val,757,3866,,1,0.17377153038978577,late_fusion
sprint9_multiseed_S8B_R2_seed7_S8B_R2_sequence_plus_context,S8B_R2_sequence_plus_context,1,gatv2_graph_c_sprint8b_sequence_plus_context,gatv2,graph_c_context_observation,S5F2_energy,val,758,3866,,1,0.3233603835105896,late_fusion
sprint9_multiseed_S8B_R2_seed7_S8B_R2_sequence_plus_context,S8B_R2_sequence_plus_context,1,gatv2_graph_c_sprint8b_sequence_plus_context,gatv2,graph_c_context_observation,S5F2_energy,val,759,3866,,1,0.16293515264987946,late_fusion
sprint9_multiseed_S8B_R2_seed7_S8B_R2_sequence_plus_context,S8B_R2_sequence_plus_context,1,gatv2_graph_c_sprint8b_sequence_plus_context,gatv2,graph_c_context_observation,S5F2_energy,val,760,3866,,1,0.3557310104370117,late_fusion
sprint9_multiseed_S8B_R2_seed7_S8B_R2_sequence_plus_context,S8B_R2_sequence_plus_context,1,gatv2_graph_c_sprint8b_sequence_plus_context,gatv2,graph_c_context_observation,S5F2_energy,val,761,3866,,1,0.23658685386180878,late_fusion
sprint9_multiseed_S8B_R2_seed7_S8B_R2_sequence_plus_context,S8B_R2_sequence_plus_context,1,gatv2_graph_c_sprint8b_sequence_plus_context,gatv2,graph_c_context_observation,S5F2_energy,val,762,3866,,1,0.2812469005584717,late_fusion
sprint9_multiseed_S8B_R2_seed7_S8B_R2_sequence_plus_context,S8B_R2_sequence_plus_context,1,gatv2_graph_c_sprint8b_sequence_plus_context,gatv2,graph_c_context_observation,S5F2_energy,val,763,3866,,1,0.17654037475585938,late_fusion
sprint9_multiseed_S8B_R2_seed7_S8B_R2_sequence_plus_context,S8B_R2_sequence_plus_context,1,gatv2_graph_c_sprint8b_sequence_plus_context,gatv2,graph_c_context_observation,S5F2_energy,val,764,3866,,1,0.17338065803050995,late_fusion
sprint9_multiseed_S8B_R2_seed7_S8B_R2_sequence_plus_context,S8B_R2_sequence_plus_context,1,gatv2_graph_c_sprint8b_sequence_plus_context,gatv2,graph_c_context_observation,S5F2_energy,val,765,3866,,1,0.18975184857845306,late_fusion
sprint9_multiseed_S8B_R2_seed7_S8B_R2_sequence_plus_context,S8B_R2_sequence_plus_context,1,gatv2_graph_c_sprint8b_sequence_plus_context,gatv2,graph_c_context_observation,S5F2_energy,val,766,3866,,1,0.20941267907619476,late_fusion
sprint9_multiseed_S8B_R2_seed7_S8B_R2_sequence_plus_context,S8B_R2_sequence_plus_context,1,gatv2_graph_c_sprint8b_sequence_plus_context,gatv2,graph_c_context_observation,S5F2_energy,val,767,3866,,1,0.36352548003196716,late_fusion
sprint9_multiseed_S8B_R2_seed7_S8B_R2_sequence_plus_context,S8B_R2_sequence_plus_context,1,gatv2_graph_c_sprint8b_sequence_plus_context,gatv2,graph_c_context_observation,S5F2_energy,val,768,3866,,1,0.22458632290363312,late_fusion
sprint9_multiseed_S8B_R2_seed7_S8B_R2_sequence_plus_context,S8B_R2_sequence_plus_context,1,gatv2_graph_c_sprint8b_sequence_plus_context,gatv2,graph_c_context_observation,S5F2_energy,val,769,3866,,1,0.210595041513443,late_fusion
sprint9_multiseed_S8B_R2_seed7_S8B_R2_sequence_plus_context,S8B_R2_sequence_plus_context,1,gatv2_graph_c_sprint8b_sequence_plus_context,gatv2,graph_c_context_observation,S5F2_energy,val,770,3866,,1,0.19811227917671204,late_fusion
sprint9_multiseed_S8B_R2_seed7_S8B_R2_sequence_plus_context,S8B_R2_sequence_plus_context,1,gatv2_graph_c_sprint8b_sequence_plus_context,gatv2,graph_c_context_observation,S5F2_energy,val,771,3866,,1,0.181478351354599,late_fusion
sprint9_multiseed_S8B_R2_seed7_S8B_R2_sequence_plus_context,S8B_R2_sequence_plus_context,1,gatv2_graph_c_sprint8b_sequence_plus_context,gatv2,graph_c_context_observation,S5F2_energy,val,772,3866,,1,0.1779123842716217,late_fusion
sprint9_multiseed_S8B_R2_seed7_S8B_R2_sequence_plus_context,S8B_R2_sequence_plus_context,1,gatv2_graph_c_sprint8b_sequence_plus_context,gatv2,graph_c_context_observation,S5F2_energy,val,773,3866,,1,0.33162274956703186,late_fusion
sprint9_multiseed_S8B_R2_seed7_S8B_R2_sequence_plus_context,S8B_R2_sequence_plus_context,1,gatv2_graph_c_sprint8b_sequence_plus_context,gatv2,graph_c_context_observation,S5F2_energy,val,774,3866,,1,0.24078227579593658,late_fusion
sprint9_multiseed_S8B_R2_seed7_S8B_R2_sequence_plus_context,S8B_R2_sequence_plus_context,1,gatv2_graph_c_sprint8b_sequence_plus_context,gatv2,graph_c_context_observation,S5F2_energy,val,775,3866,,1,0.22497300803661346,late_fusion
sprint9_multiseed_S8B_R2_seed7_S8B_R2_sequence_plus_context,S8B_R2_sequence_plus_context,1,gatv2_graph_c_sprint8b_sequence_plus_context,gatv2,graph_c_context_observation,S5F2_energy,val,776,3866,,1,0.18732328712940216,late_fusion
sprint9_multiseed_S8B_R2_seed7_S8B_R2_sequence_plus_context,S8B_R2_sequence_plus_context,1,gatv2_graph_c_sprint8b_sequence_plus_context,gatv2,graph_c_context_observation,S5F2_energy,val,777,3866,,1,0.15555885434150696,late_fusion
sprint9_multiseed_S8B_R2_seed7_S8B_R2_sequence_plus_context,S8B_R2_sequence_plus_context,1,gatv2_graph_c_sprint8b_sequence_plus_context,gatv2,graph_c_context_observation,S5F2_energy,val,778,3866,,1,0.23400156199932098,late_fusion
sprint9_multiseed_S8B_R2_seed7_S8B_R2_sequence_plus_context,S8B_R2_sequence_plus_context,1,gatv2_graph_c_sprint8b_sequence_plus_context,gatv2,graph_c_context_observation,S5F2_energy,val,779,3866,,1,0.1832435429096222,late_fusion
sprint9_multiseed_S8B_R2_seed7_S8B_R2_sequence_plus_context,S8B_R2_sequence_plus_context,1,gatv2_graph_c_sprint8b_sequence_plus_context,gatv2,graph_c_context_observation,S5F2_energy,val,780,3866,,1,0.18690060079097748,late_fusion
sprint9_multiseed_S8B_R2_seed7_S8B_R2_sequence_plus_context,S8B_R2_sequence_plus_context,1,gatv2_graph_c_sprint8b_sequence_plus_context,gatv2,graph_c_context_observation,S5F2_energy,val,781,3866,,1,0.24296067655086517,late_fusion
sprint9_multiseed_S8B_R2_seed7_S8B_R2_sequence_plus_context,S8B_R2_sequence_plus_context,1,gatv2_graph_c_sprint8b_sequence_plus_context,gatv2,graph_c_context_observation,S5F2_energy,val,782,3866,,1,0.3341793119907379,late_fusion
sprint9_multiseed_S8B_R2_seed7_S8B_R2_sequence_plus_context,S8B_R2_sequence_plus_context,1,gatv2_graph_c_sprint8b_sequence_plus_context,gatv2,graph_c_context_observation,S5F2_energy,val,783,3866,,1,0.2179725617170334,late_fusion
sprint9_multiseed_S8B_R2_seed7_S8B_R2_sequence_plus_context,S8B_R2_sequence_plus_context,1,gatv2_graph_c_sprint8b_sequence_plus_context,gatv2,graph_c_context_observation,S5F2_energy,val,784,3866,,1,0.19240912795066833,late_fusion
sprint9_multiseed_S8B_R2_seed7_S8B_R2_sequence_plus_context,S8B_R2_sequence_plus_context,1,gatv2_graph_c_sprint8b_sequence_plus_context,gatv2,graph_c_context_observation,S5F2_energy,val,785,3866,,1,0.5797988176345825,late_fusion
sprint9_multiseed_S8B_R2_seed7_S8B_R2_sequence_plus_context,S8B_R2_sequence_plus_context,1,gatv2_graph_c_sprint8b_sequence_plus_context,gatv2,graph_c_context_observation,S5F2_energy,val,786,3866,,1,0.24657176434993744,late_fusion
sprint9_multiseed_S8B_R2_seed7_S8B_R2_sequence_plus_context,S8B_R2_sequence_plus_context,1,gatv2_graph_c_sprint8b_sequence_plus_context,gatv2,graph_c_context_observation,S5F2_energy,val,787,3866,,1,0.2840275466442108,late_fusion
sprint9_multiseed_S8B_R2_seed7_S8B_R2_sequence_plus_context,S8B_R2_sequence_plus_context,1,gatv2_graph_c_sprint8b_sequence_plus_context,gatv2,graph_c_context_observation,S5F2_energy,val,788,3866,,1,0.1633966714143753,late_fusion
sprint9_multiseed_S8B_R2_seed7_S8B_R2_sequence_plus_context,S8B_R2_sequence_plus_context,1,gatv2_graph_c_sprint8b_sequence_plus_context,gatv2,graph_c_context_observation,S5F2_energy,val,789,3866,,1,0.19930525124073029,late_fusion
sprint9_multiseed_S8B_R2_seed7_S8B_R2_sequence_plus_context,S8B_R2_sequence_plus_context,1,gatv2_graph_c_sprint8b_sequence_plus_context,gatv2,graph_c_context_observation,S5F2_energy,val,790,3866,,1,0.20291225612163544,late_fusion
sprint9_multiseed_S8B_R2_seed7_S8B_R2_sequence_plus_context,S8B_R2_sequence_plus_context,1,gatv2_graph_c_sprint8b_sequence_plus_context,gatv2,graph_c_context_observation,S5F2_energy,val,791,3866,,1,0.15464934706687927,late_fusion
sprint9_multiseed_S8B_R2_seed7_S8B_R2_sequence_plus_context,S8B_R2_sequence_plus_context,1,gatv2_graph_c_sprint8b_sequence_plus_context,gatv2,graph_c_context_observation,S5F2_energy,val,792,3866,,1,0.18352070450782776,late_fusion
sprint9_multiseed_S8B_R2_seed7_S8B_R2_sequence_plus_context,S8B_R2_sequence_plus_context,1,gatv2_graph_c_sprint8b_sequence_plus_context,gatv2,graph_c_context_observation,S5F2_energy,val,793,3866,,1,0.25612297654151917,late_fusion
sprint9_multiseed_S8B_R2_seed7_S8B_R2_sequence_plus_context,S8B_R2_sequence_plus_context,1,gatv2_graph_c_sprint8b_sequence_plus_context,gatv2,graph_c_context_observation,S5F2_energy,val,794,3866,,1,0.1675993949174881,late_fusion
sprint9_multiseed_S8B_R2_seed7_S8B_R2_sequence_plus_context,S8B_R2_sequence_plus_context,1,gatv2_graph_c_sprint8b_sequence_plus_context,gatv2,graph_c_context_observation,S5F2_energy,val,795,3866,,1,0.17171719670295715,late_fusion
sprint9_multiseed_S8B_R2_seed7_S8B_R2_sequence_plus_context,S8B_R2_sequence_plus_context,1,gatv2_graph_c_sprint8b_sequence_plus_context,gatv2,graph_c_context_observation,S5F2_energy,val,796,3866,,1,0.2574191391468048,late_fusion
sprint9_multiseed_S8B_R2_seed7_S8B_R2_sequence_plus_context,S8B_R2_sequence_plus_context,1,gatv2_graph_c_sprint8b_sequence_plus_context,gatv2,graph_c_context_observation,S5F2_energy,val,797,3866,,1,0.17167522013187408,late_fusion
sprint9_multiseed_S8B_R2_seed7_S8B_R2_sequence_plus_context,S8B_R2_sequence_plus_context,1,gatv2_graph_c_sprint8b_sequence_plus_context,gatv2,graph_c_context_observation,S5F2_energy,val,798,3866,,1,0.17649051547050476,late_fusion
sprint9_multiseed_S8B_R2_seed7_S8B_R2_sequence_plus_context,S8B_R2_sequence_plus_context,1,gatv2_graph_c_sprint8b_sequence_plus_context,gatv2,graph_c_context_observation,S5F2_energy,val,799,3866,,1,0.2617212235927582,late_fusion
sprint9_multiseed_S8B_R2_seed7_S8B_R2_sequence_plus_context,S8B_R2_sequence_plus_context,1,gatv2_graph_c_sprint8b_sequence_plus_context,gatv2,graph_c_context_observation,S5F2_energy,val,800,3866,,1,0.19138005375862122,late_fusion
sprint9_multiseed_S8B_R2_seed7_S8B_R2_sequence_plus_context,S8B_R2_sequence_plus_context,1,gatv2_graph_c_sprint8b_sequence_plus_context,gatv2,graph_c_context_observation,S5F2_energy,val,801,3866,,1,0.1765304058790207,late_fusion
sprint9_multiseed_S8B_R2_seed7_S8B_R2_sequence_plus_context,S8B_R2_sequence_plus_context,1,gatv2_graph_c_sprint8b_sequence_plus_context,gatv2,graph_c_context_observation,S5F2_energy,val,802,3866,,1,0.3343754708766937,late_fusion
sprint9_multiseed_S8B_R2_seed7_S8B_R2_sequence_plus_context,S8B_R2_sequence_plus_context,1,gatv2_graph_c_sprint8b_sequence_plus_context,gatv2,graph_c_context_observation,S5F2_energy,val,803,3866,,1,0.21242299675941467,late_fusion
sprint9_multiseed_S8B_R2_seed7_S8B_R2_sequence_plus_context,S8B_R2_sequence_plus_context,1,gatv2_graph_c_sprint8b_sequence_plus_context,gatv2,graph_c_context_observation,S5F2_energy,val,804,3866,,1,0.1668962836265564,late_fusion
sprint9_multiseed_S8B_R2_seed7_S8B_R2_sequence_plus_context,S8B_R2_sequence_plus_context,1,gatv2_graph_c_sprint8b_sequence_plus_context,gatv2,graph_c_context_observation,S5F2_energy,val,805,3866,,1,0.2778204083442688,late_fusion
sprint9_multiseed_S8B_R2_seed7_S8B_R2_sequence_plus_context,S8B_R2_sequence_plus_context,1,gatv2_graph_c_sprint8b_sequence_plus_context,gatv2,graph_c_context_observation,S5F2_energy,val,806,7822,,1,0.9890931844711304,late_fusion
sprint9_multiseed_S8B_R2_seed7_S8B_R2_sequence_plus_context,S8B_R2_sequence_plus_context,1,gatv2_graph_c_sprint8b_sequence_plus_context,gatv2,graph_c_context_observation,S5F2_energy,val,807,7822,,1,0.9069591760635376,late_fusion
sprint9_multiseed_S8B_R2_seed7_S8B_R2_sequence_plus_context,S8B_R2_sequence_plus_context,1,gatv2_graph_c_sprint8b_sequence_plus_context,gatv2,graph_c_context_observation,S5F2_energy,val,808,7822,,1,0.9351527094841003,late_fusion
sprint9_multiseed_S8B_R2_seed7_S8B_R2_sequence_plus_context,S8B_R2_sequence_plus_context,1,gatv2_graph_c_sprint8b_sequence_plus_context,gatv2,graph_c_context_observation,S5F2_energy,val,809,7822,,1,0.7048092484474182,late_fusion
sprint9_multiseed_S8B_R2_seed7_S8B_R2_sequence_plus_context,S8B_R2_sequence_plus_context,1,gatv2_graph_c_sprint8b_sequence_plus_context,gatv2,graph_c_context_observation,S5F2_energy,val,810,7822,,1,0.6954509019851685,late_fusion
sprint9_multiseed_S8B_R2_seed7_S8B_R2_sequence_plus_context,S8B_R2_sequence_plus_context,1,gatv2_graph_c_sprint8b_sequence_plus_context,gatv2,graph_c_context_observation,S5F2_energy,val,811,7822,,1,0.6994694471359253,late_fusion
sprint9_multiseed_S8B_R2_seed7_S8B_R2_sequence_plus_context,S8B_R2_sequence_plus_context,1,gatv2_graph_c_sprint8b_sequence_plus_context,gatv2,graph_c_context_observation,S5F2_energy,val,812,7822,,1,0.686372697353363,late_fusion
sprint9_multiseed_S8B_R2_seed7_S8B_R2_sequence_plus_context,S8B_R2_sequence_plus_context,1,gatv2_graph_c_sprint8b_sequence_plus_context,gatv2,graph_c_context_observation,S5F2_energy,val,813,7822,,1,0.8977161645889282,late_fusion
sprint9_multiseed_S8B_R2_seed7_S8B_R2_sequence_plus_context,S8B_R2_sequence_plus_context,1,gatv2_graph_c_sprint8b_sequence_plus_context,gatv2,graph_c_context_observation,S5F2_energy,val,814,7822,,1,0.7190262079238892,late_fusion
sprint9_multiseed_S8B_R2_seed7_S8B_R2_sequence_plus_context,S8B_R2_sequence_plus_context,1,gatv2_graph_c_sprint8b_sequence_plus_context,gatv2,graph_c_context_observation,S5F2_energy,val,815,7822,,1,0.6166614294052124,late_fusion
sprint9_multiseed_S8B_R2_seed7_S8B_R2_sequence_plus_context,S8B_R2_sequence_plus_context,1,gatv2_graph_c_sprint8b_sequence_plus_context,gatv2,graph_c_context_observation,S5F2_energy,val,816,7822,,1,0.7404530644416809,late_fusion
sprint9_multiseed_S8B_R2_seed7_S8B_R2_sequence_plus_context,S8B_R2_sequence_plus_context,1,gatv2_graph_c_sprint8b_sequence_plus_context,gatv2,graph_c_context_observation,S5F2_energy,val,817,7822,,1,0.6845362186431885,late_fusion
sprint9_multiseed_S8B_R2_seed7_S8B_R2_sequence_plus_context,S8B_R2_sequence_plus_context,1,gatv2_graph_c_sprint8b_sequence_plus_context,gatv2,graph_c_context_observation,S5F2_energy,val,818,7822,,1,0.5446762442588806,late_fusion
sprint9_multiseed_S8B_R2_seed7_S8B_R2_sequence_plus_context,S8B_R2_sequence_plus_context,1,gatv2_graph_c_sprint8b_sequence_plus_context,gatv2,graph_c_context_observation,S5F2_energy,val,819,7822,,1,0.9541204571723938,late_fusion
sprint9_multiseed_S8B_R2_seed7_S8B_R2_sequence_plus_context,S8B_R2_sequence_plus_context,1,gatv2_graph_c_sprint8b_sequence_plus_context,gatv2,graph_c_context_observation,S5F2_energy,val,820,7822,,1,0.8936478495597839,late_fusion
sprint9_multiseed_S8B_R2_seed7_S8B_R2_sequence_plus_context,S8B_R2_sequence_plus_context,1,gatv2_graph_c_sprint8b_sequence_plus_context,gatv2,graph_c_context_observation,S5F2_energy,val,821,7822,,1,0.888544499874115,late_fusion
sprint9_multiseed_S8B_R2_seed7_S8B_R2_sequence_plus_context,S8B_R2_sequence_plus_context,1,gatv2_graph_c_sprint8b_sequence_plus_context,gatv2,graph_c_context_observation,S5F2_energy,val,822,7822,,1,0.8391992449760437,late_fusion
sprint9_multiseed_S8B_R2_seed7_S8B_R2_sequence_plus_context,S8B_R2_sequence_plus_context,1,gatv2_graph_c_sprint8b_sequence_plus_context,gatv2,graph_c_context_observation,S5F2_energy,val,823,7822,,1,0.8309220671653748,late_fusion
sprint9_multiseed_S8B_R2_seed7_S8B_R2_sequence_plus_context,S8B_R2_sequence_plus_context,1,gatv2_graph_c_sprint8b_sequence_plus_context,gatv2,graph_c_context_observation,S5F2_energy,val,824,7822,,1,0.7479898929595947,late_fusion
sprint9_multiseed_S8B_R2_seed7_S8B_R2_sequence_plus_context,S8B_R2_sequence_plus_context,1,gatv2_graph_c_sprint8b_sequence_plus_context,gatv2,graph_c_context_observation,S5F2_energy,val,825,7822,,1,0.971529483795166,late_fusion
sprint9_multiseed_S8B_R2_seed7_S8B_R2_sequence_plus_context,S8B_R2_sequence_plus_context,1,gatv2_graph_c_sprint8b_sequence_plus_context,gatv2,graph_c_context_observation,S5F2_energy,val,826,7822,,1,0.911929190158844,late_fusion
sprint9_multiseed_S8B_R2_seed7_S8B_R2_sequence_plus_context,S8B_R2_sequence_plus_context,1,gatv2_graph_c_sprint8b_sequence_plus_context,gatv2,graph_c_context_observation,S5F2_energy,val,827,7822,,1,0.5990219116210938,late_fusion
sprint9_multiseed_S8B_R2_seed7_S8B_R2_sequence_plus_context,S8B_R2_sequence_plus_context,1,gatv2_graph_c_sprint8b_sequence_plus_context,gatv2,graph_c_context_observation,S5F2_energy,val,828,7822,,1,0.6542715430259705,late_fusion
sprint9_multiseed_S8B_R2_seed7_S8B_R2_sequence_plus_context,S8B_R2_sequence_plus_context,1,gatv2_graph_c_sprint8b_sequence_plus_context,gatv2,graph_c_context_observation,S5F2_energy,val,829,7822,,1,0.8232301473617554,late_fusion
sprint9_multiseed_S8B_R2_seed7_S8B_R2_sequence_plus_context,S8B_R2_sequence_plus_context,1,gatv2_graph_c_sprint8b_sequence_plus_context,gatv2,graph_c_context_observation,S5F2_energy,val,830,7822,,1,0.7612611055374146,late_fusion
sprint9_multiseed_S8B_R2_seed7_S8B_R2_sequence_plus_context,S8B_R2_sequence_plus_context,1,gatv2_graph_c_sprint8b_sequence_plus_context,gatv2,graph_c_context_observation,S5F2_energy,val,831,7822,,1,0.7265638113021851,late_fusion
sprint9_multiseed_S8B_R2_seed7_S8B_R2_sequence_plus_context,S8B_R2_sequence_plus_context,1,gatv2_graph_c_sprint8b_sequence_plus_context,gatv2,graph_c_context_observation,S5F2_energy,val,832,7822,,1,0.8042957782745361,late_fusion
sprint9_multiseed_S8B_R2_seed7_S8B_R2_sequence_plus_context,S8B_R2_sequence_plus_context,1,gatv2_graph_c_sprint8b_sequence_plus_context,gatv2,graph_c_context_observation,S5F2_energy,val,833,7822,,1,0.8019318580627441,late_fusion
sprint9_multiseed_S8B_R2_seed7_S8B_R2_sequence_plus_context,S8B_R2_sequence_plus_context,1,gatv2_graph_c_sprint8b_sequence_plus_context,gatv2,graph_c_context_observation,S5F2_energy,val,834,7822,,1,0.6942843794822693,late_fusion
sprint9_multiseed_S8B_R2_seed7_S8B_R2_sequence_plus_context,S8B_R2_sequence_plus_context,1,gatv2_graph_c_sprint8b_sequence_plus_context,gatv2,graph_c_context_observation,S5F2_energy,val,835,7822,,1,0.8695855140686035,late_fusion
sprint9_multiseed_S8B_R2_seed7_S8B_R2_sequence_plus_context,S8B_R2_sequence_plus_context,1,gatv2_graph_c_sprint8b_sequence_plus_context,gatv2,graph_c_context_observation,S5F2_energy,val,836,7822,,1,0.6894526481628418,late_fusion
sprint9_multiseed_S8B_R2_seed7_S8B_R2_sequence_plus_context,S8B_R2_sequence_plus_context,1,gatv2_graph_c_sprint8b_sequence_plus_context,gatv2,graph_c_context_observation,S5F2_energy,val,837,7822,,1,0.5465443134307861,late_fusion
sprint9_multiseed_S8B_R2_seed7_S8B_R2_sequence_plus_context,S8B_R2_sequence_plus_context,1,gatv2_graph_c_sprint8b_sequence_plus_context,gatv2,graph_c_context_observation,S5F2_energy,val,838,7822,,1,0.7846893668174744,late_fusion
sprint9_multiseed_S8B_R2_seed7_S8B_R2_sequence_plus_context,S8B_R2_sequence_plus_context,1,gatv2_graph_c_sprint8b_sequence_plus_context,gatv2,graph_c_context_observation,S5F2_energy,val,839,7822,,1,0.7465144395828247,late_fusion
sprint9_multiseed_S8B_R2_seed7_S8B_R2_sequence_plus_context,S8B_R2_sequence_plus_context,1,gatv2_graph_c_sprint8b_sequence_plus_context,gatv2,graph_c_context_observation,S5F2_energy,val,840,7822,,1,0.5897982716560364,late_fusion
sprint9_multiseed_S8B_R2_seed7_S8B_R2_sequence_plus_context,S8B_R2_sequence_plus_context,1,gatv2_graph_c_sprint8b_sequence_plus_context,gatv2,graph_c_context_observation,S5F2_energy,val,841,7822,,1,0.8534988164901733,late_fusion
sprint9_multiseed_S8B_R2_seed7_S8B_R2_sequence_plus_context,S8B_R2_sequence_plus_context,1,gatv2_graph_c_sprint8b_sequence_plus_context,gatv2,graph_c_context_observation,S5F2_energy,val,842,7822,,1,0.6694561243057251,late_fusion
sprint9_multiseed_S8B_R2_seed7_S8B_R2_sequence_plus_context,S8B_R2_sequence_plus_context,1,gatv2_graph_c_sprint8b_sequence_plus_context,gatv2,graph_c_context_observation,S5F2_energy,val,843,7822,,1,0.8115850687026978,late_fusion
sprint9_multiseed_S8B_R2_seed7_S8B_R2_sequence_plus_context,S8B_R2_sequence_plus_context,1,gatv2_graph_c_sprint8b_sequence_plus_context,gatv2,graph_c_context_observation,S5F2_energy,val,844,7822,,1,0.9803497791290283,late_fusion
sprint9_multiseed_S8B_R2_seed7_S8B_R2_sequence_plus_context,S8B_R2_sequence_plus_context,1,gatv2_graph_c_sprint8b_sequence_plus_context,gatv2,graph_c_context_observation,S5F2_energy,val,845,7822,,1,0.4833224415779114,late_fusion
sprint9_multiseed_S8B_R2_seed7_S8B_R2_sequence_plus_context,S8B_R2_sequence_plus_context,1,gatv2_graph_c_sprint8b_sequence_plus_context,gatv2,graph_c_context_observation,S5F2_energy,val,846,7822,,1,0.5611419081687927,late_fusion
sprint9_multiseed_S8B_R2_seed7_S8B_R2_sequence_plus_context,S8B_R2_sequence_plus_context,1,gatv2_graph_c_sprint8b_sequence_plus_context,gatv2,graph_c_context_observation,S5F2_energy,val,847,7822,,1,0.43738141655921936,late_fusion
sprint9_multiseed_S8B_R2_seed7_S8B_R2_sequence_plus_context,S8B_R2_sequence_plus_context,1,gatv2_graph_c_sprint8b_sequence_plus_context,gatv2,graph_c_context_observation,S5F2_energy,val,848,7822,,1,0.452424556016922,late_fusion
sprint9_multiseed_S8B_R2_seed7_S8B_R2_sequence_plus_context,S8B_R2_sequence_plus_context,1,gatv2_graph_c_sprint8b_sequence_plus_context,gatv2,graph_c_context_observation,S5F2_energy,val,849,7822,,1,0.47464805841445923,late_fusion
sprint9_multiseed_S8B_R2_seed7_S8B_R2_sequence_plus_context,S8B_R2_sequence_plus_context,1,gatv2_graph_c_sprint8b_sequence_plus_context,gatv2,graph_c_context_observation,S5F2_energy,val,850,7822,,1,0.4694283604621887,late_fusion
sprint9_multiseed_S8B_R2_seed7_S8B_R2_sequence_plus_context,S8B_R2_sequence_plus_context,1,gatv2_graph_c_sprint8b_sequence_plus_context,gatv2,graph_c_context_observation,S5F2_energy,val,851,7822,,1,0.40664708614349365,late_fusion
sprint9_multiseed_S8B_R2_seed7_S8B_R2_sequence_plus_context,S8B_R2_sequence_plus_context,1,gatv2_graph_c_sprint8b_sequence_plus_context,gatv2,graph_c_context_observation,S5F2_energy,val,852,7822,,1,0.8996793031692505,late_fusion
sprint9_multiseed_S8B_R2_seed7_S8B_R2_sequence_plus_context,S8B_R2_sequence_plus_context,1,gatv2_graph_c_sprint8b_sequence_plus_context,gatv2,graph_c_context_observation,S5F2_energy,val,853,7822,,1,0.47610369324684143,late_fusion
sprint9_multiseed_S8B_R2_seed7_S8B_R2_sequence_plus_context,S8B_R2_sequence_plus_context,1,gatv2_graph_c_sprint8b_sequence_plus_context,gatv2,graph_c_context_observation,S5F2_energy,val,854,7822,,1,0.5002532601356506,late_fusion
sprint9_multiseed_S8B_R2_seed7_S8B_R2_sequence_plus_context,S8B_R2_sequence_plus_context,1,gatv2_graph_c_sprint8b_sequence_plus_context,gatv2,graph_c_context_observation,S5F2_energy,val,855,7822,,1,0.847808837890625,late_fusion
sprint9_multiseed_S8B_R2_seed7_S8B_R2_sequence_plus_context,S8B_R2_sequence_plus_context,1,gatv2_graph_c_sprint8b_sequence_plus_context,gatv2,graph_c_context_observation,S5F2_energy,val,856,7822,,1,0.7775741219520569,late_fusion
sprint9_multiseed_S8B_R2_seed7_S8B_R2_sequence_plus_context,S8B_R2_sequence_plus_context,1,gatv2_graph_c_sprint8b_sequence_plus_context,gatv2,graph_c_context_observation,S5F2_energy,val,857,7822,,1,0.4292145073413849,late_fusion
sprint9_multiseed_S8B_R2_seed7_S8B_R2_sequence_plus_context,S8B_R2_sequence_plus_context,1,gatv2_graph_c_sprint8b_sequence_plus_context,gatv2,graph_c_context_observation,S5F2_energy,val,858,7822,,1,0.8156343102455139,late_fusion
sprint9_multiseed_S8B_R2_seed7_S8B_R2_sequence_plus_context,S8B_R2_sequence_plus_context,1,gatv2_graph_c_sprint8b_sequence_plus_context,gatv2,graph_c_context_observation,S5F2_energy,val,859,7822,,1,0.8434846997261047,late_fusion
sprint9_multiseed_S8B_R2_seed7_S8B_R2_sequence_plus_context,S8B_R2_sequence_plus_context,1,gatv2_graph_c_sprint8b_sequence_plus_context,gatv2,graph_c_context_observation,S5F2_energy,val,860,7822,,1,0.6631568670272827,late_fusion
sprint9_multiseed_S8B_R2_seed7_S8B_R2_sequence_plus_context,S8B_R2_sequence_plus_context,1,gatv2_graph_c_sprint8b_sequence_plus_context,gatv2,graph_c_context_observation,S5F2_energy,val,861,7822,,1,0.6166064143180847,late_fusion
sprint9_multiseed_S8B_R2_seed7_S8B_R2_sequence_plus_context,S8B_R2_sequence_plus_context,1,gatv2_graph_c_sprint8b_sequence_plus_context,gatv2,graph_c_context_observation,S5F2_energy,val,862,7822,,1,0.765121579170227,late_fusion
sprint9_multiseed_S8B_R2_seed7_S8B_R2_sequence_plus_context,S8B_R2_sequence_plus_context,1,gatv2_graph_c_sprint8b_sequence_plus_context,gatv2,graph_c_context_observation,S5F2_energy,val,863,7822,,1,0.7817484736442566,late_fusion
sprint9_multiseed_S8B_R2_seed7_S8B_R2_sequence_plus_context,S8B_R2_sequence_plus_context,1,gatv2_graph_c_sprint8b_sequence_plus_context,gatv2,graph_c_context_observation,S5F2_energy,val,864,7822,,1,0.890091598033905,late_fusion
sprint9_multiseed_S8B_R2_seed7_S8B_R2_sequence_plus_context,S8B_R2_sequence_plus_context,1,gatv2_graph_c_sprint8b_sequence_plus_context,gatv2,graph_c_context_observation,S5F2_energy,val,865,7822,,1,0.8767257332801819,late_fusion
sprint9_multiseed_S8B_R2_seed7_S8B_R2_sequence_plus_context,S8B_R2_sequence_plus_context,1,gatv2_graph_c_sprint8b_sequence_plus_context,gatv2,graph_c_context_observation,S5F2_energy,val,866,7822,,1,0.7111016511917114,late_fusion
sprint9_multiseed_S8B_R2_seed7_S8B_R2_sequence_plus_context,S8B_R2_sequence_plus_context,1,gatv2_graph_c_sprint8b_sequence_plus_context,gatv2,graph_c_context_observation,S5F2_energy,val,867,7822,,1,0.8486049771308899,late_fusion
sprint9_multiseed_S8B_R2_seed7_S8B_R2_sequence_plus_context,S8B_R2_sequence_plus_context,1,gatv2_graph_c_sprint8b_sequence_plus_context,gatv2,graph_c_context_observation,S5F2_energy,val,868,7822,,1,0.6826728582382202,late_fusion
sprint9_multiseed_S8B_R2_seed7_S8B_R2_sequence_plus_context,S8B_R2_sequence_plus_context,1,gatv2_graph_c_sprint8b_sequence_plus_context,gatv2,graph_c_context_observation,S5F2_energy,val,869,7822,,1,0.971259355545044,late_fusion
sprint9_multiseed_S8B_R2_seed7_S8B_R2_sequence_plus_context,S8B_R2_sequence_plus_context,1,gatv2_graph_c_sprint8b_sequence_plus_context,gatv2,graph_c_context_observation,S5F2_energy,val,870,7822,,1,0.6280892491340637,late_fusion
sprint9_multiseed_S8B_R2_seed7_S8B_R2_sequence_plus_context,S8B_R2_sequence_plus_context,1,gatv2_graph_c_sprint8b_sequence_plus_context,gatv2,graph_c_context_observation,S5F2_energy,val,871,7822,,1,0.48878976702690125,late_fusion
sprint9_multiseed_S8B_R2_seed7_S8B_R2_sequence_plus_context,S8B_R2_sequence_plus_context,1,gatv2_graph_c_sprint8b_sequence_plus_context,gatv2,graph_c_context_observation,S5F2_energy,val,872,7822,,1,0.8317176699638367,late_fusion
sprint9_multiseed_S8B_R2_seed7_S8B_R2_sequence_plus_context,S8B_R2_sequence_plus_context,1,gatv2_graph_c_sprint8b_sequence_plus_context,gatv2,graph_c_context_observation,S5F2_energy,val,873,7822,,1,0.5170000195503235,late_fusion
sprint9_multiseed_S8B_R2_seed7_S8B_R2_sequence_plus_context,S8B_R2_sequence_plus_context,1,gatv2_graph_c_sprint8b_sequence_plus_context,gatv2,graph_c_context_observation,S5F2_energy,val,874,7822,,1,0.5620103478431702,late_fusion
sprint9_multiseed_S8B_R2_seed7_S8B_R2_sequence_plus_context,S8B_R2_sequence_plus_context,1,gatv2_graph_c_sprint8b_sequence_plus_context,gatv2,graph_c_context_observation,S5F2_energy,val,875,7822,,1,0.5167960524559021,late_fusion
sprint9_multiseed_S8B_R2_seed7_S8B_R2_sequence_plus_context,S8B_R2_sequence_plus_context,1,gatv2_graph_c_sprint8b_sequence_plus_context,gatv2,graph_c_context_observation,S5F2_energy,val,876,7822,,1,0.6241096258163452,late_fusion
sprint9_multiseed_S8B_R2_seed7_S8B_R2_sequence_plus_context,S8B_R2_sequence_plus_context,1,gatv2_graph_c_sprint8b_sequence_plus_context,gatv2,graph_c_context_observation,S5F2_energy,val,877,7822,,1,0.5574393272399902,late_fusion
sprint9_multiseed_S8B_R2_seed7_S8B_R2_sequence_plus_context,S8B_R2_sequence_plus_context,1,gatv2_graph_c_sprint8b_sequence_plus_context,gatv2,graph_c_context_observation,S5F2_energy,val,878,7822,,1,0.8794651627540588,late_fusion
sprint9_multiseed_S8B_R2_seed7_S8B_R2_sequence_plus_context,S8B_R2_sequence_plus_context,1,gatv2_graph_c_sprint8b_sequence_plus_context,gatv2,graph_c_context_observation,S5F2_energy,val,879,7822,,1,0.46774500608444214,late_fusion
sprint9_multiseed_S8B_R2_seed7_S8B_R2_sequence_plus_context,S8B_R2_sequence_plus_context,1,gatv2_graph_c_sprint8b_sequence_plus_context,gatv2,graph_c_context_observation,S5F2_energy,val,880,7822,,1,0.49506330490112305,late_fusion
sprint9_multiseed_S8B_R2_seed7_S8B_R2_sequence_plus_context,S8B_R2_sequence_plus_context,1,gatv2_graph_c_sprint8b_sequence_plus_context,gatv2,graph_c_context_observation,S5F2_energy,val,881,7822,,1,0.8729406595230103,late_fusion
sprint9_multiseed_S8B_R2_seed7_S8B_R2_sequence_plus_context,S8B_R2_sequence_plus_context,1,gatv2_graph_c_sprint8b_sequence_plus_context,gatv2,graph_c_context_observation,S5F2_energy,val,882,7822,,1,0.6091614961624146,late_fusion
sprint9_multiseed_S8B_R2_seed7_S8B_R2_sequence_plus_context,S8B_R2_sequence_plus_context,1,gatv2_graph_c_sprint8b_sequence_plus_context,gatv2,graph_c_context_observation,S5F2_energy,val,883,7822,,1,0.5378109216690063,late_fusion
sprint9_multiseed_S8B_R2_seed7_S8B_R2_sequence_plus_context,S8B_R2_sequence_plus_context,1,gatv2_graph_c_sprint8b_sequence_plus_context,gatv2,graph_c_context_observation,S5F2_energy,val,884,7822,,1,0.4333973526954651,late_fusion
sprint9_multiseed_S8B_R2_seed7_S8B_R2_sequence_plus_context,S8B_R2_sequence_plus_context,1,gatv2_graph_c_sprint8b_sequence_plus_context,gatv2,graph_c_context_observation,S5F2_energy,val,885,7822,,1,0.5107311010360718,late_fusion
sprint9_multiseed_S8B_R2_seed7_S8B_R2_sequence_plus_context,S8B_R2_sequence_plus_context,1,gatv2_graph_c_sprint8b_sequence_plus_context,gatv2,graph_c_context_observation,S5F2_energy,val,886,7822,,1,0.818968653678894,late_fusion
sprint9_multiseed_S8B_R2_seed7_S8B_R2_sequence_plus_context,S8B_R2_sequence_plus_context,1,gatv2_graph_c_sprint8b_sequence_plus_context,gatv2,graph_c_context_observation,S5F2_energy,val,887,7822,,1,0.4636000692844391,late_fusion
sprint9_multiseed_S8B_R2_seed7_S8B_R2_sequence_plus_context,S8B_R2_sequence_plus_context,1,gatv2_graph_c_sprint8b_sequence_plus_context,gatv2,graph_c_context_observation,S5F2_energy,val,888,7822,,1,0.4217682480812073,late_fusion
sprint9_multiseed_S8B_R2_seed7_S8B_R2_sequence_plus_context,S8B_R2_sequence_plus_context,1,gatv2_graph_c_sprint8b_sequence_plus_context,gatv2,graph_c_context_observation,S5F2_energy,val,889,7822,,1,0.31949684023857117,late_fusion
sprint9_multiseed_S8B_R2_seed7_S8B_R2_sequence_plus_context,S8B_R2_sequence_plus_context,1,gatv2_graph_c_sprint8b_sequence_plus_context,gatv2,graph_c_context_observation,S5F2_energy,val,890,7822,,1,0.8009623885154724,late_fusion
sprint9_multiseed_S8B_R2_seed7_S8B_R2_sequence_plus_context,S8B_R2_sequence_plus_context,1,gatv2_graph_c_sprint8b_sequence_plus_context,gatv2,graph_c_context_observation,S5F2_energy,val,891,7822,,1,0.5388692021369934,late_fusion
sprint9_multiseed_S8B_R2_seed7_S8B_R2_sequence_plus_context,S8B_R2_sequence_plus_context,1,gatv2_graph_c_sprint8b_sequence_plus_context,gatv2,graph_c_context_observation,S5F2_energy,val,892,7822,,1,0.8612089157104492,late_fusion
sprint9_multiseed_S8B_R2_seed7_S8B_R2_sequence_plus_context,S8B_R2_sequence_plus_context,1,gatv2_graph_c_sprint8b_sequence_plus_context,gatv2,graph_c_context_observation,S5F2_energy,val,893,7822,,1,0.9003551602363586,late_fusion
sprint9_multiseed_S8B_R2_seed7_S8B_R2_sequence_plus_context,S8B_R2_sequence_plus_context,1,gatv2_graph_c_sprint8b_sequence_plus_context,gatv2,graph_c_context_observation,S5F2_energy,val,894,7822,,1,0.8746627569198608,late_fusion
sprint9_multiseed_S8B_R2_seed7_S8B_R2_sequence_plus_context,S8B_R2_sequence_plus_context,1,gatv2_graph_c_sprint8b_sequence_plus_context,gatv2,graph_c_context_observation,S5F2_energy,val,895,7822,,1,0.4067199230194092,late_fusion
sprint9_multiseed_S8B_R2_seed7_S8B_R2_sequence_plus_context,S8B_R2_sequence_plus_context,1,gatv2_graph_c_sprint8b_sequence_plus_context,gatv2,graph_c_context_observation,S5F2_energy,val,896,7822,,1,0.41078951954841614,late_fusion
sprint9_multiseed_S8B_R2_seed7_S8B_R2_sequence_plus_context,S8B_R2_sequence_plus_context,1,gatv2_graph_c_sprint8b_sequence_plus_context,gatv2,graph_c_context_observation,S5F2_energy,val,897,7822,,1,0.4836011826992035,late_fusion
sprint9_multiseed_S8B_R2_seed7_S8B_R2_sequence_plus_context,S8B_R2_sequence_plus_context,1,gatv2_graph_c_sprint8b_sequence_plus_context,gatv2,graph_c_context_observation,S5F2_energy,val,898,7822,,1,0.5426318645477295,late_fusion
sprint9_multiseed_S8B_R2_seed7_S8B_R2_sequence_plus_context,S8B_R2_sequence_plus_context,1,gatv2_graph_c_sprint8b_sequence_plus_context,gatv2,graph_c_context_observation,S5F2_energy,val,899,7822,,1,0.8330841064453125,late_fusion
sprint9_multiseed_S8B_R2_seed7_S8B_R2_sequence_plus_context,S8B_R2_sequence_plus_context,1,gatv2_graph_c_sprint8b_sequence_plus_context,gatv2,graph_c_context_observation,S5F2_energy,val,900,7822,,1,0.48362377285957336,late_fusion
sprint9_multiseed_S8B_R2_seed7_S8B_R2_sequence_plus_context,S8B_R2_sequence_plus_context,1,gatv2_graph_c_sprint8b_sequence_plus_context,gatv2,graph_c_context_observation,S5F2_energy,val,901,7822,,1,0.8457866311073303,late_fusion
sprint9_multiseed_S8B_R2_seed7_S8B_R2_sequence_plus_context,S8B_R2_sequence_plus_context,1,gatv2_graph_c_sprint8b_sequence_plus_context,gatv2,graph_c_context_observation,S5F2_energy,val,902,7822,,1,0.5582074522972107,late_fusion
sprint9_multiseed_S8B_R2_seed7_S8B_R2_sequence_plus_context,S8B_R2_sequence_plus_context,1,gatv2_graph_c_sprint8b_sequence_plus_context,gatv2,graph_c_context_observation,S5F2_energy,val,903,7822,,1,0.7866361141204834,late_fusion
sprint9_multiseed_S8B_R2_seed7_S8B_R2_sequence_plus_context,S8B_R2_sequence_plus_context,1,gatv2_graph_c_sprint8b_sequence_plus_context,gatv2,graph_c_context_observation,S5F2_energy,val,904,7822,,1,0.9693412184715271,late_fusion
sprint9_multiseed_S8B_R2_seed7_S8B_R2_sequence_plus_context,S8B_R2_sequence_plus_context,1,gatv2_graph_c_sprint8b_sequence_plus_context,gatv2,graph_c_context_observation,S5F2_energy,val,905,7822,,1,0.879521906375885,late_fusion
sprint9_multiseed_S8B_R2_seed7_S8B_R2_sequence_plus_context,S8B_R2_sequence_plus_context,1,gatv2_graph_c_sprint8b_sequence_plus_context,gatv2,graph_c_context_observation,S5F2_energy,val,906,7822,,1,0.4338255226612091,late_fusion
sprint9_multiseed_S8B_R2_seed7_S8B_R2_sequence_plus_context,S8B_R2_sequence_plus_context,1,gatv2_graph_c_sprint8b_sequence_plus_context,gatv2,graph_c_context_observation,S5F2_energy,val,907,7822,,1,0.706575334072113,late_fusion
sprint9_multiseed_S8B_R2_seed7_S8B_R2_sequence_plus_context,S8B_R2_sequence_plus_context,1,gatv2_graph_c_sprint8b_sequence_plus_context,gatv2,graph_c_context_observation,S5F2_energy,val,908,7822,,1,0.5001364350318909,late_fusion
sprint9_multiseed_S8B_R2_seed7_S8B_R2_sequence_plus_context,S8B_R2_sequence_plus_context,1,gatv2_graph_c_sprint8b_sequence_plus_context,gatv2,graph_c_context_observation,S5F2_energy,val,909,7822,,1,0.9722816944122314,late_fusion
sprint9_multiseed_S8B_R2_seed7_S8B_R2_sequence_plus_context,S8B_R2_sequence_plus_context,1,gatv2_graph_c_sprint8b_sequence_plus_context,gatv2,graph_c_context_observation,S5F2_energy,val,910,7822,,1,0.6889470219612122,late_fusion
sprint9_multiseed_S8B_R2_seed7_S8B_R2_sequence_plus_context,S8B_R2_sequence_plus_context,1,gatv2_graph_c_sprint8b_sequence_plus_context,gatv2,graph_c_context_observation,S5F2_energy,val,911,7822,,1,0.39203616976737976,late_fusion
sprint9_multiseed_S8B_R2_seed7_S8B_R2_sequence_plus_context,S8B_R2_sequence_plus_context,1,gatv2_graph_c_sprint8b_sequence_plus_context,gatv2,graph_c_context_observation,S5F2_energy,val,912,7822,,1,0.5339511036872864,late_fusion
sprint9_multiseed_S8B_R2_seed7_S8B_R2_sequence_plus_context,S8B_R2_sequence_plus_context,1,gatv2_graph_c_sprint8b_sequence_plus_context,gatv2,graph_c_context_observation,S5F2_energy,val,913,7822,,1,0.9757009148597717,late_fusion
sprint9_multiseed_S8B_R2_seed7_S8B_R2_sequence_plus_context,S8B_R2_sequence_plus_context,1,gatv2_graph_c_sprint8b_sequence_plus_context,gatv2,graph_c_context_observation,S5F2_energy,val,914,7822,,1,0.8047084212303162,late_fusion
sprint9_multiseed_S8B_R2_seed7_S8B_R2_sequence_plus_context,S8B_R2_sequence_plus_context,1,gatv2_graph_c_sprint8b_sequence_plus_context,gatv2,graph_c_context_observation,S5F2_energy,val,915,7822,,1,0.5857687592506409,late_fusion
sprint9_multiseed_S8B_R2_seed7_S8B_R2_sequence_plus_context,S8B_R2_sequence_plus_context,1,gatv2_graph_c_sprint8b_sequence_plus_context,gatv2,graph_c_context_observation,S5F2_energy,val,916,7822,,1,0.5716886520385742,late_fusion
sprint9_multiseed_S8B_R2_seed7_S8B_R2_sequence_plus_context,S8B_R2_sequence_plus_context,1,gatv2_graph_c_sprint8b_sequence_plus_context,gatv2,graph_c_context_observation,S5F2_energy,val,917,7822,,1,0.8084179759025574,late_fusion
sprint9_multiseed_S8B_R2_seed7_S8B_R2_sequence_plus_context,S8B_R2_sequence_plus_context,1,gatv2_graph_c_sprint8b_sequence_plus_context,gatv2,graph_c_context_observation,S5F2_energy,val,918,7822,,1,0.4530012309551239,late_fusion
sprint9_multiseed_S8B_R2_seed7_S8B_R2_sequence_plus_context,S8B_R2_sequence_plus_context,1,gatv2_graph_c_sprint8b_sequence_plus_context,gatv2,graph_c_context_observation,S5F2_energy,val,919,7822,,1,0.7802715301513672,late_fusion
sprint9_multiseed_S8B_R2_seed7_S8B_R2_sequence_plus_context,S8B_R2_sequence_plus_context,1,gatv2_graph_c_sprint8b_sequence_plus_context,gatv2,graph_c_context_observation,S5F2_energy,val,920,7822,,1,0.7781611084938049,late_fusion
sprint9_multiseed_S8B_R2_seed7_S8B_R2_sequence_plus_context,S8B_R2_sequence_plus_context,1,gatv2_graph_c_sprint8b_sequence_plus_context,gatv2,graph_c_context_observation,S5F2_energy,val,921,7822,,1,0.6892719864845276,late_fusion
sprint9_multiseed_S8B_R2_seed7_S8B_R2_sequence_plus_context,S8B_R2_sequence_plus_context,1,gatv2_graph_c_sprint8b_sequence_plus_context,gatv2,graph_c_context_observation,S5F2_energy,val,922,7822,,1,0.4993048906326294,late_fusion
sprint9_multiseed_S8B_R2_seed7_S8B_R2_sequence_plus_context,S8B_R2_sequence_plus_context,1,gatv2_graph_c_sprint8b_sequence_plus_context,gatv2,graph_c_context_observation,S5F2_energy,val,923,7822,,1,0.6177166104316711,late_fusion
sprint9_multiseed_S8B_R2_seed7_S8B_R2_sequence_plus_context,S8B_R2_sequence_plus_context,1,gatv2_graph_c_sprint8b_sequence_plus_context,gatv2,graph_c_context_observation,S5F2_energy,val,924,7822,,1,0.7977163195610046,late_fusion
sprint9_multiseed_S8B_R2_seed7_S8B_R2_sequence_plus_context,S8B_R2_sequence_plus_context,1,gatv2_graph_c_sprint8b_sequence_plus_context,gatv2,graph_c_context_observation,S5F2_energy,val,925,7822,,1,0.621403157711029,late_fusion
sprint9_multiseed_S8B_R2_seed7_S8B_R2_sequence_plus_context,S8B_R2_sequence_plus_context,1,gatv2_graph_c_sprint8b_sequence_plus_context,gatv2,graph_c_context_observation,S5F2_energy,val,926,7822,,1,0.7499764561653137,late_fusion
sprint9_multiseed_S8B_R2_seed7_S8B_R2_sequence_plus_context,S8B_R2_sequence_plus_context,1,gatv2_graph_c_sprint8b_sequence_plus_context,gatv2,graph_c_context_observation,S5F2_energy,val,927,7822,,1,0.5665039420127869,late_fusion
sprint9_multiseed_S8B_R2_seed7_S8B_R2_sequence_plus_context,S8B_R2_sequence_plus_context,1,gatv2_graph_c_sprint8b_sequence_plus_context,gatv2,graph_c_context_observation,S5F2_energy,val,928,7822,,1,0.8550965189933777,late_fusion
sprint9_multiseed_S8B_R2_seed7_S8B_R2_sequence_plus_context,S8B_R2_sequence_plus_context,1,gatv2_graph_c_sprint8b_sequence_plus_context,gatv2,graph_c_context_observation,S5F2_energy,val,929,7822,,1,0.45885926485061646,late_fusion
sprint9_multiseed_S8B_R2_seed7_S8B_R2_sequence_plus_context,S8B_R2_sequence_plus_context,1,gatv2_graph_c_sprint8b_sequence_plus_context,gatv2,graph_c_context_observation,S5F2_energy,val,930,7822,,1,0.6011296510696411,late_fusion
sprint9_multiseed_S8B_R2_seed7_S8B_R2_sequence_plus_context,S8B_R2_sequence_plus_context,1,gatv2_graph_c_sprint8b_sequence_plus_context,gatv2,graph_c_context_observation,S5F2_energy,val,931,7822,,1,0.7431756258010864,late_fusion
sprint9_multiseed_S8B_R2_seed7_S8B_R2_sequence_plus_context,S8B_R2_sequence_plus_context,1,gatv2_graph_c_sprint8b_sequence_plus_context,gatv2,graph_c_context_observation,S5F2_energy,val,932,7822,,1,0.5049324631690979,late_fusion
sprint9_multiseed_S8B_R2_seed7_S8B_R2_sequence_plus_context,S8B_R2_sequence_plus_context,1,gatv2_graph_c_sprint8b_sequence_plus_context,gatv2,graph_c_context_observation,S5F2_energy,val,933,7822,,1,0.5814920663833618,late_fusion
sprint9_multiseed_S8B_R2_seed7_S8B_R2_sequence_plus_context,S8B_R2_sequence_plus_context,1,gatv2_graph_c_sprint8b_sequence_plus_context,gatv2,graph_c_context_observation,S5F2_energy,val,934,7822,,1,0.8429478406906128,late_fusion
sprint9_multiseed_S8B_R2_seed7_S8B_R2_sequence_plus_context,S8B_R2_sequence_plus_context,1,gatv2_graph_c_sprint8b_sequence_plus_context,gatv2,graph_c_context_observation,S5F2_energy,val,935,7822,,1,0.401959091424942,late_fusion
sprint9_multiseed_S8B_R2_seed7_S8B_R2_sequence_plus_context,S8B_R2_sequence_plus_context,1,gatv2_graph_c_sprint8b_sequence_plus_context,gatv2,graph_c_context_observation,S5F2_energy,val,936,7822,,1,0.8641574382781982,late_fusion
sprint9_multiseed_S8B_R2_seed7_S8B_R2_sequence_plus_context,S8B_R2_sequence_plus_context,1,gatv2_graph_c_sprint8b_sequence_plus_context,gatv2,graph_c_context_observation,S5F2_energy,val,937,7822,,1,0.7861211895942688,late_fusion
sprint9_multiseed_S8B_R2_seed7_S8B_R2_sequence_plus_context,S8B_R2_sequence_plus_context,1,gatv2_graph_c_sprint8b_sequence_plus_context,gatv2,graph_c_context_observation,S5F2_energy,val,938,7822,,1,0.9205899238586426,late_fusion
sprint9_multiseed_S8B_R2_seed7_S8B_R2_sequence_plus_context,S8B_R2_sequence_plus_context,1,gatv2_graph_c_sprint8b_sequence_plus_context,gatv2,graph_c_context_observation,S5F2_energy,val,939,7822,,1,0.8963446617126465,late_fusion
sprint9_multiseed_S8B_R2_seed7_S8B_R2_sequence_plus_context,S8B_R2_sequence_plus_context,1,gatv2_graph_c_sprint8b_sequence_plus_context,gatv2,graph_c_context_observation,S5F2_energy,val,940,7822,,1,0.5566486120223999,late_fusion
sprint9_multiseed_S8B_R2_seed7_S8B_R2_sequence_plus_context,S8B_R2_sequence_plus_context,1,gatv2_graph_c_sprint8b_sequence_plus_context,gatv2,graph_c_context_observation,S5F2_energy,val,941,7822,,1,0.7611762881278992,late_fusion
sprint9_multiseed_S8B_R2_seed7_S8B_R2_sequence_plus_context,S8B_R2_sequence_plus_context,1,gatv2_graph_c_sprint8b_sequence_plus_context,gatv2,graph_c_context_observation,S5F2_energy,val,942,7822,,1,0.6289401054382324,late_fusion
sprint9_multiseed_S8B_R2_seed7_S8B_R2_sequence_plus_context,S8B_R2_sequence_plus_context,1,gatv2_graph_c_sprint8b_sequence_plus_context,gatv2,graph_c_context_observation,S5F2_energy,val,943,7822,,1,0.9922993779182434,late_fusion
sprint9_multiseed_S8B_R2_seed7_S8B_R2_sequence_plus_context,S8B_R2_sequence_plus_context,1,gatv2_graph_c_sprint8b_sequence_plus_context,gatv2,graph_c_context_observation,S5F2_energy,val,944,7822,,1,0.6418132185935974,late_fusion
sprint9_multiseed_S8B_R2_seed7_S8B_R2_sequence_plus_context,S8B_R2_sequence_plus_context,1,gatv2_graph_c_sprint8b_sequence_plus_context,gatv2,graph_c_context_observation,S5F2_energy,val,945,7822,,1,0.4721164107322693,late_fusion
sprint9_multiseed_S8B_R2_seed7_S8B_R2_sequence_plus_context,S8B_R2_sequence_plus_context,1,gatv2_graph_c_sprint8b_sequence_plus_context,gatv2,graph_c_context_observation,S5F2_energy,val,946,7822,,1,0.9109060168266296,late_fusion
sprint9_multiseed_S8B_R2_seed7_S8B_R2_sequence_plus_context,S8B_R2_sequence_plus_context,1,gatv2_graph_c_sprint8b_sequence_plus_context,gatv2,graph_c_context_observation,S5F2_energy,val,947,7822,,1,0.830141544342041,late_fusion
sprint9_multiseed_S8B_R2_seed7_S8B_R2_sequence_plus_context,S8B_R2_sequence_plus_context,1,gatv2_graph_c_sprint8b_sequence_plus_context,gatv2,graph_c_context_observation,S5F2_energy,val,948,7822,,1,0.423214316368103,late_fusion
sprint9_multiseed_S8B_R2_seed7_S8B_R2_sequence_plus_context,S8B_R2_sequence_plus_context,1,gatv2_graph_c_sprint8b_sequence_plus_context,gatv2,graph_c_context_observation,S5F2_energy,val,949,7822,,1,0.7692013382911682,late_fusion
sprint9_multiseed_S8B_R2_seed7_S8B_R2_sequence_plus_context,S8B_R2_sequence_plus_context,1,gatv2_graph_c_sprint8b_sequence_plus_context,gatv2,graph_c_context_observation,S5F2_energy,val,950,7822,,1,0.826748251914978,late_fusion
sprint9_multiseed_S8B_R2_seed7_S8B_R2_sequence_plus_context,S8B_R2_sequence_plus_context,1,gatv2_graph_c_sprint8b_sequence_plus_context,gatv2,graph_c_context_observation,S5F2_energy,val,951,7822,,1,0.36519378423690796,late_fusion
sprint9_multiseed_S8B_R2_seed7_S8B_R2_sequence_plus_context,S8B_R2_sequence_plus_context,1,gatv2_graph_c_sprint8b_sequence_plus_context,gatv2,graph_c_context_observation,S5F2_energy,val,952,7822,,1,0.7482056617736816,late_fusion
sprint9_multiseed_S8B_R2_seed7_S8B_R2_sequence_plus_context,S8B_R2_sequence_plus_context,1,gatv2_graph_c_sprint8b_sequence_plus_context,gatv2,graph_c_context_observation,S5F2_energy,val,953,7822,,1,0.8868496417999268,late_fusion
sprint9_multiseed_S8B_R2_seed7_S8B_R2_sequence_plus_context,S8B_R2_sequence_plus_context,1,gatv2_graph_c_sprint8b_sequence_plus_context,gatv2,graph_c_context_observation,S5F2_energy,val,954,7822,,1,0.7475040555000305,late_fusion
sprint9_multiseed_S8B_R2_seed7_S8B_R2_sequence_plus_context,S8B_R2_sequence_plus_context,1,gatv2_graph_c_sprint8b_sequence_plus_context,gatv2,graph_c_context_observation,S5F2_energy,val,955,7822,,1,0.618930459022522,late_fusion
sprint9_multiseed_S8B_R2_seed7_S8B_R2_sequence_plus_context,S8B_R2_sequence_plus_context,1,gatv2_graph_c_sprint8b_sequence_plus_context,gatv2,graph_c_context_observation,S5F2_energy,val,956,7822,,1,0.4868296682834625,late_fusion
sprint9_multiseed_S8B_R2_seed7_S8B_R2_sequence_plus_context,S8B_R2_sequence_plus_context,1,gatv2_graph_c_sprint8b_sequence_plus_context,gatv2,graph_c_context_observation,S5F2_energy,val,957,7822,,1,0.6157784461975098,late_fusion
sprint9_multiseed_S8B_R2_seed7_S8B_R2_sequence_plus_context,S8B_R2_sequence_plus_context,1,gatv2_graph_c_sprint8b_sequence_plus_context,gatv2,graph_c_context_observation,S5F2_energy,val,958,7822,,1,0.5902593731880188,late_fusion
sprint9_multiseed_S8B_R2_seed7_S8B_R2_sequence_plus_context,S8B_R2_sequence_plus_context,1,gatv2_graph_c_sprint8b_sequence_plus_context,gatv2,graph_c_context_observation,S5F2_energy,val,959,7822,,1,0.4719308018684387,late_fusion
sprint9_multiseed_S8B_R2_seed7_S8B_R2_sequence_plus_context,S8B_R2_sequence_plus_context,1,gatv2_graph_c_sprint8b_sequence_plus_context,gatv2,graph_c_context_observation,S5F2_energy,val,960,7822,,1,0.6436372995376587,late_fusion
sprint9_multiseed_S8B_R2_seed7_S8B_R2_sequence_plus_context,S8B_R2_sequence_plus_context,1,gatv2_graph_c_sprint8b_sequence_plus_context,gatv2,graph_c_context_observation,S5F2_energy,val,961,7822,,1,0.6722638607025146,late_fusion
sprint9_multiseed_S8B_R2_seed7_S8B_R2_sequence_plus_context,S8B_R2_sequence_plus_context,1,gatv2_graph_c_sprint8b_sequence_plus_context,gatv2,graph_c_context_observation,S5F2_energy,val,962,7822,,1,0.5503997206687927,late_fusion
sprint9_multiseed_S8B_R2_seed7_S8B_R2_sequence_plus_context,S8B_R2_sequence_plus_context,1,gatv2_graph_c_sprint8b_sequence_plus_context,gatv2,graph_c_context_observation,S5F2_energy,val,963,7822,,1,0.7774012684822083,late_fusion
sprint9_multiseed_S8B_R2_seed7_S8B_R2_sequence_plus_context,S8B_R2_sequence_plus_context,1,gatv2_graph_c_sprint8b_sequence_plus_context,gatv2,graph_c_context_observation,S5F2_energy,val,964,7822,,1,0.5844647884368896,late_fusion
sprint9_multiseed_S8B_R2_seed7_S8B_R2_sequence_plus_context,S8B_R2_sequence_plus_context,1,gatv2_graph_c_sprint8b_sequence_plus_context,gatv2,graph_c_context_observation,S5F2_energy,val,965,7822,,1,0.8640490174293518,late_fusion
sprint9_multiseed_S8B_R2_seed7_S8B_R2_sequence_plus_context,S8B_R2_sequence_plus_context,1,gatv2_graph_c_sprint8b_sequence_plus_context,gatv2,graph_c_context_observation,S5F2_energy,val,966,7822,,1,0.48184725642204285,late_fusion
sprint9_multiseed_S8B_R2_seed7_S8B_R2_sequence_plus_context,S8B_R2_sequence_plus_context,1,gatv2_graph_c_sprint8b_sequence_plus_context,gatv2,graph_c_context_observation,S5F2_energy,val,967,7822,,1,0.8700587749481201,late_fusion
sprint9_multiseed_S8B_R2_seed7_S8B_R2_sequence_plus_context,S8B_R2_sequence_plus_context,1,gatv2_graph_c_sprint8b_sequence_plus_context,gatv2,graph_c_context_observation,S5F2_energy,val,968,7822,,1,0.8261439800262451,late_fusion
sprint9_multiseed_S8B_R2_seed7_S8B_R2_sequence_plus_context,S8B_R2_sequence_plus_context,1,gatv2_graph_c_sprint8b_sequence_plus_context,gatv2,graph_c_context_observation,S5F2_energy,val,969,7822,,1,0.7877371907234192,late_fusion
sprint9_multiseed_S8B_R2_seed7_S8B_R2_sequence_plus_context,S8B_R2_sequence_plus_context,1,gatv2_graph_c_sprint8b_sequence_plus_context,gatv2,graph_c_context_observation,S5F2_energy,val,970,7822,,1,0.6387699246406555,late_fusion
sprint9_multiseed_S8B_R2_seed7_S8B_R2_sequence_plus_context,S8B_R2_sequence_plus_context,1,gatv2_graph_c_sprint8b_sequence_plus_context,gatv2,graph_c_context_observation,S5F2_energy,val,971,7822,,1,0.8712528347969055,late_fusion
sprint9_multiseed_S8B_R2_seed7_S8B_R2_sequence_plus_context,S8B_R2_sequence_plus_context,1,gatv2_graph_c_sprint8b_sequence_plus_context,gatv2,graph_c_context_observation,S5F2_energy,val,972,7822,,1,0.20243847370147705,late_fusion
sprint9_multiseed_S8B_R2_seed7_S8B_R2_sequence_plus_context,S8B_R2_sequence_plus_context,1,gatv2_graph_c_sprint8b_sequence_plus_context,gatv2,graph_c_context_observation,S5F2_energy,val,973,7822,,1,0.5848275423049927,late_fusion
sprint9_multiseed_S8B_R2_seed7_S8B_R2_sequence_plus_context,S8B_R2_sequence_plus_context,1,gatv2_graph_c_sprint8b_sequence_plus_context,gatv2,graph_c_context_observation,S5F2_energy,val,974,7822,,1,0.37849488854408264,late_fusion
sprint9_multiseed_S8B_R2_seed7_S8B_R2_sequence_plus_context,S8B_R2_sequence_plus_context,1,gatv2_graph_c_sprint8b_sequence_plus_context,gatv2,graph_c_context_observation,S5F2_energy,val,975,7822,,1,0.7079664468765259,late_fusion
sprint9_multiseed_S8B_R2_seed7_S8B_R2_sequence_plus_context,S8B_R2_sequence_plus_context,1,gatv2_graph_c_sprint8b_sequence_plus_context,gatv2,graph_c_context_observation,S5F2_energy,val,976,7822,,1,0.4279972016811371,late_fusion
sprint9_multiseed_S8B_R2_seed7_S8B_R2_sequence_plus_context,S8B_R2_sequence_plus_context,1,gatv2_graph_c_sprint8b_sequence_plus_context,gatv2,graph_c_context_observation,S5F2_energy,val,977,7822,,1,0.7379143238067627,late_fusion
sprint9_multiseed_S8B_R2_seed7_S8B_R2_sequence_plus_context,S8B_R2_sequence_plus_context,1,gatv2_graph_c_sprint8b_sequence_plus_context,gatv2,graph_c_context_observation,S5F2_energy,val,978,7822,,1,0.727302074432373,late_fusion
sprint9_multiseed_S8B_R2_seed7_S8B_R2_sequence_plus_context,S8B_R2_sequence_plus_context,1,gatv2_graph_c_sprint8b_sequence_plus_context,gatv2,graph_c_context_observation,S5F2_energy,val,979,7822,,1,0.4901238977909088,late_fusion
sprint9_multiseed_S8B_R2_seed7_S8B_R2_sequence_plus_context,S8B_R2_sequence_plus_context,1,gatv2_graph_c_sprint8b_sequence_plus_context,gatv2,graph_c_context_observation,S5F2_energy,val,980,7822,,1,0.36561036109924316,late_fusion
sprint9_multiseed_S8B_R2_seed7_S8B_R2_sequence_plus_context,S8B_R2_sequence_plus_context,1,gatv2_graph_c_sprint8b_sequence_plus_context,gatv2,graph_c_context_observation,S5F2_energy,val,981,7822,,1,0.6596555113792419,late_fusion
sprint9_multiseed_S8B_R2_seed7_S8B_R2_sequence_plus_context,S8B_R2_sequence_plus_context,1,gatv2_graph_c_sprint8b_sequence_plus_context,gatv2,graph_c_context_observation,S5F2_energy,val,982,7822,,1,0.38534703850746155,late_fusion
sprint9_multiseed_S8B_R2_seed7_S8B_R2_sequence_plus_context,S8B_R2_sequence_plus_context,1,gatv2_graph_c_sprint8b_sequence_plus_context,gatv2,graph_c_context_observation,S5F2_energy,val,983,7822,,1,0.5114502310752869,late_fusion
sprint9_multiseed_S8B_R2_seed7_S8B_R2_sequence_plus_context,S8B_R2_sequence_plus_context,1,gatv2_graph_c_sprint8b_sequence_plus_context,gatv2,graph_c_context_observation,S5F2_energy,val,984,7822,,1,0.5620584487915039,late_fusion
sprint9_multiseed_S8B_R2_seed7_S8B_R2_sequence_plus_context,S8B_R2_sequence_plus_context,1,gatv2_graph_c_sprint8b_sequence_plus_context,gatv2,graph_c_context_observation,S5F2_energy,val,985,7822,,1,0.49649542570114136,late_fusion
sprint9_multiseed_S8B_R2_seed7_S8B_R2_sequence_plus_context,S8B_R2_sequence_plus_context,1,gatv2_graph_c_sprint8b_sequence_plus_context,gatv2,graph_c_context_observation,S5F2_energy,val,986,7822,,1,0.46918630599975586,late_fusion
sprint9_multiseed_S8B_R2_seed7_S8B_R2_sequence_plus_context,S8B_R2_sequence_plus_context,1,gatv2_graph_c_sprint8b_sequence_plus_context,gatv2,graph_c_context_observation,S5F2_energy,val,987,7822,,1,0.4808903932571411,late_fusion
sprint9_multiseed_S8B_R2_seed7_S8B_R2_sequence_plus_context,S8B_R2_sequence_plus_context,1,gatv2_graph_c_sprint8b_sequence_plus_context,gatv2,graph_c_context_observation,S5F2_energy,val,988,7822,,1,0.5976199507713318,late_fusion
sprint9_multiseed_S8B_R2_seed7_S8B_R2_sequence_plus_context,S8B_R2_sequence_plus_context,1,gatv2_graph_c_sprint8b_sequence_plus_context,gatv2,graph_c_context_observation,S5F2_energy,val,989,7822,,1,0.9729101061820984,late_fusion
sprint9_multiseed_S8B_R2_seed7_S8B_R2_sequence_plus_context,S8B_R2_sequence_plus_context,1,gatv2_graph_c_sprint8b_sequence_plus_context,gatv2,graph_c_context_observation,S5F2_energy,val,990,7822,,1,0.9176886081695557,late_fusion
sprint9_multiseed_S8B_R2_seed7_S8B_R2_sequence_plus_context,S8B_R2_sequence_plus_context,1,gatv2_graph_c_sprint8b_sequence_plus_context,gatv2,graph_c_context_observation,S5F2_energy,val,991,7822,,1,0.5812883973121643,late_fusion
sprint9_multiseed_S8B_R2_seed7_S8B_R2_sequence_plus_context,S8B_R2_sequence_plus_context,1,gatv2_graph_c_sprint8b_sequence_plus_context,gatv2,graph_c_context_observation,S5F2_energy,val,992,7822,,1,0.36463719606399536,late_fusion
sprint9_multiseed_S8B_R2_seed7_S8B_R2_sequence_plus_context,S8B_R2_sequence_plus_context,1,gatv2_graph_c_sprint8b_sequence_plus_context,gatv2,graph_c_context_observation,S5F2_energy,val,993,7822,,1,0.7736310362815857,late_fusion
sprint9_multiseed_S8B_R2_seed7_S8B_R2_sequence_plus_context,S8B_R2_sequence_plus_context,1,gatv2_graph_c_sprint8b_sequence_plus_context,gatv2,graph_c_context_observation,S5F2_energy,val,994,7822,,1,0.9548036456108093,late_fusion
sprint9_multiseed_S8B_R2_seed7_S8B_R2_sequence_plus_context,S8B_R2_sequence_plus_context,1,gatv2_graph_c_sprint8b_sequence_plus_context,gatv2,graph_c_context_observation,S5F2_energy,val,995,7822,,1,0.7162630558013916,late_fusion
sprint9_multiseed_S8B_R2_seed7_S8B_R2_sequence_plus_context,S8B_R2_sequence_plus_context,1,gatv2_graph_c_sprint8b_sequence_plus_context,gatv2,graph_c_context_observation,S5F2_energy,val,996,7822,,1,0.522800624370575,late_fusion
sprint9_multiseed_S8B_R2_seed7_S8B_R2_sequence_plus_context,S8B_R2_sequence_plus_context,1,gatv2_graph_c_sprint8b_sequence_plus_context,gatv2,graph_c_context_observation,S5F2_energy,val,997,7822,,1,0.9547874927520752,late_fusion
sprint9_multiseed_S8B_R2_seed7_S8B_R2_sequence_plus_context,S8B_R2_sequence_plus_context,1,gatv2_graph_c_sprint8b_sequence_plus_context,gatv2,graph_c_context_observation,S5F2_energy,val,998,7822,,1,0.47743460536003113,late_fusion
sprint9_multiseed_S8B_R2_seed7_S8B_R2_sequence_plus_context,S8B_R2_sequence_plus_context,1,gatv2_graph_c_sprint8b_sequence_plus_context,gatv2,graph_c_context_observation,S5F2_energy,val,999,7822,,1,0.6933198571205139,late_fusion
sprint9_multiseed_S8B_R2_seed7_S8B_R2_sequence_plus_context,S8B_R2_sequence_plus_context,1,gatv2_graph_c_sprint8b_sequence_plus_context,gatv2,graph_c_context_observation,S5F2_energy,val,1000,7822,,1,0.3681079149246216,late_fusion
sprint9_multiseed_S8B_R2_seed7_S8B_R2_sequence_plus_context,S8B_R2_sequence_plus_context,1,gatv2_graph_c_sprint8b_sequence_plus_context,gatv2,graph_c_context_observation,S5F2_energy,val,1001,7822,,1,0.7173404693603516,late_fusion
sprint9_multiseed_S8B_R2_seed7_S8B_R2_sequence_plus_context,S8B_R2_sequence_plus_context,1,gatv2_graph_c_sprint8b_sequence_plus_context,gatv2,graph_c_context_observation,S5F2_energy,val,1002,7822,,1,0.6724620461463928,late_fusion
sprint9_multiseed_S8B_R2_seed7_S8B_R2_sequence_plus_context,S8B_R2_sequence_plus_context,1,gatv2_graph_c_sprint8b_sequence_plus_context,gatv2,graph_c_context_observation,S5F2_energy,val,1003,7822,,1,0.43766072392463684,late_fusion
sprint9_multiseed_S8B_R2_seed7_S8B_R2_sequence_plus_context,S8B_R2_sequence_plus_context,1,gatv2_graph_c_sprint8b_sequence_plus_context,gatv2,graph_c_context_observation,S5F2_energy,val,1004,7822,,1,0.42336779832839966,late_fusion
sprint9_multiseed_S8B_R2_seed7_S8B_R2_sequence_plus_context,S8B_R2_sequence_plus_context,1,gatv2_graph_c_sprint8b_sequence_plus_context,gatv2,graph_c_context_observation,S5F2_energy,val,1005,7822,,1,0.4701666533946991,late_fusion
sprint9_multiseed_S8B_R2_seed7_S8B_R2_sequence_plus_context,S8B_R2_sequence_plus_context,1,gatv2_graph_c_sprint8b_sequence_plus_context,gatv2,graph_c_context_observation,S5F2_energy,val,1006,7822,,1,0.34317371249198914,late_fusion
sprint9_multiseed_S8B_R2_seed7_S8B_R2_sequence_plus_context,S8B_R2_sequence_plus_context,1,gatv2_graph_c_sprint8b_sequence_plus_context,gatv2,graph_c_context_observation,S5F2_energy,val,1007,7822,,1,0.7432404160499573,late_fusion
sprint9_multiseed_S8B_R2_seed7_S8B_R2_sequence_plus_context,S8B_R2_sequence_plus_context,1,gatv2_graph_c_sprint8b_sequence_plus_context,gatv2,graph_c_context_observation,S5F2_energy,val,1008,7822,,1,0.5017108917236328,late_fusion
sprint9_multiseed_S8B_R2_seed7_S8B_R2_sequence_plus_context,S8B_R2_sequence_plus_context,1,gatv2_graph_c_sprint8b_sequence_plus_context,gatv2,graph_c_context_observation,S5F2_energy,val,1009,7822,,1,0.9344491362571716,late_fusion
sprint9_multiseed_S8B_R2_seed7_S8B_R2_sequence_plus_context,S8B_R2_sequence_plus_context,1,gatv2_graph_c_sprint8b_sequence_plus_context,gatv2,graph_c_context_observation,S5F2_energy,val,1010,7822,,1,0.6222981214523315,late_fusion
sprint9_multiseed_S8B_R2_seed7_S8B_R2_sequence_plus_context,S8B_R2_sequence_plus_context,1,gatv2_graph_c_sprint8b_sequence_plus_context,gatv2,graph_c_context_observation,S5F2_energy,val,1011,7822,,1,0.9127463102340698,late_fusion
sprint9_multiseed_S8B_R2_seed7_S8B_R2_sequence_plus_context,S8B_R2_sequence_plus_context,1,gatv2_graph_c_sprint8b_sequence_plus_context,gatv2,graph_c_context_observation,S5F2_energy,val,1012,7822,,1,0.592944860458374,late_fusion
sprint9_multiseed_S8B_R2_seed7_S8B_R2_sequence_plus_context,S8B_R2_sequence_plus_context,1,gatv2_graph_c_sprint8b_sequence_plus_context,gatv2,graph_c_context_observation,S5F2_energy,val,1013,7822,,1,0.7415981292724609,late_fusion
sprint9_multiseed_S8B_R2_seed7_S8B_R2_sequence_plus_context,S8B_R2_sequence_plus_context,1,gatv2_graph_c_sprint8b_sequence_plus_context,gatv2,graph_c_context_observation,S5F2_energy,val,1014,7822,,1,0.9306173324584961,late_fusion
sprint9_multiseed_S8B_R2_seed7_S8B_R2_sequence_plus_context,S8B_R2_sequence_plus_context,1,gatv2_graph_c_sprint8b_sequence_plus_context,gatv2,graph_c_context_observation,S5F2_energy,val,1015,7822,,1,0.36911526322364807,late_fusion
sprint9_multiseed_S8B_R2_seed7_S8B_R2_sequence_plus_context,S8B_R2_sequence_plus_context,1,gatv2_graph_c_sprint8b_sequence_plus_context,gatv2,graph_c_context_observation,S5F2_energy,val,1016,7822,,1,0.5812132358551025,late_fusion
sprint9_multiseed_S8B_R2_seed7_S8B_R2_sequence_plus_context,S8B_R2_sequence_plus_context,1,gatv2_graph_c_sprint8b_sequence_plus_context,gatv2,graph_c_context_observation,S5F2_energy,val,1017,7822,,1,0.543125331401825,late_fusion
sprint9_multiseed_S8B_R2_seed7_S8B_R2_sequence_plus_context,S8B_R2_sequence_plus_context,1,gatv2_graph_c_sprint8b_sequence_plus_context,gatv2,graph_c_context_observation,S5F2_energy,val,1018,7822,,1,0.8111230134963989,late_fusion
sprint9_multiseed_S8B_R2_seed7_S8B_R2_sequence_plus_context,S8B_R2_sequence_plus_context,1,gatv2_graph_c_sprint8b_sequence_plus_context,gatv2,graph_c_context_observation,S5F2_energy,val,1019,7822,,1,0.3856754004955292,late_fusion
sprint9_multiseed_S8B_R2_seed7_S8B_R2_sequence_plus_context,S8B_R2_sequence_plus_context,1,gatv2_graph_c_sprint8b_sequence_plus_context,gatv2,graph_c_context_observation,S5F2_energy,val,1020,7822,,1,0.65679532289505,late_fusion
sprint9_multiseed_S8B_R2_seed7_S8B_R2_sequence_plus_context,S8B_R2_sequence_plus_context,1,gatv2_graph_c_sprint8b_sequence_plus_context,gatv2,graph_c_context_observation,S5F2_energy,val,1021,7822,,1,0.7342954277992249,late_fusion
sprint9_multiseed_S8B_R2_seed7_S8B_R2_sequence_plus_context,S8B_R2_sequence_plus_context,1,gatv2_graph_c_sprint8b_sequence_plus_context,gatv2,graph_c_context_observation,S5F2_energy,val,1022,7822,,1,0.4201812744140625,late_fusion
sprint9_multiseed_S8B_R2_seed7_S8B_R2_sequence_plus_context,S8B_R2_sequence_plus_context,1,gatv2_graph_c_sprint8b_sequence_plus_context,gatv2,graph_c_context_observation,S5F2_energy,val,1023,7822,,1,0.5336751937866211,late_fusion
sprint9_multiseed_S8B_R2_seed7_S8B_R2_sequence_plus_context,S8B_R2_sequence_plus_context,1,gatv2_graph_c_sprint8b_sequence_plus_context,gatv2,graph_c_context_observation,S5F2_energy,val,1024,7822,,1,0.6903753876686096,late_fusion
sprint9_multiseed_S8B_R2_seed7_S8B_R2_sequence_plus_context,S8B_R2_sequence_plus_context,1,gatv2_graph_c_sprint8b_sequence_plus_context,gatv2,graph_c_context_observation,S5F2_energy,val,1025,7822,,1,0.45619893074035645,late_fusion
sprint9_multiseed_S8B_R2_seed7_S8B_R2_sequence_plus_context,S8B_R2_sequence_plus_context,1,gatv2_graph_c_sprint8b_sequence_plus_context,gatv2,graph_c_context_observation,S5F2_energy,val,1026,7822,,1,0.3414303660392761,late_fusion
sprint9_multiseed_S8B_R2_seed7_S8B_R2_sequence_plus_context,S8B_R2_sequence_plus_context,1,gatv2_graph_c_sprint8b_sequence_plus_context,gatv2,graph_c_context_observation,S5F2_energy,val,1027,7822,,1,0.5890805125236511,late_fusion
sprint9_multiseed_S8B_R2_seed7_S8B_R2_sequence_plus_context,S8B_R2_sequence_plus_context,1,gatv2_graph_c_sprint8b_sequence_plus_context,gatv2,graph_c_context_observation,S5F2_energy,val,1028,7822,,1,0.5203633308410645,late_fusion
sprint9_multiseed_S8B_R2_seed7_S8B_R2_sequence_plus_context,S8B_R2_sequence_plus_context,1,gatv2_graph_c_sprint8b_sequence_plus_context,gatv2,graph_c_context_observation,S5F2_energy,val,1029,7822,,1,0.6003579497337341,late_fusion
sprint9_multiseed_S8B_R2_seed7_S8B_R2_sequence_plus_context,S8B_R2_sequence_plus_context,1,gatv2_graph_c_sprint8b_sequence_plus_context,gatv2,graph_c_context_observation,S5F2_energy,val,1030,7822,,1,0.5953500270843506,late_fusion
sprint9_multiseed_S8B_R2_seed7_S8B_R2_sequence_plus_context,S8B_R2_sequence_plus_context,1,gatv2_graph_c_sprint8b_sequence_plus_context,gatv2,graph_c_context_observation,S5F2_energy,val,1031,7822,,1,0.7270172834396362,late_fusion
sprint9_multiseed_S8B_R2_seed7_S8B_R2_sequence_plus_context,S8B_R2_sequence_plus_context,1,gatv2_graph_c_sprint8b_sequence_plus_context,gatv2,graph_c_context_observation,S5F2_energy,val,1032,7822,,1,0.6740294098854065,late_fusion
sprint9_multiseed_S8B_R2_seed7_S8B_R2_sequence_plus_context,S8B_R2_sequence_plus_context,1,gatv2_graph_c_sprint8b_sequence_plus_context,gatv2,graph_c_context_observation,S5F2_energy,val,1033,7822,,1,0.673175036907196,late_fusion
sprint9_multiseed_S8B_R2_seed7_S8B_R2_sequence_plus_context,S8B_R2_sequence_plus_context,1,gatv2_graph_c_sprint8b_sequence_plus_context,gatv2,graph_c_context_observation,S5F2_energy,val,1034,7822,,1,0.8377342224121094,late_fusion
sprint9_multiseed_S8B_R2_seed7_S8B_R2_sequence_plus_context,S8B_R2_sequence_plus_context,1,gatv2_graph_c_sprint8b_sequence_plus_context,gatv2,graph_c_context_observation,S5F2_energy,val,1035,7822,,1,0.6888608336448669,late_fusion
sprint9_multiseed_S8B_R2_seed7_S8B_R2_sequence_plus_context,S8B_R2_sequence_plus_context,1,gatv2_graph_c_sprint8b_sequence_plus_context,gatv2,graph_c_context_observation,S5F2_energy,val,1036,7822,,1,0.49409520626068115,late_fusion
sprint9_multiseed_S8B_R2_seed7_S8B_R2_sequence_plus_context,S8B_R2_sequence_plus_context,1,gatv2_graph_c_sprint8b_sequence_plus_context,gatv2,graph_c_context_observation,S5F2_energy,val,1037,7822,,1,0.6775253415107727,late_fusion
sprint9_multiseed_S8B_R2_seed7_S8B_R2_sequence_plus_context,S8B_R2_sequence_plus_context,1,gatv2_graph_c_sprint8b_sequence_plus_context,gatv2,graph_c_context_observation,S5F2_energy,val,1038,7822,,1,0.7560497522354126,late_fusion
sprint9_multiseed_S8B_R2_seed7_S8B_R2_sequence_plus_context,S8B_R2_sequence_plus_context,1,gatv2_graph_c_sprint8b_sequence_plus_context,gatv2,graph_c_context_observation,S5F2_energy,val,1039,7822,,1,0.7811167240142822,late_fusion
sprint9_multiseed_S8B_R2_seed7_S8B_R2_sequence_plus_context,S8B_R2_sequence_plus_context,1,gatv2_graph_c_sprint8b_sequence_plus_context,gatv2,graph_c_context_observation,S5F2_energy,val,1040,7822,,1,0.7433002591133118,late_fusion
sprint9_multiseed_S8B_R2_seed7_S8B_R2_sequence_plus_context,S8B_R2_sequence_plus_context,1,gatv2_graph_c_sprint8b_sequence_plus_context,gatv2,graph_c_context_observation,S5F2_energy,val,1041,7822,,1,0.38831883668899536,late_fusion
sprint9_multiseed_S8B_R2_seed7_S8B_R2_sequence_plus_context,S8B_R2_sequence_plus_context,1,gatv2_graph_c_sprint8b_sequence_plus_context,gatv2,graph_c_context_observation,S5F2_energy,val,1042,7822,,1,0.6621372103691101,late_fusion
sprint9_multiseed_S8B_R2_seed7_S8B_R2_sequence_plus_context,S8B_R2_sequence_plus_context,1,gatv2_graph_c_sprint8b_sequence_plus_context,gatv2,graph_c_context_observation,S5F2_energy,val,1043,7822,,1,0.6878286600112915,late_fusion
sprint9_multiseed_S8B_R2_seed7_S8B_R2_sequence_plus_context,S8B_R2_sequence_plus_context,1,gatv2_graph_c_sprint8b_sequence_plus_context,gatv2,graph_c_context_observation,S5F2_energy,val,1044,7822,,1,0.653834879398346,late_fusion
sprint9_multiseed_S8B_R2_seed7_S8B_R2_sequence_plus_context,S8B_R2_sequence_plus_context,1,gatv2_graph_c_sprint8b_sequence_plus_context,gatv2,graph_c_context_observation,S5F2_energy,val,1045,7822,,1,0.5507827401161194,late_fusion
sprint9_multiseed_S8B_R2_seed7_S8B_R2_sequence_plus_context,S8B_R2_sequence_plus_context,1,gatv2_graph_c_sprint8b_sequence_plus_context,gatv2,graph_c_context_observation,S5F2_energy,val,1046,7822,,1,0.9343471527099609,late_fusion
sprint9_multiseed_S8B_R2_seed7_S8B_R2_sequence_plus_context,S8B_R2_sequence_plus_context,1,gatv2_graph_c_sprint8b_sequence_plus_context,gatv2,graph_c_context_observation,S5F2_energy,val,1047,7822,,1,0.6018567085266113,late_fusion
sprint9_multiseed_S8B_R2_seed7_S8B_R2_sequence_plus_context,S8B_R2_sequence_plus_context,1,gatv2_graph_c_sprint8b_sequence_plus_context,gatv2,graph_c_context_observation,S5F2_energy,val,1048,7822,,1,0.3109058439731598,late_fusion
sprint9_multiseed_S8B_R2_seed7_S8B_R2_sequence_plus_context,S8B_R2_sequence_plus_context,1,gatv2_graph_c_sprint8b_sequence_plus_context,gatv2,graph_c_context_observation,S5F2_energy,val,1049,7822,,1,0.5088648796081543,late_fusion
sprint9_multiseed_S8B_R2_seed7_S8B_R2_sequence_plus_context,S8B_R2_sequence_plus_context,1,gatv2_graph_c_sprint8b_sequence_plus_context,gatv2,graph_c_context_observation,S5F2_energy,val,1050,7822,,1,0.9329077005386353,late_fusion
sprint9_multiseed_S8B_R2_seed7_S8B_R2_sequence_plus_context,S8B_R2_sequence_plus_context,1,gatv2_graph_c_sprint8b_sequence_plus_context,gatv2,graph_c_context_observation,S5F2_energy,val,1051,7822,,1,0.890309751033783,late_fusion
sprint9_multiseed_S8B_R2_seed7_S8B_R2_sequence_plus_context,S8B_R2_sequence_plus_context,1,gatv2_graph_c_sprint8b_sequence_plus_context,gatv2,graph_c_context_observation,S5F2_energy,val,1052,7822,,1,0.6746913194656372,late_fusion
sprint9_multiseed_S8B_R2_seed7_S8B_R2_sequence_plus_context,S8B_R2_sequence_plus_context,1,gatv2_graph_c_sprint8b_sequence_plus_context,gatv2,graph_c_context_observation,S5F2_energy,val,1053,7822,,1,0.6065475344657898,late_fusion
sprint9_multiseed_S8B_R2_seed7_S8B_R2_sequence_plus_context,S8B_R2_sequence_plus_context,1,gatv2_graph_c_sprint8b_sequence_plus_context,gatv2,graph_c_context_observation,S5F2_energy,val,1054,7822,,1,0.5405060648918152,late_fusion
sprint9_multiseed_S8B_R2_seed7_S8B_R2_sequence_plus_context,S8B_R2_sequence_plus_context,1,gatv2_graph_c_sprint8b_sequence_plus_context,gatv2,graph_c_context_observation,S5F2_energy,val,1055,7822,,1,0.9115962386131287,late_fusion
sprint9_multiseed_S8B_R2_seed7_S8B_R2_sequence_plus_context,S8B_R2_sequence_plus_context,1,gatv2_graph_c_sprint8b_sequence_plus_context,gatv2,graph_c_context_observation,S5F2_energy,val,1056,7822,,1,0.6594952344894409,late_fusion
sprint9_multiseed_S8B_R2_seed7_S8B_R2_sequence_plus_context,S8B_R2_sequence_plus_context,1,gatv2_graph_c_sprint8b_sequence_plus_context,gatv2,graph_c_context_observation,S5F2_energy,val,1057,7822,,1,0.34339722990989685,late_fusion
sprint9_multiseed_S8B_R2_seed7_S8B_R2_sequence_plus_context,S8B_R2_sequence_plus_context,1,gatv2_graph_c_sprint8b_sequence_plus_context,gatv2,graph_c_context_observation,S5F2_energy,val,1058,7822,,1,0.40793561935424805,late_fusion
sprint9_multiseed_S8B_R2_seed7_S8B_R2_sequence_plus_context,S8B_R2_sequence_plus_context,1,gatv2_graph_c_sprint8b_sequence_plus_context,gatv2,graph_c_context_observation,S5F2_energy,val,1059,7822,,1,0.781273365020752,late_fusion
sprint9_multiseed_S8B_R2_seed7_S8B_R2_sequence_plus_context,S8B_R2_sequence_plus_context,1,gatv2_graph_c_sprint8b_sequence_plus_context,gatv2,graph_c_context_observation,S5F2_energy,val,1060,7822,,1,0.7041705250740051,late_fusion
sprint9_multiseed_S8B_R2_seed7_S8B_R2_sequence_plus_context,S8B_R2_sequence_plus_context,1,gatv2_graph_c_sprint8b_sequence_plus_context,gatv2,graph_c_context_observation,S5F2_energy,val,1061,7822,,1,0.4219955503940582,late_fusion
sprint9_multiseed_S8B_R2_seed7_S8B_R2_sequence_plus_context,S8B_R2_sequence_plus_context,1,gatv2_graph_c_sprint8b_sequence_plus_context,gatv2,graph_c_context_observation,S5F2_energy,val,1062,7822,,1,0.9256660342216492,late_fusion
sprint9_multiseed_S8B_R2_seed7_S8B_R2_sequence_plus_context,S8B_R2_sequence_plus_context,1,gatv2_graph_c_sprint8b_sequence_plus_context,gatv2,graph_c_context_observation,S5F2_energy,val,1063,7822,,1,0.6105476021766663,late_fusion
sprint9_multiseed_S8B_R2_seed7_S8B_R2_sequence_plus_context,S8B_R2_sequence_plus_context,1,gatv2_graph_c_sprint8b_sequence_plus_context,gatv2,graph_c_context_observation,S5F2_energy,val,1064,7822,,1,0.9574662446975708,late_fusion
sprint9_multiseed_S8B_R2_seed7_S8B_R2_sequence_plus_context,S8B_R2_sequence_plus_context,1,gatv2_graph_c_sprint8b_sequence_plus_context,gatv2,graph_c_context_observation,S5F2_energy,val,1065,7822,,1,0.6770843267440796,late_fusion
sprint9_multiseed_S8B_R2_seed7_S8B_R2_sequence_plus_context,S8B_R2_sequence_plus_context,1,gatv2_graph_c_sprint8b_sequence_plus_context,gatv2,graph_c_context_observation,S5F2_energy,val,1066,7822,,1,0.6158839464187622,late_fusion
sprint9_multiseed_S8B_R2_seed7_S8B_R2_sequence_plus_context,S8B_R2_sequence_plus_context,1,gatv2_graph_c_sprint8b_sequence_plus_context,gatv2,graph_c_context_observation,S5F2_energy,val,1067,7822,,1,0.7756081223487854,late_fusion
sprint9_multiseed_S8B_R2_seed7_S8B_R2_sequence_plus_context,S8B_R2_sequence_plus_context,1,gatv2_graph_c_sprint8b_sequence_plus_context,gatv2,graph_c_context_observation,S5F2_energy,val,1068,7822,,1,0.86030513048172,late_fusion
sprint9_multiseed_S8B_R2_seed7_S8B_R2_sequence_plus_context,S8B_R2_sequence_plus_context,1,gatv2_graph_c_sprint8b_sequence_plus_context,gatv2,graph_c_context_observation,S5F2_energy,val,1069,7822,,1,0.6547889709472656,late_fusion
sprint9_multiseed_S8B_R2_seed7_S8B_R2_sequence_plus_context,S8B_R2_sequence_plus_context,1,gatv2_graph_c_sprint8b_sequence_plus_context,gatv2,graph_c_context_observation,S5F2_energy,val,1070,7822,,1,0.6496676206588745,late_fusion
sprint9_multiseed_S8B_R2_seed7_S8B_R2_sequence_plus_context,S8B_R2_sequence_plus_context,1,gatv2_graph_c_sprint8b_sequence_plus_context,gatv2,graph_c_context_observation,S5F2_energy,val,1071,7822,,1,0.8807017803192139,late_fusion
sprint9_multiseed_S8B_R2_seed7_S8B_R2_sequence_plus_context,S8B_R2_sequence_plus_context,1,gatv2_graph_c_sprint8b_sequence_plus_context,gatv2,graph_c_context_observation,S5F2_energy,val,1072,7822,,1,0.500366747379303,late_fusion
sprint9_multiseed_S8B_R2_seed7_S8B_R2_sequence_plus_context,S8B_R2_sequence_plus_context,1,gatv2_graph_c_sprint8b_sequence_plus_context,gatv2,graph_c_context_observation,S5F2_energy,val,1073,7822,,1,0.7829006314277649,late_fusion
sprint9_multiseed_S8B_R2_seed7_S8B_R2_sequence_plus_context,S8B_R2_sequence_plus_context,1,gatv2_graph_c_sprint8b_sequence_plus_context,gatv2,graph_c_context_observation,S5F2_energy,val,1074,7822,,1,0.5810787081718445,late_fusion
sprint9_multiseed_S8B_R2_seed7_S8B_R2_sequence_plus_context,S8B_R2_sequence_plus_context,1,gatv2_graph_c_sprint8b_sequence_plus_context,gatv2,graph_c_context_observation,S5F2_energy,val,1075,7822,,1,0.4383099377155304,late_fusion
sprint9_multiseed_S8B_R2_seed7_S8B_R2_sequence_plus_context,S8B_R2_sequence_plus_context,1,gatv2_graph_c_sprint8b_sequence_plus_context,gatv2,graph_c_context_observation,S5F2_energy,val,1076,7822,,1,0.40846961736679077,late_fusion
sprint9_multiseed_S8B_R2_seed7_S8B_R2_sequence_plus_context,S8B_R2_sequence_plus_context,1,gatv2_graph_c_sprint8b_sequence_plus_context,gatv2,graph_c_context_observation,S5F2_energy,val,1077,7822,,1,0.8275378346443176,late_fusion
sprint9_multiseed_S8B_R2_seed7_S8B_R2_sequence_plus_context,S8B_R2_sequence_plus_context,1,gatv2_graph_c_sprint8b_sequence_plus_context,gatv2,graph_c_context_observation,S5F2_energy,val,1078,7822,,1,0.3860326409339905,late_fusion
sprint9_multiseed_S8B_R2_seed7_S8B_R2_sequence_plus_context,S8B_R2_sequence_plus_context,1,gatv2_graph_c_sprint8b_sequence_plus_context,gatv2,graph_c_context_observation,S5F2_energy,val,1079,7822,,1,0.5618103742599487,late_fusion
sprint9_multiseed_S8B_R2_seed7_S8B_R2_sequence_plus_context,S8B_R2_sequence_plus_context,1,gatv2_graph_c_sprint8b_sequence_plus_context,gatv2,graph_c_context_observation,S5F2_energy,val,1080,7822,,1,0.538353681564331,late_fusion
sprint9_multiseed_S8B_R2_seed7_S8B_R2_sequence_plus_context,S8B_R2_sequence_plus_context,1,gatv2_graph_c_sprint8b_sequence_plus_context,gatv2,graph_c_context_observation,S5F2_energy,val,1081,7822,,1,0.45512720942497253,late_fusion
sprint9_multiseed_S8B_R2_seed7_S8B_R2_sequence_plus_context,S8B_R2_sequence_plus_context,1,gatv2_graph_c_sprint8b_sequence_plus_context,gatv2,graph_c_context_observation,S5F2_energy,val,1082,7822,,1,0.556495189666748,late_fusion
sprint9_multiseed_S8B_R2_seed7_S8B_R2_sequence_plus_context,S8B_R2_sequence_plus_context,1,gatv2_graph_c_sprint8b_sequence_plus_context,gatv2,graph_c_context_observation,S5F2_energy,val,1083,7822,,1,0.5028542876243591,late_fusion
sprint9_multiseed_S8B_R2_seed7_S8B_R2_sequence_plus_context,S8B_R2_sequence_plus_context,1,gatv2_graph_c_sprint8b_sequence_plus_context,gatv2,graph_c_context_observation,S5F2_energy,val,1084,7822,,1,0.6786825656890869,late_fusion
sprint9_multiseed_S8B_R2_seed7_S8B_R2_sequence_plus_context,S8B_R2_sequence_plus_context,1,gatv2_graph_c_sprint8b_sequence_plus_context,gatv2,graph_c_context_observation,S5F2_energy,val,1085,7822,,1,0.5016321539878845,late_fusion
sprint9_multiseed_S8B_R2_seed7_S8B_R2_sequence_plus_context,S8B_R2_sequence_plus_context,1,gatv2_graph_c_sprint8b_sequence_plus_context,gatv2,graph_c_context_observation,S5F2_energy,val,1086,7822,,1,0.8643701672554016,late_fusion
sprint9_multiseed_S8B_R2_seed7_S8B_R2_sequence_plus_context,S8B_R2_sequence_plus_context,1,gatv2_graph_c_sprint8b_sequence_plus_context,gatv2,graph_c_context_observation,S5F2_energy,val,1087,7822,,1,0.6064574122428894,late_fusion
sprint9_multiseed_S8B_R2_seed7_S8B_R2_sequence_plus_context,S8B_R2_sequence_plus_context,1,gatv2_graph_c_sprint8b_sequence_plus_context,gatv2,graph_c_context_observation,S5F2_energy,val,1088,7822,,1,0.6098963022232056,late_fusion
sprint9_multiseed_S8B_R2_seed7_S8B_R2_sequence_plus_context,S8B_R2_sequence_plus_context,1,gatv2_graph_c_sprint8b_sequence_plus_context,gatv2,graph_c_context_observation,S5F2_energy,val,1089,7822,,1,0.5815721750259399,late_fusion
sprint9_multiseed_S8B_R2_seed7_S8B_R2_sequence_plus_context,S8B_R2_sequence_plus_context,1,gatv2_graph_c_sprint8b_sequence_plus_context,gatv2,graph_c_context_observation,S5F2_energy,val,1090,7822,,1,0.4282572865486145,late_fusion
sprint9_multiseed_S8B_R2_seed7_S8B_R2_sequence_plus_context,S8B_R2_sequence_plus_context,1,gatv2_graph_c_sprint8b_sequence_plus_context,gatv2,graph_c_context_observation,S5F2_energy,val,1091,7822,,1,0.8611465692520142,late_fusion
sprint9_multiseed_S8B_R2_seed7_S8B_R2_sequence_plus_context,S8B_R2_sequence_plus_context,1,gatv2_graph_c_sprint8b_sequence_plus_context,gatv2,graph_c_context_observation,S5F2_energy,val,1092,7822,,1,0.6733806133270264,late_fusion
sprint9_multiseed_S8B_R2_seed7_S8B_R2_sequence_plus_context,S8B_R2_sequence_plus_context,1,gatv2_graph_c_sprint8b_sequence_plus_context,gatv2,graph_c_context_observation,S5F2_energy,val,1093,7822,,1,0.657192051410675,late_fusion
sprint9_multiseed_S8B_R2_seed7_S8B_R2_sequence_plus_context,S8B_R2_sequence_plus_context,1,gatv2_graph_c_sprint8b_sequence_plus_context,gatv2,graph_c_context_observation,S5F2_energy,val,1094,7822,,1,0.3570191562175751,late_fusion
sprint9_multiseed_S8B_R2_seed7_S8B_R2_sequence_plus_context,S8B_R2_sequence_plus_context,1,gatv2_graph_c_sprint8b_sequence_plus_context,gatv2,graph_c_context_observation,S5F2_energy,val,1095,7822,,1,0.6646624803543091,late_fusion
sprint9_multiseed_S8B_R2_seed7_S8B_R2_sequence_plus_context,S8B_R2_sequence_plus_context,1,gatv2_graph_c_sprint8b_sequence_plus_context,gatv2,graph_c_context_observation,S5F2_energy,val,1096,7822,,1,0.5851077437400818,late_fusion
sprint9_multiseed_S8B_R2_seed7_S8B_R2_sequence_plus_context,S8B_R2_sequence_plus_context,1,gatv2_graph_c_sprint8b_sequence_plus_context,gatv2,graph_c_context_observation,S5F2_energy,val,1097,7822,,1,0.6571506261825562,late_fusion
sprint9_multiseed_S8B_R2_seed7_S8B_R2_sequence_plus_context,S8B_R2_sequence_plus_context,1,gatv2_graph_c_sprint8b_sequence_plus_context,gatv2,graph_c_context_observation,S5F2_energy,val,1098,7822,,1,0.7570968866348267,late_fusion
sprint9_multiseed_S8B_R2_seed7_S8B_R2_sequence_plus_context,S8B_R2_sequence_plus_context,1,gatv2_graph_c_sprint8b_sequence_plus_context,gatv2,graph_c_context_observation,S5F2_energy,val,1099,7822,,1,0.4241011440753937,late_fusion
sprint9_multiseed_S8B_R2_seed7_S8B_R2_sequence_plus_context,S8B_R2_sequence_plus_context,1,gatv2_graph_c_sprint8b_sequence_plus_context,gatv2,graph_c_context_observation,S5F2_energy,val,1100,7822,,1,0.9053416848182678,late_fusion
sprint9_multiseed_S8B_R2_seed7_S8B_R2_sequence_plus_context,S8B_R2_sequence_plus_context,1,gatv2_graph_c_sprint8b_sequence_plus_context,gatv2,graph_c_context_observation,S5F2_energy,val,1101,7822,,1,0.569165050983429,late_fusion
sprint9_multiseed_S8B_R2_seed7_S8B_R2_sequence_plus_context,S8B_R2_sequence_plus_context,1,gatv2_graph_c_sprint8b_sequence_plus_context,gatv2,graph_c_context_observation,S5F2_energy,val,1102,7822,,1,0.6635592579841614,late_fusion
sprint9_multiseed_S8B_R2_seed7_S8B_R2_sequence_plus_context,S8B_R2_sequence_plus_context,1,gatv2_graph_c_sprint8b_sequence_plus_context,gatv2,graph_c_context_observation,S5F2_energy,val,1103,7822,,1,0.4001499116420746,late_fusion
sprint9_multiseed_S8B_R2_seed7_S8B_R2_sequence_plus_context,S8B_R2_sequence_plus_context,1,gatv2_graph_c_sprint8b_sequence_plus_context,gatv2,graph_c_context_observation,S5F2_energy,val,1104,7822,,1,0.5037801265716553,late_fusion
sprint9_multiseed_S8B_R2_seed7_S8B_R2_sequence_plus_context,S8B_R2_sequence_plus_context,1,gatv2_graph_c_sprint8b_sequence_plus_context,gatv2,graph_c_context_observation,S5F2_energy,val,1105,7822,,1,0.7920147180557251,late_fusion
sprint9_multiseed_S8B_R2_seed7_S8B_R2_sequence_plus_context,S8B_R2_sequence_plus_context,1,gatv2_graph_c_sprint8b_sequence_plus_context,gatv2,graph_c_context_observation,S5F2_energy,val,1106,7822,,1,0.8867550492286682,late_fusion
sprint9_multiseed_S8B_R2_seed7_S8B_R2_sequence_plus_context,S8B_R2_sequence_plus_context,1,gatv2_graph_c_sprint8b_sequence_plus_context,gatv2,graph_c_context_observation,S5F2_energy,val,1107,7822,,1,0.44748178124427795,late_fusion
sprint9_multiseed_S8B_R2_seed7_S8B_R2_sequence_plus_context,S8B_R2_sequence_plus_context,1,gatv2_graph_c_sprint8b_sequence_plus_context,gatv2,graph_c_context_observation,S5F2_energy,val,1108,7822,,1,0.951901376247406,late_fusion
sprint9_multiseed_S8B_R2_seed7_S8B_R2_sequence_plus_context,S8B_R2_sequence_plus_context,1,gatv2_graph_c_sprint8b_sequence_plus_context,gatv2,graph_c_context_observation,S5F2_energy,val,1109,7822,,1,0.42583388090133667,late_fusion
sprint9_multiseed_S8B_R2_seed7_S8B_R2_sequence_plus_context,S8B_R2_sequence_plus_context,1,gatv2_graph_c_sprint8b_sequence_plus_context,gatv2,graph_c_context_observation,S5F2_energy,val,1110,7822,,1,0.401930034160614,late_fusion
sprint9_multiseed_S8B_R2_seed7_S8B_R2_sequence_plus_context,S8B_R2_sequence_plus_context,1,gatv2_graph_c_sprint8b_sequence_plus_context,gatv2,graph_c_context_observation,S5F2_energy,val,1111,7822,,1,0.6432257294654846,late_fusion
sprint9_multiseed_S8B_R2_seed7_S8B_R2_sequence_plus_context,S8B_R2_sequence_plus_context,1,gatv2_graph_c_sprint8b_sequence_plus_context,gatv2,graph_c_context_observation,S5F2_energy,val,1112,7822,,1,0.8568956851959229,late_fusion
sprint9_multiseed_S8B_R2_seed7_S8B_R2_sequence_plus_context,S8B_R2_sequence_plus_context,1,gatv2_graph_c_sprint8b_sequence_plus_context,gatv2,graph_c_context_observation,S5F2_energy,val,1113,7822,,1,0.8994373679161072,late_fusion
sprint9_multiseed_S8B_R2_seed7_S8B_R2_sequence_plus_context,S8B_R2_sequence_plus_context,1,gatv2_graph_c_sprint8b_sequence_plus_context,gatv2,graph_c_context_observation,S5F2_energy,val,1114,7822,,1,0.5328893661499023,late_fusion
sprint9_multiseed_S8B_R2_seed7_S8B_R2_sequence_plus_context,S8B_R2_sequence_plus_context,1,gatv2_graph_c_sprint8b_sequence_plus_context,gatv2,graph_c_context_observation,S5F2_energy,val,1115,7822,,1,0.6517159938812256,late_fusion
sprint9_multiseed_S8B_R2_seed7_S8B_R2_sequence_plus_context,S8B_R2_sequence_plus_context,1,gatv2_graph_c_sprint8b_sequence_plus_context,gatv2,graph_c_context_observation,S5F2_energy,val,1116,7822,,1,0.3947165906429291,late_fusion
sprint9_multiseed_S8B_R2_seed7_S8B_R2_sequence_plus_context,S8B_R2_sequence_plus_context,1,gatv2_graph_c_sprint8b_sequence_plus_context,gatv2,graph_c_context_observation,S5F2_energy,val,1117,7822,,1,0.6297618746757507,late_fusion
sprint9_multiseed_S8B_R2_seed7_S8B_R2_sequence_plus_context,S8B_R2_sequence_plus_context,1,gatv2_graph_c_sprint8b_sequence_plus_context,gatv2,graph_c_context_observation,S5F2_energy,val,1118,7822,,1,0.5649070739746094,late_fusion
sprint9_multiseed_S8B_R2_seed7_S8B_R2_sequence_plus_context,S8B_R2_sequence_plus_context,1,gatv2_graph_c_sprint8b_sequence_plus_context,gatv2,graph_c_context_observation,S5F2_energy,val,1119,7822,,1,0.39414164423942566,late_fusion
sprint9_multiseed_S8B_R2_seed7_S8B_R2_sequence_plus_context,S8B_R2_sequence_plus_context,1,gatv2_graph_c_sprint8b_sequence_plus_context,gatv2,graph_c_context_observation,S5F2_energy,val,1120,7822,,1,0.5770501494407654,late_fusion
sprint9_multiseed_S8B_R2_seed7_S8B_R2_sequence_plus_context,S8B_R2_sequence_plus_context,1,gatv2_graph_c_sprint8b_sequence_plus_context,gatv2,graph_c_context_observation,S5F2_energy,val,1121,7822,,1,0.48930108547210693,late_fusion
sprint9_multiseed_S8B_R2_seed7_S8B_R2_sequence_plus_context,S8B_R2_sequence_plus_context,1,gatv2_graph_c_sprint8b_sequence_plus_context,gatv2,graph_c_context_observation,S5F2_energy,val,1122,7822,,1,0.6704201698303223,late_fusion
sprint9_multiseed_S8B_R2_seed7_S8B_R2_sequence_plus_context,S8B_R2_sequence_plus_context,1,gatv2_graph_c_sprint8b_sequence_plus_context,gatv2,graph_c_context_observation,S5F2_energy,val,1123,7822,,1,0.9152801036834717,late_fusion
sprint9_multiseed_S8B_R2_seed7_S8B_R2_sequence_plus_context,S8B_R2_sequence_plus_context,1,gatv2_graph_c_sprint8b_sequence_plus_context,gatv2,graph_c_context_observation,S5F2_energy,val,1124,7822,,1,0.8043420314788818,late_fusion
sprint9_multiseed_S8B_R2_seed7_S8B_R2_sequence_plus_context,S8B_R2_sequence_plus_context,1,gatv2_graph_c_sprint8b_sequence_plus_context,gatv2,graph_c_context_observation,S5F2_energy,val,1125,7822,,1,0.6590192914009094,late_fusion
sprint9_multiseed_S8B_R2_seed7_S8B_R2_sequence_plus_context,S8B_R2_sequence_plus_context,1,gatv2_graph_c_sprint8b_sequence_plus_context,gatv2,graph_c_context_observation,S5F2_energy,val,1126,7822,,1,0.3750697672367096,late_fusion
sprint9_multiseed_S8B_R2_seed7_S8B_R2_sequence_plus_context,S8B_R2_sequence_plus_context,1,gatv2_graph_c_sprint8b_sequence_plus_context,gatv2,graph_c_context_observation,S5F2_energy,val,1127,7822,,1,0.9297093749046326,late_fusion
sprint9_multiseed_S8B_R2_seed7_S8B_R2_sequence_plus_context,S8B_R2_sequence_plus_context,1,gatv2_graph_c_sprint8b_sequence_plus_context,gatv2,graph_c_context_observation,S5F2_energy,val,1128,7822,,1,0.7266920804977417,late_fusion
sprint9_multiseed_S8B_R2_seed7_S8B_R2_sequence_plus_context,S8B_R2_sequence_plus_context,1,gatv2_graph_c_sprint8b_sequence_plus_context,gatv2,graph_c_context_observation,S5F2_energy,val,1129,7822,,1,0.8355275392532349,late_fusion
sprint9_multiseed_S8B_R2_seed7_S8B_R2_sequence_plus_context,S8B_R2_sequence_plus_context,1,gatv2_graph_c_sprint8b_sequence_plus_context,gatv2,graph_c_context_observation,S5F2_energy,val,1130,7822,,1,0.5712782144546509,late_fusion
sprint9_multiseed_S8B_R2_seed7_S8B_R2_sequence_plus_context,S8B_R2_sequence_plus_context,1,gatv2_graph_c_sprint8b_sequence_plus_context,gatv2,graph_c_context_observation,S5F2_energy,val,1131,7822,,1,0.5429055690765381,late_fusion
sprint9_multiseed_S8B_R2_seed7_S8B_R2_sequence_plus_context,S8B_R2_sequence_plus_context,1,gatv2_graph_c_sprint8b_sequence_plus_context,gatv2,graph_c_context_observation,S5F2_energy,val,1132,7822,,1,0.8787679076194763,late_fusion
sprint9_multiseed_S8B_R2_seed7_S8B_R2_sequence_plus_context,S8B_R2_sequence_plus_context,1,gatv2_graph_c_sprint8b_sequence_plus_context,gatv2,graph_c_context_observation,S5F2_energy,val,1133,7822,,1,0.41037628054618835,late_fusion
sprint9_multiseed_S8B_R2_seed7_S8B_R2_sequence_plus_context,S8B_R2_sequence_plus_context,1,gatv2_graph_c_sprint8b_sequence_plus_context,gatv2,graph_c_context_observation,S5F2_energy,val,1134,7822,,1,0.4813637137413025,late_fusion
sprint9_multiseed_S8B_R2_seed7_S8B_R2_sequence_plus_context,S8B_R2_sequence_plus_context,1,gatv2_graph_c_sprint8b_sequence_plus_context,gatv2,graph_c_context_observation,S5F2_energy,val,1135,7822,,1,0.4513014554977417,late_fusion
sprint9_multiseed_S8B_R2_seed7_S8B_R2_sequence_plus_context,S8B_R2_sequence_plus_context,1,gatv2_graph_c_sprint8b_sequence_plus_context,gatv2,graph_c_context_observation,S5F2_energy,val,1136,7822,,1,0.8328086137771606,late_fusion
sprint9_multiseed_S8B_R2_seed7_S8B_R2_sequence_plus_context,S8B_R2_sequence_plus_context,1,gatv2_graph_c_sprint8b_sequence_plus_context,gatv2,graph_c_context_observation,S5F2_energy,val,1137,7822,,1,0.537505567073822,late_fusion
sprint9_multiseed_S8B_R2_seed7_S8B_R2_sequence_plus_context,S8B_R2_sequence_plus_context,1,gatv2_graph_c_sprint8b_sequence_plus_context,gatv2,graph_c_context_observation,S5F2_energy,val,1138,7822,,1,0.6177958250045776,late_fusion
sprint9_multiseed_S8B_R2_seed7_S8B_R2_sequence_plus_context,S8B_R2_sequence_plus_context,1,gatv2_graph_c_sprint8b_sequence_plus_context,gatv2,graph_c_context_observation,S5F2_energy,val,1139,7822,,1,0.8845465779304504,late_fusion
sprint9_multiseed_S8B_R2_seed7_S8B_R2_sequence_plus_context,S8B_R2_sequence_plus_context,1,gatv2_graph_c_sprint8b_sequence_plus_context,gatv2,graph_c_context_observation,S5F2_energy,val,1140,7822,,1,0.5849671363830566,late_fusion
sprint9_multiseed_S8B_R2_seed7_S8B_R2_sequence_plus_context,S8B_R2_sequence_plus_context,1,gatv2_graph_c_sprint8b_sequence_plus_context,gatv2,graph_c_context_observation,S5F2_energy,val,1141,7822,,1,0.786234974861145,late_fusion
sprint9_multiseed_S8B_R2_seed7_S8B_R2_sequence_plus_context,S8B_R2_sequence_plus_context,1,gatv2_graph_c_sprint8b_sequence_plus_context,gatv2,graph_c_context_observation,S5F2_energy,val,1142,7822,,1,0.5931861400604248,late_fusion
sprint9_multiseed_S8B_R2_seed7_S8B_R2_sequence_plus_context,S8B_R2_sequence_plus_context,1,gatv2_graph_c_sprint8b_sequence_plus_context,gatv2,graph_c_context_observation,S5F2_energy,val,1143,7822,,1,0.34527066349983215,late_fusion
sprint9_multiseed_S8B_R2_seed7_S8B_R2_sequence_plus_context,S8B_R2_sequence_plus_context,1,gatv2_graph_c_sprint8b_sequence_plus_context,gatv2,graph_c_context_observation,S5F2_energy,val,1144,7822,,1,0.8088395595550537,late_fusion
sprint9_multiseed_S8B_R2_seed7_S8B_R2_sequence_plus_context,S8B_R2_sequence_plus_context,1,gatv2_graph_c_sprint8b_sequence_plus_context,gatv2,graph_c_context_observation,S5F2_energy,val,1145,7822,,1,0.3728805184364319,late_fusion
sprint9_multiseed_S8B_R2_seed7_S8B_R2_sequence_plus_context,S8B_R2_sequence_plus_context,1,gatv2_graph_c_sprint8b_sequence_plus_context,gatv2,graph_c_context_observation,S5F2_energy,val,1146,7822,,1,0.7824423313140869,late_fusion
sprint9_multiseed_S8B_R2_seed7_S8B_R2_sequence_plus_context,S8B_R2_sequence_plus_context,1,gatv2_graph_c_sprint8b_sequence_plus_context,gatv2,graph_c_context_observation,S5F2_energy,val,1147,7822,,1,0.6018376350402832,late_fusion
sprint9_multiseed_S8B_R2_seed7_S8B_R2_sequence_plus_context,S8B_R2_sequence_plus_context,1,gatv2_graph_c_sprint8b_sequence_plus_context,gatv2,graph_c_context_observation,S5F2_energy,val,1148,7822,,1,0.5400915741920471,late_fusion
sprint9_multiseed_S8B_R2_seed7_S8B_R2_sequence_plus_context,S8B_R2_sequence_plus_context,1,gatv2_graph_c_sprint8b_sequence_plus_context,gatv2,graph_c_context_observation,S5F2_energy,val,1149,7822,,1,0.48562073707580566,late_fusion
sprint9_multiseed_S8B_R2_seed7_S8B_R2_sequence_plus_context,S8B_R2_sequence_plus_context,1,gatv2_graph_c_sprint8b_sequence_plus_context,gatv2,graph_c_context_observation,S5F2_energy,val,1150,7822,,1,0.4668858051300049,late_fusion
sprint9_multiseed_S8B_R2_seed7_S8B_R2_sequence_plus_context,S8B_R2_sequence_plus_context,1,gatv2_graph_c_sprint8b_sequence_plus_context,gatv2,graph_c_context_observation,S5F2_energy,val,1151,7822,,1,0.6162216663360596,late_fusion
sprint9_multiseed_S8B_R2_seed7_S8B_R2_sequence_plus_context,S8B_R2_sequence_plus_context,1,gatv2_graph_c_sprint8b_sequence_plus_context,gatv2,graph_c_context_observation,S5F2_energy,val,1152,7822,,1,0.6821032166481018,late_fusion
sprint9_multiseed_S8B_R2_seed7_S8B_R2_sequence_plus_context,S8B_R2_sequence_plus_context,1,gatv2_graph_c_sprint8b_sequence_plus_context,gatv2,graph_c_context_observation,S5F2_energy,val,1153,7822,,1,0.4937807321548462,late_fusion
sprint9_multiseed_S8B_R2_seed7_S8B_R2_sequence_plus_context,S8B_R2_sequence_plus_context,1,gatv2_graph_c_sprint8b_sequence_plus_context,gatv2,graph_c_context_observation,S5F2_energy,val,1154,7822,,1,0.3786015510559082,late_fusion
sprint9_multiseed_S8B_R2_seed7_S8B_R2_sequence_plus_context,S8B_R2_sequence_plus_context,1,gatv2_graph_c_sprint8b_sequence_plus_context,gatv2,graph_c_context_observation,S5F2_energy,val,1155,7822,,1,0.5497354865074158,late_fusion
sprint9_multiseed_S8B_R2_seed7_S8B_R2_sequence_plus_context,S8B_R2_sequence_plus_context,1,gatv2_graph_c_sprint8b_sequence_plus_context,gatv2,graph_c_context_observation,S5F2_energy,val,1156,7822,,1,0.6458324193954468,late_fusion
sprint9_multiseed_S8B_R2_seed7_S8B_R2_sequence_plus_context,S8B_R2_sequence_plus_context,1,gatv2_graph_c_sprint8b_sequence_plus_context,gatv2,graph_c_context_observation,S5F2_energy,val,1157,7822,,1,0.5827394723892212,late_fusion
sprint9_multiseed_S8B_R2_seed7_S8B_R2_sequence_plus_context,S8B_R2_sequence_plus_context,1,gatv2_graph_c_sprint8b_sequence_plus_context,gatv2,graph_c_context_observation,S5F2_energy,val,1158,7822,,1,0.8528549671173096,late_fusion
sprint9_multiseed_S8B_R2_seed7_S8B_R2_sequence_plus_context,S8B_R2_sequence_plus_context,1,gatv2_graph_c_sprint8b_sequence_plus_context,gatv2,graph_c_context_observation,S5F2_energy,val,1159,7822,,1,0.6263441443443298,late_fusion
sprint9_multiseed_S8B_R2_seed7_S8B_R2_sequence_plus_context,S8B_R2_sequence_plus_context,1,gatv2_graph_c_sprint8b_sequence_plus_context,gatv2,graph_c_context_observation,S5F2_energy,val,1160,7822,,1,0.9339324235916138,late_fusion
sprint9_multiseed_S8B_R2_seed7_S8B_R2_sequence_plus_context,S8B_R2_sequence_plus_context,1,gatv2_graph_c_sprint8b_sequence_plus_context,gatv2,graph_c_context_observation,S5F2_energy,val,1161,7822,,1,0.6646246314048767,late_fusion
sprint9_multiseed_S8B_R2_seed7_S8B_R2_sequence_plus_context,S8B_R2_sequence_plus_context,1,gatv2_graph_c_sprint8b_sequence_plus_context,gatv2,graph_c_context_observation,S5F2_energy,val,1162,7822,,1,0.793009340763092,late_fusion
sprint9_multiseed_S8B_R2_seed7_S8B_R2_sequence_plus_context,S8B_R2_sequence_plus_context,1,gatv2_graph_c_sprint8b_sequence_plus_context,gatv2,graph_c_context_observation,S5F2_energy,val,1163,7822,,1,0.5825035572052002,late_fusion
sprint9_multiseed_S8B_R2_seed7_S8B_R2_sequence_plus_context,S8B_R2_sequence_plus_context,1,gatv2_graph_c_sprint8b_sequence_plus_context,gatv2,graph_c_context_observation,S5F2_energy,val,1164,7822,,1,0.927656352519989,late_fusion
sprint9_multiseed_S8B_R2_seed7_S8B_R2_sequence_plus_context,S8B_R2_sequence_plus_context,1,gatv2_graph_c_sprint8b_sequence_plus_context,gatv2,graph_c_context_observation,S5F2_energy,val,1165,7822,,1,0.4468809962272644,late_fusion
sprint9_multiseed_S8B_R2_seed7_S8B_R2_sequence_plus_context,S8B_R2_sequence_plus_context,1,gatv2_graph_c_sprint8b_sequence_plus_context,gatv2,graph_c_context_observation,S5F2_energy,val,1166,7822,,1,0.42865851521492004,late_fusion
sprint9_multiseed_S8B_R2_seed7_S8B_R2_sequence_plus_context,S8B_R2_sequence_plus_context,1,gatv2_graph_c_sprint8b_sequence_plus_context,gatv2,graph_c_context_observation,S5F2_energy,val,1167,7822,,1,0.5444708466529846,late_fusion
sprint9_multiseed_S8B_R2_seed7_S8B_R2_sequence_plus_context,S8B_R2_sequence_plus_context,1,gatv2_graph_c_sprint8b_sequence_plus_context,gatv2,graph_c_context_observation,S5F2_energy,val,1168,7822,,1,0.5533009171485901,late_fusion
sprint9_multiseed_S8B_R2_seed7_S8B_R2_sequence_plus_context,S8B_R2_sequence_plus_context,1,gatv2_graph_c_sprint8b_sequence_plus_context,gatv2,graph_c_context_observation,S5F2_energy,val,1169,7822,,1,0.40776631236076355,late_fusion
sprint9_multiseed_S8B_R2_seed7_S8B_R2_sequence_plus_context,S8B_R2_sequence_plus_context,1,gatv2_graph_c_sprint8b_sequence_plus_context,gatv2,graph_c_context_observation,S5F2_energy,val,1170,7822,,1,0.60785973072052,late_fusion
sprint9_multiseed_S8B_R2_seed7_S8B_R2_sequence_plus_context,S8B_R2_sequence_plus_context,1,gatv2_graph_c_sprint8b_sequence_plus_context,gatv2,graph_c_context_observation,S5F2_energy,val,1171,7822,,1,0.4700362980365753,late_fusion
sprint9_multiseed_S8B_R2_seed7_S8B_R2_sequence_plus_context,S8B_R2_sequence_plus_context,1,gatv2_graph_c_sprint8b_sequence_plus_context,gatv2,graph_c_context_observation,S5F2_energy,val,1172,7822,,1,0.6625914573669434,late_fusion
sprint9_multiseed_S8B_R2_seed7_S8B_R2_sequence_plus_context,S8B_R2_sequence_plus_context,1,gatv2_graph_c_sprint8b_sequence_plus_context,gatv2,graph_c_context_observation,S5F2_energy,val,1173,7822,,1,0.5156954526901245,late_fusion
sprint9_multiseed_S8B_R2_seed7_S8B_R2_sequence_plus_context,S8B_R2_sequence_plus_context,1,gatv2_graph_c_sprint8b_sequence_plus_context,gatv2,graph_c_context_observation,S5F2_energy,val,1174,7822,,1,0.5116594433784485,late_fusion
sprint9_multiseed_S8B_R2_seed7_S8B_R2_sequence_plus_context,S8B_R2_sequence_plus_context,1,gatv2_graph_c_sprint8b_sequence_plus_context,gatv2,graph_c_context_observation,S5F2_energy,val,1175,7822,,1,0.7676360011100769,late_fusion
sprint9_multiseed_S8B_R2_seed7_S8B_R2_sequence_plus_context,S8B_R2_sequence_plus_context,1,gatv2_graph_c_sprint8b_sequence_plus_context,gatv2,graph_c_context_observation,S5F2_energy,val,1176,7822,,1,0.8414176106452942,late_fusion
sprint9_multiseed_S8B_R2_seed7_S8B_R2_sequence_plus_context,S8B_R2_sequence_plus_context,1,gatv2_graph_c_sprint8b_sequence_plus_context,gatv2,graph_c_context_observation,S5F2_energy,val,1177,7822,,1,0.7240884304046631,late_fusion
sprint9_multiseed_S8B_R2_seed7_S8B_R2_sequence_plus_context,S8B_R2_sequence_plus_context,1,gatv2_graph_c_sprint8b_sequence_plus_context,gatv2,graph_c_context_observation,S5F2_energy,val,1178,7822,,1,0.5779597163200378,late_fusion
sprint9_multiseed_S8B_R2_seed7_S8B_R2_sequence_plus_context,S8B_R2_sequence_plus_context,1,gatv2_graph_c_sprint8b_sequence_plus_context,gatv2,graph_c_context_observation,S5F2_energy,val,1179,7822,,1,0.46190881729125977,late_fusion
sprint9_multiseed_S8B_R2_seed7_S8B_R2_sequence_plus_context,S8B_R2_sequence_plus_context,1,gatv2_graph_c_sprint8b_sequence_plus_context,gatv2,graph_c_context_observation,S5F2_energy,val,1180,7822,,1,0.8020151853561401,late_fusion
sprint9_multiseed_S8B_R2_seed7_S8B_R2_sequence_plus_context,S8B_R2_sequence_plus_context,1,gatv2_graph_c_sprint8b_sequence_plus_context,gatv2,graph_c_context_observation,S5F2_energy,val,1181,7822,,1,0.749618411064148,late_fusion
sprint9_multiseed_S8B_R2_seed7_S8B_R2_sequence_plus_context,S8B_R2_sequence_plus_context,1,gatv2_graph_c_sprint8b_sequence_plus_context,gatv2,graph_c_context_observation,S5F2_energy,val,1182,7822,,1,0.4674890339374542,late_fusion
sprint9_multiseed_S8B_R2_seed7_S8B_R2_sequence_plus_context,S8B_R2_sequence_plus_context,1,gatv2_graph_c_sprint8b_sequence_plus_context,gatv2,graph_c_context_observation,S5F2_energy,val,1183,7822,,1,0.6492931842803955,late_fusion
sprint9_multiseed_S8B_R2_seed7_S8B_R2_sequence_plus_context,S8B_R2_sequence_plus_context,1,gatv2_graph_c_sprint8b_sequence_plus_context,gatv2,graph_c_context_observation,S5F2_energy,val,1184,7822,,1,0.5487468838691711,late_fusion
sprint9_multiseed_S8B_R2_seed7_S8B_R2_sequence_plus_context,S8B_R2_sequence_plus_context,1,gatv2_graph_c_sprint8b_sequence_plus_context,gatv2,graph_c_context_observation,S5F2_energy,val,1185,7822,,1,0.8649466633796692,late_fusion
sprint9_multiseed_S8B_R2_seed7_S8B_R2_sequence_plus_context,S8B_R2_sequence_plus_context,1,gatv2_graph_c_sprint8b_sequence_plus_context,gatv2,graph_c_context_observation,S5F2_energy,val,1186,7822,,1,0.5377350449562073,late_fusion
sprint9_multiseed_S8B_R2_seed7_S8B_R2_sequence_plus_context,S8B_R2_sequence_plus_context,1,gatv2_graph_c_sprint8b_sequence_plus_context,gatv2,graph_c_context_observation,S5F2_energy,val,1187,7822,,1,0.5596690773963928,late_fusion
sprint9_multiseed_S8B_R2_seed7_S8B_R2_sequence_plus_context,S8B_R2_sequence_plus_context,1,gatv2_graph_c_sprint8b_sequence_plus_context,gatv2,graph_c_context_observation,S5F2_energy,val,1188,7822,,1,0.766857385635376,late_fusion
sprint9_multiseed_S8B_R2_seed7_S8B_R2_sequence_plus_context,S8B_R2_sequence_plus_context,1,gatv2_graph_c_sprint8b_sequence_plus_context,gatv2,graph_c_context_observation,S5F2_energy,val,1189,7822,,1,0.450701504945755,late_fusion
sprint9_multiseed_S8B_R2_seed7_S8B_R2_sequence_plus_context,S8B_R2_sequence_plus_context,1,gatv2_graph_c_sprint8b_sequence_plus_context,gatv2,graph_c_context_observation,S5F2_energy,val,1190,7822,,1,0.42614316940307617,late_fusion
sprint9_multiseed_S8B_R2_seed7_S8B_R2_sequence_plus_context,S8B_R2_sequence_plus_context,1,gatv2_graph_c_sprint8b_sequence_plus_context,gatv2,graph_c_context_observation,S5F2_energy,val,1191,7822,,1,0.5140799283981323,late_fusion
sprint9_multiseed_S8B_R2_seed7_S8B_R2_sequence_plus_context,S8B_R2_sequence_plus_context,1,gatv2_graph_c_sprint8b_sequence_plus_context,gatv2,graph_c_context_observation,S5F2_energy,val,1192,7822,,1,0.8072456121444702,late_fusion
sprint9_multiseed_S8B_R2_seed7_S8B_R2_sequence_plus_context,S8B_R2_sequence_plus_context,1,gatv2_graph_c_sprint8b_sequence_plus_context,gatv2,graph_c_context_observation,S5F2_energy,val,1193,7822,,1,0.8395296335220337,late_fusion
sprint9_multiseed_S8B_R2_seed7_S8B_R2_sequence_plus_context,S8B_R2_sequence_plus_context,1,gatv2_graph_c_sprint8b_sequence_plus_context,gatv2,graph_c_context_observation,S5F2_energy,val,1194,7822,,1,0.5329407453536987,late_fusion
sprint9_multiseed_S8B_R2_seed7_S8B_R2_sequence_plus_context,S8B_R2_sequence_plus_context,1,gatv2_graph_c_sprint8b_sequence_plus_context,gatv2,graph_c_context_observation,S5F2_energy,val,1195,7822,,1,0.5607670545578003,late_fusion
sprint9_multiseed_S8B_R2_seed7_S8B_R2_sequence_plus_context,S8B_R2_sequence_plus_context,1,gatv2_graph_c_sprint8b_sequence_plus_context,gatv2,graph_c_context_observation,S5F2_energy,val,1196,7822,,1,0.723071277141571,late_fusion
sprint9_multiseed_S8B_R2_seed7_S8B_R2_sequence_plus_context,S8B_R2_sequence_plus_context,1,gatv2_graph_c_sprint8b_sequence_plus_context,gatv2,graph_c_context_observation,S5F2_energy,val,1197,7822,,1,0.9051775336265564,late_fusion
sprint9_multiseed_S8B_R2_seed7_S8B_R2_sequence_plus_context,S8B_R2_sequence_plus_context,1,gatv2_graph_c_sprint8b_sequence_plus_context,gatv2,graph_c_context_observation,S5F2_energy,val,1198,7822,,1,0.881126344203949,late_fusion
sprint9_multiseed_S8B_R2_seed7_S8B_R2_sequence_plus_context,S8B_R2_sequence_plus_context,1,gatv2_graph_c_sprint8b_sequence_plus_context,gatv2,graph_c_context_observation,S5F2_energy,val,1199,7822,,1,0.9389907121658325,late_fusion
sprint9_multiseed_S8B_R2_seed7_S8B_R2_sequence_plus_context,S8B_R2_sequence_plus_context,1,gatv2_graph_c_sprint8b_sequence_plus_context,gatv2,graph_c_context_observation,S5F2_energy,val,1200,7822,,1,0.33257415890693665,late_fusion
sprint9_multiseed_S8B_R2_seed7_S8B_R2_sequence_plus_context,S8B_R2_sequence_plus_context,1,gatv2_graph_c_sprint8b_sequence_plus_context,gatv2,graph_c_context_observation,S5F2_energy,val,1201,7822,,1,0.3784332275390625,late_fusion
sprint9_multiseed_S8B_R2_seed7_S8B_R2_sequence_plus_context,S8B_R2_sequence_plus_context,1,gatv2_graph_c_sprint8b_sequence_plus_context,gatv2,graph_c_context_observation,S5F2_energy,val,1202,7822,,1,0.7971025109291077,late_fusion
sprint9_multiseed_S8B_R2_seed7_S8B_R2_sequence_plus_context,S8B_R2_sequence_plus_context,1,gatv2_graph_c_sprint8b_sequence_plus_context,gatv2,graph_c_context_observation,S5F2_energy,val,1203,7822,,1,0.5820230841636658,late_fusion
sprint9_multiseed_S8B_R2_seed7_S8B_R2_sequence_plus_context,S8B_R2_sequence_plus_context,1,gatv2_graph_c_sprint8b_sequence_plus_context,gatv2,graph_c_context_observation,S5F2_energy,val,1204,7822,,1,0.5769579410552979,late_fusion
sprint9_multiseed_S8B_R2_seed7_S8B_R2_sequence_plus_context,S8B_R2_sequence_plus_context,1,gatv2_graph_c_sprint8b_sequence_plus_context,gatv2,graph_c_context_observation,S5F2_energy,val,1205,7822,,1,0.6771353483200073,late_fusion
sprint9_multiseed_S8B_R2_seed7_S8B_R2_sequence_plus_context,S8B_R2_sequence_plus_context,1,gatv2_graph_c_sprint8b_sequence_plus_context,gatv2,graph_c_context_observation,S5F2_energy,val,1206,7822,,1,0.6151729822158813,late_fusion
sprint9_multiseed_S8B_R2_seed7_S8B_R2_sequence_plus_context,S8B_R2_sequence_plus_context,1,gatv2_graph_c_sprint8b_sequence_plus_context,gatv2,graph_c_context_observation,S5F2_energy,val,1207,7822,,1,0.7030220031738281,late_fusion
sprint9_multiseed_S8B_R2_seed7_S8B_R2_sequence_plus_context,S8B_R2_sequence_plus_context,1,gatv2_graph_c_sprint8b_sequence_plus_context,gatv2,graph_c_context_observation,S5F2_energy,val,1208,7822,,1,0.39781928062438965,late_fusion
sprint9_multiseed_S8B_R2_seed7_S8B_R2_sequence_plus_context,S8B_R2_sequence_plus_context,1,gatv2_graph_c_sprint8b_sequence_plus_context,gatv2,graph_c_context_observation,S5F2_energy,val,1209,7822,,1,0.34412649273872375,late_fusion
sprint9_multiseed_S8B_R2_seed7_S8B_R2_sequence_plus_context,S8B_R2_sequence_plus_context,1,gatv2_graph_c_sprint8b_sequence_plus_context,gatv2,graph_c_context_observation,S5F2_energy,val,1210,7822,,1,0.6357007622718811,late_fusion
sprint9_multiseed_S8B_R2_seed7_S8B_R2_sequence_plus_context,S8B_R2_sequence_plus_context,1,gatv2_graph_c_sprint8b_sequence_plus_context,gatv2,graph_c_context_observation,S5F2_energy,val,1211,7822,,1,0.5310247540473938,late_fusion
sprint9_multiseed_S8B_R2_seed7_S8B_R2_sequence_plus_context,S8B_R2_sequence_plus_context,1,gatv2_graph_c_sprint8b_sequence_plus_context,gatv2,graph_c_context_observation,S5F2_energy,val,1212,7822,,1,0.6986281275749207,late_fusion
sprint9_multiseed_S8B_R2_seed7_S8B_R2_sequence_plus_context,S8B_R2_sequence_plus_context,1,gatv2_graph_c_sprint8b_sequence_plus_context,gatv2,graph_c_context_observation,S5F2_energy,val,1213,7822,,1,0.4678088128566742,late_fusion
sprint9_multiseed_S8B_R2_seed7_S8B_R2_sequence_plus_context,S8B_R2_sequence_plus_context,1,gatv2_graph_c_sprint8b_sequence_plus_context,gatv2,graph_c_context_observation,S5F2_energy,val,1214,7822,,1,0.45780229568481445,late_fusion
sprint9_multiseed_S8B_R2_seed7_S8B_R2_sequence_plus_context,S8B_R2_sequence_plus_context,1,gatv2_graph_c_sprint8b_sequence_plus_context,gatv2,graph_c_context_observation,S5F2_energy,val,1215,7822,,1,0.49670079350471497,late_fusion
sprint9_multiseed_S8B_R2_seed7_S8B_R2_sequence_plus_context,S8B_R2_sequence_plus_context,1,gatv2_graph_c_sprint8b_sequence_plus_context,gatv2,graph_c_context_observation,S5F2_energy,val,1216,7822,,1,0.9235641956329346,late_fusion
sprint9_multiseed_S8B_R2_seed7_S8B_R2_sequence_plus_context,S8B_R2_sequence_plus_context,1,gatv2_graph_c_sprint8b_sequence_plus_context,gatv2,graph_c_context_observation,S5F2_energy,val,1217,7822,,1,0.6449744701385498,late_fusion
sprint9_multiseed_S8B_R2_seed7_S8B_R2_sequence_plus_context,S8B_R2_sequence_plus_context,1,gatv2_graph_c_sprint8b_sequence_plus_context,gatv2,graph_c_context_observation,S5F2_energy,val,1218,7822,,1,0.8932765126228333,late_fusion
sprint9_multiseed_S8B_R2_seed7_S8B_R2_sequence_plus_context,S8B_R2_sequence_plus_context,1,gatv2_graph_c_sprint8b_sequence_plus_context,gatv2,graph_c_context_observation,S5F2_energy,val,1219,7822,,1,0.490731805562973,late_fusion
sprint9_multiseed_S8B_R2_seed7_S8B_R2_sequence_plus_context,S8B_R2_sequence_plus_context,1,gatv2_graph_c_sprint8b_sequence_plus_context,gatv2,graph_c_context_observation,S5F2_energy,val,1220,7822,,1,0.5893798470497131,late_fusion
sprint9_multiseed_S8B_R2_seed7_S8B_R2_sequence_plus_context,S8B_R2_sequence_plus_context,1,gatv2_graph_c_sprint8b_sequence_plus_context,gatv2,graph_c_context_observation,S5F2_energy,val,1221,7822,,1,0.874719500541687,late_fusion
sprint9_multiseed_S8B_R2_seed7_S8B_R2_sequence_plus_context,S8B_R2_sequence_plus_context,1,gatv2_graph_c_sprint8b_sequence_plus_context,gatv2,graph_c_context_observation,S5F2_energy,val,1222,7822,,1,0.6191645860671997,late_fusion
sprint9_multiseed_S8B_R2_seed7_S8B_R2_sequence_plus_context,S8B_R2_sequence_plus_context,1,gatv2_graph_c_sprint8b_sequence_plus_context,gatv2,graph_c_context_observation,S5F2_energy,val,1223,7822,,1,0.724586009979248,late_fusion
sprint9_multiseed_S8B_R2_seed7_S8B_R2_sequence_plus_context,S8B_R2_sequence_plus_context,1,gatv2_graph_c_sprint8b_sequence_plus_context,gatv2,graph_c_context_observation,S5F2_energy,val,1224,7822,,1,0.3678447902202606,late_fusion
sprint9_multiseed_S8B_R2_seed7_S8B_R2_sequence_plus_context,S8B_R2_sequence_plus_context,1,gatv2_graph_c_sprint8b_sequence_plus_context,gatv2,graph_c_context_observation,S5F2_energy,val,1225,7822,,1,0.5116701722145081,late_fusion
sprint9_multiseed_S8B_R2_seed7_S8B_R2_sequence_plus_context,S8B_R2_sequence_plus_context,1,gatv2_graph_c_sprint8b_sequence_plus_context,gatv2,graph_c_context_observation,S5F2_energy,val,1226,7822,,1,0.5892043113708496,late_fusion
sprint9_multiseed_S8B_R2_seed7_S8B_R2_sequence_plus_context,S8B_R2_sequence_plus_context,1,gatv2_graph_c_sprint8b_sequence_plus_context,gatv2,graph_c_context_observation,S5F2_energy,val,1227,7822,,1,0.6452854871749878,late_fusion
sprint9_multiseed_S8B_R2_seed7_S8B_R2_sequence_plus_context,S8B_R2_sequence_plus_context,1,gatv2_graph_c_sprint8b_sequence_plus_context,gatv2,graph_c_context_observation,S5F2_energy,val,1228,7822,,1,0.6272412538528442,late_fusion
sprint9_multiseed_S8B_R2_seed7_S8B_R2_sequence_plus_context,S8B_R2_sequence_plus_context,1,gatv2_graph_c_sprint8b_sequence_plus_context,gatv2,graph_c_context_observation,S5F2_energy,val,1229,7822,,1,0.9070855379104614,late_fusion
sprint9_multiseed_S8B_R2_seed7_S8B_R2_sequence_plus_context,S8B_R2_sequence_plus_context,1,gatv2_graph_c_sprint8b_sequence_plus_context,gatv2,graph_c_context_observation,S5F2_energy,val,1230,7822,,1,0.7033711075782776,late_fusion
sprint9_multiseed_S8B_R2_seed7_S8B_R2_sequence_plus_context,S8B_R2_sequence_plus_context,1,gatv2_graph_c_sprint8b_sequence_plus_context,gatv2,graph_c_context_observation,S5F2_energy,val,1231,7822,,1,0.5801661014556885,late_fusion
sprint9_multiseed_S8B_R2_seed7_S8B_R2_sequence_plus_context,S8B_R2_sequence_plus_context,1,gatv2_graph_c_sprint8b_sequence_plus_context,gatv2,graph_c_context_observation,S5F2_energy,val,1232,7822,,1,0.5149074792861938,late_fusion
sprint9_multiseed_S8B_R2_seed7_S8B_R2_sequence_plus_context,S8B_R2_sequence_plus_context,1,gatv2_graph_c_sprint8b_sequence_plus_context,gatv2,graph_c_context_observation,S5F2_energy,val,1233,7822,,1,0.5131248831748962,late_fusion
sprint9_multiseed_S8B_R2_seed7_S8B_R2_sequence_plus_context,S8B_R2_sequence_plus_context,1,gatv2_graph_c_sprint8b_sequence_plus_context,gatv2,graph_c_context_observation,S5F2_energy,val,1234,7822,,1,0.6394477486610413,late_fusion
sprint9_multiseed_S8B_R2_seed7_S8B_R2_sequence_plus_context,S8B_R2_sequence_plus_context,1,gatv2_graph_c_sprint8b_sequence_plus_context,gatv2,graph_c_context_observation,S5F2_energy,val,1235,7822,,1,0.7225075960159302,late_fusion
sprint9_multiseed_S8B_R2_seed7_S8B_R2_sequence_plus_context,S8B_R2_sequence_plus_context,1,gatv2_graph_c_sprint8b_sequence_plus_context,gatv2,graph_c_context_observation,S5F2_energy,val,1236,7822,,1,0.37891799211502075,late_fusion
sprint9_multiseed_S8B_R2_seed7_S8B_R2_sequence_plus_context,S8B_R2_sequence_plus_context,1,gatv2_graph_c_sprint8b_sequence_plus_context,gatv2,graph_c_context_observation,S5F2_energy,val,1237,7822,,1,0.6621416807174683,late_fusion
sprint9_multiseed_S8B_R2_seed7_S8B_R2_sequence_plus_context,S8B_R2_sequence_plus_context,1,gatv2_graph_c_sprint8b_sequence_plus_context,gatv2,graph_c_context_observation,S5F2_energy,val,1238,7822,,1,0.9509609341621399,late_fusion
sprint9_multiseed_S8B_R2_seed7_S8B_R2_sequence_plus_context,S8B_R2_sequence_plus_context,1,gatv2_graph_c_sprint8b_sequence_plus_context,gatv2,graph_c_context_observation,S5F2_energy,val,1239,7822,,1,0.495082825422287,late_fusion
sprint9_multiseed_S8B_R2_seed7_S8B_R2_sequence_plus_context,S8B_R2_sequence_plus_context,1,gatv2_graph_c_sprint8b_sequence_plus_context,gatv2,graph_c_context_observation,S5F2_energy,val,1240,7822,,1,0.5096034407615662,late_fusion
sprint9_multiseed_S8B_R2_seed7_S8B_R2_sequence_plus_context,S8B_R2_sequence_plus_context,1,gatv2_graph_c_sprint8b_sequence_plus_context,gatv2,graph_c_context_observation,S5F2_energy,val,1241,7822,,1,0.5383148789405823,late_fusion
sprint9_multiseed_S8B_R2_seed7_S8B_R2_sequence_plus_context,S8B_R2_sequence_plus_context,1,gatv2_graph_c_sprint8b_sequence_plus_context,gatv2,graph_c_context_observation,S5F2_energy,val,1242,7822,,1,0.36009398102760315,late_fusion
sprint9_multiseed_S8B_R2_seed7_S8B_R2_sequence_plus_context,S8B_R2_sequence_plus_context,1,gatv2_graph_c_sprint8b_sequence_plus_context,gatv2,graph_c_context_observation,S5F2_energy,val,1243,7822,,1,0.6644448041915894,late_fusion
sprint9_multiseed_S8B_R2_seed7_S8B_R2_sequence_plus_context,S8B_R2_sequence_plus_context,1,gatv2_graph_c_sprint8b_sequence_plus_context,gatv2,graph_c_context_observation,S5F2_energy,val,1244,7822,,1,0.639914870262146,late_fusion
sprint9_multiseed_S8B_R2_seed7_S8B_R2_sequence_plus_context,S8B_R2_sequence_plus_context,1,gatv2_graph_c_sprint8b_sequence_plus_context,gatv2,graph_c_context_observation,S5F2_energy,val,1245,7822,,1,0.7621906399726868,late_fusion
sprint9_multiseed_S8B_R2_seed7_S8B_R2_sequence_plus_context,S8B_R2_sequence_plus_context,1,gatv2_graph_c_sprint8b_sequence_plus_context,gatv2,graph_c_context_observation,S5F2_energy,val,1246,7822,,1,0.7153080105781555,late_fusion
sprint9_multiseed_S8B_R2_seed7_S8B_R2_sequence_plus_context,S8B_R2_sequence_plus_context,1,gatv2_graph_c_sprint8b_sequence_plus_context,gatv2,graph_c_context_observation,S5F2_energy,val,1247,7822,,1,0.7091194987297058,late_fusion
sprint9_multiseed_S8B_R2_seed7_S8B_R2_sequence_plus_context,S8B_R2_sequence_plus_context,1,gatv2_graph_c_sprint8b_sequence_plus_context,gatv2,graph_c_context_observation,S5F2_energy,val,1248,7822,,1,0.41919729113578796,late_fusion
sprint9_multiseed_S8B_R2_seed7_S8B_R2_sequence_plus_context,S8B_R2_sequence_plus_context,1,gatv2_graph_c_sprint8b_sequence_plus_context,gatv2,graph_c_context_observation,S5F2_energy,val,1249,7822,,1,0.8231067061424255,late_fusion
sprint9_multiseed_S8B_R2_seed7_S8B_R2_sequence_plus_context,S8B_R2_sequence_plus_context,1,gatv2_graph_c_sprint8b_sequence_plus_context,gatv2,graph_c_context_observation,S5F2_energy,val,1250,7822,,1,0.645210862159729,late_fusion
sprint9_multiseed_S8B_R2_seed7_S8B_R2_sequence_plus_context,S8B_R2_sequence_plus_context,1,gatv2_graph_c_sprint8b_sequence_plus_context,gatv2,graph_c_context_observation,S5F2_energy,val,1251,7822,,1,0.4463576376438141,late_fusion
sprint9_multiseed_S8B_R2_seed7_S8B_R2_sequence_plus_context,S8B_R2_sequence_plus_context,1,gatv2_graph_c_sprint8b_sequence_plus_context,gatv2,graph_c_context_observation,S5F2_energy,val,1252,7822,,1,0.6521051526069641,late_fusion
sprint9_multiseed_S8B_R2_seed7_S8B_R2_sequence_plus_context,S8B_R2_sequence_plus_context,1,gatv2_graph_c_sprint8b_sequence_plus_context,gatv2,graph_c_context_observation,S5F2_energy,val,1253,7822,,1,0.6073161959648132,late_fusion
sprint9_multiseed_S8B_R2_seed7_S8B_R2_sequence_plus_context,S8B_R2_sequence_plus_context,1,gatv2_graph_c_sprint8b_sequence_plus_context,gatv2,graph_c_context_observation,S5F2_energy,val,1254,7822,,1,0.45471930503845215,late_fusion
sprint9_multiseed_S8B_R2_seed7_S8B_R2_sequence_plus_context,S8B_R2_sequence_plus_context,1,gatv2_graph_c_sprint8b_sequence_plus_context,gatv2,graph_c_context_observation,S5F2_energy,val,1255,7822,,1,0.6505300402641296,late_fusion
sprint9_multiseed_S8B_R2_seed7_S8B_R2_sequence_plus_context,S8B_R2_sequence_plus_context,1,gatv2_graph_c_sprint8b_sequence_plus_context,gatv2,graph_c_context_observation,S5F2_energy,val,1256,7822,,1,0.48651349544525146,late_fusion
sprint9_multiseed_S8B_R2_seed7_S8B_R2_sequence_plus_context,S8B_R2_sequence_plus_context,1,gatv2_graph_c_sprint8b_sequence_plus_context,gatv2,graph_c_context_observation,S5F2_energy,val,1257,7822,,1,0.7740136981010437,late_fusion
sprint9_multiseed_S8B_R2_seed7_S8B_R2_sequence_plus_context,S8B_R2_sequence_plus_context,1,gatv2_graph_c_sprint8b_sequence_plus_context,gatv2,graph_c_context_observation,S5F2_energy,val,1258,7822,,1,0.6059974431991577,late_fusion
sprint9_multiseed_S8B_R2_seed7_S8B_R2_sequence_plus_context,S8B_R2_sequence_plus_context,1,gatv2_graph_c_sprint8b_sequence_plus_context,gatv2,graph_c_context_observation,S5F2_energy,val,1259,7822,,1,0.756267249584198,late_fusion
sprint9_multiseed_S8B_R2_seed7_S8B_R2_sequence_plus_context,S8B_R2_sequence_plus_context,1,gatv2_graph_c_sprint8b_sequence_plus_context,gatv2,graph_c_context_observation,S5F2_energy,val,1260,7822,,1,0.7181822061538696,late_fusion
sprint9_multiseed_S8B_R2_seed7_S8B_R2_sequence_plus_context,S8B_R2_sequence_plus_context,1,gatv2_graph_c_sprint8b_sequence_plus_context,gatv2,graph_c_context_observation,S5F2_energy,val,1261,7822,,1,0.4967595636844635,late_fusion
sprint9_multiseed_S8B_R2_seed7_S8B_R2_sequence_plus_context,S8B_R2_sequence_plus_context,1,gatv2_graph_c_sprint8b_sequence_plus_context,gatv2,graph_c_context_observation,S5F2_energy,val,1262,7822,,1,0.6413426399230957,late_fusion
sprint9_multiseed_S8B_R2_seed7_S8B_R2_sequence_plus_context,S8B_R2_sequence_plus_context,1,gatv2_graph_c_sprint8b_sequence_plus_context,gatv2,graph_c_context_observation,S5F2_energy,val,1263,7822,,1,0.5641749501228333,late_fusion
sprint9_multiseed_S8B_R2_seed7_S8B_R2_sequence_plus_context,S8B_R2_sequence_plus_context,1,gatv2_graph_c_sprint8b_sequence_plus_context,gatv2,graph_c_context_observation,S5F2_energy,val,1264,7822,,1,0.8181000351905823,late_fusion
sprint9_multiseed_S8B_R2_seed7_S8B_R2_sequence_plus_context,S8B_R2_sequence_plus_context,1,gatv2_graph_c_sprint8b_sequence_plus_context,gatv2,graph_c_context_observation,S5F2_energy,val,1265,7822,,1,0.4581415355205536,late_fusion
sprint9_multiseed_S8B_R2_seed7_S8B_R2_sequence_plus_context,S8B_R2_sequence_plus_context,1,gatv2_graph_c_sprint8b_sequence_plus_context,gatv2,graph_c_context_observation,S5F2_energy,val,1266,7822,,1,0.7158075571060181,late_fusion
sprint9_multiseed_S8B_R2_seed7_S8B_R2_sequence_plus_context,S8B_R2_sequence_plus_context,1,gatv2_graph_c_sprint8b_sequence_plus_context,gatv2,graph_c_context_observation,S5F2_energy,val,1267,7822,,1,0.7738503813743591,late_fusion
sprint9_multiseed_S8B_R2_seed7_S8B_R2_sequence_plus_context,S8B_R2_sequence_plus_context,1,gatv2_graph_c_sprint8b_sequence_plus_context,gatv2,graph_c_context_observation,S5F2_energy,val,1268,7822,,1,0.8064925670623779,late_fusion
sprint9_multiseed_S8B_R2_seed7_S8B_R2_sequence_plus_context,S8B_R2_sequence_plus_context,1,gatv2_graph_c_sprint8b_sequence_plus_context,gatv2,graph_c_context_observation,S5F2_energy,val,1269,7822,,1,0.9285324215888977,late_fusion
sprint9_multiseed_S8B_R2_seed7_S8B_R2_sequence_plus_context,S8B_R2_sequence_plus_context,1,gatv2_graph_c_sprint8b_sequence_plus_context,gatv2,graph_c_context_observation,S5F2_energy,val,1270,7822,,1,0.36162450909614563,late_fusion
sprint9_multiseed_S8B_R2_seed7_S8B_R2_sequence_plus_context,S8B_R2_sequence_plus_context,1,gatv2_graph_c_sprint8b_sequence_plus_context,gatv2,graph_c_context_observation,S5F2_energy,val,1271,7822,,1,0.7060021162033081,late_fusion
sprint9_multiseed_S8B_R2_seed7_S8B_R2_sequence_plus_context,S8B_R2_sequence_plus_context,1,gatv2_graph_c_sprint8b_sequence_plus_context,gatv2,graph_c_context_observation,S5F2_energy,val,1272,7822,,1,0.38144156336784363,late_fusion
sprint9_multiseed_S8B_R2_seed7_S8B_R2_sequence_plus_context,S8B_R2_sequence_plus_context,1,gatv2_graph_c_sprint8b_sequence_plus_context,gatv2,graph_c_context_observation,S5F2_energy,val,1273,7822,,1,0.40969952940940857,late_fusion
sprint9_multiseed_S8B_R2_seed7_S8B_R2_sequence_plus_context,S8B_R2_sequence_plus_context,1,gatv2_graph_c_sprint8b_sequence_plus_context,gatv2,graph_c_context_observation,S5F2_energy,val,1274,7822,,1,0.4887881577014923,late_fusion
sprint9_multiseed_S8B_R2_seed7_S8B_R2_sequence_plus_context,S8B_R2_sequence_plus_context,1,gatv2_graph_c_sprint8b_sequence_plus_context,gatv2,graph_c_context_observation,S5F2_energy,val,1275,7822,,1,0.792474627494812,late_fusion
sprint9_multiseed_S8B_R2_seed7_S8B_R2_sequence_plus_context,S8B_R2_sequence_plus_context,1,gatv2_graph_c_sprint8b_sequence_plus_context,gatv2,graph_c_context_observation,S5F2_energy,val,1276,7822,,1,0.51755291223526,late_fusion
sprint9_multiseed_S8B_R2_seed7_S8B_R2_sequence_plus_context,S8B_R2_sequence_plus_context,1,gatv2_graph_c_sprint8b_sequence_plus_context,gatv2,graph_c_context_observation,S5F2_energy,val,1277,7822,,1,0.695307731628418,late_fusion
sprint9_multiseed_S8B_R2_seed7_S8B_R2_sequence_plus_context,S8B_R2_sequence_plus_context,1,gatv2_graph_c_sprint8b_sequence_plus_context,gatv2,graph_c_context_observation,S5F2_energy,val,1278,7822,,1,0.742260217666626,late_fusion
sprint9_multiseed_S8B_R2_seed7_S8B_R2_sequence_plus_context,S8B_R2_sequence_plus_context,1,gatv2_graph_c_sprint8b_sequence_plus_context,gatv2,graph_c_context_observation,S5F2_energy,val,1279,7822,,1,0.5467416644096375,late_fusion
sprint9_multiseed_S8B_R2_seed7_S8B_R2_sequence_plus_context,S8B_R2_sequence_plus_context,1,gatv2_graph_c_sprint8b_sequence_plus_context,gatv2,graph_c_context_observation,S5F2_energy,val,1280,7822,,1,0.663788378238678,late_fusion
sprint9_multiseed_S8B_R2_seed7_S8B_R2_sequence_plus_context,S8B_R2_sequence_plus_context,1,gatv2_graph_c_sprint8b_sequence_plus_context,gatv2,graph_c_context_observation,S5F2_energy,val,1281,7822,,1,0.4576762616634369,late_fusion
sprint9_multiseed_S8B_R2_seed7_S8B_R2_sequence_plus_context,S8B_R2_sequence_plus_context,1,gatv2_graph_c_sprint8b_sequence_plus_context,gatv2,graph_c_context_observation,S5F2_energy,val,1282,7822,,1,0.42753636837005615,late_fusion
sprint9_multiseed_S8B_R2_seed7_S8B_R2_sequence_plus_context,S8B_R2_sequence_plus_context,1,gatv2_graph_c_sprint8b_sequence_plus_context,gatv2,graph_c_context_observation,S5F2_energy,val,1283,7822,,1,0.45845702290534973,late_fusion
sprint9_multiseed_S8B_R2_seed7_S8B_R2_sequence_plus_context,S8B_R2_sequence_plus_context,1,gatv2_graph_c_sprint8b_sequence_plus_context,gatv2,graph_c_context_observation,S5F2_energy,val,1284,7822,,1,0.9377222061157227,late_fusion
sprint9_multiseed_S8B_R2_seed7_S8B_R2_sequence_plus_context,S8B_R2_sequence_plus_context,1,gatv2_graph_c_sprint8b_sequence_plus_context,gatv2,graph_c_context_observation,S5F2_energy,val,1285,7822,,1,0.6360011100769043,late_fusion
sprint9_multiseed_S8B_R2_seed7_S8B_R2_sequence_plus_context,S8B_R2_sequence_plus_context,1,gatv2_graph_c_sprint8b_sequence_plus_context,gatv2,graph_c_context_observation,S5F2_energy,val,1286,7822,,1,0.539601743221283,late_fusion
sprint9_multiseed_S8B_R2_seed7_S8B_R2_sequence_plus_context,S8B_R2_sequence_plus_context,1,gatv2_graph_c_sprint8b_sequence_plus_context,gatv2,graph_c_context_observation,S5F2_energy,val,1287,7822,,1,0.37069106101989746,late_fusion
sprint9_multiseed_S8B_R2_seed7_S8B_R2_sequence_plus_context,S8B_R2_sequence_plus_context,1,gatv2_graph_c_sprint8b_sequence_plus_context,gatv2,graph_c_context_observation,S5F2_energy,val,1288,7822,,1,0.3404432237148285,late_fusion
sprint9_multiseed_S8B_R2_seed7_S8B_R2_sequence_plus_context,S8B_R2_sequence_plus_context,1,gatv2_graph_c_sprint8b_sequence_plus_context,gatv2,graph_c_context_observation,S5F2_energy,val,1289,7822,,1,0.6697190999984741,late_fusion
sprint9_multiseed_S8B_R2_seed7_S8B_R2_sequence_plus_context,S8B_R2_sequence_plus_context,1,gatv2_graph_c_sprint8b_sequence_plus_context,gatv2,graph_c_context_observation,S5F2_energy,val,1290,7822,,1,0.6615050435066223,late_fusion
sprint9_multiseed_S8B_R2_seed7_S8B_R2_sequence_plus_context,S8B_R2_sequence_plus_context,1,gatv2_graph_c_sprint8b_sequence_plus_context,gatv2,graph_c_context_observation,S5F2_energy,val,1291,7822,,1,0.4846245050430298,late_fusion
sprint9_multiseed_S8B_R2_seed7_S8B_R2_sequence_plus_context,S8B_R2_sequence_plus_context,1,gatv2_graph_c_sprint8b_sequence_plus_context,gatv2,graph_c_context_observation,S5F2_energy,val,1292,7822,,1,0.4846358299255371,late_fusion
sprint9_multiseed_S8B_R2_seed7_S8B_R2_sequence_plus_context,S8B_R2_sequence_plus_context,1,gatv2_graph_c_sprint8b_sequence_plus_context,gatv2,graph_c_context_observation,S5F2_energy,val,1293,7822,,1,0.4479950964450836,late_fusion
sprint9_multiseed_S8B_R2_seed7_S8B_R2_sequence_plus_context,S8B_R2_sequence_plus_context,1,gatv2_graph_c_sprint8b_sequence_plus_context,gatv2,graph_c_context_observation,S5F2_energy,val,1294,7822,,1,0.7077388763427734,late_fusion
sprint9_multiseed_S8B_R2_seed7_S8B_R2_sequence_plus_context,S8B_R2_sequence_plus_context,1,gatv2_graph_c_sprint8b_sequence_plus_context,gatv2,graph_c_context_observation,S5F2_energy,val,1295,7822,,1,0.8961262106895447,late_fusion
sprint9_multiseed_S8B_R2_seed7_S8B_R2_sequence_plus_context,S8B_R2_sequence_plus_context,1,gatv2_graph_c_sprint8b_sequence_plus_context,gatv2,graph_c_context_observation,S5F2_energy,val,1296,7822,,1,0.48271557688713074,late_fusion
sprint9_multiseed_S8B_R2_seed7_S8B_R2_sequence_plus_context,S8B_R2_sequence_plus_context,1,gatv2_graph_c_sprint8b_sequence_plus_context,gatv2,graph_c_context_observation,S5F2_energy,val,1297,7822,,1,0.7385267615318298,late_fusion
sprint9_multiseed_S8B_R2_seed7_S8B_R2_sequence_plus_context,S8B_R2_sequence_plus_context,1,gatv2_graph_c_sprint8b_sequence_plus_context,gatv2,graph_c_context_observation,S5F2_energy,val,1298,7822,,1,0.4998920261859894,late_fusion
sprint9_multiseed_S8B_R2_seed7_S8B_R2_sequence_plus_context,S8B_R2_sequence_plus_context,1,gatv2_graph_c_sprint8b_sequence_plus_context,gatv2,graph_c_context_observation,S5F2_energy,val,1299,7822,,1,0.7866702079772949,late_fusion
sprint9_multiseed_S8B_R2_seed7_S8B_R2_sequence_plus_context,S8B_R2_sequence_plus_context,1,gatv2_graph_c_sprint8b_sequence_plus_context,gatv2,graph_c_context_observation,S5F2_energy,val,1300,7822,,1,0.725970447063446,late_fusion
sprint9_multiseed_S8B_R2_seed7_S8B_R2_sequence_plus_context,S8B_R2_sequence_plus_context,1,gatv2_graph_c_sprint8b_sequence_plus_context,gatv2,graph_c_context_observation,S5F2_energy,val,1301,7822,,1,0.6802972555160522,late_fusion
sprint9_multiseed_S8B_R2_seed7_S8B_R2_sequence_plus_context,S8B_R2_sequence_plus_context,1,gatv2_graph_c_sprint8b_sequence_plus_context,gatv2,graph_c_context_observation,S5F2_energy,val,1302,7822,,1,0.1731734722852707,late_fusion
sprint9_multiseed_S8B_R2_seed7_S8B_R2_sequence_plus_context,S8B_R2_sequence_plus_context,1,gatv2_graph_c_sprint8b_sequence_plus_context,gatv2,graph_c_context_observation,S5F2_energy,val,1303,9584,,1,0.6839147806167603,late_fusion
sprint9_multiseed_S8B_R2_seed7_S8B_R2_sequence_plus_context,S8B_R2_sequence_plus_context,1,gatv2_graph_c_sprint8b_sequence_plus_context,gatv2,graph_c_context_observation,S5F2_energy,val,1304,9584,,1,0.09181634336709976,late_fusion
sprint9_multiseed_S8B_R2_seed7_S8B_R2_sequence_plus_context,S8B_R2_sequence_plus_context,1,gatv2_graph_c_sprint8b_sequence_plus_context,gatv2,graph_c_context_observation,S5F2_energy,val,1305,9584,,1,0.11351184546947479,late_fusion
sprint9_multiseed_S8B_R2_seed7_S8B_R2_sequence_plus_context,S8B_R2_sequence_plus_context,1,gatv2_graph_c_sprint8b_sequence_plus_context,gatv2,graph_c_context_observation,S5F2_energy,val,1306,9584,,1,0.16154326498508453,late_fusion
sprint9_multiseed_S8B_R2_seed7_S8B_R2_sequence_plus_context,S8B_R2_sequence_plus_context,1,gatv2_graph_c_sprint8b_sequence_plus_context,gatv2,graph_c_context_observation,S5F2_energy,val,1307,9584,,1,0.10899076610803604,late_fusion
sprint9_multiseed_S8B_R2_seed7_S8B_R2_sequence_plus_context,S8B_R2_sequence_plus_context,1,gatv2_graph_c_sprint8b_sequence_plus_context,gatv2,graph_c_context_observation,S5F2_energy,val,1308,9584,,1,0.1592143326997757,late_fusion
sprint9_multiseed_S8B_R2_seed7_S8B_R2_sequence_plus_context,S8B_R2_sequence_plus_context,1,gatv2_graph_c_sprint8b_sequence_plus_context,gatv2,graph_c_context_observation,S5F2_energy,val,1309,9584,,1,0.09144135564565659,late_fusion
sprint9_multiseed_S8B_R2_seed7_S8B_R2_sequence_plus_context,S8B_R2_sequence_plus_context,1,gatv2_graph_c_sprint8b_sequence_plus_context,gatv2,graph_c_context_observation,S5F2_energy,val,1310,9584,,1,0.09513518214225769,late_fusion
sprint9_multiseed_S8B_R2_seed7_S8B_R2_sequence_plus_context,S8B_R2_sequence_plus_context,1,gatv2_graph_c_sprint8b_sequence_plus_context,gatv2,graph_c_context_observation,S5F2_energy,val,1311,9584,,1,0.10330234467983246,late_fusion
sprint9_multiseed_S8B_R2_seed7_S8B_R2_sequence_plus_context,S8B_R2_sequence_plus_context,1,gatv2_graph_c_sprint8b_sequence_plus_context,gatv2,graph_c_context_observation,S5F2_energy,val,1312,9584,,1,0.14959250390529633,late_fusion
sprint9_multiseed_S8B_R2_seed7_S8B_R2_sequence_plus_context,S8B_R2_sequence_plus_context,1,gatv2_graph_c_sprint8b_sequence_plus_context,gatv2,graph_c_context_observation,S5F2_energy,val,1313,9584,,1,0.10617965459823608,late_fusion
sprint9_multiseed_S8B_R2_seed7_S8B_R2_sequence_plus_context,S8B_R2_sequence_plus_context,1,gatv2_graph_c_sprint8b_sequence_plus_context,gatv2,graph_c_context_observation,S5F2_energy,val,1314,9584,,1,0.11247582733631134,late_fusion
sprint9_multiseed_S8B_R2_seed7_S8B_R2_sequence_plus_context,S8B_R2_sequence_plus_context,1,gatv2_graph_c_sprint8b_sequence_plus_context,gatv2,graph_c_context_observation,S5F2_energy,val,1315,9584,,1,0.12249776721000671,late_fusion
sprint9_multiseed_S8B_R2_seed7_S8B_R2_sequence_plus_context,S8B_R2_sequence_plus_context,1,gatv2_graph_c_sprint8b_sequence_plus_context,gatv2,graph_c_context_observation,S5F2_energy,val,1316,9584,,1,0.09365244209766388,late_fusion
sprint9_multiseed_S8B_R2_seed7_S8B_R2_sequence_plus_context,S8B_R2_sequence_plus_context,1,gatv2_graph_c_sprint8b_sequence_plus_context,gatv2,graph_c_context_observation,S5F2_energy,val,1317,9584,,1,0.11443920433521271,late_fusion
sprint9_multiseed_S8B_R2_seed7_S8B_R2_sequence_plus_context,S8B_R2_sequence_plus_context,1,gatv2_graph_c_sprint8b_sequence_plus_context,gatv2,graph_c_context_observation,S5F2_energy,val,1318,9584,,1,0.1010727658867836,late_fusion
sprint9_multiseed_S8B_R2_seed7_S8B_R2_sequence_plus_context,S8B_R2_sequence_plus_context,1,gatv2_graph_c_sprint8b_sequence_plus_context,gatv2,graph_c_context_observation,S5F2_energy,val,1319,9584,,1,0.1082669347524643,late_fusion
sprint9_multiseed_S8B_R2_seed7_S8B_R2_sequence_plus_context,S8B_R2_sequence_plus_context,1,gatv2_graph_c_sprint8b_sequence_plus_context,gatv2,graph_c_context_observation,S5F2_energy,val,1320,9584,,1,0.14020925760269165,late_fusion
sprint9_multiseed_S8B_R2_seed7_S8B_R2_sequence_plus_context,S8B_R2_sequence_plus_context,1,gatv2_graph_c_sprint8b_sequence_plus_context,gatv2,graph_c_context_observation,S5F2_energy,val,1321,9584,,1,0.10281093418598175,late_fusion
sprint9_multiseed_S8B_R2_seed7_S8B_R2_sequence_plus_context,S8B_R2_sequence_plus_context,1,gatv2_graph_c_sprint8b_sequence_plus_context,gatv2,graph_c_context_observation,S5F2_energy,val,1322,9584,,1,0.10206823796033859,late_fusion
sprint9_multiseed_S8B_R2_seed7_S8B_R2_sequence_plus_context,S8B_R2_sequence_plus_context,1,gatv2_graph_c_sprint8b_sequence_plus_context,gatv2,graph_c_context_observation,S5F2_energy,val,1323,9584,,1,0.11328023672103882,late_fusion
sprint9_multiseed_S8B_R2_seed7_S8B_R2_sequence_plus_context,S8B_R2_sequence_plus_context,1,gatv2_graph_c_sprint8b_sequence_plus_context,gatv2,graph_c_context_observation,S5F2_energy,val,1324,9584,,1,0.09949649125337601,late_fusion
sprint9_multiseed_S8B_R2_seed7_S8B_R2_sequence_plus_context,S8B_R2_sequence_plus_context,1,gatv2_graph_c_sprint8b_sequence_plus_context,gatv2,graph_c_context_observation,S5F2_energy,val,1325,9584,,1,0.11683951318264008,late_fusion
sprint9_multiseed_S8B_R2_seed7_S8B_R2_sequence_plus_context,S8B_R2_sequence_plus_context,1,gatv2_graph_c_sprint8b_sequence_plus_context,gatv2,graph_c_context_observation,S5F2_energy,val,1326,9584,,1,0.11714320629835129,late_fusion
sprint9_multiseed_S8B_R2_seed7_S8B_R2_sequence_plus_context,S8B_R2_sequence_plus_context,1,gatv2_graph_c_sprint8b_sequence_plus_context,gatv2,graph_c_context_observation,S5F2_energy,val,1327,9584,,1,0.11165925860404968,late_fusion
sprint9_multiseed_S8B_R2_seed7_S8B_R2_sequence_plus_context,S8B_R2_sequence_plus_context,1,gatv2_graph_c_sprint8b_sequence_plus_context,gatv2,graph_c_context_observation,S5F2_energy,val,1328,9584,,1,0.10096602886915207,late_fusion
sprint9_multiseed_S8B_R2_seed7_S8B_R2_sequence_plus_context,S8B_R2_sequence_plus_context,1,gatv2_graph_c_sprint8b_sequence_plus_context,gatv2,graph_c_context_observation,S5F2_energy,val,1329,9584,,1,0.12108379602432251,late_fusion
sprint9_multiseed_S8B_R2_seed7_S8B_R2_sequence_plus_context,S8B_R2_sequence_plus_context,1,gatv2_graph_c_sprint8b_sequence_plus_context,gatv2,graph_c_context_observation,S5F2_energy,val,1330,9584,,1,0.11573980003595352,late_fusion
sprint9_multiseed_S8B_R2_seed7_S8B_R2_sequence_plus_context,S8B_R2_sequence_plus_context,1,gatv2_graph_c_sprint8b_sequence_plus_context,gatv2,graph_c_context_observation,S5F2_energy,val,1331,9584,,1,0.09470099955797195,late_fusion
sprint9_multiseed_S8B_R2_seed7_S8B_R2_sequence_plus_context,S8B_R2_sequence_plus_context,1,gatv2_graph_c_sprint8b_sequence_plus_context,gatv2,graph_c_context_observation,S5F2_energy,val,1332,9584,,1,0.10095050185918808,late_fusion
sprint9_multiseed_S8B_R2_seed7_S8B_R2_sequence_plus_context,S8B_R2_sequence_plus_context,1,gatv2_graph_c_sprint8b_sequence_plus_context,gatv2,graph_c_context_observation,S5F2_energy,val,1333,9584,,1,0.11722299456596375,late_fusion
sprint9_multiseed_S8B_R2_seed7_S8B_R2_sequence_plus_context,S8B_R2_sequence_plus_context,1,gatv2_graph_c_sprint8b_sequence_plus_context,gatv2,graph_c_context_observation,S5F2_energy,val,1334,9584,,1,0.12117144465446472,late_fusion
sprint9_multiseed_S8B_R2_seed7_S8B_R2_sequence_plus_context,S8B_R2_sequence_plus_context,1,gatv2_graph_c_sprint8b_sequence_plus_context,gatv2,graph_c_context_observation,S5F2_energy,val,1335,9584,,1,0.11429829895496368,late_fusion
sprint9_multiseed_S8B_R2_seed7_S8B_R2_sequence_plus_context,S8B_R2_sequence_plus_context,1,gatv2_graph_c_sprint8b_sequence_plus_context,gatv2,graph_c_context_observation,S5F2_energy,val,1336,9584,,1,0.11228960007429123,late_fusion
sprint9_multiseed_S8B_R2_seed7_S8B_R2_sequence_plus_context,S8B_R2_sequence_plus_context,1,gatv2_graph_c_sprint8b_sequence_plus_context,gatv2,graph_c_context_observation,S5F2_energy,val,1337,9584,,1,0.12452414631843567,late_fusion
sprint9_multiseed_S8B_R2_seed7_S8B_R2_sequence_plus_context,S8B_R2_sequence_plus_context,1,gatv2_graph_c_sprint8b_sequence_plus_context,gatv2,graph_c_context_observation,S5F2_energy,val,1338,9584,,1,0.11275891214609146,late_fusion
sprint9_multiseed_S8B_R2_seed7_S8B_R2_sequence_plus_context,S8B_R2_sequence_plus_context,1,gatv2_graph_c_sprint8b_sequence_plus_context,gatv2,graph_c_context_observation,S5F2_energy,val,1339,9584,,1,0.13955682516098022,late_fusion
sprint9_multiseed_S8B_R2_seed7_S8B_R2_sequence_plus_context,S8B_R2_sequence_plus_context,1,gatv2_graph_c_sprint8b_sequence_plus_context,gatv2,graph_c_context_observation,S5F2_energy,val,1340,9584,,1,0.0982118472456932,late_fusion
sprint9_multiseed_S8B_R2_seed7_S8B_R2_sequence_plus_context,S8B_R2_sequence_plus_context,1,gatv2_graph_c_sprint8b_sequence_plus_context,gatv2,graph_c_context_observation,S5F2_energy,val,1341,9584,,1,0.08258779346942902,late_fusion
sprint9_multiseed_S8B_R2_seed7_S8B_R2_sequence_plus_context,S8B_R2_sequence_plus_context,1,gatv2_graph_c_sprint8b_sequence_plus_context,gatv2,graph_c_context_observation,S5F2_energy,val,1342,9584,,1,0.10437735915184021,late_fusion
sprint9_multiseed_S8B_R2_seed7_S8B_R2_sequence_plus_context,S8B_R2_sequence_plus_context,1,gatv2_graph_c_sprint8b_sequence_plus_context,gatv2,graph_c_context_observation,S5F2_energy,val,1343,9584,,1,0.114256352186203,late_fusion
sprint9_multiseed_S8B_R2_seed7_S8B_R2_sequence_plus_context,S8B_R2_sequence_plus_context,1,gatv2_graph_c_sprint8b_sequence_plus_context,gatv2,graph_c_context_observation,S5F2_energy,val,1344,9584,,1,0.10201381146907806,late_fusion
sprint9_multiseed_S8B_R2_seed7_S8B_R2_sequence_plus_context,S8B_R2_sequence_plus_context,1,gatv2_graph_c_sprint8b_sequence_plus_context,gatv2,graph_c_context_observation,S5F2_energy,val,1345,9584,,1,0.16547507047653198,late_fusion
sprint9_multiseed_S8B_R2_seed7_S8B_R2_sequence_plus_context,S8B_R2_sequence_plus_context,1,gatv2_graph_c_sprint8b_sequence_plus_context,gatv2,graph_c_context_observation,S5F2_energy,val,1346,9584,,1,0.11913947016000748,late_fusion
sprint9_multiseed_S8B_R2_seed7_S8B_R2_sequence_plus_context,S8B_R2_sequence_plus_context,1,gatv2_graph_c_sprint8b_sequence_plus_context,gatv2,graph_c_context_observation,S5F2_energy,val,1347,9584,,1,0.10778966546058655,late_fusion
sprint9_multiseed_S8B_R2_seed7_S8B_R2_sequence_plus_context,S8B_R2_sequence_plus_context,1,gatv2_graph_c_sprint8b_sequence_plus_context,gatv2,graph_c_context_observation,S5F2_energy,val,1348,9584,,1,0.10863733291625977,late_fusion
sprint9_multiseed_S8B_R2_seed7_S8B_R2_sequence_plus_context,S8B_R2_sequence_plus_context,1,gatv2_graph_c_sprint8b_sequence_plus_context,gatv2,graph_c_context_observation,S5F2_energy,val,1349,9584,,1,0.11955302208662033,late_fusion
sprint9_multiseed_S8B_R2_seed7_S8B_R2_sequence_plus_context,S8B_R2_sequence_plus_context,1,gatv2_graph_c_sprint8b_sequence_plus_context,gatv2,graph_c_context_observation,S5F2_energy,val,1350,9584,,1,0.12702521681785583,late_fusion
sprint9_multiseed_S8B_R2_seed7_S8B_R2_sequence_plus_context,S8B_R2_sequence_plus_context,1,gatv2_graph_c_sprint8b_sequence_plus_context,gatv2,graph_c_context_observation,S5F2_energy,val,1351,9584,,1,0.10412117093801498,late_fusion
sprint9_multiseed_S8B_R2_seed7_S8B_R2_sequence_plus_context,S8B_R2_sequence_plus_context,1,gatv2_graph_c_sprint8b_sequence_plus_context,gatv2,graph_c_context_observation,S5F2_energy,val,1352,9584,,1,0.10934163630008698,late_fusion
sprint9_multiseed_S8B_R2_seed7_S8B_R2_sequence_plus_context,S8B_R2_sequence_plus_context,1,gatv2_graph_c_sprint8b_sequence_plus_context,gatv2,graph_c_context_observation,S5F2_energy,val,1353,9584,,1,0.11500151455402374,late_fusion
sprint9_multiseed_S8B_R2_seed7_S8B_R2_sequence_plus_context,S8B_R2_sequence_plus_context,1,gatv2_graph_c_sprint8b_sequence_plus_context,gatv2,graph_c_context_observation,S5F2_energy,val,1354,9584,,1,0.10756141692399979,late_fusion
sprint9_multiseed_S8B_R2_seed7_S8B_R2_sequence_plus_context,S8B_R2_sequence_plus_context,1,gatv2_graph_c_sprint8b_sequence_plus_context,gatv2,graph_c_context_observation,S5F2_energy,val,1355,9584,,1,0.10520384460687637,late_fusion
sprint9_multiseed_S8B_R2_seed7_S8B_R2_sequence_plus_context,S8B_R2_sequence_plus_context,1,gatv2_graph_c_sprint8b_sequence_plus_context,gatv2,graph_c_context_observation,S5F2_energy,val,1356,9584,,1,0.11003905534744263,late_fusion
sprint9_multiseed_S8B_R2_seed7_S8B_R2_sequence_plus_context,S8B_R2_sequence_plus_context,1,gatv2_graph_c_sprint8b_sequence_plus_context,gatv2,graph_c_context_observation,S5F2_energy,val,1357,9584,,1,0.07501228153705597,late_fusion
sprint9_multiseed_S8B_R2_seed7_S8B_R2_sequence_plus_context,S8B_R2_sequence_plus_context,1,gatv2_graph_c_sprint8b_sequence_plus_context,gatv2,graph_c_context_observation,S5F2_energy,val,1358,9584,,1,0.12101615965366364,late_fusion
sprint9_multiseed_S8B_R2_seed7_S8B_R2_sequence_plus_context,S8B_R2_sequence_plus_context,1,gatv2_graph_c_sprint8b_sequence_plus_context,gatv2,graph_c_context_observation,S5F2_energy,val,1359,9584,,1,0.16270792484283447,late_fusion
sprint9_multiseed_S8B_R2_seed7_S8B_R2_sequence_plus_context,S8B_R2_sequence_plus_context,1,gatv2_graph_c_sprint8b_sequence_plus_context,gatv2,graph_c_context_observation,S5F2_energy,val,1360,9584,,1,0.11382127553224564,late_fusion
sprint9_multiseed_S8B_R2_seed7_S8B_R2_sequence_plus_context,S8B_R2_sequence_plus_context,1,gatv2_graph_c_sprint8b_sequence_plus_context,gatv2,graph_c_context_observation,S5F2_energy,val,1361,9584,,1,0.10563446581363678,late_fusion
sprint9_multiseed_S8B_R2_seed7_S8B_R2_sequence_plus_context,S8B_R2_sequence_plus_context,1,gatv2_graph_c_sprint8b_sequence_plus_context,gatv2,graph_c_context_observation,S5F2_energy,val,1362,9584,,1,0.08977340906858444,late_fusion
sprint9_multiseed_S8B_R2_seed7_S8B_R2_sequence_plus_context,S8B_R2_sequence_plus_context,1,gatv2_graph_c_sprint8b_sequence_plus_context,gatv2,graph_c_context_observation,S5F2_energy,val,1363,9584,,1,0.1370546668767929,late_fusion
sprint9_multiseed_S8B_R2_seed7_S8B_R2_sequence_plus_context,S8B_R2_sequence_plus_context,1,gatv2_graph_c_sprint8b_sequence_plus_context,gatv2,graph_c_context_observation,S5F2_energy,val,1364,9584,,1,0.11058861017227173,late_fusion
sprint9_multiseed_S8B_R2_seed7_S8B_R2_sequence_plus_context,S8B_R2_sequence_plus_context,1,gatv2_graph_c_sprint8b_sequence_plus_context,gatv2,graph_c_context_observation,S5F2_energy,val,1365,9584,,1,0.11966639012098312,late_fusion
sprint9_multiseed_S8B_R2_seed7_S8B_R2_sequence_plus_context,S8B_R2_sequence_plus_context,1,gatv2_graph_c_sprint8b_sequence_plus_context,gatv2,graph_c_context_observation,S5F2_energy,val,1366,9584,,1,0.10023640096187592,late_fusion
sprint9_multiseed_S8B_R2_seed7_S8B_R2_sequence_plus_context,S8B_R2_sequence_plus_context,1,gatv2_graph_c_sprint8b_sequence_plus_context,gatv2,graph_c_context_observation,S5F2_energy,val,1367,9584,,1,0.11722848564386368,late_fusion
sprint9_multiseed_S8B_R2_seed7_S8B_R2_sequence_plus_context,S8B_R2_sequence_plus_context,1,gatv2_graph_c_sprint8b_sequence_plus_context,gatv2,graph_c_context_observation,S5F2_energy,val,1368,9584,,1,0.12135855108499527,late_fusion
sprint9_multiseed_S8B_R2_seed7_S8B_R2_sequence_plus_context,S8B_R2_sequence_plus_context,1,gatv2_graph_c_sprint8b_sequence_plus_context,gatv2,graph_c_context_observation,S5F2_energy,val,1369,9584,,1,0.10734320431947708,late_fusion
sprint9_multiseed_S8B_R2_seed7_S8B_R2_sequence_plus_context,S8B_R2_sequence_plus_context,1,gatv2_graph_c_sprint8b_sequence_plus_context,gatv2,graph_c_context_observation,S5F2_energy,val,1370,9584,,1,0.10940095782279968,late_fusion
sprint9_multiseed_S8B_R2_seed7_S8B_R2_sequence_plus_context,S8B_R2_sequence_plus_context,1,gatv2_graph_c_sprint8b_sequence_plus_context,gatv2,graph_c_context_observation,S5F2_energy,val,1371,9584,,1,0.11429331451654434,late_fusion
sprint9_multiseed_S8B_R2_seed7_S8B_R2_sequence_plus_context,S8B_R2_sequence_plus_context,1,gatv2_graph_c_sprint8b_sequence_plus_context,gatv2,graph_c_context_observation,S5F2_energy,val,1372,9584,,1,0.12242737412452698,late_fusion
sprint9_multiseed_S8B_R2_seed7_S8B_R2_sequence_plus_context,S8B_R2_sequence_plus_context,1,gatv2_graph_c_sprint8b_sequence_plus_context,gatv2,graph_c_context_observation,S5F2_energy,val,1373,9584,,1,0.13334695994853973,late_fusion
sprint9_multiseed_S8B_R2_seed7_S8B_R2_sequence_plus_context,S8B_R2_sequence_plus_context,1,gatv2_graph_c_sprint8b_sequence_plus_context,gatv2,graph_c_context_observation,S5F2_energy,val,1374,9584,,1,0.11435678601264954,late_fusion
sprint9_multiseed_S8B_R2_seed7_S8B_R2_sequence_plus_context,S8B_R2_sequence_plus_context,1,gatv2_graph_c_sprint8b_sequence_plus_context,gatv2,graph_c_context_observation,S5F2_energy,val,1375,9584,,1,0.10411521792411804,late_fusion
sprint9_multiseed_S8B_R2_seed7_S8B_R2_sequence_plus_context,S8B_R2_sequence_plus_context,1,gatv2_graph_c_sprint8b_sequence_plus_context,gatv2,graph_c_context_observation,S5F2_energy,val,1376,9584,,1,0.10242443531751633,late_fusion
sprint9_multiseed_S8B_R2_seed7_S8B_R2_sequence_plus_context,S8B_R2_sequence_plus_context,1,gatv2_graph_c_sprint8b_sequence_plus_context,gatv2,graph_c_context_observation,S5F2_energy,val,1377,9584,,1,0.11587536334991455,late_fusion
sprint9_multiseed_S8B_R2_seed7_S8B_R2_sequence_plus_context,S8B_R2_sequence_plus_context,1,gatv2_graph_c_sprint8b_sequence_plus_context,gatv2,graph_c_context_observation,S5F2_energy,val,1378,9584,,1,0.10975969582796097,late_fusion
sprint9_multiseed_S8B_R2_seed7_S8B_R2_sequence_plus_context,S8B_R2_sequence_plus_context,1,gatv2_graph_c_sprint8b_sequence_plus_context,gatv2,graph_c_context_observation,S5F2_energy,val,1379,9584,,1,0.09530334174633026,late_fusion
sprint9_multiseed_S8B_R2_seed7_S8B_R2_sequence_plus_context,S8B_R2_sequence_plus_context,1,gatv2_graph_c_sprint8b_sequence_plus_context,gatv2,graph_c_context_observation,S5F2_energy,val,1380,9584,,1,0.15878869593143463,late_fusion
sprint9_multiseed_S8B_R2_seed7_S8B_R2_sequence_plus_context,S8B_R2_sequence_plus_context,1,gatv2_graph_c_sprint8b_sequence_plus_context,gatv2,graph_c_context_observation,S5F2_energy,val,1381,9584,,1,0.10484513640403748,late_fusion
sprint9_multiseed_S8B_R2_seed7_S8B_R2_sequence_plus_context,S8B_R2_sequence_plus_context,1,gatv2_graph_c_sprint8b_sequence_plus_context,gatv2,graph_c_context_observation,S5F2_energy,val,1382,9584,,1,0.09089551120996475,late_fusion
sprint9_multiseed_S8B_R2_seed7_S8B_R2_sequence_plus_context,S8B_R2_sequence_plus_context,1,gatv2_graph_c_sprint8b_sequence_plus_context,gatv2,graph_c_context_observation,S5F2_energy,val,1383,9584,,1,0.10199382901191711,late_fusion
sprint9_multiseed_S8B_R2_seed7_S8B_R2_sequence_plus_context,S8B_R2_sequence_plus_context,1,gatv2_graph_c_sprint8b_sequence_plus_context,gatv2,graph_c_context_observation,S5F2_energy,val,1384,9584,,1,0.11924726516008377,late_fusion
sprint9_multiseed_S8B_R2_seed7_S8B_R2_sequence_plus_context,S8B_R2_sequence_plus_context,1,gatv2_graph_c_sprint8b_sequence_plus_context,gatv2,graph_c_context_observation,S5F2_energy,val,1385,9584,,1,0.10264638811349869,late_fusion
sprint9_multiseed_S8B_R2_seed7_S8B_R2_sequence_plus_context,S8B_R2_sequence_plus_context,1,gatv2_graph_c_sprint8b_sequence_plus_context,gatv2,graph_c_context_observation,S5F2_energy,val,1386,9584,,1,0.10334421694278717,late_fusion
sprint9_multiseed_S8B_R2_seed7_S8B_R2_sequence_plus_context,S8B_R2_sequence_plus_context,1,gatv2_graph_c_sprint8b_sequence_plus_context,gatv2,graph_c_context_observation,S5F2_energy,val,1387,9584,,1,0.1473589539527893,late_fusion
sprint9_multiseed_S8B_R2_seed7_S8B_R2_sequence_plus_context,S8B_R2_sequence_plus_context,1,gatv2_graph_c_sprint8b_sequence_plus_context,gatv2,graph_c_context_observation,S5F2_energy,val,1388,9584,,1,0.14586526155471802,late_fusion
sprint9_multiseed_S8B_R2_seed7_S8B_R2_sequence_plus_context,S8B_R2_sequence_plus_context,1,gatv2_graph_c_sprint8b_sequence_plus_context,gatv2,graph_c_context_observation,S5F2_energy,val,1389,9584,,1,0.1166481077671051,late_fusion
sprint9_multiseed_S8B_R2_seed7_S8B_R2_sequence_plus_context,S8B_R2_sequence_plus_context,1,gatv2_graph_c_sprint8b_sequence_plus_context,gatv2,graph_c_context_observation,S5F2_energy,val,1390,9584,,1,0.11328482627868652,late_fusion
sprint9_multiseed_S8B_R2_seed7_S8B_R2_sequence_plus_context,S8B_R2_sequence_plus_context,1,gatv2_graph_c_sprint8b_sequence_plus_context,gatv2,graph_c_context_observation,S5F2_energy,val,1391,9584,,1,0.11633941531181335,late_fusion
sprint9_multiseed_S8B_R2_seed7_S8B_R2_sequence_plus_context,S8B_R2_sequence_plus_context,1,gatv2_graph_c_sprint8b_sequence_plus_context,gatv2,graph_c_context_observation,S5F2_energy,val,1392,9584,,1,0.10770339518785477,late_fusion
sprint9_multiseed_S8B_R2_seed7_S8B_R2_sequence_plus_context,S8B_R2_sequence_plus_context,1,gatv2_graph_c_sprint8b_sequence_plus_context,gatv2,graph_c_context_observation,S5F2_energy,val,1393,9584,,1,0.09896867722272873,late_fusion
sprint9_multiseed_S8B_R2_seed7_S8B_R2_sequence_plus_context,S8B_R2_sequence_plus_context,1,gatv2_graph_c_sprint8b_sequence_plus_context,gatv2,graph_c_context_observation,S5F2_energy,val,1394,9584,,1,0.10194838047027588,late_fusion
sprint9_multiseed_S8B_R2_seed7_S8B_R2_sequence_plus_context,S8B_R2_sequence_plus_context,1,gatv2_graph_c_sprint8b_sequence_plus_context,gatv2,graph_c_context_observation,S5F2_energy,val,1395,9584,,1,0.10321199893951416,late_fusion
sprint9_multiseed_S8B_R2_seed7_S8B_R2_sequence_plus_context,S8B_R2_sequence_plus_context,1,gatv2_graph_c_sprint8b_sequence_plus_context,gatv2,graph_c_context_observation,S5F2_energy,val,1396,9584,,1,0.16435439884662628,late_fusion
sprint9_multiseed_S8B_R2_seed7_S8B_R2_sequence_plus_context,S8B_R2_sequence_plus_context,1,gatv2_graph_c_sprint8b_sequence_plus_context,gatv2,graph_c_context_observation,S5F2_energy,val,1397,9584,,1,0.11487232148647308,late_fusion
sprint9_multiseed_S8B_R2_seed7_S8B_R2_sequence_plus_context,S8B_R2_sequence_plus_context,1,gatv2_graph_c_sprint8b_sequence_plus_context,gatv2,graph_c_context_observation,S5F2_energy,val,1398,9584,,1,0.09212759137153625,late_fusion
sprint9_multiseed_S8B_R2_seed7_S8B_R2_sequence_plus_context,S8B_R2_sequence_plus_context,1,gatv2_graph_c_sprint8b_sequence_plus_context,gatv2,graph_c_context_observation,S5F2_energy,val,1399,9584,,1,0.10479746013879776,late_fusion
sprint9_multiseed_S8B_R2_seed7_S8B_R2_sequence_plus_context,S8B_R2_sequence_plus_context,1,gatv2_graph_c_sprint8b_sequence_plus_context,gatv2,graph_c_context_observation,S5F2_energy,val,1400,9584,,0,0.08496682345867157,late_fusion
sprint9_multiseed_S8B_R2_seed7_S8B_R2_sequence_plus_context,S8B_R2_sequence_plus_context,1,gatv2_graph_c_sprint8b_sequence_plus_context,gatv2,graph_c_context_observation,S5F2_energy,val,1401,9584,,0,0.12346569448709488,late_fusion
sprint9_multiseed_S8B_R2_seed7_S8B_R2_sequence_plus_context,S8B_R2_sequence_plus_context,1,gatv2_graph_c_sprint8b_sequence_plus_context,gatv2,graph_c_context_observation,S5F2_energy,val,1402,9584,,0,0.11126742511987686,late_fusion
sprint9_multiseed_S8B_R2_seed7_S8B_R2_sequence_plus_context,S8B_R2_sequence_plus_context,1,gatv2_graph_c_sprint8b_sequence_plus_context,gatv2,graph_c_context_observation,S5F2_energy,val,1403,9584,,0,0.1274702548980713,late_fusion
sprint9_multiseed_S8B_R2_seed7_S8B_R2_sequence_plus_context,S8B_R2_sequence_plus_context,1,gatv2_graph_c_sprint8b_sequence_plus_context,gatv2,graph_c_context_observation,S5F2_energy,val,1404,9584,,0,0.10950323194265366,late_fusion
sprint9_multiseed_S8B_R2_seed7_S8B_R2_sequence_plus_context,S8B_R2_sequence_plus_context,1,gatv2_graph_c_sprint8b_sequence_plus_context,gatv2,graph_c_context_observation,S5F2_energy,val,1405,9584,,0,0.08725599199533463,late_fusion
sprint9_multiseed_S8B_R2_seed7_S8B_R2_sequence_plus_context,S8B_R2_sequence_plus_context,1,gatv2_graph_c_sprint8b_sequence_plus_context,gatv2,graph_c_context_observation,S5F2_energy,val,1406,9584,,0,0.1111927255988121,late_fusion
sprint9_multiseed_S8B_R2_seed7_S8B_R2_sequence_plus_context,S8B_R2_sequence_plus_context,1,gatv2_graph_c_sprint8b_sequence_plus_context,gatv2,graph_c_context_observation,S5F2_energy,val,1407,9584,,0,0.11922071874141693,late_fusion
sprint9_multiseed_S8B_R2_seed7_S8B_R2_sequence_plus_context,S8B_R2_sequence_plus_context,1,gatv2_graph_c_sprint8b_sequence_plus_context,gatv2,graph_c_context_observation,S5F2_energy,val,1408,9584,,0,0.11063187569379807,late_fusion
sprint9_multiseed_S8B_R2_seed7_S8B_R2_sequence_plus_context,S8B_R2_sequence_plus_context,1,gatv2_graph_c_sprint8b_sequence_plus_context,gatv2,graph_c_context_observation,S5F2_energy,val,1409,9584,,0,0.10905016213655472,late_fusion
sprint9_multiseed_S8B_R2_seed7_S8B_R2_sequence_plus_context,S8B_R2_sequence_plus_context,1,gatv2_graph_c_sprint8b_sequence_plus_context,gatv2,graph_c_context_observation,S5F2_energy,val,1410,9584,,0,0.10973891615867615,late_fusion
sprint9_multiseed_S8B_R2_seed7_S8B_R2_sequence_plus_context,S8B_R2_sequence_plus_context,1,gatv2_graph_c_sprint8b_sequence_plus_context,gatv2,graph_c_context_observation,S5F2_energy,val,1411,9584,,0,0.11194927245378494,late_fusion
sprint9_multiseed_S8B_R2_seed7_S8B_R2_sequence_plus_context,S8B_R2_sequence_plus_context,1,gatv2_graph_c_sprint8b_sequence_plus_context,gatv2,graph_c_context_observation,S5F2_energy,val,1412,9584,,0,0.1226772889494896,late_fusion
sprint9_multiseed_S8B_R2_seed7_S8B_R2_sequence_plus_context,S8B_R2_sequence_plus_context,1,gatv2_graph_c_sprint8b_sequence_plus_context,gatv2,graph_c_context_observation,S5F2_energy,val,1413,9584,,0,0.1141631007194519,late_fusion
sprint9_multiseed_S8B_R2_seed7_S8B_R2_sequence_plus_context,S8B_R2_sequence_plus_context,1,gatv2_graph_c_sprint8b_sequence_plus_context,gatv2,graph_c_context_observation,S5F2_energy,val,1414,9584,,0,0.12955248355865479,late_fusion
sprint9_multiseed_S8B_R2_seed7_S8B_R2_sequence_plus_context,S8B_R2_sequence_plus_context,1,gatv2_graph_c_sprint8b_sequence_plus_context,gatv2,graph_c_context_observation,S5F2_energy,val,1415,9584,,0,0.11045210063457489,late_fusion
sprint9_multiseed_S8B_R2_seed7_S8B_R2_sequence_plus_context,S8B_R2_sequence_plus_context,1,gatv2_graph_c_sprint8b_sequence_plus_context,gatv2,graph_c_context_observation,S5F2_energy,val,1416,9584,,0,0.12086829543113708,late_fusion
sprint9_multiseed_S8B_R2_seed7_S8B_R2_sequence_plus_context,S8B_R2_sequence_plus_context,1,gatv2_graph_c_sprint8b_sequence_plus_context,gatv2,graph_c_context_observation,S5F2_energy,val,1417,9584,,0,0.12168489396572113,late_fusion
sprint9_multiseed_S8B_R2_seed7_S8B_R2_sequence_plus_context,S8B_R2_sequence_plus_context,1,gatv2_graph_c_sprint8b_sequence_plus_context,gatv2,graph_c_context_observation,S5F2_energy,val,1418,9584,,0,0.11672674864530563,late_fusion
sprint9_multiseed_S8B_R2_seed7_S8B_R2_sequence_plus_context,S8B_R2_sequence_plus_context,1,gatv2_graph_c_sprint8b_sequence_plus_context,gatv2,graph_c_context_observation,S5F2_energy,val,1419,9584,,0,0.11033124476671219,late_fusion
sprint9_multiseed_S8B_R2_seed7_S8B_R2_sequence_plus_context,S8B_R2_sequence_plus_context,1,gatv2_graph_c_sprint8b_sequence_plus_context,gatv2,graph_c_context_observation,S5F2_energy,val,1420,9584,,0,0.10990400612354279,late_fusion
sprint9_multiseed_S8B_R2_seed7_S8B_R2_sequence_plus_context,S8B_R2_sequence_plus_context,1,gatv2_graph_c_sprint8b_sequence_plus_context,gatv2,graph_c_context_observation,S5F2_energy,val,1421,9584,,0,0.21317391097545624,late_fusion
sprint9_multiseed_S8B_R2_seed7_S8B_R2_sequence_plus_context,S8B_R2_sequence_plus_context,1,gatv2_graph_c_sprint8b_sequence_plus_context,gatv2,graph_c_context_observation,S5F2_energy,val,1422,9584,,0,0.10878439247608185,late_fusion
sprint9_multiseed_S8B_R2_seed7_S8B_R2_sequence_plus_context,S8B_R2_sequence_plus_context,1,gatv2_graph_c_sprint8b_sequence_plus_context,gatv2,graph_c_context_observation,S5F2_energy,val,1423,9584,,0,0.1138077825307846,late_fusion
sprint9_multiseed_S8B_R2_seed7_S8B_R2_sequence_plus_context,S8B_R2_sequence_plus_context,1,gatv2_graph_c_sprint8b_sequence_plus_context,gatv2,graph_c_context_observation,S5F2_energy,val,1424,9584,,0,0.10318131744861603,late_fusion
sprint9_multiseed_S8B_R2_seed7_S8B_R2_sequence_plus_context,S8B_R2_sequence_plus_context,1,gatv2_graph_c_sprint8b_sequence_plus_context,gatv2,graph_c_context_observation,S5F2_energy,val,1425,9584,,0,0.1254546195268631,late_fusion
sprint9_multiseed_S8B_R2_seed7_S8B_R2_sequence_plus_context,S8B_R2_sequence_plus_context,1,gatv2_graph_c_sprint8b_sequence_plus_context,gatv2,graph_c_context_observation,S5F2_energy,val,1426,9584,,0,0.11123358458280563,late_fusion
sprint9_multiseed_S8B_R2_seed7_S8B_R2_sequence_plus_context,S8B_R2_sequence_plus_context,1,gatv2_graph_c_sprint8b_sequence_plus_context,gatv2,graph_c_context_observation,S5F2_energy,val,1427,9584,,0,0.11777454614639282,late_fusion
sprint9_multiseed_S8B_R2_seed7_S8B_R2_sequence_plus_context,S8B_R2_sequence_plus_context,1,gatv2_graph_c_sprint8b_sequence_plus_context,gatv2,graph_c_context_observation,S5F2_energy,val,1428,9584,,0,0.11428704857826233,late_fusion
sprint9_multiseed_S8B_R2_seed7_S8B_R2_sequence_plus_context,S8B_R2_sequence_plus_context,1,gatv2_graph_c_sprint8b_sequence_plus_context,gatv2,graph_c_context_observation,S5F2_energy,val,1429,9584,,0,0.14585864543914795,late_fusion
sprint9_multiseed_S8B_R2_seed7_S8B_R2_sequence_plus_context,S8B_R2_sequence_plus_context,1,gatv2_graph_c_sprint8b_sequence_plus_context,gatv2,graph_c_context_observation,S5F2_energy,val,1430,9584,,0,0.11334633082151413,late_fusion
sprint9_multiseed_S8B_R2_seed7_S8B_R2_sequence_plus_context,S8B_R2_sequence_plus_context,1,gatv2_graph_c_sprint8b_sequence_plus_context,gatv2,graph_c_context_observation,S5F2_energy,val,1431,9584,,0,0.10745853930711746,late_fusion
sprint9_multiseed_S8B_R2_seed7_S8B_R2_sequence_plus_context,S8B_R2_sequence_plus_context,1,gatv2_graph_c_sprint8b_sequence_plus_context,gatv2,graph_c_context_observation,S5F2_energy,val,1432,9584,,0,0.14555753767490387,late_fusion
sprint9_multiseed_S8B_R2_seed7_S8B_R2_sequence_plus_context,S8B_R2_sequence_plus_context,1,gatv2_graph_c_sprint8b_sequence_plus_context,gatv2,graph_c_context_observation,S5F2_energy,val,1433,9584,,0,0.08847133815288544,late_fusion
sprint9_multiseed_S8B_R2_seed7_S8B_R2_sequence_plus_context,S8B_R2_sequence_plus_context,1,gatv2_graph_c_sprint8b_sequence_plus_context,gatv2,graph_c_context_observation,S5F2_energy,val,1434,9584,,0,0.11531919240951538,late_fusion
sprint9_multiseed_S8B_R2_seed7_S8B_R2_sequence_plus_context,S8B_R2_sequence_plus_context,1,gatv2_graph_c_sprint8b_sequence_plus_context,gatv2,graph_c_context_observation,S5F2_energy,val,1435,9584,,0,0.09571543335914612,late_fusion
sprint9_multiseed_S8B_R2_seed7_S8B_R2_sequence_plus_context,S8B_R2_sequence_plus_context,1,gatv2_graph_c_sprint8b_sequence_plus_context,gatv2,graph_c_context_observation,S5F2_energy,val,1436,9584,,0,0.13599929213523865,late_fusion
sprint9_multiseed_S8B_R2_seed7_S8B_R2_sequence_plus_context,S8B_R2_sequence_plus_context,1,gatv2_graph_c_sprint8b_sequence_plus_context,gatv2,graph_c_context_observation,S5F2_energy,val,1437,9584,,0,0.09816228598356247,late_fusion
sprint9_multiseed_S8B_R2_seed7_S8B_R2_sequence_plus_context,S8B_R2_sequence_plus_context,1,gatv2_graph_c_sprint8b_sequence_plus_context,gatv2,graph_c_context_observation,S5F2_energy,val,1438,9584,,0,0.1129767894744873,late_fusion
sprint9_multiseed_S8B_R2_seed7_S8B_R2_sequence_plus_context,S8B_R2_sequence_plus_context,1,gatv2_graph_c_sprint8b_sequence_plus_context,gatv2,graph_c_context_observation,S5F2_energy,val,1439,9584,,0,0.12939265370368958,late_fusion
sprint9_multiseed_S8B_R2_seed7_S8B_R2_sequence_plus_context,S8B_R2_sequence_plus_context,1,gatv2_graph_c_sprint8b_sequence_plus_context,gatv2,graph_c_context_observation,S5F2_energy,val,1440,9584,,0,0.13723690807819366,late_fusion
sprint9_multiseed_S8B_R2_seed7_S8B_R2_sequence_plus_context,S8B_R2_sequence_plus_context,1,gatv2_graph_c_sprint8b_sequence_plus_context,gatv2,graph_c_context_observation,S5F2_energy,val,1441,9584,,0,0.12259871512651443,late_fusion
sprint9_multiseed_S8B_R2_seed7_S8B_R2_sequence_plus_context,S8B_R2_sequence_plus_context,1,gatv2_graph_c_sprint8b_sequence_plus_context,gatv2,graph_c_context_observation,S5F2_energy,val,1442,9584,,0,0.12688858807086945,late_fusion
sprint9_multiseed_S8B_R2_seed7_S8B_R2_sequence_plus_context,S8B_R2_sequence_plus_context,1,gatv2_graph_c_sprint8b_sequence_plus_context,gatv2,graph_c_context_observation,S5F2_energy,val,1443,9584,,0,0.11116690188646317,late_fusion
sprint9_multiseed_S8B_R2_seed7_S8B_R2_sequence_plus_context,S8B_R2_sequence_plus_context,1,gatv2_graph_c_sprint8b_sequence_plus_context,gatv2,graph_c_context_observation,S5F2_energy,val,1444,9584,,0,0.12571506202220917,late_fusion
sprint9_multiseed_S8B_R2_seed7_S8B_R2_sequence_plus_context,S8B_R2_sequence_plus_context,1,gatv2_graph_c_sprint8b_sequence_plus_context,gatv2,graph_c_context_observation,S5F2_energy,val,1445,9584,,0,0.11592984944581985,late_fusion
sprint9_multiseed_S8B_R2_seed7_S8B_R2_sequence_plus_context,S8B_R2_sequence_plus_context,1,gatv2_graph_c_sprint8b_sequence_plus_context,gatv2,graph_c_context_observation,S5F2_energy,val,1446,9584,,0,0.09265722334384918,late_fusion
sprint9_multiseed_S8B_R2_seed7_S8B_R2_sequence_plus_context,S8B_R2_sequence_plus_context,1,gatv2_graph_c_sprint8b_sequence_plus_context,gatv2,graph_c_context_observation,S5F2_energy,val,1447,9584,,0,0.12448254972696304,late_fusion
sprint9_multiseed_S8B_R2_seed7_S8B_R2_sequence_plus_context,S8B_R2_sequence_plus_context,1,gatv2_graph_c_sprint8b_sequence_plus_context,gatv2,graph_c_context_observation,S5F2_energy,val,1448,9584,,0,0.11400643736124039,late_fusion
sprint9_multiseed_S8B_R2_seed7_S8B_R2_sequence_plus_context,S8B_R2_sequence_plus_context,1,gatv2_graph_c_sprint8b_sequence_plus_context,gatv2,graph_c_context_observation,S5F2_energy,val,1449,9584,,0,0.11028221994638443,late_fusion
sprint9_multiseed_S8B_R2_seed7_S8B_R2_sequence_plus_context,S8B_R2_sequence_plus_context,1,gatv2_graph_c_sprint8b_sequence_plus_context,gatv2,graph_c_context_observation,S5F2_energy,val,1450,9584,,0,0.13834400475025177,late_fusion
sprint9_multiseed_S8B_R2_seed7_S8B_R2_sequence_plus_context,S8B_R2_sequence_plus_context,1,gatv2_graph_c_sprint8b_sequence_plus_context,gatv2,graph_c_context_observation,S5F2_energy,val,1451,9584,,0,0.10525466501712799,late_fusion
sprint9_multiseed_S8B_R2_seed7_S8B_R2_sequence_plus_context,S8B_R2_sequence_plus_context,1,gatv2_graph_c_sprint8b_sequence_plus_context,gatv2,graph_c_context_observation,S5F2_energy,val,1452,9584,,0,0.0986643061041832,late_fusion
sprint9_multiseed_S8B_R2_seed7_S8B_R2_sequence_plus_context,S8B_R2_sequence_plus_context,1,gatv2_graph_c_sprint8b_sequence_plus_context,gatv2,graph_c_context_observation,S5F2_energy,val,1453,9584,,0,0.11081290990114212,late_fusion
sprint9_multiseed_S8B_R2_seed7_S8B_R2_sequence_plus_context,S8B_R2_sequence_plus_context,1,gatv2_graph_c_sprint8b_sequence_plus_context,gatv2,graph_c_context_observation,S5F2_energy,val,1454,9584,,0,0.1367104947566986,late_fusion
sprint9_multiseed_S8B_R2_seed7_S8B_R2_sequence_plus_context,S8B_R2_sequence_plus_context,1,gatv2_graph_c_sprint8b_sequence_plus_context,gatv2,graph_c_context_observation,S5F2_energy,val,1455,9584,,0,0.10523233562707901,late_fusion
sprint9_multiseed_S8B_R2_seed7_S8B_R2_sequence_plus_context,S8B_R2_sequence_plus_context,1,gatv2_graph_c_sprint8b_sequence_plus_context,gatv2,graph_c_context_observation,S5F2_energy,val,1456,9584,,0,0.11100154370069504,late_fusion
sprint9_multiseed_S8B_R2_seed7_S8B_R2_sequence_plus_context,S8B_R2_sequence_plus_context,1,gatv2_graph_c_sprint8b_sequence_plus_context,gatv2,graph_c_context_observation,S5F2_energy,val,1457,9584,,0,0.11580272018909454,late_fusion
sprint9_multiseed_S8B_R2_seed7_S8B_R2_sequence_plus_context,S8B_R2_sequence_plus_context,1,gatv2_graph_c_sprint8b_sequence_plus_context,gatv2,graph_c_context_observation,S5F2_energy,val,1458,9584,,0,0.09796243906021118,late_fusion
sprint9_multiseed_S8B_R2_seed7_S8B_R2_sequence_plus_context,S8B_R2_sequence_plus_context,1,gatv2_graph_c_sprint8b_sequence_plus_context,gatv2,graph_c_context_observation,S5F2_energy,val,1459,9584,,0,0.09219971299171448,late_fusion
sprint9_multiseed_S8B_R2_seed7_S8B_R2_sequence_plus_context,S8B_R2_sequence_plus_context,1,gatv2_graph_c_sprint8b_sequence_plus_context,gatv2,graph_c_context_observation,S5F2_energy,val,1460,9584,,0,0.11287125945091248,late_fusion
sprint9_multiseed_S8B_R2_seed7_S8B_R2_sequence_plus_context,S8B_R2_sequence_plus_context,1,gatv2_graph_c_sprint8b_sequence_plus_context,gatv2,graph_c_context_observation,S5F2_energy,val,1461,9584,,0,0.10785668343305588,late_fusion
sprint9_multiseed_S8B_R2_seed7_S8B_R2_sequence_plus_context,S8B_R2_sequence_plus_context,1,gatv2_graph_c_sprint8b_sequence_plus_context,gatv2,graph_c_context_observation,S5F2_energy,val,1462,9584,,0,0.09192410111427307,late_fusion
sprint9_multiseed_S8B_R2_seed7_S8B_R2_sequence_plus_context,S8B_R2_sequence_plus_context,1,gatv2_graph_c_sprint8b_sequence_plus_context,gatv2,graph_c_context_observation,S5F2_energy,val,1463,9584,,0,0.11855614930391312,late_fusion
sprint9_multiseed_S8B_R2_seed7_S8B_R2_sequence_plus_context,S8B_R2_sequence_plus_context,1,gatv2_graph_c_sprint8b_sequence_plus_context,gatv2,graph_c_context_observation,S5F2_energy,val,1464,9584,,0,0.11892847716808319,late_fusion
sprint9_multiseed_S8B_R2_seed7_S8B_R2_sequence_plus_context,S8B_R2_sequence_plus_context,1,gatv2_graph_c_sprint8b_sequence_plus_context,gatv2,graph_c_context_observation,S5F2_energy,val,1465,9584,,0,0.10839755833148956,late_fusion
sprint9_multiseed_S8B_R2_seed7_S8B_R2_sequence_plus_context,S8B_R2_sequence_plus_context,1,gatv2_graph_c_sprint8b_sequence_plus_context,gatv2,graph_c_context_observation,S5F2_energy,val,1466,9584,,0,0.10273712873458862,late_fusion
sprint9_multiseed_S8B_R2_seed7_S8B_R2_sequence_plus_context,S8B_R2_sequence_plus_context,1,gatv2_graph_c_sprint8b_sequence_plus_context,gatv2,graph_c_context_observation,S5F2_energy,val,1467,9584,,0,0.11188463866710663,late_fusion
sprint9_multiseed_S8B_R2_seed7_S8B_R2_sequence_plus_context,S8B_R2_sequence_plus_context,1,gatv2_graph_c_sprint8b_sequence_plus_context,gatv2,graph_c_context_observation,S5F2_energy,val,1468,9584,,0,0.11363009363412857,late_fusion
sprint9_multiseed_S8B_R2_seed7_S8B_R2_sequence_plus_context,S8B_R2_sequence_plus_context,1,gatv2_graph_c_sprint8b_sequence_plus_context,gatv2,graph_c_context_observation,S5F2_energy,val,1469,9584,,0,0.08996941894292831,late_fusion
sprint9_multiseed_S8B_R2_seed7_S8B_R2_sequence_plus_context,S8B_R2_sequence_plus_context,1,gatv2_graph_c_sprint8b_sequence_plus_context,gatv2,graph_c_context_observation,S5F2_energy,val,1470,9584,,0,0.10924429446458817,late_fusion
sprint9_multiseed_S8B_R2_seed7_S8B_R2_sequence_plus_context,S8B_R2_sequence_plus_context,1,gatv2_graph_c_sprint8b_sequence_plus_context,gatv2,graph_c_context_observation,S5F2_energy,val,1471,9584,,0,0.15097567439079285,late_fusion
sprint9_multiseed_S8B_R2_seed7_S8B_R2_sequence_plus_context,S8B_R2_sequence_plus_context,1,gatv2_graph_c_sprint8b_sequence_plus_context,gatv2,graph_c_context_observation,S5F2_energy,val,1472,9584,,0,0.11615944653749466,late_fusion
sprint9_multiseed_S8B_R2_seed7_S8B_R2_sequence_plus_context,S8B_R2_sequence_plus_context,1,gatv2_graph_c_sprint8b_sequence_plus_context,gatv2,graph_c_context_observation,S5F2_energy,val,1473,9584,,0,0.14364296197891235,late_fusion
sprint9_multiseed_S8B_R2_seed7_S8B_R2_sequence_plus_context,S8B_R2_sequence_plus_context,1,gatv2_graph_c_sprint8b_sequence_plus_context,gatv2,graph_c_context_observation,S5F2_energy,val,1474,9584,,0,0.11495158821344376,late_fusion
sprint9_multiseed_S8B_R2_seed7_S8B_R2_sequence_plus_context,S8B_R2_sequence_plus_context,1,gatv2_graph_c_sprint8b_sequence_plus_context,gatv2,graph_c_context_observation,S5F2_energy,val,1475,9584,,0,0.11097126454114914,late_fusion
sprint9_multiseed_S8B_R2_seed7_S8B_R2_sequence_plus_context,S8B_R2_sequence_plus_context,1,gatv2_graph_c_sprint8b_sequence_plus_context,gatv2,graph_c_context_observation,S5F2_energy,val,1476,9584,,0,0.10805700719356537,late_fusion
sprint9_multiseed_S8B_R2_seed7_S8B_R2_sequence_plus_context,S8B_R2_sequence_plus_context,1,gatv2_graph_c_sprint8b_sequence_plus_context,gatv2,graph_c_context_observation,S5F2_energy,val,1477,9584,,0,0.11583296954631805,late_fusion
sprint9_multiseed_S8B_R2_seed7_S8B_R2_sequence_plus_context,S8B_R2_sequence_plus_context,1,gatv2_graph_c_sprint8b_sequence_plus_context,gatv2,graph_c_context_observation,S5F2_energy,val,1478,9584,,0,0.10941289365291595,late_fusion
sprint9_multiseed_S8B_R2_seed7_S8B_R2_sequence_plus_context,S8B_R2_sequence_plus_context,1,gatv2_graph_c_sprint8b_sequence_plus_context,gatv2,graph_c_context_observation,S5F2_energy,val,1479,9584,,0,0.10648108273744583,late_fusion
sprint9_multiseed_S8B_R2_seed7_S8B_R2_sequence_plus_context,S8B_R2_sequence_plus_context,1,gatv2_graph_c_sprint8b_sequence_plus_context,gatv2,graph_c_context_observation,S5F2_energy,val,1480,9584,,0,0.11701814830303192,late_fusion
sprint9_multiseed_S8B_R2_seed7_S8B_R2_sequence_plus_context,S8B_R2_sequence_plus_context,1,gatv2_graph_c_sprint8b_sequence_plus_context,gatv2,graph_c_context_observation,S5F2_energy,val,1481,9584,,0,0.10341783612966537,late_fusion
sprint9_multiseed_S8B_R2_seed7_S8B_R2_sequence_plus_context,S8B_R2_sequence_plus_context,1,gatv2_graph_c_sprint8b_sequence_plus_context,gatv2,graph_c_context_observation,S5F2_energy,val,1482,9584,,0,0.11451944708824158,late_fusion
sprint9_multiseed_S8B_R2_seed7_S8B_R2_sequence_plus_context,S8B_R2_sequence_plus_context,1,gatv2_graph_c_sprint8b_sequence_plus_context,gatv2,graph_c_context_observation,S5F2_energy,val,1483,9584,,0,0.1171955093741417,late_fusion
sprint9_multiseed_S8B_R2_seed7_S8B_R2_sequence_plus_context,S8B_R2_sequence_plus_context,1,gatv2_graph_c_sprint8b_sequence_plus_context,gatv2,graph_c_context_observation,S5F2_energy,val,1484,9584,,0,0.10787634551525116,late_fusion
sprint9_multiseed_S8B_R2_seed7_S8B_R2_sequence_plus_context,S8B_R2_sequence_plus_context,1,gatv2_graph_c_sprint8b_sequence_plus_context,gatv2,graph_c_context_observation,S5F2_energy,val,1485,9584,,0,0.09668958932161331,late_fusion
sprint9_multiseed_S8B_R2_seed7_S8B_R2_sequence_plus_context,S8B_R2_sequence_plus_context,1,gatv2_graph_c_sprint8b_sequence_plus_context,gatv2,graph_c_context_observation,S5F2_energy,val,1486,9584,,0,0.09645040333271027,late_fusion
sprint9_multiseed_S8B_R2_seed7_S8B_R2_sequence_plus_context,S8B_R2_sequence_plus_context,1,gatv2_graph_c_sprint8b_sequence_plus_context,gatv2,graph_c_context_observation,S5F2_energy,val,1487,9584,,0,0.10673899948596954,late_fusion
sprint9_multiseed_S8B_R2_seed7_S8B_R2_sequence_plus_context,S8B_R2_sequence_plus_context,1,gatv2_graph_c_sprint8b_sequence_plus_context,gatv2,graph_c_context_observation,S5F2_energy,val,1488,9584,,0,0.10326089709997177,late_fusion
sprint9_multiseed_S8B_R2_seed7_S8B_R2_sequence_plus_context,S8B_R2_sequence_plus_context,1,gatv2_graph_c_sprint8b_sequence_plus_context,gatv2,graph_c_context_observation,S5F2_energy,val,1489,9584,,0,0.10342484712600708,late_fusion
sprint9_multiseed_S8B_R2_seed7_S8B_R2_sequence_plus_context,S8B_R2_sequence_plus_context,1,gatv2_graph_c_sprint8b_sequence_plus_context,gatv2,graph_c_context_observation,S5F2_energy,val,1490,9584,,0,0.11939837783575058,late_fusion
sprint9_multiseed_S8B_R2_seed7_S8B_R2_sequence_plus_context,S8B_R2_sequence_plus_context,1,gatv2_graph_c_sprint8b_sequence_plus_context,gatv2,graph_c_context_observation,S5F2_energy,val,1491,9584,,0,0.13837765157222748,late_fusion
sprint9_multiseed_S8B_R2_seed7_S8B_R2_sequence_plus_context,S8B_R2_sequence_plus_context,1,gatv2_graph_c_sprint8b_sequence_plus_context,gatv2,graph_c_context_observation,S5F2_energy,val,1492,9584,,0,0.11531300842761993,late_fusion
sprint9_multiseed_S8B_R2_seed7_S8B_R2_sequence_plus_context,S8B_R2_sequence_plus_context,1,gatv2_graph_c_sprint8b_sequence_plus_context,gatv2,graph_c_context_observation,S5F2_energy,val,1493,9584,,0,0.11922573298215866,late_fusion
sprint9_multiseed_S8B_R2_seed7_S8B_R2_sequence_plus_context,S8B_R2_sequence_plus_context,1,gatv2_graph_c_sprint8b_sequence_plus_context,gatv2,graph_c_context_observation,S5F2_energy,val,1494,9584,,0,0.116468146443367,late_fusion
sprint9_multiseed_S8B_R2_seed7_S8B_R2_sequence_plus_context,S8B_R2_sequence_plus_context,1,gatv2_graph_c_sprint8b_sequence_plus_context,gatv2,graph_c_context_observation,S5F2_energy,val,1495,9584,,0,0.10424832254648209,late_fusion
sprint9_multiseed_S8B_R2_seed7_S8B_R2_sequence_plus_context,S8B_R2_sequence_plus_context,1,gatv2_graph_c_sprint8b_sequence_plus_context,gatv2,graph_c_context_observation,S5F2_energy,val,1496,9584,,0,0.11422841995954514,late_fusion
sprint9_multiseed_S8B_R2_seed7_S8B_R2_sequence_plus_context,S8B_R2_sequence_plus_context,1,gatv2_graph_c_sprint8b_sequence_plus_context,gatv2,graph_c_context_observation,S5F2_energy,val,1497,9584,,0,0.1922970861196518,late_fusion
sprint9_multiseed_S8B_R2_seed7_S8B_R2_sequence_plus_context,S8B_R2_sequence_plus_context,1,gatv2_graph_c_sprint8b_sequence_plus_context,gatv2,graph_c_context_observation,S5F2_energy,val,1498,9584,,0,0.09906932711601257,late_fusion
sprint9_multiseed_S8B_R2_seed7_S8B_R2_sequence_plus_context,S8B_R2_sequence_plus_context,1,gatv2_graph_c_sprint8b_sequence_plus_context,gatv2,graph_c_context_observation,S5F2_energy,val,1499,9584,,0,0.1086263358592987,late_fusion
sprint9_multiseed_S8B_R2_seed7_S8B_R2_sequence_plus_context,S8B_R2_sequence_plus_context,1,gatv2_graph_c_sprint8b_sequence_plus_context,gatv2,graph_c_context_observation,S5F2_energy,val,1500,9584,,0,0.09333138167858124,late_fusion
sprint9_multiseed_S8B_R2_seed7_S8B_R2_sequence_plus_context,S8B_R2_sequence_plus_context,1,gatv2_graph_c_sprint8b_sequence_plus_context,gatv2,graph_c_context_observation,S5F2_energy,val,1501,9584,,0,0.10219459980726242,late_fusion
sprint9_multiseed_S8B_R2_seed7_S8B_R2_sequence_plus_context,S8B_R2_sequence_plus_context,1,gatv2_graph_c_sprint8b_sequence_plus_context,gatv2,graph_c_context_observation,S5F2_energy,val,1502,9584,,0,0.11849408596754074,late_fusion
sprint9_multiseed_S8B_R2_seed7_S8B_R2_sequence_plus_context,S8B_R2_sequence_plus_context,1,gatv2_graph_c_sprint8b_sequence_plus_context,gatv2,graph_c_context_observation,S5F2_energy,val,1503,9584,,0,0.11723021417856216,late_fusion
sprint9_multiseed_S8B_R2_seed7_S8B_R2_sequence_plus_context,S8B_R2_sequence_plus_context,1,gatv2_graph_c_sprint8b_sequence_plus_context,gatv2,graph_c_context_observation,S5F2_energy,val,1504,9584,,0,0.11044037342071533,late_fusion
sprint9_multiseed_S8B_R2_seed7_S8B_R2_sequence_plus_context,S8B_R2_sequence_plus_context,1,gatv2_graph_c_sprint8b_sequence_plus_context,gatv2,graph_c_context_observation,S5F2_energy,val,1505,9584,,0,0.11916836351156235,late_fusion
sprint9_multiseed_S8B_R2_seed7_S8B_R2_sequence_plus_context,S8B_R2_sequence_plus_context,1,gatv2_graph_c_sprint8b_sequence_plus_context,gatv2,graph_c_context_observation,S5F2_energy,val,1506,9584,,0,0.1285155564546585,late_fusion
sprint9_multiseed_S8B_R2_seed7_S8B_R2_sequence_plus_context,S8B_R2_sequence_plus_context,1,gatv2_graph_c_sprint8b_sequence_plus_context,gatv2,graph_c_context_observation,S5F2_energy,val,1507,9584,,0,0.11589697003364563,late_fusion
sprint9_multiseed_S8B_R2_seed7_S8B_R2_sequence_plus_context,S8B_R2_sequence_plus_context,1,gatv2_graph_c_sprint8b_sequence_plus_context,gatv2,graph_c_context_observation,S5F2_energy,val,1508,10151,,1,0.16496434807777405,late_fusion
sprint9_multiseed_S8B_R2_seed7_S8B_R2_sequence_plus_context,S8B_R2_sequence_plus_context,1,gatv2_graph_c_sprint8b_sequence_plus_context,gatv2,graph_c_context_observation,S5F2_energy,val,1509,10151,,0,0.07560458034276962,late_fusion
sprint9_multiseed_S8B_R2_seed7_S8B_R2_sequence_plus_context,S8B_R2_sequence_plus_context,1,gatv2_graph_c_sprint8b_sequence_plus_context,gatv2,graph_c_context_observation,S5F2_energy,val,1510,10151,,0,0.07253380864858627,late_fusion
sprint9_multiseed_S8B_R2_seed7_S8B_R2_sequence_plus_context,S8B_R2_sequence_plus_context,1,gatv2_graph_c_sprint8b_sequence_plus_context,gatv2,graph_c_context_observation,S5F2_energy,val,1511,10151,,0,0.07668688893318176,late_fusion
sprint9_multiseed_S8B_R2_seed7_S8B_R2_sequence_plus_context,S8B_R2_sequence_plus_context,1,gatv2_graph_c_sprint8b_sequence_plus_context,gatv2,graph_c_context_observation,S5F2_energy,val,1512,10151,,1,0.06865479797124863,late_fusion
sprint9_multiseed_S8B_R2_seed7_S8B_R2_sequence_plus_context,S8B_R2_sequence_plus_context,1,gatv2_graph_c_sprint8b_sequence_plus_context,gatv2,graph_c_context_observation,S5F2_energy,val,1513,10151,,0,0.0669439435005188,late_fusion
sprint9_multiseed_S8B_R2_seed7_S8B_R2_sequence_plus_context,S8B_R2_sequence_plus_context,1,gatv2_graph_c_sprint8b_sequence_plus_context,gatv2,graph_c_context_observation,S5F2_energy,val,1514,10151,,0,0.06292286515235901,late_fusion
sprint9_multiseed_S8B_R2_seed7_S8B_R2_sequence_plus_context,S8B_R2_sequence_plus_context,1,gatv2_graph_c_sprint8b_sequence_plus_context,gatv2,graph_c_context_observation,S5F2_energy,val,1515,10151,,0,0.07320516556501389,late_fusion
sprint9_multiseed_S8B_R2_seed7_S8B_R2_sequence_plus_context,S8B_R2_sequence_plus_context,1,gatv2_graph_c_sprint8b_sequence_plus_context,gatv2,graph_c_context_observation,S5F2_energy,val,1516,10151,,0,0.06503348797559738,late_fusion
sprint9_multiseed_S8B_R2_seed7_S8B_R2_sequence_plus_context,S8B_R2_sequence_plus_context,1,gatv2_graph_c_sprint8b_sequence_plus_context,gatv2,graph_c_context_observation,S5F2_energy,val,1517,10151,,0,0.07157492637634277,late_fusion
sprint9_multiseed_S8B_R2_seed7_S8B_R2_sequence_plus_context,S8B_R2_sequence_plus_context,1,gatv2_graph_c_sprint8b_sequence_plus_context,gatv2,graph_c_context_observation,S5F2_energy,val,1518,10151,,1,0.06904206424951553,late_fusion
sprint9_multiseed_S8B_R2_seed7_S8B_R2_sequence_plus_context,S8B_R2_sequence_plus_context,1,gatv2_graph_c_sprint8b_sequence_plus_context,gatv2,graph_c_context_observation,S5F2_energy,val,1519,10151,,0,0.06848156452178955,late_fusion
sprint9_multiseed_S8B_R2_seed7_S8B_R2_sequence_plus_context,S8B_R2_sequence_plus_context,1,gatv2_graph_c_sprint8b_sequence_plus_context,gatv2,graph_c_context_observation,S5F2_energy,val,1520,10151,,0,0.07042151689529419,late_fusion
sprint9_multiseed_S8B_R2_seed7_S8B_R2_sequence_plus_context,S8B_R2_sequence_plus_context,1,gatv2_graph_c_sprint8b_sequence_plus_context,gatv2,graph_c_context_observation,S5F2_energy,val,1521,10151,,0,0.0755746141076088,late_fusion
sprint9_multiseed_S8B_R2_seed7_S8B_R2_sequence_plus_context,S8B_R2_sequence_plus_context,1,gatv2_graph_c_sprint8b_sequence_plus_context,gatv2,graph_c_context_observation,S5F2_energy,val,1522,10151,,0,0.06542691588401794,late_fusion
sprint9_multiseed_S8B_R2_seed7_S8B_R2_sequence_plus_context,S8B_R2_sequence_plus_context,1,gatv2_graph_c_sprint8b_sequence_plus_context,gatv2,graph_c_context_observation,S5F2_energy,val,1523,10151,,0,0.06688594073057175,late_fusion
sprint9_multiseed_S8B_R2_seed7_S8B_R2_sequence_plus_context,S8B_R2_sequence_plus_context,1,gatv2_graph_c_sprint8b_sequence_plus_context,gatv2,graph_c_context_observation,S5F2_energy,val,1524,10151,,0,0.06748729199171066,late_fusion
sprint9_multiseed_S8B_R2_seed7_S8B_R2_sequence_plus_context,S8B_R2_sequence_plus_context,1,gatv2_graph_c_sprint8b_sequence_plus_context,gatv2,graph_c_context_observation,S5F2_energy,val,1525,10151,,1,0.07192189246416092,late_fusion
sprint9_multiseed_S8B_R2_seed7_S8B_R2_sequence_plus_context,S8B_R2_sequence_plus_context,1,gatv2_graph_c_sprint8b_sequence_plus_context,gatv2,graph_c_context_observation,S5F2_energy,val,1526,10151,,1,0.07605889439582825,late_fusion
sprint9_multiseed_S8B_R2_seed7_S8B_R2_sequence_plus_context,S8B_R2_sequence_plus_context,1,gatv2_graph_c_sprint8b_sequence_plus_context,gatv2,graph_c_context_observation,S5F2_energy,val,1527,10151,,0,0.07157540321350098,late_fusion
sprint9_multiseed_S8B_R2_seed7_S8B_R2_sequence_plus_context,S8B_R2_sequence_plus_context,1,gatv2_graph_c_sprint8b_sequence_plus_context,gatv2,graph_c_context_observation,S5F2_energy,val,1528,10151,,1,0.06506170332431793,late_fusion
sprint9_multiseed_S8B_R2_seed7_S8B_R2_sequence_plus_context,S8B_R2_sequence_plus_context,1,gatv2_graph_c_sprint8b_sequence_plus_context,gatv2,graph_c_context_observation,S5F2_energy,val,1529,10151,,0,0.07289047539234161,late_fusion
sprint9_multiseed_S8B_R2_seed7_S8B_R2_sequence_plus_context,S8B_R2_sequence_plus_context,1,gatv2_graph_c_sprint8b_sequence_plus_context,gatv2,graph_c_context_observation,S5F2_energy,val,1530,10151,,1,0.06372828036546707,late_fusion
sprint9_multiseed_S8B_R2_seed7_S8B_R2_sequence_plus_context,S8B_R2_sequence_plus_context,1,gatv2_graph_c_sprint8b_sequence_plus_context,gatv2,graph_c_context_observation,S5F2_energy,val,1531,10151,,1,0.06429098546504974,late_fusion
sprint9_multiseed_S8B_R2_seed7_S8B_R2_sequence_plus_context,S8B_R2_sequence_plus_context,1,gatv2_graph_c_sprint8b_sequence_plus_context,gatv2,graph_c_context_observation,S5F2_energy,val,1532,10151,,1,0.06931809335947037,late_fusion
sprint9_multiseed_S8B_R2_seed7_S8B_R2_sequence_plus_context,S8B_R2_sequence_plus_context,1,gatv2_graph_c_sprint8b_sequence_plus_context,gatv2,graph_c_context_observation,S5F2_energy,val,1533,10151,,0,0.06653916090726852,late_fusion
sprint9_multiseed_S8B_R2_seed7_S8B_R2_sequence_plus_context,S8B_R2_sequence_plus_context,1,gatv2_graph_c_sprint8b_sequence_plus_context,gatv2,graph_c_context_observation,S5F2_energy,val,1534,10151,,0,0.06273706257343292,late_fusion
sprint9_multiseed_S8B_R2_seed7_S8B_R2_sequence_plus_context,S8B_R2_sequence_plus_context,1,gatv2_graph_c_sprint8b_sequence_plus_context,gatv2,graph_c_context_observation,S5F2_energy,val,1535,10151,,1,0.06488332897424698,late_fusion
sprint9_multiseed_S8B_R2_seed7_S8B_R2_sequence_plus_context,S8B_R2_sequence_plus_context,1,gatv2_graph_c_sprint8b_sequence_plus_context,gatv2,graph_c_context_observation,S5F2_energy,val,1536,10151,,0,0.06723609566688538,late_fusion
sprint9_multiseed_S8B_R2_seed7_S8B_R2_sequence_plus_context,S8B_R2_sequence_plus_context,1,gatv2_graph_c_sprint8b_sequence_plus_context,gatv2,graph_c_context_observation,S5F2_energy,val,1537,10151,,1,0.06623964011669159,late_fusion
sprint9_multiseed_S8B_R2_seed7_S8B_R2_sequence_plus_context,S8B_R2_sequence_plus_context,1,gatv2_graph_c_sprint8b_sequence_plus_context,gatv2,graph_c_context_observation,S5F2_energy,val,1538,10151,,1,0.05976323038339615,late_fusion
sprint9_multiseed_S8B_R2_seed7_S8B_R2_sequence_plus_context,S8B_R2_sequence_plus_context,1,gatv2_graph_c_sprint8b_sequence_plus_context,gatv2,graph_c_context_observation,S5F2_energy,val,1539,10151,,1,0.0681181401014328,late_fusion
sprint9_multiseed_S8B_R2_seed7_S8B_R2_sequence_plus_context,S8B_R2_sequence_plus_context,1,gatv2_graph_c_sprint8b_sequence_plus_context,gatv2,graph_c_context_observation,S5F2_energy,val,1540,10151,,0,0.06434957683086395,late_fusion
sprint9_multiseed_S8B_R2_seed7_S8B_R2_sequence_plus_context,S8B_R2_sequence_plus_context,1,gatv2_graph_c_sprint8b_sequence_plus_context,gatv2,graph_c_context_observation,S5F2_energy,val,1541,10151,,0,0.06450643390417099,late_fusion
sprint9_multiseed_S8B_R2_seed7_S8B_R2_sequence_plus_context,S8B_R2_sequence_plus_context,1,gatv2_graph_c_sprint8b_sequence_plus_context,gatv2,graph_c_context_observation,S5F2_energy,val,1542,10151,,0,0.06836714595556259,late_fusion
sprint9_multiseed_S8B_R2_seed7_S8B_R2_sequence_plus_context,S8B_R2_sequence_plus_context,1,gatv2_graph_c_sprint8b_sequence_plus_context,gatv2,graph_c_context_observation,S5F2_energy,val,1543,10151,,0,0.07427071779966354,late_fusion
sprint9_multiseed_S8B_R2_seed7_S8B_R2_sequence_plus_context,S8B_R2_sequence_plus_context,1,gatv2_graph_c_sprint8b_sequence_plus_context,gatv2,graph_c_context_observation,S5F2_energy,val,1544,10151,,0,0.0864487886428833,late_fusion
sprint9_multiseed_S8B_R2_seed7_S8B_R2_sequence_plus_context,S8B_R2_sequence_plus_context,1,gatv2_graph_c_sprint8b_sequence_plus_context,gatv2,graph_c_context_observation,S5F2_energy,val,1545,10151,,0,0.06610937416553497,late_fusion
sprint9_multiseed_S8B_R2_seed7_S8B_R2_sequence_plus_context,S8B_R2_sequence_plus_context,1,gatv2_graph_c_sprint8b_sequence_plus_context,gatv2,graph_c_context_observation,S5F2_energy,val,1546,10151,,1,0.0759422779083252,late_fusion
sprint9_multiseed_S8B_R2_seed7_S8B_R2_sequence_plus_context,S8B_R2_sequence_plus_context,1,gatv2_graph_c_sprint8b_sequence_plus_context,gatv2,graph_c_context_observation,S5F2_energy,val,1547,10151,,1,0.059414830058813095,late_fusion
sprint9_multiseed_S8B_R2_seed7_S8B_R2_sequence_plus_context,S8B_R2_sequence_plus_context,1,gatv2_graph_c_sprint8b_sequence_plus_context,gatv2,graph_c_context_observation,S5F2_energy,val,1548,10151,,1,0.07480765879154205,late_fusion
sprint9_multiseed_S8B_R2_seed7_S8B_R2_sequence_plus_context,S8B_R2_sequence_plus_context,1,gatv2_graph_c_sprint8b_sequence_plus_context,gatv2,graph_c_context_observation,S5F2_energy,val,1549,10151,,1,0.07335520535707474,late_fusion
sprint9_multiseed_S8B_R2_seed7_S8B_R2_sequence_plus_context,S8B_R2_sequence_plus_context,1,gatv2_graph_c_sprint8b_sequence_plus_context,gatv2,graph_c_context_observation,S5F2_energy,val,1550,10151,,0,0.06801306456327438,late_fusion
sprint9_multiseed_S8B_R2_seed7_S8B_R2_sequence_plus_context,S8B_R2_sequence_plus_context,1,gatv2_graph_c_sprint8b_sequence_plus_context,gatv2,graph_c_context_observation,S5F2_energy,val,1551,10151,,1,0.06746253371238708,late_fusion
sprint9_multiseed_S8B_R2_seed7_S8B_R2_sequence_plus_context,S8B_R2_sequence_plus_context,1,gatv2_graph_c_sprint8b_sequence_plus_context,gatv2,graph_c_context_observation,S5F2_energy,val,1552,10151,,1,0.05944335460662842,late_fusion
sprint9_multiseed_S8B_R2_seed7_S8B_R2_sequence_plus_context,S8B_R2_sequence_plus_context,1,gatv2_graph_c_sprint8b_sequence_plus_context,gatv2,graph_c_context_observation,S5F2_energy,val,1553,10151,,0,0.07402825355529785,late_fusion
sprint9_multiseed_S8B_R2_seed7_S8B_R2_sequence_plus_context,S8B_R2_sequence_plus_context,1,gatv2_graph_c_sprint8b_sequence_plus_context,gatv2,graph_c_context_observation,S5F2_energy,val,1554,10151,,0,0.065780408680439,late_fusion
sprint9_multiseed_S8B_R2_seed7_S8B_R2_sequence_plus_context,S8B_R2_sequence_plus_context,1,gatv2_graph_c_sprint8b_sequence_plus_context,gatv2,graph_c_context_observation,S5F2_energy,val,1555,10151,,0,0.061211198568344116,late_fusion
sprint9_multiseed_S8B_R2_seed7_S8B_R2_sequence_plus_context,S8B_R2_sequence_plus_context,1,gatv2_graph_c_sprint8b_sequence_plus_context,gatv2,graph_c_context_observation,S5F2_energy,val,1556,10151,,1,0.07038944959640503,late_fusion
sprint9_multiseed_S8B_R2_seed7_S8B_R2_sequence_plus_context,S8B_R2_sequence_plus_context,1,gatv2_graph_c_sprint8b_sequence_plus_context,gatv2,graph_c_context_observation,S5F2_energy,val,1557,10151,,0,0.07443618774414062,late_fusion
sprint9_multiseed_S8B_R2_seed7_S8B_R2_sequence_plus_context,S8B_R2_sequence_plus_context,1,gatv2_graph_c_sprint8b_sequence_plus_context,gatv2,graph_c_context_observation,S5F2_energy,val,1558,10151,,1,0.07620780915021896,late_fusion
sprint9_multiseed_S8B_R2_seed7_S8B_R2_sequence_plus_context,S8B_R2_sequence_plus_context,1,gatv2_graph_c_sprint8b_sequence_plus_context,gatv2,graph_c_context_observation,S5F2_energy,val,1559,10151,,1,0.07848424464464188,late_fusion
sprint9_multiseed_S8B_R2_seed7_S8B_R2_sequence_plus_context,S8B_R2_sequence_plus_context,1,gatv2_graph_c_sprint8b_sequence_plus_context,gatv2,graph_c_context_observation,S5F2_energy,val,1560,10151,,1,0.06941235810518265,late_fusion
sprint9_multiseed_S8B_R2_seed7_S8B_R2_sequence_plus_context,S8B_R2_sequence_plus_context,1,gatv2_graph_c_sprint8b_sequence_plus_context,gatv2,graph_c_context_observation,S5F2_energy,val,1561,10151,,1,0.06501362472772598,late_fusion
sprint9_multiseed_S8B_R2_seed7_S8B_R2_sequence_plus_context,S8B_R2_sequence_plus_context,1,gatv2_graph_c_sprint8b_sequence_plus_context,gatv2,graph_c_context_observation,S5F2_energy,val,1562,10151,,1,0.06818929314613342,late_fusion
sprint9_multiseed_S8B_R2_seed7_S8B_R2_sequence_plus_context,S8B_R2_sequence_plus_context,1,gatv2_graph_c_sprint8b_sequence_plus_context,gatv2,graph_c_context_observation,S5F2_energy,val,1563,10151,,1,0.06440967321395874,late_fusion
sprint9_multiseed_S8B_R2_seed7_S8B_R2_sequence_plus_context,S8B_R2_sequence_plus_context,1,gatv2_graph_c_sprint8b_sequence_plus_context,gatv2,graph_c_context_observation,S5F2_energy,val,1564,10151,,1,0.06680525094270706,late_fusion
sprint9_multiseed_S8B_R2_seed7_S8B_R2_sequence_plus_context,S8B_R2_sequence_plus_context,1,gatv2_graph_c_sprint8b_sequence_plus_context,gatv2,graph_c_context_observation,S5F2_energy,val,1565,10151,,1,0.06153849884867668,late_fusion
sprint9_multiseed_S8B_R2_seed7_S8B_R2_sequence_plus_context,S8B_R2_sequence_plus_context,1,gatv2_graph_c_sprint8b_sequence_plus_context,gatv2,graph_c_context_observation,S5F2_energy,val,1566,10151,,0,0.06669940799474716,late_fusion
sprint9_multiseed_S8B_R2_seed7_S8B_R2_sequence_plus_context,S8B_R2_sequence_plus_context,1,gatv2_graph_c_sprint8b_sequence_plus_context,gatv2,graph_c_context_observation,S5F2_energy,val,1567,10151,,1,0.06540977209806442,late_fusion
sprint9_multiseed_S8B_R2_seed7_S8B_R2_sequence_plus_context,S8B_R2_sequence_plus_context,1,gatv2_graph_c_sprint8b_sequence_plus_context,gatv2,graph_c_context_observation,S5F2_energy,val,1568,10151,,0,0.06918104737997055,late_fusion
sprint9_multiseed_S8B_R2_seed7_S8B_R2_sequence_plus_context,S8B_R2_sequence_plus_context,1,gatv2_graph_c_sprint8b_sequence_plus_context,gatv2,graph_c_context_observation,S5F2_energy,val,1569,10151,,0,0.07576671987771988,late_fusion
sprint9_multiseed_S8B_R2_seed7_S8B_R2_sequence_plus_context,S8B_R2_sequence_plus_context,1,gatv2_graph_c_sprint8b_sequence_plus_context,gatv2,graph_c_context_observation,S5F2_energy,val,1570,10151,,0,0.06788437068462372,late_fusion
sprint9_multiseed_S8B_R2_seed7_S8B_R2_sequence_plus_context,S8B_R2_sequence_plus_context,1,gatv2_graph_c_sprint8b_sequence_plus_context,gatv2,graph_c_context_observation,S5F2_energy,val,1571,10151,,0,0.07362755388021469,late_fusion
sprint9_multiseed_S8B_R2_seed7_S8B_R2_sequence_plus_context,S8B_R2_sequence_plus_context,1,gatv2_graph_c_sprint8b_sequence_plus_context,gatv2,graph_c_context_observation,S5F2_energy,val,1572,10151,,0,0.06046193093061447,late_fusion
sprint9_multiseed_S8B_R2_seed7_S8B_R2_sequence_plus_context,S8B_R2_sequence_plus_context,1,gatv2_graph_c_sprint8b_sequence_plus_context,gatv2,graph_c_context_observation,S5F2_energy,val,1573,10151,,0,0.06742393970489502,late_fusion
sprint9_multiseed_S8B_R2_seed7_S8B_R2_sequence_plus_context,S8B_R2_sequence_plus_context,1,gatv2_graph_c_sprint8b_sequence_plus_context,gatv2,graph_c_context_observation,S5F2_energy,val,1574,10151,,1,0.07608100771903992,late_fusion
sprint9_multiseed_S8B_R2_seed7_S8B_R2_sequence_plus_context,S8B_R2_sequence_plus_context,1,gatv2_graph_c_sprint8b_sequence_plus_context,gatv2,graph_c_context_observation,S5F2_energy,val,1575,10151,,1,0.062347013503313065,late_fusion
sprint9_multiseed_S8B_R2_seed7_S8B_R2_sequence_plus_context,S8B_R2_sequence_plus_context,1,gatv2_graph_c_sprint8b_sequence_plus_context,gatv2,graph_c_context_observation,S5F2_energy,val,1576,10151,,1,0.0644100233912468,late_fusion
sprint9_multiseed_S8B_R2_seed7_S8B_R2_sequence_plus_context,S8B_R2_sequence_plus_context,1,gatv2_graph_c_sprint8b_sequence_plus_context,gatv2,graph_c_context_observation,S5F2_energy,val,1577,10151,,1,0.06158018857240677,late_fusion
sprint9_multiseed_S8B_R2_seed7_S8B_R2_sequence_plus_context,S8B_R2_sequence_plus_context,1,gatv2_graph_c_sprint8b_sequence_plus_context,gatv2,graph_c_context_observation,S5F2_energy,val,1578,10151,,0,0.06945140659809113,late_fusion
sprint9_multiseed_S8B_R2_seed7_S8B_R2_sequence_plus_context,S8B_R2_sequence_plus_context,1,gatv2_graph_c_sprint8b_sequence_plus_context,gatv2,graph_c_context_observation,S5F2_energy,val,1579,10151,,1,0.06552530080080032,late_fusion
sprint9_multiseed_S8B_R2_seed7_S8B_R2_sequence_plus_context,S8B_R2_sequence_plus_context,1,gatv2_graph_c_sprint8b_sequence_plus_context,gatv2,graph_c_context_observation,S5F2_energy,val,1580,10151,,0,0.06560308486223221,late_fusion
sprint9_multiseed_S8B_R2_seed7_S8B_R2_sequence_plus_context,S8B_R2_sequence_plus_context,1,gatv2_graph_c_sprint8b_sequence_plus_context,gatv2,graph_c_context_observation,S5F2_energy,val,1581,10151,,1,0.058660171926021576,late_fusion
sprint9_multiseed_S8B_R2_seed7_S8B_R2_sequence_plus_context,S8B_R2_sequence_plus_context,1,gatv2_graph_c_sprint8b_sequence_plus_context,gatv2,graph_c_context_observation,S5F2_energy,val,1582,10151,,0,0.058756425976753235,late_fusion
sprint9_multiseed_S8B_R2_seed7_S8B_R2_sequence_plus_context,S8B_R2_sequence_plus_context,1,gatv2_graph_c_sprint8b_sequence_plus_context,gatv2,graph_c_context_observation,S5F2_energy,val,1583,10151,,0,0.06528176367282867,late_fusion
sprint9_multiseed_S8B_R2_seed7_S8B_R2_sequence_plus_context,S8B_R2_sequence_plus_context,1,gatv2_graph_c_sprint8b_sequence_plus_context,gatv2,graph_c_context_observation,S5F2_energy,val,1584,10151,,0,0.07004299759864807,late_fusion
sprint9_multiseed_S8B_R2_seed7_S8B_R2_sequence_plus_context,S8B_R2_sequence_plus_context,1,gatv2_graph_c_sprint8b_sequence_plus_context,gatv2,graph_c_context_observation,S5F2_energy,val,1585,10151,,0,0.059518150985240936,late_fusion
sprint9_multiseed_S8B_R2_seed7_S8B_R2_sequence_plus_context,S8B_R2_sequence_plus_context,1,gatv2_graph_c_sprint8b_sequence_plus_context,gatv2,graph_c_context_observation,S5F2_energy,val,1586,10151,,0,0.0696004182100296,late_fusion
sprint9_multiseed_S8B_R2_seed7_S8B_R2_sequence_plus_context,S8B_R2_sequence_plus_context,1,gatv2_graph_c_sprint8b_sequence_plus_context,gatv2,graph_c_context_observation,S5F2_energy,val,1587,10151,,1,0.07288509607315063,late_fusion
sprint9_multiseed_S8B_R2_seed7_S8B_R2_sequence_plus_context,S8B_R2_sequence_plus_context,1,gatv2_graph_c_sprint8b_sequence_plus_context,gatv2,graph_c_context_observation,S5F2_energy,val,1588,10151,,1,0.06474956125020981,late_fusion
sprint9_multiseed_S8B_R2_seed7_S8B_R2_sequence_plus_context,S8B_R2_sequence_plus_context,1,gatv2_graph_c_sprint8b_sequence_plus_context,gatv2,graph_c_context_observation,S5F2_energy,val,1589,10151,,1,0.0694936066865921,late_fusion
sprint9_multiseed_S8B_R2_seed7_S8B_R2_sequence_plus_context,S8B_R2_sequence_plus_context,1,gatv2_graph_c_sprint8b_sequence_plus_context,gatv2,graph_c_context_observation,S5F2_energy,val,1590,10151,,0,0.0680185928940773,late_fusion
sprint9_multiseed_S8B_R2_seed7_S8B_R2_sequence_plus_context,S8B_R2_sequence_plus_context,1,gatv2_graph_c_sprint8b_sequence_plus_context,gatv2,graph_c_context_observation,S5F2_energy,val,1591,10151,,0,0.0651368498802185,late_fusion
sprint9_multiseed_S8B_R2_seed7_S8B_R2_sequence_plus_context,S8B_R2_sequence_plus_context,1,gatv2_graph_c_sprint8b_sequence_plus_context,gatv2,graph_c_context_observation,S5F2_energy,val,1592,10151,,0,0.06888079643249512,late_fusion
sprint9_multiseed_S8B_R2_seed7_S8B_R2_sequence_plus_context,S8B_R2_sequence_plus_context,1,gatv2_graph_c_sprint8b_sequence_plus_context,gatv2,graph_c_context_observation,S5F2_energy,val,1593,10151,,1,0.07001294940710068,late_fusion
sprint9_multiseed_S8B_R2_seed7_S8B_R2_sequence_plus_context,S8B_R2_sequence_plus_context,1,gatv2_graph_c_sprint8b_sequence_plus_context,gatv2,graph_c_context_observation,S5F2_energy,val,1594,10151,,1,0.07424663752317429,late_fusion
sprint9_multiseed_S8B_R2_seed7_S8B_R2_sequence_plus_context,S8B_R2_sequence_plus_context,1,gatv2_graph_c_sprint8b_sequence_plus_context,gatv2,graph_c_context_observation,S5F2_energy,val,1595,10151,,0,0.05758022144436836,late_fusion
sprint9_multiseed_S8B_R2_seed7_S8B_R2_sequence_plus_context,S8B_R2_sequence_plus_context,1,gatv2_graph_c_sprint8b_sequence_plus_context,gatv2,graph_c_context_observation,S5F2_energy,val,1596,10151,,0,0.06805408746004105,late_fusion
sprint9_multiseed_S8B_R2_seed7_S8B_R2_sequence_plus_context,S8B_R2_sequence_plus_context,1,gatv2_graph_c_sprint8b_sequence_plus_context,gatv2,graph_c_context_observation,S5F2_energy,val,1597,10151,,0,0.056532859802246094,late_fusion
sprint9_multiseed_S8B_R2_seed7_S8B_R2_sequence_plus_context,S8B_R2_sequence_plus_context,1,gatv2_graph_c_sprint8b_sequence_plus_context,gatv2,graph_c_context_observation,S5F2_energy,val,1598,10151,,0,0.07473379373550415,late_fusion
sprint9_multiseed_S8B_R2_seed7_S8B_R2_sequence_plus_context,S8B_R2_sequence_plus_context,1,gatv2_graph_c_sprint8b_sequence_plus_context,gatv2,graph_c_context_observation,S5F2_energy,val,1599,10151,,1,0.06741118431091309,late_fusion
sprint9_multiseed_S8B_R2_seed7_S8B_R2_sequence_plus_context,S8B_R2_sequence_plus_context,1,gatv2_graph_c_sprint8b_sequence_plus_context,gatv2,graph_c_context_observation,S5F2_energy,val,1600,10151,,1,0.06673179566860199,late_fusion
sprint9_multiseed_S8B_R2_seed7_S8B_R2_sequence_plus_context,S8B_R2_sequence_plus_context,1,gatv2_graph_c_sprint8b_sequence_plus_context,gatv2,graph_c_context_observation,S5F2_energy,val,1601,10151,,1,0.06536697596311569,late_fusion
sprint9_multiseed_S8B_R2_seed7_S8B_R2_sequence_plus_context,S8B_R2_sequence_plus_context,1,gatv2_graph_c_sprint8b_sequence_plus_context,gatv2,graph_c_context_observation,S5F2_energy,val,1602,10151,,0,0.06653393805027008,late_fusion
sprint9_multiseed_S8B_R2_seed7_S8B_R2_sequence_plus_context,S8B_R2_sequence_plus_context,1,gatv2_graph_c_sprint8b_sequence_plus_context,gatv2,graph_c_context_observation,S5F2_energy,val,1603,10151,,1,0.0693696066737175,late_fusion
sprint9_multiseed_S8B_R2_seed7_S8B_R2_sequence_plus_context,S8B_R2_sequence_plus_context,1,gatv2_graph_c_sprint8b_sequence_plus_context,gatv2,graph_c_context_observation,S5F2_energy,val,1604,10151,,1,0.058808088302612305,late_fusion
sprint9_multiseed_S8B_R2_seed7_S8B_R2_sequence_plus_context,S8B_R2_sequence_plus_context,1,gatv2_graph_c_sprint8b_sequence_plus_context,gatv2,graph_c_context_observation,S5F2_energy,val,1605,10151,,1,0.06898783892393112,late_fusion
sprint9_multiseed_S8B_R2_seed7_S8B_R2_sequence_plus_context,S8B_R2_sequence_plus_context,1,gatv2_graph_c_sprint8b_sequence_plus_context,gatv2,graph_c_context_observation,S5F2_energy,val,1606,10151,,0,0.06924325972795486,late_fusion
sprint9_multiseed_S8B_R2_seed7_S8B_R2_sequence_plus_context,S8B_R2_sequence_plus_context,1,gatv2_graph_c_sprint8b_sequence_plus_context,gatv2,graph_c_context_observation,S5F2_energy,val,1607,10151,,0,0.06705095618963242,late_fusion
sprint9_multiseed_S8B_R2_seed7_S8B_R2_sequence_plus_context,S8B_R2_sequence_plus_context,1,gatv2_graph_c_sprint8b_sequence_plus_context,gatv2,graph_c_context_observation,S5F2_energy,val,1608,10151,,1,0.06848221272230148,late_fusion
sprint9_multiseed_S8B_R2_seed7_S8B_R2_sequence_plus_context,S8B_R2_sequence_plus_context,1,gatv2_graph_c_sprint8b_sequence_plus_context,gatv2,graph_c_context_observation,S5F2_energy,val,1609,10151,,1,0.061929330229759216,late_fusion
sprint9_multiseed_S8B_R2_seed7_S8B_R2_sequence_plus_context,S8B_R2_sequence_plus_context,1,gatv2_graph_c_sprint8b_sequence_plus_context,gatv2,graph_c_context_observation,S5F2_energy,val,1610,10151,,1,0.06942577660083771,late_fusion
sprint9_multiseed_S8B_R2_seed7_S8B_R2_sequence_plus_context,S8B_R2_sequence_plus_context,1,gatv2_graph_c_sprint8b_sequence_plus_context,gatv2,graph_c_context_observation,S5F2_energy,val,1611,10151,,0,0.06694471091032028,late_fusion
sprint9_multiseed_S8B_R2_seed7_S8B_R2_sequence_plus_context,S8B_R2_sequence_plus_context,1,gatv2_graph_c_sprint8b_sequence_plus_context,gatv2,graph_c_context_observation,S5F2_energy,val,1612,10151,,1,0.05842795968055725,late_fusion
sprint9_multiseed_S8B_R2_seed7_S8B_R2_sequence_plus_context,S8B_R2_sequence_plus_context,1,gatv2_graph_c_sprint8b_sequence_plus_context,gatv2,graph_c_context_observation,S5F2_energy,val,1613,10151,,0,0.058425143361091614,late_fusion
sprint9_multiseed_S8B_R2_seed7_S8B_R2_sequence_plus_context,S8B_R2_sequence_plus_context,1,gatv2_graph_c_sprint8b_sequence_plus_context,gatv2,graph_c_context_observation,S5F2_energy,val,1614,10151,,0,0.060098111629486084,late_fusion
sprint9_multiseed_S8B_R2_seed7_S8B_R2_sequence_plus_context,S8B_R2_sequence_plus_context,1,gatv2_graph_c_sprint8b_sequence_plus_context,gatv2,graph_c_context_observation,S5F2_energy,val,1615,10151,,1,0.06618180871009827,late_fusion
sprint9_multiseed_S8B_R2_seed7_S8B_R2_sequence_plus_context,S8B_R2_sequence_plus_context,1,gatv2_graph_c_sprint8b_sequence_plus_context,gatv2,graph_c_context_observation,S5F2_energy,val,1616,10151,,1,0.054963406175374985,late_fusion
sprint9_multiseed_S8B_R2_seed7_S8B_R2_sequence_plus_context,S8B_R2_sequence_plus_context,1,gatv2_graph_c_sprint8b_sequence_plus_context,gatv2,graph_c_context_observation,S5F2_energy,val,1617,10151,,1,0.06381810456514359,late_fusion
sprint9_multiseed_S8B_R2_seed7_S8B_R2_sequence_plus_context,S8B_R2_sequence_plus_context,1,gatv2_graph_c_sprint8b_sequence_plus_context,gatv2,graph_c_context_observation,S5F2_energy,val,1618,10151,,0,0.06106557324528694,late_fusion
sprint9_multiseed_S8B_R2_seed7_S8B_R2_sequence_plus_context,S8B_R2_sequence_plus_context,1,gatv2_graph_c_sprint8b_sequence_plus_context,gatv2,graph_c_context_observation,S5F2_energy,val,1619,10151,,0,0.06377334147691727,late_fusion
sprint9_multiseed_S8B_R2_seed7_S8B_R2_sequence_plus_context,S8B_R2_sequence_plus_context,1,gatv2_graph_c_sprint8b_sequence_plus_context,gatv2,graph_c_context_observation,S5F2_energy,val,1620,10151,,0,0.0741632729768753,late_fusion
sprint9_multiseed_S8B_R2_seed7_S8B_R2_sequence_plus_context,S8B_R2_sequence_plus_context,1,gatv2_graph_c_sprint8b_sequence_plus_context,gatv2,graph_c_context_observation,S5F2_energy,val,1621,10151,,1,0.06999946385622025,late_fusion
sprint9_multiseed_S8B_R2_seed7_S8B_R2_sequence_plus_context,S8B_R2_sequence_plus_context,1,gatv2_graph_c_sprint8b_sequence_plus_context,gatv2,graph_c_context_observation,S5F2_energy,val,1622,10151,,0,0.059345971792936325,late_fusion
sprint9_multiseed_S8B_R2_seed7_S8B_R2_sequence_plus_context,S8B_R2_sequence_plus_context,1,gatv2_graph_c_sprint8b_sequence_plus_context,gatv2,graph_c_context_observation,S5F2_energy,val,1623,10151,,0,0.06604016572237015,late_fusion
sprint9_multiseed_S8B_R2_seed7_S8B_R2_sequence_plus_context,S8B_R2_sequence_plus_context,1,gatv2_graph_c_sprint8b_sequence_plus_context,gatv2,graph_c_context_observation,S5F2_energy,val,1624,10151,,0,0.06668473035097122,late_fusion
sprint9_multiseed_S8B_R2_seed7_S8B_R2_sequence_plus_context,S8B_R2_sequence_plus_context,1,gatv2_graph_c_sprint8b_sequence_plus_context,gatv2,graph_c_context_observation,S5F2_energy,val,1625,10151,,1,0.06500574201345444,late_fusion
sprint9_multiseed_S8B_R2_seed7_S8B_R2_sequence_plus_context,S8B_R2_sequence_plus_context,1,gatv2_graph_c_sprint8b_sequence_plus_context,gatv2,graph_c_context_observation,S5F2_energy,val,1626,10151,,1,0.06826359033584595,late_fusion
sprint9_multiseed_S8B_R2_seed7_S8B_R2_sequence_plus_context,S8B_R2_sequence_plus_context,1,gatv2_graph_c_sprint8b_sequence_plus_context,gatv2,graph_c_context_observation,S5F2_energy,val,1627,10151,,0,0.07121273875236511,late_fusion
sprint9_multiseed_S8B_R2_seed7_S8B_R2_sequence_plus_context,S8B_R2_sequence_plus_context,1,gatv2_graph_c_sprint8b_sequence_plus_context,gatv2,graph_c_context_observation,S5F2_energy,val,1628,10151,,0,0.05946331098675728,late_fusion
sprint9_multiseed_S8B_R2_seed7_S8B_R2_sequence_plus_context,S8B_R2_sequence_plus_context,1,gatv2_graph_c_sprint8b_sequence_plus_context,gatv2,graph_c_context_observation,S5F2_energy,val,1629,10151,,1,0.06490299105644226,late_fusion
sprint9_multiseed_S8B_R2_seed7_S8B_R2_sequence_plus_context,S8B_R2_sequence_plus_context,1,gatv2_graph_c_sprint8b_sequence_plus_context,gatv2,graph_c_context_observation,S5F2_energy,val,1630,10151,,0,0.05980653315782547,late_fusion
sprint9_multiseed_S8B_R2_seed7_S8B_R2_sequence_plus_context,S8B_R2_sequence_plus_context,1,gatv2_graph_c_sprint8b_sequence_plus_context,gatv2,graph_c_context_observation,S5F2_energy,val,1631,10151,,0,0.06469585746526718,late_fusion
sprint9_multiseed_S8B_R2_seed7_S8B_R2_sequence_plus_context,S8B_R2_sequence_plus_context,1,gatv2_graph_c_sprint8b_sequence_plus_context,gatv2,graph_c_context_observation,S5F2_energy,val,1632,10151,,0,0.07012075185775757,late_fusion
sprint9_multiseed_S8B_R2_seed7_S8B_R2_sequence_plus_context,S8B_R2_sequence_plus_context,1,gatv2_graph_c_sprint8b_sequence_plus_context,gatv2,graph_c_context_observation,S5F2_energy,val,1633,10151,,0,0.06708882004022598,late_fusion
sprint9_multiseed_S8B_R2_seed7_S8B_R2_sequence_plus_context,S8B_R2_sequence_plus_context,1,gatv2_graph_c_sprint8b_sequence_plus_context,gatv2,graph_c_context_observation,S5F2_energy,val,1634,10151,,0,0.06762005388736725,late_fusion
sprint9_multiseed_S8B_R2_seed7_S8B_R2_sequence_plus_context,S8B_R2_sequence_plus_context,1,gatv2_graph_c_sprint8b_sequence_plus_context,gatv2,graph_c_context_observation,S5F2_energy,val,1635,10151,,1,0.06659580022096634,late_fusion
sprint9_multiseed_S8B_R2_seed7_S8B_R2_sequence_plus_context,S8B_R2_sequence_plus_context,1,gatv2_graph_c_sprint8b_sequence_plus_context,gatv2,graph_c_context_observation,S5F2_energy,val,1636,10575,,1,0.3794999122619629,late_fusion
sprint9_multiseed_S8B_R2_seed7_S8B_R2_sequence_plus_context,S8B_R2_sequence_plus_context,1,gatv2_graph_c_sprint8b_sequence_plus_context,gatv2,graph_c_context_observation,S5F2_energy,val,1637,10575,,1,0.24555665254592896,late_fusion
sprint9_multiseed_S8B_R2_seed7_S8B_R2_sequence_plus_context,S8B_R2_sequence_plus_context,1,gatv2_graph_c_sprint8b_sequence_plus_context,gatv2,graph_c_context_observation,S5F2_energy,val,1638,10575,,0,0.21900536119937897,late_fusion
sprint9_multiseed_S8B_R2_seed7_S8B_R2_sequence_plus_context,S8B_R2_sequence_plus_context,1,gatv2_graph_c_sprint8b_sequence_plus_context,gatv2,graph_c_context_observation,S5F2_energy,val,1639,10575,,1,0.24982553720474243,late_fusion
sprint9_multiseed_S8B_R2_seed7_S8B_R2_sequence_plus_context,S8B_R2_sequence_plus_context,1,gatv2_graph_c_sprint8b_sequence_plus_context,gatv2,graph_c_context_observation,S5F2_energy,val,1640,10799,,1,0.951357364654541,late_fusion
sprint9_multiseed_S8B_R2_seed7_S8B_R2_sequence_plus_context,S8B_R2_sequence_plus_context,1,gatv2_graph_c_sprint8b_sequence_plus_context,gatv2,graph_c_context_observation,S5F2_energy,val,1641,10799,,1,0.45218929648399353,late_fusion
sprint9_multiseed_S8B_R2_seed7_S8B_R2_sequence_plus_context,S8B_R2_sequence_plus_context,1,gatv2_graph_c_sprint8b_sequence_plus_context,gatv2,graph_c_context_observation,S5F2_energy,val,1642,10799,,1,0.5449856519699097,late_fusion
sprint9_multiseed_S8B_R2_seed7_S8B_R2_sequence_plus_context,S8B_R2_sequence_plus_context,1,gatv2_graph_c_sprint8b_sequence_plus_context,gatv2,graph_c_context_observation,S5F2_energy,val,1643,10799,,1,0.38442566990852356,late_fusion
sprint9_multiseed_S8B_R2_seed7_S8B_R2_sequence_plus_context,S8B_R2_sequence_plus_context,1,gatv2_graph_c_sprint8b_sequence_plus_context,gatv2,graph_c_context_observation,S5F2_energy,val,1644,10799,,1,0.6098158359527588,late_fusion
sprint9_multiseed_S8B_R2_seed7_S8B_R2_sequence_plus_context,S8B_R2_sequence_plus_context,1,gatv2_graph_c_sprint8b_sequence_plus_context,gatv2,graph_c_context_observation,S5F2_energy,val,1645,10799,,1,0.45622482895851135,late_fusion
sprint9_multiseed_S8B_R2_seed7_S8B_R2_sequence_plus_context,S8B_R2_sequence_plus_context,1,gatv2_graph_c_sprint8b_sequence_plus_context,gatv2,graph_c_context_observation,S5F2_energy,val,1646,10799,,1,0.31895458698272705,late_fusion
sprint9_multiseed_S8B_R2_seed7_S8B_R2_sequence_plus_context,S8B_R2_sequence_plus_context,1,gatv2_graph_c_sprint8b_sequence_plus_context,gatv2,graph_c_context_observation,S5F2_energy,val,1647,10799,,1,0.40148645639419556,late_fusion
sprint9_multiseed_S8B_R2_seed7_S8B_R2_sequence_plus_context,S8B_R2_sequence_plus_context,1,gatv2_graph_c_sprint8b_sequence_plus_context,gatv2,graph_c_context_observation,S5F2_energy,val,1648,10799,,1,0.39076322317123413,late_fusion
sprint9_multiseed_S8B_R2_seed7_S8B_R2_sequence_plus_context,S8B_R2_sequence_plus_context,1,gatv2_graph_c_sprint8b_sequence_plus_context,gatv2,graph_c_context_observation,S5F2_energy,val,1649,10799,,0,0.2876633405685425,late_fusion
sprint9_multiseed_S8B_R2_seed7_S8B_R2_sequence_plus_context,S8B_R2_sequence_plus_context,1,gatv2_graph_c_sprint8b_sequence_plus_context,gatv2,graph_c_context_observation,S5F2_energy,val,1650,10799,,1,0.2720297873020172,late_fusion
sprint9_multiseed_S8B_R2_seed7_S8B_R2_sequence_plus_context,S8B_R2_sequence_plus_context,1,gatv2_graph_c_sprint8b_sequence_plus_context,gatv2,graph_c_context_observation,S5F2_energy,val,1651,10799,,1,0.3534289002418518,late_fusion
sprint9_multiseed_S8B_R2_seed7_S8B_R2_sequence_plus_context,S8B_R2_sequence_plus_context,1,gatv2_graph_c_sprint8b_sequence_plus_context,gatv2,graph_c_context_observation,S5F2_energy,val,1652,10799,,1,0.4446251690387726,late_fusion
sprint9_multiseed_S8B_R2_seed7_S8B_R2_sequence_plus_context,S8B_R2_sequence_plus_context,1,gatv2_graph_c_sprint8b_sequence_plus_context,gatv2,graph_c_context_observation,S5F2_energy,val,1653,10799,,1,0.5894264578819275,late_fusion
sprint9_multiseed_S8B_R2_seed7_S8B_R2_sequence_plus_context,S8B_R2_sequence_plus_context,1,gatv2_graph_c_sprint8b_sequence_plus_context,gatv2,graph_c_context_observation,S5F2_energy,val,1654,10799,,0,0.39619943499565125,late_fusion
sprint9_multiseed_S8B_R2_seed7_S8B_R2_sequence_plus_context,S8B_R2_sequence_plus_context,1,gatv2_graph_c_sprint8b_sequence_plus_context,gatv2,graph_c_context_observation,S5F2_energy,val,1655,10799,,1,0.31477484107017517,late_fusion
sprint9_multiseed_S8B_R2_seed7_S8B_R2_sequence_plus_context,S8B_R2_sequence_plus_context,1,gatv2_graph_c_sprint8b_sequence_plus_context,gatv2,graph_c_context_observation,S5F2_energy,val,1656,10799,,1,0.3543166220188141,late_fusion
sprint9_multiseed_S8B_R2_seed7_S8B_R2_sequence_plus_context,S8B_R2_sequence_plus_context,1,gatv2_graph_c_sprint8b_sequence_plus_context,gatv2,graph_c_context_observation,S5F2_energy,val,1657,10799,,1,0.537525475025177,late_fusion
sprint9_multiseed_S8B_R2_seed7_S8B_R2_sequence_plus_context,S8B_R2_sequence_plus_context,1,gatv2_graph_c_sprint8b_sequence_plus_context,gatv2,graph_c_context_observation,S5F2_energy,val,1658,10799,,1,0.2313379943370819,late_fusion
sprint9_multiseed_S8B_R2_seed7_S8B_R2_sequence_plus_context,S8B_R2_sequence_plus_context,1,gatv2_graph_c_sprint8b_sequence_plus_context,gatv2,graph_c_context_observation,S5F2_energy,val,1659,10799,,1,0.5679177641868591,late_fusion
sprint9_multiseed_S8B_R2_seed7_S8B_R2_sequence_plus_context,S8B_R2_sequence_plus_context,1,gatv2_graph_c_sprint8b_sequence_plus_context,gatv2,graph_c_context_observation,S5F2_energy,val,1660,10799,,1,0.31203413009643555,late_fusion
sprint9_multiseed_S8B_R2_seed7_S8B_R2_sequence_plus_context,S8B_R2_sequence_plus_context,1,gatv2_graph_c_sprint8b_sequence_plus_context,gatv2,graph_c_context_observation,S5F2_energy,val,1661,10799,,1,0.2329946756362915,late_fusion
sprint9_multiseed_S8B_R2_seed7_S8B_R2_sequence_plus_context,S8B_R2_sequence_plus_context,1,gatv2_graph_c_sprint8b_sequence_plus_context,gatv2,graph_c_context_observation,S5F2_energy,val,1662,10799,,1,0.3437057137489319,late_fusion
sprint9_multiseed_S8B_R2_seed7_S8B_R2_sequence_plus_context,S8B_R2_sequence_plus_context,1,gatv2_graph_c_sprint8b_sequence_plus_context,gatv2,graph_c_context_observation,S5F2_energy,val,1663,10799,,1,0.37092602252960205,late_fusion
sprint9_multiseed_S8B_R2_seed7_S8B_R2_sequence_plus_context,S8B_R2_sequence_plus_context,1,gatv2_graph_c_sprint8b_sequence_plus_context,gatv2,graph_c_context_observation,S5F2_energy,val,1664,10799,,1,0.3772486448287964,late_fusion
sprint9_multiseed_S8B_R2_seed7_S8B_R2_sequence_plus_context,S8B_R2_sequence_plus_context,1,gatv2_graph_c_sprint8b_sequence_plus_context,gatv2,graph_c_context_observation,S5F2_energy,val,1665,10799,,1,0.3424258530139923,late_fusion
sprint9_multiseed_S8B_R2_seed7_S8B_R2_sequence_plus_context,S8B_R2_sequence_plus_context,1,gatv2_graph_c_sprint8b_sequence_plus_context,gatv2,graph_c_context_observation,S5F2_energy,val,1666,10799,,1,0.41889894008636475,late_fusion
sprint9_multiseed_S8B_R2_seed7_S8B_R2_sequence_plus_context,S8B_R2_sequence_plus_context,1,gatv2_graph_c_sprint8b_sequence_plus_context,gatv2,graph_c_context_observation,S5F2_energy,val,1667,10799,,1,0.2919647991657257,late_fusion
sprint9_multiseed_S8B_R2_seed7_S8B_R2_sequence_plus_context,S8B_R2_sequence_plus_context,1,gatv2_graph_c_sprint8b_sequence_plus_context,gatv2,graph_c_context_observation,S5F2_energy,val,1668,10843,,1,0.275149405002594,late_fusion
sprint9_multiseed_S8B_R2_seed7_S8B_R2_sequence_plus_context,S8B_R2_sequence_plus_context,1,gatv2_graph_c_sprint8b_sequence_plus_context,gatv2,graph_c_context_observation,S5F2_energy,val,1669,10843,,1,0.13501179218292236,late_fusion
sprint9_multiseed_S8B_R2_seed7_S8B_R2_sequence_plus_context,S8B_R2_sequence_plus_context,1,gatv2_graph_c_sprint8b_sequence_plus_context,gatv2,graph_c_context_observation,S5F2_energy,val,1670,10843,,1,0.12121499329805374,late_fusion
sprint9_multiseed_S8B_R2_seed7_S8B_R2_sequence_plus_context,S8B_R2_sequence_plus_context,1,gatv2_graph_c_sprint8b_sequence_plus_context,gatv2,graph_c_context_observation,S5F2_energy,val,1671,10843,,1,0.14085207879543304,late_fusion
sprint9_multiseed_S8B_R2_seed7_S8B_R2_sequence_plus_context,S8B_R2_sequence_plus_context,1,gatv2_graph_c_sprint8b_sequence_plus_context,gatv2,graph_c_context_observation,S5F2_energy,val,1672,10843,,1,0.13630548119544983,late_fusion
sprint9_multiseed_S8B_R2_seed7_S8B_R2_sequence_plus_context,S8B_R2_sequence_plus_context,1,gatv2_graph_c_sprint8b_sequence_plus_context,gatv2,graph_c_context_observation,S5F2_energy,val,1673,10843,,1,0.10749643296003342,late_fusion
sprint9_multiseed_S8B_R2_seed7_S8B_R2_sequence_plus_context,S8B_R2_sequence_plus_context,1,gatv2_graph_c_sprint8b_sequence_plus_context,gatv2,graph_c_context_observation,S5F2_energy,val,1674,10843,,1,0.11489520221948624,late_fusion
sprint9_multiseed_S8B_R2_seed7_S8B_R2_sequence_plus_context,S8B_R2_sequence_plus_context,1,gatv2_graph_c_sprint8b_sequence_plus_context,gatv2,graph_c_context_observation,S5F2_energy,val,1675,10843,,1,0.16637776792049408,late_fusion
sprint9_multiseed_S8B_R2_seed7_S8B_R2_sequence_plus_context,S8B_R2_sequence_plus_context,1,gatv2_graph_c_sprint8b_sequence_plus_context,gatv2,graph_c_context_observation,S5F2_energy,val,1676,10843,,1,0.10140945762395859,late_fusion
sprint9_multiseed_S8B_R2_seed7_S8B_R2_sequence_plus_context,S8B_R2_sequence_plus_context,1,gatv2_graph_c_sprint8b_sequence_plus_context,gatv2,graph_c_context_observation,S5F2_energy,val,1677,10843,,1,0.13209520280361176,late_fusion
sprint9_multiseed_S8B_R2_seed7_S8B_R2_sequence_plus_context,S8B_R2_sequence_plus_context,1,gatv2_graph_c_sprint8b_sequence_plus_context,gatv2,graph_c_context_observation,S5F2_energy,val,1678,10843,,1,0.12538276612758636,late_fusion
sprint9_multiseed_S8B_R2_seed7_S8B_R2_sequence_plus_context,S8B_R2_sequence_plus_context,1,gatv2_graph_c_sprint8b_sequence_plus_context,gatv2,graph_c_context_observation,S5F2_energy,val,1679,10843,,1,0.10939979553222656,late_fusion
sprint9_multiseed_S8B_R2_seed7_S8B_R2_sequence_plus_context,S8B_R2_sequence_plus_context,1,gatv2_graph_c_sprint8b_sequence_plus_context,gatv2,graph_c_context_observation,S5F2_energy,val,1680,10843,,0,0.09524616599082947,late_fusion
sprint9_multiseed_S8B_R2_seed7_S8B_R2_sequence_plus_context,S8B_R2_sequence_plus_context,1,gatv2_graph_c_sprint8b_sequence_plus_context,gatv2,graph_c_context_observation,S5F2_energy,val,1681,10856,,1,0.9582029581069946,late_fusion
sprint9_multiseed_S8B_R2_seed7_S8B_R2_sequence_plus_context,S8B_R2_sequence_plus_context,1,gatv2_graph_c_sprint8b_sequence_plus_context,gatv2,graph_c_context_observation,S5F2_energy,val,1682,10856,,1,0.8062623143196106,late_fusion
sprint9_multiseed_S8B_R2_seed7_S8B_R2_sequence_plus_context,S8B_R2_sequence_plus_context,1,gatv2_graph_c_sprint8b_sequence_plus_context,gatv2,graph_c_context_observation,S5F2_energy,val,1683,10856,,1,0.6634499430656433,late_fusion
sprint9_multiseed_S8B_R2_seed7_S8B_R2_sequence_plus_context,S8B_R2_sequence_plus_context,1,gatv2_graph_c_sprint8b_sequence_plus_context,gatv2,graph_c_context_observation,S5F2_energy,val,1684,10856,,1,0.6975290775299072,late_fusion
sprint9_multiseed_S8B_R2_seed7_S8B_R2_sequence_plus_context,S8B_R2_sequence_plus_context,1,gatv2_graph_c_sprint8b_sequence_plus_context,gatv2,graph_c_context_observation,S5F2_energy,val,1685,10856,,1,0.24283157289028168,late_fusion
sprint9_multiseed_S8B_R2_seed7_S8B_R2_sequence_plus_context,S8B_R2_sequence_plus_context,1,gatv2_graph_c_sprint8b_sequence_plus_context,gatv2,graph_c_context_observation,S5F2_energy,val,1686,10856,,1,0.36090993881225586,late_fusion
sprint9_multiseed_S8B_R2_seed7_S8B_R2_sequence_plus_context,S8B_R2_sequence_plus_context,1,gatv2_graph_c_sprint8b_sequence_plus_context,gatv2,graph_c_context_observation,S5F2_energy,val,1687,10856,,1,0.4061526358127594,late_fusion
sprint9_multiseed_S8B_R2_seed7_S8B_R2_sequence_plus_context,S8B_R2_sequence_plus_context,1,gatv2_graph_c_sprint8b_sequence_plus_context,gatv2,graph_c_context_observation,S5F2_energy,val,1688,10856,,1,0.20257994532585144,late_fusion
sprint9_multiseed_S8B_R2_seed7_S8B_R2_sequence_plus_context,S8B_R2_sequence_plus_context,1,gatv2_graph_c_sprint8b_sequence_plus_context,gatv2,graph_c_context_observation,S5F2_energy,val,1689,10856,,1,0.15596476197242737,late_fusion
sprint9_multiseed_S8B_R2_seed7_S8B_R2_sequence_plus_context,S8B_R2_sequence_plus_context,1,gatv2_graph_c_sprint8b_sequence_plus_context,gatv2,graph_c_context_observation,S5F2_energy,val,1690,10856,,1,0.5509414672851562,late_fusion
sprint9_multiseed_S8B_R2_seed7_S8B_R2_sequence_plus_context,S8B_R2_sequence_plus_context,1,gatv2_graph_c_sprint8b_sequence_plus_context,gatv2,graph_c_context_observation,S5F2_energy,val,1691,10856,,1,0.23618890345096588,late_fusion
sprint9_multiseed_S8B_R2_seed7_S8B_R2_sequence_plus_context,S8B_R2_sequence_plus_context,1,gatv2_graph_c_sprint8b_sequence_plus_context,gatv2,graph_c_context_observation,S5F2_energy,val,1692,10962,,1,0.9716861248016357,late_fusion
sprint9_multiseed_S8B_R2_seed7_S8B_R2_sequence_plus_context,S8B_R2_sequence_plus_context,1,gatv2_graph_c_sprint8b_sequence_plus_context,gatv2,graph_c_context_observation,S5F2_energy,val,1693,10962,,1,0.9946717619895935,late_fusion
sprint9_multiseed_S8B_R2_seed7_S8B_R2_sequence_plus_context,S8B_R2_sequence_plus_context,1,gatv2_graph_c_sprint8b_sequence_plus_context,gatv2,graph_c_context_observation,S5F2_energy,val,1694,10962,,1,0.9734988212585449,late_fusion
sprint9_multiseed_S8B_R2_seed7_S8B_R2_sequence_plus_context,S8B_R2_sequence_plus_context,1,gatv2_graph_c_sprint8b_sequence_plus_context,gatv2,graph_c_context_observation,S5F2_energy,val,1695,10962,,1,0.9802290201187134,late_fusion
sprint9_multiseed_S8B_R2_seed7_S8B_R2_sequence_plus_context,S8B_R2_sequence_plus_context,1,gatv2_graph_c_sprint8b_sequence_plus_context,gatv2,graph_c_context_observation,S5F2_energy,val,1696,10962,,1,0.914154589176178,late_fusion
sprint9_multiseed_S8B_R2_seed7_S8B_R2_sequence_plus_context,S8B_R2_sequence_plus_context,1,gatv2_graph_c_sprint8b_sequence_plus_context,gatv2,graph_c_context_observation,S5F2_energy,val,1697,10962,,1,0.9420404434204102,late_fusion
sprint9_multiseed_S8B_R2_seed7_S8B_R2_sequence_plus_context,S8B_R2_sequence_plus_context,1,gatv2_graph_c_sprint8b_sequence_plus_context,gatv2,graph_c_context_observation,S5F2_energy,val,1698,10962,,1,0.933989942073822,late_fusion
sprint9_multiseed_S8B_R2_seed7_S8B_R2_sequence_plus_context,S8B_R2_sequence_plus_context,1,gatv2_graph_c_sprint8b_sequence_plus_context,gatv2,graph_c_context_observation,S5F2_energy,val,1699,11040,,1,0.9965487122535706,late_fusion
sprint9_multiseed_S8B_R2_seed7_S8B_R2_sequence_plus_context,S8B_R2_sequence_plus_context,1,gatv2_graph_c_sprint8b_sequence_plus_context,gatv2,graph_c_context_observation,S5F2_energy,val,1700,11040,,1,0.9868988990783691,late_fusion
sprint9_multiseed_S8B_R2_seed7_S8B_R2_sequence_plus_context,S8B_R2_sequence_plus_context,1,gatv2_graph_c_sprint8b_sequence_plus_context,gatv2,graph_c_context_observation,S5F2_energy,val,1701,11040,,1,0.9870216250419617,late_fusion
sprint9_multiseed_S8B_R2_seed7_S8B_R2_sequence_plus_context,S8B_R2_sequence_plus_context,1,gatv2_graph_c_sprint8b_sequence_plus_context,gatv2,graph_c_context_observation,S5F2_energy,val,1702,11040,,1,0.971204400062561,late_fusion
sprint9_multiseed_S8B_R2_seed7_S8B_R2_sequence_plus_context,S8B_R2_sequence_plus_context,1,gatv2_graph_c_sprint8b_sequence_plus_context,gatv2,graph_c_context_observation,S5F2_energy,val,1703,11040,,1,0.9583896398544312,late_fusion
sprint9_multiseed_S8B_R2_seed7_S8B_R2_sequence_plus_context,S8B_R2_sequence_plus_context,1,gatv2_graph_c_sprint8b_sequence_plus_context,gatv2,graph_c_context_observation,S5F2_energy,val,1704,11040,,1,0.9821138978004456,late_fusion
sprint9_multiseed_S8B_R2_seed7_S8B_R2_sequence_plus_context,S8B_R2_sequence_plus_context,1,gatv2_graph_c_sprint8b_sequence_plus_context,gatv2,graph_c_context_observation,S5F2_energy,val,1705,11040,,1,0.9889219999313354,late_fusion
sprint9_multiseed_S8B_R2_seed7_S8B_R2_sequence_plus_context,S8B_R2_sequence_plus_context,1,gatv2_graph_c_sprint8b_sequence_plus_context,gatv2,graph_c_context_observation,S5F2_energy,val,1706,11040,,1,0.9601867198944092,late_fusion
sprint9_multiseed_S8B_R2_seed7_S8B_R2_sequence_plus_context,S8B_R2_sequence_plus_context,1,gatv2_graph_c_sprint8b_sequence_plus_context,gatv2,graph_c_context_observation,S5F2_energy,val,1707,11040,,1,0.9826723337173462,late_fusion
sprint9_multiseed_S8B_R2_seed7_S8B_R2_sequence_plus_context,S8B_R2_sequence_plus_context,1,gatv2_graph_c_sprint8b_sequence_plus_context,gatv2,graph_c_context_observation,S5F2_energy,val,1708,11065,,1,0.6562885046005249,late_fusion
sprint9_multiseed_S8B_R2_seed7_S8B_R2_sequence_plus_context,S8B_R2_sequence_plus_context,1,gatv2_graph_c_sprint8b_sequence_plus_context,gatv2,graph_c_context_observation,S5F2_energy,val,1709,11065,,1,0.660149872303009,late_fusion
sprint9_multiseed_S8B_R2_seed7_S8B_R2_sequence_plus_context,S8B_R2_sequence_plus_context,1,gatv2_graph_c_sprint8b_sequence_plus_context,gatv2,graph_c_context_observation,S5F2_energy,val,1710,11065,,1,0.42086437344551086,late_fusion
sprint9_multiseed_S8B_R2_seed7_S8B_R2_sequence_plus_context,S8B_R2_sequence_plus_context,1,gatv2_graph_c_sprint8b_sequence_plus_context,gatv2,graph_c_context_observation,S5F2_energy,val,1711,11065,,1,0.2473313808441162,late_fusion
sprint9_multiseed_S8B_R2_seed7_S8B_R2_sequence_plus_context,S8B_R2_sequence_plus_context,1,gatv2_graph_c_sprint8b_sequence_plus_context,gatv2,graph_c_context_observation,S5F2_energy,val,1712,11065,,1,0.2657964825630188,late_fusion
sprint9_multiseed_S8B_R2_seed7_S8B_R2_sequence_plus_context,S8B_R2_sequence_plus_context,1,gatv2_graph_c_sprint8b_sequence_plus_context,gatv2,graph_c_context_observation,S5F2_energy,val,1713,11065,,1,0.24228543043136597,late_fusion
sprint9_multiseed_S8B_R2_seed7_S8B_R2_sequence_plus_context,S8B_R2_sequence_plus_context,1,gatv2_graph_c_sprint8b_sequence_plus_context,gatv2,graph_c_context_observation,S5F2_energy,val,1714,11065,,1,0.2230376899242401,late_fusion
sprint9_multiseed_S8B_R2_seed7_S8B_R2_sequence_plus_context,S8B_R2_sequence_plus_context,1,gatv2_graph_c_sprint8b_sequence_plus_context,gatv2,graph_c_context_observation,S5F2_energy,val,1715,11065,,1,0.22643786668777466,late_fusion
sprint9_multiseed_S8B_R2_seed7_S8B_R2_sequence_plus_context,S8B_R2_sequence_plus_context,1,gatv2_graph_c_sprint8b_sequence_plus_context,gatv2,graph_c_context_observation,S5F2_energy,val,1716,11065,,1,0.36884185671806335,late_fusion
sprint9_multiseed_S8B_R2_seed7_S8B_R2_sequence_plus_context,S8B_R2_sequence_plus_context,1,gatv2_graph_c_sprint8b_sequence_plus_context,gatv2,graph_c_context_observation,S5F2_energy,val,1717,11065,,1,0.26600325107574463,late_fusion
sprint9_multiseed_S8B_R2_seed7_S8B_R2_sequence_plus_context,S8B_R2_sequence_plus_context,1,gatv2_graph_c_sprint8b_sequence_plus_context,gatv2,graph_c_context_observation,S5F2_energy,val,1718,11065,,1,0.2415163666009903,late_fusion
sprint9_multiseed_S8B_R2_seed7_S8B_R2_sequence_plus_context,S8B_R2_sequence_plus_context,1,gatv2_graph_c_sprint8b_sequence_plus_context,gatv2,graph_c_context_observation,S5F2_energy,val,1719,11065,,1,0.3290863633155823,late_fusion
sprint9_multiseed_S8B_R2_seed7_S8B_R2_sequence_plus_context,S8B_R2_sequence_plus_context,1,gatv2_graph_c_sprint8b_sequence_plus_context,gatv2,graph_c_context_observation,S5F2_energy,val,1720,11065,,1,0.5200682878494263,late_fusion
sprint9_multiseed_S8B_R2_seed7_S8B_R2_sequence_plus_context,S8B_R2_sequence_plus_context,1,gatv2_graph_c_sprint8b_sequence_plus_context,gatv2,graph_c_context_observation,S5F2_energy,val,1721,11065,,1,0.21057799458503723,late_fusion
sprint9_multiseed_S8B_R2_seed7_S8B_R2_sequence_plus_context,S8B_R2_sequence_plus_context,1,gatv2_graph_c_sprint8b_sequence_plus_context,gatv2,graph_c_context_observation,S5F2_energy,val,1722,11065,,1,0.20870806276798248,late_fusion
sprint9_multiseed_S8B_R2_seed7_S8B_R2_sequence_plus_context,S8B_R2_sequence_plus_context,1,gatv2_graph_c_sprint8b_sequence_plus_context,gatv2,graph_c_context_observation,S5F2_energy,val,1723,11065,,1,0.18077585101127625,late_fusion
sprint9_multiseed_S8B_R2_seed7_S8B_R2_sequence_plus_context,S8B_R2_sequence_plus_context,1,gatv2_graph_c_sprint8b_sequence_plus_context,gatv2,graph_c_context_observation,S5F2_energy,val,1724,11065,,1,0.29447662830352783,late_fusion
sprint9_multiseed_S8B_R2_seed7_S8B_R2_sequence_plus_context,S8B_R2_sequence_plus_context,1,gatv2_graph_c_sprint8b_sequence_plus_context,gatv2,graph_c_context_observation,S5F2_energy,val,1725,11065,,1,0.19423101842403412,late_fusion
sprint9_multiseed_S8B_R2_seed7_S8B_R2_sequence_plus_context,S8B_R2_sequence_plus_context,1,gatv2_graph_c_sprint8b_sequence_plus_context,gatv2,graph_c_context_observation,S5F2_energy,val,1726,11065,,1,0.2733103930950165,late_fusion
sprint9_multiseed_S8B_R2_seed7_S8B_R2_sequence_plus_context,S8B_R2_sequence_plus_context,1,gatv2_graph_c_sprint8b_sequence_plus_context,gatv2,graph_c_context_observation,S5F2_energy,val,1727,11065,,1,0.19298814237117767,late_fusion
sprint9_multiseed_S8B_R2_seed7_S8B_R2_sequence_plus_context,S8B_R2_sequence_plus_context,1,gatv2_graph_c_sprint8b_sequence_plus_context,gatv2,graph_c_context_observation,S5F2_energy,val,1728,11065,,1,0.2587040364742279,late_fusion
sprint9_multiseed_S8B_R2_seed7_S8B_R2_sequence_plus_context,S8B_R2_sequence_plus_context,1,gatv2_graph_c_sprint8b_sequence_plus_context,gatv2,graph_c_context_observation,S5F2_energy,val,1729,11065,,1,0.19101017713546753,late_fusion
sprint9_multiseed_S8B_R2_seed7_S8B_R2_sequence_plus_context,S8B_R2_sequence_plus_context,1,gatv2_graph_c_sprint8b_sequence_plus_context,gatv2,graph_c_context_observation,S5F2_energy,val,1730,11065,,1,0.2203059196472168,late_fusion
sprint9_multiseed_S8B_R2_seed7_S8B_R2_sequence_plus_context,S8B_R2_sequence_plus_context,1,gatv2_graph_c_sprint8b_sequence_plus_context,gatv2,graph_c_context_observation,S5F2_energy,val,1731,11065,,1,0.25463026762008667,late_fusion
sprint9_multiseed_S8B_R2_seed7_S8B_R2_sequence_plus_context,S8B_R2_sequence_plus_context,1,gatv2_graph_c_sprint8b_sequence_plus_context,gatv2,graph_c_context_observation,S5F2_energy,val,1732,11065,,1,0.18796312808990479,late_fusion
sprint9_multiseed_S8B_R2_seed7_S8B_R2_sequence_plus_context,S8B_R2_sequence_plus_context,1,gatv2_graph_c_sprint8b_sequence_plus_context,gatv2,graph_c_context_observation,S5F2_energy,val,1733,11065,,1,0.22261947393417358,late_fusion
sprint9_multiseed_S8B_R2_seed7_S8B_R2_sequence_plus_context,S8B_R2_sequence_plus_context,1,gatv2_graph_c_sprint8b_sequence_plus_context,gatv2,graph_c_context_observation,S5F2_energy,test,0,228,,1,0.16671258211135864,late_fusion
sprint9_multiseed_S8B_R2_seed7_S8B_R2_sequence_plus_context,S8B_R2_sequence_plus_context,1,gatv2_graph_c_sprint8b_sequence_plus_context,gatv2,graph_c_context_observation,S5F2_energy,test,1,228,,1,0.15707296133041382,late_fusion
sprint9_multiseed_S8B_R2_seed7_S8B_R2_sequence_plus_context,S8B_R2_sequence_plus_context,1,gatv2_graph_c_sprint8b_sequence_plus_context,gatv2,graph_c_context_observation,S5F2_energy,test,2,228,,0,0.08498132228851318,late_fusion
sprint9_multiseed_S8B_R2_seed7_S8B_R2_sequence_plus_context,S8B_R2_sequence_plus_context,1,gatv2_graph_c_sprint8b_sequence_plus_context,gatv2,graph_c_context_observation,S5F2_energy,test,3,228,,0,0.08505062758922577,late_fusion
sprint9_multiseed_S8B_R2_seed7_S8B_R2_sequence_plus_context,S8B_R2_sequence_plus_context,1,gatv2_graph_c_sprint8b_sequence_plus_context,gatv2,graph_c_context_observation,S5F2_energy,test,4,228,,1,0.13196492195129395,late_fusion
sprint9_multiseed_S8B_R2_seed7_S8B_R2_sequence_plus_context,S8B_R2_sequence_plus_context,1,gatv2_graph_c_sprint8b_sequence_plus_context,gatv2,graph_c_context_observation,S5F2_energy,test,5,228,,0,0.10698558390140533,late_fusion
sprint9_multiseed_S8B_R2_seed7_S8B_R2_sequence_plus_context,S8B_R2_sequence_plus_context,1,gatv2_graph_c_sprint8b_sequence_plus_context,gatv2,graph_c_context_observation,S5F2_energy,test,6,228,,0,0.0887727439403534,late_fusion
sprint9_multiseed_S8B_R2_seed7_S8B_R2_sequence_plus_context,S8B_R2_sequence_plus_context,1,gatv2_graph_c_sprint8b_sequence_plus_context,gatv2,graph_c_context_observation,S5F2_energy,test,7,228,,1,0.16325585544109344,late_fusion
sprint9_multiseed_S8B_R2_seed7_S8B_R2_sequence_plus_context,S8B_R2_sequence_plus_context,1,gatv2_graph_c_sprint8b_sequence_plus_context,gatv2,graph_c_context_observation,S5F2_energy,test,8,228,,0,0.11380674690008163,late_fusion
sprint9_multiseed_S8B_R2_seed7_S8B_R2_sequence_plus_context,S8B_R2_sequence_plus_context,1,gatv2_graph_c_sprint8b_sequence_plus_context,gatv2,graph_c_context_observation,S5F2_energy,test,9,228,,0,0.08702218532562256,late_fusion
sprint9_multiseed_S8B_R2_seed7_S8B_R2_sequence_plus_context,S8B_R2_sequence_plus_context,1,gatv2_graph_c_sprint8b_sequence_plus_context,gatv2,graph_c_context_observation,S5F2_energy,test,10,228,,1,0.09705056995153427,late_fusion
sprint9_multiseed_S8B_R2_seed7_S8B_R2_sequence_plus_context,S8B_R2_sequence_plus_context,1,gatv2_graph_c_sprint8b_sequence_plus_context,gatv2,graph_c_context_observation,S5F2_energy,test,11,228,,0,0.10544713586568832,late_fusion
sprint9_multiseed_S8B_R2_seed7_S8B_R2_sequence_plus_context,S8B_R2_sequence_plus_context,1,gatv2_graph_c_sprint8b_sequence_plus_context,gatv2,graph_c_context_observation,S5F2_energy,test,12,278,,1,0.9039574861526489,late_fusion
sprint9_multiseed_S8B_R2_seed7_S8B_R2_sequence_plus_context,S8B_R2_sequence_plus_context,1,gatv2_graph_c_sprint8b_sequence_plus_context,gatv2,graph_c_context_observation,S5F2_energy,test,13,278,,1,0.795647144317627,late_fusion
sprint9_multiseed_S8B_R2_seed7_S8B_R2_sequence_plus_context,S8B_R2_sequence_plus_context,1,gatv2_graph_c_sprint8b_sequence_plus_context,gatv2,graph_c_context_observation,S5F2_energy,test,14,278,,1,0.12521125376224518,late_fusion
sprint9_multiseed_S8B_R2_seed7_S8B_R2_sequence_plus_context,S8B_R2_sequence_plus_context,1,gatv2_graph_c_sprint8b_sequence_plus_context,gatv2,graph_c_context_observation,S5F2_energy,test,15,278,,1,0.86773681640625,late_fusion
sprint9_multiseed_S8B_R2_seed7_S8B_R2_sequence_plus_context,S8B_R2_sequence_plus_context,1,gatv2_graph_c_sprint8b_sequence_plus_context,gatv2,graph_c_context_observation,S5F2_energy,test,16,278,,1,0.10460866987705231,late_fusion
sprint9_multiseed_S8B_R2_seed7_S8B_R2_sequence_plus_context,S8B_R2_sequence_plus_context,1,gatv2_graph_c_sprint8b_sequence_plus_context,gatv2,graph_c_context_observation,S5F2_energy,test,17,278,,1,0.12591977417469025,late_fusion
sprint9_multiseed_S8B_R2_seed7_S8B_R2_sequence_plus_context,S8B_R2_sequence_plus_context,1,gatv2_graph_c_sprint8b_sequence_plus_context,gatv2,graph_c_context_observation,S5F2_energy,test,18,278,,1,0.12664806842803955,late_fusion
sprint9_multiseed_S8B_R2_seed7_S8B_R2_sequence_plus_context,S8B_R2_sequence_plus_context,1,gatv2_graph_c_sprint8b_sequence_plus_context,gatv2,graph_c_context_observation,S5F2_energy,test,19,278,,1,0.28266531229019165,late_fusion
sprint9_multiseed_S8B_R2_seed7_S8B_R2_sequence_plus_context,S8B_R2_sequence_plus_context,1,gatv2_graph_c_sprint8b_sequence_plus_context,gatv2,graph_c_context_observation,S5F2_energy,test,20,278,,1,0.2778579592704773,late_fusion
sprint9_multiseed_S8B_R2_seed7_S8B_R2_sequence_plus_context,S8B_R2_sequence_plus_context,1,gatv2_graph_c_sprint8b_sequence_plus_context,gatv2,graph_c_context_observation,S5F2_energy,test,21,278,,1,0.4541255831718445,late_fusion
sprint9_multiseed_S8B_R2_seed7_S8B_R2_sequence_plus_context,S8B_R2_sequence_plus_context,1,gatv2_graph_c_sprint8b_sequence_plus_context,gatv2,graph_c_context_observation,S5F2_energy,test,22,278,,1,0.1235974133014679,late_fusion
sprint9_multiseed_S8B_R2_seed7_S8B_R2_sequence_plus_context,S8B_R2_sequence_plus_context,1,gatv2_graph_c_sprint8b_sequence_plus_context,gatv2,graph_c_context_observation,S5F2_energy,test,23,278,,1,0.09970242530107498,late_fusion
sprint9_multiseed_S8B_R2_seed7_S8B_R2_sequence_plus_context,S8B_R2_sequence_plus_context,1,gatv2_graph_c_sprint8b_sequence_plus_context,gatv2,graph_c_context_observation,S5F2_energy,test,24,278,,1,0.37040695548057556,late_fusion
sprint9_multiseed_S8B_R2_seed7_S8B_R2_sequence_plus_context,S8B_R2_sequence_plus_context,1,gatv2_graph_c_sprint8b_sequence_plus_context,gatv2,graph_c_context_observation,S5F2_energy,test,25,278,,1,0.1405927985906601,late_fusion
sprint9_multiseed_S8B_R2_seed7_S8B_R2_sequence_plus_context,S8B_R2_sequence_plus_context,1,gatv2_graph_c_sprint8b_sequence_plus_context,gatv2,graph_c_context_observation,S5F2_energy,test,26,635,,1,0.9893279671669006,late_fusion
sprint9_multiseed_S8B_R2_seed7_S8B_R2_sequence_plus_context,S8B_R2_sequence_plus_context,1,gatv2_graph_c_sprint8b_sequence_plus_context,gatv2,graph_c_context_observation,S5F2_energy,test,27,635,,1,0.8855680227279663,late_fusion
sprint9_multiseed_S8B_R2_seed7_S8B_R2_sequence_plus_context,S8B_R2_sequence_plus_context,1,gatv2_graph_c_sprint8b_sequence_plus_context,gatv2,graph_c_context_observation,S5F2_energy,test,28,635,,1,0.9226547479629517,late_fusion
sprint9_multiseed_S8B_R2_seed7_S8B_R2_sequence_plus_context,S8B_R2_sequence_plus_context,1,gatv2_graph_c_sprint8b_sequence_plus_context,gatv2,graph_c_context_observation,S5F2_energy,test,29,804,,1,0.9964293837547302,late_fusion
sprint9_multiseed_S8B_R2_seed7_S8B_R2_sequence_plus_context,S8B_R2_sequence_plus_context,1,gatv2_graph_c_sprint8b_sequence_plus_context,gatv2,graph_c_context_observation,S5F2_energy,test,30,804,,1,0.9883995056152344,late_fusion
sprint9_multiseed_S8B_R2_seed7_S8B_R2_sequence_plus_context,S8B_R2_sequence_plus_context,1,gatv2_graph_c_sprint8b_sequence_plus_context,gatv2,graph_c_context_observation,S5F2_energy,test,31,804,,1,0.9905738234519958,late_fusion
sprint9_multiseed_S8B_R2_seed7_S8B_R2_sequence_plus_context,S8B_R2_sequence_plus_context,1,gatv2_graph_c_sprint8b_sequence_plus_context,gatv2,graph_c_context_observation,S5F2_energy,test,32,804,,1,0.9932971596717834,late_fusion
sprint9_multiseed_S8B_R2_seed7_S8B_R2_sequence_plus_context,S8B_R2_sequence_plus_context,1,gatv2_graph_c_sprint8b_sequence_plus_context,gatv2,graph_c_context_observation,S5F2_energy,test,33,1018,,1,0.9885652661323547,late_fusion
sprint9_multiseed_S8B_R2_seed7_S8B_R2_sequence_plus_context,S8B_R2_sequence_plus_context,1,gatv2_graph_c_sprint8b_sequence_plus_context,gatv2,graph_c_context_observation,S5F2_energy,test,34,1018,,1,0.9277041554450989,late_fusion
sprint9_multiseed_S8B_R2_seed7_S8B_R2_sequence_plus_context,S8B_R2_sequence_plus_context,1,gatv2_graph_c_sprint8b_sequence_plus_context,gatv2,graph_c_context_observation,S5F2_energy,test,35,1018,,1,0.9660268425941467,late_fusion
sprint9_multiseed_S8B_R2_seed7_S8B_R2_sequence_plus_context,S8B_R2_sequence_plus_context,1,gatv2_graph_c_sprint8b_sequence_plus_context,gatv2,graph_c_context_observation,S5F2_energy,test,36,1018,,1,0.5898637771606445,late_fusion
sprint9_multiseed_S8B_R2_seed7_S8B_R2_sequence_plus_context,S8B_R2_sequence_plus_context,1,gatv2_graph_c_sprint8b_sequence_plus_context,gatv2,graph_c_context_observation,S5F2_energy,test,37,1026,,1,0.9571663737297058,late_fusion
sprint9_multiseed_S8B_R2_seed7_S8B_R2_sequence_plus_context,S8B_R2_sequence_plus_context,1,gatv2_graph_c_sprint8b_sequence_plus_context,gatv2,graph_c_context_observation,S5F2_energy,test,38,1026,,1,0.5123491287231445,late_fusion
sprint9_multiseed_S8B_R2_seed7_S8B_R2_sequence_plus_context,S8B_R2_sequence_plus_context,1,gatv2_graph_c_sprint8b_sequence_plus_context,gatv2,graph_c_context_observation,S5F2_energy,test,39,1028,,0,0.06554283201694489,late_fusion
sprint9_multiseed_S8B_R2_seed7_S8B_R2_sequence_plus_context,S8B_R2_sequence_plus_context,1,gatv2_graph_c_sprint8b_sequence_plus_context,gatv2,graph_c_context_observation,S5F2_energy,test,40,1028,,0,0.06944195181131363,late_fusion
sprint9_multiseed_S8B_R2_seed7_S8B_R2_sequence_plus_context,S8B_R2_sequence_plus_context,1,gatv2_graph_c_sprint8b_sequence_plus_context,gatv2,graph_c_context_observation,S5F2_energy,test,41,1028,,0,0.06723501533269882,late_fusion
sprint9_multiseed_S8B_R2_seed7_S8B_R2_sequence_plus_context,S8B_R2_sequence_plus_context,1,gatv2_graph_c_sprint8b_sequence_plus_context,gatv2,graph_c_context_observation,S5F2_energy,test,42,1028,,0,0.06735622882843018,late_fusion
sprint9_multiseed_S8B_R2_seed7_S8B_R2_sequence_plus_context,S8B_R2_sequence_plus_context,1,gatv2_graph_c_sprint8b_sequence_plus_context,gatv2,graph_c_context_observation,S5F2_energy,test,43,1028,,0,0.062132373452186584,late_fusion
sprint9_multiseed_S8B_R2_seed7_S8B_R2_sequence_plus_context,S8B_R2_sequence_plus_context,1,gatv2_graph_c_sprint8b_sequence_plus_context,gatv2,graph_c_context_observation,S5F2_energy,test,44,1028,,0,0.06553956121206284,late_fusion
sprint9_multiseed_S8B_R2_seed7_S8B_R2_sequence_plus_context,S8B_R2_sequence_plus_context,1,gatv2_graph_c_sprint8b_sequence_plus_context,gatv2,graph_c_context_observation,S5F2_energy,test,45,1028,,1,0.07136642187833786,late_fusion
sprint9_multiseed_S8B_R2_seed7_S8B_R2_sequence_plus_context,S8B_R2_sequence_plus_context,1,gatv2_graph_c_sprint8b_sequence_plus_context,gatv2,graph_c_context_observation,S5F2_energy,test,46,1028,,0,0.06458911299705505,late_fusion
sprint9_multiseed_S8B_R2_seed7_S8B_R2_sequence_plus_context,S8B_R2_sequence_plus_context,1,gatv2_graph_c_sprint8b_sequence_plus_context,gatv2,graph_c_context_observation,S5F2_energy,test,47,1028,,0,0.06530915200710297,late_fusion
sprint9_multiseed_S8B_R2_seed7_S8B_R2_sequence_plus_context,S8B_R2_sequence_plus_context,1,gatv2_graph_c_sprint8b_sequence_plus_context,gatv2,graph_c_context_observation,S5F2_energy,test,48,1028,,0,0.06452716141939163,late_fusion
sprint9_multiseed_S8B_R2_seed7_S8B_R2_sequence_plus_context,S8B_R2_sequence_plus_context,1,gatv2_graph_c_sprint8b_sequence_plus_context,gatv2,graph_c_context_observation,S5F2_energy,test,49,1028,,0,0.059970978647470474,late_fusion
sprint9_multiseed_S8B_R2_seed7_S8B_R2_sequence_plus_context,S8B_R2_sequence_plus_context,1,gatv2_graph_c_sprint8b_sequence_plus_context,gatv2,graph_c_context_observation,S5F2_energy,test,50,1028,,0,0.060501839965581894,late_fusion
sprint9_multiseed_S8B_R2_seed7_S8B_R2_sequence_plus_context,S8B_R2_sequence_plus_context,1,gatv2_graph_c_sprint8b_sequence_plus_context,gatv2,graph_c_context_observation,S5F2_energy,test,51,1028,,0,0.07532966881990433,late_fusion
sprint9_multiseed_S8B_R2_seed7_S8B_R2_sequence_plus_context,S8B_R2_sequence_plus_context,1,gatv2_graph_c_sprint8b_sequence_plus_context,gatv2,graph_c_context_observation,S5F2_energy,test,52,1028,,0,0.07254453003406525,late_fusion
sprint9_multiseed_S8B_R2_seed7_S8B_R2_sequence_plus_context,S8B_R2_sequence_plus_context,1,gatv2_graph_c_sprint8b_sequence_plus_context,gatv2,graph_c_context_observation,S5F2_energy,test,53,1028,,0,0.06701816618442535,late_fusion
sprint9_multiseed_S8B_R2_seed7_S8B_R2_sequence_plus_context,S8B_R2_sequence_plus_context,1,gatv2_graph_c_sprint8b_sequence_plus_context,gatv2,graph_c_context_observation,S5F2_energy,test,54,1044,,0,0.04227505996823311,late_fusion
sprint9_multiseed_S8B_R2_seed7_S8B_R2_sequence_plus_context,S8B_R2_sequence_plus_context,1,gatv2_graph_c_sprint8b_sequence_plus_context,gatv2,graph_c_context_observation,S5F2_energy,test,55,1044,,0,0.04535111412405968,late_fusion
sprint9_multiseed_S8B_R2_seed7_S8B_R2_sequence_plus_context,S8B_R2_sequence_plus_context,1,gatv2_graph_c_sprint8b_sequence_plus_context,gatv2,graph_c_context_observation,S5F2_energy,test,56,1044,,0,0.04273427277803421,late_fusion
sprint9_multiseed_S8B_R2_seed7_S8B_R2_sequence_plus_context,S8B_R2_sequence_plus_context,1,gatv2_graph_c_sprint8b_sequence_plus_context,gatv2,graph_c_context_observation,S5F2_energy,test,57,1044,,0,0.060696080327034,late_fusion
sprint9_multiseed_S8B_R2_seed7_S8B_R2_sequence_plus_context,S8B_R2_sequence_plus_context,1,gatv2_graph_c_sprint8b_sequence_plus_context,gatv2,graph_c_context_observation,S5F2_energy,test,58,1044,,1,0.04196307063102722,late_fusion
sprint9_multiseed_S8B_R2_seed7_S8B_R2_sequence_plus_context,S8B_R2_sequence_plus_context,1,gatv2_graph_c_sprint8b_sequence_plus_context,gatv2,graph_c_context_observation,S5F2_energy,test,59,1044,,0,0.057315852493047714,late_fusion
sprint9_multiseed_S8B_R2_seed7_S8B_R2_sequence_plus_context,S8B_R2_sequence_plus_context,1,gatv2_graph_c_sprint8b_sequence_plus_context,gatv2,graph_c_context_observation,S5F2_energy,test,60,1044,,0,0.04651298373937607,late_fusion
sprint9_multiseed_S8B_R2_seed7_S8B_R2_sequence_plus_context,S8B_R2_sequence_plus_context,1,gatv2_graph_c_sprint8b_sequence_plus_context,gatv2,graph_c_context_observation,S5F2_energy,test,61,1044,,0,0.05032368376851082,late_fusion
sprint9_multiseed_S8B_R2_seed7_S8B_R2_sequence_plus_context,S8B_R2_sequence_plus_context,1,gatv2_graph_c_sprint8b_sequence_plus_context,gatv2,graph_c_context_observation,S5F2_energy,test,62,1044,,0,0.04963705688714981,late_fusion
sprint9_multiseed_S8B_R2_seed7_S8B_R2_sequence_plus_context,S8B_R2_sequence_plus_context,1,gatv2_graph_c_sprint8b_sequence_plus_context,gatv2,graph_c_context_observation,S5F2_energy,test,63,1044,,0,0.047547850757837296,late_fusion
sprint9_multiseed_S8B_R2_seed7_S8B_R2_sequence_plus_context,S8B_R2_sequence_plus_context,1,gatv2_graph_c_sprint8b_sequence_plus_context,gatv2,graph_c_context_observation,S5F2_energy,test,64,1044,,0,0.04060507193207741,late_fusion
sprint9_multiseed_S8B_R2_seed7_S8B_R2_sequence_plus_context,S8B_R2_sequence_plus_context,1,gatv2_graph_c_sprint8b_sequence_plus_context,gatv2,graph_c_context_observation,S5F2_energy,test,65,1044,,0,0.0490327849984169,late_fusion
sprint9_multiseed_S8B_R2_seed7_S8B_R2_sequence_plus_context,S8B_R2_sequence_plus_context,1,gatv2_graph_c_sprint8b_sequence_plus_context,gatv2,graph_c_context_observation,S5F2_energy,test,66,1044,,0,0.04579325392842293,late_fusion
sprint9_multiseed_S8B_R2_seed7_S8B_R2_sequence_plus_context,S8B_R2_sequence_plus_context,1,gatv2_graph_c_sprint8b_sequence_plus_context,gatv2,graph_c_context_observation,S5F2_energy,test,67,1060,,1,0.16228507459163666,late_fusion
sprint9_multiseed_S8B_R2_seed7_S8B_R2_sequence_plus_context,S8B_R2_sequence_plus_context,1,gatv2_graph_c_sprint8b_sequence_plus_context,gatv2,graph_c_context_observation,S5F2_energy,test,68,1060,,0,0.269404798746109,late_fusion
sprint9_multiseed_S8B_R2_seed7_S8B_R2_sequence_plus_context,S8B_R2_sequence_plus_context,1,gatv2_graph_c_sprint8b_sequence_plus_context,gatv2,graph_c_context_observation,S5F2_energy,test,69,1060,,0,0.37697336077690125,late_fusion
sprint9_multiseed_S8B_R2_seed7_S8B_R2_sequence_plus_context,S8B_R2_sequence_plus_context,1,gatv2_graph_c_sprint8b_sequence_plus_context,gatv2,graph_c_context_observation,S5F2_energy,test,70,1060,,0,0.1105148196220398,late_fusion
sprint9_multiseed_S8B_R2_seed7_S8B_R2_sequence_plus_context,S8B_R2_sequence_plus_context,1,gatv2_graph_c_sprint8b_sequence_plus_context,gatv2,graph_c_context_observation,S5F2_energy,test,71,1060,,0,0.19905851781368256,late_fusion
sprint9_multiseed_S8B_R2_seed7_S8B_R2_sequence_plus_context,S8B_R2_sequence_plus_context,1,gatv2_graph_c_sprint8b_sequence_plus_context,gatv2,graph_c_context_observation,S5F2_energy,test,72,1060,,0,0.18096233904361725,late_fusion
sprint9_multiseed_S8B_R2_seed7_S8B_R2_sequence_plus_context,S8B_R2_sequence_plus_context,1,gatv2_graph_c_sprint8b_sequence_plus_context,gatv2,graph_c_context_observation,S5F2_energy,test,73,1060,,1,0.1485971063375473,late_fusion
sprint9_multiseed_S8B_R2_seed7_S8B_R2_sequence_plus_context,S8B_R2_sequence_plus_context,1,gatv2_graph_c_sprint8b_sequence_plus_context,gatv2,graph_c_context_observation,S5F2_energy,test,74,1060,,0,0.126206636428833,late_fusion
sprint9_multiseed_S8B_R2_seed7_S8B_R2_sequence_plus_context,S8B_R2_sequence_plus_context,1,gatv2_graph_c_sprint8b_sequence_plus_context,gatv2,graph_c_context_observation,S5F2_energy,test,75,1060,,0,0.14628082513809204,late_fusion
sprint9_multiseed_S8B_R2_seed7_S8B_R2_sequence_plus_context,S8B_R2_sequence_plus_context,1,gatv2_graph_c_sprint8b_sequence_plus_context,gatv2,graph_c_context_observation,S5F2_energy,test,76,1060,,0,0.17159804701805115,late_fusion
sprint9_multiseed_S8B_R2_seed7_S8B_R2_sequence_plus_context,S8B_R2_sequence_plus_context,1,gatv2_graph_c_sprint8b_sequence_plus_context,gatv2,graph_c_context_observation,S5F2_energy,test,77,1060,,0,0.0992777943611145,late_fusion
sprint9_multiseed_S8B_R2_seed7_S8B_R2_sequence_plus_context,S8B_R2_sequence_plus_context,1,gatv2_graph_c_sprint8b_sequence_plus_context,gatv2,graph_c_context_observation,S5F2_energy,test,78,1060,,0,0.15465047955513,late_fusion
sprint9_multiseed_S8B_R2_seed7_S8B_R2_sequence_plus_context,S8B_R2_sequence_plus_context,1,gatv2_graph_c_sprint8b_sequence_plus_context,gatv2,graph_c_context_observation,S5F2_energy,test,79,1060,,0,0.15456275641918182,late_fusion
sprint9_multiseed_S8B_R2_seed7_S8B_R2_sequence_plus_context,S8B_R2_sequence_plus_context,1,gatv2_graph_c_sprint8b_sequence_plus_context,gatv2,graph_c_context_observation,S5F2_energy,test,80,1060,,0,0.5666749477386475,late_fusion
sprint9_multiseed_S8B_R2_seed7_S8B_R2_sequence_plus_context,S8B_R2_sequence_plus_context,1,gatv2_graph_c_sprint8b_sequence_plus_context,gatv2,graph_c_context_observation,S5F2_energy,test,81,1060,,0,0.11661092936992645,late_fusion
sprint9_multiseed_S8B_R2_seed7_S8B_R2_sequence_plus_context,S8B_R2_sequence_plus_context,1,gatv2_graph_c_sprint8b_sequence_plus_context,gatv2,graph_c_context_observation,S5F2_energy,test,82,1088,,1,0.08620110154151917,late_fusion
sprint9_multiseed_S8B_R2_seed7_S8B_R2_sequence_plus_context,S8B_R2_sequence_plus_context,1,gatv2_graph_c_sprint8b_sequence_plus_context,gatv2,graph_c_context_observation,S5F2_energy,test,83,1088,,0,0.04100649803876877,late_fusion
sprint9_multiseed_S8B_R2_seed7_S8B_R2_sequence_plus_context,S8B_R2_sequence_plus_context,1,gatv2_graph_c_sprint8b_sequence_plus_context,gatv2,graph_c_context_observation,S5F2_energy,test,84,1088,,0,0.057063132524490356,late_fusion
sprint9_multiseed_S8B_R2_seed7_S8B_R2_sequence_plus_context,S8B_R2_sequence_plus_context,1,gatv2_graph_c_sprint8b_sequence_plus_context,gatv2,graph_c_context_observation,S5F2_energy,test,85,1088,,0,0.043147213757038116,late_fusion
sprint9_multiseed_S8B_R2_seed7_S8B_R2_sequence_plus_context,S8B_R2_sequence_plus_context,1,gatv2_graph_c_sprint8b_sequence_plus_context,gatv2,graph_c_context_observation,S5F2_energy,test,86,1088,,0,0.04818059504032135,late_fusion
sprint9_multiseed_S8B_R2_seed7_S8B_R2_sequence_plus_context,S8B_R2_sequence_plus_context,1,gatv2_graph_c_sprint8b_sequence_plus_context,gatv2,graph_c_context_observation,S5F2_energy,test,87,1088,,0,0.06116723641753197,late_fusion
sprint9_multiseed_S8B_R2_seed7_S8B_R2_sequence_plus_context,S8B_R2_sequence_plus_context,1,gatv2_graph_c_sprint8b_sequence_plus_context,gatv2,graph_c_context_observation,S5F2_energy,test,88,1088,,0,0.04345887899398804,late_fusion
sprint9_multiseed_S8B_R2_seed7_S8B_R2_sequence_plus_context,S8B_R2_sequence_plus_context,1,gatv2_graph_c_sprint8b_sequence_plus_context,gatv2,graph_c_context_observation,S5F2_energy,test,89,1088,,0,0.047363363206386566,late_fusion
sprint9_multiseed_S8B_R2_seed7_S8B_R2_sequence_plus_context,S8B_R2_sequence_plus_context,1,gatv2_graph_c_sprint8b_sequence_plus_context,gatv2,graph_c_context_observation,S5F2_energy,test,90,1088,,0,0.0865209549665451,late_fusion
sprint9_multiseed_S8B_R2_seed7_S8B_R2_sequence_plus_context,S8B_R2_sequence_plus_context,1,gatv2_graph_c_sprint8b_sequence_plus_context,gatv2,graph_c_context_observation,S5F2_energy,test,91,1088,,0,0.04318956658244133,late_fusion
sprint9_multiseed_S8B_R2_seed7_S8B_R2_sequence_plus_context,S8B_R2_sequence_plus_context,1,gatv2_graph_c_sprint8b_sequence_plus_context,gatv2,graph_c_context_observation,S5F2_energy,test,92,1088,,0,0.04177933931350708,late_fusion
sprint9_multiseed_S8B_R2_seed7_S8B_R2_sequence_plus_context,S8B_R2_sequence_plus_context,1,gatv2_graph_c_sprint8b_sequence_plus_context,gatv2,graph_c_context_observation,S5F2_energy,test,93,1088,,0,0.040886376053094864,late_fusion
sprint9_multiseed_S8B_R2_seed7_S8B_R2_sequence_plus_context,S8B_R2_sequence_plus_context,1,gatv2_graph_c_sprint8b_sequence_plus_context,gatv2,graph_c_context_observation,S5F2_energy,test,94,1088,,0,0.03606906905770302,late_fusion
sprint9_multiseed_S8B_R2_seed7_S8B_R2_sequence_plus_context,S8B_R2_sequence_plus_context,1,gatv2_graph_c_sprint8b_sequence_plus_context,gatv2,graph_c_context_observation,S5F2_energy,test,95,1120,,1,0.06783367693424225,late_fusion
sprint9_multiseed_S8B_R2_seed7_S8B_R2_sequence_plus_context,S8B_R2_sequence_plus_context,1,gatv2_graph_c_sprint8b_sequence_plus_context,gatv2,graph_c_context_observation,S5F2_energy,test,96,1120,,0,0.05749974399805069,late_fusion
sprint9_multiseed_S8B_R2_seed7_S8B_R2_sequence_plus_context,S8B_R2_sequence_plus_context,1,gatv2_graph_c_sprint8b_sequence_plus_context,gatv2,graph_c_context_observation,S5F2_energy,test,97,1120,,0,0.04721402749419212,late_fusion
sprint9_multiseed_S8B_R2_seed7_S8B_R2_sequence_plus_context,S8B_R2_sequence_plus_context,1,gatv2_graph_c_sprint8b_sequence_plus_context,gatv2,graph_c_context_observation,S5F2_energy,test,98,1120,,0,0.04849604517221451,late_fusion
sprint9_multiseed_S8B_R2_seed7_S8B_R2_sequence_plus_context,S8B_R2_sequence_plus_context,1,gatv2_graph_c_sprint8b_sequence_plus_context,gatv2,graph_c_context_observation,S5F2_energy,test,99,1120,,0,0.06029846891760826,late_fusion
sprint9_multiseed_S8B_R2_seed7_S8B_R2_sequence_plus_context,S8B_R2_sequence_plus_context,1,gatv2_graph_c_sprint8b_sequence_plus_context,gatv2,graph_c_context_observation,S5F2_energy,test,100,1120,,0,0.057480476796627045,late_fusion
sprint9_multiseed_S8B_R2_seed7_S8B_R2_sequence_plus_context,S8B_R2_sequence_plus_context,1,gatv2_graph_c_sprint8b_sequence_plus_context,gatv2,graph_c_context_observation,S5F2_energy,test,101,1120,,0,0.04780813679099083,late_fusion
sprint9_multiseed_S8B_R2_seed7_S8B_R2_sequence_plus_context,S8B_R2_sequence_plus_context,1,gatv2_graph_c_sprint8b_sequence_plus_context,gatv2,graph_c_context_observation,S5F2_energy,test,102,1120,,0,0.06378762423992157,late_fusion
sprint9_multiseed_S8B_R2_seed7_S8B_R2_sequence_plus_context,S8B_R2_sequence_plus_context,1,gatv2_graph_c_sprint8b_sequence_plus_context,gatv2,graph_c_context_observation,S5F2_energy,test,103,1120,,0,0.047099385410547256,late_fusion
sprint9_multiseed_S8B_R2_seed7_S8B_R2_sequence_plus_context,S8B_R2_sequence_plus_context,1,gatv2_graph_c_sprint8b_sequence_plus_context,gatv2,graph_c_context_observation,S5F2_energy,test,104,1120,,0,0.051591355353593826,late_fusion
sprint9_multiseed_S8B_R2_seed7_S8B_R2_sequence_plus_context,S8B_R2_sequence_plus_context,1,gatv2_graph_c_sprint8b_sequence_plus_context,gatv2,graph_c_context_observation,S5F2_energy,test,105,1120,,0,0.05786750093102455,late_fusion
sprint9_multiseed_S8B_R2_seed7_S8B_R2_sequence_plus_context,S8B_R2_sequence_plus_context,1,gatv2_graph_c_sprint8b_sequence_plus_context,gatv2,graph_c_context_observation,S5F2_energy,test,106,1120,,0,0.051232073456048965,late_fusion
sprint9_multiseed_S8B_R2_seed7_S8B_R2_sequence_plus_context,S8B_R2_sequence_plus_context,1,gatv2_graph_c_sprint8b_sequence_plus_context,gatv2,graph_c_context_observation,S5F2_energy,test,107,1120,,0,0.06414775550365448,late_fusion
sprint9_multiseed_S8B_R2_seed7_S8B_R2_sequence_plus_context,S8B_R2_sequence_plus_context,1,gatv2_graph_c_sprint8b_sequence_plus_context,gatv2,graph_c_context_observation,S5F2_energy,test,108,1120,,0,0.04905139282345772,late_fusion
sprint9_multiseed_S8B_R2_seed7_S8B_R2_sequence_plus_context,S8B_R2_sequence_plus_context,1,gatv2_graph_c_sprint8b_sequence_plus_context,gatv2,graph_c_context_observation,S5F2_energy,test,109,1120,,0,0.059262461960315704,late_fusion
sprint9_multiseed_S8B_R2_seed7_S8B_R2_sequence_plus_context,S8B_R2_sequence_plus_context,1,gatv2_graph_c_sprint8b_sequence_plus_context,gatv2,graph_c_context_observation,S5F2_energy,test,110,1408,,0,0.07442262768745422,late_fusion
sprint9_multiseed_S8B_R2_seed7_S8B_R2_sequence_plus_context,S8B_R2_sequence_plus_context,1,gatv2_graph_c_sprint8b_sequence_plus_context,gatv2,graph_c_context_observation,S5F2_energy,test,111,1408,,0,0.0928853377699852,late_fusion
sprint9_multiseed_S8B_R2_seed7_S8B_R2_sequence_plus_context,S8B_R2_sequence_plus_context,1,gatv2_graph_c_sprint8b_sequence_plus_context,gatv2,graph_c_context_observation,S5F2_energy,test,112,1408,,0,0.0663854256272316,late_fusion
sprint9_multiseed_S8B_R2_seed7_S8B_R2_sequence_plus_context,S8B_R2_sequence_plus_context,1,gatv2_graph_c_sprint8b_sequence_plus_context,gatv2,graph_c_context_observation,S5F2_energy,test,113,1408,,0,0.07377703487873077,late_fusion
sprint9_multiseed_S8B_R2_seed7_S8B_R2_sequence_plus_context,S8B_R2_sequence_plus_context,1,gatv2_graph_c_sprint8b_sequence_plus_context,gatv2,graph_c_context_observation,S5F2_energy,test,114,1408,,0,0.07094106823205948,late_fusion
sprint9_multiseed_S8B_R2_seed7_S8B_R2_sequence_plus_context,S8B_R2_sequence_plus_context,1,gatv2_graph_c_sprint8b_sequence_plus_context,gatv2,graph_c_context_observation,S5F2_energy,test,115,1408,,0,0.05876600369811058,late_fusion
sprint9_multiseed_S8B_R2_seed7_S8B_R2_sequence_plus_context,S8B_R2_sequence_plus_context,1,gatv2_graph_c_sprint8b_sequence_plus_context,gatv2,graph_c_context_observation,S5F2_energy,test,116,1408,,0,0.06939934939146042,late_fusion
sprint9_multiseed_S8B_R2_seed7_S8B_R2_sequence_plus_context,S8B_R2_sequence_plus_context,1,gatv2_graph_c_sprint8b_sequence_plus_context,gatv2,graph_c_context_observation,S5F2_energy,test,117,1408,,0,0.076651431620121,late_fusion
sprint9_multiseed_S8B_R2_seed7_S8B_R2_sequence_plus_context,S8B_R2_sequence_plus_context,1,gatv2_graph_c_sprint8b_sequence_plus_context,gatv2,graph_c_context_observation,S5F2_energy,test,118,1408,,0,0.06592869013547897,late_fusion
sprint9_multiseed_S8B_R2_seed7_S8B_R2_sequence_plus_context,S8B_R2_sequence_plus_context,1,gatv2_graph_c_sprint8b_sequence_plus_context,gatv2,graph_c_context_observation,S5F2_energy,test,119,1505,,1,0.47437968850135803,late_fusion
sprint9_multiseed_S8B_R2_seed7_S8B_R2_sequence_plus_context,S8B_R2_sequence_plus_context,1,gatv2_graph_c_sprint8b_sequence_plus_context,gatv2,graph_c_context_observation,S5F2_energy,test,120,1505,,1,0.17115606367588043,late_fusion
sprint9_multiseed_S8B_R2_seed7_S8B_R2_sequence_plus_context,S8B_R2_sequence_plus_context,1,gatv2_graph_c_sprint8b_sequence_plus_context,gatv2,graph_c_context_observation,S5F2_energy,test,121,1505,,1,0.18399891257286072,late_fusion
sprint9_multiseed_S8B_R2_seed7_S8B_R2_sequence_plus_context,S8B_R2_sequence_plus_context,1,gatv2_graph_c_sprint8b_sequence_plus_context,gatv2,graph_c_context_observation,S5F2_energy,test,122,1505,,1,0.169803187251091,late_fusion
sprint9_multiseed_S8B_R2_seed7_S8B_R2_sequence_plus_context,S8B_R2_sequence_plus_context,1,gatv2_graph_c_sprint8b_sequence_plus_context,gatv2,graph_c_context_observation,S5F2_energy,test,123,1505,,1,0.16290847957134247,late_fusion
sprint9_multiseed_S8B_R2_seed7_S8B_R2_sequence_plus_context,S8B_R2_sequence_plus_context,1,gatv2_graph_c_sprint8b_sequence_plus_context,gatv2,graph_c_context_observation,S5F2_energy,test,124,1505,,1,0.1651882380247116,late_fusion
sprint9_multiseed_S8B_R2_seed7_S8B_R2_sequence_plus_context,S8B_R2_sequence_plus_context,1,gatv2_graph_c_sprint8b_sequence_plus_context,gatv2,graph_c_context_observation,S5F2_energy,test,125,1505,,1,0.17032966017723083,late_fusion
sprint9_multiseed_S8B_R2_seed7_S8B_R2_sequence_plus_context,S8B_R2_sequence_plus_context,1,gatv2_graph_c_sprint8b_sequence_plus_context,gatv2,graph_c_context_observation,S5F2_energy,test,126,1505,,1,0.1719750165939331,late_fusion
sprint9_multiseed_S8B_R2_seed7_S8B_R2_sequence_plus_context,S8B_R2_sequence_plus_context,1,gatv2_graph_c_sprint8b_sequence_plus_context,gatv2,graph_c_context_observation,S5F2_energy,test,127,1505,,1,0.1916033774614334,late_fusion
sprint9_multiseed_S8B_R2_seed7_S8B_R2_sequence_plus_context,S8B_R2_sequence_plus_context,1,gatv2_graph_c_sprint8b_sequence_plus_context,gatv2,graph_c_context_observation,S5F2_energy,test,128,1505,,1,0.17165982723236084,late_fusion
sprint9_multiseed_S8B_R2_seed7_S8B_R2_sequence_plus_context,S8B_R2_sequence_plus_context,1,gatv2_graph_c_sprint8b_sequence_plus_context,gatv2,graph_c_context_observation,S5F2_energy,test,129,1505,,1,0.14847441017627716,late_fusion
sprint9_multiseed_S8B_R2_seed7_S8B_R2_sequence_plus_context,S8B_R2_sequence_plus_context,1,gatv2_graph_c_sprint8b_sequence_plus_context,gatv2,graph_c_context_observation,S5F2_energy,test,130,1505,,1,0.17096959054470062,late_fusion
sprint9_multiseed_S8B_R2_seed7_S8B_R2_sequence_plus_context,S8B_R2_sequence_plus_context,1,gatv2_graph_c_sprint8b_sequence_plus_context,gatv2,graph_c_context_observation,S5F2_energy,test,131,1505,,1,0.1770515739917755,late_fusion
sprint9_multiseed_S8B_R2_seed7_S8B_R2_sequence_plus_context,S8B_R2_sequence_plus_context,1,gatv2_graph_c_sprint8b_sequence_plus_context,gatv2,graph_c_context_observation,S5F2_energy,test,132,1505,,1,0.16333524882793427,late_fusion
sprint9_multiseed_S8B_R2_seed7_S8B_R2_sequence_plus_context,S8B_R2_sequence_plus_context,1,gatv2_graph_c_sprint8b_sequence_plus_context,gatv2,graph_c_context_observation,S5F2_energy,test,133,1505,,1,0.202724426984787,late_fusion
sprint9_multiseed_S8B_R2_seed7_S8B_R2_sequence_plus_context,S8B_R2_sequence_plus_context,1,gatv2_graph_c_sprint8b_sequence_plus_context,gatv2,graph_c_context_observation,S5F2_energy,test,134,1505,,1,0.18553395569324493,late_fusion
sprint9_multiseed_S8B_R2_seed7_S8B_R2_sequence_plus_context,S8B_R2_sequence_plus_context,1,gatv2_graph_c_sprint8b_sequence_plus_context,gatv2,graph_c_context_observation,S5F2_energy,test,135,1505,,1,0.16117340326309204,late_fusion
sprint9_multiseed_S8B_R2_seed7_S8B_R2_sequence_plus_context,S8B_R2_sequence_plus_context,1,gatv2_graph_c_sprint8b_sequence_plus_context,gatv2,graph_c_context_observation,S5F2_energy,test,136,1505,,1,0.1413736641407013,late_fusion
sprint9_multiseed_S8B_R2_seed7_S8B_R2_sequence_plus_context,S8B_R2_sequence_plus_context,1,gatv2_graph_c_sprint8b_sequence_plus_context,gatv2,graph_c_context_observation,S5F2_energy,test,137,1505,,1,0.18074490129947662,late_fusion
sprint9_multiseed_S8B_R2_seed7_S8B_R2_sequence_plus_context,S8B_R2_sequence_plus_context,1,gatv2_graph_c_sprint8b_sequence_plus_context,gatv2,graph_c_context_observation,S5F2_energy,test,138,1505,,1,0.1564180552959442,late_fusion
sprint9_multiseed_S8B_R2_seed7_S8B_R2_sequence_plus_context,S8B_R2_sequence_plus_context,1,gatv2_graph_c_sprint8b_sequence_plus_context,gatv2,graph_c_context_observation,S5F2_energy,test,139,1505,,1,0.15925249457359314,late_fusion
sprint9_multiseed_S8B_R2_seed7_S8B_R2_sequence_plus_context,S8B_R2_sequence_plus_context,1,gatv2_graph_c_sprint8b_sequence_plus_context,gatv2,graph_c_context_observation,S5F2_energy,test,140,1505,,1,0.16119274497032166,late_fusion
sprint9_multiseed_S8B_R2_seed7_S8B_R2_sequence_plus_context,S8B_R2_sequence_plus_context,1,gatv2_graph_c_sprint8b_sequence_plus_context,gatv2,graph_c_context_observation,S5F2_energy,test,141,1505,,1,0.22928354144096375,late_fusion
sprint9_multiseed_S8B_R2_seed7_S8B_R2_sequence_plus_context,S8B_R2_sequence_plus_context,1,gatv2_graph_c_sprint8b_sequence_plus_context,gatv2,graph_c_context_observation,S5F2_energy,test,142,1505,,1,0.13889385759830475,late_fusion
sprint9_multiseed_S8B_R2_seed7_S8B_R2_sequence_plus_context,S8B_R2_sequence_plus_context,1,gatv2_graph_c_sprint8b_sequence_plus_context,gatv2,graph_c_context_observation,S5F2_energy,test,143,1505,,1,0.1819426268339157,late_fusion
sprint9_multiseed_S8B_R2_seed7_S8B_R2_sequence_plus_context,S8B_R2_sequence_plus_context,1,gatv2_graph_c_sprint8b_sequence_plus_context,gatv2,graph_c_context_observation,S5F2_energy,test,144,1505,,1,0.1533483862876892,late_fusion
sprint9_multiseed_S8B_R2_seed7_S8B_R2_sequence_plus_context,S8B_R2_sequence_plus_context,1,gatv2_graph_c_sprint8b_sequence_plus_context,gatv2,graph_c_context_observation,S5F2_energy,test,145,1505,,1,0.17903313040733337,late_fusion
sprint9_multiseed_S8B_R2_seed7_S8B_R2_sequence_plus_context,S8B_R2_sequence_plus_context,1,gatv2_graph_c_sprint8b_sequence_plus_context,gatv2,graph_c_context_observation,S5F2_energy,test,146,1505,,1,0.1442059576511383,late_fusion
sprint9_multiseed_S8B_R2_seed7_S8B_R2_sequence_plus_context,S8B_R2_sequence_plus_context,1,gatv2_graph_c_sprint8b_sequence_plus_context,gatv2,graph_c_context_observation,S5F2_energy,test,147,1505,,1,0.1576194316148758,late_fusion
sprint9_multiseed_S8B_R2_seed7_S8B_R2_sequence_plus_context,S8B_R2_sequence_plus_context,1,gatv2_graph_c_sprint8b_sequence_plus_context,gatv2,graph_c_context_observation,S5F2_energy,test,148,1505,,1,0.13593919575214386,late_fusion
sprint9_multiseed_S8B_R2_seed7_S8B_R2_sequence_plus_context,S8B_R2_sequence_plus_context,1,gatv2_graph_c_sprint8b_sequence_plus_context,gatv2,graph_c_context_observation,S5F2_energy,test,149,1505,,1,0.17277157306671143,late_fusion
sprint9_multiseed_S8B_R2_seed7_S8B_R2_sequence_plus_context,S8B_R2_sequence_plus_context,1,gatv2_graph_c_sprint8b_sequence_plus_context,gatv2,graph_c_context_observation,S5F2_energy,test,150,1505,,1,0.14631828665733337,late_fusion
sprint9_multiseed_S8B_R2_seed7_S8B_R2_sequence_plus_context,S8B_R2_sequence_plus_context,1,gatv2_graph_c_sprint8b_sequence_plus_context,gatv2,graph_c_context_observation,S5F2_energy,test,151,1505,,1,0.15713262557983398,late_fusion
sprint9_multiseed_S8B_R2_seed7_S8B_R2_sequence_plus_context,S8B_R2_sequence_plus_context,1,gatv2_graph_c_sprint8b_sequence_plus_context,gatv2,graph_c_context_observation,S5F2_energy,test,152,1505,,1,0.1605532169342041,late_fusion
sprint9_multiseed_S8B_R2_seed7_S8B_R2_sequence_plus_context,S8B_R2_sequence_plus_context,1,gatv2_graph_c_sprint8b_sequence_plus_context,gatv2,graph_c_context_observation,S5F2_energy,test,153,1505,,1,0.15483228862285614,late_fusion
sprint9_multiseed_S8B_R2_seed7_S8B_R2_sequence_plus_context,S8B_R2_sequence_plus_context,1,gatv2_graph_c_sprint8b_sequence_plus_context,gatv2,graph_c_context_observation,S5F2_energy,test,154,1505,,1,0.16701842844486237,late_fusion
sprint9_multiseed_S8B_R2_seed7_S8B_R2_sequence_plus_context,S8B_R2_sequence_plus_context,1,gatv2_graph_c_sprint8b_sequence_plus_context,gatv2,graph_c_context_observation,S5F2_energy,test,155,1505,,1,0.1685112714767456,late_fusion
sprint9_multiseed_S8B_R2_seed7_S8B_R2_sequence_plus_context,S8B_R2_sequence_plus_context,1,gatv2_graph_c_sprint8b_sequence_plus_context,gatv2,graph_c_context_observation,S5F2_energy,test,156,1505,,1,0.18208737671375275,late_fusion
sprint9_multiseed_S8B_R2_seed7_S8B_R2_sequence_plus_context,S8B_R2_sequence_plus_context,1,gatv2_graph_c_sprint8b_sequence_plus_context,gatv2,graph_c_context_observation,S5F2_energy,test,157,1505,,1,0.1649850457906723,late_fusion
sprint9_multiseed_S8B_R2_seed7_S8B_R2_sequence_plus_context,S8B_R2_sequence_plus_context,1,gatv2_graph_c_sprint8b_sequence_plus_context,gatv2,graph_c_context_observation,S5F2_energy,test,158,1505,,1,0.17214573919773102,late_fusion
sprint9_multiseed_S8B_R2_seed7_S8B_R2_sequence_plus_context,S8B_R2_sequence_plus_context,1,gatv2_graph_c_sprint8b_sequence_plus_context,gatv2,graph_c_context_observation,S5F2_energy,test,159,1505,,1,0.18392431735992432,late_fusion
sprint9_multiseed_S8B_R2_seed7_S8B_R2_sequence_plus_context,S8B_R2_sequence_plus_context,1,gatv2_graph_c_sprint8b_sequence_plus_context,gatv2,graph_c_context_observation,S5F2_energy,test,160,1505,,1,0.15921945869922638,late_fusion
sprint9_multiseed_S8B_R2_seed7_S8B_R2_sequence_plus_context,S8B_R2_sequence_plus_context,1,gatv2_graph_c_sprint8b_sequence_plus_context,gatv2,graph_c_context_observation,S5F2_energy,test,161,1505,,1,0.14410924911499023,late_fusion
sprint9_multiseed_S8B_R2_seed7_S8B_R2_sequence_plus_context,S8B_R2_sequence_plus_context,1,gatv2_graph_c_sprint8b_sequence_plus_context,gatv2,graph_c_context_observation,S5F2_energy,test,162,1505,,1,0.16713808476924896,late_fusion
sprint9_multiseed_S8B_R2_seed7_S8B_R2_sequence_plus_context,S8B_R2_sequence_plus_context,1,gatv2_graph_c_sprint8b_sequence_plus_context,gatv2,graph_c_context_observation,S5F2_energy,test,163,1505,,1,0.1699514538049698,late_fusion
sprint9_multiseed_S8B_R2_seed7_S8B_R2_sequence_plus_context,S8B_R2_sequence_plus_context,1,gatv2_graph_c_sprint8b_sequence_plus_context,gatv2,graph_c_context_observation,S5F2_energy,test,164,1505,,1,0.15426507592201233,late_fusion
sprint9_multiseed_S8B_R2_seed7_S8B_R2_sequence_plus_context,S8B_R2_sequence_plus_context,1,gatv2_graph_c_sprint8b_sequence_plus_context,gatv2,graph_c_context_observation,S5F2_energy,test,165,1505,,1,0.14413011074066162,late_fusion
sprint9_multiseed_S8B_R2_seed7_S8B_R2_sequence_plus_context,S8B_R2_sequence_plus_context,1,gatv2_graph_c_sprint8b_sequence_plus_context,gatv2,graph_c_context_observation,S5F2_energy,test,166,1505,,1,0.1496225744485855,late_fusion
sprint9_multiseed_S8B_R2_seed7_S8B_R2_sequence_plus_context,S8B_R2_sequence_plus_context,1,gatv2_graph_c_sprint8b_sequence_plus_context,gatv2,graph_c_context_observation,S5F2_energy,test,167,3265,,1,0.5136091709136963,late_fusion
sprint9_multiseed_S8B_R2_seed7_S8B_R2_sequence_plus_context,S8B_R2_sequence_plus_context,1,gatv2_graph_c_sprint8b_sequence_plus_context,gatv2,graph_c_context_observation,S5F2_energy,test,168,3265,,1,0.17512832581996918,late_fusion
sprint9_multiseed_S8B_R2_seed7_S8B_R2_sequence_plus_context,S8B_R2_sequence_plus_context,1,gatv2_graph_c_sprint8b_sequence_plus_context,gatv2,graph_c_context_observation,S5F2_energy,test,169,3265,,1,0.17345990240573883,late_fusion
sprint9_multiseed_S8B_R2_seed7_S8B_R2_sequence_plus_context,S8B_R2_sequence_plus_context,1,gatv2_graph_c_sprint8b_sequence_plus_context,gatv2,graph_c_context_observation,S5F2_energy,test,170,3265,,1,0.1975546032190323,late_fusion
sprint9_multiseed_S8B_R2_seed7_S8B_R2_sequence_plus_context,S8B_R2_sequence_plus_context,1,gatv2_graph_c_sprint8b_sequence_plus_context,gatv2,graph_c_context_observation,S5F2_energy,test,171,3265,,1,0.18204279243946075,late_fusion
sprint9_multiseed_S8B_R2_seed7_S8B_R2_sequence_plus_context,S8B_R2_sequence_plus_context,1,gatv2_graph_c_sprint8b_sequence_plus_context,gatv2,graph_c_context_observation,S5F2_energy,test,172,3265,,1,0.1648970991373062,late_fusion
sprint9_multiseed_S8B_R2_seed7_S8B_R2_sequence_plus_context,S8B_R2_sequence_plus_context,1,gatv2_graph_c_sprint8b_sequence_plus_context,gatv2,graph_c_context_observation,S5F2_energy,test,173,3265,,1,0.1821763664484024,late_fusion
sprint9_multiseed_S8B_R2_seed7_S8B_R2_sequence_plus_context,S8B_R2_sequence_plus_context,1,gatv2_graph_c_sprint8b_sequence_plus_context,gatv2,graph_c_context_observation,S5F2_energy,test,174,3265,,1,0.1734286993741989,late_fusion
sprint9_multiseed_S8B_R2_seed7_S8B_R2_sequence_plus_context,S8B_R2_sequence_plus_context,1,gatv2_graph_c_sprint8b_sequence_plus_context,gatv2,graph_c_context_observation,S5F2_energy,test,175,3265,,1,0.17454124987125397,late_fusion
sprint9_multiseed_S8B_R2_seed7_S8B_R2_sequence_plus_context,S8B_R2_sequence_plus_context,1,gatv2_graph_c_sprint8b_sequence_plus_context,gatv2,graph_c_context_observation,S5F2_energy,test,176,3265,,1,0.1926306188106537,late_fusion
sprint9_multiseed_S8B_R2_seed7_S8B_R2_sequence_plus_context,S8B_R2_sequence_plus_context,1,gatv2_graph_c_sprint8b_sequence_plus_context,gatv2,graph_c_context_observation,S5F2_energy,test,177,3265,,1,0.16399376094341278,late_fusion
sprint9_multiseed_S8B_R2_seed7_S8B_R2_sequence_plus_context,S8B_R2_sequence_plus_context,1,gatv2_graph_c_sprint8b_sequence_plus_context,gatv2,graph_c_context_observation,S5F2_energy,test,178,3265,,1,0.18045565485954285,late_fusion
sprint9_multiseed_S8B_R2_seed7_S8B_R2_sequence_plus_context,S8B_R2_sequence_plus_context,1,gatv2_graph_c_sprint8b_sequence_plus_context,gatv2,graph_c_context_observation,S5F2_energy,test,179,3265,,1,0.15513259172439575,late_fusion
sprint9_multiseed_S8B_R2_seed7_S8B_R2_sequence_plus_context,S8B_R2_sequence_plus_context,1,gatv2_graph_c_sprint8b_sequence_plus_context,gatv2,graph_c_context_observation,S5F2_energy,test,180,3265,,1,0.1459278017282486,late_fusion
sprint9_multiseed_S8B_R2_seed7_S8B_R2_sequence_plus_context,S8B_R2_sequence_plus_context,1,gatv2_graph_c_sprint8b_sequence_plus_context,gatv2,graph_c_context_observation,S5F2_energy,test,181,3265,,1,0.16923357546329498,late_fusion
sprint9_multiseed_S8B_R2_seed7_S8B_R2_sequence_plus_context,S8B_R2_sequence_plus_context,1,gatv2_graph_c_sprint8b_sequence_plus_context,gatv2,graph_c_context_observation,S5F2_energy,test,182,3265,,1,0.17309319972991943,late_fusion
sprint9_multiseed_S8B_R2_seed7_S8B_R2_sequence_plus_context,S8B_R2_sequence_plus_context,1,gatv2_graph_c_sprint8b_sequence_plus_context,gatv2,graph_c_context_observation,S5F2_energy,test,183,3265,,1,0.17165705561637878,late_fusion
sprint9_multiseed_S8B_R2_seed7_S8B_R2_sequence_plus_context,S8B_R2_sequence_plus_context,1,gatv2_graph_c_sprint8b_sequence_plus_context,gatv2,graph_c_context_observation,S5F2_energy,test,184,3265,,1,0.17448151111602783,late_fusion
sprint9_multiseed_S8B_R2_seed7_S8B_R2_sequence_plus_context,S8B_R2_sequence_plus_context,1,gatv2_graph_c_sprint8b_sequence_plus_context,gatv2,graph_c_context_observation,S5F2_energy,test,185,3265,,1,0.16444839537143707,late_fusion
sprint9_multiseed_S8B_R2_seed7_S8B_R2_sequence_plus_context,S8B_R2_sequence_plus_context,1,gatv2_graph_c_sprint8b_sequence_plus_context,gatv2,graph_c_context_observation,S5F2_energy,test,186,3265,,1,0.16209952533245087,late_fusion
sprint9_multiseed_S8B_R2_seed7_S8B_R2_sequence_plus_context,S8B_R2_sequence_plus_context,1,gatv2_graph_c_sprint8b_sequence_plus_context,gatv2,graph_c_context_observation,S5F2_energy,test,187,3265,,1,0.17914389073848724,late_fusion
sprint9_multiseed_S8B_R2_seed7_S8B_R2_sequence_plus_context,S8B_R2_sequence_plus_context,1,gatv2_graph_c_sprint8b_sequence_plus_context,gatv2,graph_c_context_observation,S5F2_energy,test,188,3265,,1,0.17688684165477753,late_fusion
sprint9_multiseed_S8B_R2_seed7_S8B_R2_sequence_plus_context,S8B_R2_sequence_plus_context,1,gatv2_graph_c_sprint8b_sequence_plus_context,gatv2,graph_c_context_observation,S5F2_energy,test,189,3265,,1,0.22141024470329285,late_fusion
sprint9_multiseed_S8B_R2_seed7_S8B_R2_sequence_plus_context,S8B_R2_sequence_plus_context,1,gatv2_graph_c_sprint8b_sequence_plus_context,gatv2,graph_c_context_observation,S5F2_energy,test,190,3265,,1,0.16160397231578827,late_fusion
sprint9_multiseed_S8B_R2_seed7_S8B_R2_sequence_plus_context,S8B_R2_sequence_plus_context,1,gatv2_graph_c_sprint8b_sequence_plus_context,gatv2,graph_c_context_observation,S5F2_energy,test,191,3265,,1,0.2003047615289688,late_fusion
sprint9_multiseed_S8B_R2_seed7_S8B_R2_sequence_plus_context,S8B_R2_sequence_plus_context,1,gatv2_graph_c_sprint8b_sequence_plus_context,gatv2,graph_c_context_observation,S5F2_energy,test,192,3265,,1,0.16627439856529236,late_fusion
sprint9_multiseed_S8B_R2_seed7_S8B_R2_sequence_plus_context,S8B_R2_sequence_plus_context,1,gatv2_graph_c_sprint8b_sequence_plus_context,gatv2,graph_c_context_observation,S5F2_energy,test,193,3265,,1,0.15332132577896118,late_fusion
sprint9_multiseed_S8B_R2_seed7_S8B_R2_sequence_plus_context,S8B_R2_sequence_plus_context,1,gatv2_graph_c_sprint8b_sequence_plus_context,gatv2,graph_c_context_observation,S5F2_energy,test,194,3265,,1,0.1982678472995758,late_fusion
sprint9_multiseed_S8B_R2_seed7_S8B_R2_sequence_plus_context,S8B_R2_sequence_plus_context,1,gatv2_graph_c_sprint8b_sequence_plus_context,gatv2,graph_c_context_observation,S5F2_energy,test,195,3265,,1,0.15929847955703735,late_fusion
sprint9_multiseed_S8B_R2_seed7_S8B_R2_sequence_plus_context,S8B_R2_sequence_plus_context,1,gatv2_graph_c_sprint8b_sequence_plus_context,gatv2,graph_c_context_observation,S5F2_energy,test,196,3265,,1,0.16996701061725616,late_fusion
sprint9_multiseed_S8B_R2_seed7_S8B_R2_sequence_plus_context,S8B_R2_sequence_plus_context,1,gatv2_graph_c_sprint8b_sequence_plus_context,gatv2,graph_c_context_observation,S5F2_energy,test,197,3265,,1,0.16615428030490875,late_fusion
sprint9_multiseed_S8B_R2_seed7_S8B_R2_sequence_plus_context,S8B_R2_sequence_plus_context,1,gatv2_graph_c_sprint8b_sequence_plus_context,gatv2,graph_c_context_observation,S5F2_energy,test,198,3265,,1,0.15471668541431427,late_fusion
sprint9_multiseed_S8B_R2_seed7_S8B_R2_sequence_plus_context,S8B_R2_sequence_plus_context,1,gatv2_graph_c_sprint8b_sequence_plus_context,gatv2,graph_c_context_observation,S5F2_energy,test,199,3265,,1,0.15595920383930206,late_fusion
sprint9_multiseed_S8B_R2_seed7_S8B_R2_sequence_plus_context,S8B_R2_sequence_plus_context,1,gatv2_graph_c_sprint8b_sequence_plus_context,gatv2,graph_c_context_observation,S5F2_energy,test,200,3265,,1,0.15793220698833466,late_fusion
sprint9_multiseed_S8B_R2_seed7_S8B_R2_sequence_plus_context,S8B_R2_sequence_plus_context,1,gatv2_graph_c_sprint8b_sequence_plus_context,gatv2,graph_c_context_observation,S5F2_energy,test,201,3265,,1,0.17989464104175568,late_fusion
sprint9_multiseed_S8B_R2_seed7_S8B_R2_sequence_plus_context,S8B_R2_sequence_plus_context,1,gatv2_graph_c_sprint8b_sequence_plus_context,gatv2,graph_c_context_observation,S5F2_energy,test,202,3300,,1,0.9949606657028198,late_fusion
sprint9_multiseed_S8B_R2_seed7_S8B_R2_sequence_plus_context,S8B_R2_sequence_plus_context,1,gatv2_graph_c_sprint8b_sequence_plus_context,gatv2,graph_c_context_observation,S5F2_energy,test,203,3300,,1,0.9567719101905823,late_fusion
sprint9_multiseed_S8B_R2_seed7_S8B_R2_sequence_plus_context,S8B_R2_sequence_plus_context,1,gatv2_graph_c_sprint8b_sequence_plus_context,gatv2,graph_c_context_observation,S5F2_energy,test,204,3300,,1,0.9841436147689819,late_fusion
sprint9_multiseed_S8B_R2_seed7_S8B_R2_sequence_plus_context,S8B_R2_sequence_plus_context,1,gatv2_graph_c_sprint8b_sequence_plus_context,gatv2,graph_c_context_observation,S5F2_energy,test,205,3300,,1,0.9895337224006653,late_fusion
sprint9_multiseed_S8B_R2_seed7_S8B_R2_sequence_plus_context,S8B_R2_sequence_plus_context,1,gatv2_graph_c_sprint8b_sequence_plus_context,gatv2,graph_c_context_observation,S5F2_energy,test,206,3300,,1,0.8263455629348755,late_fusion
sprint9_multiseed_S8B_R2_seed7_S8B_R2_sequence_plus_context,S8B_R2_sequence_plus_context,1,gatv2_graph_c_sprint8b_sequence_plus_context,gatv2,graph_c_context_observation,S5F2_energy,test,207,3300,,1,0.9691017866134644,late_fusion
sprint9_multiseed_S8B_R2_seed7_S8B_R2_sequence_plus_context,S8B_R2_sequence_plus_context,1,gatv2_graph_c_sprint8b_sequence_plus_context,gatv2,graph_c_context_observation,S5F2_energy,test,208,3300,,1,0.980560839176178,late_fusion
sprint9_multiseed_S8B_R2_seed7_S8B_R2_sequence_plus_context,S8B_R2_sequence_plus_context,1,gatv2_graph_c_sprint8b_sequence_plus_context,gatv2,graph_c_context_observation,S5F2_energy,test,209,3300,,1,0.8639962673187256,late_fusion
sprint9_multiseed_S8B_R2_seed7_S8B_R2_sequence_plus_context,S8B_R2_sequence_plus_context,1,gatv2_graph_c_sprint8b_sequence_plus_context,gatv2,graph_c_context_observation,S5F2_energy,test,210,3300,,1,0.9265124201774597,late_fusion
sprint9_multiseed_S8B_R2_seed7_S8B_R2_sequence_plus_context,S8B_R2_sequence_plus_context,1,gatv2_graph_c_sprint8b_sequence_plus_context,gatv2,graph_c_context_observation,S5F2_energy,test,211,3300,,1,0.9401302933692932,late_fusion
sprint9_multiseed_S8B_R2_seed7_S8B_R2_sequence_plus_context,S8B_R2_sequence_plus_context,1,gatv2_graph_c_sprint8b_sequence_plus_context,gatv2,graph_c_context_observation,S5F2_energy,test,212,3300,,1,0.9254505038261414,late_fusion
sprint9_multiseed_S8B_R2_seed7_S8B_R2_sequence_plus_context,S8B_R2_sequence_plus_context,1,gatv2_graph_c_sprint8b_sequence_plus_context,gatv2,graph_c_context_observation,S5F2_energy,test,213,3300,,1,0.9507722854614258,late_fusion
sprint9_multiseed_S8B_R2_seed7_S8B_R2_sequence_plus_context,S8B_R2_sequence_plus_context,1,gatv2_graph_c_sprint8b_sequence_plus_context,gatv2,graph_c_context_observation,S5F2_energy,test,214,3300,,1,0.9665831923484802,late_fusion
sprint9_multiseed_S8B_R2_seed7_S8B_R2_sequence_plus_context,S8B_R2_sequence_plus_context,1,gatv2_graph_c_sprint8b_sequence_plus_context,gatv2,graph_c_context_observation,S5F2_energy,test,215,3300,,1,0.9668900966644287,late_fusion
sprint9_multiseed_S8B_R2_seed7_S8B_R2_sequence_plus_context,S8B_R2_sequence_plus_context,1,gatv2_graph_c_sprint8b_sequence_plus_context,gatv2,graph_c_context_observation,S5F2_energy,test,216,3300,,1,0.9238319993019104,late_fusion
sprint9_multiseed_S8B_R2_seed7_S8B_R2_sequence_plus_context,S8B_R2_sequence_plus_context,1,gatv2_graph_c_sprint8b_sequence_plus_context,gatv2,graph_c_context_observation,S5F2_energy,test,217,3300,,1,0.9126561880111694,late_fusion
sprint9_multiseed_S8B_R2_seed7_S8B_R2_sequence_plus_context,S8B_R2_sequence_plus_context,1,gatv2_graph_c_sprint8b_sequence_plus_context,gatv2,graph_c_context_observation,S5F2_energy,test,218,3300,,1,0.9801555275917053,late_fusion
sprint9_multiseed_S8B_R2_seed7_S8B_R2_sequence_plus_context,S8B_R2_sequence_plus_context,1,gatv2_graph_c_sprint8b_sequence_plus_context,gatv2,graph_c_context_observation,S5F2_energy,test,219,3300,,1,0.9123357534408569,late_fusion
sprint9_multiseed_S8B_R2_seed7_S8B_R2_sequence_plus_context,S8B_R2_sequence_plus_context,1,gatv2_graph_c_sprint8b_sequence_plus_context,gatv2,graph_c_context_observation,S5F2_energy,test,220,3300,,1,0.9878548979759216,late_fusion
sprint9_multiseed_S8B_R2_seed7_S8B_R2_sequence_plus_context,S8B_R2_sequence_plus_context,1,gatv2_graph_c_sprint8b_sequence_plus_context,gatv2,graph_c_context_observation,S5F2_energy,test,221,3300,,1,0.9854941368103027,late_fusion
sprint9_multiseed_S8B_R2_seed7_S8B_R2_sequence_plus_context,S8B_R2_sequence_plus_context,1,gatv2_graph_c_sprint8b_sequence_plus_context,gatv2,graph_c_context_observation,S5F2_energy,test,222,3300,,1,0.9472974538803101,late_fusion
sprint9_multiseed_S8B_R2_seed7_S8B_R2_sequence_plus_context,S8B_R2_sequence_plus_context,1,gatv2_graph_c_sprint8b_sequence_plus_context,gatv2,graph_c_context_observation,S5F2_energy,test,223,3300,,1,0.8757453560829163,late_fusion
sprint9_multiseed_S8B_R2_seed7_S8B_R2_sequence_plus_context,S8B_R2_sequence_plus_context,1,gatv2_graph_c_sprint8b_sequence_plus_context,gatv2,graph_c_context_observation,S5F2_energy,test,224,3300,,1,0.9921898245811462,late_fusion
sprint9_multiseed_S8B_R2_seed7_S8B_R2_sequence_plus_context,S8B_R2_sequence_plus_context,1,gatv2_graph_c_sprint8b_sequence_plus_context,gatv2,graph_c_context_observation,S5F2_energy,test,225,3300,,1,0.8888278603553772,late_fusion
sprint9_multiseed_S8B_R2_seed7_S8B_R2_sequence_plus_context,S8B_R2_sequence_plus_context,1,gatv2_graph_c_sprint8b_sequence_plus_context,gatv2,graph_c_context_observation,S5F2_energy,test,226,3300,,1,0.9584627747535706,late_fusion
sprint9_multiseed_S8B_R2_seed7_S8B_R2_sequence_plus_context,S8B_R2_sequence_plus_context,1,gatv2_graph_c_sprint8b_sequence_plus_context,gatv2,graph_c_context_observation,S5F2_energy,test,227,3300,,1,0.9665775895118713,late_fusion
sprint9_multiseed_S8B_R2_seed7_S8B_R2_sequence_plus_context,S8B_R2_sequence_plus_context,1,gatv2_graph_c_sprint8b_sequence_plus_context,gatv2,graph_c_context_observation,S5F2_energy,test,228,3300,,1,0.9108222126960754,late_fusion
sprint9_multiseed_S8B_R2_seed7_S8B_R2_sequence_plus_context,S8B_R2_sequence_plus_context,1,gatv2_graph_c_sprint8b_sequence_plus_context,gatv2,graph_c_context_observation,S5F2_energy,test,229,3300,,1,0.9518045783042908,late_fusion
sprint9_multiseed_S8B_R2_seed7_S8B_R2_sequence_plus_context,S8B_R2_sequence_plus_context,1,gatv2_graph_c_sprint8b_sequence_plus_context,gatv2,graph_c_context_observation,S5F2_energy,test,230,3300,,1,0.9536821246147156,late_fusion
sprint9_multiseed_S8B_R2_seed7_S8B_R2_sequence_plus_context,S8B_R2_sequence_plus_context,1,gatv2_graph_c_sprint8b_sequence_plus_context,gatv2,graph_c_context_observation,S5F2_energy,test,231,3300,,1,0.9216992855072021,late_fusion
sprint9_multiseed_S8B_R2_seed7_S8B_R2_sequence_plus_context,S8B_R2_sequence_plus_context,1,gatv2_graph_c_sprint8b_sequence_plus_context,gatv2,graph_c_context_observation,S5F2_energy,test,232,3300,,1,0.9193261861801147,late_fusion
sprint9_multiseed_S8B_R2_seed7_S8B_R2_sequence_plus_context,S8B_R2_sequence_plus_context,1,gatv2_graph_c_sprint8b_sequence_plus_context,gatv2,graph_c_context_observation,S5F2_energy,test,233,3300,,1,0.9769680500030518,late_fusion
sprint9_multiseed_S8B_R2_seed7_S8B_R2_sequence_plus_context,S8B_R2_sequence_plus_context,1,gatv2_graph_c_sprint8b_sequence_plus_context,gatv2,graph_c_context_observation,S5F2_energy,test,234,3300,,1,0.9498836994171143,late_fusion
sprint9_multiseed_S8B_R2_seed7_S8B_R2_sequence_plus_context,S8B_R2_sequence_plus_context,1,gatv2_graph_c_sprint8b_sequence_plus_context,gatv2,graph_c_context_observation,S5F2_energy,test,235,3300,,1,0.8890582919120789,late_fusion
sprint9_multiseed_S8B_R2_seed7_S8B_R2_sequence_plus_context,S8B_R2_sequence_plus_context,1,gatv2_graph_c_sprint8b_sequence_plus_context,gatv2,graph_c_context_observation,S5F2_energy,test,236,3300,,1,0.966793954372406,late_fusion
sprint9_multiseed_S8B_R2_seed7_S8B_R2_sequence_plus_context,S8B_R2_sequence_plus_context,1,gatv2_graph_c_sprint8b_sequence_plus_context,gatv2,graph_c_context_observation,S5F2_energy,test,237,3300,,1,0.901114284992218,late_fusion
sprint9_multiseed_S8B_R2_seed7_S8B_R2_sequence_plus_context,S8B_R2_sequence_plus_context,1,gatv2_graph_c_sprint8b_sequence_plus_context,gatv2,graph_c_context_observation,S5F2_energy,test,238,3300,,1,0.911115825176239,late_fusion
sprint9_multiseed_S8B_R2_seed7_S8B_R2_sequence_plus_context,S8B_R2_sequence_plus_context,1,gatv2_graph_c_sprint8b_sequence_plus_context,gatv2,graph_c_context_observation,S5F2_energy,test,239,3300,,1,0.8872784972190857,late_fusion
sprint9_multiseed_S8B_R2_seed7_S8B_R2_sequence_plus_context,S8B_R2_sequence_plus_context,1,gatv2_graph_c_sprint8b_sequence_plus_context,gatv2,graph_c_context_observation,S5F2_energy,test,240,3300,,1,0.9364012479782104,late_fusion
sprint9_multiseed_S8B_R2_seed7_S8B_R2_sequence_plus_context,S8B_R2_sequence_plus_context,1,gatv2_graph_c_sprint8b_sequence_plus_context,gatv2,graph_c_context_observation,S5F2_energy,test,241,3300,,1,0.9431902766227722,late_fusion
sprint9_multiseed_S8B_R2_seed7_S8B_R2_sequence_plus_context,S8B_R2_sequence_plus_context,1,gatv2_graph_c_sprint8b_sequence_plus_context,gatv2,graph_c_context_observation,S5F2_energy,test,242,3300,,1,0.9329745173454285,late_fusion
sprint9_multiseed_S8B_R2_seed7_S8B_R2_sequence_plus_context,S8B_R2_sequence_plus_context,1,gatv2_graph_c_sprint8b_sequence_plus_context,gatv2,graph_c_context_observation,S5F2_energy,test,243,3300,,1,0.9284114837646484,late_fusion
sprint9_multiseed_S8B_R2_seed7_S8B_R2_sequence_plus_context,S8B_R2_sequence_plus_context,1,gatv2_graph_c_sprint8b_sequence_plus_context,gatv2,graph_c_context_observation,S5F2_energy,test,244,3300,,1,0.8940185904502869,late_fusion
sprint9_multiseed_S8B_R2_seed7_S8B_R2_sequence_plus_context,S8B_R2_sequence_plus_context,1,gatv2_graph_c_sprint8b_sequence_plus_context,gatv2,graph_c_context_observation,S5F2_energy,test,245,3300,,1,0.926471471786499,late_fusion
sprint9_multiseed_S8B_R2_seed7_S8B_R2_sequence_plus_context,S8B_R2_sequence_plus_context,1,gatv2_graph_c_sprint8b_sequence_plus_context,gatv2,graph_c_context_observation,S5F2_energy,test,246,3300,,1,0.8752620816230774,late_fusion
sprint9_multiseed_S8B_R2_seed7_S8B_R2_sequence_plus_context,S8B_R2_sequence_plus_context,1,gatv2_graph_c_sprint8b_sequence_plus_context,gatv2,graph_c_context_observation,S5F2_energy,test,247,3300,,1,0.8893423676490784,late_fusion
sprint9_multiseed_S8B_R2_seed7_S8B_R2_sequence_plus_context,S8B_R2_sequence_plus_context,1,gatv2_graph_c_sprint8b_sequence_plus_context,gatv2,graph_c_context_observation,S5F2_energy,test,248,3300,,1,0.894991934299469,late_fusion
sprint9_multiseed_S8B_R2_seed7_S8B_R2_sequence_plus_context,S8B_R2_sequence_plus_context,1,gatv2_graph_c_sprint8b_sequence_plus_context,gatv2,graph_c_context_observation,S5F2_energy,test,249,3300,,1,0.9115378856658936,late_fusion
sprint9_multiseed_S8B_R2_seed7_S8B_R2_sequence_plus_context,S8B_R2_sequence_plus_context,1,gatv2_graph_c_sprint8b_sequence_plus_context,gatv2,graph_c_context_observation,S5F2_energy,test,250,3300,,1,0.9354023933410645,late_fusion
sprint9_multiseed_S8B_R2_seed7_S8B_R2_sequence_plus_context,S8B_R2_sequence_plus_context,1,gatv2_graph_c_sprint8b_sequence_plus_context,gatv2,graph_c_context_observation,S5F2_energy,test,251,3300,,1,0.8488921523094177,late_fusion
sprint9_multiseed_S8B_R2_seed7_S8B_R2_sequence_plus_context,S8B_R2_sequence_plus_context,1,gatv2_graph_c_sprint8b_sequence_plus_context,gatv2,graph_c_context_observation,S5F2_energy,test,252,3300,,1,0.9638676643371582,late_fusion
sprint9_multiseed_S8B_R2_seed7_S8B_R2_sequence_plus_context,S8B_R2_sequence_plus_context,1,gatv2_graph_c_sprint8b_sequence_plus_context,gatv2,graph_c_context_observation,S5F2_energy,test,253,3300,,1,0.9185677766799927,late_fusion
sprint9_multiseed_S8B_R2_seed7_S8B_R2_sequence_plus_context,S8B_R2_sequence_plus_context,1,gatv2_graph_c_sprint8b_sequence_plus_context,gatv2,graph_c_context_observation,S5F2_energy,test,254,3300,,1,0.9036120176315308,late_fusion
sprint9_multiseed_S8B_R2_seed7_S8B_R2_sequence_plus_context,S8B_R2_sequence_plus_context,1,gatv2_graph_c_sprint8b_sequence_plus_context,gatv2,graph_c_context_observation,S5F2_energy,test,255,3300,,1,0.9138311147689819,late_fusion
sprint9_multiseed_S8B_R2_seed7_S8B_R2_sequence_plus_context,S8B_R2_sequence_plus_context,1,gatv2_graph_c_sprint8b_sequence_plus_context,gatv2,graph_c_context_observation,S5F2_energy,test,256,3300,,1,0.8880823850631714,late_fusion
sprint9_multiseed_S8B_R2_seed7_S8B_R2_sequence_plus_context,S8B_R2_sequence_plus_context,1,gatv2_graph_c_sprint8b_sequence_plus_context,gatv2,graph_c_context_observation,S5F2_energy,test,257,3300,,1,0.9375976324081421,late_fusion
sprint9_multiseed_S8B_R2_seed7_S8B_R2_sequence_plus_context,S8B_R2_sequence_plus_context,1,gatv2_graph_c_sprint8b_sequence_plus_context,gatv2,graph_c_context_observation,S5F2_energy,test,258,3300,,1,0.9432387351989746,late_fusion
sprint9_multiseed_S8B_R2_seed7_S8B_R2_sequence_plus_context,S8B_R2_sequence_plus_context,1,gatv2_graph_c_sprint8b_sequence_plus_context,gatv2,graph_c_context_observation,S5F2_energy,test,259,3300,,1,0.9237918257713318,late_fusion
sprint9_multiseed_S8B_R2_seed7_S8B_R2_sequence_plus_context,S8B_R2_sequence_plus_context,1,gatv2_graph_c_sprint8b_sequence_plus_context,gatv2,graph_c_context_observation,S5F2_energy,test,260,3300,,1,0.9232732653617859,late_fusion
sprint9_multiseed_S8B_R2_seed7_S8B_R2_sequence_plus_context,S8B_R2_sequence_plus_context,1,gatv2_graph_c_sprint8b_sequence_plus_context,gatv2,graph_c_context_observation,S5F2_energy,test,261,3300,,1,0.9276163578033447,late_fusion
sprint9_multiseed_S8B_R2_seed7_S8B_R2_sequence_plus_context,S8B_R2_sequence_plus_context,1,gatv2_graph_c_sprint8b_sequence_plus_context,gatv2,graph_c_context_observation,S5F2_energy,test,262,3300,,1,0.8635488152503967,late_fusion
sprint9_multiseed_S8B_R2_seed7_S8B_R2_sequence_plus_context,S8B_R2_sequence_plus_context,1,gatv2_graph_c_sprint8b_sequence_plus_context,gatv2,graph_c_context_observation,S5F2_energy,test,263,3300,,1,0.8962672352790833,late_fusion
sprint9_multiseed_S8B_R2_seed7_S8B_R2_sequence_plus_context,S8B_R2_sequence_plus_context,1,gatv2_graph_c_sprint8b_sequence_plus_context,gatv2,graph_c_context_observation,S5F2_energy,test,264,3300,,1,0.8923971056938171,late_fusion
sprint9_multiseed_S8B_R2_seed7_S8B_R2_sequence_plus_context,S8B_R2_sequence_plus_context,1,gatv2_graph_c_sprint8b_sequence_plus_context,gatv2,graph_c_context_observation,S5F2_energy,test,265,3300,,1,0.9145365953445435,late_fusion
sprint9_multiseed_S8B_R2_seed7_S8B_R2_sequence_plus_context,S8B_R2_sequence_plus_context,1,gatv2_graph_c_sprint8b_sequence_plus_context,gatv2,graph_c_context_observation,S5F2_energy,test,266,3300,,1,0.923956036567688,late_fusion
sprint9_multiseed_S8B_R2_seed7_S8B_R2_sequence_plus_context,S8B_R2_sequence_plus_context,1,gatv2_graph_c_sprint8b_sequence_plus_context,gatv2,graph_c_context_observation,S5F2_energy,test,267,3300,,1,0.9201837182044983,late_fusion
sprint9_multiseed_S8B_R2_seed7_S8B_R2_sequence_plus_context,S8B_R2_sequence_plus_context,1,gatv2_graph_c_sprint8b_sequence_plus_context,gatv2,graph_c_context_observation,S5F2_energy,test,268,3300,,1,0.916528046131134,late_fusion
sprint9_multiseed_S8B_R2_seed7_S8B_R2_sequence_plus_context,S8B_R2_sequence_plus_context,1,gatv2_graph_c_sprint8b_sequence_plus_context,gatv2,graph_c_context_observation,S5F2_energy,test,269,3300,,1,0.9243272542953491,late_fusion
sprint9_multiseed_S8B_R2_seed7_S8B_R2_sequence_plus_context,S8B_R2_sequence_plus_context,1,gatv2_graph_c_sprint8b_sequence_plus_context,gatv2,graph_c_context_observation,S5F2_energy,test,270,3300,,1,0.8946954607963562,late_fusion
sprint9_multiseed_S8B_R2_seed7_S8B_R2_sequence_plus_context,S8B_R2_sequence_plus_context,1,gatv2_graph_c_sprint8b_sequence_plus_context,gatv2,graph_c_context_observation,S5F2_energy,test,271,3300,,1,0.8883287906646729,late_fusion
sprint9_multiseed_S8B_R2_seed7_S8B_R2_sequence_plus_context,S8B_R2_sequence_plus_context,1,gatv2_graph_c_sprint8b_sequence_plus_context,gatv2,graph_c_context_observation,S5F2_energy,test,272,3300,,1,0.8949905633926392,late_fusion
sprint9_multiseed_S8B_R2_seed7_S8B_R2_sequence_plus_context,S8B_R2_sequence_plus_context,1,gatv2_graph_c_sprint8b_sequence_plus_context,gatv2,graph_c_context_observation,S5F2_energy,test,273,3300,,1,0.8779598474502563,late_fusion
sprint9_multiseed_S8B_R2_seed7_S8B_R2_sequence_plus_context,S8B_R2_sequence_plus_context,1,gatv2_graph_c_sprint8b_sequence_plus_context,gatv2,graph_c_context_observation,S5F2_energy,test,274,3300,,1,0.837800145149231,late_fusion
sprint9_multiseed_S8B_R2_seed7_S8B_R2_sequence_plus_context,S8B_R2_sequence_plus_context,1,gatv2_graph_c_sprint8b_sequence_plus_context,gatv2,graph_c_context_observation,S5F2_energy,test,275,3300,,1,0.8705980181694031,late_fusion
sprint9_multiseed_S8B_R2_seed7_S8B_R2_sequence_plus_context,S8B_R2_sequence_plus_context,1,gatv2_graph_c_sprint8b_sequence_plus_context,gatv2,graph_c_context_observation,S5F2_energy,test,276,3300,,1,0.962647020816803,late_fusion
sprint9_multiseed_S8B_R2_seed7_S8B_R2_sequence_plus_context,S8B_R2_sequence_plus_context,1,gatv2_graph_c_sprint8b_sequence_plus_context,gatv2,graph_c_context_observation,S5F2_energy,test,277,3300,,1,0.943305492401123,late_fusion
sprint9_multiseed_S8B_R2_seed7_S8B_R2_sequence_plus_context,S8B_R2_sequence_plus_context,1,gatv2_graph_c_sprint8b_sequence_plus_context,gatv2,graph_c_context_observation,S5F2_energy,test,278,3300,,1,0.9180329442024231,late_fusion
sprint9_multiseed_S8B_R2_seed7_S8B_R2_sequence_plus_context,S8B_R2_sequence_plus_context,1,gatv2_graph_c_sprint8b_sequence_plus_context,gatv2,graph_c_context_observation,S5F2_energy,test,279,3300,,1,0.9286209344863892,late_fusion
sprint9_multiseed_S8B_R2_seed7_S8B_R2_sequence_plus_context,S8B_R2_sequence_plus_context,1,gatv2_graph_c_sprint8b_sequence_plus_context,gatv2,graph_c_context_observation,S5F2_energy,test,280,3300,,1,0.9095534682273865,late_fusion
sprint9_multiseed_S8B_R2_seed7_S8B_R2_sequence_plus_context,S8B_R2_sequence_plus_context,1,gatv2_graph_c_sprint8b_sequence_plus_context,gatv2,graph_c_context_observation,S5F2_energy,test,281,3300,,1,0.9124588370323181,late_fusion
sprint9_multiseed_S8B_R2_seed7_S8B_R2_sequence_plus_context,S8B_R2_sequence_plus_context,1,gatv2_graph_c_sprint8b_sequence_plus_context,gatv2,graph_c_context_observation,S5F2_energy,test,282,3300,,1,0.9017176628112793,late_fusion
sprint9_multiseed_S8B_R2_seed7_S8B_R2_sequence_plus_context,S8B_R2_sequence_plus_context,1,gatv2_graph_c_sprint8b_sequence_plus_context,gatv2,graph_c_context_observation,S5F2_energy,test,283,3300,,1,0.936545729637146,late_fusion
sprint9_multiseed_S8B_R2_seed7_S8B_R2_sequence_plus_context,S8B_R2_sequence_plus_context,1,gatv2_graph_c_sprint8b_sequence_plus_context,gatv2,graph_c_context_observation,S5F2_energy,test,284,3300,,1,0.9171623587608337,late_fusion
sprint9_multiseed_S8B_R2_seed7_S8B_R2_sequence_plus_context,S8B_R2_sequence_plus_context,1,gatv2_graph_c_sprint8b_sequence_plus_context,gatv2,graph_c_context_observation,S5F2_energy,test,285,3300,,1,0.8687735199928284,late_fusion
sprint9_multiseed_S8B_R2_seed7_S8B_R2_sequence_plus_context,S8B_R2_sequence_plus_context,1,gatv2_graph_c_sprint8b_sequence_plus_context,gatv2,graph_c_context_observation,S5F2_energy,test,286,3300,,1,0.9171196222305298,late_fusion
sprint9_multiseed_S8B_R2_seed7_S8B_R2_sequence_plus_context,S8B_R2_sequence_plus_context,1,gatv2_graph_c_sprint8b_sequence_plus_context,gatv2,graph_c_context_observation,S5F2_energy,test,287,3300,,1,0.9263520836830139,late_fusion
sprint9_multiseed_S8B_R2_seed7_S8B_R2_sequence_plus_context,S8B_R2_sequence_plus_context,1,gatv2_graph_c_sprint8b_sequence_plus_context,gatv2,graph_c_context_observation,S5F2_energy,test,288,3300,,1,0.901749849319458,late_fusion
sprint9_multiseed_S8B_R2_seed7_S8B_R2_sequence_plus_context,S8B_R2_sequence_plus_context,1,gatv2_graph_c_sprint8b_sequence_plus_context,gatv2,graph_c_context_observation,S5F2_energy,test,289,3300,,1,0.9301744699478149,late_fusion
sprint9_multiseed_S8B_R2_seed7_S8B_R2_sequence_plus_context,S8B_R2_sequence_plus_context,1,gatv2_graph_c_sprint8b_sequence_plus_context,gatv2,graph_c_context_observation,S5F2_energy,test,290,3300,,1,0.8816955089569092,late_fusion
sprint9_multiseed_S8B_R2_seed7_S8B_R2_sequence_plus_context,S8B_R2_sequence_plus_context,1,gatv2_graph_c_sprint8b_sequence_plus_context,gatv2,graph_c_context_observation,S5F2_energy,test,291,3300,,1,0.9801810383796692,late_fusion
sprint9_multiseed_S8B_R2_seed7_S8B_R2_sequence_plus_context,S8B_R2_sequence_plus_context,1,gatv2_graph_c_sprint8b_sequence_plus_context,gatv2,graph_c_context_observation,S5F2_energy,test,292,3300,,1,0.9090428948402405,late_fusion
sprint9_multiseed_S8B_R2_seed7_S8B_R2_sequence_plus_context,S8B_R2_sequence_plus_context,1,gatv2_graph_c_sprint8b_sequence_plus_context,gatv2,graph_c_context_observation,S5F2_energy,test,293,3300,,1,0.8944693207740784,late_fusion
sprint9_multiseed_S8B_R2_seed7_S8B_R2_sequence_plus_context,S8B_R2_sequence_plus_context,1,gatv2_graph_c_sprint8b_sequence_plus_context,gatv2,graph_c_context_observation,S5F2_energy,test,294,3300,,1,0.9541619420051575,late_fusion
sprint9_multiseed_S8B_R2_seed7_S8B_R2_sequence_plus_context,S8B_R2_sequence_plus_context,1,gatv2_graph_c_sprint8b_sequence_plus_context,gatv2,graph_c_context_observation,S5F2_energy,test,295,3300,,1,0.9187037944793701,late_fusion
sprint9_multiseed_S8B_R2_seed7_S8B_R2_sequence_plus_context,S8B_R2_sequence_plus_context,1,gatv2_graph_c_sprint8b_sequence_plus_context,gatv2,graph_c_context_observation,S5F2_energy,test,296,3300,,1,0.9683264493942261,late_fusion
sprint9_multiseed_S8B_R2_seed7_S8B_R2_sequence_plus_context,S8B_R2_sequence_plus_context,1,gatv2_graph_c_sprint8b_sequence_plus_context,gatv2,graph_c_context_observation,S5F2_energy,test,297,3300,,1,0.8911749720573425,late_fusion
sprint9_multiseed_S8B_R2_seed7_S8B_R2_sequence_plus_context,S8B_R2_sequence_plus_context,1,gatv2_graph_c_sprint8b_sequence_plus_context,gatv2,graph_c_context_observation,S5F2_energy,test,298,3300,,1,0.9074376821517944,late_fusion
sprint9_multiseed_S8B_R2_seed7_S8B_R2_sequence_plus_context,S8B_R2_sequence_plus_context,1,gatv2_graph_c_sprint8b_sequence_plus_context,gatv2,graph_c_context_observation,S5F2_energy,test,299,3300,,1,0.9406867623329163,late_fusion
sprint9_multiseed_S8B_R2_seed7_S8B_R2_sequence_plus_context,S8B_R2_sequence_plus_context,1,gatv2_graph_c_sprint8b_sequence_plus_context,gatv2,graph_c_context_observation,S5F2_energy,test,300,3300,,1,0.940420925617218,late_fusion
sprint9_multiseed_S8B_R2_seed7_S8B_R2_sequence_plus_context,S8B_R2_sequence_plus_context,1,gatv2_graph_c_sprint8b_sequence_plus_context,gatv2,graph_c_context_observation,S5F2_energy,test,301,3300,,1,0.9547522664070129,late_fusion
sprint9_multiseed_S8B_R2_seed7_S8B_R2_sequence_plus_context,S8B_R2_sequence_plus_context,1,gatv2_graph_c_sprint8b_sequence_plus_context,gatv2,graph_c_context_observation,S5F2_energy,test,302,3300,,1,0.8547176718711853,late_fusion
sprint9_multiseed_S8B_R2_seed7_S8B_R2_sequence_plus_context,S8B_R2_sequence_plus_context,1,gatv2_graph_c_sprint8b_sequence_plus_context,gatv2,graph_c_context_observation,S5F2_energy,test,303,3300,,1,0.9520338177680969,late_fusion
sprint9_multiseed_S8B_R2_seed7_S8B_R2_sequence_plus_context,S8B_R2_sequence_plus_context,1,gatv2_graph_c_sprint8b_sequence_plus_context,gatv2,graph_c_context_observation,S5F2_energy,test,304,3300,,1,0.9190671443939209,late_fusion
sprint9_multiseed_S8B_R2_seed7_S8B_R2_sequence_plus_context,S8B_R2_sequence_plus_context,1,gatv2_graph_c_sprint8b_sequence_plus_context,gatv2,graph_c_context_observation,S5F2_energy,test,305,3300,,1,0.9218421578407288,late_fusion
sprint9_multiseed_S8B_R2_seed7_S8B_R2_sequence_plus_context,S8B_R2_sequence_plus_context,1,gatv2_graph_c_sprint8b_sequence_plus_context,gatv2,graph_c_context_observation,S5F2_energy,test,306,3300,,1,0.9244384765625,late_fusion
sprint9_multiseed_S8B_R2_seed7_S8B_R2_sequence_plus_context,S8B_R2_sequence_plus_context,1,gatv2_graph_c_sprint8b_sequence_plus_context,gatv2,graph_c_context_observation,S5F2_energy,test,307,3300,,1,0.9408859610557556,late_fusion
sprint9_multiseed_S8B_R2_seed7_S8B_R2_sequence_plus_context,S8B_R2_sequence_plus_context,1,gatv2_graph_c_sprint8b_sequence_plus_context,gatv2,graph_c_context_observation,S5F2_energy,test,308,3300,,1,0.9067553877830505,late_fusion
sprint9_multiseed_S8B_R2_seed7_S8B_R2_sequence_plus_context,S8B_R2_sequence_plus_context,1,gatv2_graph_c_sprint8b_sequence_plus_context,gatv2,graph_c_context_observation,S5F2_energy,test,309,3300,,1,0.9792221188545227,late_fusion
sprint9_multiseed_S8B_R2_seed7_S8B_R2_sequence_plus_context,S8B_R2_sequence_plus_context,1,gatv2_graph_c_sprint8b_sequence_plus_context,gatv2,graph_c_context_observation,S5F2_energy,test,310,3300,,1,0.9352427124977112,late_fusion
sprint9_multiseed_S8B_R2_seed7_S8B_R2_sequence_plus_context,S8B_R2_sequence_plus_context,1,gatv2_graph_c_sprint8b_sequence_plus_context,gatv2,graph_c_context_observation,S5F2_energy,test,311,3300,,1,0.9111393094062805,late_fusion
sprint9_multiseed_S8B_R2_seed7_S8B_R2_sequence_plus_context,S8B_R2_sequence_plus_context,1,gatv2_graph_c_sprint8b_sequence_plus_context,gatv2,graph_c_context_observation,S5F2_energy,test,312,3300,,1,0.8978254795074463,late_fusion
sprint9_multiseed_S8B_R2_seed7_S8B_R2_sequence_plus_context,S8B_R2_sequence_plus_context,1,gatv2_graph_c_sprint8b_sequence_plus_context,gatv2,graph_c_context_observation,S5F2_energy,test,313,3300,,1,0.9132214784622192,late_fusion
sprint9_multiseed_S8B_R2_seed7_S8B_R2_sequence_plus_context,S8B_R2_sequence_plus_context,1,gatv2_graph_c_sprint8b_sequence_plus_context,gatv2,graph_c_context_observation,S5F2_energy,test,314,3300,,1,0.9041722416877747,late_fusion
sprint9_multiseed_S8B_R2_seed7_S8B_R2_sequence_plus_context,S8B_R2_sequence_plus_context,1,gatv2_graph_c_sprint8b_sequence_plus_context,gatv2,graph_c_context_observation,S5F2_energy,test,315,3300,,1,0.9601038694381714,late_fusion
sprint9_multiseed_S8B_R2_seed7_S8B_R2_sequence_plus_context,S8B_R2_sequence_plus_context,1,gatv2_graph_c_sprint8b_sequence_plus_context,gatv2,graph_c_context_observation,S5F2_energy,test,316,3300,,1,0.9014148712158203,late_fusion
sprint9_multiseed_S8B_R2_seed7_S8B_R2_sequence_plus_context,S8B_R2_sequence_plus_context,1,gatv2_graph_c_sprint8b_sequence_plus_context,gatv2,graph_c_context_observation,S5F2_energy,test,317,3300,,1,0.8591472506523132,late_fusion
sprint9_multiseed_S8B_R2_seed7_S8B_R2_sequence_plus_context,S8B_R2_sequence_plus_context,1,gatv2_graph_c_sprint8b_sequence_plus_context,gatv2,graph_c_context_observation,S5F2_energy,test,318,3300,,1,0.9249023199081421,late_fusion
sprint9_multiseed_S8B_R2_seed7_S8B_R2_sequence_plus_context,S8B_R2_sequence_plus_context,1,gatv2_graph_c_sprint8b_sequence_plus_context,gatv2,graph_c_context_observation,S5F2_energy,test,319,3300,,1,0.9166573286056519,late_fusion
sprint9_multiseed_S8B_R2_seed7_S8B_R2_sequence_plus_context,S8B_R2_sequence_plus_context,1,gatv2_graph_c_sprint8b_sequence_plus_context,gatv2,graph_c_context_observation,S5F2_energy,test,320,3300,,1,0.8878717422485352,late_fusion
sprint9_multiseed_S8B_R2_seed7_S8B_R2_sequence_plus_context,S8B_R2_sequence_plus_context,1,gatv2_graph_c_sprint8b_sequence_plus_context,gatv2,graph_c_context_observation,S5F2_energy,test,321,3300,,1,0.9216154217720032,late_fusion
sprint9_multiseed_S8B_R2_seed7_S8B_R2_sequence_plus_context,S8B_R2_sequence_plus_context,1,gatv2_graph_c_sprint8b_sequence_plus_context,gatv2,graph_c_context_observation,S5F2_energy,test,322,3420,,1,0.487212598323822,late_fusion
sprint9_multiseed_S8B_R2_seed7_S8B_R2_sequence_plus_context,S8B_R2_sequence_plus_context,1,gatv2_graph_c_sprint8b_sequence_plus_context,gatv2,graph_c_context_observation,S5F2_energy,test,323,3420,,1,0.2656960189342499,late_fusion
sprint9_multiseed_S8B_R2_seed7_S8B_R2_sequence_plus_context,S8B_R2_sequence_plus_context,1,gatv2_graph_c_sprint8b_sequence_plus_context,gatv2,graph_c_context_observation,S5F2_energy,test,324,3420,,1,0.3081144392490387,late_fusion
sprint9_multiseed_S8B_R2_seed7_S8B_R2_sequence_plus_context,S8B_R2_sequence_plus_context,1,gatv2_graph_c_sprint8b_sequence_plus_context,gatv2,graph_c_context_observation,S5F2_energy,test,325,3420,,1,0.30127376317977905,late_fusion
sprint9_multiseed_S8B_R2_seed7_S8B_R2_sequence_plus_context,S8B_R2_sequence_plus_context,1,gatv2_graph_c_sprint8b_sequence_plus_context,gatv2,graph_c_context_observation,S5F2_energy,test,326,3420,,1,0.2988770604133606,late_fusion
sprint9_multiseed_S8B_R2_seed7_S8B_R2_sequence_plus_context,S8B_R2_sequence_plus_context,1,gatv2_graph_c_sprint8b_sequence_plus_context,gatv2,graph_c_context_observation,S5F2_energy,test,327,3420,,1,0.3039943277835846,late_fusion
sprint9_multiseed_S8B_R2_seed7_S8B_R2_sequence_plus_context,S8B_R2_sequence_plus_context,1,gatv2_graph_c_sprint8b_sequence_plus_context,gatv2,graph_c_context_observation,S5F2_energy,test,328,3420,,1,0.2804875075817108,late_fusion
sprint9_multiseed_S8B_R2_seed7_S8B_R2_sequence_plus_context,S8B_R2_sequence_plus_context,1,gatv2_graph_c_sprint8b_sequence_plus_context,gatv2,graph_c_context_observation,S5F2_energy,test,329,3420,,1,0.28537359833717346,late_fusion
sprint9_multiseed_S8B_R2_seed7_S8B_R2_sequence_plus_context,S8B_R2_sequence_plus_context,1,gatv2_graph_c_sprint8b_sequence_plus_context,gatv2,graph_c_context_observation,S5F2_energy,test,330,3420,,1,0.31081563234329224,late_fusion
sprint9_multiseed_S8B_R2_seed7_S8B_R2_sequence_plus_context,S8B_R2_sequence_plus_context,1,gatv2_graph_c_sprint8b_sequence_plus_context,gatv2,graph_c_context_observation,S5F2_energy,test,331,3420,,1,0.4306725561618805,late_fusion
sprint9_multiseed_S8B_R2_seed7_S8B_R2_sequence_plus_context,S8B_R2_sequence_plus_context,1,gatv2_graph_c_sprint8b_sequence_plus_context,gatv2,graph_c_context_observation,S5F2_energy,test,332,3420,,1,0.48015493154525757,late_fusion
sprint9_multiseed_S8B_R2_seed7_S8B_R2_sequence_plus_context,S8B_R2_sequence_plus_context,1,gatv2_graph_c_sprint8b_sequence_plus_context,gatv2,graph_c_context_observation,S5F2_energy,test,333,3420,,1,0.3122035264968872,late_fusion
sprint9_multiseed_S8B_R2_seed7_S8B_R2_sequence_plus_context,S8B_R2_sequence_plus_context,1,gatv2_graph_c_sprint8b_sequence_plus_context,gatv2,graph_c_context_observation,S5F2_energy,test,334,3420,,1,0.3011675179004669,late_fusion
sprint9_multiseed_S8B_R2_seed7_S8B_R2_sequence_plus_context,S8B_R2_sequence_plus_context,1,gatv2_graph_c_sprint8b_sequence_plus_context,gatv2,graph_c_context_observation,S5F2_energy,test,335,3420,,1,0.31655263900756836,late_fusion
sprint9_multiseed_S8B_R2_seed7_S8B_R2_sequence_plus_context,S8B_R2_sequence_plus_context,1,gatv2_graph_c_sprint8b_sequence_plus_context,gatv2,graph_c_context_observation,S5F2_energy,test,336,3420,,1,0.3184490501880646,late_fusion
sprint9_multiseed_S8B_R2_seed7_S8B_R2_sequence_plus_context,S8B_R2_sequence_plus_context,1,gatv2_graph_c_sprint8b_sequence_plus_context,gatv2,graph_c_context_observation,S5F2_energy,test,337,3420,,1,0.2820444107055664,late_fusion
sprint9_multiseed_S8B_R2_seed7_S8B_R2_sequence_plus_context,S8B_R2_sequence_plus_context,1,gatv2_graph_c_sprint8b_sequence_plus_context,gatv2,graph_c_context_observation,S5F2_energy,test,338,3420,,1,0.26811692118644714,late_fusion
sprint9_multiseed_S8B_R2_seed7_S8B_R2_sequence_plus_context,S8B_R2_sequence_plus_context,1,gatv2_graph_c_sprint8b_sequence_plus_context,gatv2,graph_c_context_observation,S5F2_energy,test,339,3420,,1,0.298353374004364,late_fusion
sprint9_multiseed_S8B_R2_seed7_S8B_R2_sequence_plus_context,S8B_R2_sequence_plus_context,1,gatv2_graph_c_sprint8b_sequence_plus_context,gatv2,graph_c_context_observation,S5F2_energy,test,340,3420,,1,0.3517971634864807,late_fusion
sprint9_multiseed_S8B_R2_seed7_S8B_R2_sequence_plus_context,S8B_R2_sequence_plus_context,1,gatv2_graph_c_sprint8b_sequence_plus_context,gatv2,graph_c_context_observation,S5F2_energy,test,341,3420,,1,0.2989477813243866,late_fusion
sprint9_multiseed_S8B_R2_seed7_S8B_R2_sequence_plus_context,S8B_R2_sequence_plus_context,1,gatv2_graph_c_sprint8b_sequence_plus_context,gatv2,graph_c_context_observation,S5F2_energy,test,342,3420,,1,0.27348822355270386,late_fusion
sprint9_multiseed_S8B_R2_seed7_S8B_R2_sequence_plus_context,S8B_R2_sequence_plus_context,1,gatv2_graph_c_sprint8b_sequence_plus_context,gatv2,graph_c_context_observation,S5F2_energy,test,343,3420,,1,0.25545668601989746,late_fusion
sprint9_multiseed_S8B_R2_seed7_S8B_R2_sequence_plus_context,S8B_R2_sequence_plus_context,1,gatv2_graph_c_sprint8b_sequence_plus_context,gatv2,graph_c_context_observation,S5F2_energy,test,344,3420,,1,0.2956457734107971,late_fusion
sprint9_multiseed_S8B_R2_seed7_S8B_R2_sequence_plus_context,S8B_R2_sequence_plus_context,1,gatv2_graph_c_sprint8b_sequence_plus_context,gatv2,graph_c_context_observation,S5F2_energy,test,345,3420,,1,0.3026711940765381,late_fusion
sprint9_multiseed_S8B_R2_seed7_S8B_R2_sequence_plus_context,S8B_R2_sequence_plus_context,1,gatv2_graph_c_sprint8b_sequence_plus_context,gatv2,graph_c_context_observation,S5F2_energy,test,346,3420,,1,0.2775445580482483,late_fusion
sprint9_multiseed_S8B_R2_seed7_S8B_R2_sequence_plus_context,S8B_R2_sequence_plus_context,1,gatv2_graph_c_sprint8b_sequence_plus_context,gatv2,graph_c_context_observation,S5F2_energy,test,347,3420,,1,0.2891049087047577,late_fusion
sprint9_multiseed_S8B_R2_seed7_S8B_R2_sequence_plus_context,S8B_R2_sequence_plus_context,1,gatv2_graph_c_sprint8b_sequence_plus_context,gatv2,graph_c_context_observation,S5F2_energy,test,348,3420,,1,0.2668466866016388,late_fusion
sprint9_multiseed_S8B_R2_seed7_S8B_R2_sequence_plus_context,S8B_R2_sequence_plus_context,1,gatv2_graph_c_sprint8b_sequence_plus_context,gatv2,graph_c_context_observation,S5F2_energy,test,349,3420,,1,0.2948995530605316,late_fusion
sprint9_multiseed_S8B_R2_seed7_S8B_R2_sequence_plus_context,S8B_R2_sequence_plus_context,1,gatv2_graph_c_sprint8b_sequence_plus_context,gatv2,graph_c_context_observation,S5F2_energy,test,350,3420,,1,0.3125721216201782,late_fusion
sprint9_multiseed_S8B_R2_seed7_S8B_R2_sequence_plus_context,S8B_R2_sequence_plus_context,1,gatv2_graph_c_sprint8b_sequence_plus_context,gatv2,graph_c_context_observation,S5F2_energy,test,351,3420,,1,0.2784486413002014,late_fusion
sprint9_multiseed_S8B_R2_seed7_S8B_R2_sequence_plus_context,S8B_R2_sequence_plus_context,1,gatv2_graph_c_sprint8b_sequence_plus_context,gatv2,graph_c_context_observation,S5F2_energy,test,352,3420,,1,0.42737486958503723,late_fusion
sprint9_multiseed_S8B_R2_seed7_S8B_R2_sequence_plus_context,S8B_R2_sequence_plus_context,1,gatv2_graph_c_sprint8b_sequence_plus_context,gatv2,graph_c_context_observation,S5F2_energy,test,353,3420,,1,0.2867620289325714,late_fusion
sprint9_multiseed_S8B_R2_seed7_S8B_R2_sequence_plus_context,S8B_R2_sequence_plus_context,1,gatv2_graph_c_sprint8b_sequence_plus_context,gatv2,graph_c_context_observation,S5F2_energy,test,354,3420,,1,0.30034488439559937,late_fusion
sprint9_multiseed_S8B_R2_seed7_S8B_R2_sequence_plus_context,S8B_R2_sequence_plus_context,1,gatv2_graph_c_sprint8b_sequence_plus_context,gatv2,graph_c_context_observation,S5F2_energy,test,355,3420,,1,0.2965922951698303,late_fusion
sprint9_multiseed_S8B_R2_seed7_S8B_R2_sequence_plus_context,S8B_R2_sequence_plus_context,1,gatv2_graph_c_sprint8b_sequence_plus_context,gatv2,graph_c_context_observation,S5F2_energy,test,356,3420,,1,0.24730636179447174,late_fusion
sprint9_multiseed_S8B_R2_seed7_S8B_R2_sequence_plus_context,S8B_R2_sequence_plus_context,1,gatv2_graph_c_sprint8b_sequence_plus_context,gatv2,graph_c_context_observation,S5F2_energy,test,357,3420,,1,0.26751190423965454,late_fusion
sprint9_multiseed_S8B_R2_seed7_S8B_R2_sequence_plus_context,S8B_R2_sequence_plus_context,1,gatv2_graph_c_sprint8b_sequence_plus_context,gatv2,graph_c_context_observation,S5F2_energy,test,358,3420,,1,0.35719484090805054,late_fusion
sprint9_multiseed_S8B_R2_seed7_S8B_R2_sequence_plus_context,S8B_R2_sequence_plus_context,1,gatv2_graph_c_sprint8b_sequence_plus_context,gatv2,graph_c_context_observation,S5F2_energy,test,359,3420,,1,0.25729286670684814,late_fusion
sprint9_multiseed_S8B_R2_seed7_S8B_R2_sequence_plus_context,S8B_R2_sequence_plus_context,1,gatv2_graph_c_sprint8b_sequence_plus_context,gatv2,graph_c_context_observation,S5F2_energy,test,360,3420,,1,0.28206437826156616,late_fusion
sprint9_multiseed_S8B_R2_seed7_S8B_R2_sequence_plus_context,S8B_R2_sequence_plus_context,1,gatv2_graph_c_sprint8b_sequence_plus_context,gatv2,graph_c_context_observation,S5F2_energy,test,361,3420,,1,0.3021962642669678,late_fusion
sprint9_multiseed_S8B_R2_seed7_S8B_R2_sequence_plus_context,S8B_R2_sequence_plus_context,1,gatv2_graph_c_sprint8b_sequence_plus_context,gatv2,graph_c_context_observation,S5F2_energy,test,362,3420,,1,0.2651028037071228,late_fusion
sprint9_multiseed_S8B_R2_seed7_S8B_R2_sequence_plus_context,S8B_R2_sequence_plus_context,1,gatv2_graph_c_sprint8b_sequence_plus_context,gatv2,graph_c_context_observation,S5F2_energy,test,363,3420,,1,0.27113959193229675,late_fusion
sprint9_multiseed_S8B_R2_seed7_S8B_R2_sequence_plus_context,S8B_R2_sequence_plus_context,1,gatv2_graph_c_sprint8b_sequence_plus_context,gatv2,graph_c_context_observation,S5F2_energy,test,364,3420,,1,0.25805041193962097,late_fusion
sprint9_multiseed_S8B_R2_seed7_S8B_R2_sequence_plus_context,S8B_R2_sequence_plus_context,1,gatv2_graph_c_sprint8b_sequence_plus_context,gatv2,graph_c_context_observation,S5F2_energy,test,365,3420,,1,0.24894292652606964,late_fusion
sprint9_multiseed_S8B_R2_seed7_S8B_R2_sequence_plus_context,S8B_R2_sequence_plus_context,1,gatv2_graph_c_sprint8b_sequence_plus_context,gatv2,graph_c_context_observation,S5F2_energy,test,366,3420,,1,0.24451763927936554,late_fusion
sprint9_multiseed_S8B_R2_seed7_S8B_R2_sequence_plus_context,S8B_R2_sequence_plus_context,1,gatv2_graph_c_sprint8b_sequence_plus_context,gatv2,graph_c_context_observation,S5F2_energy,test,367,3420,,1,0.24659381806850433,late_fusion
sprint9_multiseed_S8B_R2_seed7_S8B_R2_sequence_plus_context,S8B_R2_sequence_plus_context,1,gatv2_graph_c_sprint8b_sequence_plus_context,gatv2,graph_c_context_observation,S5F2_energy,test,368,3420,,1,0.2990187704563141,late_fusion
sprint9_multiseed_S8B_R2_seed7_S8B_R2_sequence_plus_context,S8B_R2_sequence_plus_context,1,gatv2_graph_c_sprint8b_sequence_plus_context,gatv2,graph_c_context_observation,S5F2_energy,test,369,3420,,1,0.2715015411376953,late_fusion
sprint9_multiseed_S8B_R2_seed7_S8B_R2_sequence_plus_context,S8B_R2_sequence_plus_context,1,gatv2_graph_c_sprint8b_sequence_plus_context,gatv2,graph_c_context_observation,S5F2_energy,test,370,3420,,1,0.2519814074039459,late_fusion
sprint9_multiseed_S8B_R2_seed7_S8B_R2_sequence_plus_context,S8B_R2_sequence_plus_context,1,gatv2_graph_c_sprint8b_sequence_plus_context,gatv2,graph_c_context_observation,S5F2_energy,test,371,3420,,1,0.2880765497684479,late_fusion
sprint9_multiseed_S8B_R2_seed7_S8B_R2_sequence_plus_context,S8B_R2_sequence_plus_context,1,gatv2_graph_c_sprint8b_sequence_plus_context,gatv2,graph_c_context_observation,S5F2_energy,test,372,3420,,1,0.4464009702205658,late_fusion
sprint9_multiseed_S8B_R2_seed7_S8B_R2_sequence_plus_context,S8B_R2_sequence_plus_context,1,gatv2_graph_c_sprint8b_sequence_plus_context,gatv2,graph_c_context_observation,S5F2_energy,test,373,3420,,1,0.26659849286079407,late_fusion
sprint9_multiseed_S8B_R2_seed7_S8B_R2_sequence_plus_context,S8B_R2_sequence_plus_context,1,gatv2_graph_c_sprint8b_sequence_plus_context,gatv2,graph_c_context_observation,S5F2_energy,test,374,3420,,1,0.28176653385162354,late_fusion
sprint9_multiseed_S8B_R2_seed7_S8B_R2_sequence_plus_context,S8B_R2_sequence_plus_context,1,gatv2_graph_c_sprint8b_sequence_plus_context,gatv2,graph_c_context_observation,S5F2_energy,test,375,3420,,1,0.2667081356048584,late_fusion
sprint9_multiseed_S8B_R2_seed7_S8B_R2_sequence_plus_context,S8B_R2_sequence_plus_context,1,gatv2_graph_c_sprint8b_sequence_plus_context,gatv2,graph_c_context_observation,S5F2_energy,test,376,3420,,1,0.2693095803260803,late_fusion
sprint9_multiseed_S8B_R2_seed7_S8B_R2_sequence_plus_context,S8B_R2_sequence_plus_context,1,gatv2_graph_c_sprint8b_sequence_plus_context,gatv2,graph_c_context_observation,S5F2_energy,test,377,3420,,1,0.31226441264152527,late_fusion
sprint9_multiseed_S8B_R2_seed7_S8B_R2_sequence_plus_context,S8B_R2_sequence_plus_context,1,gatv2_graph_c_sprint8b_sequence_plus_context,gatv2,graph_c_context_observation,S5F2_energy,test,378,3420,,1,0.2592040002346039,late_fusion
sprint9_multiseed_S8B_R2_seed7_S8B_R2_sequence_plus_context,S8B_R2_sequence_plus_context,1,gatv2_graph_c_sprint8b_sequence_plus_context,gatv2,graph_c_context_observation,S5F2_energy,test,379,3420,,1,0.2789650559425354,late_fusion
sprint9_multiseed_S8B_R2_seed7_S8B_R2_sequence_plus_context,S8B_R2_sequence_plus_context,1,gatv2_graph_c_sprint8b_sequence_plus_context,gatv2,graph_c_context_observation,S5F2_energy,test,380,3420,,1,0.24383163452148438,late_fusion
sprint9_multiseed_S8B_R2_seed7_S8B_R2_sequence_plus_context,S8B_R2_sequence_plus_context,1,gatv2_graph_c_sprint8b_sequence_plus_context,gatv2,graph_c_context_observation,S5F2_energy,test,381,3420,,1,0.27488434314727783,late_fusion
sprint9_multiseed_S8B_R2_seed7_S8B_R2_sequence_plus_context,S8B_R2_sequence_plus_context,1,gatv2_graph_c_sprint8b_sequence_plus_context,gatv2,graph_c_context_observation,S5F2_energy,test,382,3420,,1,0.2664967477321625,late_fusion
sprint9_multiseed_S8B_R2_seed7_S8B_R2_sequence_plus_context,S8B_R2_sequence_plus_context,1,gatv2_graph_c_sprint8b_sequence_plus_context,gatv2,graph_c_context_observation,S5F2_energy,test,383,3420,,1,0.276492714881897,late_fusion
sprint9_multiseed_S8B_R2_seed7_S8B_R2_sequence_plus_context,S8B_R2_sequence_plus_context,1,gatv2_graph_c_sprint8b_sequence_plus_context,gatv2,graph_c_context_observation,S5F2_energy,test,384,3420,,1,0.29584988951683044,late_fusion
sprint9_multiseed_S8B_R2_seed7_S8B_R2_sequence_plus_context,S8B_R2_sequence_plus_context,1,gatv2_graph_c_sprint8b_sequence_plus_context,gatv2,graph_c_context_observation,S5F2_energy,test,385,3420,,1,0.25101304054260254,late_fusion
sprint9_multiseed_S8B_R2_seed7_S8B_R2_sequence_plus_context,S8B_R2_sequence_plus_context,1,gatv2_graph_c_sprint8b_sequence_plus_context,gatv2,graph_c_context_observation,S5F2_energy,test,386,3420,,1,0.26654747128486633,late_fusion
sprint9_multiseed_S8B_R2_seed7_S8B_R2_sequence_plus_context,S8B_R2_sequence_plus_context,1,gatv2_graph_c_sprint8b_sequence_plus_context,gatv2,graph_c_context_observation,S5F2_energy,test,387,3420,,1,0.3211138844490051,late_fusion
sprint9_multiseed_S8B_R2_seed7_S8B_R2_sequence_plus_context,S8B_R2_sequence_plus_context,1,gatv2_graph_c_sprint8b_sequence_plus_context,gatv2,graph_c_context_observation,S5F2_energy,test,388,3420,,1,0.2960384488105774,late_fusion
sprint9_multiseed_S8B_R2_seed7_S8B_R2_sequence_plus_context,S8B_R2_sequence_plus_context,1,gatv2_graph_c_sprint8b_sequence_plus_context,gatv2,graph_c_context_observation,S5F2_energy,test,389,3420,,1,0.23345132172107697,late_fusion
sprint9_multiseed_S8B_R2_seed7_S8B_R2_sequence_plus_context,S8B_R2_sequence_plus_context,1,gatv2_graph_c_sprint8b_sequence_plus_context,gatv2,graph_c_context_observation,S5F2_energy,test,390,3420,,1,0.2682408392429352,late_fusion
sprint9_multiseed_S8B_R2_seed7_S8B_R2_sequence_plus_context,S8B_R2_sequence_plus_context,1,gatv2_graph_c_sprint8b_sequence_plus_context,gatv2,graph_c_context_observation,S5F2_energy,test,391,3420,,1,0.26194435358047485,late_fusion
sprint9_multiseed_S8B_R2_seed7_S8B_R2_sequence_plus_context,S8B_R2_sequence_plus_context,1,gatv2_graph_c_sprint8b_sequence_plus_context,gatv2,graph_c_context_observation,S5F2_energy,test,392,3420,,1,0.30362769961357117,late_fusion
sprint9_multiseed_S8B_R2_seed7_S8B_R2_sequence_plus_context,S8B_R2_sequence_plus_context,1,gatv2_graph_c_sprint8b_sequence_plus_context,gatv2,graph_c_context_observation,S5F2_energy,test,393,3420,,1,0.2627369165420532,late_fusion
sprint9_multiseed_S8B_R2_seed7_S8B_R2_sequence_plus_context,S8B_R2_sequence_plus_context,1,gatv2_graph_c_sprint8b_sequence_plus_context,gatv2,graph_c_context_observation,S5F2_energy,test,394,3420,,1,0.29383623600006104,late_fusion
sprint9_multiseed_S8B_R2_seed7_S8B_R2_sequence_plus_context,S8B_R2_sequence_plus_context,1,gatv2_graph_c_sprint8b_sequence_plus_context,gatv2,graph_c_context_observation,S5F2_energy,test,395,3420,,1,0.2906807065010071,late_fusion
sprint9_multiseed_S8B_R2_seed7_S8B_R2_sequence_plus_context,S8B_R2_sequence_plus_context,1,gatv2_graph_c_sprint8b_sequence_plus_context,gatv2,graph_c_context_observation,S5F2_energy,test,396,3420,,1,0.2591661810874939,late_fusion
sprint9_multiseed_S8B_R2_seed7_S8B_R2_sequence_plus_context,S8B_R2_sequence_plus_context,1,gatv2_graph_c_sprint8b_sequence_plus_context,gatv2,graph_c_context_observation,S5F2_energy,test,397,3420,,1,0.2763538658618927,late_fusion
sprint9_multiseed_S8B_R2_seed7_S8B_R2_sequence_plus_context,S8B_R2_sequence_plus_context,1,gatv2_graph_c_sprint8b_sequence_plus_context,gatv2,graph_c_context_observation,S5F2_energy,test,398,3420,,1,0.26088887453079224,late_fusion
sprint9_multiseed_S8B_R2_seed7_S8B_R2_sequence_plus_context,S8B_R2_sequence_plus_context,1,gatv2_graph_c_sprint8b_sequence_plus_context,gatv2,graph_c_context_observation,S5F2_energy,test,399,3420,,1,0.265413761138916,late_fusion
sprint9_multiseed_S8B_R2_seed7_S8B_R2_sequence_plus_context,S8B_R2_sequence_plus_context,1,gatv2_graph_c_sprint8b_sequence_plus_context,gatv2,graph_c_context_observation,S5F2_energy,test,400,3420,,1,0.2979738116264343,late_fusion
sprint9_multiseed_S8B_R2_seed7_S8B_R2_sequence_plus_context,S8B_R2_sequence_plus_context,1,gatv2_graph_c_sprint8b_sequence_plus_context,gatv2,graph_c_context_observation,S5F2_energy,test,401,3420,,1,0.3303565979003906,late_fusion
sprint9_multiseed_S8B_R2_seed7_S8B_R2_sequence_plus_context,S8B_R2_sequence_plus_context,1,gatv2_graph_c_sprint8b_sequence_plus_context,gatv2,graph_c_context_observation,S5F2_energy,test,402,3420,,1,0.27538740634918213,late_fusion
sprint9_multiseed_S8B_R2_seed7_S8B_R2_sequence_plus_context,S8B_R2_sequence_plus_context,1,gatv2_graph_c_sprint8b_sequence_plus_context,gatv2,graph_c_context_observation,S5F2_energy,test,403,3420,,1,0.3169448673725128,late_fusion
sprint9_multiseed_S8B_R2_seed7_S8B_R2_sequence_plus_context,S8B_R2_sequence_plus_context,1,gatv2_graph_c_sprint8b_sequence_plus_context,gatv2,graph_c_context_observation,S5F2_energy,test,404,3420,,1,0.37726446986198425,late_fusion
sprint9_multiseed_S8B_R2_seed7_S8B_R2_sequence_plus_context,S8B_R2_sequence_plus_context,1,gatv2_graph_c_sprint8b_sequence_plus_context,gatv2,graph_c_context_observation,S5F2_energy,test,405,3420,,1,0.25021180510520935,late_fusion
sprint9_multiseed_S8B_R2_seed7_S8B_R2_sequence_plus_context,S8B_R2_sequence_plus_context,1,gatv2_graph_c_sprint8b_sequence_plus_context,gatv2,graph_c_context_observation,S5F2_energy,test,406,3420,,1,0.2552991211414337,late_fusion
sprint9_multiseed_S8B_R2_seed7_S8B_R2_sequence_plus_context,S8B_R2_sequence_plus_context,1,gatv2_graph_c_sprint8b_sequence_plus_context,gatv2,graph_c_context_observation,S5F2_energy,test,407,3420,,1,0.27218154072761536,late_fusion
sprint9_multiseed_S8B_R2_seed7_S8B_R2_sequence_plus_context,S8B_R2_sequence_plus_context,1,gatv2_graph_c_sprint8b_sequence_plus_context,gatv2,graph_c_context_observation,S5F2_energy,test,408,3420,,1,0.271092027425766,late_fusion
sprint9_multiseed_S8B_R2_seed7_S8B_R2_sequence_plus_context,S8B_R2_sequence_plus_context,1,gatv2_graph_c_sprint8b_sequence_plus_context,gatv2,graph_c_context_observation,S5F2_energy,test,409,3420,,1,0.2511708736419678,late_fusion
sprint9_multiseed_S8B_R2_seed7_S8B_R2_sequence_plus_context,S8B_R2_sequence_plus_context,1,gatv2_graph_c_sprint8b_sequence_plus_context,gatv2,graph_c_context_observation,S5F2_energy,test,410,3420,,1,0.2680409252643585,late_fusion
sprint9_multiseed_S8B_R2_seed7_S8B_R2_sequence_plus_context,S8B_R2_sequence_plus_context,1,gatv2_graph_c_sprint8b_sequence_plus_context,gatv2,graph_c_context_observation,S5F2_energy,test,411,3420,,1,0.2949610650539398,late_fusion
sprint9_multiseed_S8B_R2_seed7_S8B_R2_sequence_plus_context,S8B_R2_sequence_plus_context,1,gatv2_graph_c_sprint8b_sequence_plus_context,gatv2,graph_c_context_observation,S5F2_energy,test,412,3420,,1,0.2746683359146118,late_fusion
sprint9_multiseed_S8B_R2_seed7_S8B_R2_sequence_plus_context,S8B_R2_sequence_plus_context,1,gatv2_graph_c_sprint8b_sequence_plus_context,gatv2,graph_c_context_observation,S5F2_energy,test,413,3420,,1,0.2751021981239319,late_fusion
sprint9_multiseed_S8B_R2_seed7_S8B_R2_sequence_plus_context,S8B_R2_sequence_plus_context,1,gatv2_graph_c_sprint8b_sequence_plus_context,gatv2,graph_c_context_observation,S5F2_energy,test,414,3420,,1,0.3725541830062866,late_fusion
sprint9_multiseed_S8B_R2_seed7_S8B_R2_sequence_plus_context,S8B_R2_sequence_plus_context,1,gatv2_graph_c_sprint8b_sequence_plus_context,gatv2,graph_c_context_observation,S5F2_energy,test,415,3420,,1,0.26243874430656433,late_fusion
sprint9_multiseed_S8B_R2_seed7_S8B_R2_sequence_plus_context,S8B_R2_sequence_plus_context,1,gatv2_graph_c_sprint8b_sequence_plus_context,gatv2,graph_c_context_observation,S5F2_energy,test,416,3420,,1,0.34355175495147705,late_fusion
sprint9_multiseed_S8B_R2_seed7_S8B_R2_sequence_plus_context,S8B_R2_sequence_plus_context,1,gatv2_graph_c_sprint8b_sequence_plus_context,gatv2,graph_c_context_observation,S5F2_energy,test,417,3420,,1,0.2660714089870453,late_fusion
sprint9_multiseed_S8B_R2_seed7_S8B_R2_sequence_plus_context,S8B_R2_sequence_plus_context,1,gatv2_graph_c_sprint8b_sequence_plus_context,gatv2,graph_c_context_observation,S5F2_energy,test,418,3420,,1,0.30494168400764465,late_fusion
sprint9_multiseed_S8B_R2_seed7_S8B_R2_sequence_plus_context,S8B_R2_sequence_plus_context,1,gatv2_graph_c_sprint8b_sequence_plus_context,gatv2,graph_c_context_observation,S5F2_energy,test,419,3420,,1,0.2856247127056122,late_fusion
sprint9_multiseed_S8B_R2_seed7_S8B_R2_sequence_plus_context,S8B_R2_sequence_plus_context,1,gatv2_graph_c_sprint8b_sequence_plus_context,gatv2,graph_c_context_observation,S5F2_energy,test,420,3420,,1,0.2527190148830414,late_fusion
sprint9_multiseed_S8B_R2_seed7_S8B_R2_sequence_plus_context,S8B_R2_sequence_plus_context,1,gatv2_graph_c_sprint8b_sequence_plus_context,gatv2,graph_c_context_observation,S5F2_energy,test,421,3420,,1,0.2975906431674957,late_fusion
sprint9_multiseed_S8B_R2_seed7_S8B_R2_sequence_plus_context,S8B_R2_sequence_plus_context,1,gatv2_graph_c_sprint8b_sequence_plus_context,gatv2,graph_c_context_observation,S5F2_energy,test,422,3420,,1,0.3827821612358093,late_fusion
sprint9_multiseed_S8B_R2_seed7_S8B_R2_sequence_plus_context,S8B_R2_sequence_plus_context,1,gatv2_graph_c_sprint8b_sequence_plus_context,gatv2,graph_c_context_observation,S5F2_energy,test,423,3420,,1,0.2821844816207886,late_fusion
sprint9_multiseed_S8B_R2_seed7_S8B_R2_sequence_plus_context,S8B_R2_sequence_plus_context,1,gatv2_graph_c_sprint8b_sequence_plus_context,gatv2,graph_c_context_observation,S5F2_energy,test,424,3420,,1,0.26998791098594666,late_fusion
sprint9_multiseed_S8B_R2_seed7_S8B_R2_sequence_plus_context,S8B_R2_sequence_plus_context,1,gatv2_graph_c_sprint8b_sequence_plus_context,gatv2,graph_c_context_observation,S5F2_energy,test,425,3420,,1,0.2951786518096924,late_fusion
sprint9_multiseed_S8B_R2_seed7_S8B_R2_sequence_plus_context,S8B_R2_sequence_plus_context,1,gatv2_graph_c_sprint8b_sequence_plus_context,gatv2,graph_c_context_observation,S5F2_energy,test,426,3420,,1,0.2764314115047455,late_fusion
sprint9_multiseed_S8B_R2_seed7_S8B_R2_sequence_plus_context,S8B_R2_sequence_plus_context,1,gatv2_graph_c_sprint8b_sequence_plus_context,gatv2,graph_c_context_observation,S5F2_energy,test,427,3420,,1,0.24093198776245117,late_fusion
sprint9_multiseed_S8B_R2_seed7_S8B_R2_sequence_plus_context,S8B_R2_sequence_plus_context,1,gatv2_graph_c_sprint8b_sequence_plus_context,gatv2,graph_c_context_observation,S5F2_energy,test,428,3420,,1,0.2697429060935974,late_fusion
sprint9_multiseed_S8B_R2_seed7_S8B_R2_sequence_plus_context,S8B_R2_sequence_plus_context,1,gatv2_graph_c_sprint8b_sequence_plus_context,gatv2,graph_c_context_observation,S5F2_energy,test,429,3420,,1,0.2771686315536499,late_fusion
sprint9_multiseed_S8B_R2_seed7_S8B_R2_sequence_plus_context,S8B_R2_sequence_plus_context,1,gatv2_graph_c_sprint8b_sequence_plus_context,gatv2,graph_c_context_observation,S5F2_energy,test,430,3420,,1,0.2649144232273102,late_fusion
sprint9_multiseed_S8B_R2_seed7_S8B_R2_sequence_plus_context,S8B_R2_sequence_plus_context,1,gatv2_graph_c_sprint8b_sequence_plus_context,gatv2,graph_c_context_observation,S5F2_energy,test,431,3420,,1,0.25867974758148193,late_fusion
sprint9_multiseed_S8B_R2_seed7_S8B_R2_sequence_plus_context,S8B_R2_sequence_plus_context,1,gatv2_graph_c_sprint8b_sequence_plus_context,gatv2,graph_c_context_observation,S5F2_energy,test,432,3420,,1,0.3006334602832794,late_fusion
sprint9_multiseed_S8B_R2_seed7_S8B_R2_sequence_plus_context,S8B_R2_sequence_plus_context,1,gatv2_graph_c_sprint8b_sequence_plus_context,gatv2,graph_c_context_observation,S5F2_energy,test,433,3420,,1,0.27936625480651855,late_fusion
sprint9_multiseed_S8B_R2_seed7_S8B_R2_sequence_plus_context,S8B_R2_sequence_plus_context,1,gatv2_graph_c_sprint8b_sequence_plus_context,gatv2,graph_c_context_observation,S5F2_energy,test,434,3420,,1,0.27982422709465027,late_fusion
sprint9_multiseed_S8B_R2_seed7_S8B_R2_sequence_plus_context,S8B_R2_sequence_plus_context,1,gatv2_graph_c_sprint8b_sequence_plus_context,gatv2,graph_c_context_observation,S5F2_energy,test,435,3420,,1,0.2682596743106842,late_fusion
sprint9_multiseed_S8B_R2_seed7_S8B_R2_sequence_plus_context,S8B_R2_sequence_plus_context,1,gatv2_graph_c_sprint8b_sequence_plus_context,gatv2,graph_c_context_observation,S5F2_energy,test,436,3420,,1,0.2765352725982666,late_fusion
sprint9_multiseed_S8B_R2_seed7_S8B_R2_sequence_plus_context,S8B_R2_sequence_plus_context,1,gatv2_graph_c_sprint8b_sequence_plus_context,gatv2,graph_c_context_observation,S5F2_energy,test,437,3420,,1,0.26014018058776855,late_fusion
sprint9_multiseed_S8B_R2_seed7_S8B_R2_sequence_plus_context,S8B_R2_sequence_plus_context,1,gatv2_graph_c_sprint8b_sequence_plus_context,gatv2,graph_c_context_observation,S5F2_energy,test,438,3420,,1,0.30092498660087585,late_fusion
sprint9_multiseed_S8B_R2_seed7_S8B_R2_sequence_plus_context,S8B_R2_sequence_plus_context,1,gatv2_graph_c_sprint8b_sequence_plus_context,gatv2,graph_c_context_observation,S5F2_energy,test,439,3420,,1,0.27519574761390686,late_fusion
sprint9_multiseed_S8B_R2_seed7_S8B_R2_sequence_plus_context,S8B_R2_sequence_plus_context,1,gatv2_graph_c_sprint8b_sequence_plus_context,gatv2,graph_c_context_observation,S5F2_energy,test,440,3420,,1,0.26087287068367004,late_fusion
sprint9_multiseed_S8B_R2_seed7_S8B_R2_sequence_plus_context,S8B_R2_sequence_plus_context,1,gatv2_graph_c_sprint8b_sequence_plus_context,gatv2,graph_c_context_observation,S5F2_energy,test,441,3420,,1,0.2637553811073303,late_fusion
sprint9_multiseed_S8B_R2_seed7_S8B_R2_sequence_plus_context,S8B_R2_sequence_plus_context,1,gatv2_graph_c_sprint8b_sequence_plus_context,gatv2,graph_c_context_observation,S5F2_energy,test,442,3420,,1,0.28838932514190674,late_fusion
sprint9_multiseed_S8B_R2_seed7_S8B_R2_sequence_plus_context,S8B_R2_sequence_plus_context,1,gatv2_graph_c_sprint8b_sequence_plus_context,gatv2,graph_c_context_observation,S5F2_energy,test,443,3420,,1,0.2660963237285614,late_fusion
sprint9_multiseed_S8B_R2_seed7_S8B_R2_sequence_plus_context,S8B_R2_sequence_plus_context,1,gatv2_graph_c_sprint8b_sequence_plus_context,gatv2,graph_c_context_observation,S5F2_energy,test,444,3420,,1,0.2755344808101654,late_fusion
sprint9_multiseed_S8B_R2_seed7_S8B_R2_sequence_plus_context,S8B_R2_sequence_plus_context,1,gatv2_graph_c_sprint8b_sequence_plus_context,gatv2,graph_c_context_observation,S5F2_energy,test,445,3420,,1,0.2730678617954254,late_fusion
sprint9_multiseed_S8B_R2_seed7_S8B_R2_sequence_plus_context,S8B_R2_sequence_plus_context,1,gatv2_graph_c_sprint8b_sequence_plus_context,gatv2,graph_c_context_observation,S5F2_energy,test,446,3420,,1,0.26638171076774597,late_fusion
sprint9_multiseed_S8B_R2_seed7_S8B_R2_sequence_plus_context,S8B_R2_sequence_plus_context,1,gatv2_graph_c_sprint8b_sequence_plus_context,gatv2,graph_c_context_observation,S5F2_energy,test,447,3420,,1,0.30357465147972107,late_fusion
sprint9_multiseed_S8B_R2_seed7_S8B_R2_sequence_plus_context,S8B_R2_sequence_plus_context,1,gatv2_graph_c_sprint8b_sequence_plus_context,gatv2,graph_c_context_observation,S5F2_energy,test,448,3420,,1,0.25414174795150757,late_fusion
sprint9_multiseed_S8B_R2_seed7_S8B_R2_sequence_plus_context,S8B_R2_sequence_plus_context,1,gatv2_graph_c_sprint8b_sequence_plus_context,gatv2,graph_c_context_observation,S5F2_energy,test,449,3420,,1,0.31342649459838867,late_fusion
sprint9_multiseed_S8B_R2_seed7_S8B_R2_sequence_plus_context,S8B_R2_sequence_plus_context,1,gatv2_graph_c_sprint8b_sequence_plus_context,gatv2,graph_c_context_observation,S5F2_energy,test,450,3420,,1,0.26978904008865356,late_fusion
sprint9_multiseed_S8B_R2_seed7_S8B_R2_sequence_plus_context,S8B_R2_sequence_plus_context,1,gatv2_graph_c_sprint8b_sequence_plus_context,gatv2,graph_c_context_observation,S5F2_energy,test,451,3420,,1,0.2603270709514618,late_fusion
sprint9_multiseed_S8B_R2_seed7_S8B_R2_sequence_plus_context,S8B_R2_sequence_plus_context,1,gatv2_graph_c_sprint8b_sequence_plus_context,gatv2,graph_c_context_observation,S5F2_energy,test,452,3420,,1,0.28124549984931946,late_fusion
sprint9_multiseed_S8B_R2_seed7_S8B_R2_sequence_plus_context,S8B_R2_sequence_plus_context,1,gatv2_graph_c_sprint8b_sequence_plus_context,gatv2,graph_c_context_observation,S5F2_energy,test,453,3420,,1,0.2611441910266876,late_fusion
sprint9_multiseed_S8B_R2_seed7_S8B_R2_sequence_plus_context,S8B_R2_sequence_plus_context,1,gatv2_graph_c_sprint8b_sequence_plus_context,gatv2,graph_c_context_observation,S5F2_energy,test,454,3420,,1,0.2685428857803345,late_fusion
sprint9_multiseed_S8B_R2_seed7_S8B_R2_sequence_plus_context,S8B_R2_sequence_plus_context,1,gatv2_graph_c_sprint8b_sequence_plus_context,gatv2,graph_c_context_observation,S5F2_energy,test,455,3420,,1,0.2897242605686188,late_fusion
sprint9_multiseed_S8B_R2_seed7_S8B_R2_sequence_plus_context,S8B_R2_sequence_plus_context,1,gatv2_graph_c_sprint8b_sequence_plus_context,gatv2,graph_c_context_observation,S5F2_energy,test,456,3420,,1,0.2535715103149414,late_fusion
sprint9_multiseed_S8B_R2_seed7_S8B_R2_sequence_plus_context,S8B_R2_sequence_plus_context,1,gatv2_graph_c_sprint8b_sequence_plus_context,gatv2,graph_c_context_observation,S5F2_energy,test,457,3420,,1,0.2864540219306946,late_fusion
sprint9_multiseed_S8B_R2_seed7_S8B_R2_sequence_plus_context,S8B_R2_sequence_plus_context,1,gatv2_graph_c_sprint8b_sequence_plus_context,gatv2,graph_c_context_observation,S5F2_energy,test,458,3420,,1,0.2553165853023529,late_fusion
sprint9_multiseed_S8B_R2_seed7_S8B_R2_sequence_plus_context,S8B_R2_sequence_plus_context,1,gatv2_graph_c_sprint8b_sequence_plus_context,gatv2,graph_c_context_observation,S5F2_energy,test,459,3420,,1,0.2919710576534271,late_fusion
sprint9_multiseed_S8B_R2_seed7_S8B_R2_sequence_plus_context,S8B_R2_sequence_plus_context,1,gatv2_graph_c_sprint8b_sequence_plus_context,gatv2,graph_c_context_observation,S5F2_energy,test,460,3420,,1,0.2443690299987793,late_fusion
sprint9_multiseed_S8B_R2_seed7_S8B_R2_sequence_plus_context,S8B_R2_sequence_plus_context,1,gatv2_graph_c_sprint8b_sequence_plus_context,gatv2,graph_c_context_observation,S5F2_energy,test,461,3420,,1,0.28811928629875183,late_fusion
sprint9_multiseed_S8B_R2_seed7_S8B_R2_sequence_plus_context,S8B_R2_sequence_plus_context,1,gatv2_graph_c_sprint8b_sequence_plus_context,gatv2,graph_c_context_observation,S5F2_energy,test,462,3420,,1,0.23188862204551697,late_fusion
sprint9_multiseed_S8B_R2_seed7_S8B_R2_sequence_plus_context,S8B_R2_sequence_plus_context,1,gatv2_graph_c_sprint8b_sequence_plus_context,gatv2,graph_c_context_observation,S5F2_energy,test,463,3420,,1,0.28392505645751953,late_fusion
sprint9_multiseed_S8B_R2_seed7_S8B_R2_sequence_plus_context,S8B_R2_sequence_plus_context,1,gatv2_graph_c_sprint8b_sequence_plus_context,gatv2,graph_c_context_observation,S5F2_energy,test,464,3420,,1,0.2792242765426636,late_fusion
sprint9_multiseed_S8B_R2_seed7_S8B_R2_sequence_plus_context,S8B_R2_sequence_plus_context,1,gatv2_graph_c_sprint8b_sequence_plus_context,gatv2,graph_c_context_observation,S5F2_energy,test,465,3420,,1,0.3817671239376068,late_fusion
sprint9_multiseed_S8B_R2_seed7_S8B_R2_sequence_plus_context,S8B_R2_sequence_plus_context,1,gatv2_graph_c_sprint8b_sequence_plus_context,gatv2,graph_c_context_observation,S5F2_energy,test,466,3420,,1,0.33482903242111206,late_fusion
sprint9_multiseed_S8B_R2_seed7_S8B_R2_sequence_plus_context,S8B_R2_sequence_plus_context,1,gatv2_graph_c_sprint8b_sequence_plus_context,gatv2,graph_c_context_observation,S5F2_energy,test,467,3420,,1,0.307018518447876,late_fusion
sprint9_multiseed_S8B_R2_seed7_S8B_R2_sequence_plus_context,S8B_R2_sequence_plus_context,1,gatv2_graph_c_sprint8b_sequence_plus_context,gatv2,graph_c_context_observation,S5F2_energy,test,468,3420,,1,0.2646315097808838,late_fusion
sprint9_multiseed_S8B_R2_seed7_S8B_R2_sequence_plus_context,S8B_R2_sequence_plus_context,1,gatv2_graph_c_sprint8b_sequence_plus_context,gatv2,graph_c_context_observation,S5F2_energy,test,469,3420,,1,0.2695152461528778,late_fusion
sprint9_multiseed_S8B_R2_seed7_S8B_R2_sequence_plus_context,S8B_R2_sequence_plus_context,1,gatv2_graph_c_sprint8b_sequence_plus_context,gatv2,graph_c_context_observation,S5F2_energy,test,470,3420,,1,0.3494136333465576,late_fusion
sprint9_multiseed_S8B_R2_seed7_S8B_R2_sequence_plus_context,S8B_R2_sequence_plus_context,1,gatv2_graph_c_sprint8b_sequence_plus_context,gatv2,graph_c_context_observation,S5F2_energy,test,471,3420,,1,0.2686963677406311,late_fusion
sprint9_multiseed_S8B_R2_seed7_S8B_R2_sequence_plus_context,S8B_R2_sequence_plus_context,1,gatv2_graph_c_sprint8b_sequence_plus_context,gatv2,graph_c_context_observation,S5F2_energy,test,472,3420,,1,0.249009907245636,late_fusion
sprint9_multiseed_S8B_R2_seed7_S8B_R2_sequence_plus_context,S8B_R2_sequence_plus_context,1,gatv2_graph_c_sprint8b_sequence_plus_context,gatv2,graph_c_context_observation,S5F2_energy,test,473,3420,,1,0.30314475297927856,late_fusion
sprint9_multiseed_S8B_R2_seed7_S8B_R2_sequence_plus_context,S8B_R2_sequence_plus_context,1,gatv2_graph_c_sprint8b_sequence_plus_context,gatv2,graph_c_context_observation,S5F2_energy,test,474,3420,,1,0.2531966269016266,late_fusion
sprint9_multiseed_S8B_R2_seed7_S8B_R2_sequence_plus_context,S8B_R2_sequence_plus_context,1,gatv2_graph_c_sprint8b_sequence_plus_context,gatv2,graph_c_context_observation,S5F2_energy,test,475,3420,,1,0.29131996631622314,late_fusion
sprint9_multiseed_S8B_R2_seed7_S8B_R2_sequence_plus_context,S8B_R2_sequence_plus_context,1,gatv2_graph_c_sprint8b_sequence_plus_context,gatv2,graph_c_context_observation,S5F2_energy,test,476,3420,,1,0.298520565032959,late_fusion
sprint9_multiseed_S8B_R2_seed7_S8B_R2_sequence_plus_context,S8B_R2_sequence_plus_context,1,gatv2_graph_c_sprint8b_sequence_plus_context,gatv2,graph_c_context_observation,S5F2_energy,test,477,3420,,1,0.2578156888484955,late_fusion
sprint9_multiseed_S8B_R2_seed7_S8B_R2_sequence_plus_context,S8B_R2_sequence_plus_context,1,gatv2_graph_c_sprint8b_sequence_plus_context,gatv2,graph_c_context_observation,S5F2_energy,test,478,3420,,1,0.2807256281375885,late_fusion
sprint9_multiseed_S8B_R2_seed7_S8B_R2_sequence_plus_context,S8B_R2_sequence_plus_context,1,gatv2_graph_c_sprint8b_sequence_plus_context,gatv2,graph_c_context_observation,S5F2_energy,test,479,3420,,1,0.2527417838573456,late_fusion
sprint9_multiseed_S8B_R2_seed7_S8B_R2_sequence_plus_context,S8B_R2_sequence_plus_context,1,gatv2_graph_c_sprint8b_sequence_plus_context,gatv2,graph_c_context_observation,S5F2_energy,test,480,3420,,1,0.2784890830516815,late_fusion
sprint9_multiseed_S8B_R2_seed7_S8B_R2_sequence_plus_context,S8B_R2_sequence_plus_context,1,gatv2_graph_c_sprint8b_sequence_plus_context,gatv2,graph_c_context_observation,S5F2_energy,test,481,3420,,1,0.29104065895080566,late_fusion
sprint9_multiseed_S8B_R2_seed7_S8B_R2_sequence_plus_context,S8B_R2_sequence_plus_context,1,gatv2_graph_c_sprint8b_sequence_plus_context,gatv2,graph_c_context_observation,S5F2_energy,test,482,3420,,1,0.2333347499370575,late_fusion
sprint9_multiseed_S8B_R2_seed7_S8B_R2_sequence_plus_context,S8B_R2_sequence_plus_context,1,gatv2_graph_c_sprint8b_sequence_plus_context,gatv2,graph_c_context_observation,S5F2_energy,test,483,3420,,1,0.30893999338150024,late_fusion
sprint9_multiseed_S8B_R2_seed7_S8B_R2_sequence_plus_context,S8B_R2_sequence_plus_context,1,gatv2_graph_c_sprint8b_sequence_plus_context,gatv2,graph_c_context_observation,S5F2_energy,test,484,3420,,1,0.27254846692085266,late_fusion
sprint9_multiseed_S8B_R2_seed7_S8B_R2_sequence_plus_context,S8B_R2_sequence_plus_context,1,gatv2_graph_c_sprint8b_sequence_plus_context,gatv2,graph_c_context_observation,S5F2_energy,test,485,3420,,1,0.28445762395858765,late_fusion
sprint9_multiseed_S8B_R2_seed7_S8B_R2_sequence_plus_context,S8B_R2_sequence_plus_context,1,gatv2_graph_c_sprint8b_sequence_plus_context,gatv2,graph_c_context_observation,S5F2_energy,test,486,3420,,1,0.262764573097229,late_fusion
sprint9_multiseed_S8B_R2_seed7_S8B_R2_sequence_plus_context,S8B_R2_sequence_plus_context,1,gatv2_graph_c_sprint8b_sequence_plus_context,gatv2,graph_c_context_observation,S5F2_energy,test,487,3420,,1,0.2694989740848541,late_fusion
sprint9_multiseed_S8B_R2_seed7_S8B_R2_sequence_plus_context,S8B_R2_sequence_plus_context,1,gatv2_graph_c_sprint8b_sequence_plus_context,gatv2,graph_c_context_observation,S5F2_energy,test,488,3420,,1,0.26675689220428467,late_fusion
sprint9_multiseed_S8B_R2_seed7_S8B_R2_sequence_plus_context,S8B_R2_sequence_plus_context,1,gatv2_graph_c_sprint8b_sequence_plus_context,gatv2,graph_c_context_observation,S5F2_energy,test,489,3420,,1,0.28510376811027527,late_fusion
sprint9_multiseed_S8B_R2_seed7_S8B_R2_sequence_plus_context,S8B_R2_sequence_plus_context,1,gatv2_graph_c_sprint8b_sequence_plus_context,gatv2,graph_c_context_observation,S5F2_energy,test,490,3420,,1,0.3006233274936676,late_fusion
sprint9_multiseed_S8B_R2_seed7_S8B_R2_sequence_plus_context,S8B_R2_sequence_plus_context,1,gatv2_graph_c_sprint8b_sequence_plus_context,gatv2,graph_c_context_observation,S5F2_energy,test,491,3420,,1,0.2879463732242584,late_fusion
sprint9_multiseed_S8B_R2_seed7_S8B_R2_sequence_plus_context,S8B_R2_sequence_plus_context,1,gatv2_graph_c_sprint8b_sequence_plus_context,gatv2,graph_c_context_observation,S5F2_energy,test,492,3420,,1,0.26986128091812134,late_fusion
sprint9_multiseed_S8B_R2_seed7_S8B_R2_sequence_plus_context,S8B_R2_sequence_plus_context,1,gatv2_graph_c_sprint8b_sequence_plus_context,gatv2,graph_c_context_observation,S5F2_energy,test,493,3420,,1,0.24767407774925232,late_fusion
sprint9_multiseed_S8B_R2_seed7_S8B_R2_sequence_plus_context,S8B_R2_sequence_plus_context,1,gatv2_graph_c_sprint8b_sequence_plus_context,gatv2,graph_c_context_observation,S5F2_energy,test,494,3420,,1,0.2944592237472534,late_fusion
sprint9_multiseed_S8B_R2_seed7_S8B_R2_sequence_plus_context,S8B_R2_sequence_plus_context,1,gatv2_graph_c_sprint8b_sequence_plus_context,gatv2,graph_c_context_observation,S5F2_energy,test,495,3420,,1,0.2746012210845947,late_fusion
sprint9_multiseed_S8B_R2_seed7_S8B_R2_sequence_plus_context,S8B_R2_sequence_plus_context,1,gatv2_graph_c_sprint8b_sequence_plus_context,gatv2,graph_c_context_observation,S5F2_energy,test,496,3420,,1,0.2657402753829956,late_fusion
sprint9_multiseed_S8B_R2_seed7_S8B_R2_sequence_plus_context,S8B_R2_sequence_plus_context,1,gatv2_graph_c_sprint8b_sequence_plus_context,gatv2,graph_c_context_observation,S5F2_energy,test,497,3420,,1,0.24246947467327118,late_fusion
sprint9_multiseed_S8B_R2_seed7_S8B_R2_sequence_plus_context,S8B_R2_sequence_plus_context,1,gatv2_graph_c_sprint8b_sequence_plus_context,gatv2,graph_c_context_observation,S5F2_energy,test,498,3420,,1,0.259406179189682,late_fusion
sprint9_multiseed_S8B_R2_seed7_S8B_R2_sequence_plus_context,S8B_R2_sequence_plus_context,1,gatv2_graph_c_sprint8b_sequence_plus_context,gatv2,graph_c_context_observation,S5F2_energy,test,499,3420,,1,0.30898261070251465,late_fusion
sprint9_multiseed_S8B_R2_seed7_S8B_R2_sequence_plus_context,S8B_R2_sequence_plus_context,1,gatv2_graph_c_sprint8b_sequence_plus_context,gatv2,graph_c_context_observation,S5F2_energy,test,500,3420,,1,0.2530260980129242,late_fusion
sprint9_multiseed_S8B_R2_seed7_S8B_R2_sequence_plus_context,S8B_R2_sequence_plus_context,1,gatv2_graph_c_sprint8b_sequence_plus_context,gatv2,graph_c_context_observation,S5F2_energy,test,501,3420,,1,0.25866231322288513,late_fusion
sprint9_multiseed_S8B_R2_seed7_S8B_R2_sequence_plus_context,S8B_R2_sequence_plus_context,1,gatv2_graph_c_sprint8b_sequence_plus_context,gatv2,graph_c_context_observation,S5F2_energy,test,502,3420,,1,0.26785385608673096,late_fusion
sprint9_multiseed_S8B_R2_seed7_S8B_R2_sequence_plus_context,S8B_R2_sequence_plus_context,1,gatv2_graph_c_sprint8b_sequence_plus_context,gatv2,graph_c_context_observation,S5F2_energy,test,503,3420,,1,0.24930524826049805,late_fusion
sprint9_multiseed_S8B_R2_seed7_S8B_R2_sequence_plus_context,S8B_R2_sequence_plus_context,1,gatv2_graph_c_sprint8b_sequence_plus_context,gatv2,graph_c_context_observation,S5F2_energy,test,504,3420,,1,0.3007923662662506,late_fusion
sprint9_multiseed_S8B_R2_seed7_S8B_R2_sequence_plus_context,S8B_R2_sequence_plus_context,1,gatv2_graph_c_sprint8b_sequence_plus_context,gatv2,graph_c_context_observation,S5F2_energy,test,505,3420,,1,0.33132073283195496,late_fusion
sprint9_multiseed_S8B_R2_seed7_S8B_R2_sequence_plus_context,S8B_R2_sequence_plus_context,1,gatv2_graph_c_sprint8b_sequence_plus_context,gatv2,graph_c_context_observation,S5F2_energy,test,506,3420,,1,0.27699753642082214,late_fusion
sprint9_multiseed_S8B_R2_seed7_S8B_R2_sequence_plus_context,S8B_R2_sequence_plus_context,1,gatv2_graph_c_sprint8b_sequence_plus_context,gatv2,graph_c_context_observation,S5F2_energy,test,507,3420,,1,0.2833528518676758,late_fusion
sprint9_multiseed_S8B_R2_seed7_S8B_R2_sequence_plus_context,S8B_R2_sequence_plus_context,1,gatv2_graph_c_sprint8b_sequence_plus_context,gatv2,graph_c_context_observation,S5F2_energy,test,508,3420,,1,0.24918361008167267,late_fusion
sprint9_multiseed_S8B_R2_seed7_S8B_R2_sequence_plus_context,S8B_R2_sequence_plus_context,1,gatv2_graph_c_sprint8b_sequence_plus_context,gatv2,graph_c_context_observation,S5F2_energy,test,509,3420,,1,0.29323309659957886,late_fusion
sprint9_multiseed_S8B_R2_seed7_S8B_R2_sequence_plus_context,S8B_R2_sequence_plus_context,1,gatv2_graph_c_sprint8b_sequence_plus_context,gatv2,graph_c_context_observation,S5F2_energy,test,510,3420,,1,0.26115909218788147,late_fusion
sprint9_multiseed_S8B_R2_seed7_S8B_R2_sequence_plus_context,S8B_R2_sequence_plus_context,1,gatv2_graph_c_sprint8b_sequence_plus_context,gatv2,graph_c_context_observation,S5F2_energy,test,511,3420,,1,0.3120783269405365,late_fusion
sprint9_multiseed_S8B_R2_seed7_S8B_R2_sequence_plus_context,S8B_R2_sequence_plus_context,1,gatv2_graph_c_sprint8b_sequence_plus_context,gatv2,graph_c_context_observation,S5F2_energy,test,512,3420,,1,0.2608589828014374,late_fusion
sprint9_multiseed_S8B_R2_seed7_S8B_R2_sequence_plus_context,S8B_R2_sequence_plus_context,1,gatv2_graph_c_sprint8b_sequence_plus_context,gatv2,graph_c_context_observation,S5F2_energy,test,513,3420,,1,0.2633388042449951,late_fusion
sprint9_multiseed_S8B_R2_seed7_S8B_R2_sequence_plus_context,S8B_R2_sequence_plus_context,1,gatv2_graph_c_sprint8b_sequence_plus_context,gatv2,graph_c_context_observation,S5F2_energy,test,514,3420,,1,0.26414141058921814,late_fusion
sprint9_multiseed_S8B_R2_seed7_S8B_R2_sequence_plus_context,S8B_R2_sequence_plus_context,1,gatv2_graph_c_sprint8b_sequence_plus_context,gatv2,graph_c_context_observation,S5F2_energy,test,515,3420,,1,0.2602021396160126,late_fusion
sprint9_multiseed_S8B_R2_seed7_S8B_R2_sequence_plus_context,S8B_R2_sequence_plus_context,1,gatv2_graph_c_sprint8b_sequence_plus_context,gatv2,graph_c_context_observation,S5F2_energy,test,516,3420,,1,0.26903998851776123,late_fusion
sprint9_multiseed_S8B_R2_seed7_S8B_R2_sequence_plus_context,S8B_R2_sequence_plus_context,1,gatv2_graph_c_sprint8b_sequence_plus_context,gatv2,graph_c_context_observation,S5F2_energy,test,517,3420,,1,0.2775910794734955,late_fusion
sprint9_multiseed_S8B_R2_seed7_S8B_R2_sequence_plus_context,S8B_R2_sequence_plus_context,1,gatv2_graph_c_sprint8b_sequence_plus_context,gatv2,graph_c_context_observation,S5F2_energy,test,518,3420,,1,0.2601894438266754,late_fusion
sprint9_multiseed_S8B_R2_seed7_S8B_R2_sequence_plus_context,S8B_R2_sequence_plus_context,1,gatv2_graph_c_sprint8b_sequence_plus_context,gatv2,graph_c_context_observation,S5F2_energy,test,519,3420,,1,0.37475067377090454,late_fusion
sprint9_multiseed_S8B_R2_seed7_S8B_R2_sequence_plus_context,S8B_R2_sequence_plus_context,1,gatv2_graph_c_sprint8b_sequence_plus_context,gatv2,graph_c_context_observation,S5F2_energy,test,520,3420,,1,0.2991308271884918,late_fusion
sprint9_multiseed_S8B_R2_seed7_S8B_R2_sequence_plus_context,S8B_R2_sequence_plus_context,1,gatv2_graph_c_sprint8b_sequence_plus_context,gatv2,graph_c_context_observation,S5F2_energy,test,521,3420,,1,0.30117785930633545,late_fusion
sprint9_multiseed_S8B_R2_seed7_S8B_R2_sequence_plus_context,S8B_R2_sequence_plus_context,1,gatv2_graph_c_sprint8b_sequence_plus_context,gatv2,graph_c_context_observation,S5F2_energy,test,522,3420,,1,0.28628596663475037,late_fusion
sprint9_multiseed_S8B_R2_seed7_S8B_R2_sequence_plus_context,S8B_R2_sequence_plus_context,1,gatv2_graph_c_sprint8b_sequence_plus_context,gatv2,graph_c_context_observation,S5F2_energy,test,523,3420,,1,0.28171077370643616,late_fusion
sprint9_multiseed_S8B_R2_seed7_S8B_R2_sequence_plus_context,S8B_R2_sequence_plus_context,1,gatv2_graph_c_sprint8b_sequence_plus_context,gatv2,graph_c_context_observation,S5F2_energy,test,524,3420,,1,0.2773800790309906,late_fusion
sprint9_multiseed_S8B_R2_seed7_S8B_R2_sequence_plus_context,S8B_R2_sequence_plus_context,1,gatv2_graph_c_sprint8b_sequence_plus_context,gatv2,graph_c_context_observation,S5F2_energy,test,525,3420,,1,0.3117285668849945,late_fusion
sprint9_multiseed_S8B_R2_seed7_S8B_R2_sequence_plus_context,S8B_R2_sequence_plus_context,1,gatv2_graph_c_sprint8b_sequence_plus_context,gatv2,graph_c_context_observation,S5F2_energy,test,526,3420,,1,0.27006369829177856,late_fusion
sprint9_multiseed_S8B_R2_seed7_S8B_R2_sequence_plus_context,S8B_R2_sequence_plus_context,1,gatv2_graph_c_sprint8b_sequence_plus_context,gatv2,graph_c_context_observation,S5F2_energy,test,527,3420,,1,0.2795192003250122,late_fusion
sprint9_multiseed_S8B_R2_seed7_S8B_R2_sequence_plus_context,S8B_R2_sequence_plus_context,1,gatv2_graph_c_sprint8b_sequence_plus_context,gatv2,graph_c_context_observation,S5F2_energy,test,528,3420,,1,0.24849893152713776,late_fusion
sprint9_multiseed_S8B_R2_seed7_S8B_R2_sequence_plus_context,S8B_R2_sequence_plus_context,1,gatv2_graph_c_sprint8b_sequence_plus_context,gatv2,graph_c_context_observation,S5F2_energy,test,529,3420,,1,0.3305639624595642,late_fusion
sprint9_multiseed_S8B_R2_seed7_S8B_R2_sequence_plus_context,S8B_R2_sequence_plus_context,1,gatv2_graph_c_sprint8b_sequence_plus_context,gatv2,graph_c_context_observation,S5F2_energy,test,530,3420,,1,0.252733439207077,late_fusion
sprint9_multiseed_S8B_R2_seed7_S8B_R2_sequence_plus_context,S8B_R2_sequence_plus_context,1,gatv2_graph_c_sprint8b_sequence_plus_context,gatv2,graph_c_context_observation,S5F2_energy,test,531,3420,,1,0.2790128290653229,late_fusion
sprint9_multiseed_S8B_R2_seed7_S8B_R2_sequence_plus_context,S8B_R2_sequence_plus_context,1,gatv2_graph_c_sprint8b_sequence_plus_context,gatv2,graph_c_context_observation,S5F2_energy,test,532,3420,,1,0.2759878933429718,late_fusion
sprint9_multiseed_S8B_R2_seed7_S8B_R2_sequence_plus_context,S8B_R2_sequence_plus_context,1,gatv2_graph_c_sprint8b_sequence_plus_context,gatv2,graph_c_context_observation,S5F2_energy,test,533,3420,,1,0.25405192375183105,late_fusion
sprint9_multiseed_S8B_R2_seed7_S8B_R2_sequence_plus_context,S8B_R2_sequence_plus_context,1,gatv2_graph_c_sprint8b_sequence_plus_context,gatv2,graph_c_context_observation,S5F2_energy,test,534,3420,,1,0.2527608871459961,late_fusion
sprint9_multiseed_S8B_R2_seed7_S8B_R2_sequence_plus_context,S8B_R2_sequence_plus_context,1,gatv2_graph_c_sprint8b_sequence_plus_context,gatv2,graph_c_context_observation,S5F2_energy,test,535,3420,,1,0.2495291531085968,late_fusion
sprint9_multiseed_S8B_R2_seed7_S8B_R2_sequence_plus_context,S8B_R2_sequence_plus_context,1,gatv2_graph_c_sprint8b_sequence_plus_context,gatv2,graph_c_context_observation,S5F2_energy,test,536,3420,,1,0.3428482115268707,late_fusion
sprint9_multiseed_S8B_R2_seed7_S8B_R2_sequence_plus_context,S8B_R2_sequence_plus_context,1,gatv2_graph_c_sprint8b_sequence_plus_context,gatv2,graph_c_context_observation,S5F2_energy,test,537,3420,,1,0.3050525486469269,late_fusion
sprint9_multiseed_S8B_R2_seed7_S8B_R2_sequence_plus_context,S8B_R2_sequence_plus_context,1,gatv2_graph_c_sprint8b_sequence_plus_context,gatv2,graph_c_context_observation,S5F2_energy,test,538,3420,,1,0.28196221590042114,late_fusion
sprint9_multiseed_S8B_R2_seed7_S8B_R2_sequence_plus_context,S8B_R2_sequence_plus_context,1,gatv2_graph_c_sprint8b_sequence_plus_context,gatv2,graph_c_context_observation,S5F2_energy,test,539,3420,,1,0.286704421043396,late_fusion
sprint9_multiseed_S8B_R2_seed7_S8B_R2_sequence_plus_context,S8B_R2_sequence_plus_context,1,gatv2_graph_c_sprint8b_sequence_plus_context,gatv2,graph_c_context_observation,S5F2_energy,test,540,3420,,1,0.2800931930541992,late_fusion
sprint9_multiseed_S8B_R2_seed7_S8B_R2_sequence_plus_context,S8B_R2_sequence_plus_context,1,gatv2_graph_c_sprint8b_sequence_plus_context,gatv2,graph_c_context_observation,S5F2_energy,test,541,3420,,1,0.2710057497024536,late_fusion
sprint9_multiseed_S8B_R2_seed7_S8B_R2_sequence_plus_context,S8B_R2_sequence_plus_context,1,gatv2_graph_c_sprint8b_sequence_plus_context,gatv2,graph_c_context_observation,S5F2_energy,test,542,3420,,1,0.27581000328063965,late_fusion
sprint9_multiseed_S8B_R2_seed7_S8B_R2_sequence_plus_context,S8B_R2_sequence_plus_context,1,gatv2_graph_c_sprint8b_sequence_plus_context,gatv2,graph_c_context_observation,S5F2_energy,test,543,3420,,1,0.2811930775642395,late_fusion
sprint9_multiseed_S8B_R2_seed7_S8B_R2_sequence_plus_context,S8B_R2_sequence_plus_context,1,gatv2_graph_c_sprint8b_sequence_plus_context,gatv2,graph_c_context_observation,S5F2_energy,test,544,3420,,1,0.27094751596450806,late_fusion
sprint9_multiseed_S8B_R2_seed7_S8B_R2_sequence_plus_context,S8B_R2_sequence_plus_context,1,gatv2_graph_c_sprint8b_sequence_plus_context,gatv2,graph_c_context_observation,S5F2_energy,test,545,3420,,1,0.26641103625297546,late_fusion
sprint9_multiseed_S8B_R2_seed7_S8B_R2_sequence_plus_context,S8B_R2_sequence_plus_context,1,gatv2_graph_c_sprint8b_sequence_plus_context,gatv2,graph_c_context_observation,S5F2_energy,test,546,3420,,1,0.31817954778671265,late_fusion
sprint9_multiseed_S8B_R2_seed7_S8B_R2_sequence_plus_context,S8B_R2_sequence_plus_context,1,gatv2_graph_c_sprint8b_sequence_plus_context,gatv2,graph_c_context_observation,S5F2_energy,test,547,3420,,1,0.295761376619339,late_fusion
sprint9_multiseed_S8B_R2_seed7_S8B_R2_sequence_plus_context,S8B_R2_sequence_plus_context,1,gatv2_graph_c_sprint8b_sequence_plus_context,gatv2,graph_c_context_observation,S5F2_energy,test,548,3420,,1,0.2677386999130249,late_fusion
sprint9_multiseed_S8B_R2_seed7_S8B_R2_sequence_plus_context,S8B_R2_sequence_plus_context,1,gatv2_graph_c_sprint8b_sequence_plus_context,gatv2,graph_c_context_observation,S5F2_energy,test,549,3420,,1,0.292803555727005,late_fusion
sprint9_multiseed_S8B_R2_seed7_S8B_R2_sequence_plus_context,S8B_R2_sequence_plus_context,1,gatv2_graph_c_sprint8b_sequence_plus_context,gatv2,graph_c_context_observation,S5F2_energy,test,550,3420,,1,0.31281009316444397,late_fusion
sprint9_multiseed_S8B_R2_seed7_S8B_R2_sequence_plus_context,S8B_R2_sequence_plus_context,1,gatv2_graph_c_sprint8b_sequence_plus_context,gatv2,graph_c_context_observation,S5F2_energy,test,551,3420,,1,0.26551753282546997,late_fusion
sprint9_multiseed_S8B_R2_seed7_S8B_R2_sequence_plus_context,S8B_R2_sequence_plus_context,1,gatv2_graph_c_sprint8b_sequence_plus_context,gatv2,graph_c_context_observation,S5F2_energy,test,552,3420,,1,0.272646963596344,late_fusion
sprint9_multiseed_S8B_R2_seed7_S8B_R2_sequence_plus_context,S8B_R2_sequence_plus_context,1,gatv2_graph_c_sprint8b_sequence_plus_context,gatv2,graph_c_context_observation,S5F2_energy,test,553,3420,,1,0.28935760259628296,late_fusion
sprint9_multiseed_S8B_R2_seed7_S8B_R2_sequence_plus_context,S8B_R2_sequence_plus_context,1,gatv2_graph_c_sprint8b_sequence_plus_context,gatv2,graph_c_context_observation,S5F2_energy,test,554,3420,,1,0.2968408167362213,late_fusion
sprint9_multiseed_S8B_R2_seed7_S8B_R2_sequence_plus_context,S8B_R2_sequence_plus_context,1,gatv2_graph_c_sprint8b_sequence_plus_context,gatv2,graph_c_context_observation,S5F2_energy,test,555,3420,,1,0.2817085087299347,late_fusion
sprint9_multiseed_S8B_R2_seed7_S8B_R2_sequence_plus_context,S8B_R2_sequence_plus_context,1,gatv2_graph_c_sprint8b_sequence_plus_context,gatv2,graph_c_context_observation,S5F2_energy,test,556,3420,,1,0.26891040802001953,late_fusion
sprint9_multiseed_S8B_R2_seed7_S8B_R2_sequence_plus_context,S8B_R2_sequence_plus_context,1,gatv2_graph_c_sprint8b_sequence_plus_context,gatv2,graph_c_context_observation,S5F2_energy,test,557,3420,,1,0.28222933411598206,late_fusion
sprint9_multiseed_S8B_R2_seed7_S8B_R2_sequence_plus_context,S8B_R2_sequence_plus_context,1,gatv2_graph_c_sprint8b_sequence_plus_context,gatv2,graph_c_context_observation,S5F2_energy,test,558,3420,,1,0.2997201085090637,late_fusion
sprint9_multiseed_S8B_R2_seed7_S8B_R2_sequence_plus_context,S8B_R2_sequence_plus_context,1,gatv2_graph_c_sprint8b_sequence_plus_context,gatv2,graph_c_context_observation,S5F2_energy,test,559,3420,,1,0.2876303195953369,late_fusion
sprint9_multiseed_S8B_R2_seed7_S8B_R2_sequence_plus_context,S8B_R2_sequence_plus_context,1,gatv2_graph_c_sprint8b_sequence_plus_context,gatv2,graph_c_context_observation,S5F2_energy,test,560,3420,,1,0.25756824016571045,late_fusion
sprint9_multiseed_S8B_R2_seed7_S8B_R2_sequence_plus_context,S8B_R2_sequence_plus_context,1,gatv2_graph_c_sprint8b_sequence_plus_context,gatv2,graph_c_context_observation,S5F2_energy,test,561,3420,,1,0.27263763546943665,late_fusion
sprint9_multiseed_S8B_R2_seed7_S8B_R2_sequence_plus_context,S8B_R2_sequence_plus_context,1,gatv2_graph_c_sprint8b_sequence_plus_context,gatv2,graph_c_context_observation,S5F2_energy,test,562,3420,,1,0.23029844462871552,late_fusion
sprint9_multiseed_S8B_R2_seed7_S8B_R2_sequence_plus_context,S8B_R2_sequence_plus_context,1,gatv2_graph_c_sprint8b_sequence_plus_context,gatv2,graph_c_context_observation,S5F2_energy,test,563,3420,,1,0.30820906162261963,late_fusion
sprint9_multiseed_S8B_R2_seed7_S8B_R2_sequence_plus_context,S8B_R2_sequence_plus_context,1,gatv2_graph_c_sprint8b_sequence_plus_context,gatv2,graph_c_context_observation,S5F2_energy,test,564,3420,,1,0.26495295763015747,late_fusion
sprint9_multiseed_S8B_R2_seed7_S8B_R2_sequence_plus_context,S8B_R2_sequence_plus_context,1,gatv2_graph_c_sprint8b_sequence_plus_context,gatv2,graph_c_context_observation,S5F2_energy,test,565,3420,,1,0.30425453186035156,late_fusion
sprint9_multiseed_S8B_R2_seed7_S8B_R2_sequence_plus_context,S8B_R2_sequence_plus_context,1,gatv2_graph_c_sprint8b_sequence_plus_context,gatv2,graph_c_context_observation,S5F2_energy,test,566,3420,,1,0.2757425606250763,late_fusion
sprint9_multiseed_S8B_R2_seed7_S8B_R2_sequence_plus_context,S8B_R2_sequence_plus_context,1,gatv2_graph_c_sprint8b_sequence_plus_context,gatv2,graph_c_context_observation,S5F2_energy,test,567,3420,,1,0.26692017912864685,late_fusion
sprint9_multiseed_S8B_R2_seed7_S8B_R2_sequence_plus_context,S8B_R2_sequence_plus_context,1,gatv2_graph_c_sprint8b_sequence_plus_context,gatv2,graph_c_context_observation,S5F2_energy,test,568,3420,,1,0.2547553777694702,late_fusion
sprint9_multiseed_S8B_R2_seed7_S8B_R2_sequence_plus_context,S8B_R2_sequence_plus_context,1,gatv2_graph_c_sprint8b_sequence_plus_context,gatv2,graph_c_context_observation,S5F2_energy,test,569,3420,,1,0.2661975920200348,late_fusion
sprint9_multiseed_S8B_R2_seed7_S8B_R2_sequence_plus_context,S8B_R2_sequence_plus_context,1,gatv2_graph_c_sprint8b_sequence_plus_context,gatv2,graph_c_context_observation,S5F2_energy,test,570,3420,,1,0.2539868652820587,late_fusion
sprint9_multiseed_S8B_R2_seed7_S8B_R2_sequence_plus_context,S8B_R2_sequence_plus_context,1,gatv2_graph_c_sprint8b_sequence_plus_context,gatv2,graph_c_context_observation,S5F2_energy,test,571,3420,,1,0.2756021022796631,late_fusion
sprint9_multiseed_S8B_R2_seed7_S8B_R2_sequence_plus_context,S8B_R2_sequence_plus_context,1,gatv2_graph_c_sprint8b_sequence_plus_context,gatv2,graph_c_context_observation,S5F2_energy,test,572,3420,,1,0.2646341919898987,late_fusion
sprint9_multiseed_S8B_R2_seed7_S8B_R2_sequence_plus_context,S8B_R2_sequence_plus_context,1,gatv2_graph_c_sprint8b_sequence_plus_context,gatv2,graph_c_context_observation,S5F2_energy,test,573,3420,,1,0.2530748248100281,late_fusion
sprint9_multiseed_S8B_R2_seed7_S8B_R2_sequence_plus_context,S8B_R2_sequence_plus_context,1,gatv2_graph_c_sprint8b_sequence_plus_context,gatv2,graph_c_context_observation,S5F2_energy,test,574,3420,,1,0.2752271890640259,late_fusion
sprint9_multiseed_S8B_R2_seed7_S8B_R2_sequence_plus_context,S8B_R2_sequence_plus_context,1,gatv2_graph_c_sprint8b_sequence_plus_context,gatv2,graph_c_context_observation,S5F2_energy,test,575,3420,,1,0.27730804681777954,late_fusion
sprint9_multiseed_S8B_R2_seed7_S8B_R2_sequence_plus_context,S8B_R2_sequence_plus_context,1,gatv2_graph_c_sprint8b_sequence_plus_context,gatv2,graph_c_context_observation,S5F2_energy,test,576,3420,,1,0.26045286655426025,late_fusion
sprint9_multiseed_S8B_R2_seed7_S8B_R2_sequence_plus_context,S8B_R2_sequence_plus_context,1,gatv2_graph_c_sprint8b_sequence_plus_context,gatv2,graph_c_context_observation,S5F2_energy,test,577,3420,,1,0.277203232049942,late_fusion
sprint9_multiseed_S8B_R2_seed7_S8B_R2_sequence_plus_context,S8B_R2_sequence_plus_context,1,gatv2_graph_c_sprint8b_sequence_plus_context,gatv2,graph_c_context_observation,S5F2_energy,test,578,3420,,1,0.2621445953845978,late_fusion
sprint9_multiseed_S8B_R2_seed7_S8B_R2_sequence_plus_context,S8B_R2_sequence_plus_context,1,gatv2_graph_c_sprint8b_sequence_plus_context,gatv2,graph_c_context_observation,S5F2_energy,test,579,3420,,1,0.30338308215141296,late_fusion
sprint9_multiseed_S8B_R2_seed7_S8B_R2_sequence_plus_context,S8B_R2_sequence_plus_context,1,gatv2_graph_c_sprint8b_sequence_plus_context,gatv2,graph_c_context_observation,S5F2_energy,test,580,3420,,1,0.2615472078323364,late_fusion
sprint9_multiseed_S8B_R2_seed7_S8B_R2_sequence_plus_context,S8B_R2_sequence_plus_context,1,gatv2_graph_c_sprint8b_sequence_plus_context,gatv2,graph_c_context_observation,S5F2_energy,test,581,3420,,1,0.2769075930118561,late_fusion
sprint9_multiseed_S8B_R2_seed7_S8B_R2_sequence_plus_context,S8B_R2_sequence_plus_context,1,gatv2_graph_c_sprint8b_sequence_plus_context,gatv2,graph_c_context_observation,S5F2_energy,test,582,3420,,1,0.276120126247406,late_fusion
sprint9_multiseed_S8B_R2_seed7_S8B_R2_sequence_plus_context,S8B_R2_sequence_plus_context,1,gatv2_graph_c_sprint8b_sequence_plus_context,gatv2,graph_c_context_observation,S5F2_energy,test,583,3420,,1,0.26125842332839966,late_fusion
sprint9_multiseed_S8B_R2_seed7_S8B_R2_sequence_plus_context,S8B_R2_sequence_plus_context,1,gatv2_graph_c_sprint8b_sequence_plus_context,gatv2,graph_c_context_observation,S5F2_energy,test,584,3420,,1,0.26597604155540466,late_fusion
sprint9_multiseed_S8B_R2_seed7_S8B_R2_sequence_plus_context,S8B_R2_sequence_plus_context,1,gatv2_graph_c_sprint8b_sequence_plus_context,gatv2,graph_c_context_observation,S5F2_energy,test,585,3420,,1,0.25646403431892395,late_fusion
sprint9_multiseed_S8B_R2_seed7_S8B_R2_sequence_plus_context,S8B_R2_sequence_plus_context,1,gatv2_graph_c_sprint8b_sequence_plus_context,gatv2,graph_c_context_observation,S5F2_energy,test,586,3420,,1,0.28404700756073,late_fusion
sprint9_multiseed_S8B_R2_seed7_S8B_R2_sequence_plus_context,S8B_R2_sequence_plus_context,1,gatv2_graph_c_sprint8b_sequence_plus_context,gatv2,graph_c_context_observation,S5F2_energy,test,587,3420,,1,0.25946977734565735,late_fusion
sprint9_multiseed_S8B_R2_seed7_S8B_R2_sequence_plus_context,S8B_R2_sequence_plus_context,1,gatv2_graph_c_sprint8b_sequence_plus_context,gatv2,graph_c_context_observation,S5F2_energy,test,588,3420,,1,0.2663608491420746,late_fusion
sprint9_multiseed_S8B_R2_seed7_S8B_R2_sequence_plus_context,S8B_R2_sequence_plus_context,1,gatv2_graph_c_sprint8b_sequence_plus_context,gatv2,graph_c_context_observation,S5F2_energy,test,589,3420,,1,0.2555679380893707,late_fusion
sprint9_multiseed_S8B_R2_seed7_S8B_R2_sequence_plus_context,S8B_R2_sequence_plus_context,1,gatv2_graph_c_sprint8b_sequence_plus_context,gatv2,graph_c_context_observation,S5F2_energy,test,590,3420,,1,0.27950993180274963,late_fusion
sprint9_multiseed_S8B_R2_seed7_S8B_R2_sequence_plus_context,S8B_R2_sequence_plus_context,1,gatv2_graph_c_sprint8b_sequence_plus_context,gatv2,graph_c_context_observation,S5F2_energy,test,591,3420,,1,0.2564074695110321,late_fusion
sprint9_multiseed_S8B_R2_seed7_S8B_R2_sequence_plus_context,S8B_R2_sequence_plus_context,1,gatv2_graph_c_sprint8b_sequence_plus_context,gatv2,graph_c_context_observation,S5F2_energy,test,592,3420,,1,0.26898857951164246,late_fusion
sprint9_multiseed_S8B_R2_seed7_S8B_R2_sequence_plus_context,S8B_R2_sequence_plus_context,1,gatv2_graph_c_sprint8b_sequence_plus_context,gatv2,graph_c_context_observation,S5F2_energy,test,593,3420,,1,0.26815855503082275,late_fusion
sprint9_multiseed_S8B_R2_seed7_S8B_R2_sequence_plus_context,S8B_R2_sequence_plus_context,1,gatv2_graph_c_sprint8b_sequence_plus_context,gatv2,graph_c_context_observation,S5F2_energy,test,594,3420,,1,0.276504248380661,late_fusion
sprint9_multiseed_S8B_R2_seed7_S8B_R2_sequence_plus_context,S8B_R2_sequence_plus_context,1,gatv2_graph_c_sprint8b_sequence_plus_context,gatv2,graph_c_context_observation,S5F2_energy,test,595,3420,,1,0.290610671043396,late_fusion
sprint9_multiseed_S8B_R2_seed7_S8B_R2_sequence_plus_context,S8B_R2_sequence_plus_context,1,gatv2_graph_c_sprint8b_sequence_plus_context,gatv2,graph_c_context_observation,S5F2_energy,test,596,3420,,1,0.27255892753601074,late_fusion
sprint9_multiseed_S8B_R2_seed7_S8B_R2_sequence_plus_context,S8B_R2_sequence_plus_context,1,gatv2_graph_c_sprint8b_sequence_plus_context,gatv2,graph_c_context_observation,S5F2_energy,test,597,3420,,1,0.2697879672050476,late_fusion
sprint9_multiseed_S8B_R2_seed7_S8B_R2_sequence_plus_context,S8B_R2_sequence_plus_context,1,gatv2_graph_c_sprint8b_sequence_plus_context,gatv2,graph_c_context_observation,S5F2_energy,test,598,3420,,1,0.293178528547287,late_fusion
sprint9_multiseed_S8B_R2_seed7_S8B_R2_sequence_plus_context,S8B_R2_sequence_plus_context,1,gatv2_graph_c_sprint8b_sequence_plus_context,gatv2,graph_c_context_observation,S5F2_energy,test,599,3420,,1,0.3109852969646454,late_fusion
sprint9_multiseed_S8B_R2_seed7_S8B_R2_sequence_plus_context,S8B_R2_sequence_plus_context,1,gatv2_graph_c_sprint8b_sequence_plus_context,gatv2,graph_c_context_observation,S5F2_energy,test,600,3420,,1,0.28507786989212036,late_fusion
sprint9_multiseed_S8B_R2_seed7_S8B_R2_sequence_plus_context,S8B_R2_sequence_plus_context,1,gatv2_graph_c_sprint8b_sequence_plus_context,gatv2,graph_c_context_observation,S5F2_energy,test,601,3420,,1,0.26409709453582764,late_fusion
sprint9_multiseed_S8B_R2_seed7_S8B_R2_sequence_plus_context,S8B_R2_sequence_plus_context,1,gatv2_graph_c_sprint8b_sequence_plus_context,gatv2,graph_c_context_observation,S5F2_energy,test,602,3420,,1,0.2711394727230072,late_fusion
sprint9_multiseed_S8B_R2_seed7_S8B_R2_sequence_plus_context,S8B_R2_sequence_plus_context,1,gatv2_graph_c_sprint8b_sequence_plus_context,gatv2,graph_c_context_observation,S5F2_energy,test,603,3420,,1,0.2916264533996582,late_fusion
sprint9_multiseed_S8B_R2_seed7_S8B_R2_sequence_plus_context,S8B_R2_sequence_plus_context,1,gatv2_graph_c_sprint8b_sequence_plus_context,gatv2,graph_c_context_observation,S5F2_energy,test,604,3420,,1,0.2707497179508209,late_fusion
sprint9_multiseed_S8B_R2_seed7_S8B_R2_sequence_plus_context,S8B_R2_sequence_plus_context,1,gatv2_graph_c_sprint8b_sequence_plus_context,gatv2,graph_c_context_observation,S5F2_energy,test,605,3420,,1,0.2918053865432739,late_fusion
sprint9_multiseed_S8B_R2_seed7_S8B_R2_sequence_plus_context,S8B_R2_sequence_plus_context,1,gatv2_graph_c_sprint8b_sequence_plus_context,gatv2,graph_c_context_observation,S5F2_energy,test,606,3420,,1,0.27757981419563293,late_fusion
sprint9_multiseed_S8B_R2_seed7_S8B_R2_sequence_plus_context,S8B_R2_sequence_plus_context,1,gatv2_graph_c_sprint8b_sequence_plus_context,gatv2,graph_c_context_observation,S5F2_energy,test,607,3420,,1,0.2580595016479492,late_fusion
sprint9_multiseed_S8B_R2_seed7_S8B_R2_sequence_plus_context,S8B_R2_sequence_plus_context,1,gatv2_graph_c_sprint8b_sequence_plus_context,gatv2,graph_c_context_observation,S5F2_energy,test,608,3420,,1,0.2626735270023346,late_fusion
sprint9_multiseed_S8B_R2_seed7_S8B_R2_sequence_plus_context,S8B_R2_sequence_plus_context,1,gatv2_graph_c_sprint8b_sequence_plus_context,gatv2,graph_c_context_observation,S5F2_energy,test,609,3420,,1,0.2615348994731903,late_fusion
sprint9_multiseed_S8B_R2_seed7_S8B_R2_sequence_plus_context,S8B_R2_sequence_plus_context,1,gatv2_graph_c_sprint8b_sequence_plus_context,gatv2,graph_c_context_observation,S5F2_energy,test,610,3420,,1,0.23790580034255981,late_fusion
sprint9_multiseed_S8B_R2_seed7_S8B_R2_sequence_plus_context,S8B_R2_sequence_plus_context,1,gatv2_graph_c_sprint8b_sequence_plus_context,gatv2,graph_c_context_observation,S5F2_energy,test,611,3420,,1,0.2549348771572113,late_fusion
sprint9_multiseed_S8B_R2_seed7_S8B_R2_sequence_plus_context,S8B_R2_sequence_plus_context,1,gatv2_graph_c_sprint8b_sequence_plus_context,gatv2,graph_c_context_observation,S5F2_energy,test,612,3420,,1,0.302797794342041,late_fusion
sprint9_multiseed_S8B_R2_seed7_S8B_R2_sequence_plus_context,S8B_R2_sequence_plus_context,1,gatv2_graph_c_sprint8b_sequence_plus_context,gatv2,graph_c_context_observation,S5F2_energy,test,613,3420,,1,0.2724039852619171,late_fusion
sprint9_multiseed_S8B_R2_seed7_S8B_R2_sequence_plus_context,S8B_R2_sequence_plus_context,1,gatv2_graph_c_sprint8b_sequence_plus_context,gatv2,graph_c_context_observation,S5F2_energy,test,614,3420,,1,0.26522791385650635,late_fusion
sprint9_multiseed_S8B_R2_seed7_S8B_R2_sequence_plus_context,S8B_R2_sequence_plus_context,1,gatv2_graph_c_sprint8b_sequence_plus_context,gatv2,graph_c_context_observation,S5F2_energy,test,615,3420,,1,0.26639214158058167,late_fusion
sprint9_multiseed_S8B_R2_seed7_S8B_R2_sequence_plus_context,S8B_R2_sequence_plus_context,1,gatv2_graph_c_sprint8b_sequence_plus_context,gatv2,graph_c_context_observation,S5F2_energy,test,616,3420,,1,0.265083372592926,late_fusion
sprint9_multiseed_S8B_R2_seed7_S8B_R2_sequence_plus_context,S8B_R2_sequence_plus_context,1,gatv2_graph_c_sprint8b_sequence_plus_context,gatv2,graph_c_context_observation,S5F2_energy,test,617,3420,,1,0.25897058844566345,late_fusion
sprint9_multiseed_S8B_R2_seed7_S8B_R2_sequence_plus_context,S8B_R2_sequence_plus_context,1,gatv2_graph_c_sprint8b_sequence_plus_context,gatv2,graph_c_context_observation,S5F2_energy,test,618,3420,,1,0.26186493039131165,late_fusion
sprint9_multiseed_S8B_R2_seed7_S8B_R2_sequence_plus_context,S8B_R2_sequence_plus_context,1,gatv2_graph_c_sprint8b_sequence_plus_context,gatv2,graph_c_context_observation,S5F2_energy,test,619,3420,,1,0.2973182797431946,late_fusion
sprint9_multiseed_S8B_R2_seed7_S8B_R2_sequence_plus_context,S8B_R2_sequence_plus_context,1,gatv2_graph_c_sprint8b_sequence_plus_context,gatv2,graph_c_context_observation,S5F2_energy,test,620,3420,,1,0.2651420533657074,late_fusion
sprint9_multiseed_S8B_R2_seed7_S8B_R2_sequence_plus_context,S8B_R2_sequence_plus_context,1,gatv2_graph_c_sprint8b_sequence_plus_context,gatv2,graph_c_context_observation,S5F2_energy,test,621,3420,,1,0.2746035158634186,late_fusion
sprint9_multiseed_S8B_R2_seed7_S8B_R2_sequence_plus_context,S8B_R2_sequence_plus_context,1,gatv2_graph_c_sprint8b_sequence_plus_context,gatv2,graph_c_context_observation,S5F2_energy,test,622,3420,,1,0.24170410633087158,late_fusion
sprint9_multiseed_S8B_R2_seed7_S8B_R2_sequence_plus_context,S8B_R2_sequence_plus_context,1,gatv2_graph_c_sprint8b_sequence_plus_context,gatv2,graph_c_context_observation,S5F2_energy,test,623,3420,,1,0.2543787360191345,late_fusion
sprint9_multiseed_S8B_R2_seed7_S8B_R2_sequence_plus_context,S8B_R2_sequence_plus_context,1,gatv2_graph_c_sprint8b_sequence_plus_context,gatv2,graph_c_context_observation,S5F2_energy,test,624,3420,,1,0.2833440601825714,late_fusion
sprint9_multiseed_S8B_R2_seed7_S8B_R2_sequence_plus_context,S8B_R2_sequence_plus_context,1,gatv2_graph_c_sprint8b_sequence_plus_context,gatv2,graph_c_context_observation,S5F2_energy,test,625,3420,,1,0.2558269500732422,late_fusion
sprint9_multiseed_S8B_R2_seed7_S8B_R2_sequence_plus_context,S8B_R2_sequence_plus_context,1,gatv2_graph_c_sprint8b_sequence_plus_context,gatv2,graph_c_context_observation,S5F2_energy,test,626,3420,,1,0.2544913589954376,late_fusion
sprint9_multiseed_S8B_R2_seed7_S8B_R2_sequence_plus_context,S8B_R2_sequence_plus_context,1,gatv2_graph_c_sprint8b_sequence_plus_context,gatv2,graph_c_context_observation,S5F2_energy,test,627,3420,,1,0.2893068790435791,late_fusion
sprint9_multiseed_S8B_R2_seed7_S8B_R2_sequence_plus_context,S8B_R2_sequence_plus_context,1,gatv2_graph_c_sprint8b_sequence_plus_context,gatv2,graph_c_context_observation,S5F2_energy,test,628,3420,,1,0.3165985941886902,late_fusion
sprint9_multiseed_S8B_R2_seed7_S8B_R2_sequence_plus_context,S8B_R2_sequence_plus_context,1,gatv2_graph_c_sprint8b_sequence_plus_context,gatv2,graph_c_context_observation,S5F2_energy,test,629,3420,,1,0.3922288715839386,late_fusion
sprint9_multiseed_S8B_R2_seed7_S8B_R2_sequence_plus_context,S8B_R2_sequence_plus_context,1,gatv2_graph_c_sprint8b_sequence_plus_context,gatv2,graph_c_context_observation,S5F2_energy,test,630,3420,,1,0.2655784487724304,late_fusion
sprint9_multiseed_S8B_R2_seed7_S8B_R2_sequence_plus_context,S8B_R2_sequence_plus_context,1,gatv2_graph_c_sprint8b_sequence_plus_context,gatv2,graph_c_context_observation,S5F2_energy,test,631,3420,,1,0.26308774948120117,late_fusion
sprint9_multiseed_S8B_R2_seed7_S8B_R2_sequence_plus_context,S8B_R2_sequence_plus_context,1,gatv2_graph_c_sprint8b_sequence_plus_context,gatv2,graph_c_context_observation,S5F2_energy,test,632,3420,,1,0.2889031767845154,late_fusion
sprint9_multiseed_S8B_R2_seed7_S8B_R2_sequence_plus_context,S8B_R2_sequence_plus_context,1,gatv2_graph_c_sprint8b_sequence_plus_context,gatv2,graph_c_context_observation,S5F2_energy,test,633,3420,,1,0.29133719205856323,late_fusion
sprint9_multiseed_S8B_R2_seed7_S8B_R2_sequence_plus_context,S8B_R2_sequence_plus_context,1,gatv2_graph_c_sprint8b_sequence_plus_context,gatv2,graph_c_context_observation,S5F2_energy,test,634,3420,,1,0.2847376763820648,late_fusion
sprint9_multiseed_S8B_R2_seed7_S8B_R2_sequence_plus_context,S8B_R2_sequence_plus_context,1,gatv2_graph_c_sprint8b_sequence_plus_context,gatv2,graph_c_context_observation,S5F2_energy,test,635,3420,,1,0.20936183631420135,late_fusion
sprint9_multiseed_S8B_R2_seed7_S8B_R2_sequence_plus_context,S8B_R2_sequence_plus_context,1,gatv2_graph_c_sprint8b_sequence_plus_context,gatv2,graph_c_context_observation,S5F2_energy,test,636,3420,,1,0.26079699397087097,late_fusion
sprint9_multiseed_S8B_R2_seed7_S8B_R2_sequence_plus_context,S8B_R2_sequence_plus_context,1,gatv2_graph_c_sprint8b_sequence_plus_context,gatv2,graph_c_context_observation,S5F2_energy,test,637,3420,,1,0.2706243395805359,late_fusion
sprint9_multiseed_S8B_R2_seed7_S8B_R2_sequence_plus_context,S8B_R2_sequence_plus_context,1,gatv2_graph_c_sprint8b_sequence_plus_context,gatv2,graph_c_context_observation,S5F2_energy,test,638,3420,,1,0.26686564087867737,late_fusion
sprint9_multiseed_S8B_R2_seed7_S8B_R2_sequence_plus_context,S8B_R2_sequence_plus_context,1,gatv2_graph_c_sprint8b_sequence_plus_context,gatv2,graph_c_context_observation,S5F2_energy,test,639,3420,,1,0.3112783432006836,late_fusion
sprint9_multiseed_S8B_R2_seed7_S8B_R2_sequence_plus_context,S8B_R2_sequence_plus_context,1,gatv2_graph_c_sprint8b_sequence_plus_context,gatv2,graph_c_context_observation,S5F2_energy,test,640,3420,,1,0.27529481053352356,late_fusion
sprint9_multiseed_S8B_R2_seed7_S8B_R2_sequence_plus_context,S8B_R2_sequence_plus_context,1,gatv2_graph_c_sprint8b_sequence_plus_context,gatv2,graph_c_context_observation,S5F2_energy,test,641,3420,,1,0.2565494179725647,late_fusion
sprint9_multiseed_S8B_R2_seed7_S8B_R2_sequence_plus_context,S8B_R2_sequence_plus_context,1,gatv2_graph_c_sprint8b_sequence_plus_context,gatv2,graph_c_context_observation,S5F2_energy,test,642,7696,,1,0.9885453581809998,late_fusion
sprint9_multiseed_S8B_R2_seed7_S8B_R2_sequence_plus_context,S8B_R2_sequence_plus_context,1,gatv2_graph_c_sprint8b_sequence_plus_context,gatv2,graph_c_context_observation,S5F2_energy,test,643,7696,,1,0.634246826171875,late_fusion
sprint9_multiseed_S8B_R2_seed7_S8B_R2_sequence_plus_context,S8B_R2_sequence_plus_context,1,gatv2_graph_c_sprint8b_sequence_plus_context,gatv2,graph_c_context_observation,S5F2_energy,test,644,7696,,1,0.9464742541313171,late_fusion
sprint9_multiseed_S8B_R2_seed7_S8B_R2_sequence_plus_context,S8B_R2_sequence_plus_context,1,gatv2_graph_c_sprint8b_sequence_plus_context,gatv2,graph_c_context_observation,S5F2_energy,test,645,7696,,1,0.8128416538238525,late_fusion
sprint9_multiseed_S8B_R2_seed7_S8B_R2_sequence_plus_context,S8B_R2_sequence_plus_context,1,gatv2_graph_c_sprint8b_sequence_plus_context,gatv2,graph_c_context_observation,S5F2_energy,test,646,7696,,1,0.8887481093406677,late_fusion
sprint9_multiseed_S8B_R2_seed7_S8B_R2_sequence_plus_context,S8B_R2_sequence_plus_context,1,gatv2_graph_c_sprint8b_sequence_plus_context,gatv2,graph_c_context_observation,S5F2_energy,test,647,7696,,1,0.7728263735771179,late_fusion
sprint9_multiseed_S8B_R2_seed7_S8B_R2_sequence_plus_context,S8B_R2_sequence_plus_context,1,gatv2_graph_c_sprint8b_sequence_plus_context,gatv2,graph_c_context_observation,S5F2_energy,test,648,7696,,1,0.704255998134613,late_fusion
sprint9_multiseed_S8B_R2_seed7_S8B_R2_sequence_plus_context,S8B_R2_sequence_plus_context,1,gatv2_graph_c_sprint8b_sequence_plus_context,gatv2,graph_c_context_observation,S5F2_energy,test,649,7696,,1,0.7736929059028625,late_fusion
sprint9_multiseed_S8B_R2_seed7_S8B_R2_sequence_plus_context,S8B_R2_sequence_plus_context,1,gatv2_graph_c_sprint8b_sequence_plus_context,gatv2,graph_c_context_observation,S5F2_energy,test,650,7696,,1,0.788497805595398,late_fusion
sprint9_multiseed_S8B_R2_seed7_S8B_R2_sequence_plus_context,S8B_R2_sequence_plus_context,1,gatv2_graph_c_sprint8b_sequence_plus_context,gatv2,graph_c_context_observation,S5F2_energy,test,651,7696,,1,0.9025927782058716,late_fusion
sprint9_multiseed_S8B_R2_seed7_S8B_R2_sequence_plus_context,S8B_R2_sequence_plus_context,1,gatv2_graph_c_sprint8b_sequence_plus_context,gatv2,graph_c_context_observation,S5F2_energy,test,652,7696,,1,0.8651724457740784,late_fusion
sprint9_multiseed_S8B_R2_seed7_S8B_R2_sequence_plus_context,S8B_R2_sequence_plus_context,1,gatv2_graph_c_sprint8b_sequence_plus_context,gatv2,graph_c_context_observation,S5F2_energy,test,653,7696,,1,0.762744665145874,late_fusion
sprint9_multiseed_S8B_R2_seed7_S8B_R2_sequence_plus_context,S8B_R2_sequence_plus_context,1,gatv2_graph_c_sprint8b_sequence_plus_context,gatv2,graph_c_context_observation,S5F2_energy,test,654,7696,,1,0.9146705269813538,late_fusion
sprint9_multiseed_S8B_R2_seed7_S8B_R2_sequence_plus_context,S8B_R2_sequence_plus_context,1,gatv2_graph_c_sprint8b_sequence_plus_context,gatv2,graph_c_context_observation,S5F2_energy,test,655,7696,,1,0.8599810004234314,late_fusion
sprint9_multiseed_S8B_R2_seed7_S8B_R2_sequence_plus_context,S8B_R2_sequence_plus_context,1,gatv2_graph_c_sprint8b_sequence_plus_context,gatv2,graph_c_context_observation,S5F2_energy,test,656,7696,,1,0.7678160667419434,late_fusion
sprint9_multiseed_S8B_R2_seed7_S8B_R2_sequence_plus_context,S8B_R2_sequence_plus_context,1,gatv2_graph_c_sprint8b_sequence_plus_context,gatv2,graph_c_context_observation,S5F2_energy,test,657,7696,,1,0.8862853050231934,late_fusion
sprint9_multiseed_S8B_R2_seed7_S8B_R2_sequence_plus_context,S8B_R2_sequence_plus_context,1,gatv2_graph_c_sprint8b_sequence_plus_context,gatv2,graph_c_context_observation,S5F2_energy,test,658,7696,,1,0.8034828305244446,late_fusion
sprint9_multiseed_S8B_R2_seed7_S8B_R2_sequence_plus_context,S8B_R2_sequence_plus_context,1,gatv2_graph_c_sprint8b_sequence_plus_context,gatv2,graph_c_context_observation,S5F2_energy,test,659,7696,,1,0.7612259387969971,late_fusion
sprint9_multiseed_S8B_R2_seed7_S8B_R2_sequence_plus_context,S8B_R2_sequence_plus_context,1,gatv2_graph_c_sprint8b_sequence_plus_context,gatv2,graph_c_context_observation,S5F2_energy,test,660,7696,,1,0.9283876419067383,late_fusion
sprint9_multiseed_S8B_R2_seed7_S8B_R2_sequence_plus_context,S8B_R2_sequence_plus_context,1,gatv2_graph_c_sprint8b_sequence_plus_context,gatv2,graph_c_context_observation,S5F2_energy,test,661,7696,,1,0.933029294013977,late_fusion
sprint9_multiseed_S8B_R2_seed7_S8B_R2_sequence_plus_context,S8B_R2_sequence_plus_context,1,gatv2_graph_c_sprint8b_sequence_plus_context,gatv2,graph_c_context_observation,S5F2_energy,test,662,7696,,1,0.7092694640159607,late_fusion
sprint9_multiseed_S8B_R2_seed7_S8B_R2_sequence_plus_context,S8B_R2_sequence_plus_context,1,gatv2_graph_c_sprint8b_sequence_plus_context,gatv2,graph_c_context_observation,S5F2_energy,test,663,7696,,1,0.6627564430236816,late_fusion
sprint9_multiseed_S8B_R2_seed7_S8B_R2_sequence_plus_context,S8B_R2_sequence_plus_context,1,gatv2_graph_c_sprint8b_sequence_plus_context,gatv2,graph_c_context_observation,S5F2_energy,test,664,7696,,1,0.8627626299858093,late_fusion
sprint9_multiseed_S8B_R2_seed7_S8B_R2_sequence_plus_context,S8B_R2_sequence_plus_context,1,gatv2_graph_c_sprint8b_sequence_plus_context,gatv2,graph_c_context_observation,S5F2_energy,test,665,7696,,1,0.9794352054595947,late_fusion
sprint9_multiseed_S8B_R2_seed7_S8B_R2_sequence_plus_context,S8B_R2_sequence_plus_context,1,gatv2_graph_c_sprint8b_sequence_plus_context,gatv2,graph_c_context_observation,S5F2_energy,test,666,7696,,1,0.8085813522338867,late_fusion
sprint9_multiseed_S8B_R2_seed7_S8B_R2_sequence_plus_context,S8B_R2_sequence_plus_context,1,gatv2_graph_c_sprint8b_sequence_plus_context,gatv2,graph_c_context_observation,S5F2_energy,test,667,7696,,1,0.9204602241516113,late_fusion
sprint9_multiseed_S8B_R2_seed7_S8B_R2_sequence_plus_context,S8B_R2_sequence_plus_context,1,gatv2_graph_c_sprint8b_sequence_plus_context,gatv2,graph_c_context_observation,S5F2_energy,test,668,7696,,1,0.7350441813468933,late_fusion
sprint9_multiseed_S8B_R2_seed7_S8B_R2_sequence_plus_context,S8B_R2_sequence_plus_context,1,gatv2_graph_c_sprint8b_sequence_plus_context,gatv2,graph_c_context_observation,S5F2_energy,test,669,7696,,1,0.8649914860725403,late_fusion
sprint9_multiseed_S8B_R2_seed7_S8B_R2_sequence_plus_context,S8B_R2_sequence_plus_context,1,gatv2_graph_c_sprint8b_sequence_plus_context,gatv2,graph_c_context_observation,S5F2_energy,test,670,7696,,1,0.9682984948158264,late_fusion
sprint9_multiseed_S8B_R2_seed7_S8B_R2_sequence_plus_context,S8B_R2_sequence_plus_context,1,gatv2_graph_c_sprint8b_sequence_plus_context,gatv2,graph_c_context_observation,S5F2_energy,test,671,7696,,1,0.8616706132888794,late_fusion
sprint9_multiseed_S8B_R2_seed7_S8B_R2_sequence_plus_context,S8B_R2_sequence_plus_context,1,gatv2_graph_c_sprint8b_sequence_plus_context,gatv2,graph_c_context_observation,S5F2_energy,test,672,7696,,1,0.8105052709579468,late_fusion
sprint9_multiseed_S8B_R2_seed7_S8B_R2_sequence_plus_context,S8B_R2_sequence_plus_context,1,gatv2_graph_c_sprint8b_sequence_plus_context,gatv2,graph_c_context_observation,S5F2_energy,test,673,7696,,1,0.7504465579986572,late_fusion
sprint9_multiseed_S8B_R2_seed7_S8B_R2_sequence_plus_context,S8B_R2_sequence_plus_context,1,gatv2_graph_c_sprint8b_sequence_plus_context,gatv2,graph_c_context_observation,S5F2_energy,test,674,7696,,1,0.8299888968467712,late_fusion
sprint9_multiseed_S8B_R2_seed7_S8B_R2_sequence_plus_context,S8B_R2_sequence_plus_context,1,gatv2_graph_c_sprint8b_sequence_plus_context,gatv2,graph_c_context_observation,S5F2_energy,test,675,7696,,1,0.7802732586860657,late_fusion
sprint9_multiseed_S8B_R2_seed7_S8B_R2_sequence_plus_context,S8B_R2_sequence_plus_context,1,gatv2_graph_c_sprint8b_sequence_plus_context,gatv2,graph_c_context_observation,S5F2_energy,test,676,7696,,1,0.6857379674911499,late_fusion
sprint9_multiseed_S8B_R2_seed7_S8B_R2_sequence_plus_context,S8B_R2_sequence_plus_context,1,gatv2_graph_c_sprint8b_sequence_plus_context,gatv2,graph_c_context_observation,S5F2_energy,test,677,7696,,1,0.5192593932151794,late_fusion
sprint9_multiseed_S8B_R2_seed7_S8B_R2_sequence_plus_context,S8B_R2_sequence_plus_context,1,gatv2_graph_c_sprint8b_sequence_plus_context,gatv2,graph_c_context_observation,S5F2_energy,test,678,7696,,1,0.8237076997756958,late_fusion
sprint9_multiseed_S8B_R2_seed7_S8B_R2_sequence_plus_context,S8B_R2_sequence_plus_context,1,gatv2_graph_c_sprint8b_sequence_plus_context,gatv2,graph_c_context_observation,S5F2_energy,test,679,7696,,1,0.7324763536453247,late_fusion
sprint9_multiseed_S8B_R2_seed7_S8B_R2_sequence_plus_context,S8B_R2_sequence_plus_context,1,gatv2_graph_c_sprint8b_sequence_plus_context,gatv2,graph_c_context_observation,S5F2_energy,test,680,7696,,1,0.8829573392868042,late_fusion
sprint9_multiseed_S8B_R2_seed7_S8B_R2_sequence_plus_context,S8B_R2_sequence_plus_context,1,gatv2_graph_c_sprint8b_sequence_plus_context,gatv2,graph_c_context_observation,S5F2_energy,test,681,7696,,1,0.913421094417572,late_fusion
sprint9_multiseed_S8B_R2_seed7_S8B_R2_sequence_plus_context,S8B_R2_sequence_plus_context,1,gatv2_graph_c_sprint8b_sequence_plus_context,gatv2,graph_c_context_observation,S5F2_energy,test,682,7696,,1,0.880378782749176,late_fusion
sprint9_multiseed_S8B_R2_seed7_S8B_R2_sequence_plus_context,S8B_R2_sequence_plus_context,1,gatv2_graph_c_sprint8b_sequence_plus_context,gatv2,graph_c_context_observation,S5F2_energy,test,683,7696,,1,0.6559686660766602,late_fusion
sprint9_multiseed_S8B_R2_seed7_S8B_R2_sequence_plus_context,S8B_R2_sequence_plus_context,1,gatv2_graph_c_sprint8b_sequence_plus_context,gatv2,graph_c_context_observation,S5F2_energy,test,684,7696,,1,0.888454020023346,late_fusion
sprint9_multiseed_S8B_R2_seed7_S8B_R2_sequence_plus_context,S8B_R2_sequence_plus_context,1,gatv2_graph_c_sprint8b_sequence_plus_context,gatv2,graph_c_context_observation,S5F2_energy,test,685,7696,,1,0.7137464880943298,late_fusion
sprint9_multiseed_S8B_R2_seed7_S8B_R2_sequence_plus_context,S8B_R2_sequence_plus_context,1,gatv2_graph_c_sprint8b_sequence_plus_context,gatv2,graph_c_context_observation,S5F2_energy,test,686,7696,,1,0.7276808023452759,late_fusion
sprint9_multiseed_S8B_R2_seed7_S8B_R2_sequence_plus_context,S8B_R2_sequence_plus_context,1,gatv2_graph_c_sprint8b_sequence_plus_context,gatv2,graph_c_context_observation,S5F2_energy,test,687,7696,,1,0.6522955894470215,late_fusion
sprint9_multiseed_S8B_R2_seed7_S8B_R2_sequence_plus_context,S8B_R2_sequence_plus_context,1,gatv2_graph_c_sprint8b_sequence_plus_context,gatv2,graph_c_context_observation,S5F2_energy,test,688,7696,,1,0.5562768578529358,late_fusion
sprint9_multiseed_S8B_R2_seed7_S8B_R2_sequence_plus_context,S8B_R2_sequence_plus_context,1,gatv2_graph_c_sprint8b_sequence_plus_context,gatv2,graph_c_context_observation,S5F2_energy,test,689,7696,,1,0.823425829410553,late_fusion
sprint9_multiseed_S8B_R2_seed7_S8B_R2_sequence_plus_context,S8B_R2_sequence_plus_context,1,gatv2_graph_c_sprint8b_sequence_plus_context,gatv2,graph_c_context_observation,S5F2_energy,test,690,7696,,1,0.7910299897193909,late_fusion
sprint9_multiseed_S8B_R2_seed7_S8B_R2_sequence_plus_context,S8B_R2_sequence_plus_context,1,gatv2_graph_c_sprint8b_sequence_plus_context,gatv2,graph_c_context_observation,S5F2_energy,test,691,7696,,1,0.8338952660560608,late_fusion
sprint9_multiseed_S8B_R2_seed7_S8B_R2_sequence_plus_context,S8B_R2_sequence_plus_context,1,gatv2_graph_c_sprint8b_sequence_plus_context,gatv2,graph_c_context_observation,S5F2_energy,test,692,7696,,1,0.8500635027885437,late_fusion
sprint9_multiseed_S8B_R2_seed7_S8B_R2_sequence_plus_context,S8B_R2_sequence_plus_context,1,gatv2_graph_c_sprint8b_sequence_plus_context,gatv2,graph_c_context_observation,S5F2_energy,test,693,7696,,1,0.8767395615577698,late_fusion
sprint9_multiseed_S8B_R2_seed7_S8B_R2_sequence_plus_context,S8B_R2_sequence_plus_context,1,gatv2_graph_c_sprint8b_sequence_plus_context,gatv2,graph_c_context_observation,S5F2_energy,test,694,7696,,1,0.6662628650665283,late_fusion
sprint9_multiseed_S8B_R2_seed7_S8B_R2_sequence_plus_context,S8B_R2_sequence_plus_context,1,gatv2_graph_c_sprint8b_sequence_plus_context,gatv2,graph_c_context_observation,S5F2_energy,test,695,7696,,1,0.7575643658638,late_fusion
sprint9_multiseed_S8B_R2_seed7_S8B_R2_sequence_plus_context,S8B_R2_sequence_plus_context,1,gatv2_graph_c_sprint8b_sequence_plus_context,gatv2,graph_c_context_observation,S5F2_energy,test,696,7696,,1,0.730870246887207,late_fusion
sprint9_multiseed_S8B_R2_seed7_S8B_R2_sequence_plus_context,S8B_R2_sequence_plus_context,1,gatv2_graph_c_sprint8b_sequence_plus_context,gatv2,graph_c_context_observation,S5F2_energy,test,697,7696,,1,0.7248433828353882,late_fusion
sprint9_multiseed_S8B_R2_seed7_S8B_R2_sequence_plus_context,S8B_R2_sequence_plus_context,1,gatv2_graph_c_sprint8b_sequence_plus_context,gatv2,graph_c_context_observation,S5F2_energy,test,698,7696,,1,0.9056242108345032,late_fusion
sprint9_multiseed_S8B_R2_seed7_S8B_R2_sequence_plus_context,S8B_R2_sequence_plus_context,1,gatv2_graph_c_sprint8b_sequence_plus_context,gatv2,graph_c_context_observation,S5F2_energy,test,699,7696,,1,0.6618214249610901,late_fusion
sprint9_multiseed_S8B_R2_seed7_S8B_R2_sequence_plus_context,S8B_R2_sequence_plus_context,1,gatv2_graph_c_sprint8b_sequence_plus_context,gatv2,graph_c_context_observation,S5F2_energy,test,700,7696,,1,0.686286985874176,late_fusion
sprint9_multiseed_S8B_R2_seed7_S8B_R2_sequence_plus_context,S8B_R2_sequence_plus_context,1,gatv2_graph_c_sprint8b_sequence_plus_context,gatv2,graph_c_context_observation,S5F2_energy,test,701,7696,,1,0.6321466565132141,late_fusion
sprint9_multiseed_S8B_R2_seed7_S8B_R2_sequence_plus_context,S8B_R2_sequence_plus_context,1,gatv2_graph_c_sprint8b_sequence_plus_context,gatv2,graph_c_context_observation,S5F2_energy,test,702,7696,,1,0.6818678379058838,late_fusion
sprint9_multiseed_S8B_R2_seed7_S8B_R2_sequence_plus_context,S8B_R2_sequence_plus_context,1,gatv2_graph_c_sprint8b_sequence_plus_context,gatv2,graph_c_context_observation,S5F2_energy,test,703,7696,,1,0.7918491363525391,late_fusion
sprint9_multiseed_S8B_R2_seed7_S8B_R2_sequence_plus_context,S8B_R2_sequence_plus_context,1,gatv2_graph_c_sprint8b_sequence_plus_context,gatv2,graph_c_context_observation,S5F2_energy,test,704,7696,,1,0.6948965787887573,late_fusion
sprint9_multiseed_S8B_R2_seed7_S8B_R2_sequence_plus_context,S8B_R2_sequence_plus_context,1,gatv2_graph_c_sprint8b_sequence_plus_context,gatv2,graph_c_context_observation,S5F2_energy,test,705,7696,,1,0.7811213135719299,late_fusion
sprint9_multiseed_S8B_R2_seed7_S8B_R2_sequence_plus_context,S8B_R2_sequence_plus_context,1,gatv2_graph_c_sprint8b_sequence_plus_context,gatv2,graph_c_context_observation,S5F2_energy,test,706,7696,,1,0.8401456475257874,late_fusion
sprint9_multiseed_S8B_R2_seed7_S8B_R2_sequence_plus_context,S8B_R2_sequence_plus_context,1,gatv2_graph_c_sprint8b_sequence_plus_context,gatv2,graph_c_context_observation,S5F2_energy,test,707,7696,,1,0.7578927874565125,late_fusion
sprint9_multiseed_S8B_R2_seed7_S8B_R2_sequence_plus_context,S8B_R2_sequence_plus_context,1,gatv2_graph_c_sprint8b_sequence_plus_context,gatv2,graph_c_context_observation,S5F2_energy,test,708,7696,,1,0.6346012949943542,late_fusion
sprint9_multiseed_S8B_R2_seed7_S8B_R2_sequence_plus_context,S8B_R2_sequence_plus_context,1,gatv2_graph_c_sprint8b_sequence_plus_context,gatv2,graph_c_context_observation,S5F2_energy,test,709,7696,,1,0.7351905703544617,late_fusion
sprint9_multiseed_S8B_R2_seed7_S8B_R2_sequence_plus_context,S8B_R2_sequence_plus_context,1,gatv2_graph_c_sprint8b_sequence_plus_context,gatv2,graph_c_context_observation,S5F2_energy,test,710,7696,,1,0.9037446975708008,late_fusion
sprint9_multiseed_S8B_R2_seed7_S8B_R2_sequence_plus_context,S8B_R2_sequence_plus_context,1,gatv2_graph_c_sprint8b_sequence_plus_context,gatv2,graph_c_context_observation,S5F2_energy,test,711,7696,,1,0.7553592920303345,late_fusion
sprint9_multiseed_S8B_R2_seed7_S8B_R2_sequence_plus_context,S8B_R2_sequence_plus_context,1,gatv2_graph_c_sprint8b_sequence_plus_context,gatv2,graph_c_context_observation,S5F2_energy,test,712,7696,,1,0.7425652146339417,late_fusion
sprint9_multiseed_S8B_R2_seed7_S8B_R2_sequence_plus_context,S8B_R2_sequence_plus_context,1,gatv2_graph_c_sprint8b_sequence_plus_context,gatv2,graph_c_context_observation,S5F2_energy,test,713,7696,,1,0.8514053821563721,late_fusion
sprint9_multiseed_S8B_R2_seed7_S8B_R2_sequence_plus_context,S8B_R2_sequence_plus_context,1,gatv2_graph_c_sprint8b_sequence_plus_context,gatv2,graph_c_context_observation,S5F2_energy,test,714,7696,,1,0.7564318180084229,late_fusion
sprint9_multiseed_S8B_R2_seed7_S8B_R2_sequence_plus_context,S8B_R2_sequence_plus_context,1,gatv2_graph_c_sprint8b_sequence_plus_context,gatv2,graph_c_context_observation,S5F2_energy,test,715,7696,,1,0.7559077739715576,late_fusion
sprint9_multiseed_S8B_R2_seed7_S8B_R2_sequence_plus_context,S8B_R2_sequence_plus_context,1,gatv2_graph_c_sprint8b_sequence_plus_context,gatv2,graph_c_context_observation,S5F2_energy,test,716,7696,,1,0.7765358090400696,late_fusion
sprint9_multiseed_S8B_R2_seed7_S8B_R2_sequence_plus_context,S8B_R2_sequence_plus_context,1,gatv2_graph_c_sprint8b_sequence_plus_context,gatv2,graph_c_context_observation,S5F2_energy,test,717,7696,,1,0.779886782169342,late_fusion
sprint9_multiseed_S8B_R2_seed7_S8B_R2_sequence_plus_context,S8B_R2_sequence_plus_context,1,gatv2_graph_c_sprint8b_sequence_plus_context,gatv2,graph_c_context_observation,S5F2_energy,test,718,7696,,1,0.8361905813217163,late_fusion
sprint9_multiseed_S8B_R2_seed7_S8B_R2_sequence_plus_context,S8B_R2_sequence_plus_context,1,gatv2_graph_c_sprint8b_sequence_plus_context,gatv2,graph_c_context_observation,S5F2_energy,test,719,7696,,1,0.7324537038803101,late_fusion
sprint9_multiseed_S8B_R2_seed7_S8B_R2_sequence_plus_context,S8B_R2_sequence_plus_context,1,gatv2_graph_c_sprint8b_sequence_plus_context,gatv2,graph_c_context_observation,S5F2_energy,test,720,7696,,1,0.7975241541862488,late_fusion
sprint9_multiseed_S8B_R2_seed7_S8B_R2_sequence_plus_context,S8B_R2_sequence_plus_context,1,gatv2_graph_c_sprint8b_sequence_plus_context,gatv2,graph_c_context_observation,S5F2_energy,test,721,7696,,1,0.7809444665908813,late_fusion
sprint9_multiseed_S8B_R2_seed7_S8B_R2_sequence_plus_context,S8B_R2_sequence_plus_context,1,gatv2_graph_c_sprint8b_sequence_plus_context,gatv2,graph_c_context_observation,S5F2_energy,test,722,7696,,1,0.8572747111320496,late_fusion
sprint9_multiseed_S8B_R2_seed7_S8B_R2_sequence_plus_context,S8B_R2_sequence_plus_context,1,gatv2_graph_c_sprint8b_sequence_plus_context,gatv2,graph_c_context_observation,S5F2_energy,test,723,7696,,1,0.7661120295524597,late_fusion
sprint9_multiseed_S8B_R2_seed7_S8B_R2_sequence_plus_context,S8B_R2_sequence_plus_context,1,gatv2_graph_c_sprint8b_sequence_plus_context,gatv2,graph_c_context_observation,S5F2_energy,test,724,7696,,1,0.8119704723358154,late_fusion
sprint9_multiseed_S8B_R2_seed7_S8B_R2_sequence_plus_context,S8B_R2_sequence_plus_context,1,gatv2_graph_c_sprint8b_sequence_plus_context,gatv2,graph_c_context_observation,S5F2_energy,test,725,7696,,1,0.7957971692085266,late_fusion
sprint9_multiseed_S8B_R2_seed7_S8B_R2_sequence_plus_context,S8B_R2_sequence_plus_context,1,gatv2_graph_c_sprint8b_sequence_plus_context,gatv2,graph_c_context_observation,S5F2_energy,test,726,7696,,1,0.6621817946434021,late_fusion
sprint9_multiseed_S8B_R2_seed7_S8B_R2_sequence_plus_context,S8B_R2_sequence_plus_context,1,gatv2_graph_c_sprint8b_sequence_plus_context,gatv2,graph_c_context_observation,S5F2_energy,test,727,7696,,1,0.7942156195640564,late_fusion
sprint9_multiseed_S8B_R2_seed7_S8B_R2_sequence_plus_context,S8B_R2_sequence_plus_context,1,gatv2_graph_c_sprint8b_sequence_plus_context,gatv2,graph_c_context_observation,S5F2_energy,test,728,7696,,1,0.785179615020752,late_fusion
sprint9_multiseed_S8B_R2_seed7_S8B_R2_sequence_plus_context,S8B_R2_sequence_plus_context,1,gatv2_graph_c_sprint8b_sequence_plus_context,gatv2,graph_c_context_observation,S5F2_energy,test,729,7696,,1,0.9632123708724976,late_fusion
sprint9_multiseed_S8B_R2_seed7_S8B_R2_sequence_plus_context,S8B_R2_sequence_plus_context,1,gatv2_graph_c_sprint8b_sequence_plus_context,gatv2,graph_c_context_observation,S5F2_energy,test,730,7696,,1,0.7653056383132935,late_fusion
sprint9_multiseed_S8B_R2_seed7_S8B_R2_sequence_plus_context,S8B_R2_sequence_plus_context,1,gatv2_graph_c_sprint8b_sequence_plus_context,gatv2,graph_c_context_observation,S5F2_energy,test,731,7696,,1,0.8038055300712585,late_fusion
sprint9_multiseed_S8B_R2_seed7_S8B_R2_sequence_plus_context,S8B_R2_sequence_plus_context,1,gatv2_graph_c_sprint8b_sequence_plus_context,gatv2,graph_c_context_observation,S5F2_energy,test,732,7696,,1,0.7684940695762634,late_fusion
sprint9_multiseed_S8B_R2_seed7_S8B_R2_sequence_plus_context,S8B_R2_sequence_plus_context,1,gatv2_graph_c_sprint8b_sequence_plus_context,gatv2,graph_c_context_observation,S5F2_energy,test,733,7696,,1,0.6758609414100647,late_fusion
sprint9_multiseed_S8B_R2_seed7_S8B_R2_sequence_plus_context,S8B_R2_sequence_plus_context,1,gatv2_graph_c_sprint8b_sequence_plus_context,gatv2,graph_c_context_observation,S5F2_energy,test,734,7696,,1,0.9238515496253967,late_fusion
sprint9_multiseed_S8B_R2_seed7_S8B_R2_sequence_plus_context,S8B_R2_sequence_plus_context,1,gatv2_graph_c_sprint8b_sequence_plus_context,gatv2,graph_c_context_observation,S5F2_energy,test,735,7696,,1,0.8146428465843201,late_fusion
sprint9_multiseed_S8B_R2_seed7_S8B_R2_sequence_plus_context,S8B_R2_sequence_plus_context,1,gatv2_graph_c_sprint8b_sequence_plus_context,gatv2,graph_c_context_observation,S5F2_energy,test,736,7696,,1,0.8457424640655518,late_fusion
sprint9_multiseed_S8B_R2_seed7_S8B_R2_sequence_plus_context,S8B_R2_sequence_plus_context,1,gatv2_graph_c_sprint8b_sequence_plus_context,gatv2,graph_c_context_observation,S5F2_energy,test,737,7696,,1,0.8140823245048523,late_fusion
sprint9_multiseed_S8B_R2_seed7_S8B_R2_sequence_plus_context,S8B_R2_sequence_plus_context,1,gatv2_graph_c_sprint8b_sequence_plus_context,gatv2,graph_c_context_observation,S5F2_energy,test,738,7696,,1,0.7244717478752136,late_fusion
sprint9_multiseed_S8B_R2_seed7_S8B_R2_sequence_plus_context,S8B_R2_sequence_plus_context,1,gatv2_graph_c_sprint8b_sequence_plus_context,gatv2,graph_c_context_observation,S5F2_energy,test,739,7696,,1,0.7894352674484253,late_fusion
sprint9_multiseed_S8B_R2_seed7_S8B_R2_sequence_plus_context,S8B_R2_sequence_plus_context,1,gatv2_graph_c_sprint8b_sequence_plus_context,gatv2,graph_c_context_observation,S5F2_energy,test,740,7696,,1,0.711846649646759,late_fusion
sprint9_multiseed_S8B_R2_seed7_S8B_R2_sequence_plus_context,S8B_R2_sequence_plus_context,1,gatv2_graph_c_sprint8b_sequence_plus_context,gatv2,graph_c_context_observation,S5F2_energy,test,741,7696,,1,0.7235665321350098,late_fusion
sprint9_multiseed_S8B_R2_seed7_S8B_R2_sequence_plus_context,S8B_R2_sequence_plus_context,1,gatv2_graph_c_sprint8b_sequence_plus_context,gatv2,graph_c_context_observation,S5F2_energy,test,742,7696,,1,0.7236758470535278,late_fusion
sprint9_multiseed_S8B_R2_seed7_S8B_R2_sequence_plus_context,S8B_R2_sequence_plus_context,1,gatv2_graph_c_sprint8b_sequence_plus_context,gatv2,graph_c_context_observation,S5F2_energy,test,743,7696,,1,0.8480281829833984,late_fusion
sprint9_multiseed_S8B_R2_seed7_S8B_R2_sequence_plus_context,S8B_R2_sequence_plus_context,1,gatv2_graph_c_sprint8b_sequence_plus_context,gatv2,graph_c_context_observation,S5F2_energy,test,744,7696,,1,0.5227656960487366,late_fusion
sprint9_multiseed_S8B_R2_seed7_S8B_R2_sequence_plus_context,S8B_R2_sequence_plus_context,1,gatv2_graph_c_sprint8b_sequence_plus_context,gatv2,graph_c_context_observation,S5F2_energy,test,745,7696,,1,0.8573729395866394,late_fusion
sprint9_multiseed_S8B_R2_seed7_S8B_R2_sequence_plus_context,S8B_R2_sequence_plus_context,1,gatv2_graph_c_sprint8b_sequence_plus_context,gatv2,graph_c_context_observation,S5F2_energy,test,746,7696,,1,0.7419518232345581,late_fusion
sprint9_multiseed_S8B_R2_seed7_S8B_R2_sequence_plus_context,S8B_R2_sequence_plus_context,1,gatv2_graph_c_sprint8b_sequence_plus_context,gatv2,graph_c_context_observation,S5F2_energy,test,747,7696,,1,0.6909047961235046,late_fusion
sprint9_multiseed_S8B_R2_seed7_S8B_R2_sequence_plus_context,S8B_R2_sequence_plus_context,1,gatv2_graph_c_sprint8b_sequence_plus_context,gatv2,graph_c_context_observation,S5F2_energy,test,748,7696,,1,0.6682637929916382,late_fusion
sprint9_multiseed_S8B_R2_seed7_S8B_R2_sequence_plus_context,S8B_R2_sequence_plus_context,1,gatv2_graph_c_sprint8b_sequence_plus_context,gatv2,graph_c_context_observation,S5F2_energy,test,749,7696,,1,0.8771183490753174,late_fusion
sprint9_multiseed_S8B_R2_seed7_S8B_R2_sequence_plus_context,S8B_R2_sequence_plus_context,1,gatv2_graph_c_sprint8b_sequence_plus_context,gatv2,graph_c_context_observation,S5F2_energy,test,750,7696,,1,0.6417866349220276,late_fusion
sprint9_multiseed_S8B_R2_seed7_S8B_R2_sequence_plus_context,S8B_R2_sequence_plus_context,1,gatv2_graph_c_sprint8b_sequence_plus_context,gatv2,graph_c_context_observation,S5F2_energy,test,751,7696,,1,0.7910658717155457,late_fusion
sprint9_multiseed_S8B_R2_seed7_S8B_R2_sequence_plus_context,S8B_R2_sequence_plus_context,1,gatv2_graph_c_sprint8b_sequence_plus_context,gatv2,graph_c_context_observation,S5F2_energy,test,752,7696,,1,0.8494234681129456,late_fusion
sprint9_multiseed_S8B_R2_seed7_S8B_R2_sequence_plus_context,S8B_R2_sequence_plus_context,1,gatv2_graph_c_sprint8b_sequence_plus_context,gatv2,graph_c_context_observation,S5F2_energy,test,753,7696,,1,0.73038250207901,late_fusion
sprint9_multiseed_S8B_R2_seed7_S8B_R2_sequence_plus_context,S8B_R2_sequence_plus_context,1,gatv2_graph_c_sprint8b_sequence_plus_context,gatv2,graph_c_context_observation,S5F2_energy,test,754,7696,,1,0.9193546175956726,late_fusion
sprint9_multiseed_S8B_R2_seed7_S8B_R2_sequence_plus_context,S8B_R2_sequence_plus_context,1,gatv2_graph_c_sprint8b_sequence_plus_context,gatv2,graph_c_context_observation,S5F2_energy,test,755,7696,,1,0.681399941444397,late_fusion
sprint9_multiseed_S8B_R2_seed7_S8B_R2_sequence_plus_context,S8B_R2_sequence_plus_context,1,gatv2_graph_c_sprint8b_sequence_plus_context,gatv2,graph_c_context_observation,S5F2_energy,test,756,7696,,1,0.7021536231040955,late_fusion
sprint9_multiseed_S8B_R2_seed7_S8B_R2_sequence_plus_context,S8B_R2_sequence_plus_context,1,gatv2_graph_c_sprint8b_sequence_plus_context,gatv2,graph_c_context_observation,S5F2_energy,test,757,7696,,1,0.8412147164344788,late_fusion
sprint9_multiseed_S8B_R2_seed7_S8B_R2_sequence_plus_context,S8B_R2_sequence_plus_context,1,gatv2_graph_c_sprint8b_sequence_plus_context,gatv2,graph_c_context_observation,S5F2_energy,test,758,7696,,1,0.7943500876426697,late_fusion
sprint9_multiseed_S8B_R2_seed7_S8B_R2_sequence_plus_context,S8B_R2_sequence_plus_context,1,gatv2_graph_c_sprint8b_sequence_plus_context,gatv2,graph_c_context_observation,S5F2_energy,test,759,7696,,1,0.7703943252563477,late_fusion
sprint9_multiseed_S8B_R2_seed7_S8B_R2_sequence_plus_context,S8B_R2_sequence_plus_context,1,gatv2_graph_c_sprint8b_sequence_plus_context,gatv2,graph_c_context_observation,S5F2_energy,test,760,7696,,1,0.8800534605979919,late_fusion
sprint9_multiseed_S8B_R2_seed7_S8B_R2_sequence_plus_context,S8B_R2_sequence_plus_context,1,gatv2_graph_c_sprint8b_sequence_plus_context,gatv2,graph_c_context_observation,S5F2_energy,test,761,7696,,1,0.8150572180747986,late_fusion
sprint9_multiseed_S8B_R2_seed7_S8B_R2_sequence_plus_context,S8B_R2_sequence_plus_context,1,gatv2_graph_c_sprint8b_sequence_plus_context,gatv2,graph_c_context_observation,S5F2_energy,test,762,7696,,1,0.75188809633255,late_fusion
sprint9_multiseed_S8B_R2_seed7_S8B_R2_sequence_plus_context,S8B_R2_sequence_plus_context,1,gatv2_graph_c_sprint8b_sequence_plus_context,gatv2,graph_c_context_observation,S5F2_energy,test,763,7696,,1,0.7762936949729919,late_fusion
sprint9_multiseed_S8B_R2_seed7_S8B_R2_sequence_plus_context,S8B_R2_sequence_plus_context,1,gatv2_graph_c_sprint8b_sequence_plus_context,gatv2,graph_c_context_observation,S5F2_energy,test,764,7696,,1,0.6492237448692322,late_fusion
sprint9_multiseed_S8B_R2_seed7_S8B_R2_sequence_plus_context,S8B_R2_sequence_plus_context,1,gatv2_graph_c_sprint8b_sequence_plus_context,gatv2,graph_c_context_observation,S5F2_energy,test,765,7696,,1,0.8568572998046875,late_fusion
sprint9_multiseed_S8B_R2_seed7_S8B_R2_sequence_plus_context,S8B_R2_sequence_plus_context,1,gatv2_graph_c_sprint8b_sequence_plus_context,gatv2,graph_c_context_observation,S5F2_energy,test,766,7696,,1,0.8046471476554871,late_fusion
sprint9_multiseed_S8B_R2_seed7_S8B_R2_sequence_plus_context,S8B_R2_sequence_plus_context,1,gatv2_graph_c_sprint8b_sequence_plus_context,gatv2,graph_c_context_observation,S5F2_energy,test,767,7696,,1,0.28314208984375,late_fusion
sprint9_multiseed_S8B_R2_seed7_S8B_R2_sequence_plus_context,S8B_R2_sequence_plus_context,1,gatv2_graph_c_sprint8b_sequence_plus_context,gatv2,graph_c_context_observation,S5F2_energy,test,768,8319,,1,0.9901678562164307,late_fusion
sprint9_multiseed_S8B_R2_seed7_S8B_R2_sequence_plus_context,S8B_R2_sequence_plus_context,1,gatv2_graph_c_sprint8b_sequence_plus_context,gatv2,graph_c_context_observation,S5F2_energy,test,769,8319,,1,0.961026132106781,late_fusion
sprint9_multiseed_S8B_R2_seed7_S8B_R2_sequence_plus_context,S8B_R2_sequence_plus_context,1,gatv2_graph_c_sprint8b_sequence_plus_context,gatv2,graph_c_context_observation,S5F2_energy,test,770,8319,,1,0.859953761100769,late_fusion
sprint9_multiseed_S8B_R2_seed7_S8B_R2_sequence_plus_context,S8B_R2_sequence_plus_context,1,gatv2_graph_c_sprint8b_sequence_plus_context,gatv2,graph_c_context_observation,S5F2_energy,test,771,8319,,1,0.7644096612930298,late_fusion
sprint9_multiseed_S8B_R2_seed7_S8B_R2_sequence_plus_context,S8B_R2_sequence_plus_context,1,gatv2_graph_c_sprint8b_sequence_plus_context,gatv2,graph_c_context_observation,S5F2_energy,test,772,8319,,1,0.7893959879875183,late_fusion
sprint9_multiseed_S8B_R2_seed7_S8B_R2_sequence_plus_context,S8B_R2_sequence_plus_context,1,gatv2_graph_c_sprint8b_sequence_plus_context,gatv2,graph_c_context_observation,S5F2_energy,test,773,8319,,1,0.8362261652946472,late_fusion
sprint9_multiseed_S8B_R2_seed7_S8B_R2_sequence_plus_context,S8B_R2_sequence_plus_context,1,gatv2_graph_c_sprint8b_sequence_plus_context,gatv2,graph_c_context_observation,S5F2_energy,test,774,8319,,1,0.8262627124786377,late_fusion
sprint9_multiseed_S8B_R2_seed7_S8B_R2_sequence_plus_context,S8B_R2_sequence_plus_context,1,gatv2_graph_c_sprint8b_sequence_plus_context,gatv2,graph_c_context_observation,S5F2_energy,test,775,8319,,1,0.940626859664917,late_fusion
sprint9_multiseed_S8B_R2_seed7_S8B_R2_sequence_plus_context,S8B_R2_sequence_plus_context,1,gatv2_graph_c_sprint8b_sequence_plus_context,gatv2,graph_c_context_observation,S5F2_energy,test,776,8319,,1,0.8464315533638,late_fusion
sprint9_multiseed_S8B_R2_seed7_S8B_R2_sequence_plus_context,S8B_R2_sequence_plus_context,1,gatv2_graph_c_sprint8b_sequence_plus_context,gatv2,graph_c_context_observation,S5F2_energy,test,777,8319,,1,0.9051036238670349,late_fusion
sprint9_multiseed_S8B_R2_seed7_S8B_R2_sequence_plus_context,S8B_R2_sequence_plus_context,1,gatv2_graph_c_sprint8b_sequence_plus_context,gatv2,graph_c_context_observation,S5F2_energy,test,778,8319,,1,0.8349457383155823,late_fusion
sprint9_multiseed_S8B_R2_seed7_S8B_R2_sequence_plus_context,S8B_R2_sequence_plus_context,1,gatv2_graph_c_sprint8b_sequence_plus_context,gatv2,graph_c_context_observation,S5F2_energy,test,779,8319,,1,0.7925026416778564,late_fusion
sprint9_multiseed_S8B_R2_seed7_S8B_R2_sequence_plus_context,S8B_R2_sequence_plus_context,1,gatv2_graph_c_sprint8b_sequence_plus_context,gatv2,graph_c_context_observation,S5F2_energy,test,780,8319,,1,0.939884603023529,late_fusion
sprint9_multiseed_S8B_R2_seed7_S8B_R2_sequence_plus_context,S8B_R2_sequence_plus_context,1,gatv2_graph_c_sprint8b_sequence_plus_context,gatv2,graph_c_context_observation,S5F2_energy,test,781,8319,,1,0.8980692625045776,late_fusion
sprint9_multiseed_S8B_R2_seed7_S8B_R2_sequence_plus_context,S8B_R2_sequence_plus_context,1,gatv2_graph_c_sprint8b_sequence_plus_context,gatv2,graph_c_context_observation,S5F2_energy,test,782,8319,,1,0.8788303732872009,late_fusion
sprint9_multiseed_S8B_R2_seed7_S8B_R2_sequence_plus_context,S8B_R2_sequence_plus_context,1,gatv2_graph_c_sprint8b_sequence_plus_context,gatv2,graph_c_context_observation,S5F2_energy,test,783,8319,,1,0.8630357980728149,late_fusion
sprint9_multiseed_S8B_R2_seed7_S8B_R2_sequence_plus_context,S8B_R2_sequence_plus_context,1,gatv2_graph_c_sprint8b_sequence_plus_context,gatv2,graph_c_context_observation,S5F2_energy,test,784,8319,,1,0.8908165097236633,late_fusion
sprint9_multiseed_S8B_R2_seed7_S8B_R2_sequence_plus_context,S8B_R2_sequence_plus_context,1,gatv2_graph_c_sprint8b_sequence_plus_context,gatv2,graph_c_context_observation,S5F2_energy,test,785,8319,,1,0.82413250207901,late_fusion
sprint9_multiseed_S8B_R2_seed7_S8B_R2_sequence_plus_context,S8B_R2_sequence_plus_context,1,gatv2_graph_c_sprint8b_sequence_plus_context,gatv2,graph_c_context_observation,S5F2_energy,test,786,8319,,1,0.9110478758811951,late_fusion
sprint9_multiseed_S8B_R2_seed7_S8B_R2_sequence_plus_context,S8B_R2_sequence_plus_context,1,gatv2_graph_c_sprint8b_sequence_plus_context,gatv2,graph_c_context_observation,S5F2_energy,test,787,8319,,1,0.8143629431724548,late_fusion
sprint9_multiseed_S8B_R2_seed7_S8B_R2_sequence_plus_context,S8B_R2_sequence_plus_context,1,gatv2_graph_c_sprint8b_sequence_plus_context,gatv2,graph_c_context_observation,S5F2_energy,test,788,8319,,1,0.8086822628974915,late_fusion
sprint9_multiseed_S8B_R2_seed7_S8B_R2_sequence_plus_context,S8B_R2_sequence_plus_context,1,gatv2_graph_c_sprint8b_sequence_plus_context,gatv2,graph_c_context_observation,S5F2_energy,test,789,8319,,1,0.8953498601913452,late_fusion
sprint9_multiseed_S8B_R2_seed7_S8B_R2_sequence_plus_context,S8B_R2_sequence_plus_context,1,gatv2_graph_c_sprint8b_sequence_plus_context,gatv2,graph_c_context_observation,S5F2_energy,test,790,8319,,1,0.7769433856010437,late_fusion
sprint9_multiseed_S8B_R2_seed7_S8B_R2_sequence_plus_context,S8B_R2_sequence_plus_context,1,gatv2_graph_c_sprint8b_sequence_plus_context,gatv2,graph_c_context_observation,S5F2_energy,test,791,8319,,1,0.925929069519043,late_fusion
sprint9_multiseed_S8B_R2_seed7_S8B_R2_sequence_plus_context,S8B_R2_sequence_plus_context,1,gatv2_graph_c_sprint8b_sequence_plus_context,gatv2,graph_c_context_observation,S5F2_energy,test,792,8319,,1,0.8958052396774292,late_fusion
sprint9_multiseed_S8B_R2_seed7_S8B_R2_sequence_plus_context,S8B_R2_sequence_plus_context,1,gatv2_graph_c_sprint8b_sequence_plus_context,gatv2,graph_c_context_observation,S5F2_energy,test,793,8319,,1,0.9669896364212036,late_fusion
sprint9_multiseed_S8B_R2_seed7_S8B_R2_sequence_plus_context,S8B_R2_sequence_plus_context,1,gatv2_graph_c_sprint8b_sequence_plus_context,gatv2,graph_c_context_observation,S5F2_energy,test,794,8319,,1,0.8942245841026306,late_fusion
sprint9_multiseed_S8B_R2_seed7_S8B_R2_sequence_plus_context,S8B_R2_sequence_plus_context,1,gatv2_graph_c_sprint8b_sequence_plus_context,gatv2,graph_c_context_observation,S5F2_energy,test,795,8319,,1,0.9093166589736938,late_fusion
sprint9_multiseed_S8B_R2_seed7_S8B_R2_sequence_plus_context,S8B_R2_sequence_plus_context,1,gatv2_graph_c_sprint8b_sequence_plus_context,gatv2,graph_c_context_observation,S5F2_energy,test,796,8319,,1,0.8148930668830872,late_fusion
sprint9_multiseed_S8B_R2_seed7_S8B_R2_sequence_plus_context,S8B_R2_sequence_plus_context,1,gatv2_graph_c_sprint8b_sequence_plus_context,gatv2,graph_c_context_observation,S5F2_energy,test,797,8319,,1,0.8490710258483887,late_fusion
sprint9_multiseed_S8B_R2_seed7_S8B_R2_sequence_plus_context,S8B_R2_sequence_plus_context,1,gatv2_graph_c_sprint8b_sequence_plus_context,gatv2,graph_c_context_observation,S5F2_energy,test,798,8319,,1,0.8824392557144165,late_fusion
sprint9_multiseed_S8B_R2_seed7_S8B_R2_sequence_plus_context,S8B_R2_sequence_plus_context,1,gatv2_graph_c_sprint8b_sequence_plus_context,gatv2,graph_c_context_observation,S5F2_energy,test,799,8319,,1,0.7285789251327515,late_fusion
sprint9_multiseed_S8B_R2_seed7_S8B_R2_sequence_plus_context,S8B_R2_sequence_plus_context,1,gatv2_graph_c_sprint8b_sequence_plus_context,gatv2,graph_c_context_observation,S5F2_energy,test,800,8319,,1,0.635550320148468,late_fusion
sprint9_multiseed_S8B_R2_seed7_S8B_R2_sequence_plus_context,S8B_R2_sequence_plus_context,1,gatv2_graph_c_sprint8b_sequence_plus_context,gatv2,graph_c_context_observation,S5F2_energy,test,801,8319,,1,0.7968927621841431,late_fusion
sprint9_multiseed_S8B_R2_seed7_S8B_R2_sequence_plus_context,S8B_R2_sequence_plus_context,1,gatv2_graph_c_sprint8b_sequence_plus_context,gatv2,graph_c_context_observation,S5F2_energy,test,802,8319,,1,0.8857505917549133,late_fusion
sprint9_multiseed_S8B_R2_seed7_S8B_R2_sequence_plus_context,S8B_R2_sequence_plus_context,1,gatv2_graph_c_sprint8b_sequence_plus_context,gatv2,graph_c_context_observation,S5F2_energy,test,803,8319,,1,0.8614922165870667,late_fusion
sprint9_multiseed_S8B_R2_seed7_S8B_R2_sequence_plus_context,S8B_R2_sequence_plus_context,1,gatv2_graph_c_sprint8b_sequence_plus_context,gatv2,graph_c_context_observation,S5F2_energy,test,804,8319,,1,0.7853456139564514,late_fusion
sprint9_multiseed_S8B_R2_seed7_S8B_R2_sequence_plus_context,S8B_R2_sequence_plus_context,1,gatv2_graph_c_sprint8b_sequence_plus_context,gatv2,graph_c_context_observation,S5F2_energy,test,805,8319,,1,0.7821410894393921,late_fusion
sprint9_multiseed_S8B_R2_seed7_S8B_R2_sequence_plus_context,S8B_R2_sequence_plus_context,1,gatv2_graph_c_sprint8b_sequence_plus_context,gatv2,graph_c_context_observation,S5F2_energy,test,806,8319,,1,0.7979879975318909,late_fusion
sprint9_multiseed_S8B_R2_seed7_S8B_R2_sequence_plus_context,S8B_R2_sequence_plus_context,1,gatv2_graph_c_sprint8b_sequence_plus_context,gatv2,graph_c_context_observation,S5F2_energy,test,807,8319,,1,0.7959320545196533,late_fusion
sprint9_multiseed_S8B_R2_seed7_S8B_R2_sequence_plus_context,S8B_R2_sequence_plus_context,1,gatv2_graph_c_sprint8b_sequence_plus_context,gatv2,graph_c_context_observation,S5F2_energy,test,808,8319,,1,0.8227629661560059,late_fusion
sprint9_multiseed_S8B_R2_seed7_S8B_R2_sequence_plus_context,S8B_R2_sequence_plus_context,1,gatv2_graph_c_sprint8b_sequence_plus_context,gatv2,graph_c_context_observation,S5F2_energy,test,809,8319,,1,0.9601147770881653,late_fusion
sprint9_multiseed_S8B_R2_seed7_S8B_R2_sequence_plus_context,S8B_R2_sequence_plus_context,1,gatv2_graph_c_sprint8b_sequence_plus_context,gatv2,graph_c_context_observation,S5F2_energy,test,810,8319,,1,0.8257981538772583,late_fusion
sprint9_multiseed_S8B_R2_seed7_S8B_R2_sequence_plus_context,S8B_R2_sequence_plus_context,1,gatv2_graph_c_sprint8b_sequence_plus_context,gatv2,graph_c_context_observation,S5F2_energy,test,811,8319,,1,0.9035224914550781,late_fusion
sprint9_multiseed_S8B_R2_seed7_S8B_R2_sequence_plus_context,S8B_R2_sequence_plus_context,1,gatv2_graph_c_sprint8b_sequence_plus_context,gatv2,graph_c_context_observation,S5F2_energy,test,812,8319,,1,0.5764384865760803,late_fusion
sprint9_multiseed_S8B_R2_seed7_S8B_R2_sequence_plus_context,S8B_R2_sequence_plus_context,1,gatv2_graph_c_sprint8b_sequence_plus_context,gatv2,graph_c_context_observation,S5F2_energy,test,813,8319,,1,0.8081222772598267,late_fusion
sprint9_multiseed_S8B_R2_seed7_S8B_R2_sequence_plus_context,S8B_R2_sequence_plus_context,1,gatv2_graph_c_sprint8b_sequence_plus_context,gatv2,graph_c_context_observation,S5F2_energy,test,814,8319,,1,0.8018607497215271,late_fusion
sprint9_multiseed_S8B_R2_seed7_S8B_R2_sequence_plus_context,S8B_R2_sequence_plus_context,1,gatv2_graph_c_sprint8b_sequence_plus_context,gatv2,graph_c_context_observation,S5F2_energy,test,815,8319,,1,0.7743021249771118,late_fusion
sprint9_multiseed_S8B_R2_seed7_S8B_R2_sequence_plus_context,S8B_R2_sequence_plus_context,1,gatv2_graph_c_sprint8b_sequence_plus_context,gatv2,graph_c_context_observation,S5F2_energy,test,816,8319,,1,0.7313907742500305,late_fusion
sprint9_multiseed_S8B_R2_seed7_S8B_R2_sequence_plus_context,S8B_R2_sequence_plus_context,1,gatv2_graph_c_sprint8b_sequence_plus_context,gatv2,graph_c_context_observation,S5F2_energy,test,817,8319,,1,0.6992209553718567,late_fusion
sprint9_multiseed_S8B_R2_seed7_S8B_R2_sequence_plus_context,S8B_R2_sequence_plus_context,1,gatv2_graph_c_sprint8b_sequence_plus_context,gatv2,graph_c_context_observation,S5F2_energy,test,818,8319,,1,0.8452650308609009,late_fusion
sprint9_multiseed_S8B_R2_seed7_S8B_R2_sequence_plus_context,S8B_R2_sequence_plus_context,1,gatv2_graph_c_sprint8b_sequence_plus_context,gatv2,graph_c_context_observation,S5F2_energy,test,819,8319,,1,0.8266782164573669,late_fusion
sprint9_multiseed_S8B_R2_seed7_S8B_R2_sequence_plus_context,S8B_R2_sequence_plus_context,1,gatv2_graph_c_sprint8b_sequence_plus_context,gatv2,graph_c_context_observation,S5F2_energy,test,820,8319,,1,0.738832950592041,late_fusion
sprint9_multiseed_S8B_R2_seed7_S8B_R2_sequence_plus_context,S8B_R2_sequence_plus_context,1,gatv2_graph_c_sprint8b_sequence_plus_context,gatv2,graph_c_context_observation,S5F2_energy,test,821,8319,,1,0.7921530604362488,late_fusion
sprint9_multiseed_S8B_R2_seed7_S8B_R2_sequence_plus_context,S8B_R2_sequence_plus_context,1,gatv2_graph_c_sprint8b_sequence_plus_context,gatv2,graph_c_context_observation,S5F2_energy,test,822,8319,,1,0.7373000383377075,late_fusion
sprint9_multiseed_S8B_R2_seed7_S8B_R2_sequence_plus_context,S8B_R2_sequence_plus_context,1,gatv2_graph_c_sprint8b_sequence_plus_context,gatv2,graph_c_context_observation,S5F2_energy,test,823,8319,,1,0.8386970162391663,late_fusion
sprint9_multiseed_S8B_R2_seed7_S8B_R2_sequence_plus_context,S8B_R2_sequence_plus_context,1,gatv2_graph_c_sprint8b_sequence_plus_context,gatv2,graph_c_context_observation,S5F2_energy,test,824,8319,,1,0.7764425277709961,late_fusion
sprint9_multiseed_S8B_R2_seed7_S8B_R2_sequence_plus_context,S8B_R2_sequence_plus_context,1,gatv2_graph_c_sprint8b_sequence_plus_context,gatv2,graph_c_context_observation,S5F2_energy,test,825,8319,,1,0.8186469078063965,late_fusion
sprint9_multiseed_S8B_R2_seed7_S8B_R2_sequence_plus_context,S8B_R2_sequence_plus_context,1,gatv2_graph_c_sprint8b_sequence_plus_context,gatv2,graph_c_context_observation,S5F2_energy,test,826,8319,,1,0.7879624962806702,late_fusion
sprint9_multiseed_S8B_R2_seed7_S8B_R2_sequence_plus_context,S8B_R2_sequence_plus_context,1,gatv2_graph_c_sprint8b_sequence_plus_context,gatv2,graph_c_context_observation,S5F2_energy,test,827,8319,,1,0.8775835633277893,late_fusion
sprint9_multiseed_S8B_R2_seed7_S8B_R2_sequence_plus_context,S8B_R2_sequence_plus_context,1,gatv2_graph_c_sprint8b_sequence_plus_context,gatv2,graph_c_context_observation,S5F2_energy,test,828,8319,,1,0.791580319404602,late_fusion
sprint9_multiseed_S8B_R2_seed7_S8B_R2_sequence_plus_context,S8B_R2_sequence_plus_context,1,gatv2_graph_c_sprint8b_sequence_plus_context,gatv2,graph_c_context_observation,S5F2_energy,test,829,8319,,1,0.7795894742012024,late_fusion
sprint9_multiseed_S8B_R2_seed7_S8B_R2_sequence_plus_context,S8B_R2_sequence_plus_context,1,gatv2_graph_c_sprint8b_sequence_plus_context,gatv2,graph_c_context_observation,S5F2_energy,test,830,8319,,1,0.8211050033569336,late_fusion
sprint9_multiseed_S8B_R2_seed7_S8B_R2_sequence_plus_context,S8B_R2_sequence_plus_context,1,gatv2_graph_c_sprint8b_sequence_plus_context,gatv2,graph_c_context_observation,S5F2_energy,test,831,8319,,1,0.9026902914047241,late_fusion
sprint9_multiseed_S8B_R2_seed7_S8B_R2_sequence_plus_context,S8B_R2_sequence_plus_context,1,gatv2_graph_c_sprint8b_sequence_plus_context,gatv2,graph_c_context_observation,S5F2_energy,test,832,8319,,1,0.8550066351890564,late_fusion
sprint9_multiseed_S8B_R2_seed7_S8B_R2_sequence_plus_context,S8B_R2_sequence_plus_context,1,gatv2_graph_c_sprint8b_sequence_plus_context,gatv2,graph_c_context_observation,S5F2_energy,test,833,8319,,1,0.8828656673431396,late_fusion
sprint9_multiseed_S8B_R2_seed7_S8B_R2_sequence_plus_context,S8B_R2_sequence_plus_context,1,gatv2_graph_c_sprint8b_sequence_plus_context,gatv2,graph_c_context_observation,S5F2_energy,test,834,8319,,1,0.8017319440841675,late_fusion
sprint9_multiseed_S8B_R2_seed7_S8B_R2_sequence_plus_context,S8B_R2_sequence_plus_context,1,gatv2_graph_c_sprint8b_sequence_plus_context,gatv2,graph_c_context_observation,S5F2_energy,test,835,8319,,1,0.6925039291381836,late_fusion
sprint9_multiseed_S8B_R2_seed7_S8B_R2_sequence_plus_context,S8B_R2_sequence_plus_context,1,gatv2_graph_c_sprint8b_sequence_plus_context,gatv2,graph_c_context_observation,S5F2_energy,test,836,8319,,1,0.8788271546363831,late_fusion
sprint9_multiseed_S8B_R2_seed7_S8B_R2_sequence_plus_context,S8B_R2_sequence_plus_context,1,gatv2_graph_c_sprint8b_sequence_plus_context,gatv2,graph_c_context_observation,S5F2_energy,test,837,8319,,1,0.8080465197563171,late_fusion
sprint9_multiseed_S8B_R2_seed7_S8B_R2_sequence_plus_context,S8B_R2_sequence_plus_context,1,gatv2_graph_c_sprint8b_sequence_plus_context,gatv2,graph_c_context_observation,S5F2_energy,test,838,8319,,1,0.9279804229736328,late_fusion
sprint9_multiseed_S8B_R2_seed7_S8B_R2_sequence_plus_context,S8B_R2_sequence_plus_context,1,gatv2_graph_c_sprint8b_sequence_plus_context,gatv2,graph_c_context_observation,S5F2_energy,test,839,8319,,1,0.763645589351654,late_fusion
sprint9_multiseed_S8B_R2_seed7_S8B_R2_sequence_plus_context,S8B_R2_sequence_plus_context,1,gatv2_graph_c_sprint8b_sequence_plus_context,gatv2,graph_c_context_observation,S5F2_energy,test,840,8319,,1,0.8097828030586243,late_fusion
sprint9_multiseed_S8B_R2_seed7_S8B_R2_sequence_plus_context,S8B_R2_sequence_plus_context,1,gatv2_graph_c_sprint8b_sequence_plus_context,gatv2,graph_c_context_observation,S5F2_energy,test,841,8319,,1,0.8292137384414673,late_fusion
sprint9_multiseed_S8B_R2_seed7_S8B_R2_sequence_plus_context,S8B_R2_sequence_plus_context,1,gatv2_graph_c_sprint8b_sequence_plus_context,gatv2,graph_c_context_observation,S5F2_energy,test,842,8319,,1,0.7951187491416931,late_fusion
sprint9_multiseed_S8B_R2_seed7_S8B_R2_sequence_plus_context,S8B_R2_sequence_plus_context,1,gatv2_graph_c_sprint8b_sequence_plus_context,gatv2,graph_c_context_observation,S5F2_energy,test,843,8319,,1,0.9304401874542236,late_fusion
sprint9_multiseed_S8B_R2_seed7_S8B_R2_sequence_plus_context,S8B_R2_sequence_plus_context,1,gatv2_graph_c_sprint8b_sequence_plus_context,gatv2,graph_c_context_observation,S5F2_energy,test,844,8319,,1,0.8102725148200989,late_fusion
sprint9_multiseed_S8B_R2_seed7_S8B_R2_sequence_plus_context,S8B_R2_sequence_plus_context,1,gatv2_graph_c_sprint8b_sequence_plus_context,gatv2,graph_c_context_observation,S5F2_energy,test,845,8319,,1,0.8038869500160217,late_fusion
sprint9_multiseed_S8B_R2_seed7_S8B_R2_sequence_plus_context,S8B_R2_sequence_plus_context,1,gatv2_graph_c_sprint8b_sequence_plus_context,gatv2,graph_c_context_observation,S5F2_energy,test,846,8319,,1,0.9481337666511536,late_fusion
sprint9_multiseed_S8B_R2_seed7_S8B_R2_sequence_plus_context,S8B_R2_sequence_plus_context,1,gatv2_graph_c_sprint8b_sequence_plus_context,gatv2,graph_c_context_observation,S5F2_energy,test,847,8319,,1,0.9242962598800659,late_fusion
sprint9_multiseed_S8B_R2_seed7_S8B_R2_sequence_plus_context,S8B_R2_sequence_plus_context,1,gatv2_graph_c_sprint8b_sequence_plus_context,gatv2,graph_c_context_observation,S5F2_energy,test,848,8319,,1,0.8254901766777039,late_fusion
sprint9_multiseed_S8B_R2_seed7_S8B_R2_sequence_plus_context,S8B_R2_sequence_plus_context,1,gatv2_graph_c_sprint8b_sequence_plus_context,gatv2,graph_c_context_observation,S5F2_energy,test,849,8319,,1,0.873806893825531,late_fusion
sprint9_multiseed_S8B_R2_seed7_S8B_R2_sequence_plus_context,S8B_R2_sequence_plus_context,1,gatv2_graph_c_sprint8b_sequence_plus_context,gatv2,graph_c_context_observation,S5F2_energy,test,850,8319,,1,0.7826423645019531,late_fusion
sprint9_multiseed_S8B_R2_seed7_S8B_R2_sequence_plus_context,S8B_R2_sequence_plus_context,1,gatv2_graph_c_sprint8b_sequence_plus_context,gatv2,graph_c_context_observation,S5F2_energy,test,851,8319,,1,0.8893848657608032,late_fusion
sprint9_multiseed_S8B_R2_seed7_S8B_R2_sequence_plus_context,S8B_R2_sequence_plus_context,1,gatv2_graph_c_sprint8b_sequence_plus_context,gatv2,graph_c_context_observation,S5F2_energy,test,852,8319,,1,0.9003764986991882,late_fusion
sprint9_multiseed_S8B_R2_seed7_S8B_R2_sequence_plus_context,S8B_R2_sequence_plus_context,1,gatv2_graph_c_sprint8b_sequence_plus_context,gatv2,graph_c_context_observation,S5F2_energy,test,853,8319,,1,0.7080216407775879,late_fusion
sprint9_multiseed_S8B_R2_seed7_S8B_R2_sequence_plus_context,S8B_R2_sequence_plus_context,1,gatv2_graph_c_sprint8b_sequence_plus_context,gatv2,graph_c_context_observation,S5F2_energy,test,854,8319,,1,0.8072031140327454,late_fusion
sprint9_multiseed_S8B_R2_seed7_S8B_R2_sequence_plus_context,S8B_R2_sequence_plus_context,1,gatv2_graph_c_sprint8b_sequence_plus_context,gatv2,graph_c_context_observation,S5F2_energy,test,855,8319,,1,0.7975645065307617,late_fusion
sprint9_multiseed_S8B_R2_seed7_S8B_R2_sequence_plus_context,S8B_R2_sequence_plus_context,1,gatv2_graph_c_sprint8b_sequence_plus_context,gatv2,graph_c_context_observation,S5F2_energy,test,856,8319,,1,0.7054837346076965,late_fusion
sprint9_multiseed_S8B_R2_seed7_S8B_R2_sequence_plus_context,S8B_R2_sequence_plus_context,1,gatv2_graph_c_sprint8b_sequence_plus_context,gatv2,graph_c_context_observation,S5F2_energy,test,857,8319,,1,0.9212284684181213,late_fusion
sprint9_multiseed_S8B_R2_seed7_S8B_R2_sequence_plus_context,S8B_R2_sequence_plus_context,1,gatv2_graph_c_sprint8b_sequence_plus_context,gatv2,graph_c_context_observation,S5F2_energy,test,858,8319,,1,0.7636746764183044,late_fusion
sprint9_multiseed_S8B_R2_seed7_S8B_R2_sequence_plus_context,S8B_R2_sequence_plus_context,1,gatv2_graph_c_sprint8b_sequence_plus_context,gatv2,graph_c_context_observation,S5F2_energy,test,859,8319,,1,0.8863205909729004,late_fusion
sprint9_multiseed_S8B_R2_seed7_S8B_R2_sequence_plus_context,S8B_R2_sequence_plus_context,1,gatv2_graph_c_sprint8b_sequence_plus_context,gatv2,graph_c_context_observation,S5F2_energy,test,860,8319,,1,0.7517375349998474,late_fusion
sprint9_multiseed_S8B_R2_seed7_S8B_R2_sequence_plus_context,S8B_R2_sequence_plus_context,1,gatv2_graph_c_sprint8b_sequence_plus_context,gatv2,graph_c_context_observation,S5F2_energy,test,861,8319,,1,0.8243904113769531,late_fusion
sprint9_multiseed_S8B_R2_seed7_S8B_R2_sequence_plus_context,S8B_R2_sequence_plus_context,1,gatv2_graph_c_sprint8b_sequence_plus_context,gatv2,graph_c_context_observation,S5F2_energy,test,862,8319,,1,0.8578292727470398,late_fusion
sprint9_multiseed_S8B_R2_seed7_S8B_R2_sequence_plus_context,S8B_R2_sequence_plus_context,1,gatv2_graph_c_sprint8b_sequence_plus_context,gatv2,graph_c_context_observation,S5F2_energy,test,863,8319,,1,0.8398805260658264,late_fusion
sprint9_multiseed_S8B_R2_seed7_S8B_R2_sequence_plus_context,S8B_R2_sequence_plus_context,1,gatv2_graph_c_sprint8b_sequence_plus_context,gatv2,graph_c_context_observation,S5F2_energy,test,864,8319,,1,0.7813800573348999,late_fusion
sprint9_multiseed_S8B_R2_seed7_S8B_R2_sequence_plus_context,S8B_R2_sequence_plus_context,1,gatv2_graph_c_sprint8b_sequence_plus_context,gatv2,graph_c_context_observation,S5F2_energy,test,865,8319,,1,0.8016929030418396,late_fusion
sprint9_multiseed_S8B_R2_seed7_S8B_R2_sequence_plus_context,S8B_R2_sequence_plus_context,1,gatv2_graph_c_sprint8b_sequence_plus_context,gatv2,graph_c_context_observation,S5F2_energy,test,866,8319,,1,0.7359646558761597,late_fusion
sprint9_multiseed_S8B_R2_seed7_S8B_R2_sequence_plus_context,S8B_R2_sequence_plus_context,1,gatv2_graph_c_sprint8b_sequence_plus_context,gatv2,graph_c_context_observation,S5F2_energy,test,867,8319,,1,0.7144116163253784,late_fusion
sprint9_multiseed_S8B_R2_seed7_S8B_R2_sequence_plus_context,S8B_R2_sequence_plus_context,1,gatv2_graph_c_sprint8b_sequence_plus_context,gatv2,graph_c_context_observation,S5F2_energy,test,868,8319,,1,0.3012542724609375,late_fusion
sprint9_multiseed_S8B_R2_seed7_S8B_R2_sequence_plus_context,S8B_R2_sequence_plus_context,1,gatv2_graph_c_sprint8b_sequence_plus_context,gatv2,graph_c_context_observation,S5F2_energy,test,869,8420,,1,0.9835590720176697,late_fusion
sprint9_multiseed_S8B_R2_seed7_S8B_R2_sequence_plus_context,S8B_R2_sequence_plus_context,1,gatv2_graph_c_sprint8b_sequence_plus_context,gatv2,graph_c_context_observation,S5F2_energy,test,870,8420,,1,0.9598581194877625,late_fusion
sprint9_multiseed_S8B_R2_seed7_S8B_R2_sequence_plus_context,S8B_R2_sequence_plus_context,1,gatv2_graph_c_sprint8b_sequence_plus_context,gatv2,graph_c_context_observation,S5F2_energy,test,871,8420,,1,0.93857741355896,late_fusion
sprint9_multiseed_S8B_R2_seed7_S8B_R2_sequence_plus_context,S8B_R2_sequence_plus_context,1,gatv2_graph_c_sprint8b_sequence_plus_context,gatv2,graph_c_context_observation,S5F2_energy,test,872,8420,,1,0.775557279586792,late_fusion
sprint9_multiseed_S8B_R2_seed7_S8B_R2_sequence_plus_context,S8B_R2_sequence_plus_context,1,gatv2_graph_c_sprint8b_sequence_plus_context,gatv2,graph_c_context_observation,S5F2_energy,test,873,8420,,1,0.7714989185333252,late_fusion
sprint9_multiseed_S8B_R2_seed7_S8B_R2_sequence_plus_context,S8B_R2_sequence_plus_context,1,gatv2_graph_c_sprint8b_sequence_plus_context,gatv2,graph_c_context_observation,S5F2_energy,test,874,8420,,1,0.9186767935752869,late_fusion
sprint9_multiseed_S8B_R2_seed7_S8B_R2_sequence_plus_context,S8B_R2_sequence_plus_context,1,gatv2_graph_c_sprint8b_sequence_plus_context,gatv2,graph_c_context_observation,S5F2_energy,test,875,8420,,1,0.6921461820602417,late_fusion
sprint9_multiseed_S8B_R2_seed7_S8B_R2_sequence_plus_context,S8B_R2_sequence_plus_context,1,gatv2_graph_c_sprint8b_sequence_plus_context,gatv2,graph_c_context_observation,S5F2_energy,test,876,8420,,1,0.7818169593811035,late_fusion
sprint9_multiseed_S8B_R2_seed7_S8B_R2_sequence_plus_context,S8B_R2_sequence_plus_context,1,gatv2_graph_c_sprint8b_sequence_plus_context,gatv2,graph_c_context_observation,S5F2_energy,test,877,8420,,1,0.9887663722038269,late_fusion
sprint9_multiseed_S8B_R2_seed7_S8B_R2_sequence_plus_context,S8B_R2_sequence_plus_context,1,gatv2_graph_c_sprint8b_sequence_plus_context,gatv2,graph_c_context_observation,S5F2_energy,test,878,8420,,1,0.745158314704895,late_fusion
sprint9_multiseed_S8B_R2_seed7_S8B_R2_sequence_plus_context,S8B_R2_sequence_plus_context,1,gatv2_graph_c_sprint8b_sequence_plus_context,gatv2,graph_c_context_observation,S5F2_energy,test,879,8420,,1,0.9748513102531433,late_fusion
sprint9_multiseed_S8B_R2_seed7_S8B_R2_sequence_plus_context,S8B_R2_sequence_plus_context,1,gatv2_graph_c_sprint8b_sequence_plus_context,gatv2,graph_c_context_observation,S5F2_energy,test,880,8420,,1,0.7976441383361816,late_fusion
sprint9_multiseed_S8B_R2_seed7_S8B_R2_sequence_plus_context,S8B_R2_sequence_plus_context,1,gatv2_graph_c_sprint8b_sequence_plus_context,gatv2,graph_c_context_observation,S5F2_energy,test,881,8420,,1,0.7085115909576416,late_fusion
sprint9_multiseed_S8B_R2_seed7_S8B_R2_sequence_plus_context,S8B_R2_sequence_plus_context,1,gatv2_graph_c_sprint8b_sequence_plus_context,gatv2,graph_c_context_observation,S5F2_energy,test,882,8420,,1,0.6587564945220947,late_fusion
sprint9_multiseed_S8B_R2_seed7_S8B_R2_sequence_plus_context,S8B_R2_sequence_plus_context,1,gatv2_graph_c_sprint8b_sequence_plus_context,gatv2,graph_c_context_observation,S5F2_energy,test,883,8420,,1,0.7868996262550354,late_fusion
sprint9_multiseed_S8B_R2_seed7_S8B_R2_sequence_plus_context,S8B_R2_sequence_plus_context,1,gatv2_graph_c_sprint8b_sequence_plus_context,gatv2,graph_c_context_observation,S5F2_energy,test,884,8420,,1,0.9157798290252686,late_fusion
sprint9_multiseed_S8B_R2_seed7_S8B_R2_sequence_plus_context,S8B_R2_sequence_plus_context,1,gatv2_graph_c_sprint8b_sequence_plus_context,gatv2,graph_c_context_observation,S5F2_energy,test,885,8420,,1,0.777554452419281,late_fusion
sprint9_multiseed_S8B_R2_seed7_S8B_R2_sequence_plus_context,S8B_R2_sequence_plus_context,1,gatv2_graph_c_sprint8b_sequence_plus_context,gatv2,graph_c_context_observation,S5F2_energy,test,886,8420,,1,0.8864502310752869,late_fusion
sprint9_multiseed_S8B_R2_seed7_S8B_R2_sequence_plus_context,S8B_R2_sequence_plus_context,1,gatv2_graph_c_sprint8b_sequence_plus_context,gatv2,graph_c_context_observation,S5F2_energy,test,887,8420,,1,0.8896908164024353,late_fusion
sprint9_multiseed_S8B_R2_seed7_S8B_R2_sequence_plus_context,S8B_R2_sequence_plus_context,1,gatv2_graph_c_sprint8b_sequence_plus_context,gatv2,graph_c_context_observation,S5F2_energy,test,888,8420,,1,0.9328380823135376,late_fusion
sprint9_multiseed_S8B_R2_seed7_S8B_R2_sequence_plus_context,S8B_R2_sequence_plus_context,1,gatv2_graph_c_sprint8b_sequence_plus_context,gatv2,graph_c_context_observation,S5F2_energy,test,889,8420,,1,0.7125849723815918,late_fusion
sprint9_multiseed_S8B_R2_seed7_S8B_R2_sequence_plus_context,S8B_R2_sequence_plus_context,1,gatv2_graph_c_sprint8b_sequence_plus_context,gatv2,graph_c_context_observation,S5F2_energy,test,890,8420,,1,0.5663938522338867,late_fusion
sprint9_multiseed_S8B_R2_seed7_S8B_R2_sequence_plus_context,S8B_R2_sequence_plus_context,1,gatv2_graph_c_sprint8b_sequence_plus_context,gatv2,graph_c_context_observation,S5F2_energy,test,891,8420,,1,0.6305413842201233,late_fusion
sprint9_multiseed_S8B_R2_seed7_S8B_R2_sequence_plus_context,S8B_R2_sequence_plus_context,1,gatv2_graph_c_sprint8b_sequence_plus_context,gatv2,graph_c_context_observation,S5F2_energy,test,892,8420,,1,0.8958626389503479,late_fusion
sprint9_multiseed_S8B_R2_seed7_S8B_R2_sequence_plus_context,S8B_R2_sequence_plus_context,1,gatv2_graph_c_sprint8b_sequence_plus_context,gatv2,graph_c_context_observation,S5F2_energy,test,893,8420,,1,0.8562678694725037,late_fusion
sprint9_multiseed_S8B_R2_seed7_S8B_R2_sequence_plus_context,S8B_R2_sequence_plus_context,1,gatv2_graph_c_sprint8b_sequence_plus_context,gatv2,graph_c_context_observation,S5F2_energy,test,894,8420,,1,0.795535683631897,late_fusion
sprint9_multiseed_S8B_R2_seed7_S8B_R2_sequence_plus_context,S8B_R2_sequence_plus_context,1,gatv2_graph_c_sprint8b_sequence_plus_context,gatv2,graph_c_context_observation,S5F2_energy,test,895,8420,,1,0.7545679807662964,late_fusion
sprint9_multiseed_S8B_R2_seed7_S8B_R2_sequence_plus_context,S8B_R2_sequence_plus_context,1,gatv2_graph_c_sprint8b_sequence_plus_context,gatv2,graph_c_context_observation,S5F2_energy,test,896,8420,,1,0.844185471534729,late_fusion
sprint9_multiseed_S8B_R2_seed7_S8B_R2_sequence_plus_context,S8B_R2_sequence_plus_context,1,gatv2_graph_c_sprint8b_sequence_plus_context,gatv2,graph_c_context_observation,S5F2_energy,test,897,8420,,1,0.8882893919944763,late_fusion
sprint9_multiseed_S8B_R2_seed7_S8B_R2_sequence_plus_context,S8B_R2_sequence_plus_context,1,gatv2_graph_c_sprint8b_sequence_plus_context,gatv2,graph_c_context_observation,S5F2_energy,test,898,8420,,1,0.8549745082855225,late_fusion
sprint9_multiseed_S8B_R2_seed7_S8B_R2_sequence_plus_context,S8B_R2_sequence_plus_context,1,gatv2_graph_c_sprint8b_sequence_plus_context,gatv2,graph_c_context_observation,S5F2_energy,test,899,8420,,1,0.6211279630661011,late_fusion
sprint9_multiseed_S8B_R2_seed7_S8B_R2_sequence_plus_context,S8B_R2_sequence_plus_context,1,gatv2_graph_c_sprint8b_sequence_plus_context,gatv2,graph_c_context_observation,S5F2_energy,test,900,8420,,1,0.9246731400489807,late_fusion
sprint9_multiseed_S8B_R2_seed7_S8B_R2_sequence_plus_context,S8B_R2_sequence_plus_context,1,gatv2_graph_c_sprint8b_sequence_plus_context,gatv2,graph_c_context_observation,S5F2_energy,test,901,8420,,1,0.8959217667579651,late_fusion
sprint9_multiseed_S8B_R2_seed7_S8B_R2_sequence_plus_context,S8B_R2_sequence_plus_context,1,gatv2_graph_c_sprint8b_sequence_plus_context,gatv2,graph_c_context_observation,S5F2_energy,test,902,8420,,1,0.8314820528030396,late_fusion
sprint9_multiseed_S8B_R2_seed7_S8B_R2_sequence_plus_context,S8B_R2_sequence_plus_context,1,gatv2_graph_c_sprint8b_sequence_plus_context,gatv2,graph_c_context_observation,S5F2_energy,test,903,8420,,1,0.9405969977378845,late_fusion
sprint9_multiseed_S8B_R2_seed7_S8B_R2_sequence_plus_context,S8B_R2_sequence_plus_context,1,gatv2_graph_c_sprint8b_sequence_plus_context,gatv2,graph_c_context_observation,S5F2_energy,test,904,8420,,1,0.8885359764099121,late_fusion
sprint9_multiseed_S8B_R2_seed7_S8B_R2_sequence_plus_context,S8B_R2_sequence_plus_context,1,gatv2_graph_c_sprint8b_sequence_plus_context,gatv2,graph_c_context_observation,S5F2_energy,test,905,8420,,1,0.6529885530471802,late_fusion
sprint9_multiseed_S8B_R2_seed7_S8B_R2_sequence_plus_context,S8B_R2_sequence_plus_context,1,gatv2_graph_c_sprint8b_sequence_plus_context,gatv2,graph_c_context_observation,S5F2_energy,test,906,8420,,1,0.8017742037773132,late_fusion
sprint9_multiseed_S8B_R2_seed7_S8B_R2_sequence_plus_context,S8B_R2_sequence_plus_context,1,gatv2_graph_c_sprint8b_sequence_plus_context,gatv2,graph_c_context_observation,S5F2_energy,test,907,8420,,1,0.6896471977233887,late_fusion
sprint9_multiseed_S8B_R2_seed7_S8B_R2_sequence_plus_context,S8B_R2_sequence_plus_context,1,gatv2_graph_c_sprint8b_sequence_plus_context,gatv2,graph_c_context_observation,S5F2_energy,test,908,8420,,1,0.8831048011779785,late_fusion
sprint9_multiseed_S8B_R2_seed7_S8B_R2_sequence_plus_context,S8B_R2_sequence_plus_context,1,gatv2_graph_c_sprint8b_sequence_plus_context,gatv2,graph_c_context_observation,S5F2_energy,test,909,8420,,1,0.9177160263061523,late_fusion
sprint9_multiseed_S8B_R2_seed7_S8B_R2_sequence_plus_context,S8B_R2_sequence_plus_context,1,gatv2_graph_c_sprint8b_sequence_plus_context,gatv2,graph_c_context_observation,S5F2_energy,test,910,8420,,1,0.5501159429550171,late_fusion
sprint9_multiseed_S8B_R2_seed7_S8B_R2_sequence_plus_context,S8B_R2_sequence_plus_context,1,gatv2_graph_c_sprint8b_sequence_plus_context,gatv2,graph_c_context_observation,S5F2_energy,test,911,8420,,1,0.9434747099876404,late_fusion
sprint9_multiseed_S8B_R2_seed7_S8B_R2_sequence_plus_context,S8B_R2_sequence_plus_context,1,gatv2_graph_c_sprint8b_sequence_plus_context,gatv2,graph_c_context_observation,S5F2_energy,test,912,8420,,1,0.973121166229248,late_fusion
sprint9_multiseed_S8B_R2_seed7_S8B_R2_sequence_plus_context,S8B_R2_sequence_plus_context,1,gatv2_graph_c_sprint8b_sequence_plus_context,gatv2,graph_c_context_observation,S5F2_energy,test,913,8420,,1,0.5869967341423035,late_fusion
sprint9_multiseed_S8B_R2_seed7_S8B_R2_sequence_plus_context,S8B_R2_sequence_plus_context,1,gatv2_graph_c_sprint8b_sequence_plus_context,gatv2,graph_c_context_observation,S5F2_energy,test,914,8420,,1,0.8700510859489441,late_fusion
sprint9_multiseed_S8B_R2_seed7_S8B_R2_sequence_plus_context,S8B_R2_sequence_plus_context,1,gatv2_graph_c_sprint8b_sequence_plus_context,gatv2,graph_c_context_observation,S5F2_energy,test,915,8420,,1,0.5924856662750244,late_fusion
sprint9_multiseed_S8B_R2_seed7_S8B_R2_sequence_plus_context,S8B_R2_sequence_plus_context,1,gatv2_graph_c_sprint8b_sequence_plus_context,gatv2,graph_c_context_observation,S5F2_energy,test,916,8420,,1,0.8504588603973389,late_fusion
sprint9_multiseed_S8B_R2_seed7_S8B_R2_sequence_plus_context,S8B_R2_sequence_plus_context,1,gatv2_graph_c_sprint8b_sequence_plus_context,gatv2,graph_c_context_observation,S5F2_energy,test,917,8420,,1,0.7766442894935608,late_fusion
sprint9_multiseed_S8B_R2_seed7_S8B_R2_sequence_plus_context,S8B_R2_sequence_plus_context,1,gatv2_graph_c_sprint8b_sequence_plus_context,gatv2,graph_c_context_observation,S5F2_energy,test,918,8420,,1,0.6678715944290161,late_fusion
sprint9_multiseed_S8B_R2_seed7_S8B_R2_sequence_plus_context,S8B_R2_sequence_plus_context,1,gatv2_graph_c_sprint8b_sequence_plus_context,gatv2,graph_c_context_observation,S5F2_energy,test,919,8420,,1,0.557890772819519,late_fusion
sprint9_multiseed_S8B_R2_seed7_S8B_R2_sequence_plus_context,S8B_R2_sequence_plus_context,1,gatv2_graph_c_sprint8b_sequence_plus_context,gatv2,graph_c_context_observation,S5F2_energy,test,920,8420,,1,0.7580262422561646,late_fusion
sprint9_multiseed_S8B_R2_seed7_S8B_R2_sequence_plus_context,S8B_R2_sequence_plus_context,1,gatv2_graph_c_sprint8b_sequence_plus_context,gatv2,graph_c_context_observation,S5F2_energy,test,921,8420,,1,0.5501649379730225,late_fusion
sprint9_multiseed_S8B_R2_seed7_S8B_R2_sequence_plus_context,S8B_R2_sequence_plus_context,1,gatv2_graph_c_sprint8b_sequence_plus_context,gatv2,graph_c_context_observation,S5F2_energy,test,922,8420,,1,0.8824630975723267,late_fusion
sprint9_multiseed_S8B_R2_seed7_S8B_R2_sequence_plus_context,S8B_R2_sequence_plus_context,1,gatv2_graph_c_sprint8b_sequence_plus_context,gatv2,graph_c_context_observation,S5F2_energy,test,923,8420,,1,0.6042866110801697,late_fusion
sprint9_multiseed_S8B_R2_seed7_S8B_R2_sequence_plus_context,S8B_R2_sequence_plus_context,1,gatv2_graph_c_sprint8b_sequence_plus_context,gatv2,graph_c_context_observation,S5F2_energy,test,924,8420,,1,0.7999531030654907,late_fusion
sprint9_multiseed_S8B_R2_seed7_S8B_R2_sequence_plus_context,S8B_R2_sequence_plus_context,1,gatv2_graph_c_sprint8b_sequence_plus_context,gatv2,graph_c_context_observation,S5F2_energy,test,925,8420,,1,0.621792733669281,late_fusion
sprint9_multiseed_S8B_R2_seed7_S8B_R2_sequence_plus_context,S8B_R2_sequence_plus_context,1,gatv2_graph_c_sprint8b_sequence_plus_context,gatv2,graph_c_context_observation,S5F2_energy,test,926,8420,,1,0.7602499127388,late_fusion
sprint9_multiseed_S8B_R2_seed7_S8B_R2_sequence_plus_context,S8B_R2_sequence_plus_context,1,gatv2_graph_c_sprint8b_sequence_plus_context,gatv2,graph_c_context_observation,S5F2_energy,test,927,8420,,1,0.677381157875061,late_fusion
sprint9_multiseed_S8B_R2_seed7_S8B_R2_sequence_plus_context,S8B_R2_sequence_plus_context,1,gatv2_graph_c_sprint8b_sequence_plus_context,gatv2,graph_c_context_observation,S5F2_energy,test,928,8420,,1,0.8567195534706116,late_fusion
sprint9_multiseed_S8B_R2_seed7_S8B_R2_sequence_plus_context,S8B_R2_sequence_plus_context,1,gatv2_graph_c_sprint8b_sequence_plus_context,gatv2,graph_c_context_observation,S5F2_energy,test,929,8420,,1,0.7753831744194031,late_fusion
sprint9_multiseed_S8B_R2_seed7_S8B_R2_sequence_plus_context,S8B_R2_sequence_plus_context,1,gatv2_graph_c_sprint8b_sequence_plus_context,gatv2,graph_c_context_observation,S5F2_energy,test,930,8420,,1,0.6305878758430481,late_fusion
sprint9_multiseed_S8B_R2_seed7_S8B_R2_sequence_plus_context,S8B_R2_sequence_plus_context,1,gatv2_graph_c_sprint8b_sequence_plus_context,gatv2,graph_c_context_observation,S5F2_energy,test,931,8420,,1,0.7062861919403076,late_fusion
sprint9_multiseed_S8B_R2_seed7_S8B_R2_sequence_plus_context,S8B_R2_sequence_plus_context,1,gatv2_graph_c_sprint8b_sequence_plus_context,gatv2,graph_c_context_observation,S5F2_energy,test,932,8420,,1,0.6451061367988586,late_fusion
sprint9_multiseed_S8B_R2_seed7_S8B_R2_sequence_plus_context,S8B_R2_sequence_plus_context,1,gatv2_graph_c_sprint8b_sequence_plus_context,gatv2,graph_c_context_observation,S5F2_energy,test,933,8420,,1,0.9083620309829712,late_fusion
sprint9_multiseed_S8B_R2_seed7_S8B_R2_sequence_plus_context,S8B_R2_sequence_plus_context,1,gatv2_graph_c_sprint8b_sequence_plus_context,gatv2,graph_c_context_observation,S5F2_energy,test,934,8420,,1,0.8699365258216858,late_fusion
sprint9_multiseed_S8B_R2_seed7_S8B_R2_sequence_plus_context,S8B_R2_sequence_plus_context,1,gatv2_graph_c_sprint8b_sequence_plus_context,gatv2,graph_c_context_observation,S5F2_energy,test,935,8420,,1,0.5965398550033569,late_fusion
sprint9_multiseed_S8B_R2_seed7_S8B_R2_sequence_plus_context,S8B_R2_sequence_plus_context,1,gatv2_graph_c_sprint8b_sequence_plus_context,gatv2,graph_c_context_observation,S5F2_energy,test,936,8420,,1,0.5998974442481995,late_fusion
sprint9_multiseed_S8B_R2_seed7_S8B_R2_sequence_plus_context,S8B_R2_sequence_plus_context,1,gatv2_graph_c_sprint8b_sequence_plus_context,gatv2,graph_c_context_observation,S5F2_energy,test,937,8420,,1,0.8228515386581421,late_fusion
sprint9_multiseed_S8B_R2_seed7_S8B_R2_sequence_plus_context,S8B_R2_sequence_plus_context,1,gatv2_graph_c_sprint8b_sequence_plus_context,gatv2,graph_c_context_observation,S5F2_energy,test,938,8420,,1,0.679536759853363,late_fusion
sprint9_multiseed_S8B_R2_seed7_S8B_R2_sequence_plus_context,S8B_R2_sequence_plus_context,1,gatv2_graph_c_sprint8b_sequence_plus_context,gatv2,graph_c_context_observation,S5F2_energy,test,939,8420,,1,0.5303044319152832,late_fusion
sprint9_multiseed_S8B_R2_seed7_S8B_R2_sequence_plus_context,S8B_R2_sequence_plus_context,1,gatv2_graph_c_sprint8b_sequence_plus_context,gatv2,graph_c_context_observation,S5F2_energy,test,940,8420,,1,0.8441315293312073,late_fusion
sprint9_multiseed_S8B_R2_seed7_S8B_R2_sequence_plus_context,S8B_R2_sequence_plus_context,1,gatv2_graph_c_sprint8b_sequence_plus_context,gatv2,graph_c_context_observation,S5F2_energy,test,941,8420,,1,0.9202425479888916,late_fusion
sprint9_multiseed_S8B_R2_seed7_S8B_R2_sequence_plus_context,S8B_R2_sequence_plus_context,1,gatv2_graph_c_sprint8b_sequence_plus_context,gatv2,graph_c_context_observation,S5F2_energy,test,942,8420,,1,0.6643776893615723,late_fusion
sprint9_multiseed_S8B_R2_seed7_S8B_R2_sequence_plus_context,S8B_R2_sequence_plus_context,1,gatv2_graph_c_sprint8b_sequence_plus_context,gatv2,graph_c_context_observation,S5F2_energy,test,943,8420,,1,0.7499077916145325,late_fusion
sprint9_multiseed_S8B_R2_seed7_S8B_R2_sequence_plus_context,S8B_R2_sequence_plus_context,1,gatv2_graph_c_sprint8b_sequence_plus_context,gatv2,graph_c_context_observation,S5F2_energy,test,944,8420,,1,0.9819173216819763,late_fusion
sprint9_multiseed_S8B_R2_seed7_S8B_R2_sequence_plus_context,S8B_R2_sequence_plus_context,1,gatv2_graph_c_sprint8b_sequence_plus_context,gatv2,graph_c_context_observation,S5F2_energy,test,945,8420,,1,0.6526286602020264,late_fusion
sprint9_multiseed_S8B_R2_seed7_S8B_R2_sequence_plus_context,S8B_R2_sequence_plus_context,1,gatv2_graph_c_sprint8b_sequence_plus_context,gatv2,graph_c_context_observation,S5F2_energy,test,946,8420,,1,0.5191619396209717,late_fusion
sprint9_multiseed_S8B_R2_seed7_S8B_R2_sequence_plus_context,S8B_R2_sequence_plus_context,1,gatv2_graph_c_sprint8b_sequence_plus_context,gatv2,graph_c_context_observation,S5F2_energy,test,947,8420,,1,0.9372074007987976,late_fusion
sprint9_multiseed_S8B_R2_seed7_S8B_R2_sequence_plus_context,S8B_R2_sequence_plus_context,1,gatv2_graph_c_sprint8b_sequence_plus_context,gatv2,graph_c_context_observation,S5F2_energy,test,948,8420,,1,0.8946583271026611,late_fusion
sprint9_multiseed_S8B_R2_seed7_S8B_R2_sequence_plus_context,S8B_R2_sequence_plus_context,1,gatv2_graph_c_sprint8b_sequence_plus_context,gatv2,graph_c_context_observation,S5F2_energy,test,949,8420,,1,0.851129412651062,late_fusion
sprint9_multiseed_S8B_R2_seed7_S8B_R2_sequence_plus_context,S8B_R2_sequence_plus_context,1,gatv2_graph_c_sprint8b_sequence_plus_context,gatv2,graph_c_context_observation,S5F2_energy,test,950,8420,,1,0.5450598001480103,late_fusion
sprint9_multiseed_S8B_R2_seed7_S8B_R2_sequence_plus_context,S8B_R2_sequence_plus_context,1,gatv2_graph_c_sprint8b_sequence_plus_context,gatv2,graph_c_context_observation,S5F2_energy,test,951,8420,,1,0.8670641183853149,late_fusion
sprint9_multiseed_S8B_R2_seed7_S8B_R2_sequence_plus_context,S8B_R2_sequence_plus_context,1,gatv2_graph_c_sprint8b_sequence_plus_context,gatv2,graph_c_context_observation,S5F2_energy,test,952,8420,,1,0.509526789188385,late_fusion
sprint9_multiseed_S8B_R2_seed7_S8B_R2_sequence_plus_context,S8B_R2_sequence_plus_context,1,gatv2_graph_c_sprint8b_sequence_plus_context,gatv2,graph_c_context_observation,S5F2_energy,test,953,8420,,1,0.5636569261550903,late_fusion
sprint9_multiseed_S8B_R2_seed7_S8B_R2_sequence_plus_context,S8B_R2_sequence_plus_context,1,gatv2_graph_c_sprint8b_sequence_plus_context,gatv2,graph_c_context_observation,S5F2_energy,test,954,8420,,1,0.6792565584182739,late_fusion
sprint9_multiseed_S8B_R2_seed7_S8B_R2_sequence_plus_context,S8B_R2_sequence_plus_context,1,gatv2_graph_c_sprint8b_sequence_plus_context,gatv2,graph_c_context_observation,S5F2_energy,test,955,8420,,1,0.7077939510345459,late_fusion
sprint9_multiseed_S8B_R2_seed7_S8B_R2_sequence_plus_context,S8B_R2_sequence_plus_context,1,gatv2_graph_c_sprint8b_sequence_plus_context,gatv2,graph_c_context_observation,S5F2_energy,test,956,8420,,1,0.889548122882843,late_fusion
sprint9_multiseed_S8B_R2_seed7_S8B_R2_sequence_plus_context,S8B_R2_sequence_plus_context,1,gatv2_graph_c_sprint8b_sequence_plus_context,gatv2,graph_c_context_observation,S5F2_energy,test,957,8420,,1,0.6405061483383179,late_fusion
sprint9_multiseed_S8B_R2_seed7_S8B_R2_sequence_plus_context,S8B_R2_sequence_plus_context,1,gatv2_graph_c_sprint8b_sequence_plus_context,gatv2,graph_c_context_observation,S5F2_energy,test,958,8420,,1,0.8753738403320312,late_fusion
sprint9_multiseed_S8B_R2_seed7_S8B_R2_sequence_plus_context,S8B_R2_sequence_plus_context,1,gatv2_graph_c_sprint8b_sequence_plus_context,gatv2,graph_c_context_observation,S5F2_energy,test,959,8420,,1,0.903131902217865,late_fusion
sprint9_multiseed_S8B_R2_seed7_S8B_R2_sequence_plus_context,S8B_R2_sequence_plus_context,1,gatv2_graph_c_sprint8b_sequence_plus_context,gatv2,graph_c_context_observation,S5F2_energy,test,960,8420,,1,0.5840444564819336,late_fusion
sprint9_multiseed_S8B_R2_seed7_S8B_R2_sequence_plus_context,S8B_R2_sequence_plus_context,1,gatv2_graph_c_sprint8b_sequence_plus_context,gatv2,graph_c_context_observation,S5F2_energy,test,961,8420,,1,0.9030722379684448,late_fusion
sprint9_multiseed_S8B_R2_seed7_S8B_R2_sequence_plus_context,S8B_R2_sequence_plus_context,1,gatv2_graph_c_sprint8b_sequence_plus_context,gatv2,graph_c_context_observation,S5F2_energy,test,962,8420,,1,0.6751053333282471,late_fusion
sprint9_multiseed_S8B_R2_seed7_S8B_R2_sequence_plus_context,S8B_R2_sequence_plus_context,1,gatv2_graph_c_sprint8b_sequence_plus_context,gatv2,graph_c_context_observation,S5F2_energy,test,963,8420,,1,0.6009030938148499,late_fusion
sprint9_multiseed_S8B_R2_seed7_S8B_R2_sequence_plus_context,S8B_R2_sequence_plus_context,1,gatv2_graph_c_sprint8b_sequence_plus_context,gatv2,graph_c_context_observation,S5F2_energy,test,964,8420,,1,0.6384204030036926,late_fusion
sprint9_multiseed_S8B_R2_seed7_S8B_R2_sequence_plus_context,S8B_R2_sequence_plus_context,1,gatv2_graph_c_sprint8b_sequence_plus_context,gatv2,graph_c_context_observation,S5F2_energy,test,965,8420,,1,0.7413221001625061,late_fusion
sprint9_multiseed_S8B_R2_seed7_S8B_R2_sequence_plus_context,S8B_R2_sequence_plus_context,1,gatv2_graph_c_sprint8b_sequence_plus_context,gatv2,graph_c_context_observation,S5F2_energy,test,966,8420,,1,0.7604084014892578,late_fusion
sprint9_multiseed_S8B_R2_seed7_S8B_R2_sequence_plus_context,S8B_R2_sequence_plus_context,1,gatv2_graph_c_sprint8b_sequence_plus_context,gatv2,graph_c_context_observation,S5F2_energy,test,967,8420,,1,0.7661342620849609,late_fusion
sprint9_multiseed_S8B_R2_seed7_S8B_R2_sequence_plus_context,S8B_R2_sequence_plus_context,1,gatv2_graph_c_sprint8b_sequence_plus_context,gatv2,graph_c_context_observation,S5F2_energy,test,968,8420,,1,0.6061187982559204,late_fusion
sprint9_multiseed_S8B_R2_seed7_S8B_R2_sequence_plus_context,S8B_R2_sequence_plus_context,1,gatv2_graph_c_sprint8b_sequence_plus_context,gatv2,graph_c_context_observation,S5F2_energy,test,969,8420,,1,0.754140317440033,late_fusion
sprint9_multiseed_S8B_R2_seed7_S8B_R2_sequence_plus_context,S8B_R2_sequence_plus_context,1,gatv2_graph_c_sprint8b_sequence_plus_context,gatv2,graph_c_context_observation,S5F2_energy,test,970,8420,,1,0.7603867650032043,late_fusion
sprint9_multiseed_S8B_R2_seed7_S8B_R2_sequence_plus_context,S8B_R2_sequence_plus_context,1,gatv2_graph_c_sprint8b_sequence_plus_context,gatv2,graph_c_context_observation,S5F2_energy,test,971,8420,,1,0.6201744675636292,late_fusion
sprint9_multiseed_S8B_R2_seed7_S8B_R2_sequence_plus_context,S8B_R2_sequence_plus_context,1,gatv2_graph_c_sprint8b_sequence_plus_context,gatv2,graph_c_context_observation,S5F2_energy,test,972,8420,,1,0.980394721031189,late_fusion
sprint9_multiseed_S8B_R2_seed7_S8B_R2_sequence_plus_context,S8B_R2_sequence_plus_context,1,gatv2_graph_c_sprint8b_sequence_plus_context,gatv2,graph_c_context_observation,S5F2_energy,test,973,8420,,1,0.9564211368560791,late_fusion
sprint9_multiseed_S8B_R2_seed7_S8B_R2_sequence_plus_context,S8B_R2_sequence_plus_context,1,gatv2_graph_c_sprint8b_sequence_plus_context,gatv2,graph_c_context_observation,S5F2_energy,test,974,8420,,1,0.8471493124961853,late_fusion
sprint9_multiseed_S8B_R2_seed7_S8B_R2_sequence_plus_context,S8B_R2_sequence_plus_context,1,gatv2_graph_c_sprint8b_sequence_plus_context,gatv2,graph_c_context_observation,S5F2_energy,test,975,8420,,1,0.8575736284255981,late_fusion
sprint9_multiseed_S8B_R2_seed7_S8B_R2_sequence_plus_context,S8B_R2_sequence_plus_context,1,gatv2_graph_c_sprint8b_sequence_plus_context,gatv2,graph_c_context_observation,S5F2_energy,test,976,8420,,1,0.6335915923118591,late_fusion
sprint9_multiseed_S8B_R2_seed7_S8B_R2_sequence_plus_context,S8B_R2_sequence_plus_context,1,gatv2_graph_c_sprint8b_sequence_plus_context,gatv2,graph_c_context_observation,S5F2_energy,test,977,8420,,1,0.5933297872543335,late_fusion
sprint9_multiseed_S8B_R2_seed7_S8B_R2_sequence_plus_context,S8B_R2_sequence_plus_context,1,gatv2_graph_c_sprint8b_sequence_plus_context,gatv2,graph_c_context_observation,S5F2_energy,test,978,8420,,1,0.7042001485824585,late_fusion
sprint9_multiseed_S8B_R2_seed7_S8B_R2_sequence_plus_context,S8B_R2_sequence_plus_context,1,gatv2_graph_c_sprint8b_sequence_plus_context,gatv2,graph_c_context_observation,S5F2_energy,test,979,8420,,1,0.6561035513877869,late_fusion
sprint9_multiseed_S8B_R2_seed7_S8B_R2_sequence_plus_context,S8B_R2_sequence_plus_context,1,gatv2_graph_c_sprint8b_sequence_plus_context,gatv2,graph_c_context_observation,S5F2_energy,test,980,8420,,1,0.5401791930198669,late_fusion
sprint9_multiseed_S8B_R2_seed7_S8B_R2_sequence_plus_context,S8B_R2_sequence_plus_context,1,gatv2_graph_c_sprint8b_sequence_plus_context,gatv2,graph_c_context_observation,S5F2_energy,test,981,8420,,1,0.7011763453483582,late_fusion
sprint9_multiseed_S8B_R2_seed7_S8B_R2_sequence_plus_context,S8B_R2_sequence_plus_context,1,gatv2_graph_c_sprint8b_sequence_plus_context,gatv2,graph_c_context_observation,S5F2_energy,test,982,8420,,1,0.5528177618980408,late_fusion
sprint9_multiseed_S8B_R2_seed7_S8B_R2_sequence_plus_context,S8B_R2_sequence_plus_context,1,gatv2_graph_c_sprint8b_sequence_plus_context,gatv2,graph_c_context_observation,S5F2_energy,test,983,8420,,1,0.4515095055103302,late_fusion
sprint9_multiseed_S8B_R2_seed7_S8B_R2_sequence_plus_context,S8B_R2_sequence_plus_context,1,gatv2_graph_c_sprint8b_sequence_plus_context,gatv2,graph_c_context_observation,S5F2_energy,test,984,8420,,1,0.7169756293296814,late_fusion
sprint9_multiseed_S8B_R2_seed7_S8B_R2_sequence_plus_context,S8B_R2_sequence_plus_context,1,gatv2_graph_c_sprint8b_sequence_plus_context,gatv2,graph_c_context_observation,S5F2_energy,test,985,8420,,1,0.5405538082122803,late_fusion
sprint9_multiseed_S8B_R2_seed7_S8B_R2_sequence_plus_context,S8B_R2_sequence_plus_context,1,gatv2_graph_c_sprint8b_sequence_plus_context,gatv2,graph_c_context_observation,S5F2_energy,test,986,8420,,1,0.6069932579994202,late_fusion
sprint9_multiseed_S8B_R2_seed7_S8B_R2_sequence_plus_context,S8B_R2_sequence_plus_context,1,gatv2_graph_c_sprint8b_sequence_plus_context,gatv2,graph_c_context_observation,S5F2_energy,test,987,8420,,1,0.8450190424919128,late_fusion
sprint9_multiseed_S8B_R2_seed7_S8B_R2_sequence_plus_context,S8B_R2_sequence_plus_context,1,gatv2_graph_c_sprint8b_sequence_plus_context,gatv2,graph_c_context_observation,S5F2_energy,test,988,8420,,1,0.796922504901886,late_fusion
sprint9_multiseed_S8B_R2_seed7_S8B_R2_sequence_plus_context,S8B_R2_sequence_plus_context,1,gatv2_graph_c_sprint8b_sequence_plus_context,gatv2,graph_c_context_observation,S5F2_energy,test,989,8420,,1,0.5281912684440613,late_fusion
sprint9_multiseed_S8B_R2_seed7_S8B_R2_sequence_plus_context,S8B_R2_sequence_plus_context,1,gatv2_graph_c_sprint8b_sequence_plus_context,gatv2,graph_c_context_observation,S5F2_energy,test,990,8420,,1,0.7312761545181274,late_fusion
sprint9_multiseed_S8B_R2_seed7_S8B_R2_sequence_plus_context,S8B_R2_sequence_plus_context,1,gatv2_graph_c_sprint8b_sequence_plus_context,gatv2,graph_c_context_observation,S5F2_energy,test,991,8420,,1,0.9023502469062805,late_fusion
sprint9_multiseed_S8B_R2_seed7_S8B_R2_sequence_plus_context,S8B_R2_sequence_plus_context,1,gatv2_graph_c_sprint8b_sequence_plus_context,gatv2,graph_c_context_observation,S5F2_energy,test,992,8420,,1,0.9141383767127991,late_fusion
sprint9_multiseed_S8B_R2_seed7_S8B_R2_sequence_plus_context,S8B_R2_sequence_plus_context,1,gatv2_graph_c_sprint8b_sequence_plus_context,gatv2,graph_c_context_observation,S5F2_energy,test,993,8420,,1,0.7831132411956787,late_fusion
sprint9_multiseed_S8B_R2_seed7_S8B_R2_sequence_plus_context,S8B_R2_sequence_plus_context,1,gatv2_graph_c_sprint8b_sequence_plus_context,gatv2,graph_c_context_observation,S5F2_energy,test,994,8420,,1,0.8638120293617249,late_fusion
sprint9_multiseed_S8B_R2_seed7_S8B_R2_sequence_plus_context,S8B_R2_sequence_plus_context,1,gatv2_graph_c_sprint8b_sequence_plus_context,gatv2,graph_c_context_observation,S5F2_energy,test,995,8420,,1,0.5911391377449036,late_fusion
sprint9_multiseed_S8B_R2_seed7_S8B_R2_sequence_plus_context,S8B_R2_sequence_plus_context,1,gatv2_graph_c_sprint8b_sequence_plus_context,gatv2,graph_c_context_observation,S5F2_energy,test,996,8420,,1,0.5845797061920166,late_fusion
sprint9_multiseed_S8B_R2_seed7_S8B_R2_sequence_plus_context,S8B_R2_sequence_plus_context,1,gatv2_graph_c_sprint8b_sequence_plus_context,gatv2,graph_c_context_observation,S5F2_energy,test,997,8420,,1,0.7347368597984314,late_fusion
sprint9_multiseed_S8B_R2_seed7_S8B_R2_sequence_plus_context,S8B_R2_sequence_plus_context,1,gatv2_graph_c_sprint8b_sequence_plus_context,gatv2,graph_c_context_observation,S5F2_energy,test,998,8420,,1,0.8270006775856018,late_fusion
sprint9_multiseed_S8B_R2_seed7_S8B_R2_sequence_plus_context,S8B_R2_sequence_plus_context,1,gatv2_graph_c_sprint8b_sequence_plus_context,gatv2,graph_c_context_observation,S5F2_energy,test,999,8420,,1,0.6815899014472961,late_fusion
sprint9_multiseed_S8B_R2_seed7_S8B_R2_sequence_plus_context,S8B_R2_sequence_plus_context,1,gatv2_graph_c_sprint8b_sequence_plus_context,gatv2,graph_c_context_observation,S5F2_energy,test,1000,8420,,1,0.9944451451301575,late_fusion
sprint9_multiseed_S8B_R2_seed7_S8B_R2_sequence_plus_context,S8B_R2_sequence_plus_context,1,gatv2_graph_c_sprint8b_sequence_plus_context,gatv2,graph_c_context_observation,S5F2_energy,test,1001,8420,,1,0.7126011252403259,late_fusion
sprint9_multiseed_S8B_R2_seed7_S8B_R2_sequence_plus_context,S8B_R2_sequence_plus_context,1,gatv2_graph_c_sprint8b_sequence_plus_context,gatv2,graph_c_context_observation,S5F2_energy,test,1002,8420,,1,0.9761483669281006,late_fusion
sprint9_multiseed_S8B_R2_seed7_S8B_R2_sequence_plus_context,S8B_R2_sequence_plus_context,1,gatv2_graph_c_sprint8b_sequence_plus_context,gatv2,graph_c_context_observation,S5F2_energy,test,1003,8420,,1,0.6337252259254456,late_fusion
sprint9_multiseed_S8B_R2_seed7_S8B_R2_sequence_plus_context,S8B_R2_sequence_plus_context,1,gatv2_graph_c_sprint8b_sequence_plus_context,gatv2,graph_c_context_observation,S5F2_energy,test,1004,8420,,1,0.862523078918457,late_fusion
sprint9_multiseed_S8B_R2_seed7_S8B_R2_sequence_plus_context,S8B_R2_sequence_plus_context,1,gatv2_graph_c_sprint8b_sequence_plus_context,gatv2,graph_c_context_observation,S5F2_energy,test,1005,8420,,1,0.9777347445487976,late_fusion
sprint9_multiseed_S8B_R2_seed7_S8B_R2_sequence_plus_context,S8B_R2_sequence_plus_context,1,gatv2_graph_c_sprint8b_sequence_plus_context,gatv2,graph_c_context_observation,S5F2_energy,test,1006,8420,,1,0.4947037398815155,late_fusion
sprint9_multiseed_S8B_R2_seed7_S8B_R2_sequence_plus_context,S8B_R2_sequence_plus_context,1,gatv2_graph_c_sprint8b_sequence_plus_context,gatv2,graph_c_context_observation,S5F2_energy,test,1007,8420,,1,0.9193165302276611,late_fusion
sprint9_multiseed_S8B_R2_seed7_S8B_R2_sequence_plus_context,S8B_R2_sequence_plus_context,1,gatv2_graph_c_sprint8b_sequence_plus_context,gatv2,graph_c_context_observation,S5F2_energy,test,1008,8420,,1,0.5805395841598511,late_fusion
sprint9_multiseed_S8B_R2_seed7_S8B_R2_sequence_plus_context,S8B_R2_sequence_plus_context,1,gatv2_graph_c_sprint8b_sequence_plus_context,gatv2,graph_c_context_observation,S5F2_energy,test,1009,8420,,1,0.6876782178878784,late_fusion
sprint9_multiseed_S8B_R2_seed7_S8B_R2_sequence_plus_context,S8B_R2_sequence_plus_context,1,gatv2_graph_c_sprint8b_sequence_plus_context,gatv2,graph_c_context_observation,S5F2_energy,test,1010,8420,,1,0.8114235401153564,late_fusion
sprint9_multiseed_S8B_R2_seed7_S8B_R2_sequence_plus_context,S8B_R2_sequence_plus_context,1,gatv2_graph_c_sprint8b_sequence_plus_context,gatv2,graph_c_context_observation,S5F2_energy,test,1011,8420,,1,0.7028135657310486,late_fusion
sprint9_multiseed_S8B_R2_seed7_S8B_R2_sequence_plus_context,S8B_R2_sequence_plus_context,1,gatv2_graph_c_sprint8b_sequence_plus_context,gatv2,graph_c_context_observation,S5F2_energy,test,1012,8420,,1,0.6933473944664001,late_fusion
sprint9_multiseed_S8B_R2_seed7_S8B_R2_sequence_plus_context,S8B_R2_sequence_plus_context,1,gatv2_graph_c_sprint8b_sequence_plus_context,gatv2,graph_c_context_observation,S5F2_energy,test,1013,8420,,1,0.9381873607635498,late_fusion
sprint9_multiseed_S8B_R2_seed7_S8B_R2_sequence_plus_context,S8B_R2_sequence_plus_context,1,gatv2_graph_c_sprint8b_sequence_plus_context,gatv2,graph_c_context_observation,S5F2_energy,test,1014,8420,,1,0.8833735585212708,late_fusion
sprint9_multiseed_S8B_R2_seed7_S8B_R2_sequence_plus_context,S8B_R2_sequence_plus_context,1,gatv2_graph_c_sprint8b_sequence_plus_context,gatv2,graph_c_context_observation,S5F2_energy,test,1015,8420,,1,0.6912436485290527,late_fusion
sprint9_multiseed_S8B_R2_seed7_S8B_R2_sequence_plus_context,S8B_R2_sequence_plus_context,1,gatv2_graph_c_sprint8b_sequence_plus_context,gatv2,graph_c_context_observation,S5F2_energy,test,1016,8420,,1,0.6043218374252319,late_fusion
sprint9_multiseed_S8B_R2_seed7_S8B_R2_sequence_plus_context,S8B_R2_sequence_plus_context,1,gatv2_graph_c_sprint8b_sequence_plus_context,gatv2,graph_c_context_observation,S5F2_energy,test,1017,8420,,1,0.8950519561767578,late_fusion
sprint9_multiseed_S8B_R2_seed7_S8B_R2_sequence_plus_context,S8B_R2_sequence_plus_context,1,gatv2_graph_c_sprint8b_sequence_plus_context,gatv2,graph_c_context_observation,S5F2_energy,test,1018,8420,,1,0.8648154735565186,late_fusion
sprint9_multiseed_S8B_R2_seed7_S8B_R2_sequence_plus_context,S8B_R2_sequence_plus_context,1,gatv2_graph_c_sprint8b_sequence_plus_context,gatv2,graph_c_context_observation,S5F2_energy,test,1019,8420,,1,0.4832839071750641,late_fusion
sprint9_multiseed_S8B_R2_seed7_S8B_R2_sequence_plus_context,S8B_R2_sequence_plus_context,1,gatv2_graph_c_sprint8b_sequence_plus_context,gatv2,graph_c_context_observation,S5F2_energy,test,1020,8420,,1,0.8316873908042908,late_fusion
sprint9_multiseed_S8B_R2_seed7_S8B_R2_sequence_plus_context,S8B_R2_sequence_plus_context,1,gatv2_graph_c_sprint8b_sequence_plus_context,gatv2,graph_c_context_observation,S5F2_energy,test,1021,8420,,1,0.6496939659118652,late_fusion
sprint9_multiseed_S8B_R2_seed7_S8B_R2_sequence_plus_context,S8B_R2_sequence_plus_context,1,gatv2_graph_c_sprint8b_sequence_plus_context,gatv2,graph_c_context_observation,S5F2_energy,test,1022,8420,,1,0.5845847129821777,late_fusion
sprint9_multiseed_S8B_R2_seed7_S8B_R2_sequence_plus_context,S8B_R2_sequence_plus_context,1,gatv2_graph_c_sprint8b_sequence_plus_context,gatv2,graph_c_context_observation,S5F2_energy,test,1023,8420,,1,0.6730259656906128,late_fusion
sprint9_multiseed_S8B_R2_seed7_S8B_R2_sequence_plus_context,S8B_R2_sequence_plus_context,1,gatv2_graph_c_sprint8b_sequence_plus_context,gatv2,graph_c_context_observation,S5F2_energy,test,1024,8420,,1,0.5272611975669861,late_fusion
sprint9_multiseed_S8B_R2_seed7_S8B_R2_sequence_plus_context,S8B_R2_sequence_plus_context,1,gatv2_graph_c_sprint8b_sequence_plus_context,gatv2,graph_c_context_observation,S5F2_energy,test,1025,8420,,1,0.6913796663284302,late_fusion
sprint9_multiseed_S8B_R2_seed7_S8B_R2_sequence_plus_context,S8B_R2_sequence_plus_context,1,gatv2_graph_c_sprint8b_sequence_plus_context,gatv2,graph_c_context_observation,S5F2_energy,test,1026,8420,,1,0.5556047558784485,late_fusion
sprint9_multiseed_S8B_R2_seed7_S8B_R2_sequence_plus_context,S8B_R2_sequence_plus_context,1,gatv2_graph_c_sprint8b_sequence_plus_context,gatv2,graph_c_context_observation,S5F2_energy,test,1027,8420,,1,0.9503486752510071,late_fusion
sprint9_multiseed_S8B_R2_seed7_S8B_R2_sequence_plus_context,S8B_R2_sequence_plus_context,1,gatv2_graph_c_sprint8b_sequence_plus_context,gatv2,graph_c_context_observation,S5F2_energy,test,1028,8420,,1,0.5422098636627197,late_fusion
sprint9_multiseed_S8B_R2_seed7_S8B_R2_sequence_plus_context,S8B_R2_sequence_plus_context,1,gatv2_graph_c_sprint8b_sequence_plus_context,gatv2,graph_c_context_observation,S5F2_energy,test,1029,8420,,1,0.9704707264900208,late_fusion
sprint9_multiseed_S8B_R2_seed7_S8B_R2_sequence_plus_context,S8B_R2_sequence_plus_context,1,gatv2_graph_c_sprint8b_sequence_plus_context,gatv2,graph_c_context_observation,S5F2_energy,test,1030,8420,,1,0.6530873775482178,late_fusion
sprint9_multiseed_S8B_R2_seed7_S8B_R2_sequence_plus_context,S8B_R2_sequence_plus_context,1,gatv2_graph_c_sprint8b_sequence_plus_context,gatv2,graph_c_context_observation,S5F2_energy,test,1031,8420,,1,0.8298000693321228,late_fusion
sprint9_multiseed_S8B_R2_seed7_S8B_R2_sequence_plus_context,S8B_R2_sequence_plus_context,1,gatv2_graph_c_sprint8b_sequence_plus_context,gatv2,graph_c_context_observation,S5F2_energy,test,1032,8420,,1,0.9813940525054932,late_fusion
sprint9_multiseed_S8B_R2_seed7_S8B_R2_sequence_plus_context,S8B_R2_sequence_plus_context,1,gatv2_graph_c_sprint8b_sequence_plus_context,gatv2,graph_c_context_observation,S5F2_energy,test,1033,8420,,1,0.7705246806144714,late_fusion
sprint9_multiseed_S8B_R2_seed7_S8B_R2_sequence_plus_context,S8B_R2_sequence_plus_context,1,gatv2_graph_c_sprint8b_sequence_plus_context,gatv2,graph_c_context_observation,S5F2_energy,test,1034,8420,,1,0.666433572769165,late_fusion
sprint9_multiseed_S8B_R2_seed7_S8B_R2_sequence_plus_context,S8B_R2_sequence_plus_context,1,gatv2_graph_c_sprint8b_sequence_plus_context,gatv2,graph_c_context_observation,S5F2_energy,test,1035,8420,,1,0.6536035537719727,late_fusion
sprint9_multiseed_S8B_R2_seed7_S8B_R2_sequence_plus_context,S8B_R2_sequence_plus_context,1,gatv2_graph_c_sprint8b_sequence_plus_context,gatv2,graph_c_context_observation,S5F2_energy,test,1036,8420,,1,0.9341408014297485,late_fusion
sprint9_multiseed_S8B_R2_seed7_S8B_R2_sequence_plus_context,S8B_R2_sequence_plus_context,1,gatv2_graph_c_sprint8b_sequence_plus_context,gatv2,graph_c_context_observation,S5F2_energy,test,1037,8420,,1,0.7960624098777771,late_fusion
sprint9_multiseed_S8B_R2_seed7_S8B_R2_sequence_plus_context,S8B_R2_sequence_plus_context,1,gatv2_graph_c_sprint8b_sequence_plus_context,gatv2,graph_c_context_observation,S5F2_energy,test,1038,8420,,1,0.9032096266746521,late_fusion
sprint9_multiseed_S8B_R2_seed7_S8B_R2_sequence_plus_context,S8B_R2_sequence_plus_context,1,gatv2_graph_c_sprint8b_sequence_plus_context,gatv2,graph_c_context_observation,S5F2_energy,test,1039,8420,,1,0.9103747606277466,late_fusion
sprint9_multiseed_S8B_R2_seed7_S8B_R2_sequence_plus_context,S8B_R2_sequence_plus_context,1,gatv2_graph_c_sprint8b_sequence_plus_context,gatv2,graph_c_context_observation,S5F2_energy,test,1040,8420,,1,0.31715860962867737,late_fusion
sprint9_multiseed_S8B_R2_seed7_S8B_R2_sequence_plus_context,S8B_R2_sequence_plus_context,1,gatv2_graph_c_sprint8b_sequence_plus_context,gatv2,graph_c_context_observation,S5F2_energy,test,1041,8420,,1,0.598276674747467,late_fusion
sprint9_multiseed_S8B_R2_seed7_S8B_R2_sequence_plus_context,S8B_R2_sequence_plus_context,1,gatv2_graph_c_sprint8b_sequence_plus_context,gatv2,graph_c_context_observation,S5F2_energy,test,1042,8420,,1,0.8654568195343018,late_fusion
sprint9_multiseed_S8B_R2_seed7_S8B_R2_sequence_plus_context,S8B_R2_sequence_plus_context,1,gatv2_graph_c_sprint8b_sequence_plus_context,gatv2,graph_c_context_observation,S5F2_energy,test,1043,8420,,1,0.7673043012619019,late_fusion
sprint9_multiseed_S8B_R2_seed7_S8B_R2_sequence_plus_context,S8B_R2_sequence_plus_context,1,gatv2_graph_c_sprint8b_sequence_plus_context,gatv2,graph_c_context_observation,S5F2_energy,test,1044,8420,,1,0.7635922431945801,late_fusion
sprint9_multiseed_S8B_R2_seed7_S8B_R2_sequence_plus_context,S8B_R2_sequence_plus_context,1,gatv2_graph_c_sprint8b_sequence_plus_context,gatv2,graph_c_context_observation,S5F2_energy,test,1045,8420,,1,0.7403489947319031,late_fusion
sprint9_multiseed_S8B_R2_seed7_S8B_R2_sequence_plus_context,S8B_R2_sequence_plus_context,1,gatv2_graph_c_sprint8b_sequence_plus_context,gatv2,graph_c_context_observation,S5F2_energy,test,1046,8420,,1,0.5717763900756836,late_fusion
sprint9_multiseed_S8B_R2_seed7_S8B_R2_sequence_plus_context,S8B_R2_sequence_plus_context,1,gatv2_graph_c_sprint8b_sequence_plus_context,gatv2,graph_c_context_observation,S5F2_energy,test,1047,8420,,1,0.649370014667511,late_fusion
sprint9_multiseed_S8B_R2_seed7_S8B_R2_sequence_plus_context,S8B_R2_sequence_plus_context,1,gatv2_graph_c_sprint8b_sequence_plus_context,gatv2,graph_c_context_observation,S5F2_energy,test,1048,8420,,1,0.6200127005577087,late_fusion
sprint9_multiseed_S8B_R2_seed7_S8B_R2_sequence_plus_context,S8B_R2_sequence_plus_context,1,gatv2_graph_c_sprint8b_sequence_plus_context,gatv2,graph_c_context_observation,S5F2_energy,test,1049,8420,,1,0.7193266749382019,late_fusion
sprint9_multiseed_S8B_R2_seed7_S8B_R2_sequence_plus_context,S8B_R2_sequence_plus_context,1,gatv2_graph_c_sprint8b_sequence_plus_context,gatv2,graph_c_context_observation,S5F2_energy,test,1050,8420,,1,0.7050013542175293,late_fusion
sprint9_multiseed_S8B_R2_seed7_S8B_R2_sequence_plus_context,S8B_R2_sequence_plus_context,1,gatv2_graph_c_sprint8b_sequence_plus_context,gatv2,graph_c_context_observation,S5F2_energy,test,1051,8420,,1,0.7815879583358765,late_fusion
sprint9_multiseed_S8B_R2_seed7_S8B_R2_sequence_plus_context,S8B_R2_sequence_plus_context,1,gatv2_graph_c_sprint8b_sequence_plus_context,gatv2,graph_c_context_observation,S5F2_energy,test,1052,8420,,1,0.7341066598892212,late_fusion
sprint9_multiseed_S8B_R2_seed7_S8B_R2_sequence_plus_context,S8B_R2_sequence_plus_context,1,gatv2_graph_c_sprint8b_sequence_plus_context,gatv2,graph_c_context_observation,S5F2_energy,test,1053,8420,,1,0.49352359771728516,late_fusion
sprint9_multiseed_S8B_R2_seed7_S8B_R2_sequence_plus_context,S8B_R2_sequence_plus_context,1,gatv2_graph_c_sprint8b_sequence_plus_context,gatv2,graph_c_context_observation,S5F2_energy,test,1054,8420,,1,0.7988739013671875,late_fusion
sprint9_multiseed_S8B_R2_seed7_S8B_R2_sequence_plus_context,S8B_R2_sequence_plus_context,1,gatv2_graph_c_sprint8b_sequence_plus_context,gatv2,graph_c_context_observation,S5F2_energy,test,1055,8420,,1,0.4720570147037506,late_fusion
sprint9_multiseed_S8B_R2_seed7_S8B_R2_sequence_plus_context,S8B_R2_sequence_plus_context,1,gatv2_graph_c_sprint8b_sequence_plus_context,gatv2,graph_c_context_observation,S5F2_energy,test,1056,8420,,1,0.5634626746177673,late_fusion
sprint9_multiseed_S8B_R2_seed7_S8B_R2_sequence_plus_context,S8B_R2_sequence_plus_context,1,gatv2_graph_c_sprint8b_sequence_plus_context,gatv2,graph_c_context_observation,S5F2_energy,test,1057,8420,,1,0.7282055616378784,late_fusion
sprint9_multiseed_S8B_R2_seed7_S8B_R2_sequence_plus_context,S8B_R2_sequence_plus_context,1,gatv2_graph_c_sprint8b_sequence_plus_context,gatv2,graph_c_context_observation,S5F2_energy,test,1058,8420,,1,0.5567388534545898,late_fusion
sprint9_multiseed_S8B_R2_seed7_S8B_R2_sequence_plus_context,S8B_R2_sequence_plus_context,1,gatv2_graph_c_sprint8b_sequence_plus_context,gatv2,graph_c_context_observation,S5F2_energy,test,1059,8420,,1,0.9566231369972229,late_fusion
sprint9_multiseed_S8B_R2_seed7_S8B_R2_sequence_plus_context,S8B_R2_sequence_plus_context,1,gatv2_graph_c_sprint8b_sequence_plus_context,gatv2,graph_c_context_observation,S5F2_energy,test,1060,8420,,1,0.6337407231330872,late_fusion
sprint9_multiseed_S8B_R2_seed7_S8B_R2_sequence_plus_context,S8B_R2_sequence_plus_context,1,gatv2_graph_c_sprint8b_sequence_plus_context,gatv2,graph_c_context_observation,S5F2_energy,test,1061,8420,,1,0.6638592481613159,late_fusion
sprint9_multiseed_S8B_R2_seed7_S8B_R2_sequence_plus_context,S8B_R2_sequence_plus_context,1,gatv2_graph_c_sprint8b_sequence_plus_context,gatv2,graph_c_context_observation,S5F2_energy,test,1062,8420,,1,0.699498176574707,late_fusion
sprint9_multiseed_S8B_R2_seed7_S8B_R2_sequence_plus_context,S8B_R2_sequence_plus_context,1,gatv2_graph_c_sprint8b_sequence_plus_context,gatv2,graph_c_context_observation,S5F2_energy,test,1063,8420,,1,0.7922584414482117,late_fusion
sprint9_multiseed_S8B_R2_seed7_S8B_R2_sequence_plus_context,S8B_R2_sequence_plus_context,1,gatv2_graph_c_sprint8b_sequence_plus_context,gatv2,graph_c_context_observation,S5F2_energy,test,1064,8420,,1,0.7762488722801208,late_fusion
sprint9_multiseed_S8B_R2_seed7_S8B_R2_sequence_plus_context,S8B_R2_sequence_plus_context,1,gatv2_graph_c_sprint8b_sequence_plus_context,gatv2,graph_c_context_observation,S5F2_energy,test,1065,8420,,1,0.8123399615287781,late_fusion
sprint9_multiseed_S8B_R2_seed7_S8B_R2_sequence_plus_context,S8B_R2_sequence_plus_context,1,gatv2_graph_c_sprint8b_sequence_plus_context,gatv2,graph_c_context_observation,S5F2_energy,test,1066,8420,,1,0.6113187074661255,late_fusion
sprint9_multiseed_S8B_R2_seed7_S8B_R2_sequence_plus_context,S8B_R2_sequence_plus_context,1,gatv2_graph_c_sprint8b_sequence_plus_context,gatv2,graph_c_context_observation,S5F2_energy,test,1067,8420,,1,0.6805004477500916,late_fusion
sprint9_multiseed_S8B_R2_seed7_S8B_R2_sequence_plus_context,S8B_R2_sequence_plus_context,1,gatv2_graph_c_sprint8b_sequence_plus_context,gatv2,graph_c_context_observation,S5F2_energy,test,1068,8420,,1,0.716964602470398,late_fusion
sprint9_multiseed_S8B_R2_seed7_S8B_R2_sequence_plus_context,S8B_R2_sequence_plus_context,1,gatv2_graph_c_sprint8b_sequence_plus_context,gatv2,graph_c_context_observation,S5F2_energy,test,1069,8420,,1,0.7066258788108826,late_fusion
sprint9_multiseed_S8B_R2_seed7_S8B_R2_sequence_plus_context,S8B_R2_sequence_plus_context,1,gatv2_graph_c_sprint8b_sequence_plus_context,gatv2,graph_c_context_observation,S5F2_energy,test,1070,8420,,1,0.6823805570602417,late_fusion
sprint9_multiseed_S8B_R2_seed7_S8B_R2_sequence_plus_context,S8B_R2_sequence_plus_context,1,gatv2_graph_c_sprint8b_sequence_plus_context,gatv2,graph_c_context_observation,S5F2_energy,test,1071,8420,,1,0.698867917060852,late_fusion
sprint9_multiseed_S8B_R2_seed7_S8B_R2_sequence_plus_context,S8B_R2_sequence_plus_context,1,gatv2_graph_c_sprint8b_sequence_plus_context,gatv2,graph_c_context_observation,S5F2_energy,test,1072,8420,,1,0.6118164658546448,late_fusion
sprint9_multiseed_S8B_R2_seed7_S8B_R2_sequence_plus_context,S8B_R2_sequence_plus_context,1,gatv2_graph_c_sprint8b_sequence_plus_context,gatv2,graph_c_context_observation,S5F2_energy,test,1073,8420,,1,0.763447105884552,late_fusion
sprint9_multiseed_S8B_R2_seed7_S8B_R2_sequence_plus_context,S8B_R2_sequence_plus_context,1,gatv2_graph_c_sprint8b_sequence_plus_context,gatv2,graph_c_context_observation,S5F2_energy,test,1074,8420,,1,0.5618919730186462,late_fusion
sprint9_multiseed_S8B_R2_seed7_S8B_R2_sequence_plus_context,S8B_R2_sequence_plus_context,1,gatv2_graph_c_sprint8b_sequence_plus_context,gatv2,graph_c_context_observation,S5F2_energy,test,1075,8420,,1,0.5973280668258667,late_fusion
sprint9_multiseed_S8B_R2_seed7_S8B_R2_sequence_plus_context,S8B_R2_sequence_plus_context,1,gatv2_graph_c_sprint8b_sequence_plus_context,gatv2,graph_c_context_observation,S5F2_energy,test,1076,8420,,1,0.7546006441116333,late_fusion
sprint9_multiseed_S8B_R2_seed7_S8B_R2_sequence_plus_context,S8B_R2_sequence_plus_context,1,gatv2_graph_c_sprint8b_sequence_plus_context,gatv2,graph_c_context_observation,S5F2_energy,test,1077,8420,,1,0.814168393611908,late_fusion
sprint9_multiseed_S8B_R2_seed7_S8B_R2_sequence_plus_context,S8B_R2_sequence_plus_context,1,gatv2_graph_c_sprint8b_sequence_plus_context,gatv2,graph_c_context_observation,S5F2_energy,test,1078,8420,,1,0.5082495212554932,late_fusion
sprint9_multiseed_S8B_R2_seed7_S8B_R2_sequence_plus_context,S8B_R2_sequence_plus_context,1,gatv2_graph_c_sprint8b_sequence_plus_context,gatv2,graph_c_context_observation,S5F2_energy,test,1079,8420,,1,0.7811886072158813,late_fusion
sprint9_multiseed_S8B_R2_seed7_S8B_R2_sequence_plus_context,S8B_R2_sequence_plus_context,1,gatv2_graph_c_sprint8b_sequence_plus_context,gatv2,graph_c_context_observation,S5F2_energy,test,1080,8420,,1,0.7749938368797302,late_fusion
sprint9_multiseed_S8B_R2_seed7_S8B_R2_sequence_plus_context,S8B_R2_sequence_plus_context,1,gatv2_graph_c_sprint8b_sequence_plus_context,gatv2,graph_c_context_observation,S5F2_energy,test,1081,8420,,1,0.7534177899360657,late_fusion
sprint9_multiseed_S8B_R2_seed7_S8B_R2_sequence_plus_context,S8B_R2_sequence_plus_context,1,gatv2_graph_c_sprint8b_sequence_plus_context,gatv2,graph_c_context_observation,S5F2_energy,test,1082,8420,,1,0.6641807556152344,late_fusion
sprint9_multiseed_S8B_R2_seed7_S8B_R2_sequence_plus_context,S8B_R2_sequence_plus_context,1,gatv2_graph_c_sprint8b_sequence_plus_context,gatv2,graph_c_context_observation,S5F2_energy,test,1083,8420,,1,0.7334227561950684,late_fusion
sprint9_multiseed_S8B_R2_seed7_S8B_R2_sequence_plus_context,S8B_R2_sequence_plus_context,1,gatv2_graph_c_sprint8b_sequence_plus_context,gatv2,graph_c_context_observation,S5F2_energy,test,1084,8420,,1,0.7247702479362488,late_fusion
sprint9_multiseed_S8B_R2_seed7_S8B_R2_sequence_plus_context,S8B_R2_sequence_plus_context,1,gatv2_graph_c_sprint8b_sequence_plus_context,gatv2,graph_c_context_observation,S5F2_energy,test,1085,8420,,1,0.7415995597839355,late_fusion
sprint9_multiseed_S8B_R2_seed7_S8B_R2_sequence_plus_context,S8B_R2_sequence_plus_context,1,gatv2_graph_c_sprint8b_sequence_plus_context,gatv2,graph_c_context_observation,S5F2_energy,test,1086,8420,,1,0.7845897674560547,late_fusion
sprint9_multiseed_S8B_R2_seed7_S8B_R2_sequence_plus_context,S8B_R2_sequence_plus_context,1,gatv2_graph_c_sprint8b_sequence_plus_context,gatv2,graph_c_context_observation,S5F2_energy,test,1087,8420,,1,0.7664471864700317,late_fusion
sprint9_multiseed_S8B_R2_seed7_S8B_R2_sequence_plus_context,S8B_R2_sequence_plus_context,1,gatv2_graph_c_sprint8b_sequence_plus_context,gatv2,graph_c_context_observation,S5F2_energy,test,1088,8420,,1,0.770436704158783,late_fusion
sprint9_multiseed_S8B_R2_seed7_S8B_R2_sequence_plus_context,S8B_R2_sequence_plus_context,1,gatv2_graph_c_sprint8b_sequence_plus_context,gatv2,graph_c_context_observation,S5F2_energy,test,1089,8420,,1,0.9435917735099792,late_fusion
sprint9_multiseed_S8B_R2_seed7_S8B_R2_sequence_plus_context,S8B_R2_sequence_plus_context,1,gatv2_graph_c_sprint8b_sequence_plus_context,gatv2,graph_c_context_observation,S5F2_energy,test,1090,8420,,1,0.9302511811256409,late_fusion
sprint9_multiseed_S8B_R2_seed7_S8B_R2_sequence_plus_context,S8B_R2_sequence_plus_context,1,gatv2_graph_c_sprint8b_sequence_plus_context,gatv2,graph_c_context_observation,S5F2_energy,test,1091,8420,,1,0.9403662085533142,late_fusion
sprint9_multiseed_S8B_R2_seed7_S8B_R2_sequence_plus_context,S8B_R2_sequence_plus_context,1,gatv2_graph_c_sprint8b_sequence_plus_context,gatv2,graph_c_context_observation,S5F2_energy,test,1092,8420,,1,0.7716653347015381,late_fusion
sprint9_multiseed_S8B_R2_seed7_S8B_R2_sequence_plus_context,S8B_R2_sequence_plus_context,1,gatv2_graph_c_sprint8b_sequence_plus_context,gatv2,graph_c_context_observation,S5F2_energy,test,1093,8420,,1,0.4404454529285431,late_fusion
sprint9_multiseed_S8B_R2_seed7_S8B_R2_sequence_plus_context,S8B_R2_sequence_plus_context,1,gatv2_graph_c_sprint8b_sequence_plus_context,gatv2,graph_c_context_observation,S5F2_energy,test,1094,8420,,1,0.6114395260810852,late_fusion
sprint9_multiseed_S8B_R2_seed7_S8B_R2_sequence_plus_context,S8B_R2_sequence_plus_context,1,gatv2_graph_c_sprint8b_sequence_plus_context,gatv2,graph_c_context_observation,S5F2_energy,test,1095,8420,,1,0.8428784608840942,late_fusion
sprint9_multiseed_S8B_R2_seed7_S8B_R2_sequence_plus_context,S8B_R2_sequence_plus_context,1,gatv2_graph_c_sprint8b_sequence_plus_context,gatv2,graph_c_context_observation,S5F2_energy,test,1096,8420,,1,0.7116414904594421,late_fusion
sprint9_multiseed_S8B_R2_seed7_S8B_R2_sequence_plus_context,S8B_R2_sequence_plus_context,1,gatv2_graph_c_sprint8b_sequence_plus_context,gatv2,graph_c_context_observation,S5F2_energy,test,1097,8420,,1,0.6015151143074036,late_fusion
sprint9_multiseed_S8B_R2_seed7_S8B_R2_sequence_plus_context,S8B_R2_sequence_plus_context,1,gatv2_graph_c_sprint8b_sequence_plus_context,gatv2,graph_c_context_observation,S5F2_energy,test,1098,8420,,1,0.8605083227157593,late_fusion
sprint9_multiseed_S8B_R2_seed7_S8B_R2_sequence_plus_context,S8B_R2_sequence_plus_context,1,gatv2_graph_c_sprint8b_sequence_plus_context,gatv2,graph_c_context_observation,S5F2_energy,test,1099,8420,,1,0.7092204093933105,late_fusion
sprint9_multiseed_S8B_R2_seed7_S8B_R2_sequence_plus_context,S8B_R2_sequence_plus_context,1,gatv2_graph_c_sprint8b_sequence_plus_context,gatv2,graph_c_context_observation,S5F2_energy,test,1100,8420,,1,0.8281221985816956,late_fusion
sprint9_multiseed_S8B_R2_seed7_S8B_R2_sequence_plus_context,S8B_R2_sequence_plus_context,1,gatv2_graph_c_sprint8b_sequence_plus_context,gatv2,graph_c_context_observation,S5F2_energy,test,1101,8420,,1,0.9688836336135864,late_fusion
sprint9_multiseed_S8B_R2_seed7_S8B_R2_sequence_plus_context,S8B_R2_sequence_plus_context,1,gatv2_graph_c_sprint8b_sequence_plus_context,gatv2,graph_c_context_observation,S5F2_energy,test,1102,8420,,1,0.870053231716156,late_fusion
sprint9_multiseed_S8B_R2_seed7_S8B_R2_sequence_plus_context,S8B_R2_sequence_plus_context,1,gatv2_graph_c_sprint8b_sequence_plus_context,gatv2,graph_c_context_observation,S5F2_energy,test,1103,8420,,1,0.8192689418792725,late_fusion
sprint9_multiseed_S8B_R2_seed7_S8B_R2_sequence_plus_context,S8B_R2_sequence_plus_context,1,gatv2_graph_c_sprint8b_sequence_plus_context,gatv2,graph_c_context_observation,S5F2_energy,test,1104,8420,,1,0.8774455785751343,late_fusion
sprint9_multiseed_S8B_R2_seed7_S8B_R2_sequence_plus_context,S8B_R2_sequence_plus_context,1,gatv2_graph_c_sprint8b_sequence_plus_context,gatv2,graph_c_context_observation,S5F2_energy,test,1105,8420,,1,0.647798478603363,late_fusion
sprint9_multiseed_S8B_R2_seed7_S8B_R2_sequence_plus_context,S8B_R2_sequence_plus_context,1,gatv2_graph_c_sprint8b_sequence_plus_context,gatv2,graph_c_context_observation,S5F2_energy,test,1106,8420,,1,0.9466010332107544,late_fusion
sprint9_multiseed_S8B_R2_seed7_S8B_R2_sequence_plus_context,S8B_R2_sequence_plus_context,1,gatv2_graph_c_sprint8b_sequence_plus_context,gatv2,graph_c_context_observation,S5F2_energy,test,1107,8420,,1,0.686495304107666,late_fusion
sprint9_multiseed_S8B_R2_seed7_S8B_R2_sequence_plus_context,S8B_R2_sequence_plus_context,1,gatv2_graph_c_sprint8b_sequence_plus_context,gatv2,graph_c_context_observation,S5F2_energy,test,1108,8420,,1,0.5517393946647644,late_fusion
sprint9_multiseed_S8B_R2_seed7_S8B_R2_sequence_plus_context,S8B_R2_sequence_plus_context,1,gatv2_graph_c_sprint8b_sequence_plus_context,gatv2,graph_c_context_observation,S5F2_energy,test,1109,8420,,1,0.9179779291152954,late_fusion
sprint9_multiseed_S8B_R2_seed7_S8B_R2_sequence_plus_context,S8B_R2_sequence_plus_context,1,gatv2_graph_c_sprint8b_sequence_plus_context,gatv2,graph_c_context_observation,S5F2_energy,test,1110,8420,,1,0.644105851650238,late_fusion
sprint9_multiseed_S8B_R2_seed7_S8B_R2_sequence_plus_context,S8B_R2_sequence_plus_context,1,gatv2_graph_c_sprint8b_sequence_plus_context,gatv2,graph_c_context_observation,S5F2_energy,test,1111,8420,,1,0.6242326498031616,late_fusion
sprint9_multiseed_S8B_R2_seed7_S8B_R2_sequence_plus_context,S8B_R2_sequence_plus_context,1,gatv2_graph_c_sprint8b_sequence_plus_context,gatv2,graph_c_context_observation,S5F2_energy,test,1112,8420,,1,0.7381234765052795,late_fusion
sprint9_multiseed_S8B_R2_seed7_S8B_R2_sequence_plus_context,S8B_R2_sequence_plus_context,1,gatv2_graph_c_sprint8b_sequence_plus_context,gatv2,graph_c_context_observation,S5F2_energy,test,1113,8420,,1,0.956698477268219,late_fusion
sprint9_multiseed_S8B_R2_seed7_S8B_R2_sequence_plus_context,S8B_R2_sequence_plus_context,1,gatv2_graph_c_sprint8b_sequence_plus_context,gatv2,graph_c_context_observation,S5F2_energy,test,1114,8420,,1,0.7626104950904846,late_fusion
sprint9_multiseed_S8B_R2_seed7_S8B_R2_sequence_plus_context,S8B_R2_sequence_plus_context,1,gatv2_graph_c_sprint8b_sequence_plus_context,gatv2,graph_c_context_observation,S5F2_energy,test,1115,8420,,1,0.7260642647743225,late_fusion
sprint9_multiseed_S8B_R2_seed7_S8B_R2_sequence_plus_context,S8B_R2_sequence_plus_context,1,gatv2_graph_c_sprint8b_sequence_plus_context,gatv2,graph_c_context_observation,S5F2_energy,test,1116,8420,,1,0.9114282727241516,late_fusion
sprint9_multiseed_S8B_R2_seed7_S8B_R2_sequence_plus_context,S8B_R2_sequence_plus_context,1,gatv2_graph_c_sprint8b_sequence_plus_context,gatv2,graph_c_context_observation,S5F2_energy,test,1117,8420,,1,0.730268657207489,late_fusion
sprint9_multiseed_S8B_R2_seed7_S8B_R2_sequence_plus_context,S8B_R2_sequence_plus_context,1,gatv2_graph_c_sprint8b_sequence_plus_context,gatv2,graph_c_context_observation,S5F2_energy,test,1118,8420,,1,0.8541295528411865,late_fusion
sprint9_multiseed_S8B_R2_seed7_S8B_R2_sequence_plus_context,S8B_R2_sequence_plus_context,1,gatv2_graph_c_sprint8b_sequence_plus_context,gatv2,graph_c_context_observation,S5F2_energy,test,1119,8420,,1,0.914530336856842,late_fusion
sprint9_multiseed_S8B_R2_seed7_S8B_R2_sequence_plus_context,S8B_R2_sequence_plus_context,1,gatv2_graph_c_sprint8b_sequence_plus_context,gatv2,graph_c_context_observation,S5F2_energy,test,1120,8420,,1,0.7647884488105774,late_fusion
sprint9_multiseed_S8B_R2_seed7_S8B_R2_sequence_plus_context,S8B_R2_sequence_plus_context,1,gatv2_graph_c_sprint8b_sequence_plus_context,gatv2,graph_c_context_observation,S5F2_energy,test,1121,8420,,1,0.6491768956184387,late_fusion
sprint9_multiseed_S8B_R2_seed7_S8B_R2_sequence_plus_context,S8B_R2_sequence_plus_context,1,gatv2_graph_c_sprint8b_sequence_plus_context,gatv2,graph_c_context_observation,S5F2_energy,test,1122,8420,,1,0.5552922487258911,late_fusion
sprint9_multiseed_S8B_R2_seed7_S8B_R2_sequence_plus_context,S8B_R2_sequence_plus_context,1,gatv2_graph_c_sprint8b_sequence_plus_context,gatv2,graph_c_context_observation,S5F2_energy,test,1123,8420,,1,0.9543517827987671,late_fusion
sprint9_multiseed_S8B_R2_seed7_S8B_R2_sequence_plus_context,S8B_R2_sequence_plus_context,1,gatv2_graph_c_sprint8b_sequence_plus_context,gatv2,graph_c_context_observation,S5F2_energy,test,1124,8420,,1,0.5623520612716675,late_fusion
sprint9_multiseed_S8B_R2_seed7_S8B_R2_sequence_plus_context,S8B_R2_sequence_plus_context,1,gatv2_graph_c_sprint8b_sequence_plus_context,gatv2,graph_c_context_observation,S5F2_energy,test,1125,8420,,1,0.7212485074996948,late_fusion
sprint9_multiseed_S8B_R2_seed7_S8B_R2_sequence_plus_context,S8B_R2_sequence_plus_context,1,gatv2_graph_c_sprint8b_sequence_plus_context,gatv2,graph_c_context_observation,S5F2_energy,test,1126,8420,,1,0.9157386422157288,late_fusion
sprint9_multiseed_S8B_R2_seed7_S8B_R2_sequence_plus_context,S8B_R2_sequence_plus_context,1,gatv2_graph_c_sprint8b_sequence_plus_context,gatv2,graph_c_context_observation,S5F2_energy,test,1127,8420,,1,0.4901905953884125,late_fusion
sprint9_multiseed_S8B_R2_seed7_S8B_R2_sequence_plus_context,S8B_R2_sequence_plus_context,1,gatv2_graph_c_sprint8b_sequence_plus_context,gatv2,graph_c_context_observation,S5F2_energy,test,1128,8420,,1,0.6647953987121582,late_fusion
sprint9_multiseed_S8B_R2_seed7_S8B_R2_sequence_plus_context,S8B_R2_sequence_plus_context,1,gatv2_graph_c_sprint8b_sequence_plus_context,gatv2,graph_c_context_observation,S5F2_energy,test,1129,8420,,1,0.905922532081604,late_fusion
sprint9_multiseed_S8B_R2_seed7_S8B_R2_sequence_plus_context,S8B_R2_sequence_plus_context,1,gatv2_graph_c_sprint8b_sequence_plus_context,gatv2,graph_c_context_observation,S5F2_energy,test,1130,8420,,1,0.8685211539268494,late_fusion
sprint9_multiseed_S8B_R2_seed7_S8B_R2_sequence_plus_context,S8B_R2_sequence_plus_context,1,gatv2_graph_c_sprint8b_sequence_plus_context,gatv2,graph_c_context_observation,S5F2_energy,test,1131,8420,,1,0.7094509601593018,late_fusion
sprint9_multiseed_S8B_R2_seed7_S8B_R2_sequence_plus_context,S8B_R2_sequence_plus_context,1,gatv2_graph_c_sprint8b_sequence_plus_context,gatv2,graph_c_context_observation,S5F2_energy,test,1132,8420,,1,0.5307789444923401,late_fusion
sprint9_multiseed_S8B_R2_seed7_S8B_R2_sequence_plus_context,S8B_R2_sequence_plus_context,1,gatv2_graph_c_sprint8b_sequence_plus_context,gatv2,graph_c_context_observation,S5F2_energy,test,1133,8420,,1,0.5464871525764465,late_fusion
sprint9_multiseed_S8B_R2_seed7_S8B_R2_sequence_plus_context,S8B_R2_sequence_plus_context,1,gatv2_graph_c_sprint8b_sequence_plus_context,gatv2,graph_c_context_observation,S5F2_energy,test,1134,8420,,1,0.5269798040390015,late_fusion
sprint9_multiseed_S8B_R2_seed7_S8B_R2_sequence_plus_context,S8B_R2_sequence_plus_context,1,gatv2_graph_c_sprint8b_sequence_plus_context,gatv2,graph_c_context_observation,S5F2_energy,test,1135,8420,,1,0.7561325430870056,late_fusion
sprint9_multiseed_S8B_R2_seed7_S8B_R2_sequence_plus_context,S8B_R2_sequence_plus_context,1,gatv2_graph_c_sprint8b_sequence_plus_context,gatv2,graph_c_context_observation,S5F2_energy,test,1136,8420,,1,0.6320580840110779,late_fusion
sprint9_multiseed_S8B_R2_seed7_S8B_R2_sequence_plus_context,S8B_R2_sequence_plus_context,1,gatv2_graph_c_sprint8b_sequence_plus_context,gatv2,graph_c_context_observation,S5F2_energy,test,1137,8420,,1,0.8519253134727478,late_fusion
sprint9_multiseed_S8B_R2_seed7_S8B_R2_sequence_plus_context,S8B_R2_sequence_plus_context,1,gatv2_graph_c_sprint8b_sequence_plus_context,gatv2,graph_c_context_observation,S5F2_energy,test,1138,8420,,1,0.7888714075088501,late_fusion
sprint9_multiseed_S8B_R2_seed7_S8B_R2_sequence_plus_context,S8B_R2_sequence_plus_context,1,gatv2_graph_c_sprint8b_sequence_plus_context,gatv2,graph_c_context_observation,S5F2_energy,test,1139,8420,,1,0.7837412357330322,late_fusion
sprint9_multiseed_S8B_R2_seed7_S8B_R2_sequence_plus_context,S8B_R2_sequence_plus_context,1,gatv2_graph_c_sprint8b_sequence_plus_context,gatv2,graph_c_context_observation,S5F2_energy,test,1140,8420,,1,0.6301533579826355,late_fusion
sprint9_multiseed_S8B_R2_seed7_S8B_R2_sequence_plus_context,S8B_R2_sequence_plus_context,1,gatv2_graph_c_sprint8b_sequence_plus_context,gatv2,graph_c_context_observation,S5F2_energy,test,1141,8420,,1,0.47322627902030945,late_fusion
sprint9_multiseed_S8B_R2_seed7_S8B_R2_sequence_plus_context,S8B_R2_sequence_plus_context,1,gatv2_graph_c_sprint8b_sequence_plus_context,gatv2,graph_c_context_observation,S5F2_energy,test,1142,8420,,1,0.6803100109100342,late_fusion
sprint9_multiseed_S8B_R2_seed7_S8B_R2_sequence_plus_context,S8B_R2_sequence_plus_context,1,gatv2_graph_c_sprint8b_sequence_plus_context,gatv2,graph_c_context_observation,S5F2_energy,test,1143,8420,,1,0.5364497900009155,late_fusion
sprint9_multiseed_S8B_R2_seed7_S8B_R2_sequence_plus_context,S8B_R2_sequence_plus_context,1,gatv2_graph_c_sprint8b_sequence_plus_context,gatv2,graph_c_context_observation,S5F2_energy,test,1144,8420,,1,0.8162156939506531,late_fusion
sprint9_multiseed_S8B_R2_seed7_S8B_R2_sequence_plus_context,S8B_R2_sequence_plus_context,1,gatv2_graph_c_sprint8b_sequence_plus_context,gatv2,graph_c_context_observation,S5F2_energy,test,1145,8420,,1,0.7854604125022888,late_fusion
sprint9_multiseed_S8B_R2_seed7_S8B_R2_sequence_plus_context,S8B_R2_sequence_plus_context,1,gatv2_graph_c_sprint8b_sequence_plus_context,gatv2,graph_c_context_observation,S5F2_energy,test,1146,8420,,1,0.6819939017295837,late_fusion
sprint9_multiseed_S8B_R2_seed7_S8B_R2_sequence_plus_context,S8B_R2_sequence_plus_context,1,gatv2_graph_c_sprint8b_sequence_plus_context,gatv2,graph_c_context_observation,S5F2_energy,test,1147,8420,,1,0.7768064141273499,late_fusion
sprint9_multiseed_S8B_R2_seed7_S8B_R2_sequence_plus_context,S8B_R2_sequence_plus_context,1,gatv2_graph_c_sprint8b_sequence_plus_context,gatv2,graph_c_context_observation,S5F2_energy,test,1148,8420,,1,0.6808940172195435,late_fusion
sprint9_multiseed_S8B_R2_seed7_S8B_R2_sequence_plus_context,S8B_R2_sequence_plus_context,1,gatv2_graph_c_sprint8b_sequence_plus_context,gatv2,graph_c_context_observation,S5F2_energy,test,1149,8420,,1,0.7937164306640625,late_fusion
sprint9_multiseed_S8B_R2_seed7_S8B_R2_sequence_plus_context,S8B_R2_sequence_plus_context,1,gatv2_graph_c_sprint8b_sequence_plus_context,gatv2,graph_c_context_observation,S5F2_energy,test,1150,8420,,1,0.714439332485199,late_fusion
sprint9_multiseed_S8B_R2_seed7_S8B_R2_sequence_plus_context,S8B_R2_sequence_plus_context,1,gatv2_graph_c_sprint8b_sequence_plus_context,gatv2,graph_c_context_observation,S5F2_energy,test,1151,8420,,1,0.7172468900680542,late_fusion
sprint9_multiseed_S8B_R2_seed7_S8B_R2_sequence_plus_context,S8B_R2_sequence_plus_context,1,gatv2_graph_c_sprint8b_sequence_plus_context,gatv2,graph_c_context_observation,S5F2_energy,test,1152,8420,,1,0.5574325323104858,late_fusion
sprint9_multiseed_S8B_R2_seed7_S8B_R2_sequence_plus_context,S8B_R2_sequence_plus_context,1,gatv2_graph_c_sprint8b_sequence_plus_context,gatv2,graph_c_context_observation,S5F2_energy,test,1153,8420,,1,0.9732173681259155,late_fusion
sprint9_multiseed_S8B_R2_seed7_S8B_R2_sequence_plus_context,S8B_R2_sequence_plus_context,1,gatv2_graph_c_sprint8b_sequence_plus_context,gatv2,graph_c_context_observation,S5F2_energy,test,1154,8420,,1,0.5594550371170044,late_fusion
sprint9_multiseed_S8B_R2_seed7_S8B_R2_sequence_plus_context,S8B_R2_sequence_plus_context,1,gatv2_graph_c_sprint8b_sequence_plus_context,gatv2,graph_c_context_observation,S5F2_energy,test,1155,8420,,1,0.6154983639717102,late_fusion
sprint9_multiseed_S8B_R2_seed7_S8B_R2_sequence_plus_context,S8B_R2_sequence_plus_context,1,gatv2_graph_c_sprint8b_sequence_plus_context,gatv2,graph_c_context_observation,S5F2_energy,test,1156,8420,,1,0.5136157274246216,late_fusion
sprint9_multiseed_S8B_R2_seed7_S8B_R2_sequence_plus_context,S8B_R2_sequence_plus_context,1,gatv2_graph_c_sprint8b_sequence_plus_context,gatv2,graph_c_context_observation,S5F2_energy,test,1157,8420,,1,0.645342230796814,late_fusion
sprint9_multiseed_S8B_R2_seed7_S8B_R2_sequence_plus_context,S8B_R2_sequence_plus_context,1,gatv2_graph_c_sprint8b_sequence_plus_context,gatv2,graph_c_context_observation,S5F2_energy,test,1158,8420,,1,0.9382367730140686,late_fusion
sprint9_multiseed_S8B_R2_seed7_S8B_R2_sequence_plus_context,S8B_R2_sequence_plus_context,1,gatv2_graph_c_sprint8b_sequence_plus_context,gatv2,graph_c_context_observation,S5F2_energy,test,1159,8420,,1,0.7046921849250793,late_fusion
sprint9_multiseed_S8B_R2_seed7_S8B_R2_sequence_plus_context,S8B_R2_sequence_plus_context,1,gatv2_graph_c_sprint8b_sequence_plus_context,gatv2,graph_c_context_observation,S5F2_energy,test,1160,8420,,1,0.8840790390968323,late_fusion
sprint9_multiseed_S8B_R2_seed7_S8B_R2_sequence_plus_context,S8B_R2_sequence_plus_context,1,gatv2_graph_c_sprint8b_sequence_plus_context,gatv2,graph_c_context_observation,S5F2_energy,test,1161,8420,,1,0.7797088623046875,late_fusion
sprint9_multiseed_S8B_R2_seed7_S8B_R2_sequence_plus_context,S8B_R2_sequence_plus_context,1,gatv2_graph_c_sprint8b_sequence_plus_context,gatv2,graph_c_context_observation,S5F2_energy,test,1162,8420,,1,0.6705349683761597,late_fusion
sprint9_multiseed_S8B_R2_seed7_S8B_R2_sequence_plus_context,S8B_R2_sequence_plus_context,1,gatv2_graph_c_sprint8b_sequence_plus_context,gatv2,graph_c_context_observation,S5F2_energy,test,1163,8420,,1,0.5734525918960571,late_fusion
sprint9_multiseed_S8B_R2_seed7_S8B_R2_sequence_plus_context,S8B_R2_sequence_plus_context,1,gatv2_graph_c_sprint8b_sequence_plus_context,gatv2,graph_c_context_observation,S5F2_energy,test,1164,8420,,1,0.7123517990112305,late_fusion
sprint9_multiseed_S8B_R2_seed7_S8B_R2_sequence_plus_context,S8B_R2_sequence_plus_context,1,gatv2_graph_c_sprint8b_sequence_plus_context,gatv2,graph_c_context_observation,S5F2_energy,test,1165,8420,,1,0.5253686904907227,late_fusion
sprint9_multiseed_S8B_R2_seed7_S8B_R2_sequence_plus_context,S8B_R2_sequence_plus_context,1,gatv2_graph_c_sprint8b_sequence_plus_context,gatv2,graph_c_context_observation,S5F2_energy,test,1166,8420,,1,0.6785125732421875,late_fusion
sprint9_multiseed_S8B_R2_seed7_S8B_R2_sequence_plus_context,S8B_R2_sequence_plus_context,1,gatv2_graph_c_sprint8b_sequence_plus_context,gatv2,graph_c_context_observation,S5F2_energy,test,1167,8420,,1,0.6256324648857117,late_fusion
sprint9_multiseed_S8B_R2_seed7_S8B_R2_sequence_plus_context,S8B_R2_sequence_plus_context,1,gatv2_graph_c_sprint8b_sequence_plus_context,gatv2,graph_c_context_observation,S5F2_energy,test,1168,8420,,1,0.714641809463501,late_fusion
sprint9_multiseed_S8B_R2_seed7_S8B_R2_sequence_plus_context,S8B_R2_sequence_plus_context,1,gatv2_graph_c_sprint8b_sequence_plus_context,gatv2,graph_c_context_observation,S5F2_energy,test,1169,8420,,1,0.7153674364089966,late_fusion
sprint9_multiseed_S8B_R2_seed7_S8B_R2_sequence_plus_context,S8B_R2_sequence_plus_context,1,gatv2_graph_c_sprint8b_sequence_plus_context,gatv2,graph_c_context_observation,S5F2_energy,test,1170,8420,,1,0.7045479416847229,late_fusion
sprint9_multiseed_S8B_R2_seed7_S8B_R2_sequence_plus_context,S8B_R2_sequence_plus_context,1,gatv2_graph_c_sprint8b_sequence_plus_context,gatv2,graph_c_context_observation,S5F2_energy,test,1171,8420,,1,0.7787847518920898,late_fusion
sprint9_multiseed_S8B_R2_seed7_S8B_R2_sequence_plus_context,S8B_R2_sequence_plus_context,1,gatv2_graph_c_sprint8b_sequence_plus_context,gatv2,graph_c_context_observation,S5F2_energy,test,1172,8420,,1,0.6004919409751892,late_fusion
sprint9_multiseed_S8B_R2_seed7_S8B_R2_sequence_plus_context,S8B_R2_sequence_plus_context,1,gatv2_graph_c_sprint8b_sequence_plus_context,gatv2,graph_c_context_observation,S5F2_energy,test,1173,8420,,1,0.6283551454544067,late_fusion
sprint9_multiseed_S8B_R2_seed7_S8B_R2_sequence_plus_context,S8B_R2_sequence_plus_context,1,gatv2_graph_c_sprint8b_sequence_plus_context,gatv2,graph_c_context_observation,S5F2_energy,test,1174,8420,,1,0.9201928973197937,late_fusion
sprint9_multiseed_S8B_R2_seed7_S8B_R2_sequence_plus_context,S8B_R2_sequence_plus_context,1,gatv2_graph_c_sprint8b_sequence_plus_context,gatv2,graph_c_context_observation,S5F2_energy,test,1175,8420,,1,0.8209118843078613,late_fusion
sprint9_multiseed_S8B_R2_seed7_S8B_R2_sequence_plus_context,S8B_R2_sequence_plus_context,1,gatv2_graph_c_sprint8b_sequence_plus_context,gatv2,graph_c_context_observation,S5F2_energy,test,1176,8420,,1,0.7180089950561523,late_fusion
sprint9_multiseed_S8B_R2_seed7_S8B_R2_sequence_plus_context,S8B_R2_sequence_plus_context,1,gatv2_graph_c_sprint8b_sequence_plus_context,gatv2,graph_c_context_observation,S5F2_energy,test,1177,8420,,1,0.4516005218029022,late_fusion
sprint9_multiseed_S8B_R2_seed7_S8B_R2_sequence_plus_context,S8B_R2_sequence_plus_context,1,gatv2_graph_c_sprint8b_sequence_plus_context,gatv2,graph_c_context_observation,S5F2_energy,test,1178,8420,,1,0.5218678116798401,late_fusion
sprint9_multiseed_S8B_R2_seed7_S8B_R2_sequence_plus_context,S8B_R2_sequence_plus_context,1,gatv2_graph_c_sprint8b_sequence_plus_context,gatv2,graph_c_context_observation,S5F2_energy,test,1179,8420,,1,0.8083151578903198,late_fusion
sprint9_multiseed_S8B_R2_seed7_S8B_R2_sequence_plus_context,S8B_R2_sequence_plus_context,1,gatv2_graph_c_sprint8b_sequence_plus_context,gatv2,graph_c_context_observation,S5F2_energy,test,1180,8420,,1,0.8688820600509644,late_fusion
sprint9_multiseed_S8B_R2_seed7_S8B_R2_sequence_plus_context,S8B_R2_sequence_plus_context,1,gatv2_graph_c_sprint8b_sequence_plus_context,gatv2,graph_c_context_observation,S5F2_energy,test,1181,8420,,1,0.526164710521698,late_fusion
sprint9_multiseed_S8B_R2_seed7_S8B_R2_sequence_plus_context,S8B_R2_sequence_plus_context,1,gatv2_graph_c_sprint8b_sequence_plus_context,gatv2,graph_c_context_observation,S5F2_energy,test,1182,8420,,1,0.6446560621261597,late_fusion
sprint9_multiseed_S8B_R2_seed7_S8B_R2_sequence_plus_context,S8B_R2_sequence_plus_context,1,gatv2_graph_c_sprint8b_sequence_plus_context,gatv2,graph_c_context_observation,S5F2_energy,test,1183,8420,,1,0.7150558829307556,late_fusion
sprint9_multiseed_S8B_R2_seed7_S8B_R2_sequence_plus_context,S8B_R2_sequence_plus_context,1,gatv2_graph_c_sprint8b_sequence_plus_context,gatv2,graph_c_context_observation,S5F2_energy,test,1184,8420,,1,0.7111061215400696,late_fusion
sprint9_multiseed_S8B_R2_seed7_S8B_R2_sequence_plus_context,S8B_R2_sequence_plus_context,1,gatv2_graph_c_sprint8b_sequence_plus_context,gatv2,graph_c_context_observation,S5F2_energy,test,1185,8420,,1,0.725288987159729,late_fusion
sprint9_multiseed_S8B_R2_seed7_S8B_R2_sequence_plus_context,S8B_R2_sequence_plus_context,1,gatv2_graph_c_sprint8b_sequence_plus_context,gatv2,graph_c_context_observation,S5F2_energy,test,1186,8420,,1,0.8132457733154297,late_fusion
sprint9_multiseed_S8B_R2_seed7_S8B_R2_sequence_plus_context,S8B_R2_sequence_plus_context,1,gatv2_graph_c_sprint8b_sequence_plus_context,gatv2,graph_c_context_observation,S5F2_energy,test,1187,8420,,1,0.4976065754890442,late_fusion
sprint9_multiseed_S8B_R2_seed7_S8B_R2_sequence_plus_context,S8B_R2_sequence_plus_context,1,gatv2_graph_c_sprint8b_sequence_plus_context,gatv2,graph_c_context_observation,S5F2_energy,test,1188,8420,,1,0.7080135345458984,late_fusion
sprint9_multiseed_S8B_R2_seed7_S8B_R2_sequence_plus_context,S8B_R2_sequence_plus_context,1,gatv2_graph_c_sprint8b_sequence_plus_context,gatv2,graph_c_context_observation,S5F2_energy,test,1189,8420,,1,0.6060262322425842,late_fusion
sprint9_multiseed_S8B_R2_seed7_S8B_R2_sequence_plus_context,S8B_R2_sequence_plus_context,1,gatv2_graph_c_sprint8b_sequence_plus_context,gatv2,graph_c_context_observation,S5F2_energy,test,1190,8420,,1,0.8826586008071899,late_fusion
sprint9_multiseed_S8B_R2_seed7_S8B_R2_sequence_plus_context,S8B_R2_sequence_plus_context,1,gatv2_graph_c_sprint8b_sequence_plus_context,gatv2,graph_c_context_observation,S5F2_energy,test,1191,8420,,1,0.6452227234840393,late_fusion
sprint9_multiseed_S8B_R2_seed7_S8B_R2_sequence_plus_context,S8B_R2_sequence_plus_context,1,gatv2_graph_c_sprint8b_sequence_plus_context,gatv2,graph_c_context_observation,S5F2_energy,test,1192,8420,,1,0.6260284185409546,late_fusion
sprint9_multiseed_S8B_R2_seed7_S8B_R2_sequence_plus_context,S8B_R2_sequence_plus_context,1,gatv2_graph_c_sprint8b_sequence_plus_context,gatv2,graph_c_context_observation,S5F2_energy,test,1193,8420,,1,0.8103444576263428,late_fusion
sprint9_multiseed_S8B_R2_seed7_S8B_R2_sequence_plus_context,S8B_R2_sequence_plus_context,1,gatv2_graph_c_sprint8b_sequence_plus_context,gatv2,graph_c_context_observation,S5F2_energy,test,1194,8420,,1,0.6790147423744202,late_fusion
sprint9_multiseed_S8B_R2_seed7_S8B_R2_sequence_plus_context,S8B_R2_sequence_plus_context,1,gatv2_graph_c_sprint8b_sequence_plus_context,gatv2,graph_c_context_observation,S5F2_energy,test,1195,8420,,1,0.7549344897270203,late_fusion
sprint9_multiseed_S8B_R2_seed7_S8B_R2_sequence_plus_context,S8B_R2_sequence_plus_context,1,gatv2_graph_c_sprint8b_sequence_plus_context,gatv2,graph_c_context_observation,S5F2_energy,test,1196,8420,,1,0.7572112679481506,late_fusion
sprint9_multiseed_S8B_R2_seed7_S8B_R2_sequence_plus_context,S8B_R2_sequence_plus_context,1,gatv2_graph_c_sprint8b_sequence_plus_context,gatv2,graph_c_context_observation,S5F2_energy,test,1197,8420,,1,0.4262222945690155,late_fusion
sprint9_multiseed_S8B_R2_seed7_S8B_R2_sequence_plus_context,S8B_R2_sequence_plus_context,1,gatv2_graph_c_sprint8b_sequence_plus_context,gatv2,graph_c_context_observation,S5F2_energy,test,1198,8420,,1,0.600651741027832,late_fusion
sprint9_multiseed_S8B_R2_seed7_S8B_R2_sequence_plus_context,S8B_R2_sequence_plus_context,1,gatv2_graph_c_sprint8b_sequence_plus_context,gatv2,graph_c_context_observation,S5F2_energy,test,1199,8420,,1,0.49406155943870544,late_fusion
sprint9_multiseed_S8B_R2_seed7_S8B_R2_sequence_plus_context,S8B_R2_sequence_plus_context,1,gatv2_graph_c_sprint8b_sequence_plus_context,gatv2,graph_c_context_observation,S5F2_energy,test,1200,8420,,1,0.5571461319923401,late_fusion
sprint9_multiseed_S8B_R2_seed7_S8B_R2_sequence_plus_context,S8B_R2_sequence_plus_context,1,gatv2_graph_c_sprint8b_sequence_plus_context,gatv2,graph_c_context_observation,S5F2_energy,test,1201,8420,,1,0.8083435893058777,late_fusion
sprint9_multiseed_S8B_R2_seed7_S8B_R2_sequence_plus_context,S8B_R2_sequence_plus_context,1,gatv2_graph_c_sprint8b_sequence_plus_context,gatv2,graph_c_context_observation,S5F2_energy,test,1202,8420,,1,0.6366877555847168,late_fusion
sprint9_multiseed_S8B_R2_seed7_S8B_R2_sequence_plus_context,S8B_R2_sequence_plus_context,1,gatv2_graph_c_sprint8b_sequence_plus_context,gatv2,graph_c_context_observation,S5F2_energy,test,1203,8420,,1,0.7545962929725647,late_fusion
sprint9_multiseed_S8B_R2_seed7_S8B_R2_sequence_plus_context,S8B_R2_sequence_plus_context,1,gatv2_graph_c_sprint8b_sequence_plus_context,gatv2,graph_c_context_observation,S5F2_energy,test,1204,8420,,1,0.6718686819076538,late_fusion
sprint9_multiseed_S8B_R2_seed7_S8B_R2_sequence_plus_context,S8B_R2_sequence_plus_context,1,gatv2_graph_c_sprint8b_sequence_plus_context,gatv2,graph_c_context_observation,S5F2_energy,test,1205,8420,,1,0.7447924613952637,late_fusion
sprint9_multiseed_S8B_R2_seed7_S8B_R2_sequence_plus_context,S8B_R2_sequence_plus_context,1,gatv2_graph_c_sprint8b_sequence_plus_context,gatv2,graph_c_context_observation,S5F2_energy,test,1206,8420,,1,0.739244282245636,late_fusion
sprint9_multiseed_S8B_R2_seed7_S8B_R2_sequence_plus_context,S8B_R2_sequence_plus_context,1,gatv2_graph_c_sprint8b_sequence_plus_context,gatv2,graph_c_context_observation,S5F2_energy,test,1207,8420,,1,0.9428554773330688,late_fusion
sprint9_multiseed_S8B_R2_seed7_S8B_R2_sequence_plus_context,S8B_R2_sequence_plus_context,1,gatv2_graph_c_sprint8b_sequence_plus_context,gatv2,graph_c_context_observation,S5F2_energy,test,1208,8420,,1,0.812084436416626,late_fusion
sprint9_multiseed_S8B_R2_seed7_S8B_R2_sequence_plus_context,S8B_R2_sequence_plus_context,1,gatv2_graph_c_sprint8b_sequence_plus_context,gatv2,graph_c_context_observation,S5F2_energy,test,1209,8420,,1,0.8126680850982666,late_fusion
sprint9_multiseed_S8B_R2_seed7_S8B_R2_sequence_plus_context,S8B_R2_sequence_plus_context,1,gatv2_graph_c_sprint8b_sequence_plus_context,gatv2,graph_c_context_observation,S5F2_energy,test,1210,8420,,1,0.795960009098053,late_fusion
sprint9_multiseed_S8B_R2_seed7_S8B_R2_sequence_plus_context,S8B_R2_sequence_plus_context,1,gatv2_graph_c_sprint8b_sequence_plus_context,gatv2,graph_c_context_observation,S5F2_energy,test,1211,8420,,1,0.5799784064292908,late_fusion
sprint9_multiseed_S8B_R2_seed7_S8B_R2_sequence_plus_context,S8B_R2_sequence_plus_context,1,gatv2_graph_c_sprint8b_sequence_plus_context,gatv2,graph_c_context_observation,S5F2_energy,test,1212,8420,,1,0.5480802059173584,late_fusion
sprint9_multiseed_S8B_R2_seed7_S8B_R2_sequence_plus_context,S8B_R2_sequence_plus_context,1,gatv2_graph_c_sprint8b_sequence_plus_context,gatv2,graph_c_context_observation,S5F2_energy,test,1213,8420,,1,0.5854998230934143,late_fusion
sprint9_multiseed_S8B_R2_seed7_S8B_R2_sequence_plus_context,S8B_R2_sequence_plus_context,1,gatv2_graph_c_sprint8b_sequence_plus_context,gatv2,graph_c_context_observation,S5F2_energy,test,1214,8420,,1,0.5479442477226257,late_fusion
sprint9_multiseed_S8B_R2_seed7_S8B_R2_sequence_plus_context,S8B_R2_sequence_plus_context,1,gatv2_graph_c_sprint8b_sequence_plus_context,gatv2,graph_c_context_observation,S5F2_energy,test,1215,8420,,1,0.5631508231163025,late_fusion
sprint9_multiseed_S8B_R2_seed7_S8B_R2_sequence_plus_context,S8B_R2_sequence_plus_context,1,gatv2_graph_c_sprint8b_sequence_plus_context,gatv2,graph_c_context_observation,S5F2_energy,test,1216,8420,,1,0.6598039269447327,late_fusion
sprint9_multiseed_S8B_R2_seed7_S8B_R2_sequence_plus_context,S8B_R2_sequence_plus_context,1,gatv2_graph_c_sprint8b_sequence_plus_context,gatv2,graph_c_context_observation,S5F2_energy,test,1217,8420,,1,0.6291457414627075,late_fusion
sprint9_multiseed_S8B_R2_seed7_S8B_R2_sequence_plus_context,S8B_R2_sequence_plus_context,1,gatv2_graph_c_sprint8b_sequence_plus_context,gatv2,graph_c_context_observation,S5F2_energy,test,1218,8420,,1,0.4666302800178528,late_fusion
sprint9_multiseed_S8B_R2_seed7_S8B_R2_sequence_plus_context,S8B_R2_sequence_plus_context,1,gatv2_graph_c_sprint8b_sequence_plus_context,gatv2,graph_c_context_observation,S5F2_energy,test,1219,8420,,1,0.7835556864738464,late_fusion
sprint9_multiseed_S8B_R2_seed7_S8B_R2_sequence_plus_context,S8B_R2_sequence_plus_context,1,gatv2_graph_c_sprint8b_sequence_plus_context,gatv2,graph_c_context_observation,S5F2_energy,test,1220,8420,,1,0.6316804885864258,late_fusion
sprint9_multiseed_S8B_R2_seed7_S8B_R2_sequence_plus_context,S8B_R2_sequence_plus_context,1,gatv2_graph_c_sprint8b_sequence_plus_context,gatv2,graph_c_context_observation,S5F2_energy,test,1221,8420,,1,0.8316770792007446,late_fusion
sprint9_multiseed_S8B_R2_seed7_S8B_R2_sequence_plus_context,S8B_R2_sequence_plus_context,1,gatv2_graph_c_sprint8b_sequence_plus_context,gatv2,graph_c_context_observation,S5F2_energy,test,1222,8420,,1,0.5998963117599487,late_fusion
sprint9_multiseed_S8B_R2_seed7_S8B_R2_sequence_plus_context,S8B_R2_sequence_plus_context,1,gatv2_graph_c_sprint8b_sequence_plus_context,gatv2,graph_c_context_observation,S5F2_energy,test,1223,8420,,1,0.7696071863174438,late_fusion
sprint9_multiseed_S8B_R2_seed7_S8B_R2_sequence_plus_context,S8B_R2_sequence_plus_context,1,gatv2_graph_c_sprint8b_sequence_plus_context,gatv2,graph_c_context_observation,S5F2_energy,test,1224,8420,,1,0.768677830696106,late_fusion
sprint9_multiseed_S8B_R2_seed7_S8B_R2_sequence_plus_context,S8B_R2_sequence_plus_context,1,gatv2_graph_c_sprint8b_sequence_plus_context,gatv2,graph_c_context_observation,S5F2_energy,test,1225,8420,,1,0.7860774397850037,late_fusion
sprint9_multiseed_S8B_R2_seed7_S8B_R2_sequence_plus_context,S8B_R2_sequence_plus_context,1,gatv2_graph_c_sprint8b_sequence_plus_context,gatv2,graph_c_context_observation,S5F2_energy,test,1226,8420,,1,0.5253050923347473,late_fusion
sprint9_multiseed_S8B_R2_seed7_S8B_R2_sequence_plus_context,S8B_R2_sequence_plus_context,1,gatv2_graph_c_sprint8b_sequence_plus_context,gatv2,graph_c_context_observation,S5F2_energy,test,1227,8420,,1,0.5635856986045837,late_fusion
sprint9_multiseed_S8B_R2_seed7_S8B_R2_sequence_plus_context,S8B_R2_sequence_plus_context,1,gatv2_graph_c_sprint8b_sequence_plus_context,gatv2,graph_c_context_observation,S5F2_energy,test,1228,8420,,1,0.8743166327476501,late_fusion
sprint9_multiseed_S8B_R2_seed7_S8B_R2_sequence_plus_context,S8B_R2_sequence_plus_context,1,gatv2_graph_c_sprint8b_sequence_plus_context,gatv2,graph_c_context_observation,S5F2_energy,test,1229,8420,,1,0.6882410645484924,late_fusion
sprint9_multiseed_S8B_R2_seed7_S8B_R2_sequence_plus_context,S8B_R2_sequence_plus_context,1,gatv2_graph_c_sprint8b_sequence_plus_context,gatv2,graph_c_context_observation,S5F2_energy,test,1230,8420,,1,0.58982253074646,late_fusion
sprint9_multiseed_S8B_R2_seed7_S8B_R2_sequence_plus_context,S8B_R2_sequence_plus_context,1,gatv2_graph_c_sprint8b_sequence_plus_context,gatv2,graph_c_context_observation,S5F2_energy,test,1231,8420,,1,0.4745565950870514,late_fusion
sprint9_multiseed_S8B_R2_seed7_S8B_R2_sequence_plus_context,S8B_R2_sequence_plus_context,1,gatv2_graph_c_sprint8b_sequence_plus_context,gatv2,graph_c_context_observation,S5F2_energy,test,1232,8420,,1,0.6369302868843079,late_fusion
sprint9_multiseed_S8B_R2_seed7_S8B_R2_sequence_plus_context,S8B_R2_sequence_plus_context,1,gatv2_graph_c_sprint8b_sequence_plus_context,gatv2,graph_c_context_observation,S5F2_energy,test,1233,8420,,1,0.8465637564659119,late_fusion
sprint9_multiseed_S8B_R2_seed7_S8B_R2_sequence_plus_context,S8B_R2_sequence_plus_context,1,gatv2_graph_c_sprint8b_sequence_plus_context,gatv2,graph_c_context_observation,S5F2_energy,test,1234,8420,,1,0.8218511939048767,late_fusion
sprint9_multiseed_S8B_R2_seed7_S8B_R2_sequence_plus_context,S8B_R2_sequence_plus_context,1,gatv2_graph_c_sprint8b_sequence_plus_context,gatv2,graph_c_context_observation,S5F2_energy,test,1235,8420,,1,0.9461939334869385,late_fusion
sprint9_multiseed_S8B_R2_seed7_S8B_R2_sequence_plus_context,S8B_R2_sequence_plus_context,1,gatv2_graph_c_sprint8b_sequence_plus_context,gatv2,graph_c_context_observation,S5F2_energy,test,1236,8420,,1,0.4787231385707855,late_fusion
sprint9_multiseed_S8B_R2_seed7_S8B_R2_sequence_plus_context,S8B_R2_sequence_plus_context,1,gatv2_graph_c_sprint8b_sequence_plus_context,gatv2,graph_c_context_observation,S5F2_energy,test,1237,8420,,1,0.5328152775764465,late_fusion
sprint9_multiseed_S8B_R2_seed7_S8B_R2_sequence_plus_context,S8B_R2_sequence_plus_context,1,gatv2_graph_c_sprint8b_sequence_plus_context,gatv2,graph_c_context_observation,S5F2_energy,test,1238,8420,,1,0.8294883966445923,late_fusion
sprint9_multiseed_S8B_R2_seed7_S8B_R2_sequence_plus_context,S8B_R2_sequence_plus_context,1,gatv2_graph_c_sprint8b_sequence_plus_context,gatv2,graph_c_context_observation,S5F2_energy,test,1239,8420,,1,0.7293566465377808,late_fusion
sprint9_multiseed_S8B_R2_seed7_S8B_R2_sequence_plus_context,S8B_R2_sequence_plus_context,1,gatv2_graph_c_sprint8b_sequence_plus_context,gatv2,graph_c_context_observation,S5F2_energy,test,1240,8420,,1,0.6187323331832886,late_fusion
sprint9_multiseed_S8B_R2_seed7_S8B_R2_sequence_plus_context,S8B_R2_sequence_plus_context,1,gatv2_graph_c_sprint8b_sequence_plus_context,gatv2,graph_c_context_observation,S5F2_energy,test,1241,8420,,1,0.8133085370063782,late_fusion
sprint9_multiseed_S8B_R2_seed7_S8B_R2_sequence_plus_context,S8B_R2_sequence_plus_context,1,gatv2_graph_c_sprint8b_sequence_plus_context,gatv2,graph_c_context_observation,S5F2_energy,test,1242,8420,,1,0.6189360022544861,late_fusion
sprint9_multiseed_S8B_R2_seed7_S8B_R2_sequence_plus_context,S8B_R2_sequence_plus_context,1,gatv2_graph_c_sprint8b_sequence_plus_context,gatv2,graph_c_context_observation,S5F2_energy,test,1243,8420,,1,0.6380994915962219,late_fusion
sprint9_multiseed_S8B_R2_seed7_S8B_R2_sequence_plus_context,S8B_R2_sequence_plus_context,1,gatv2_graph_c_sprint8b_sequence_plus_context,gatv2,graph_c_context_observation,S5F2_energy,test,1244,8420,,1,0.8458594679832458,late_fusion
sprint9_multiseed_S8B_R2_seed7_S8B_R2_sequence_plus_context,S8B_R2_sequence_plus_context,1,gatv2_graph_c_sprint8b_sequence_plus_context,gatv2,graph_c_context_observation,S5F2_energy,test,1245,8420,,1,0.8479815125465393,late_fusion
sprint9_multiseed_S8B_R2_seed7_S8B_R2_sequence_plus_context,S8B_R2_sequence_plus_context,1,gatv2_graph_c_sprint8b_sequence_plus_context,gatv2,graph_c_context_observation,S5F2_energy,test,1246,8420,,1,0.5992586016654968,late_fusion
sprint9_multiseed_S8B_R2_seed7_S8B_R2_sequence_plus_context,S8B_R2_sequence_plus_context,1,gatv2_graph_c_sprint8b_sequence_plus_context,gatv2,graph_c_context_observation,S5F2_energy,test,1247,8420,,1,0.5194998979568481,late_fusion
sprint9_multiseed_S8B_R2_seed7_S8B_R2_sequence_plus_context,S8B_R2_sequence_plus_context,1,gatv2_graph_c_sprint8b_sequence_plus_context,gatv2,graph_c_context_observation,S5F2_energy,test,1248,8420,,1,0.5044562220573425,late_fusion
sprint9_multiseed_S8B_R2_seed7_S8B_R2_sequence_plus_context,S8B_R2_sequence_plus_context,1,gatv2_graph_c_sprint8b_sequence_plus_context,gatv2,graph_c_context_observation,S5F2_energy,test,1249,8420,,1,0.6533477902412415,late_fusion
sprint9_multiseed_S8B_R2_seed7_S8B_R2_sequence_plus_context,S8B_R2_sequence_plus_context,1,gatv2_graph_c_sprint8b_sequence_plus_context,gatv2,graph_c_context_observation,S5F2_energy,test,1250,8420,,1,0.6559811234474182,late_fusion
sprint9_multiseed_S8B_R2_seed7_S8B_R2_sequence_plus_context,S8B_R2_sequence_plus_context,1,gatv2_graph_c_sprint8b_sequence_plus_context,gatv2,graph_c_context_observation,S5F2_energy,test,1251,8420,,1,0.9600850939750671,late_fusion
sprint9_multiseed_S8B_R2_seed7_S8B_R2_sequence_plus_context,S8B_R2_sequence_plus_context,1,gatv2_graph_c_sprint8b_sequence_plus_context,gatv2,graph_c_context_observation,S5F2_energy,test,1252,8420,,1,0.7773246765136719,late_fusion
sprint9_multiseed_S8B_R2_seed7_S8B_R2_sequence_plus_context,S8B_R2_sequence_plus_context,1,gatv2_graph_c_sprint8b_sequence_plus_context,gatv2,graph_c_context_observation,S5F2_energy,test,1253,8420,,1,0.7610434889793396,late_fusion
sprint9_multiseed_S8B_R2_seed7_S8B_R2_sequence_plus_context,S8B_R2_sequence_plus_context,1,gatv2_graph_c_sprint8b_sequence_plus_context,gatv2,graph_c_context_observation,S5F2_energy,test,1254,8420,,1,0.629854142665863,late_fusion
sprint9_multiseed_S8B_R2_seed7_S8B_R2_sequence_plus_context,S8B_R2_sequence_plus_context,1,gatv2_graph_c_sprint8b_sequence_plus_context,gatv2,graph_c_context_observation,S5F2_energy,test,1255,8420,,1,0.5312639474868774,late_fusion
sprint9_multiseed_S8B_R2_seed7_S8B_R2_sequence_plus_context,S8B_R2_sequence_plus_context,1,gatv2_graph_c_sprint8b_sequence_plus_context,gatv2,graph_c_context_observation,S5F2_energy,test,1256,8420,,1,0.7445476055145264,late_fusion
sprint9_multiseed_S8B_R2_seed7_S8B_R2_sequence_plus_context,S8B_R2_sequence_plus_context,1,gatv2_graph_c_sprint8b_sequence_plus_context,gatv2,graph_c_context_observation,S5F2_energy,test,1257,8420,,1,0.571600079536438,late_fusion
sprint9_multiseed_S8B_R2_seed7_S8B_R2_sequence_plus_context,S8B_R2_sequence_plus_context,1,gatv2_graph_c_sprint8b_sequence_plus_context,gatv2,graph_c_context_observation,S5F2_energy,test,1258,8420,,1,0.5188614130020142,late_fusion
sprint9_multiseed_S8B_R2_seed7_S8B_R2_sequence_plus_context,S8B_R2_sequence_plus_context,1,gatv2_graph_c_sprint8b_sequence_plus_context,gatv2,graph_c_context_observation,S5F2_energy,test,1259,8420,,1,0.6262295842170715,late_fusion
sprint9_multiseed_S8B_R2_seed7_S8B_R2_sequence_plus_context,S8B_R2_sequence_plus_context,1,gatv2_graph_c_sprint8b_sequence_plus_context,gatv2,graph_c_context_observation,S5F2_energy,test,1260,8420,,1,0.7474104762077332,late_fusion
sprint9_multiseed_S8B_R2_seed7_S8B_R2_sequence_plus_context,S8B_R2_sequence_plus_context,1,gatv2_graph_c_sprint8b_sequence_plus_context,gatv2,graph_c_context_observation,S5F2_energy,test,1261,8420,,1,0.9042107462882996,late_fusion
sprint9_multiseed_S8B_R2_seed7_S8B_R2_sequence_plus_context,S8B_R2_sequence_plus_context,1,gatv2_graph_c_sprint8b_sequence_plus_context,gatv2,graph_c_context_observation,S5F2_energy,test,1262,8420,,1,0.9792242646217346,late_fusion
sprint9_multiseed_S8B_R2_seed7_S8B_R2_sequence_plus_context,S8B_R2_sequence_plus_context,1,gatv2_graph_c_sprint8b_sequence_plus_context,gatv2,graph_c_context_observation,S5F2_energy,test,1263,8420,,1,0.5957615375518799,late_fusion
sprint9_multiseed_S8B_R2_seed7_S8B_R2_sequence_plus_context,S8B_R2_sequence_plus_context,1,gatv2_graph_c_sprint8b_sequence_plus_context,gatv2,graph_c_context_observation,S5F2_energy,test,1264,8420,,1,0.5561492443084717,late_fusion
sprint9_multiseed_S8B_R2_seed7_S8B_R2_sequence_plus_context,S8B_R2_sequence_plus_context,1,gatv2_graph_c_sprint8b_sequence_plus_context,gatv2,graph_c_context_observation,S5F2_energy,test,1265,8420,,1,0.9641477465629578,late_fusion
sprint9_multiseed_S8B_R2_seed7_S8B_R2_sequence_plus_context,S8B_R2_sequence_plus_context,1,gatv2_graph_c_sprint8b_sequence_plus_context,gatv2,graph_c_context_observation,S5F2_energy,test,1266,8420,,1,0.9443939924240112,late_fusion
sprint9_multiseed_S8B_R2_seed7_S8B_R2_sequence_plus_context,S8B_R2_sequence_plus_context,1,gatv2_graph_c_sprint8b_sequence_plus_context,gatv2,graph_c_context_observation,S5F2_energy,test,1267,8420,,1,0.4398191273212433,late_fusion
sprint9_multiseed_S8B_R2_seed7_S8B_R2_sequence_plus_context,S8B_R2_sequence_plus_context,1,gatv2_graph_c_sprint8b_sequence_plus_context,gatv2,graph_c_context_observation,S5F2_energy,test,1268,8420,,1,0.6510960459709167,late_fusion
sprint9_multiseed_S8B_R2_seed7_S8B_R2_sequence_plus_context,S8B_R2_sequence_plus_context,1,gatv2_graph_c_sprint8b_sequence_plus_context,gatv2,graph_c_context_observation,S5F2_energy,test,1269,8420,,1,0.6932669878005981,late_fusion
sprint9_multiseed_S8B_R2_seed7_S8B_R2_sequence_plus_context,S8B_R2_sequence_plus_context,1,gatv2_graph_c_sprint8b_sequence_plus_context,gatv2,graph_c_context_observation,S5F2_energy,test,1270,8420,,1,0.9137740135192871,late_fusion
sprint9_multiseed_S8B_R2_seed7_S8B_R2_sequence_plus_context,S8B_R2_sequence_plus_context,1,gatv2_graph_c_sprint8b_sequence_plus_context,gatv2,graph_c_context_observation,S5F2_energy,test,1271,8420,,1,0.6579999923706055,late_fusion
sprint9_multiseed_S8B_R2_seed7_S8B_R2_sequence_plus_context,S8B_R2_sequence_plus_context,1,gatv2_graph_c_sprint8b_sequence_plus_context,gatv2,graph_c_context_observation,S5F2_energy,test,1272,8420,,1,0.5562210083007812,late_fusion
sprint9_multiseed_S8B_R2_seed7_S8B_R2_sequence_plus_context,S8B_R2_sequence_plus_context,1,gatv2_graph_c_sprint8b_sequence_plus_context,gatv2,graph_c_context_observation,S5F2_energy,test,1273,8420,,1,0.5190684795379639,late_fusion
sprint9_multiseed_S8B_R2_seed7_S8B_R2_sequence_plus_context,S8B_R2_sequence_plus_context,1,gatv2_graph_c_sprint8b_sequence_plus_context,gatv2,graph_c_context_observation,S5F2_energy,test,1274,8420,,1,0.7111571431159973,late_fusion
sprint9_multiseed_S8B_R2_seed7_S8B_R2_sequence_plus_context,S8B_R2_sequence_plus_context,1,gatv2_graph_c_sprint8b_sequence_plus_context,gatv2,graph_c_context_observation,S5F2_energy,test,1275,8420,,1,0.612688422203064,late_fusion
sprint9_multiseed_S8B_R2_seed7_S8B_R2_sequence_plus_context,S8B_R2_sequence_plus_context,1,gatv2_graph_c_sprint8b_sequence_plus_context,gatv2,graph_c_context_observation,S5F2_energy,test,1276,8420,,1,0.8642149567604065,late_fusion
sprint9_multiseed_S8B_R2_seed7_S8B_R2_sequence_plus_context,S8B_R2_sequence_plus_context,1,gatv2_graph_c_sprint8b_sequence_plus_context,gatv2,graph_c_context_observation,S5F2_energy,test,1277,9251,,1,0.8002942204475403,late_fusion
sprint9_multiseed_S8B_R2_seed7_S8B_R2_sequence_plus_context,S8B_R2_sequence_plus_context,1,gatv2_graph_c_sprint8b_sequence_plus_context,gatv2,graph_c_context_observation,S5F2_energy,test,1278,9251,,1,0.875608503818512,late_fusion
sprint9_multiseed_S8B_R2_seed7_S8B_R2_sequence_plus_context,S8B_R2_sequence_plus_context,1,gatv2_graph_c_sprint8b_sequence_plus_context,gatv2,graph_c_context_observation,S5F2_energy,test,1279,9251,,1,0.2015068233013153,late_fusion
sprint9_multiseed_S8B_R2_seed7_S8B_R2_sequence_plus_context,S8B_R2_sequence_plus_context,1,gatv2_graph_c_sprint8b_sequence_plus_context,gatv2,graph_c_context_observation,S5F2_energy,test,1280,9251,,1,0.245711550116539,late_fusion
sprint9_multiseed_S8B_R2_seed7_S8B_R2_sequence_plus_context,S8B_R2_sequence_plus_context,1,gatv2_graph_c_sprint8b_sequence_plus_context,gatv2,graph_c_context_observation,S5F2_energy,test,1281,9251,,1,0.3186183571815491,late_fusion
sprint9_multiseed_S8B_R2_seed7_S8B_R2_sequence_plus_context,S8B_R2_sequence_plus_context,1,gatv2_graph_c_sprint8b_sequence_plus_context,gatv2,graph_c_context_observation,S5F2_energy,test,1282,9251,,1,0.28413233160972595,late_fusion
sprint9_multiseed_S8B_R2_seed7_S8B_R2_sequence_plus_context,S8B_R2_sequence_plus_context,1,gatv2_graph_c_sprint8b_sequence_plus_context,gatv2,graph_c_context_observation,S5F2_energy,test,1283,9251,,1,0.31339797377586365,late_fusion
sprint9_multiseed_S8B_R2_seed7_S8B_R2_sequence_plus_context,S8B_R2_sequence_plus_context,1,gatv2_graph_c_sprint8b_sequence_plus_context,gatv2,graph_c_context_observation,S5F2_energy,test,1284,9251,,1,0.3052227199077606,late_fusion
sprint9_multiseed_S8B_R2_seed7_S8B_R2_sequence_plus_context,S8B_R2_sequence_plus_context,1,gatv2_graph_c_sprint8b_sequence_plus_context,gatv2,graph_c_context_observation,S5F2_energy,test,1285,9251,,1,0.45676571130752563,late_fusion
sprint9_multiseed_S8B_R2_seed7_S8B_R2_sequence_plus_context,S8B_R2_sequence_plus_context,1,gatv2_graph_c_sprint8b_sequence_plus_context,gatv2,graph_c_context_observation,S5F2_energy,test,1286,9251,,1,0.3523886799812317,late_fusion
sprint9_multiseed_S8B_R2_seed7_S8B_R2_sequence_plus_context,S8B_R2_sequence_plus_context,1,gatv2_graph_c_sprint8b_sequence_plus_context,gatv2,graph_c_context_observation,S5F2_energy,test,1287,9251,,1,0.22122803330421448,late_fusion
sprint9_multiseed_S8B_R2_seed7_S8B_R2_sequence_plus_context,S8B_R2_sequence_plus_context,1,gatv2_graph_c_sprint8b_sequence_plus_context,gatv2,graph_c_context_observation,S5F2_energy,test,1288,9251,,1,0.31241992115974426,late_fusion
sprint9_multiseed_S8B_R2_seed7_S8B_R2_sequence_plus_context,S8B_R2_sequence_plus_context,1,gatv2_graph_c_sprint8b_sequence_plus_context,gatv2,graph_c_context_observation,S5F2_energy,test,1289,9251,,1,0.33766114711761475,late_fusion
sprint9_multiseed_S8B_R2_seed7_S8B_R2_sequence_plus_context,S8B_R2_sequence_plus_context,1,gatv2_graph_c_sprint8b_sequence_plus_context,gatv2,graph_c_context_observation,S5F2_energy,test,1290,9251,,1,0.2763981521129608,late_fusion
sprint9_multiseed_S8B_R2_seed7_S8B_R2_sequence_plus_context,S8B_R2_sequence_plus_context,1,gatv2_graph_c_sprint8b_sequence_plus_context,gatv2,graph_c_context_observation,S5F2_energy,test,1291,9251,,1,0.2534184157848358,late_fusion
sprint9_multiseed_S8B_R2_seed7_S8B_R2_sequence_plus_context,S8B_R2_sequence_plus_context,1,gatv2_graph_c_sprint8b_sequence_plus_context,gatv2,graph_c_context_observation,S5F2_energy,test,1292,9251,,1,0.298387736082077,late_fusion
sprint9_multiseed_S8B_R2_seed7_S8B_R2_sequence_plus_context,S8B_R2_sequence_plus_context,1,gatv2_graph_c_sprint8b_sequence_plus_context,gatv2,graph_c_context_observation,S5F2_energy,test,1293,9251,,1,0.21484346687793732,late_fusion
sprint9_multiseed_S8B_R2_seed7_S8B_R2_sequence_plus_context,S8B_R2_sequence_plus_context,1,gatv2_graph_c_sprint8b_sequence_plus_context,gatv2,graph_c_context_observation,S5F2_energy,test,1294,9251,,1,0.2424045205116272,late_fusion
sprint9_multiseed_S8B_R2_seed7_S8B_R2_sequence_plus_context,S8B_R2_sequence_plus_context,1,gatv2_graph_c_sprint8b_sequence_plus_context,gatv2,graph_c_context_observation,S5F2_energy,test,1295,9251,,1,0.20668548345565796,late_fusion
sprint9_multiseed_S8B_R2_seed7_S8B_R2_sequence_plus_context,S8B_R2_sequence_plus_context,1,gatv2_graph_c_sprint8b_sequence_plus_context,gatv2,graph_c_context_observation,S5F2_energy,test,1296,9251,,1,0.2700466215610504,late_fusion
sprint9_multiseed_S8B_R2_seed7_S8B_R2_sequence_plus_context,S8B_R2_sequence_plus_context,1,gatv2_graph_c_sprint8b_sequence_plus_context,gatv2,graph_c_context_observation,S5F2_energy,test,1297,9251,,1,0.22605787217617035,late_fusion
sprint9_multiseed_S8B_R2_seed7_S8B_R2_sequence_plus_context,S8B_R2_sequence_plus_context,1,gatv2_graph_c_sprint8b_sequence_plus_context,gatv2,graph_c_context_observation,S5F2_energy,test,1298,9251,,1,0.24744345247745514,late_fusion
sprint9_multiseed_S8B_R2_seed7_S8B_R2_sequence_plus_context,S8B_R2_sequence_plus_context,1,gatv2_graph_c_sprint8b_sequence_plus_context,gatv2,graph_c_context_observation,S5F2_energy,test,1299,9251,,1,0.40891772508621216,late_fusion
sprint9_multiseed_S8B_R2_seed7_S8B_R2_sequence_plus_context,S8B_R2_sequence_plus_context,1,gatv2_graph_c_sprint8b_sequence_plus_context,gatv2,graph_c_context_observation,S5F2_energy,test,1300,9251,,1,0.3409194350242615,late_fusion
sprint9_multiseed_S8B_R2_seed7_S8B_R2_sequence_plus_context,S8B_R2_sequence_plus_context,1,gatv2_graph_c_sprint8b_sequence_plus_context,gatv2,graph_c_context_observation,S5F2_energy,test,1301,9251,,1,0.5055550932884216,late_fusion
sprint9_multiseed_S8B_R2_seed7_S8B_R2_sequence_plus_context,S8B_R2_sequence_plus_context,1,gatv2_graph_c_sprint8b_sequence_plus_context,gatv2,graph_c_context_observation,S5F2_energy,test,1302,9251,,1,0.2230813354253769,late_fusion
sprint9_multiseed_S8B_R2_seed7_S8B_R2_sequence_plus_context,S8B_R2_sequence_plus_context,1,gatv2_graph_c_sprint8b_sequence_plus_context,gatv2,graph_c_context_observation,S5F2_energy,test,1303,9251,,1,0.238657146692276,late_fusion
sprint9_multiseed_S8B_R2_seed7_S8B_R2_sequence_plus_context,S8B_R2_sequence_plus_context,1,gatv2_graph_c_sprint8b_sequence_plus_context,gatv2,graph_c_context_observation,S5F2_energy,test,1304,9251,,1,0.38322028517723083,late_fusion
sprint9_multiseed_S8B_R2_seed7_S8B_R2_sequence_plus_context,S8B_R2_sequence_plus_context,1,gatv2_graph_c_sprint8b_sequence_plus_context,gatv2,graph_c_context_observation,S5F2_energy,test,1305,9251,,1,0.22488349676132202,late_fusion
sprint9_multiseed_S8B_R2_seed7_S8B_R2_sequence_plus_context,S8B_R2_sequence_plus_context,1,gatv2_graph_c_sprint8b_sequence_plus_context,gatv2,graph_c_context_observation,S5F2_energy,test,1306,9251,,1,0.18615317344665527,late_fusion
sprint9_multiseed_S8B_R2_seed7_S8B_R2_sequence_plus_context,S8B_R2_sequence_plus_context,1,gatv2_graph_c_sprint8b_sequence_plus_context,gatv2,graph_c_context_observation,S5F2_energy,test,1307,9251,,1,0.27839919924736023,late_fusion
sprint9_multiseed_S8B_R2_seed7_S8B_R2_sequence_plus_context,S8B_R2_sequence_plus_context,1,gatv2_graph_c_sprint8b_sequence_plus_context,gatv2,graph_c_context_observation,S5F2_energy,test,1308,9251,,1,0.2231239229440689,late_fusion
sprint9_multiseed_S8B_R2_seed7_S8B_R2_sequence_plus_context,S8B_R2_sequence_plus_context,1,gatv2_graph_c_sprint8b_sequence_plus_context,gatv2,graph_c_context_observation,S5F2_energy,test,1309,9251,,1,0.2241481989622116,late_fusion
sprint9_multiseed_S8B_R2_seed7_S8B_R2_sequence_plus_context,S8B_R2_sequence_plus_context,1,gatv2_graph_c_sprint8b_sequence_plus_context,gatv2,graph_c_context_observation,S5F2_energy,test,1310,9251,,1,0.2071237564086914,late_fusion
sprint9_multiseed_S8B_R2_seed7_S8B_R2_sequence_plus_context,S8B_R2_sequence_plus_context,1,gatv2_graph_c_sprint8b_sequence_plus_context,gatv2,graph_c_context_observation,S5F2_energy,test,1311,9251,,1,0.3180454671382904,late_fusion
sprint9_multiseed_S8B_R2_seed7_S8B_R2_sequence_plus_context,S8B_R2_sequence_plus_context,1,gatv2_graph_c_sprint8b_sequence_plus_context,gatv2,graph_c_context_observation,S5F2_energy,test,1312,9251,,1,0.23224835097789764,late_fusion
sprint9_multiseed_S8B_R2_seed7_S8B_R2_sequence_plus_context,S8B_R2_sequence_plus_context,1,gatv2_graph_c_sprint8b_sequence_plus_context,gatv2,graph_c_context_observation,S5F2_energy,test,1313,9251,,1,0.272664338350296,late_fusion
sprint9_multiseed_S8B_R2_seed7_S8B_R2_sequence_plus_context,S8B_R2_sequence_plus_context,1,gatv2_graph_c_sprint8b_sequence_plus_context,gatv2,graph_c_context_observation,S5F2_energy,test,1314,9251,,1,0.4075416624546051,late_fusion
sprint9_multiseed_S8B_R2_seed7_S8B_R2_sequence_plus_context,S8B_R2_sequence_plus_context,1,gatv2_graph_c_sprint8b_sequence_plus_context,gatv2,graph_c_context_observation,S5F2_energy,test,1315,9251,,1,0.1897556632757187,late_fusion
sprint9_multiseed_S8B_R2_seed7_S8B_R2_sequence_plus_context,S8B_R2_sequence_plus_context,1,gatv2_graph_c_sprint8b_sequence_plus_context,gatv2,graph_c_context_observation,S5F2_energy,test,1316,9251,,1,0.22854606807231903,late_fusion
sprint9_multiseed_S8B_R2_seed7_S8B_R2_sequence_plus_context,S8B_R2_sequence_plus_context,1,gatv2_graph_c_sprint8b_sequence_plus_context,gatv2,graph_c_context_observation,S5F2_energy,test,1317,9251,,1,0.20774424076080322,late_fusion
sprint9_multiseed_S8B_R2_seed7_S8B_R2_sequence_plus_context,S8B_R2_sequence_plus_context,1,gatv2_graph_c_sprint8b_sequence_plus_context,gatv2,graph_c_context_observation,S5F2_energy,test,1318,9251,,1,0.3509225845336914,late_fusion
sprint9_multiseed_S8B_R2_seed7_S8B_R2_sequence_plus_context,S8B_R2_sequence_plus_context,1,gatv2_graph_c_sprint8b_sequence_plus_context,gatv2,graph_c_context_observation,S5F2_energy,test,1319,9251,,1,0.21098023653030396,late_fusion
sprint9_multiseed_S8B_R2_seed7_S8B_R2_sequence_plus_context,S8B_R2_sequence_plus_context,1,gatv2_graph_c_sprint8b_sequence_plus_context,gatv2,graph_c_context_observation,S5F2_energy,test,1320,9251,,1,0.21701662242412567,late_fusion
sprint9_multiseed_S8B_R2_seed7_S8B_R2_sequence_plus_context,S8B_R2_sequence_plus_context,1,gatv2_graph_c_sprint8b_sequence_plus_context,gatv2,graph_c_context_observation,S5F2_energy,test,1321,9251,,1,0.17729882895946503,late_fusion
sprint9_multiseed_S8B_R2_seed7_S8B_R2_sequence_plus_context,S8B_R2_sequence_plus_context,1,gatv2_graph_c_sprint8b_sequence_plus_context,gatv2,graph_c_context_observation,S5F2_energy,test,1322,9251,,1,0.37502607703208923,late_fusion
sprint9_multiseed_S8B_R2_seed7_S8B_R2_sequence_plus_context,S8B_R2_sequence_plus_context,1,gatv2_graph_c_sprint8b_sequence_plus_context,gatv2,graph_c_context_observation,S5F2_energy,test,1323,9251,,1,0.2229909896850586,late_fusion
sprint9_multiseed_S8B_R2_seed7_S8B_R2_sequence_plus_context,S8B_R2_sequence_plus_context,1,gatv2_graph_c_sprint8b_sequence_plus_context,gatv2,graph_c_context_observation,S5F2_energy,test,1324,9251,,1,0.22647178173065186,late_fusion
sprint9_multiseed_S8B_R2_seed7_S8B_R2_sequence_plus_context,S8B_R2_sequence_plus_context,1,gatv2_graph_c_sprint8b_sequence_plus_context,gatv2,graph_c_context_observation,S5F2_energy,test,1325,9251,,1,0.22092914581298828,late_fusion
sprint9_multiseed_S8B_R2_seed7_S8B_R2_sequence_plus_context,S8B_R2_sequence_plus_context,1,gatv2_graph_c_sprint8b_sequence_plus_context,gatv2,graph_c_context_observation,S5F2_energy,test,1326,9251,,1,0.22842451930046082,late_fusion
sprint9_multiseed_S8B_R2_seed7_S8B_R2_sequence_plus_context,S8B_R2_sequence_plus_context,1,gatv2_graph_c_sprint8b_sequence_plus_context,gatv2,graph_c_context_observation,S5F2_energy,test,1327,9251,,1,0.2554468512535095,late_fusion
sprint9_multiseed_S8B_R2_seed7_S8B_R2_sequence_plus_context,S8B_R2_sequence_plus_context,1,gatv2_graph_c_sprint8b_sequence_plus_context,gatv2,graph_c_context_observation,S5F2_energy,test,1328,9251,,1,0.24093306064605713,late_fusion
sprint9_multiseed_S8B_R2_seed7_S8B_R2_sequence_plus_context,S8B_R2_sequence_plus_context,1,gatv2_graph_c_sprint8b_sequence_plus_context,gatv2,graph_c_context_observation,S5F2_energy,test,1329,9251,,1,0.19273938238620758,late_fusion
sprint9_multiseed_S8B_R2_seed7_S8B_R2_sequence_plus_context,S8B_R2_sequence_plus_context,1,gatv2_graph_c_sprint8b_sequence_plus_context,gatv2,graph_c_context_observation,S5F2_energy,test,1330,9251,,1,0.22566376626491547,late_fusion
sprint9_multiseed_S8B_R2_seed7_S8B_R2_sequence_plus_context,S8B_R2_sequence_plus_context,1,gatv2_graph_c_sprint8b_sequence_plus_context,gatv2,graph_c_context_observation,S5F2_energy,test,1331,9251,,1,0.24380141496658325,late_fusion
sprint9_multiseed_S8B_R2_seed7_S8B_R2_sequence_plus_context,S8B_R2_sequence_plus_context,1,gatv2_graph_c_sprint8b_sequence_plus_context,gatv2,graph_c_context_observation,S5F2_energy,test,1332,9251,,1,0.21115344762802124,late_fusion
sprint9_multiseed_S8B_R2_seed7_S8B_R2_sequence_plus_context,S8B_R2_sequence_plus_context,1,gatv2_graph_c_sprint8b_sequence_plus_context,gatv2,graph_c_context_observation,S5F2_energy,test,1333,9251,,1,0.4803853929042816,late_fusion
sprint9_multiseed_S8B_R2_seed7_S8B_R2_sequence_plus_context,S8B_R2_sequence_plus_context,1,gatv2_graph_c_sprint8b_sequence_plus_context,gatv2,graph_c_context_observation,S5F2_energy,test,1334,9251,,1,0.19490912556648254,late_fusion
sprint9_multiseed_S8B_R2_seed7_S8B_R2_sequence_plus_context,S8B_R2_sequence_plus_context,1,gatv2_graph_c_sprint8b_sequence_plus_context,gatv2,graph_c_context_observation,S5F2_energy,test,1335,9251,,1,0.20410040020942688,late_fusion
sprint9_multiseed_S8B_R2_seed7_S8B_R2_sequence_plus_context,S8B_R2_sequence_plus_context,1,gatv2_graph_c_sprint8b_sequence_plus_context,gatv2,graph_c_context_observation,S5F2_energy,test,1336,9251,,1,0.17000658810138702,late_fusion
sprint9_multiseed_S8B_R2_seed7_S8B_R2_sequence_plus_context,S8B_R2_sequence_plus_context,1,gatv2_graph_c_sprint8b_sequence_plus_context,gatv2,graph_c_context_observation,S5F2_energy,test,1337,9251,,1,0.1868874728679657,late_fusion
sprint9_multiseed_S8B_R2_seed7_S8B_R2_sequence_plus_context,S8B_R2_sequence_plus_context,1,gatv2_graph_c_sprint8b_sequence_plus_context,gatv2,graph_c_context_observation,S5F2_energy,test,1338,9251,,1,0.20728367567062378,late_fusion
sprint9_multiseed_S8B_R2_seed7_S8B_R2_sequence_plus_context,S8B_R2_sequence_plus_context,1,gatv2_graph_c_sprint8b_sequence_plus_context,gatv2,graph_c_context_observation,S5F2_energy,test,1339,9251,,1,0.25143906474113464,late_fusion
sprint9_multiseed_S8B_R2_seed7_S8B_R2_sequence_plus_context,S8B_R2_sequence_plus_context,1,gatv2_graph_c_sprint8b_sequence_plus_context,gatv2,graph_c_context_observation,S5F2_energy,test,1340,9251,,1,0.3704864978790283,late_fusion
sprint9_multiseed_S8B_R2_seed7_S8B_R2_sequence_plus_context,S8B_R2_sequence_plus_context,1,gatv2_graph_c_sprint8b_sequence_plus_context,gatv2,graph_c_context_observation,S5F2_energy,test,1341,9251,,1,0.21149921417236328,late_fusion
sprint9_multiseed_S8B_R2_seed7_S8B_R2_sequence_plus_context,S8B_R2_sequence_plus_context,1,gatv2_graph_c_sprint8b_sequence_plus_context,gatv2,graph_c_context_observation,S5F2_energy,test,1342,9251,,1,0.2590985596179962,late_fusion
sprint9_multiseed_S8B_R2_seed7_S8B_R2_sequence_plus_context,S8B_R2_sequence_plus_context,1,gatv2_graph_c_sprint8b_sequence_plus_context,gatv2,graph_c_context_observation,S5F2_energy,test,1343,9251,,1,0.24975323677062988,late_fusion
sprint9_multiseed_S8B_R2_seed7_S8B_R2_sequence_plus_context,S8B_R2_sequence_plus_context,1,gatv2_graph_c_sprint8b_sequence_plus_context,gatv2,graph_c_context_observation,S5F2_energy,test,1344,9251,,1,0.5134626626968384,late_fusion
sprint9_multiseed_S8B_R2_seed7_S8B_R2_sequence_plus_context,S8B_R2_sequence_plus_context,1,gatv2_graph_c_sprint8b_sequence_plus_context,gatv2,graph_c_context_observation,S5F2_energy,test,1345,9251,,1,0.1942261904478073,late_fusion
sprint9_multiseed_S8B_R2_seed7_S8B_R2_sequence_plus_context,S8B_R2_sequence_plus_context,1,gatv2_graph_c_sprint8b_sequence_plus_context,gatv2,graph_c_context_observation,S5F2_energy,test,1346,9251,,1,0.23104454576969147,late_fusion
sprint9_multiseed_S8B_R2_seed7_S8B_R2_sequence_plus_context,S8B_R2_sequence_plus_context,1,gatv2_graph_c_sprint8b_sequence_plus_context,gatv2,graph_c_context_observation,S5F2_energy,test,1347,9251,,1,0.2834891378879547,late_fusion
sprint9_multiseed_S8B_R2_seed7_S8B_R2_sequence_plus_context,S8B_R2_sequence_plus_context,1,gatv2_graph_c_sprint8b_sequence_plus_context,gatv2,graph_c_context_observation,S5F2_energy,test,1348,9251,,1,0.25767847895622253,late_fusion
sprint9_multiseed_S8B_R2_seed7_S8B_R2_sequence_plus_context,S8B_R2_sequence_plus_context,1,gatv2_graph_c_sprint8b_sequence_plus_context,gatv2,graph_c_context_observation,S5F2_energy,test,1349,9251,,1,0.25106891989707947,late_fusion
sprint9_multiseed_S8B_R2_seed7_S8B_R2_sequence_plus_context,S8B_R2_sequence_plus_context,1,gatv2_graph_c_sprint8b_sequence_plus_context,gatv2,graph_c_context_observation,S5F2_energy,test,1350,9251,,1,0.37451404333114624,late_fusion
sprint9_multiseed_S8B_R2_seed7_S8B_R2_sequence_plus_context,S8B_R2_sequence_plus_context,1,gatv2_graph_c_sprint8b_sequence_plus_context,gatv2,graph_c_context_observation,S5F2_energy,test,1351,9251,,1,0.19902010262012482,late_fusion
sprint9_multiseed_S8B_R2_seed7_S8B_R2_sequence_plus_context,S8B_R2_sequence_plus_context,1,gatv2_graph_c_sprint8b_sequence_plus_context,gatv2,graph_c_context_observation,S5F2_energy,test,1352,9251,,1,0.21136972308158875,late_fusion
sprint9_multiseed_S8B_R2_seed7_S8B_R2_sequence_plus_context,S8B_R2_sequence_plus_context,1,gatv2_graph_c_sprint8b_sequence_plus_context,gatv2,graph_c_context_observation,S5F2_energy,test,1353,9251,,1,0.30151864886283875,late_fusion
sprint9_multiseed_S8B_R2_seed7_S8B_R2_sequence_plus_context,S8B_R2_sequence_plus_context,1,gatv2_graph_c_sprint8b_sequence_plus_context,gatv2,graph_c_context_observation,S5F2_energy,test,1354,9251,,1,0.21624556183815002,late_fusion
sprint9_multiseed_S8B_R2_seed7_S8B_R2_sequence_plus_context,S8B_R2_sequence_plus_context,1,gatv2_graph_c_sprint8b_sequence_plus_context,gatv2,graph_c_context_observation,S5F2_energy,test,1355,9251,,1,0.2352304607629776,late_fusion
sprint9_multiseed_S8B_R2_seed7_S8B_R2_sequence_plus_context,S8B_R2_sequence_plus_context,1,gatv2_graph_c_sprint8b_sequence_plus_context,gatv2,graph_c_context_observation,S5F2_energy,test,1356,9251,,1,0.7001519799232483,late_fusion
sprint9_multiseed_S8B_R2_seed7_S8B_R2_sequence_plus_context,S8B_R2_sequence_plus_context,1,gatv2_graph_c_sprint8b_sequence_plus_context,gatv2,graph_c_context_observation,S5F2_energy,test,1357,9251,,1,0.5594767928123474,late_fusion
sprint9_multiseed_S8B_R2_seed7_S8B_R2_sequence_plus_context,S8B_R2_sequence_plus_context,1,gatv2_graph_c_sprint8b_sequence_plus_context,gatv2,graph_c_context_observation,S5F2_energy,test,1358,9251,,1,0.20509159564971924,late_fusion
sprint9_multiseed_S8B_R2_seed7_S8B_R2_sequence_plus_context,S8B_R2_sequence_plus_context,1,gatv2_graph_c_sprint8b_sequence_plus_context,gatv2,graph_c_context_observation,S5F2_energy,test,1359,9251,,1,0.2419748455286026,late_fusion
sprint9_multiseed_S8B_R2_seed7_S8B_R2_sequence_plus_context,S8B_R2_sequence_plus_context,1,gatv2_graph_c_sprint8b_sequence_plus_context,gatv2,graph_c_context_observation,S5F2_energy,test,1360,9251,,1,0.21678584814071655,late_fusion
sprint9_multiseed_S8B_R2_seed7_S8B_R2_sequence_plus_context,S8B_R2_sequence_plus_context,1,gatv2_graph_c_sprint8b_sequence_plus_context,gatv2,graph_c_context_observation,S5F2_energy,test,1361,9251,,1,0.2246866524219513,late_fusion
sprint9_multiseed_S8B_R2_seed7_S8B_R2_sequence_plus_context,S8B_R2_sequence_plus_context,1,gatv2_graph_c_sprint8b_sequence_plus_context,gatv2,graph_c_context_observation,S5F2_energy,test,1362,9251,,1,0.20822973549365997,late_fusion
sprint9_multiseed_S8B_R2_seed7_S8B_R2_sequence_plus_context,S8B_R2_sequence_plus_context,1,gatv2_graph_c_sprint8b_sequence_plus_context,gatv2,graph_c_context_observation,S5F2_energy,test,1363,9251,,1,0.21487508714199066,late_fusion
sprint9_multiseed_S8B_R2_seed7_S8B_R2_sequence_plus_context,S8B_R2_sequence_plus_context,1,gatv2_graph_c_sprint8b_sequence_plus_context,gatv2,graph_c_context_observation,S5F2_energy,test,1364,9251,,1,0.17770445346832275,late_fusion
sprint9_multiseed_S8B_R2_seed7_S8B_R2_sequence_plus_context,S8B_R2_sequence_plus_context,1,gatv2_graph_c_sprint8b_sequence_plus_context,gatv2,graph_c_context_observation,S5F2_energy,test,1365,9251,,1,0.23375901579856873,late_fusion
sprint9_multiseed_S8B_R2_seed7_S8B_R2_sequence_plus_context,S8B_R2_sequence_plus_context,1,gatv2_graph_c_sprint8b_sequence_plus_context,gatv2,graph_c_context_observation,S5F2_energy,test,1366,9251,,1,0.270468145608902,late_fusion
sprint9_multiseed_S8B_R2_seed7_S8B_R2_sequence_plus_context,S8B_R2_sequence_plus_context,1,gatv2_graph_c_sprint8b_sequence_plus_context,gatv2,graph_c_context_observation,S5F2_energy,test,1367,9251,,1,0.24437135457992554,late_fusion
sprint9_multiseed_S8B_R2_seed7_S8B_R2_sequence_plus_context,S8B_R2_sequence_plus_context,1,gatv2_graph_c_sprint8b_sequence_plus_context,gatv2,graph_c_context_observation,S5F2_energy,test,1368,9251,,1,0.23775656521320343,late_fusion
sprint9_multiseed_S8B_R2_seed7_S8B_R2_sequence_plus_context,S8B_R2_sequence_plus_context,1,gatv2_graph_c_sprint8b_sequence_plus_context,gatv2,graph_c_context_observation,S5F2_energy,test,1369,9251,,1,0.28599250316619873,late_fusion
sprint9_multiseed_S8B_R2_seed7_S8B_R2_sequence_plus_context,S8B_R2_sequence_plus_context,1,gatv2_graph_c_sprint8b_sequence_plus_context,gatv2,graph_c_context_observation,S5F2_energy,test,1370,9251,,1,0.2614983320236206,late_fusion
sprint9_multiseed_S8B_R2_seed7_S8B_R2_sequence_plus_context,S8B_R2_sequence_plus_context,1,gatv2_graph_c_sprint8b_sequence_plus_context,gatv2,graph_c_context_observation,S5F2_energy,test,1371,9251,,1,0.2418445348739624,late_fusion
sprint9_multiseed_S8B_R2_seed7_S8B_R2_sequence_plus_context,S8B_R2_sequence_plus_context,1,gatv2_graph_c_sprint8b_sequence_plus_context,gatv2,graph_c_context_observation,S5F2_energy,test,1372,9251,,1,0.3353825509548187,late_fusion
sprint9_multiseed_S8B_R2_seed7_S8B_R2_sequence_plus_context,S8B_R2_sequence_plus_context,1,gatv2_graph_c_sprint8b_sequence_plus_context,gatv2,graph_c_context_observation,S5F2_energy,test,1373,9251,,0,0.20649994909763336,late_fusion
sprint9_multiseed_S8B_R2_seed7_S8B_R2_sequence_plus_context,S8B_R2_sequence_plus_context,1,gatv2_graph_c_sprint8b_sequence_plus_context,gatv2,graph_c_context_observation,S5F2_energy,test,1374,9251,,0,0.20365317165851593,late_fusion
sprint9_multiseed_S8B_R2_seed7_S8B_R2_sequence_plus_context,S8B_R2_sequence_plus_context,1,gatv2_graph_c_sprint8b_sequence_plus_context,gatv2,graph_c_context_observation,S5F2_energy,test,1375,9251,,0,0.22762654721736908,late_fusion
sprint9_multiseed_S8B_R2_seed7_S8B_R2_sequence_plus_context,S8B_R2_sequence_plus_context,1,gatv2_graph_c_sprint8b_sequence_plus_context,gatv2,graph_c_context_observation,S5F2_energy,test,1376,9251,,0,0.22121651470661163,late_fusion
sprint9_multiseed_S8B_R2_seed7_S8B_R2_sequence_plus_context,S8B_R2_sequence_plus_context,1,gatv2_graph_c_sprint8b_sequence_plus_context,gatv2,graph_c_context_observation,S5F2_energy,test,1377,9251,,0,0.24515649676322937,late_fusion
sprint9_multiseed_S8B_R2_seed7_S8B_R2_sequence_plus_context,S8B_R2_sequence_plus_context,1,gatv2_graph_c_sprint8b_sequence_plus_context,gatv2,graph_c_context_observation,S5F2_energy,test,1378,9251,,0,0.34096845984458923,late_fusion
sprint9_multiseed_S8B_R2_seed7_S8B_R2_sequence_plus_context,S8B_R2_sequence_plus_context,1,gatv2_graph_c_sprint8b_sequence_plus_context,gatv2,graph_c_context_observation,S5F2_energy,test,1379,9251,,0,0.2095428705215454,late_fusion
sprint9_multiseed_S8B_R2_seed7_S8B_R2_sequence_plus_context,S8B_R2_sequence_plus_context,1,gatv2_graph_c_sprint8b_sequence_plus_context,gatv2,graph_c_context_observation,S5F2_energy,test,1380,9251,,0,0.2432870864868164,late_fusion
sprint9_multiseed_S8B_R2_seed7_S8B_R2_sequence_plus_context,S8B_R2_sequence_plus_context,1,gatv2_graph_c_sprint8b_sequence_plus_context,gatv2,graph_c_context_observation,S5F2_energy,test,1381,9251,,0,0.2115507423877716,late_fusion
sprint9_multiseed_S8B_R2_seed7_S8B_R2_sequence_plus_context,S8B_R2_sequence_plus_context,1,gatv2_graph_c_sprint8b_sequence_plus_context,gatv2,graph_c_context_observation,S5F2_energy,test,1382,9251,,0,0.35129934549331665,late_fusion
sprint9_multiseed_S8B_R2_seed7_S8B_R2_sequence_plus_context,S8B_R2_sequence_plus_context,1,gatv2_graph_c_sprint8b_sequence_plus_context,gatv2,graph_c_context_observation,S5F2_energy,test,1383,9251,,0,0.25515425205230713,late_fusion
sprint9_multiseed_S8B_R2_seed7_S8B_R2_sequence_plus_context,S8B_R2_sequence_plus_context,1,gatv2_graph_c_sprint8b_sequence_plus_context,gatv2,graph_c_context_observation,S5F2_energy,test,1384,9251,,0,0.21935386955738068,late_fusion
sprint9_multiseed_S8B_R2_seed7_S8B_R2_sequence_plus_context,S8B_R2_sequence_plus_context,1,gatv2_graph_c_sprint8b_sequence_plus_context,gatv2,graph_c_context_observation,S5F2_energy,test,1385,9251,,0,0.2922627329826355,late_fusion
sprint9_multiseed_S8B_R2_seed7_S8B_R2_sequence_plus_context,S8B_R2_sequence_plus_context,1,gatv2_graph_c_sprint8b_sequence_plus_context,gatv2,graph_c_context_observation,S5F2_energy,test,1386,9251,,0,0.18877992033958435,late_fusion
sprint9_multiseed_S8B_R2_seed7_S8B_R2_sequence_plus_context,S8B_R2_sequence_plus_context,1,gatv2_graph_c_sprint8b_sequence_plus_context,gatv2,graph_c_context_observation,S5F2_energy,test,1387,9251,,0,0.2085699439048767,late_fusion
sprint9_multiseed_S8B_R2_seed7_S8B_R2_sequence_plus_context,S8B_R2_sequence_plus_context,1,gatv2_graph_c_sprint8b_sequence_plus_context,gatv2,graph_c_context_observation,S5F2_energy,test,1388,9251,,0,0.2864993214607239,late_fusion
sprint9_multiseed_S8B_R2_seed7_S8B_R2_sequence_plus_context,S8B_R2_sequence_plus_context,1,gatv2_graph_c_sprint8b_sequence_plus_context,gatv2,graph_c_context_observation,S5F2_energy,test,1389,9251,,0,0.20053449273109436,late_fusion
sprint9_multiseed_S8B_R2_seed7_S8B_R2_sequence_plus_context,S8B_R2_sequence_plus_context,1,gatv2_graph_c_sprint8b_sequence_plus_context,gatv2,graph_c_context_observation,S5F2_energy,test,1390,9251,,0,0.25180351734161377,late_fusion
sprint9_multiseed_S8B_R2_seed7_S8B_R2_sequence_plus_context,S8B_R2_sequence_plus_context,1,gatv2_graph_c_sprint8b_sequence_plus_context,gatv2,graph_c_context_observation,S5F2_energy,test,1391,9251,,0,0.21228812634944916,late_fusion
sprint9_multiseed_S8B_R2_seed7_S8B_R2_sequence_plus_context,S8B_R2_sequence_plus_context,1,gatv2_graph_c_sprint8b_sequence_plus_context,gatv2,graph_c_context_observation,S5F2_energy,test,1392,9251,,0,0.21234415471553802,late_fusion
sprint9_multiseed_S8B_R2_seed7_S8B_R2_sequence_plus_context,S8B_R2_sequence_plus_context,1,gatv2_graph_c_sprint8b_sequence_plus_context,gatv2,graph_c_context_observation,S5F2_energy,test,1393,9251,,0,0.20707660913467407,late_fusion
sprint9_multiseed_S8B_R2_seed7_S8B_R2_sequence_plus_context,S8B_R2_sequence_plus_context,1,gatv2_graph_c_sprint8b_sequence_plus_context,gatv2,graph_c_context_observation,S5F2_energy,test,1394,9251,,0,0.21752287447452545,late_fusion
sprint9_multiseed_S8B_R2_seed7_S8B_R2_sequence_plus_context,S8B_R2_sequence_plus_context,1,gatv2_graph_c_sprint8b_sequence_plus_context,gatv2,graph_c_context_observation,S5F2_energy,test,1395,9251,,0,0.30223339796066284,late_fusion
sprint9_multiseed_S8B_R2_seed7_S8B_R2_sequence_plus_context,S8B_R2_sequence_plus_context,1,gatv2_graph_c_sprint8b_sequence_plus_context,gatv2,graph_c_context_observation,S5F2_energy,test,1396,9251,,0,0.29701897501945496,late_fusion
sprint9_multiseed_S8B_R2_seed7_S8B_R2_sequence_plus_context,S8B_R2_sequence_plus_context,1,gatv2_graph_c_sprint8b_sequence_plus_context,gatv2,graph_c_context_observation,S5F2_energy,test,1397,9251,,0,0.29373860359191895,late_fusion
sprint9_multiseed_S8B_R2_seed7_S8B_R2_sequence_plus_context,S8B_R2_sequence_plus_context,1,gatv2_graph_c_sprint8b_sequence_plus_context,gatv2,graph_c_context_observation,S5F2_energy,test,1398,9251,,0,0.33651578426361084,late_fusion
sprint9_multiseed_S8B_R2_seed7_S8B_R2_sequence_plus_context,S8B_R2_sequence_plus_context,1,gatv2_graph_c_sprint8b_sequence_plus_context,gatv2,graph_c_context_observation,S5F2_energy,test,1399,9251,,0,0.22568964958190918,late_fusion
sprint9_multiseed_S8B_R2_seed7_S8B_R2_sequence_plus_context,S8B_R2_sequence_plus_context,1,gatv2_graph_c_sprint8b_sequence_plus_context,gatv2,graph_c_context_observation,S5F2_energy,test,1400,9251,,0,0.36243078112602234,late_fusion
sprint9_multiseed_S8B_R2_seed7_S8B_R2_sequence_plus_context,S8B_R2_sequence_plus_context,1,gatv2_graph_c_sprint8b_sequence_plus_context,gatv2,graph_c_context_observation,S5F2_energy,test,1401,9251,,0,0.2524189054965973,late_fusion
sprint9_multiseed_S8B_R2_seed7_S8B_R2_sequence_plus_context,S8B_R2_sequence_plus_context,1,gatv2_graph_c_sprint8b_sequence_plus_context,gatv2,graph_c_context_observation,S5F2_energy,test,1402,9251,,0,0.20657269656658173,late_fusion
sprint9_multiseed_S8B_R2_seed7_S8B_R2_sequence_plus_context,S8B_R2_sequence_plus_context,1,gatv2_graph_c_sprint8b_sequence_plus_context,gatv2,graph_c_context_observation,S5F2_energy,test,1403,9251,,0,0.28987425565719604,late_fusion
sprint9_multiseed_S8B_R2_seed7_S8B_R2_sequence_plus_context,S8B_R2_sequence_plus_context,1,gatv2_graph_c_sprint8b_sequence_plus_context,gatv2,graph_c_context_observation,S5F2_energy,test,1404,9251,,0,0.2542833089828491,late_fusion
sprint9_multiseed_S8B_R2_seed7_S8B_R2_sequence_plus_context,S8B_R2_sequence_plus_context,1,gatv2_graph_c_sprint8b_sequence_plus_context,gatv2,graph_c_context_observation,S5F2_energy,test,1405,9251,,0,0.2261689007282257,late_fusion
sprint9_multiseed_S8B_R2_seed7_S8B_R2_sequence_plus_context,S8B_R2_sequence_plus_context,1,gatv2_graph_c_sprint8b_sequence_plus_context,gatv2,graph_c_context_observation,S5F2_energy,test,1406,9251,,0,0.2010858803987503,late_fusion
sprint9_multiseed_S8B_R2_seed7_S8B_R2_sequence_plus_context,S8B_R2_sequence_plus_context,1,gatv2_graph_c_sprint8b_sequence_plus_context,gatv2,graph_c_context_observation,S5F2_energy,test,1407,9251,,0,0.18006373941898346,late_fusion
sprint9_multiseed_S8B_R2_seed7_S8B_R2_sequence_plus_context,S8B_R2_sequence_plus_context,1,gatv2_graph_c_sprint8b_sequence_plus_context,gatv2,graph_c_context_observation,S5F2_energy,test,1408,9251,,0,0.3957340717315674,late_fusion
sprint9_multiseed_S8B_R2_seed7_S8B_R2_sequence_plus_context,S8B_R2_sequence_plus_context,1,gatv2_graph_c_sprint8b_sequence_plus_context,gatv2,graph_c_context_observation,S5F2_energy,test,1409,9251,,0,0.28871601819992065,late_fusion
sprint9_multiseed_S8B_R2_seed7_S8B_R2_sequence_plus_context,S8B_R2_sequence_plus_context,1,gatv2_graph_c_sprint8b_sequence_plus_context,gatv2,graph_c_context_observation,S5F2_energy,test,1410,9251,,0,0.1870565265417099,late_fusion
sprint9_multiseed_S8B_R2_seed7_S8B_R2_sequence_plus_context,S8B_R2_sequence_plus_context,1,gatv2_graph_c_sprint8b_sequence_plus_context,gatv2,graph_c_context_observation,S5F2_energy,test,1411,9251,,0,0.22055815160274506,late_fusion
sprint9_multiseed_S8B_R2_seed7_S8B_R2_sequence_plus_context,S8B_R2_sequence_plus_context,1,gatv2_graph_c_sprint8b_sequence_plus_context,gatv2,graph_c_context_observation,S5F2_energy,test,1412,9251,,0,0.37993115186691284,late_fusion
sprint9_multiseed_S8B_R2_seed7_S8B_R2_sequence_plus_context,S8B_R2_sequence_plus_context,1,gatv2_graph_c_sprint8b_sequence_plus_context,gatv2,graph_c_context_observation,S5F2_energy,test,1413,9251,,0,0.23218289017677307,late_fusion
sprint9_multiseed_S8B_R2_seed7_S8B_R2_sequence_plus_context,S8B_R2_sequence_plus_context,1,gatv2_graph_c_sprint8b_sequence_plus_context,gatv2,graph_c_context_observation,S5F2_energy,test,1414,9251,,0,0.27538061141967773,late_fusion
sprint9_multiseed_S8B_R2_seed7_S8B_R2_sequence_plus_context,S8B_R2_sequence_plus_context,1,gatv2_graph_c_sprint8b_sequence_plus_context,gatv2,graph_c_context_observation,S5F2_energy,test,1415,9251,,0,0.2820557951927185,late_fusion
sprint9_multiseed_S8B_R2_seed7_S8B_R2_sequence_plus_context,S8B_R2_sequence_plus_context,1,gatv2_graph_c_sprint8b_sequence_plus_context,gatv2,graph_c_context_observation,S5F2_energy,test,1416,9251,,0,0.21233585476875305,late_fusion
sprint9_multiseed_S8B_R2_seed7_S8B_R2_sequence_plus_context,S8B_R2_sequence_plus_context,1,gatv2_graph_c_sprint8b_sequence_plus_context,gatv2,graph_c_context_observation,S5F2_energy,test,1417,9251,,0,0.22230325639247894,late_fusion
sprint9_multiseed_S8B_R2_seed7_S8B_R2_sequence_plus_context,S8B_R2_sequence_plus_context,1,gatv2_graph_c_sprint8b_sequence_plus_context,gatv2,graph_c_context_observation,S5F2_energy,test,1418,9251,,0,0.27801278233528137,late_fusion
sprint9_multiseed_S8B_R2_seed7_S8B_R2_sequence_plus_context,S8B_R2_sequence_plus_context,1,gatv2_graph_c_sprint8b_sequence_plus_context,gatv2,graph_c_context_observation,S5F2_energy,test,1419,9251,,0,0.2105538547039032,late_fusion
sprint9_multiseed_S8B_R2_seed7_S8B_R2_sequence_plus_context,S8B_R2_sequence_plus_context,1,gatv2_graph_c_sprint8b_sequence_plus_context,gatv2,graph_c_context_observation,S5F2_energy,test,1420,9251,,0,0.20772795379161835,late_fusion
sprint9_multiseed_S8B_R2_seed7_S8B_R2_sequence_plus_context,S8B_R2_sequence_plus_context,1,gatv2_graph_c_sprint8b_sequence_plus_context,gatv2,graph_c_context_observation,S5F2_energy,test,1421,9251,,0,0.22319088876247406,late_fusion
sprint9_multiseed_S8B_R2_seed7_S8B_R2_sequence_plus_context,S8B_R2_sequence_plus_context,1,gatv2_graph_c_sprint8b_sequence_plus_context,gatv2,graph_c_context_observation,S5F2_energy,test,1422,9251,,0,0.3119303584098816,late_fusion
sprint9_multiseed_S8B_R2_seed7_S8B_R2_sequence_plus_context,S8B_R2_sequence_plus_context,1,gatv2_graph_c_sprint8b_sequence_plus_context,gatv2,graph_c_context_observation,S5F2_energy,test,1423,9251,,0,0.2117699235677719,late_fusion
sprint9_multiseed_S8B_R2_seed7_S8B_R2_sequence_plus_context,S8B_R2_sequence_plus_context,1,gatv2_graph_c_sprint8b_sequence_plus_context,gatv2,graph_c_context_observation,S5F2_energy,test,1424,9251,,0,0.14864717423915863,late_fusion
sprint9_multiseed_S8B_R2_seed7_S8B_R2_sequence_plus_context,S8B_R2_sequence_plus_context,1,gatv2_graph_c_sprint8b_sequence_plus_context,gatv2,graph_c_context_observation,S5F2_energy,test,1425,9251,,0,0.2794138491153717,late_fusion
sprint9_multiseed_S8B_R2_seed7_S8B_R2_sequence_plus_context,S8B_R2_sequence_plus_context,1,gatv2_graph_c_sprint8b_sequence_plus_context,gatv2,graph_c_context_observation,S5F2_energy,test,1426,9251,,0,0.31627771258354187,late_fusion
sprint9_multiseed_S8B_R2_seed7_S8B_R2_sequence_plus_context,S8B_R2_sequence_plus_context,1,gatv2_graph_c_sprint8b_sequence_plus_context,gatv2,graph_c_context_observation,S5F2_energy,test,1427,9251,,0,0.3009558320045471,late_fusion
sprint9_multiseed_S8B_R2_seed7_S8B_R2_sequence_plus_context,S8B_R2_sequence_plus_context,1,gatv2_graph_c_sprint8b_sequence_plus_context,gatv2,graph_c_context_observation,S5F2_energy,test,1428,9251,,0,0.3063269257545471,late_fusion
sprint9_multiseed_S8B_R2_seed7_S8B_R2_sequence_plus_context,S8B_R2_sequence_plus_context,1,gatv2_graph_c_sprint8b_sequence_plus_context,gatv2,graph_c_context_observation,S5F2_energy,test,1429,9251,,0,0.22989431023597717,late_fusion
sprint9_multiseed_S8B_R2_seed7_S8B_R2_sequence_plus_context,S8B_R2_sequence_plus_context,1,gatv2_graph_c_sprint8b_sequence_plus_context,gatv2,graph_c_context_observation,S5F2_energy,test,1430,9251,,0,0.24384677410125732,late_fusion
sprint9_multiseed_S8B_R2_seed7_S8B_R2_sequence_plus_context,S8B_R2_sequence_plus_context,1,gatv2_graph_c_sprint8b_sequence_plus_context,gatv2,graph_c_context_observation,S5F2_energy,test,1431,9251,,0,0.2220948040485382,late_fusion
sprint9_multiseed_S8B_R2_seed7_S8B_R2_sequence_plus_context,S8B_R2_sequence_plus_context,1,gatv2_graph_c_sprint8b_sequence_plus_context,gatv2,graph_c_context_observation,S5F2_energy,test,1432,9251,,0,0.40537115931510925,late_fusion
sprint9_multiseed_S8B_R2_seed7_S8B_R2_sequence_plus_context,S8B_R2_sequence_plus_context,1,gatv2_graph_c_sprint8b_sequence_plus_context,gatv2,graph_c_context_observation,S5F2_energy,test,1433,9251,,0,0.216390460729599,late_fusion
sprint9_multiseed_S8B_R2_seed7_S8B_R2_sequence_plus_context,S8B_R2_sequence_plus_context,1,gatv2_graph_c_sprint8b_sequence_plus_context,gatv2,graph_c_context_observation,S5F2_energy,test,1434,9251,,0,0.31922587752342224,late_fusion
sprint9_multiseed_S8B_R2_seed7_S8B_R2_sequence_plus_context,S8B_R2_sequence_plus_context,1,gatv2_graph_c_sprint8b_sequence_plus_context,gatv2,graph_c_context_observation,S5F2_energy,test,1435,9251,,0,0.20261818170547485,late_fusion
sprint9_multiseed_S8B_R2_seed7_S8B_R2_sequence_plus_context,S8B_R2_sequence_plus_context,1,gatv2_graph_c_sprint8b_sequence_plus_context,gatv2,graph_c_context_observation,S5F2_energy,test,1436,9251,,0,0.2004423588514328,late_fusion
sprint9_multiseed_S8B_R2_seed7_S8B_R2_sequence_plus_context,S8B_R2_sequence_plus_context,1,gatv2_graph_c_sprint8b_sequence_plus_context,gatv2,graph_c_context_observation,S5F2_energy,test,1437,9251,,0,0.27283787727355957,late_fusion
sprint9_multiseed_S8B_R2_seed7_S8B_R2_sequence_plus_context,S8B_R2_sequence_plus_context,1,gatv2_graph_c_sprint8b_sequence_plus_context,gatv2,graph_c_context_observation,S5F2_energy,test,1438,9251,,0,0.2285355180501938,late_fusion
sprint9_multiseed_S8B_R2_seed7_S8B_R2_sequence_plus_context,S8B_R2_sequence_plus_context,1,gatv2_graph_c_sprint8b_sequence_plus_context,gatv2,graph_c_context_observation,S5F2_energy,test,1439,9251,,0,0.17840634286403656,late_fusion
sprint9_multiseed_S8B_R2_seed7_S8B_R2_sequence_plus_context,S8B_R2_sequence_plus_context,1,gatv2_graph_c_sprint8b_sequence_plus_context,gatv2,graph_c_context_observation,S5F2_energy,test,1440,9251,,0,0.21499145030975342,late_fusion
sprint9_multiseed_S8B_R2_seed7_S8B_R2_sequence_plus_context,S8B_R2_sequence_plus_context,1,gatv2_graph_c_sprint8b_sequence_plus_context,gatv2,graph_c_context_observation,S5F2_energy,test,1441,9251,,0,0.20526336133480072,late_fusion
sprint9_multiseed_S8B_R2_seed7_S8B_R2_sequence_plus_context,S8B_R2_sequence_plus_context,1,gatv2_graph_c_sprint8b_sequence_plus_context,gatv2,graph_c_context_observation,S5F2_energy,test,1442,9251,,0,0.20450067520141602,late_fusion
sprint9_multiseed_S8B_R2_seed7_S8B_R2_sequence_plus_context,S8B_R2_sequence_plus_context,1,gatv2_graph_c_sprint8b_sequence_plus_context,gatv2,graph_c_context_observation,S5F2_energy,test,1443,9251,,0,0.250620037317276,late_fusion
sprint9_multiseed_S8B_R2_seed7_S8B_R2_sequence_plus_context,S8B_R2_sequence_plus_context,1,gatv2_graph_c_sprint8b_sequence_plus_context,gatv2,graph_c_context_observation,S5F2_energy,test,1444,9251,,0,0.28064510226249695,late_fusion
sprint9_multiseed_S8B_R2_seed7_S8B_R2_sequence_plus_context,S8B_R2_sequence_plus_context,1,gatv2_graph_c_sprint8b_sequence_plus_context,gatv2,graph_c_context_observation,S5F2_energy,test,1445,9251,,0,0.22897787392139435,late_fusion
sprint9_multiseed_S8B_R2_seed7_S8B_R2_sequence_plus_context,S8B_R2_sequence_plus_context,1,gatv2_graph_c_sprint8b_sequence_plus_context,gatv2,graph_c_context_observation,S5F2_energy,test,1446,9251,,0,0.22313493490219116,late_fusion
sprint9_multiseed_S8B_R2_seed7_S8B_R2_sequence_plus_context,S8B_R2_sequence_plus_context,1,gatv2_graph_c_sprint8b_sequence_plus_context,gatv2,graph_c_context_observation,S5F2_energy,test,1447,9251,,0,0.182479128241539,late_fusion
sprint9_multiseed_S8B_R2_seed7_S8B_R2_sequence_plus_context,S8B_R2_sequence_plus_context,1,gatv2_graph_c_sprint8b_sequence_plus_context,gatv2,graph_c_context_observation,S5F2_energy,test,1448,9251,,0,0.21518999338150024,late_fusion
sprint9_multiseed_S8B_R2_seed7_S8B_R2_sequence_plus_context,S8B_R2_sequence_plus_context,1,gatv2_graph_c_sprint8b_sequence_plus_context,gatv2,graph_c_context_observation,S5F2_energy,test,1449,9251,,0,0.1961110234260559,late_fusion
sprint9_multiseed_S8B_R2_seed7_S8B_R2_sequence_plus_context,S8B_R2_sequence_plus_context,1,gatv2_graph_c_sprint8b_sequence_plus_context,gatv2,graph_c_context_observation,S5F2_energy,test,1450,9251,,0,0.23943091928958893,late_fusion
sprint9_multiseed_S8B_R2_seed7_S8B_R2_sequence_plus_context,S8B_R2_sequence_plus_context,1,gatv2_graph_c_sprint8b_sequence_plus_context,gatv2,graph_c_context_observation,S5F2_energy,test,1451,9251,,0,0.20401248335838318,late_fusion
sprint9_multiseed_S8B_R2_seed7_S8B_R2_sequence_plus_context,S8B_R2_sequence_plus_context,1,gatv2_graph_c_sprint8b_sequence_plus_context,gatv2,graph_c_context_observation,S5F2_energy,test,1452,9251,,0,0.24314287304878235,late_fusion
sprint9_multiseed_S8B_R2_seed7_S8B_R2_sequence_plus_context,S8B_R2_sequence_plus_context,1,gatv2_graph_c_sprint8b_sequence_plus_context,gatv2,graph_c_context_observation,S5F2_energy,test,1453,10597,,1,0.12261125445365906,late_fusion
sprint9_multiseed_S8B_R2_seed7_S8B_R2_sequence_plus_context,S8B_R2_sequence_plus_context,1,gatv2_graph_c_sprint8b_sequence_plus_context,gatv2,graph_c_context_observation,S5F2_energy,test,1454,10597,,1,0.06521435081958771,late_fusion
sprint9_multiseed_S8B_R2_seed7_S8B_R2_sequence_plus_context,S8B_R2_sequence_plus_context,1,gatv2_graph_c_sprint8b_sequence_plus_context,gatv2,graph_c_context_observation,S5F2_energy,test,1455,10599,,1,0.3370574116706848,late_fusion
sprint9_multiseed_S8B_R2_seed7_S8B_R2_sequence_plus_context,S8B_R2_sequence_plus_context,1,gatv2_graph_c_sprint8b_sequence_plus_context,gatv2,graph_c_context_observation,S5F2_energy,test,1456,10599,,1,0.36890560388565063,late_fusion
sprint9_multiseed_S8B_R2_seed7_S8B_R2_sequence_plus_context,S8B_R2_sequence_plus_context,1,gatv2_graph_c_sprint8b_sequence_plus_context,gatv2,graph_c_context_observation,S5F2_energy,test,1457,10599,,1,0.39363473653793335,late_fusion
sprint9_multiseed_S8B_R2_seed7_S8B_R2_sequence_plus_context,S8B_R2_sequence_plus_context,1,gatv2_graph_c_sprint8b_sequence_plus_context,gatv2,graph_c_context_observation,S5F2_energy,test,1458,10599,,1,0.9609270691871643,late_fusion
sprint9_multiseed_S8B_R2_seed7_S8B_R2_sequence_plus_context,S8B_R2_sequence_plus_context,1,gatv2_graph_c_sprint8b_sequence_plus_context,gatv2,graph_c_context_observation,S5F2_energy,test,1459,10599,,1,0.3517792224884033,late_fusion
sprint9_multiseed_S8B_R2_seed7_S8B_R2_sequence_plus_context,S8B_R2_sequence_plus_context,1,gatv2_graph_c_sprint8b_sequence_plus_context,gatv2,graph_c_context_observation,S5F2_energy,test,1460,10599,,1,0.3325594961643219,late_fusion
sprint9_multiseed_S8B_R2_seed7_S8B_R2_sequence_plus_context,S8B_R2_sequence_plus_context,1,gatv2_graph_c_sprint8b_sequence_plus_context,gatv2,graph_c_context_observation,S5F2_energy,test,1461,10599,,1,0.3467119336128235,late_fusion
sprint9_multiseed_S8B_R2_seed7_S8B_R2_sequence_plus_context,S8B_R2_sequence_plus_context,1,gatv2_graph_c_sprint8b_sequence_plus_context,gatv2,graph_c_context_observation,S5F2_energy,test,1462,10599,,1,0.25297799706459045,late_fusion
sprint9_multiseed_S8B_R2_seed7_S8B_R2_sequence_plus_context,S8B_R2_sequence_plus_context,1,gatv2_graph_c_sprint8b_sequence_plus_context,gatv2,graph_c_context_observation,S5F2_energy,test,1463,10599,,1,0.2644047141075134,late_fusion
sprint9_multiseed_S8B_R2_seed7_S8B_R2_sequence_plus_context,S8B_R2_sequence_plus_context,1,gatv2_graph_c_sprint8b_sequence_plus_context,gatv2,graph_c_context_observation,S5F2_energy,test,1464,10599,,1,0.3368741571903229,late_fusion
sprint9_multiseed_S8B_R2_seed7_S8B_R2_sequence_plus_context,S8B_R2_sequence_plus_context,1,gatv2_graph_c_sprint8b_sequence_plus_context,gatv2,graph_c_context_observation,S5F2_energy,test,1465,10599,,1,0.21401122212409973,late_fusion
sprint9_multiseed_S8B_R2_seed7_S8B_R2_sequence_plus_context,S8B_R2_sequence_plus_context,1,gatv2_graph_c_sprint8b_sequence_plus_context,gatv2,graph_c_context_observation,S5F2_energy,test,1466,10599,,1,0.29965105652809143,late_fusion
sprint9_multiseed_S8B_R2_seed7_S8B_R2_sequence_plus_context,S8B_R2_sequence_plus_context,1,gatv2_graph_c_sprint8b_sequence_plus_context,gatv2,graph_c_context_observation,S5F2_energy,test,1467,10599,,1,0.2942889630794525,late_fusion
sprint9_multiseed_S8B_R2_seed7_S8B_R2_sequence_plus_context,S8B_R2_sequence_plus_context,1,gatv2_graph_c_sprint8b_sequence_plus_context,gatv2,graph_c_context_observation,S5F2_energy,test,1468,10599,,1,0.2979658842086792,late_fusion
sprint9_multiseed_S8B_R2_seed7_S8B_R2_sequence_plus_context,S8B_R2_sequence_plus_context,1,gatv2_graph_c_sprint8b_sequence_plus_context,gatv2,graph_c_context_observation,S5F2_energy,test,1469,10599,,1,0.6781783103942871,late_fusion
sprint9_multiseed_S8B_R2_seed7_S8B_R2_sequence_plus_context,S8B_R2_sequence_plus_context,1,gatv2_graph_c_sprint8b_sequence_plus_context,gatv2,graph_c_context_observation,S5F2_energy,test,1470,10599,,1,0.46792638301849365,late_fusion
sprint9_multiseed_S8B_R2_seed7_S8B_R2_sequence_plus_context,S8B_R2_sequence_plus_context,1,gatv2_graph_c_sprint8b_sequence_plus_context,gatv2,graph_c_context_observation,S5F2_energy,test,1471,10599,,1,0.20463454723358154,late_fusion
sprint9_multiseed_S8B_R2_seed7_S8B_R2_sequence_plus_context,S8B_R2_sequence_plus_context,1,gatv2_graph_c_sprint8b_sequence_plus_context,gatv2,graph_c_context_observation,S5F2_energy,test,1472,10599,,1,0.5126016139984131,late_fusion
sprint9_multiseed_S8B_R2_seed7_S8B_R2_sequence_plus_context,S8B_R2_sequence_plus_context,1,gatv2_graph_c_sprint8b_sequence_plus_context,gatv2,graph_c_context_observation,S5F2_energy,test,1473,10599,,1,0.28829240798950195,late_fusion
sprint9_multiseed_S8B_R2_seed7_S8B_R2_sequence_plus_context,S8B_R2_sequence_plus_context,1,gatv2_graph_c_sprint8b_sequence_plus_context,gatv2,graph_c_context_observation,S5F2_energy,test,1474,10599,,1,0.24136656522750854,late_fusion
sprint9_multiseed_S8B_R2_seed7_S8B_R2_sequence_plus_context,S8B_R2_sequence_plus_context,1,gatv2_graph_c_sprint8b_sequence_plus_context,gatv2,graph_c_context_observation,S5F2_energy,test,1475,10599,,1,0.4845583438873291,late_fusion
sprint9_multiseed_S8B_R2_seed7_S8B_R2_sequence_plus_context,S8B_R2_sequence_plus_context,1,gatv2_graph_c_sprint8b_sequence_plus_context,gatv2,graph_c_context_observation,S5F2_energy,test,1476,10599,,1,0.9068892002105713,late_fusion
sprint9_multiseed_S8B_R2_seed7_S8B_R2_sequence_plus_context,S8B_R2_sequence_plus_context,1,gatv2_graph_c_sprint8b_sequence_plus_context,gatv2,graph_c_context_observation,S5F2_energy,test,1477,10599,,1,0.37643977999687195,late_fusion
sprint9_multiseed_S8B_R2_seed7_S8B_R2_sequence_plus_context,S8B_R2_sequence_plus_context,1,gatv2_graph_c_sprint8b_sequence_plus_context,gatv2,graph_c_context_observation,S5F2_energy,test,1478,10599,,1,0.31320497393608093,late_fusion
sprint9_multiseed_S8B_R2_seed7_S8B_R2_sequence_plus_context,S8B_R2_sequence_plus_context,1,gatv2_graph_c_sprint8b_sequence_plus_context,gatv2,graph_c_context_observation,S5F2_energy,test,1479,10599,,1,0.2584192156791687,late_fusion
sprint9_multiseed_S8B_R2_seed7_S8B_R2_sequence_plus_context,S8B_R2_sequence_plus_context,1,gatv2_graph_c_sprint8b_sequence_plus_context,gatv2,graph_c_context_observation,S5F2_energy,test,1480,10599,,1,0.38818687200546265,late_fusion
sprint9_multiseed_S8B_R2_seed7_S8B_R2_sequence_plus_context,S8B_R2_sequence_plus_context,1,gatv2_graph_c_sprint8b_sequence_plus_context,gatv2,graph_c_context_observation,S5F2_energy,test,1481,10599,,1,0.2605688273906708,late_fusion
sprint9_multiseed_S8B_R2_seed7_S8B_R2_sequence_plus_context,S8B_R2_sequence_plus_context,1,gatv2_graph_c_sprint8b_sequence_plus_context,gatv2,graph_c_context_observation,S5F2_energy,test,1482,10599,,1,0.28727811574935913,late_fusion
sprint9_multiseed_S8B_R2_seed7_S8B_R2_sequence_plus_context,S8B_R2_sequence_plus_context,1,gatv2_graph_c_sprint8b_sequence_plus_context,gatv2,graph_c_context_observation,S5F2_energy,test,1483,10599,,1,0.23397468030452728,late_fusion
sprint9_multiseed_S8B_R2_seed7_S8B_R2_sequence_plus_context,S8B_R2_sequence_plus_context,1,gatv2_graph_c_sprint8b_sequence_plus_context,gatv2,graph_c_context_observation,S5F2_energy,test,1484,10599,,1,0.6715968251228333,late_fusion
sprint9_multiseed_S8B_R2_seed7_S8B_R2_sequence_plus_context,S8B_R2_sequence_plus_context,1,gatv2_graph_c_sprint8b_sequence_plus_context,gatv2,graph_c_context_observation,S5F2_energy,test,1485,10599,,1,0.23849761486053467,late_fusion
sprint9_multiseed_S8B_R2_seed7_S8B_R2_sequence_plus_context,S8B_R2_sequence_plus_context,1,gatv2_graph_c_sprint8b_sequence_plus_context,gatv2,graph_c_context_observation,S5F2_energy,test,1486,10599,,1,0.3724501430988312,late_fusion
sprint9_multiseed_S8B_R2_seed7_S8B_R2_sequence_plus_context,S8B_R2_sequence_plus_context,1,gatv2_graph_c_sprint8b_sequence_plus_context,gatv2,graph_c_context_observation,S5F2_energy,test,1487,10599,,1,0.7033772468566895,late_fusion
sprint9_multiseed_S8B_R2_seed7_S8B_R2_sequence_plus_context,S8B_R2_sequence_plus_context,1,gatv2_graph_c_sprint8b_sequence_plus_context,gatv2,graph_c_context_observation,S5F2_energy,test,1488,10957,,1,0.4782145321369171,late_fusion
sprint9_multiseed_S8B_R2_seed7_S8B_R2_sequence_plus_context,S8B_R2_sequence_plus_context,1,gatv2_graph_c_sprint8b_sequence_plus_context,gatv2,graph_c_context_observation,S5F2_energy,test,1489,10957,,1,0.36213168501853943,late_fusion
sprint9_multiseed_S8B_R2_seed7_S8B_R2_sequence_plus_context,S8B_R2_sequence_plus_context,1,gatv2_graph_c_sprint8b_sequence_plus_context,gatv2,graph_c_context_observation,S5F2_energy,test,1490,10957,,1,0.5083047747612,late_fusion
sprint9_multiseed_S8B_R2_seed7_S8B_R2_sequence_plus_context,S8B_R2_sequence_plus_context,1,gatv2_graph_c_sprint8b_sequence_plus_context,gatv2,graph_c_context_observation,S5F2_energy,test,1491,10957,,1,0.34419238567352295,late_fusion
sprint9_multiseed_S8B_R2_seed7_S8B_R2_sequence_plus_context,S8B_R2_sequence_plus_context,1,gatv2_graph_c_sprint8b_sequence_plus_context,gatv2,graph_c_context_observation,S5F2_energy,test,1492,10990,,1,0.3423224091529846,late_fusion
sprint9_multiseed_S8B_R2_seed7_S8B_R2_sequence_plus_context,S8B_R2_sequence_plus_context,1,gatv2_graph_c_sprint8b_sequence_plus_context,gatv2,graph_c_context_observation,S5F2_energy,test,1493,10990,,1,0.13851764798164368,late_fusion
sprint9_multiseed_S8B_R2_seed7_S8B_R2_sequence_plus_context,S8B_R2_sequence_plus_context,1,gatv2_graph_c_sprint8b_sequence_plus_context,gatv2,graph_c_context_observation,S5F2_energy,test,1494,10990,,1,0.20693857967853546,late_fusion
sprint9_multiseed_S8B_R2_seed7_S8B_R2_sequence_plus_context,S8B_R2_sequence_plus_context,1,gatv2_graph_c_sprint8b_sequence_plus_context,gatv2,graph_c_context_observation,S5F2_energy,test,1495,10990,,1,0.20775631070137024,late_fusion
sprint9_multiseed_S8B_R2_seed7_S8B_R2_sequence_plus_context,S8B_R2_sequence_plus_context,1,gatv2_graph_c_sprint8b_sequence_plus_context,gatv2,graph_c_context_observation,S5F2_energy,test,1496,10990,,1,0.1250705122947693,late_fusion
sprint9_multiseed_S8B_R2_seed7_S8B_R2_sequence_plus_context,S8B_R2_sequence_plus_context,1,gatv2_graph_c_sprint8b_sequence_plus_context,gatv2,graph_c_context_observation,S5F2_energy,test,1497,10990,,1,0.17354223132133484,late_fusion
sprint9_multiseed_S8B_R2_seed7_S8B_R2_sequence_plus_context,S8B_R2_sequence_plus_context,1,gatv2_graph_c_sprint8b_sequence_plus_context,gatv2,graph_c_context_observation,S5F2_energy,test,1498,10990,,1,0.1047600656747818,late_fusion
sprint9_multiseed_S8B_R2_seed7_S8B_R2_sequence_plus_context,S8B_R2_sequence_plus_context,1,gatv2_graph_c_sprint8b_sequence_plus_context,gatv2,graph_c_context_observation,S5F2_energy,test,1499,10990,,1,0.12069693952798843,late_fusion
sprint9_multiseed_S8B_R2_seed7_S8B_R2_sequence_plus_context,S8B_R2_sequence_plus_context,1,gatv2_graph_c_sprint8b_sequence_plus_context,gatv2,graph_c_context_observation,S5F2_energy,test,1500,10990,,1,0.11588533967733383,late_fusion
sprint9_multiseed_S8B_R2_seed7_S8B_R2_sequence_plus_context,S8B_R2_sequence_plus_context,1,gatv2_graph_c_sprint8b_sequence_plus_context,gatv2,graph_c_context_observation,S5F2_energy,test,1501,10990,,1,0.1372164934873581,late_fusion
sprint9_multiseed_S8B_R2_seed7_S8B_R2_sequence_plus_context,S8B_R2_sequence_plus_context,1,gatv2_graph_c_sprint8b_sequence_plus_context,gatv2,graph_c_context_observation,S5F2_energy,test,1502,10990,,1,0.1377071738243103,late_fusion
sprint9_multiseed_S8B_R2_seed7_S8B_R2_sequence_plus_context,S8B_R2_sequence_plus_context,1,gatv2_graph_c_sprint8b_sequence_plus_context,gatv2,graph_c_context_observation,S5F2_energy,test,1503,10990,,1,0.12333634495735168,late_fusion
sprint9_multiseed_S8B_R2_seed7_S8B_R2_sequence_plus_context,S8B_R2_sequence_plus_context,1,gatv2_graph_c_sprint8b_sequence_plus_context,gatv2,graph_c_context_observation,S5F2_energy,test,1504,10990,,1,0.10354593396186829,late_fusion
sprint9_multiseed_S8B_R2_seed7_S8B_R2_sequence_plus_context,S8B_R2_sequence_plus_context,1,gatv2_graph_c_sprint8b_sequence_plus_context,gatv2,graph_c_context_observation,S5F2_energy,test,1505,10990,,1,0.14423033595085144,late_fusion
sprint9_multiseed_S8B_R2_seed7_S8B_R2_sequence_plus_context,S8B_R2_sequence_plus_context,1,gatv2_graph_c_sprint8b_sequence_plus_context,gatv2,graph_c_context_observation,S5F2_energy,test,1506,10990,,1,0.2903769016265869,late_fusion
sprint9_multiseed_S8B_R2_seed7_S8B_R2_sequence_plus_context,S8B_R2_sequence_plus_context,1,gatv2_graph_c_sprint8b_sequence_plus_context,gatv2,graph_c_context_observation,S5F2_energy,test,1507,10990,,1,0.17239965498447418,late_fusion
sprint9_multiseed_S8B_R2_seed7_S8B_R2_sequence_plus_context,S8B_R2_sequence_plus_context,1,gatv2_graph_c_sprint8b_sequence_plus_context,gatv2,graph_c_context_observation,S5F2_energy,test,1508,10990,,1,0.09437856078147888,late_fusion
sprint9_multiseed_S8B_R2_seed7_S8B_R2_sequence_plus_context,S8B_R2_sequence_plus_context,1,gatv2_graph_c_sprint8b_sequence_plus_context,gatv2,graph_c_context_observation,S5F2_energy,test,1509,10990,,1,0.11465033143758774,late_fusion
sprint9_multiseed_S8B_R2_seed7_S8B_R2_sequence_plus_context,S8B_R2_sequence_plus_context,1,gatv2_graph_c_sprint8b_sequence_plus_context,gatv2,graph_c_context_observation,S5F2_energy,test,1510,10990,,1,0.13328231871128082,late_fusion
sprint9_multiseed_S8B_R2_seed7_S8B_R2_sequence_plus_context,S8B_R2_sequence_plus_context,1,gatv2_graph_c_sprint8b_sequence_plus_context,gatv2,graph_c_context_observation,S5F2_energy,test,1511,10990,,1,0.10269918292760849,late_fusion
sprint9_multiseed_S8B_R2_seed7_S8B_R2_sequence_plus_context,S8B_R2_sequence_plus_context,1,gatv2_graph_c_sprint8b_sequence_plus_context,gatv2,graph_c_context_observation,S5F2_energy,test,1512,11012,,1,0.9290186166763306,late_fusion
sprint9_multiseed_S8B_R2_seed7_S8B_R2_sequence_plus_context,S8B_R2_sequence_plus_context,1,gatv2_graph_c_sprint8b_sequence_plus_context,gatv2,graph_c_context_observation,S5F2_energy,test,1513,11012,,1,0.9932451844215393,late_fusion
sprint9_multiseed_S8B_R2_seed7_S8B_R2_sequence_plus_context,S8B_R2_sequence_plus_context,1,gatv2_graph_c_sprint8b_sequence_plus_context,gatv2,graph_c_context_observation,S5F2_energy,test,1514,11012,,1,0.9989607334136963,late_fusion
sprint9_multiseed_S8B_R2_seed7_S8B_R2_sequence_plus_context,S8B_R2_sequence_plus_context,1,gatv2_graph_c_sprint8b_sequence_plus_context,gatv2,graph_c_context_observation,S5F2_energy,test,1515,11012,,1,0.9888050556182861,late_fusion
sprint9_multiseed_S8B_R2_seed7_S8B_R2_sequence_plus_context,S8B_R2_sequence_plus_context,1,gatv2_graph_c_sprint8b_sequence_plus_context,gatv2,graph_c_context_observation,S5F2_energy,test,1516,11012,,1,0.9785687327384949,late_fusion
sprint9_multiseed_S8B_R2_seed7_S8B_R2_sequence_plus_context,S8B_R2_sequence_plus_context,1,gatv2_graph_c_sprint8b_sequence_plus_context,gatv2,graph_c_context_observation,S5F2_energy,test,1517,11012,,1,0.9858992099761963,late_fusion
sprint9_multiseed_S8B_R2_seed7_S8B_R2_sequence_plus_context,S8B_R2_sequence_plus_context,1,gatv2_graph_c_sprint8b_sequence_plus_context,gatv2,graph_c_context_observation,S5F2_energy,test,1518,11012,,1,0.9943278431892395,late_fusion
sprint9_multiseed_S8B_R2_seed7_S8B_R2_sequence_plus_context,S8B_R2_sequence_plus_context,1,gatv2_graph_c_sprint8b_sequence_plus_context,gatv2,graph_c_context_observation,S5F2_energy,test,1519,11012,,1,0.873685359954834,late_fusion
sprint9_multiseed_S8B_R2_seed7_S8B_R2_sequence_plus_context,S8B_R2_sequence_plus_context,1,gatv2_graph_c_sprint8b_sequence_plus_context,gatv2,graph_c_context_observation,S5F2_energy,test,1520,11173,,1,0.994396448135376,late_fusion
sprint9_multiseed_S8B_R2_seed7_S8B_R2_sequence_plus_context,S8B_R2_sequence_plus_context,1,gatv2_graph_c_sprint8b_sequence_plus_context,gatv2,graph_c_context_observation,S5F2_energy,test,1521,11173,,1,0.9376794695854187,late_fusion
sprint9_multiseed_S8B_R2_seed7_S8B_R2_sequence_plus_context,S8B_R2_sequence_plus_context,1,gatv2_graph_c_sprint8b_sequence_plus_context,gatv2,graph_c_context_observation,S5F2_energy,test,1522,11173,,1,0.9975993037223816,late_fusion
sprint9_multiseed_S8B_R2_seed7_S8B_R2_sequence_plus_context,S8B_R2_sequence_plus_context,1,gatv2_graph_c_sprint8b_sequence_plus_context,gatv2,graph_c_context_observation,S5F2_energy,test,1523,11173,,1,0.9969449639320374,late_fusion
sprint9_multiseed_S8B_R2_seed7_S8B_R2_sequence_plus_context,S8B_R2_sequence_plus_context,1,gatv2_graph_c_sprint8b_sequence_plus_context,gatv2,graph_c_context_observation,S5F2_energy,test,1524,11173,,1,0.9939385652542114,late_fusion
sprint9_multiseed_S8B_R2_seed7_S8B_R2_sequence_plus_context,S8B_R2_sequence_plus_context,1,gatv2_graph_c_sprint8b_sequence_plus_context,gatv2,graph_c_context_observation,S5F2_energy,test,1525,11173,,1,0.9971098303794861,late_fusion
sprint9_multiseed_S8B_R2_seed7_S8B_R2_sequence_plus_context,S8B_R2_sequence_plus_context,1,gatv2_graph_c_sprint8b_sequence_plus_context,gatv2,graph_c_context_observation,S5F2_energy,test,1526,11173,,1,0.9639638066291809,late_fusion
sprint9_multiseed_S8B_R2_seed7_S8B_R2_sequence_plus_context,S8B_R2_sequence_plus_context,1,gatv2_graph_c_sprint8b_sequence_plus_context,gatv2,graph_c_context_observation,S5F2_energy,test,1527,11173,,1,0.9809191823005676,late_fusion
sprint9_multiseed_S8B_R2_seed7_S8B_R2_sequence_plus_context,S8B_R2_sequence_plus_context,1,gatv2_graph_c_sprint8b_sequence_plus_context,gatv2,graph_c_context_observation,S5F2_energy,test,1528,11173,,1,0.9987379908561707,late_fusion
sprint9_multiseed_S8B_R2_seed7_S8B_R2_sequence_plus_context,S8B_R2_sequence_plus_context,1,gatv2_graph_c_sprint8b_sequence_plus_context,gatv2,graph_c_context_observation,S5F2_energy,test,1529,11173,,1,0.9963598847389221,late_fusion
sprint9_multiseed_S8B_R2_seed7_S8B_R2_sequence_plus_context,S8B_R2_sequence_plus_context,1,gatv2_graph_c_sprint8b_sequence_plus_context,gatv2,graph_c_context_observation,S5F2_energy,test,1530,11173,,1,0.9909650087356567,late_fusion
sprint9_multiseed_S8B_R2_seed7_S8B_R2_sequence_plus_context,S8B_R2_sequence_plus_context,1,gatv2_graph_c_sprint8b_sequence_plus_context,gatv2,graph_c_context_observation,S5F2_energy,test,1531,11173,,1,0.9865912795066833,late_fusion
sprint9_multiseed_S8B_R2_seed7_S8B_R2_sequence_plus_context,S8B_R2_sequence_plus_context,1,gatv2_graph_c_sprint8b_sequence_plus_context,gatv2,graph_c_context_observation,S5F2_energy,test,1532,11173,,1,0.9980415105819702,late_fusion
sprint9_multiseed_S8B_R2_seed7_S8B_R2_sequence_plus_context,S8B_R2_sequence_plus_context,1,gatv2_graph_c_sprint8b_sequence_plus_context,gatv2,graph_c_context_observation,S5F2_energy,test,1533,11173,,1,0.9916262626647949,late_fusion
sprint9_multiseed_S8B_R2_seed7_S8B_R2_sequence_plus_context,S8B_R2_sequence_plus_context,1,gatv2_graph_c_sprint8b_sequence_plus_context,gatv2,graph_c_context_observation,S5F2_energy,test,1534,11173,,1,0.9934943318367004,late_fusion
sprint9_multiseed_S8B_R2_seed7_S8B_R2_sequence_plus_context,S8B_R2_sequence_plus_context,1,gatv2_graph_c_sprint8b_sequence_plus_context,gatv2,graph_c_context_observation,S5F2_energy,test,1535,11173,,1,0.990359902381897,late_fusion
sprint9_multiseed_S8B_R2_seed7_S8B_R2_sequence_plus_context,S8B_R2_sequence_plus_context,1,gatv2_graph_c_sprint8b_sequence_plus_context,gatv2,graph_c_context_observation,S5F2_energy,test,1536,11173,,1,0.9959492683410645,late_fusion
sprint9_multiseed_S8B_R2_seed7_S8B_R2_sequence_plus_context,S8B_R2_sequence_plus_context,1,gatv2_graph_c_sprint8b_sequence_plus_context,gatv2,graph_c_context_observation,S5F2_energy,test,1537,11173,,1,0.9940847754478455,late_fusion
sprint9_multiseed_S8B_R2_seed7_S8B_R2_sequence_plus_context,S8B_R2_sequence_plus_context,1,gatv2_graph_c_sprint8b_sequence_plus_context,gatv2,graph_c_context_observation,S5F2_energy,test,1538,11173,,1,0.9975995421409607,late_fusion
sprint9_multiseed_S8B_R2_seed7_S8B_R2_sequence_plus_context,S8B_R2_sequence_plus_context,1,gatv2_graph_c_sprint8b_sequence_plus_context,gatv2,graph_c_context_observation,S5F2_energy,test,1539,11173,,1,0.9882674813270569,late_fusion
sprint9_multiseed_S8B_R2_seed7_S8B_R2_sequence_plus_context,S8B_R2_sequence_plus_context,1,gatv2_graph_c_sprint8b_sequence_plus_context,gatv2,graph_c_context_observation,S5F2_energy,test,1540,11173,,1,0.9729111194610596,late_fusion
sprint9_multiseed_S8B_R2_seed7_S8B_R2_sequence_plus_context,S8B_R2_sequence_plus_context,1,gatv2_graph_c_sprint8b_sequence_plus_context,gatv2,graph_c_context_observation,S5F2_energy,test,1541,11173,,1,0.987231969833374,late_fusion
sprint9_multiseed_S8B_R2_seed7_S8B_R2_sequence_plus_context,S8B_R2_sequence_plus_context,1,gatv2_graph_c_sprint8b_sequence_plus_context,gatv2,graph_c_context_observation,S5F2_energy,test,1542,11173,,1,0.9629871249198914,late_fusion
sprint9_multiseed_S8B_R2_seed7_S8B_R2_sequence_plus_context,S8B_R2_sequence_plus_context,1,gatv2_graph_c_sprint8b_sequence_plus_context,gatv2,graph_c_context_observation,S5F2_energy,test,1543,11173,,1,0.855350911617279,late_fusion
sprint9_multiseed_S8B_R2_seed7_S8B_R2_sequence_plus_context,S8B_R2_sequence_plus_context,1,gatv2_graph_c_sprint8b_sequence_plus_context,gatv2,graph_c_context_observation,S5F2_energy,test,1544,11173,,1,0.993366539478302,late_fusion
sprint9_multiseed_S8B_R2_seed7_S8B_R2_sequence_plus_context,S8B_R2_sequence_plus_context,1,gatv2_graph_c_sprint8b_sequence_plus_context,gatv2,graph_c_context_observation,S5F2_energy,test,1545,11173,,1,0.9985095858573914,late_fusion
sprint9_multiseed_S8B_R2_seed7_S8B_R2_sequence_plus_context,S8B_R2_sequence_plus_context,1,gatv2_graph_c_sprint8b_sequence_plus_context,gatv2,graph_c_context_observation,S5F2_energy,test,1546,11173,,1,0.9948468208312988,late_fusion
sprint9_multiseed_S8B_R2_seed7_S8B_R2_sequence_plus_context,S8B_R2_sequence_plus_context,1,gatv2_graph_c_sprint8b_sequence_plus_context,gatv2,graph_c_context_observation,S5F2_energy,test,1547,11173,,1,0.9934800863265991,late_fusion
sprint9_multiseed_S8B_R2_seed7_S8B_R2_sequence_plus_context,S8B_R2_sequence_plus_context,1,gatv2_graph_c_sprint8b_sequence_plus_context,gatv2,graph_c_context_observation,S5F2_energy,test,1548,11173,,1,0.799801766872406,late_fusion
sprint9_multiseed_S8B_R2_seed7_S8B_R2_sequence_plus_context,S8B_R2_sequence_plus_context,1,gatv2_graph_c_sprint8b_sequence_plus_context,gatv2,graph_c_context_observation,S5F2_energy,test,1549,11173,,1,0.7098137736320496,late_fusion
sprint9_multiseed_S8B_R2_seed7_S8B_R2_sequence_plus_context,S8B_R2_sequence_plus_context,1,gatv2_graph_c_sprint8b_sequence_plus_context,gatv2,graph_c_context_observation,S5F2_energy,test,1550,11173,,1,0.9954674243927002,late_fusion
sprint9_multiseed_S8B_R2_seed7_S8B_R2_sequence_plus_context,S8B_R2_sequence_plus_context,1,gatv2_graph_c_sprint8b_sequence_plus_context,gatv2,graph_c_context_observation,S5F2_energy,test,1551,11173,,1,0.9943923354148865,late_fusion
sprint9_multiseed_S8B_R2_seed7_S8B_R2_sequence_plus_context,S8B_R2_sequence_plus_context,1,gatv2_graph_c_sprint8b_sequence_plus_context,gatv2,graph_c_context_observation,S5F2_energy,test,1552,11173,,1,0.9721365571022034,late_fusion
sprint9_multiseed_S8B_R2_seed7_S8B_R2_sequence_plus_context,S8B_R2_sequence_plus_context,1,gatv2_graph_c_sprint8b_sequence_plus_context,gatv2,graph_c_context_observation,S5F2_energy,test,1553,11173,,1,0.9962072372436523,late_fusion
sprint9_multiseed_S8B_R2_seed7_S8B_R2_sequence_plus_context,S8B_R2_sequence_plus_context,1,gatv2_graph_c_sprint8b_sequence_plus_context,gatv2,graph_c_context_observation,S5F2_energy,test,1554,11173,,1,0.9974368214607239,late_fusion
sprint9_multiseed_S8B_R2_seed7_S8B_R2_sequence_plus_context,S8B_R2_sequence_plus_context,1,gatv2_graph_c_sprint8b_sequence_plus_context,gatv2,graph_c_context_observation,S5F2_energy,test,1555,11173,,1,0.943952202796936,late_fusion
sprint9_multiseed_S8B_R2_seed7_S8B_R2_sequence_plus_context,S8B_R2_sequence_plus_context,1,gatv2_graph_c_sprint8b_sequence_plus_context,gatv2,graph_c_context_observation,S5F2_energy,test,1556,11173,,1,0.8277730345726013,late_fusion
sprint9_multiseed_S8B_R2_seed7_S8B_R2_sequence_plus_context,S8B_R2_sequence_plus_context,1,gatv2_graph_c_sprint8b_sequence_plus_context,gatv2,graph_c_context_observation,S5F2_energy,test,1557,11173,,1,0.999154806137085,late_fusion
sprint9_multiseed_S8B_R2_seed7_S8B_R2_sequence_plus_context,S8B_R2_sequence_plus_context,1,gatv2_graph_c_sprint8b_sequence_plus_context,gatv2,graph_c_context_observation,S5F2_energy,test,1558,11173,,1,0.9897454977035522,late_fusion
sprint9_multiseed_S8B_R2_seed7_S8B_R2_sequence_plus_context,S8B_R2_sequence_plus_context,1,gatv2_graph_c_sprint8b_sequence_plus_context,gatv2,graph_c_context_observation,S5F2_energy,test,1559,11173,,1,0.9928427934646606,late_fusion
sprint9_multiseed_S8B_R2_seed7_S8B_R2_sequence_plus_context,S8B_R2_sequence_plus_context,1,gatv2_graph_c_sprint8b_sequence_plus_context,gatv2,graph_c_context_observation,S5F2_energy,test,1560,11173,,1,0.9850373864173889,late_fusion
sprint9_multiseed_S8B_R2_seed7_S8B_R2_sequence_plus_context,S8B_R2_sequence_plus_context,1,gatv2_graph_c_sprint8b_sequence_plus_context,gatv2,graph_c_context_observation,S5F2_energy,test,1561,11173,,1,0.9953311085700989,late_fusion
sprint9_multiseed_S8B_R2_seed7_S8B_R2_sequence_plus_context,S8B_R2_sequence_plus_context,1,gatv2_graph_c_sprint8b_sequence_plus_context,gatv2,graph_c_context_observation,S5F2_energy,test,1562,11173,,1,0.9896973967552185,late_fusion
sprint9_multiseed_S8B_R2_seed7_S8B_R2_sequence_plus_context,S8B_R2_sequence_plus_context,1,gatv2_graph_c_sprint8b_sequence_plus_context,gatv2,graph_c_context_observation,S5F2_energy,test,1563,11173,,1,0.9981629252433777,late_fusion
sprint9_multiseed_S8B_R2_seed7_S8B_R2_sequence_plus_context,S8B_R2_sequence_plus_context,1,gatv2_graph_c_sprint8b_sequence_plus_context,gatv2,graph_c_context_observation,S5F2_energy,test,1564,11173,,1,0.9742053151130676,late_fusion
sprint9_multiseed_S8B_R2_seed7_S8B_R2_sequence_plus_context,S8B_R2_sequence_plus_context,1,gatv2_graph_c_sprint8b_sequence_plus_context,gatv2,graph_c_context_observation,S5F2_energy,test,1565,11173,,1,0.9823081493377686,late_fusion
sprint9_multiseed_S8B_R2_seed7_S8B_R2_sequence_plus_context,S8B_R2_sequence_plus_context,1,gatv2_graph_c_sprint8b_sequence_plus_context,gatv2,graph_c_context_observation,S5F2_energy,test,1566,11173,,1,0.932951807975769,late_fusion
sprint9_multiseed_S8B_R2_seed7_S8B_R2_sequence_plus_context,S8B_R2_sequence_plus_context,1,gatv2_graph_c_sprint8b_sequence_plus_context,gatv2,graph_c_context_observation,S5F2_energy,test,1567,11173,,1,0.9049367308616638,late_fusion
sprint9_multiseed_S8B_R2_seed7_S8B_R2_sequence_plus_context,S8B_R2_sequence_plus_context,1,gatv2_graph_c_sprint8b_sequence_plus_context,gatv2,graph_c_context_observation,S5F2_energy,test,1568,11173,,1,0.9934216141700745,late_fusion
sprint9_multiseed_S8B_R2_seed7_S8B_R2_sequence_plus_context,S8B_R2_sequence_plus_context,1,gatv2_graph_c_sprint8b_sequence_plus_context,gatv2,graph_c_context_observation,S5F2_energy,test,1569,11173,,1,0.7980597019195557,late_fusion
sprint9_multiseed_S8B_R2_seed7_S8B_R2_sequence_plus_context,S8B_R2_sequence_plus_context,1,gatv2_graph_c_sprint8b_sequence_plus_context,gatv2,graph_c_context_observation,S5F2_energy,test,1570,11173,,1,0.6440732479095459,late_fusion
sprint9_multiseed_S8B_R2_seed7_S8B_R2_sequence_plus_context,S8B_R2_sequence_plus_context,1,gatv2_graph_c_sprint8b_sequence_plus_context,gatv2,graph_c_context_observation,S5F2_energy,test,1571,11173,,1,0.9869428873062134,late_fusion
sprint9_multiseed_S8B_R2_seed7_S8B_R2_sequence_plus_context,S8B_R2_sequence_plus_context,1,gatv2_graph_c_sprint8b_sequence_plus_context,gatv2,graph_c_context_observation,S5F2_energy,test,1572,11173,,1,0.8591440916061401,late_fusion
sprint9_multiseed_S8B_R2_seed7_S8B_R2_sequence_plus_context,S8B_R2_sequence_plus_context,1,gatv2_graph_c_sprint8b_sequence_plus_context,gatv2,graph_c_context_observation,S5F2_energy,test,1573,11173,,1,0.9932267069816589,late_fusion
sprint9_multiseed_S8B_R2_seed7_S8B_R2_sequence_plus_context,S8B_R2_sequence_plus_context,1,gatv2_graph_c_sprint8b_sequence_plus_context,gatv2,graph_c_context_observation,S5F2_energy,test,1574,11173,,1,0.998963475227356,late_fusion
sprint9_multiseed_S8B_R2_seed7_S8B_R2_sequence_plus_context,S8B_R2_sequence_plus_context,1,gatv2_graph_c_sprint8b_sequence_plus_context,gatv2,graph_c_context_observation,S5F2_energy,test,1575,11173,,1,0.9472660422325134,late_fusion
sprint9_multiseed_S8B_R2_seed7_S8B_R2_sequence_plus_context,S8B_R2_sequence_plus_context,1,gatv2_graph_c_sprint8b_sequence_plus_context,gatv2,graph_c_context_observation,S5F2_energy,test,1576,11173,,1,0.996458113193512,late_fusion
sprint9_multiseed_S8B_R2_seed7_S8B_R2_sequence_plus_context,S8B_R2_sequence_plus_context,1,gatv2_graph_c_sprint8b_sequence_plus_context,gatv2,graph_c_context_observation,S5F2_energy,test,1577,11173,,1,0.9925186634063721,late_fusion
sprint9_multiseed_S8B_R2_seed7_S8B_R2_sequence_plus_context,S8B_R2_sequence_plus_context,1,gatv2_graph_c_sprint8b_sequence_plus_context,gatv2,graph_c_context_observation,S5F2_energy,test,1578,11173,,1,0.9577863812446594,late_fusion
sprint9_multiseed_S8B_R2_seed7_S8B_R2_sequence_plus_context,S8B_R2_sequence_plus_context,1,gatv2_graph_c_sprint8b_sequence_plus_context,gatv2,graph_c_context_observation,S5F2_energy,test,1579,11173,,1,0.9739954471588135,late_fusion
sprint9_multiseed_S8B_R2_seed7_S8B_R2_sequence_plus_context,S8B_R2_sequence_plus_context,1,gatv2_graph_c_sprint8b_sequence_plus_context,gatv2,graph_c_context_observation,S5F2_energy,test,1580,11173,,1,0.9824304580688477,late_fusion
sprint9_multiseed_S8B_R2_seed7_S8B_R2_sequence_plus_context,S8B_R2_sequence_plus_context,1,gatv2_graph_c_sprint8b_sequence_plus_context,gatv2,graph_c_context_observation,S5F2_energy,test,1581,11173,,1,0.974135160446167,late_fusion
sprint9_multiseed_S8B_R2_seed7_S8B_R2_sequence_plus_context,S8B_R2_sequence_plus_context,1,gatv2_graph_c_sprint8b_sequence_plus_context,gatv2,graph_c_context_observation,S5F2_energy,test,1582,11173,,1,0.9814994931221008,late_fusion
sprint9_multiseed_S8B_R2_seed7_S8B_R2_sequence_plus_context,S8B_R2_sequence_plus_context,1,gatv2_graph_c_sprint8b_sequence_plus_context,gatv2,graph_c_context_observation,S5F2_energy,test,1583,11173,,1,0.9782415628433228,late_fusion
sprint9_multiseed_S8B_R2_seed7_S8B_R2_sequence_plus_context,S8B_R2_sequence_plus_context,1,gatv2_graph_c_sprint8b_sequence_plus_context,gatv2,graph_c_context_observation,S5F2_energy,test,1584,11173,,1,0.9919366836547852,late_fusion
sprint9_multiseed_S8B_R2_seed7_S8B_R2_sequence_plus_context,S8B_R2_sequence_plus_context,1,gatv2_graph_c_sprint8b_sequence_plus_context,gatv2,graph_c_context_observation,S5F2_energy,test,1585,11173,,1,0.991023063659668,late_fusion
sprint9_multiseed_S8B_R2_seed7_S8B_R2_sequence_plus_context,S8B_R2_sequence_plus_context,1,gatv2_graph_c_sprint8b_sequence_plus_context,gatv2,graph_c_context_observation,S5F2_energy,test,1586,11173,,1,0.9868006706237793,late_fusion
sprint9_multiseed_S8B_R2_seed7_S8B_R2_sequence_plus_context,S8B_R2_sequence_plus_context,1,gatv2_graph_c_sprint8b_sequence_plus_context,gatv2,graph_c_context_observation,S5F2_energy,test,1587,11173,,1,0.9565198421478271,late_fusion
sprint9_multiseed_S8B_R2_seed7_S8B_R2_sequence_plus_context,S8B_R2_sequence_plus_context,1,gatv2_graph_c_sprint8b_sequence_plus_context,gatv2,graph_c_context_observation,S5F2_energy,test,1588,11173,,1,0.9991260170936584,late_fusion
sprint9_multiseed_S8B_R2_seed7_S8B_R2_sequence_plus_context,S8B_R2_sequence_plus_context,1,gatv2_graph_c_sprint8b_sequence_plus_context,gatv2,graph_c_context_observation,S5F2_energy,test,1589,11173,,1,0.973362922668457,late_fusion
sprint9_multiseed_S8B_R2_seed7_S8B_R2_sequence_plus_context,S8B_R2_sequence_plus_context,1,gatv2_graph_c_sprint8b_sequence_plus_context,gatv2,graph_c_context_observation,S5F2_energy,test,1590,11173,,1,0.991982638835907,late_fusion
sprint9_multiseed_S8B_R2_seed7_S8B_R2_sequence_plus_context,S8B_R2_sequence_plus_context,1,gatv2_graph_c_sprint8b_sequence_plus_context,gatv2,graph_c_context_observation,S5F2_energy,test,1591,11173,,1,0.9903234243392944,late_fusion
sprint9_multiseed_S8B_R2_seed7_S8B_R2_sequence_plus_context,S8B_R2_sequence_plus_context,1,gatv2_graph_c_sprint8b_sequence_plus_context,gatv2,graph_c_context_observation,S5F2_energy,test,1592,11173,,1,0.9930794835090637,late_fusion
sprint9_multiseed_S8B_R2_seed7_S8B_R2_sequence_plus_context,S8B_R2_sequence_plus_context,1,gatv2_graph_c_sprint8b_sequence_plus_context,gatv2,graph_c_context_observation,S5F2_energy,test,1593,11173,,1,0.9143970608711243,late_fusion
sprint9_multiseed_S8B_R2_seed7_S8B_R2_sequence_plus_context,S8B_R2_sequence_plus_context,1,gatv2_graph_c_sprint8b_sequence_plus_context,gatv2,graph_c_context_observation,S5F2_energy,test,1594,11173,,1,0.978980302810669,late_fusion
sprint9_multiseed_S8B_R2_seed7_S8B_R2_sequence_plus_context,S8B_R2_sequence_plus_context,1,gatv2_graph_c_sprint8b_sequence_plus_context,gatv2,graph_c_context_observation,S5F2_energy,test,1595,11173,,1,0.7859781384468079,late_fusion
sprint9_multiseed_S8B_R2_seed7_S8B_R2_sequence_plus_context,S8B_R2_sequence_plus_context,1,gatv2_graph_c_sprint8b_sequence_plus_context,gatv2,graph_c_context_observation,S5F2_energy,test,1596,11173,,1,0.946334719657898,late_fusion
sprint9_multiseed_S8B_R2_seed7_S8B_R2_sequence_plus_context,S8B_R2_sequence_plus_context,1,gatv2_graph_c_sprint8b_sequence_plus_context,gatv2,graph_c_context_observation,S5F2_energy,test,1597,11173,,1,0.8899521231651306,late_fusion
sprint9_multiseed_S8B_R2_seed7_S8B_R2_sequence_plus_context,S8B_R2_sequence_plus_context,1,gatv2_graph_c_sprint8b_sequence_plus_context,gatv2,graph_c_context_observation,S5F2_energy,test,1598,11173,,1,0.9952049255371094,late_fusion
sprint9_multiseed_S8B_R2_seed7_S8B_R2_sequence_plus_context,S8B_R2_sequence_plus_context,1,gatv2_graph_c_sprint8b_sequence_plus_context,gatv2,graph_c_context_observation,S5F2_energy,test,1599,11173,,1,0.9462185502052307,late_fusion
sprint9_multiseed_S8B_R2_seed7_S8B_R2_sequence_plus_context,S8B_R2_sequence_plus_context,1,gatv2_graph_c_sprint8b_sequence_plus_context,gatv2,graph_c_context_observation,S5F2_energy,test,1600,11173,,1,0.9762763977050781,late_fusion
sprint9_multiseed_S8B_R2_seed7_S8B_R2_sequence_plus_context,S8B_R2_sequence_plus_context,1,gatv2_graph_c_sprint8b_sequence_plus_context,gatv2,graph_c_context_observation,S5F2_energy,test,1601,11173,,1,0.9952474236488342,late_fusion
sprint9_multiseed_S8B_R2_seed7_S8B_R2_sequence_plus_context,S8B_R2_sequence_plus_context,1,gatv2_graph_c_sprint8b_sequence_plus_context,gatv2,graph_c_context_observation,S5F2_energy,test,1602,11173,,1,0.9790045022964478,late_fusion
sprint9_multiseed_S8B_R2_seed7_S8B_R2_sequence_plus_context,S8B_R2_sequence_plus_context,1,gatv2_graph_c_sprint8b_sequence_plus_context,gatv2,graph_c_context_observation,S5F2_energy,test,1603,11173,,1,0.9910424947738647,late_fusion
sprint9_multiseed_S8B_R2_seed7_S8B_R2_sequence_plus_context,S8B_R2_sequence_plus_context,1,gatv2_graph_c_sprint8b_sequence_plus_context,gatv2,graph_c_context_observation,S5F2_energy,test,1604,11173,,1,0.9963125586509705,late_fusion
sprint9_multiseed_S8B_R2_seed7_S8B_R2_sequence_plus_context,S8B_R2_sequence_plus_context,1,gatv2_graph_c_sprint8b_sequence_plus_context,gatv2,graph_c_context_observation,S5F2_energy,test,1605,11173,,1,0.9689726829528809,late_fusion
sprint9_multiseed_S8B_R2_seed7_S8B_R2_sequence_plus_context,S8B_R2_sequence_plus_context,1,gatv2_graph_c_sprint8b_sequence_plus_context,gatv2,graph_c_context_observation,S5F2_energy,test,1606,11173,,1,0.7400217056274414,late_fusion
sprint9_multiseed_S8B_R2_seed7_S8B_R2_sequence_plus_context,S8B_R2_sequence_plus_context,1,gatv2_graph_c_sprint8b_sequence_plus_context,gatv2,graph_c_context_observation,S5F2_energy,test,1607,11173,,1,0.9860731363296509,late_fusion
sprint9_multiseed_S8B_R2_seed7_S8B_R2_sequence_plus_context,S8B_R2_sequence_plus_context,1,gatv2_graph_c_sprint8b_sequence_plus_context,gatv2,graph_c_context_observation,S5F2_energy,test,1608,11173,,1,0.9918906688690186,late_fusion
sprint9_multiseed_S8B_R2_seed7_S8B_R2_sequence_plus_context,S8B_R2_sequence_plus_context,1,gatv2_graph_c_sprint8b_sequence_plus_context,gatv2,graph_c_context_observation,S5F2_energy,test,1609,11173,,1,0.9807484149932861,late_fusion
sprint9_multiseed_S8B_R2_seed7_S8B_R2_sequence_plus_context,S8B_R2_sequence_plus_context,1,gatv2_graph_c_sprint8b_sequence_plus_context,gatv2,graph_c_context_observation,S5F2_energy,test,1610,11173,,1,0.9727213382720947,late_fusion
sprint9_multiseed_S8B_R2_seed7_S8B_R2_sequence_plus_context,S8B_R2_sequence_plus_context,1,gatv2_graph_c_sprint8b_sequence_plus_context,gatv2,graph_c_context_observation,S5F2_energy,test,1611,11173,,1,0.9973136782646179,late_fusion
sprint9_multiseed_S8B_R2_seed7_S8B_R2_sequence_plus_context,S8B_R2_sequence_plus_context,1,gatv2_graph_c_sprint8b_sequence_plus_context,gatv2,graph_c_context_observation,S5F2_energy,test,1612,11173,,1,0.9180988073348999,late_fusion
sprint9_multiseed_S8B_R2_seed7_S8B_R2_sequence_plus_context,S8B_R2_sequence_plus_context,1,gatv2_graph_c_sprint8b_sequence_plus_context,gatv2,graph_c_context_observation,S5F2_energy,test,1613,11173,,1,0.9931163787841797,late_fusion
sprint9_multiseed_S8B_R2_seed7_S8B_R2_sequence_plus_context,S8B_R2_sequence_plus_context,1,gatv2_graph_c_sprint8b_sequence_plus_context,gatv2,graph_c_context_observation,S5F2_energy,test,1614,11173,,1,0.8970453143119812,late_fusion
sprint9_multiseed_S8B_R2_seed7_S8B_R2_sequence_plus_context,S8B_R2_sequence_plus_context,1,gatv2_graph_c_sprint8b_sequence_plus_context,gatv2,graph_c_context_observation,S5F2_energy,test,1615,11173,,1,0.9695679545402527,late_fusion
sprint9_multiseed_S8B_R2_seed7_S8B_R2_sequence_plus_context,S8B_R2_sequence_plus_context,1,gatv2_graph_c_sprint8b_sequence_plus_context,gatv2,graph_c_context_observation,S5F2_energy,test,1616,11173,,1,0.9935294985771179,late_fusion
sprint9_multiseed_S8B_R2_seed7_S8B_R2_sequence_plus_context,S8B_R2_sequence_plus_context,1,gatv2_graph_c_sprint8b_sequence_plus_context,gatv2,graph_c_context_observation,S5F2_energy,test,1617,11173,,1,0.987250030040741,late_fusion
sprint9_multiseed_S8B_R2_seed7_S8B_R2_sequence_plus_context,S8B_R2_sequence_plus_context,1,gatv2_graph_c_sprint8b_sequence_plus_context,gatv2,graph_c_context_observation,S5F2_energy,test,1618,11173,,1,0.9575797319412231,late_fusion
sprint9_multiseed_S8B_R2_seed7_S8B_R2_sequence_plus_context,S8B_R2_sequence_plus_context,1,gatv2_graph_c_sprint8b_sequence_plus_context,gatv2,graph_c_context_observation,S5F2_energy,test,1619,11173,,1,0.9452863335609436,late_fusion
sprint9_multiseed_S8B_R2_seed7_S8B_R2_sequence_plus_context,S8B_R2_sequence_plus_context,1,gatv2_graph_c_sprint8b_sequence_plus_context,gatv2,graph_c_context_observation,S5F2_energy,test,1620,11173,,1,0.9990463852882385,late_fusion
sprint9_multiseed_S8B_R2_seed7_S8B_R2_sequence_plus_context,S8B_R2_sequence_plus_context,1,gatv2_graph_c_sprint8b_sequence_plus_context,gatv2,graph_c_context_observation,S5F2_energy,test,1621,11173,,1,0.9543277621269226,late_fusion
sprint9_multiseed_S8B_R2_seed7_S8B_R2_sequence_plus_context,S8B_R2_sequence_plus_context,1,gatv2_graph_c_sprint8b_sequence_plus_context,gatv2,graph_c_context_observation,S5F2_energy,test,1622,11173,,1,0.9620772004127502,late_fusion
sprint9_multiseed_S8B_R2_seed7_S8B_R2_sequence_plus_context,S8B_R2_sequence_plus_context,1,gatv2_graph_c_sprint8b_sequence_plus_context,gatv2,graph_c_context_observation,S5F2_energy,test,1623,11173,,1,0.9806753993034363,late_fusion
sprint9_multiseed_S8B_R2_seed7_S8B_R2_sequence_plus_context,S8B_R2_sequence_plus_context,1,gatv2_graph_c_sprint8b_sequence_plus_context,gatv2,graph_c_context_observation,S5F2_energy,test,1624,11173,,1,0.9247611165046692,late_fusion
sprint9_multiseed_S8B_R2_seed7_S8B_R2_sequence_plus_context,S8B_R2_sequence_plus_context,1,gatv2_graph_c_sprint8b_sequence_plus_context,gatv2,graph_c_context_observation,S5F2_energy,test,1625,11173,,1,0.9830068349838257,late_fusion
sprint9_multiseed_S8B_R2_seed7_S8B_R2_sequence_plus_context,S8B_R2_sequence_plus_context,1,gatv2_graph_c_sprint8b_sequence_plus_context,gatv2,graph_c_context_observation,S5F2_energy,test,1626,11173,,1,0.9502589106559753,late_fusion
sprint9_multiseed_S8B_R2_seed7_S8B_R2_sequence_plus_context,S8B_R2_sequence_plus_context,1,gatv2_graph_c_sprint8b_sequence_plus_context,gatv2,graph_c_context_observation,S5F2_energy,test,1627,11173,,1,0.9972978234291077,late_fusion
sprint9_multiseed_S8B_R2_seed7_S8B_R2_sequence_plus_context,S8B_R2_sequence_plus_context,1,gatv2_graph_c_sprint8b_sequence_plus_context,gatv2,graph_c_context_observation,S5F2_energy,test,1628,11173,,1,0.787286102771759,late_fusion
sprint9_multiseed_S8B_R2_seed7_S8B_R2_sequence_plus_context,S8B_R2_sequence_plus_context,1,gatv2_graph_c_sprint8b_sequence_plus_context,gatv2,graph_c_context_observation,S5F2_energy,test,1629,11173,,1,0.9678093791007996,late_fusion
sprint9_multiseed_S8B_R2_seed7_S8B_R2_sequence_plus_context,S8B_R2_sequence_plus_context,1,gatv2_graph_c_sprint8b_sequence_plus_context,gatv2,graph_c_context_observation,S5F2_energy,test,1630,11173,,1,0.9953896999359131,late_fusion
sprint9_multiseed_S8B_R2_seed7_S8B_R2_sequence_plus_context,S8B_R2_sequence_plus_context,1,gatv2_graph_c_sprint8b_sequence_plus_context,gatv2,graph_c_context_observation,S5F2_energy,test,1631,11173,,1,0.8988937735557556,late_fusion
sprint9_multiseed_S8B_R2_seed7_S8B_R2_sequence_plus_context,S8B_R2_sequence_plus_context,1,gatv2_graph_c_sprint8b_sequence_plus_context,gatv2,graph_c_context_observation,S5F2_energy,test,1632,11173,,1,0.9495655298233032,late_fusion
sprint9_multiseed_S8B_R2_seed7_S8B_R2_sequence_plus_context,S8B_R2_sequence_plus_context,1,gatv2_graph_c_sprint8b_sequence_plus_context,gatv2,graph_c_context_observation,S5F2_energy,test,1633,11173,,1,0.7769636511802673,late_fusion
sprint9_multiseed_S8B_R2_seed7_S8B_R2_sequence_plus_context,S8B_R2_sequence_plus_context,1,gatv2_graph_c_sprint8b_sequence_plus_context,gatv2,graph_c_context_observation,S5F2_energy,test,1634,11173,,1,0.8891894817352295,late_fusion
sprint9_multiseed_S8B_R2_seed7_S8B_R2_sequence_plus_context,S8B_R2_sequence_plus_context,1,gatv2_graph_c_sprint8b_sequence_plus_context,gatv2,graph_c_context_observation,S5F2_energy,test,1635,11173,,1,0.3779688775539398,late_fusion
sprint9_multiseed_S8B_R2_seed7_S8B_R2_sequence_plus_context,S8B_R2_sequence_plus_context,1,gatv2_graph_c_sprint8b_sequence_plus_context,gatv2,graph_c_context_observation,S5F2_energy,test,1636,11173,,1,0.7783758044242859,late_fusion
sprint9_multiseed_S8B_R2_seed7_S8B_R2_sequence_plus_context,S8B_R2_sequence_plus_context,1,gatv2_graph_c_sprint8b_sequence_plus_context,gatv2,graph_c_context_observation,S5F2_energy,test,1637,11173,,1,0.8953127861022949,late_fusion
sprint9_multiseed_S8B_R2_seed7_S8B_R2_sequence_plus_context,S8B_R2_sequence_plus_context,1,gatv2_graph_c_sprint8b_sequence_plus_context,gatv2,graph_c_context_observation,S5F2_energy,test,1638,11173,,1,0.8229277729988098,late_fusion
sprint9_multiseed_S8B_R2_seed7_S8B_R2_sequence_plus_context,S8B_R2_sequence_plus_context,1,gatv2_graph_c_sprint8b_sequence_plus_context,gatv2,graph_c_context_observation,S5F2_energy,test,1639,11173,,1,0.9429272413253784,late_fusion
sprint9_multiseed_S8B_R2_seed7_S8B_R2_sequence_plus_context,S8B_R2_sequence_plus_context,1,gatv2_graph_c_sprint8b_sequence_plus_context,gatv2,graph_c_context_observation,S5F2_energy,test,1640,11173,,1,0.9489109516143799,late_fusion
sprint9_multiseed_S8B_R2_seed7_S8B_R2_sequence_plus_context,S8B_R2_sequence_plus_context,1,gatv2_graph_c_sprint8b_sequence_plus_context,gatv2,graph_c_context_observation,S5F2_energy,test,1641,11173,,1,0.9833177328109741,late_fusion
sprint9_multiseed_S8B_R2_seed7_S8B_R2_sequence_plus_context,S8B_R2_sequence_plus_context,1,gatv2_graph_c_sprint8b_sequence_plus_context,gatv2,graph_c_context_observation,S5F2_energy,test,1642,11173,,1,0.924133837223053,late_fusion
sprint9_multiseed_S8B_R2_seed7_S8B_R2_sequence_plus_context,S8B_R2_sequence_plus_context,1,gatv2_graph_c_sprint8b_sequence_plus_context,gatv2,graph_c_context_observation,S5F2_energy,test,1643,11173,,1,0.9601581692695618,late_fusion
sprint9_multiseed_S8B_R2_seed7_S8B_R2_sequence_plus_context,S8B_R2_sequence_plus_context,1,gatv2_graph_c_sprint8b_sequence_plus_context,gatv2,graph_c_context_observation,S5F2_energy,test,1644,11173,,1,0.9257684946060181,late_fusion
sprint9_multiseed_S8B_R2_seed7_S8B_R2_sequence_plus_context,S8B_R2_sequence_plus_context,1,gatv2_graph_c_sprint8b_sequence_plus_context,gatv2,graph_c_context_observation,S5F2_energy,test,1645,11173,,1,0.9785782098770142,late_fusion
sprint9_multiseed_S8B_R2_seed7_S8B_R2_sequence_plus_context,S8B_R2_sequence_plus_context,1,gatv2_graph_c_sprint8b_sequence_plus_context,gatv2,graph_c_context_observation,S5F2_energy,test,1646,11173,,1,0.9810187816619873,late_fusion
sprint9_multiseed_S8B_R2_seed7_S8B_R2_sequence_plus_context,S8B_R2_sequence_plus_context,1,gatv2_graph_c_sprint8b_sequence_plus_context,gatv2,graph_c_context_observation,S5F2_energy,test,1647,11173,,1,0.9842707514762878,late_fusion
sprint9_multiseed_S8B_R2_seed7_S8B_R2_sequence_plus_context,S8B_R2_sequence_plus_context,1,gatv2_graph_c_sprint8b_sequence_plus_context,gatv2,graph_c_context_observation,S5F2_energy,test,1648,11173,,1,0.980552613735199,late_fusion
sprint9_multiseed_S8B_R2_seed7_S8B_R2_sequence_plus_context,S8B_R2_sequence_plus_context,1,gatv2_graph_c_sprint8b_sequence_plus_context,gatv2,graph_c_context_observation,S5F2_energy,test,1649,11173,,1,0.9753267765045166,late_fusion
sprint9_multiseed_S8B_R2_seed7_S8B_R2_sequence_plus_context,S8B_R2_sequence_plus_context,1,gatv2_graph_c_sprint8b_sequence_plus_context,gatv2,graph_c_context_observation,S5F2_energy,test,1650,11173,,1,0.7501040697097778,late_fusion
sprint9_multiseed_S8B_R2_seed7_S8B_R2_sequence_plus_context,S8B_R2_sequence_plus_context,1,gatv2_graph_c_sprint8b_sequence_plus_context,gatv2,graph_c_context_observation,S5F2_energy,test,1651,11173,,1,0.9941059350967407,late_fusion
sprint9_multiseed_S8B_R2_seed7_S8B_R2_sequence_plus_context,S8B_R2_sequence_plus_context,1,gatv2_graph_c_sprint8b_sequence_plus_context,gatv2,graph_c_context_observation,S5F2_energy,test,1652,11173,,1,0.9966458678245544,late_fusion
sprint9_multiseed_S8B_R2_seed7_S8B_R2_sequence_plus_context,S8B_R2_sequence_plus_context,1,gatv2_graph_c_sprint8b_sequence_plus_context,gatv2,graph_c_context_observation,S5F2_energy,test,1653,11173,,1,0.9936196208000183,late_fusion
sprint9_multiseed_S8B_R2_seed7_S8B_R2_sequence_plus_context,S8B_R2_sequence_plus_context,1,gatv2_graph_c_sprint8b_sequence_plus_context,gatv2,graph_c_context_observation,S5F2_energy,test,1654,11173,,1,0.965235710144043,late_fusion
sprint9_multiseed_S8B_R2_seed7_S8B_R2_sequence_plus_context,S8B_R2_sequence_plus_context,1,gatv2_graph_c_sprint8b_sequence_plus_context,gatv2,graph_c_context_observation,S5F2_energy,test,1655,11173,,1,0.98236083984375,late_fusion
sprint9_multiseed_S8B_R2_seed7_S8B_R2_sequence_plus_context,S8B_R2_sequence_plus_context,1,gatv2_graph_c_sprint8b_sequence_plus_context,gatv2,graph_c_context_observation,S5F2_energy,test,1656,11173,,1,0.9701168537139893,late_fusion
sprint9_multiseed_S8B_R2_seed7_S8B_R2_sequence_plus_context,S8B_R2_sequence_plus_context,1,gatv2_graph_c_sprint8b_sequence_plus_context,gatv2,graph_c_context_observation,S5F2_energy,test,1657,11173,,1,0.9473426938056946,late_fusion
sprint9_multiseed_S8B_R2_seed7_S8B_R2_sequence_plus_context,S8B_R2_sequence_plus_context,1,gatv2_graph_c_sprint8b_sequence_plus_context,gatv2,graph_c_context_observation,S5F2_energy,test,1658,11173,,1,0.9951218962669373,late_fusion
sprint9_multiseed_S8B_R2_seed7_S8B_R2_sequence_plus_context,S8B_R2_sequence_plus_context,1,gatv2_graph_c_sprint8b_sequence_plus_context,gatv2,graph_c_context_observation,S5F2_energy,test,1659,11173,,1,0.9953463673591614,late_fusion
sprint9_multiseed_S8B_R2_seed7_S8B_R2_sequence_plus_context,S8B_R2_sequence_plus_context,1,gatv2_graph_c_sprint8b_sequence_plus_context,gatv2,graph_c_context_observation,S5F2_energy,test,1660,11173,,1,0.9273455142974854,late_fusion
sprint9_multiseed_S8B_R2_seed7_S8B_R2_sequence_plus_context,S8B_R2_sequence_plus_context,1,gatv2_graph_c_sprint8b_sequence_plus_context,gatv2,graph_c_context_observation,S5F2_energy,test,1661,11173,,1,0.7881600856781006,late_fusion
sprint9_multiseed_S8B_R2_seed7_S8B_R2_sequence_plus_context,S8B_R2_sequence_plus_context,1,gatv2_graph_c_sprint8b_sequence_plus_context,gatv2,graph_c_context_observation,S5F2_energy,test,1662,11173,,1,0.8961988687515259,late_fusion
sprint9_multiseed_S8B_R2_seed7_S8B_R2_sequence_plus_context,S8B_R2_sequence_plus_context,1,gatv2_graph_c_sprint8b_sequence_plus_context,gatv2,graph_c_context_observation,S5F2_energy,test,1663,11173,,1,0.9034671187400818,late_fusion
sprint9_multiseed_S8B_R2_seed7_S8B_R2_sequence_plus_context,S8B_R2_sequence_plus_context,1,gatv2_graph_c_sprint8b_sequence_plus_context,gatv2,graph_c_context_observation,S5F2_energy,test,1664,11173,,1,0.9980583786964417,late_fusion
sprint9_multiseed_S8B_R2_seed7_S8B_R2_sequence_plus_context,S8B_R2_sequence_plus_context,1,gatv2_graph_c_sprint8b_sequence_plus_context,gatv2,graph_c_context_observation,S5F2_energy,test,1665,11299,,1,0.995262622833252,late_fusion
sprint9_multiseed_S8B_R2_seed7_S8B_R2_sequence_plus_context,S8B_R2_sequence_plus_context,1,gatv2_graph_c_sprint8b_sequence_plus_context,gatv2,graph_c_context_observation,S5F2_energy,test,1666,11299,,1,0.9771392941474915,late_fusion
sprint9_multiseed_S8B_R2_seed7_S8B_R2_sequence_plus_context,S8B_R2_sequence_plus_context,1,gatv2_graph_c_sprint8b_sequence_plus_context,gatv2,graph_c_context_observation,S5F2_energy,test,1667,11299,,1,0.9259023666381836,late_fusion
sprint9_multiseed_S8B_R2_seed7_S8B_R2_sequence_plus_context,S8B_R2_sequence_plus_context,1,gatv2_graph_c_sprint8b_sequence_plus_context,gatv2,graph_c_context_observation,S5F2_energy,test,1668,11299,,1,0.8623634576797485,late_fusion
sprint9_multiseed_S8B_R2_seed7_S8B_R2_sequence_plus_context,S8B_R2_sequence_plus_context,1,gatv2_graph_c_sprint8b_sequence_plus_context,gatv2,graph_c_context_observation,S5F2_energy,test,1669,11299,,1,0.7927204966545105,late_fusion
sprint9_multiseed_S8B_R2_seed7_S8B_R2_sequence_plus_context,S8B_R2_sequence_plus_context,1,gatv2_graph_c_sprint8b_sequence_plus_context,gatv2,graph_c_context_observation,S5F2_energy,test,1670,11299,,1,0.9015588164329529,late_fusion
sprint9_multiseed_S8B_R2_seed7_S8B_R2_sequence_plus_context,S8B_R2_sequence_plus_context,1,gatv2_graph_c_sprint8b_sequence_plus_context,gatv2,graph_c_context_observation,S5F2_energy,test,1671,11299,,1,0.8862316608428955,late_fusion
sprint9_multiseed_S8B_R2_seed7_S8B_R2_sequence_plus_context,S8B_R2_sequence_plus_context,1,gatv2_graph_c_sprint8b_sequence_plus_context,gatv2,graph_c_context_observation,S5F2_energy,test,1672,11299,,1,0.9713683724403381,late_fusion
sprint9_multiseed_S8B_R2_seed7_S8B_R2_sequence_plus_context,S8B_R2_sequence_plus_context,1,gatv2_graph_c_sprint8b_sequence_plus_context,gatv2,graph_c_context_observation,S5F2_energy,test,1673,11299,,1,0.8489635586738586,late_fusion
sprint9_multiseed_S8B_R2_seed7_S8B_R2_sequence_plus_context,S8B_R2_sequence_plus_context,1,gatv2_graph_c_sprint8b_sequence_plus_context,gatv2,graph_c_context_observation,S5F2_energy,test,1674,11299,,1,0.8492720127105713,late_fusion
sprint9_multiseed_S8B_R2_seed7_S8B_R2_sequence_plus_context,S8B_R2_sequence_plus_context,1,gatv2_graph_c_sprint8b_sequence_plus_context,gatv2,graph_c_context_observation,S5F2_energy,test,1675,11299,,1,0.9062640070915222,late_fusion
sprint9_multiseed_S8B_R2_seed7_S8B_R2_sequence_plus_context,S8B_R2_sequence_plus_context,1,gatv2_graph_c_sprint8b_sequence_plus_context,gatv2,graph_c_context_observation,S5F2_energy,test,1676,11487,,1,0.9785878658294678,late_fusion
sprint9_multiseed_S8B_R2_seed7_S8B_R2_sequence_plus_context,S8B_R2_sequence_plus_context,1,gatv2_graph_c_sprint8b_sequence_plus_context,gatv2,graph_c_context_observation,S5F2_energy,test,1677,11487,,1,0.9796239733695984,late_fusion
sprint9_multiseed_S8B_R2_seed7_S8B_R2_sequence_plus_context,S8B_R2_sequence_plus_context,1,gatv2_graph_c_sprint8b_sequence_plus_context,gatv2,graph_c_context_observation,S5F2_energy,test,1678,11487,,1,0.9747753739356995,late_fusion
sprint9_multiseed_S8B_R2_seed7_S8B_R2_sequence_plus_context,S8B_R2_sequence_plus_context,1,gatv2_graph_c_sprint8b_sequence_plus_context,gatv2,graph_c_context_observation,S5F2_energy,test,1679,11487,,1,0.9709513783454895,late_fusion
sprint9_multiseed_S8B_R2_seed7_S8B_R2_sequence_plus_context,S8B_R2_sequence_plus_context,1,gatv2_graph_c_sprint8b_sequence_plus_context,gatv2,graph_c_context_observation,S5F2_energy,test,1680,11487,,1,0.9703495502471924,late_fusion
sprint9_multiseed_S8B_R2_seed7_S8B_R2_sequence_plus_context,S8B_R2_sequence_plus_context,1,gatv2_graph_c_sprint8b_sequence_plus_context,gatv2,graph_c_context_observation,S5F2_energy,test,1681,11487,,1,0.9481815695762634,late_fusion
sprint9_multiseed_S8B_R2_seed7_S8B_R2_sequence_plus_context,S8B_R2_sequence_plus_context,1,gatv2_graph_c_sprint8b_sequence_plus_context,gatv2,graph_c_context_observation,S5F2_energy,test,1682,11487,,1,0.9420570135116577,late_fusion
sprint9_multiseed_S8B_R2_seed7_S8B_R2_sequence_plus_context,S8B_R2_sequence_plus_context,1,gatv2_graph_c_sprint8b_sequence_plus_context,gatv2,graph_c_context_observation,S5F2_energy,test,1683,11487,,1,0.9960377216339111,late_fusion
sprint9_multiseed_S8B_R2_seed7_S8B_R2_sequence_plus_context,S8B_R2_sequence_plus_context,1,gatv2_graph_c_sprint8b_sequence_plus_context,gatv2,graph_c_context_observation,S5F2_energy,test,1684,11487,,1,0.9847748875617981,late_fusion
sprint9_multiseed_S8B_R2_seed7_S8B_R2_sequence_plus_context,S8B_R2_sequence_plus_context,1,gatv2_graph_c_sprint8b_sequence_plus_context,gatv2,graph_c_context_observation,S5F2_energy,test,1685,11487,,1,0.9554294943809509,late_fusion
sprint9_multiseed_S8B_R2_seed7_S8B_R2_sequence_plus_context,S8B_R2_sequence_plus_context,1,gatv2_graph_c_sprint8b_sequence_plus_context,gatv2,graph_c_context_observation,S5F2_energy,test,1686,11487,,1,0.9730607867240906,late_fusion
sprint9_multiseed_S8B_R2_seed7_S8B_R2_sequence_plus_context,S8B_R2_sequence_plus_context,1,gatv2_graph_c_sprint8b_sequence_plus_context,gatv2,graph_c_context_observation,S5F2_energy,test,1687,11487,,1,0.9753943681716919,late_fusion
sprint9_multiseed_S8B_R2_seed7_S8B_R2_sequence_plus_context,S8B_R2_sequence_plus_context,1,gatv2_graph_c_sprint8b_sequence_plus_context,gatv2,graph_c_context_observation,S5F2_energy,test,1688,11487,,1,0.9099483489990234,late_fusion
sprint9_multiseed_S8B_R2_seed7_S8B_R2_sequence_plus_context,S8B_R2_sequence_plus_context,1,gatv2_graph_c_sprint8b_sequence_plus_context,gatv2,graph_c_context_observation,S5F2_energy,test,1689,11506,,1,0.991357684135437,late_fusion
sprint9_multiseed_S8B_R2_seed7_S8B_R2_sequence_plus_context,S8B_R2_sequence_plus_context,1,gatv2_graph_c_sprint8b_sequence_plus_context,gatv2,graph_c_context_observation,S5F2_energy,test,1690,11506,,1,0.9613708853721619,late_fusion
sprint9_multiseed_S8B_R2_seed7_S8B_R2_sequence_plus_context,S8B_R2_sequence_plus_context,1,gatv2_graph_c_sprint8b_sequence_plus_context,gatv2,graph_c_context_observation,S5F2_energy,test,1691,11506,,1,0.8106259703636169,late_fusion
sprint9_multiseed_S8B_R2_seed7_S8B_R2_sequence_plus_context,S8B_R2_sequence_plus_context,1,gatv2_graph_c_sprint8b_sequence_plus_context,gatv2,graph_c_context_observation,S5F2_energy,test,1692,11506,,0,0.9547845125198364,late_fusion
sprint9_multiseed_S8B_R2_seed7_S8B_R2_sequence_plus_context,S8B_R2_sequence_plus_context,1,gatv2_graph_c_sprint8b_sequence_plus_context,gatv2,graph_c_context_observation,S5F2_energy,test,1693,11506,,1,0.9593655467033386,late_fusion
sprint9_multiseed_S8B_R2_seed7_S8B_R2_sequence_plus_context,S8B_R2_sequence_plus_context,1,gatv2_graph_c_sprint8b_sequence_plus_context,gatv2,graph_c_context_observation,S5F2_energy,test,1694,11506,,1,0.9835124611854553,late_fusion
sprint9_multiseed_S8B_R2_seed7_S8B_R2_sequence_plus_context,S8B_R2_sequence_plus_context,1,gatv2_graph_c_sprint8b_sequence_plus_context,gatv2,graph_c_context_observation,S5F2_energy,test,1695,11506,,0,0.9759499430656433,late_fusion
sprint9_multiseed_S8B_R2_seed7_S8B_R2_sequence_plus_context,S8B_R2_sequence_plus_context,1,gatv2_graph_c_sprint8b_sequence_plus_context,gatv2,graph_c_context_observation,S5F2_energy,test,1696,11506,,0,0.7246645092964172,late_fusion
sprint9_multiseed_S8B_R2_seed7_S8B_R2_sequence_plus_context,S8B_R2_sequence_plus_context,1,gatv2_graph_c_sprint8b_sequence_plus_context,gatv2,graph_c_context_observation,S5F2_energy,test,1697,11506,,0,0.8986067175865173,late_fusion
sprint9_multiseed_S8B_R2_seed7_S8B_R2_sequence_plus_context,S8B_R2_sequence_plus_context,1,gatv2_graph_c_sprint8b_sequence_plus_context,gatv2,graph_c_context_observation,S5F2_energy,test,1698,11506,,0,0.7453450560569763,late_fusion
sprint9_multiseed_S8B_R2_seed7_S8B_R2_sequence_plus_context,S8B_R2_sequence_plus_context,1,gatv2_graph_c_sprint8b_sequence_plus_context,gatv2,graph_c_context_observation,S5F2_energy,test,1699,11506,,0,0.9729255437850952,late_fusion
sprint9_multiseed_S8B_R2_seed7_S8B_R2_sequence_plus_context,S8B_R2_sequence_plus_context,1,gatv2_graph_c_sprint8b_sequence_plus_context,gatv2,graph_c_context_observation,S5F2_energy,test,1700,11506,,0,0.5436632633209229,late_fusion
sprint9_multiseed_S8B_R2_seed7_S8B_R2_sequence_plus_context,S8B_R2_sequence_plus_context,1,gatv2_graph_c_sprint8b_sequence_plus_context,gatv2,graph_c_context_observation,S5F2_energy,test,1701,11506,,0,0.9735643267631531,late_fusion
