model_name,graph_schema,feature_set,split,row_index,grna_target_id,genome,label,score
gcn_graph_c_sprint5b_energy,graph_c_context_observation,GraphCContext+S5F2_energy,val,0,176,,1,0.5873783230781555
gcn_graph_c_sprint5b_energy,graph_c_context_observation,GraphCContext+S5F2_energy,val,1,176,,1,0.3205656111240387
gcn_graph_c_sprint5b_energy,graph_c_context_observation,GraphCContext+S5F2_energy,val,2,176,,1,0.1754564493894577
gcn_graph_c_sprint5b_energy,graph_c_context_observation,GraphCContext+S5F2_energy,val,3,176,,1,0.15501952171325684
gcn_graph_c_sprint5b_energy,graph_c_context_observation,GraphCContext+S5F2_energy,val,4,176,,1,0.2486789971590042
gcn_graph_c_sprint5b_energy,graph_c_context_observation,GraphCContext+S5F2_energy,val,5,176,,1,0.13136763870716095
gcn_graph_c_sprint5b_energy,graph_c_context_observation,GraphCContext+S5F2_energy,val,6,176,,1,0.16285976767539978
gcn_graph_c_sprint5b_energy,graph_c_context_observation,GraphCContext+S5F2_energy,val,7,176,,0,0.1724635809659958
gcn_graph_c_sprint5b_energy,graph_c_context_observation,GraphCContext+S5F2_energy,val,8,176,,1,0.14908751845359802
gcn_graph_c_sprint5b_energy,graph_c_context_observation,GraphCContext+S5F2_energy,val,9,176,,1,0.11449743807315826
gcn_graph_c_sprint5b_energy,graph_c_context_observation,GraphCContext+S5F2_energy,val,10,176,,1,0.22249186038970947
gcn_graph_c_sprint5b_energy,graph_c_context_observation,GraphCContext+S5F2_energy,val,11,176,,0,0.26511654257774353
gcn_graph_c_sprint5b_energy,graph_c_context_observation,GraphCContext+S5F2_energy,val,12,176,,1,0.1553349792957306
gcn_graph_c_sprint5b_energy,graph_c_context_observation,GraphCContext+S5F2_energy,val,13,176,,1,0.13037125766277313
gcn_graph_c_sprint5b_energy,graph_c_context_observation,GraphCContext+S5F2_energy,val,14,214,,1,0.7262048125267029
gcn_graph_c_sprint5b_energy,graph_c_context_observation,GraphCContext+S5F2_energy,val,15,214,,1,0.4891608655452728
gcn_graph_c_sprint5b_energy,graph_c_context_observation,GraphCContext+S5F2_energy,val,16,214,,1,0.22132699191570282
gcn_graph_c_sprint5b_energy,graph_c_context_observation,GraphCContext+S5F2_energy,val,17,214,,1,0.3868967294692993
gcn_graph_c_sprint5b_energy,graph_c_context_observation,GraphCContext+S5F2_energy,val,18,214,,1,0.4721095561981201
gcn_graph_c_sprint5b_energy,graph_c_context_observation,GraphCContext+S5F2_energy,val,19,214,,0,0.15117977559566498
gcn_graph_c_sprint5b_energy,graph_c_context_observation,GraphCContext+S5F2_energy,val,20,214,,1,0.15751376748085022
gcn_graph_c_sprint5b_energy,graph_c_context_observation,GraphCContext+S5F2_energy,val,21,214,,0,0.2856178879737854
gcn_graph_c_sprint5b_energy,graph_c_context_observation,GraphCContext+S5F2_energy,val,22,214,,1,0.11600464582443237
gcn_graph_c_sprint5b_energy,graph_c_context_observation,GraphCContext+S5F2_energy,val,23,214,,1,0.13504751026630402
gcn_graph_c_sprint5b_energy,graph_c_context_observation,GraphCContext+S5F2_energy,val,24,214,,0,0.20938445627689362
gcn_graph_c_sprint5b_energy,graph_c_context_observation,GraphCContext+S5F2_energy,val,25,214,,1,0.12204559892416
gcn_graph_c_sprint5b_energy,graph_c_context_observation,GraphCContext+S5F2_energy,val,26,214,,0,0.2838056683540344
gcn_graph_c_sprint5b_energy,graph_c_context_observation,GraphCContext+S5F2_energy,val,27,214,,0,0.2569422721862793
gcn_graph_c_sprint5b_energy,graph_c_context_observation,GraphCContext+S5F2_energy,val,28,310,,1,0.9553559422492981
gcn_graph_c_sprint5b_energy,graph_c_context_observation,GraphCContext+S5F2_energy,val,29,310,,1,0.8644259572029114
gcn_graph_c_sprint5b_energy,graph_c_context_observation,GraphCContext+S5F2_energy,val,30,310,,1,0.6511062383651733
gcn_graph_c_sprint5b_energy,graph_c_context_observation,GraphCContext+S5F2_energy,val,31,310,,1,0.9967849254608154
gcn_graph_c_sprint5b_energy,graph_c_context_observation,GraphCContext+S5F2_energy,val,32,310,,1,0.9984369874000549
gcn_graph_c_sprint5b_energy,graph_c_context_observation,GraphCContext+S5F2_energy,val,33,310,,1,0.9636902213096619
gcn_graph_c_sprint5b_energy,graph_c_context_observation,GraphCContext+S5F2_energy,val,34,310,,1,0.9959461092948914
gcn_graph_c_sprint5b_energy,graph_c_context_observation,GraphCContext+S5F2_energy,val,35,310,,1,0.9956865906715393
gcn_graph_c_sprint5b_energy,graph_c_context_observation,GraphCContext+S5F2_energy,val,36,310,,0,0.5197622776031494
gcn_graph_c_sprint5b_energy,graph_c_context_observation,GraphCContext+S5F2_energy,val,37,310,,1,0.34381991624832153
gcn_graph_c_sprint5b_energy,graph_c_context_observation,GraphCContext+S5F2_energy,val,38,310,,1,0.9891515970230103
gcn_graph_c_sprint5b_energy,graph_c_context_observation,GraphCContext+S5F2_energy,val,39,310,,0,0.6485100388526917
gcn_graph_c_sprint5b_energy,graph_c_context_observation,GraphCContext+S5F2_energy,val,40,322,,1,0.9999011754989624
gcn_graph_c_sprint5b_energy,graph_c_context_observation,GraphCContext+S5F2_energy,val,41,322,,1,0.9997473359107971
gcn_graph_c_sprint5b_energy,graph_c_context_observation,GraphCContext+S5F2_energy,val,42,322,,1,0.9986862540245056
gcn_graph_c_sprint5b_energy,graph_c_context_observation,GraphCContext+S5F2_energy,val,43,322,,1,0.9993196725845337
gcn_graph_c_sprint5b_energy,graph_c_context_observation,GraphCContext+S5F2_energy,val,44,322,,1,0.9995287656784058
gcn_graph_c_sprint5b_energy,graph_c_context_observation,GraphCContext+S5F2_energy,val,45,322,,1,0.3251732289791107
gcn_graph_c_sprint5b_energy,graph_c_context_observation,GraphCContext+S5F2_energy,val,46,322,,1,0.9956527948379517
gcn_graph_c_sprint5b_energy,graph_c_context_observation,GraphCContext+S5F2_energy,val,47,322,,1,0.8213459253311157
gcn_graph_c_sprint5b_energy,graph_c_context_observation,GraphCContext+S5F2_energy,val,48,322,,1,0.9993333220481873
gcn_graph_c_sprint5b_energy,graph_c_context_observation,GraphCContext+S5F2_energy,val,49,541,,1,0.9989649057388306
gcn_graph_c_sprint5b_energy,graph_c_context_observation,GraphCContext+S5F2_energy,val,50,541,,1,0.996528685092926
gcn_graph_c_sprint5b_energy,graph_c_context_observation,GraphCContext+S5F2_energy,val,51,541,,1,0.9964829683303833
gcn_graph_c_sprint5b_energy,graph_c_context_observation,GraphCContext+S5F2_energy,val,52,541,,1,0.999025821685791
gcn_graph_c_sprint5b_energy,graph_c_context_observation,GraphCContext+S5F2_energy,val,53,541,,1,0.9989976286888123
gcn_graph_c_sprint5b_energy,graph_c_context_observation,GraphCContext+S5F2_energy,val,54,541,,1,0.9993569254875183
gcn_graph_c_sprint5b_energy,graph_c_context_observation,GraphCContext+S5F2_energy,val,55,541,,1,0.9990569949150085
gcn_graph_c_sprint5b_energy,graph_c_context_observation,GraphCContext+S5F2_energy,val,56,541,,1,0.997489333152771
gcn_graph_c_sprint5b_energy,graph_c_context_observation,GraphCContext+S5F2_energy,val,57,541,,1,0.9988070726394653
gcn_graph_c_sprint5b_energy,graph_c_context_observation,GraphCContext+S5F2_energy,val,58,541,,1,0.9986262321472168
gcn_graph_c_sprint5b_energy,graph_c_context_observation,GraphCContext+S5F2_energy,val,59,541,,1,0.9880954027175903
gcn_graph_c_sprint5b_energy,graph_c_context_observation,GraphCContext+S5F2_energy,val,60,541,,1,0.9972921013832092
gcn_graph_c_sprint5b_energy,graph_c_context_observation,GraphCContext+S5F2_energy,val,61,541,,1,0.9982852339744568
gcn_graph_c_sprint5b_energy,graph_c_context_observation,GraphCContext+S5F2_energy,val,62,541,,1,0.9992817044258118
gcn_graph_c_sprint5b_energy,graph_c_context_observation,GraphCContext+S5F2_energy,val,63,541,,1,0.9994303584098816
gcn_graph_c_sprint5b_energy,graph_c_context_observation,GraphCContext+S5F2_energy,val,64,541,,1,0.9962311387062073
gcn_graph_c_sprint5b_energy,graph_c_context_observation,GraphCContext+S5F2_energy,val,65,541,,1,0.9986836314201355
gcn_graph_c_sprint5b_energy,graph_c_context_observation,GraphCContext+S5F2_energy,val,66,541,,1,0.9989668130874634
gcn_graph_c_sprint5b_energy,graph_c_context_observation,GraphCContext+S5F2_energy,val,67,541,,1,0.9982267022132874
gcn_graph_c_sprint5b_energy,graph_c_context_observation,GraphCContext+S5F2_energy,val,68,541,,1,0.997788667678833
gcn_graph_c_sprint5b_energy,graph_c_context_observation,GraphCContext+S5F2_energy,val,69,541,,1,0.9981356859207153
gcn_graph_c_sprint5b_energy,graph_c_context_observation,GraphCContext+S5F2_energy,val,70,541,,1,0.9963610768318176
gcn_graph_c_sprint5b_energy,graph_c_context_observation,GraphCContext+S5F2_energy,val,71,541,,1,0.9979744553565979
gcn_graph_c_sprint5b_energy,graph_c_context_observation,GraphCContext+S5F2_energy,val,72,541,,1,0.9961214661598206
gcn_graph_c_sprint5b_energy,graph_c_context_observation,GraphCContext+S5F2_energy,val,73,541,,1,0.9971413016319275
gcn_graph_c_sprint5b_energy,graph_c_context_observation,GraphCContext+S5F2_energy,val,74,541,,1,0.9987885355949402
gcn_graph_c_sprint5b_energy,graph_c_context_observation,GraphCContext+S5F2_energy,val,75,541,,1,0.9980816841125488
gcn_graph_c_sprint5b_energy,graph_c_context_observation,GraphCContext+S5F2_energy,val,76,541,,1,0.9976835250854492
gcn_graph_c_sprint5b_energy,graph_c_context_observation,GraphCContext+S5F2_energy,val,77,541,,1,0.9983108043670654
gcn_graph_c_sprint5b_energy,graph_c_context_observation,GraphCContext+S5F2_energy,val,78,541,,1,0.9983298182487488
gcn_graph_c_sprint5b_energy,graph_c_context_observation,GraphCContext+S5F2_energy,val,79,541,,1,0.9986693859100342
gcn_graph_c_sprint5b_energy,graph_c_context_observation,GraphCContext+S5F2_energy,val,80,541,,1,0.9978246688842773
gcn_graph_c_sprint5b_energy,graph_c_context_observation,GraphCContext+S5F2_energy,val,81,541,,1,0.9991698265075684
gcn_graph_c_sprint5b_energy,graph_c_context_observation,GraphCContext+S5F2_energy,val,82,541,,1,0.9958240985870361
gcn_graph_c_sprint5b_energy,graph_c_context_observation,GraphCContext+S5F2_energy,val,83,541,,1,0.9974201917648315
gcn_graph_c_sprint5b_energy,graph_c_context_observation,GraphCContext+S5F2_energy,val,84,541,,1,0.9989520311355591
gcn_graph_c_sprint5b_energy,graph_c_context_observation,GraphCContext+S5F2_energy,val,85,541,,1,0.9978299736976624
gcn_graph_c_sprint5b_energy,graph_c_context_observation,GraphCContext+S5F2_energy,val,86,541,,1,0.996656060218811
gcn_graph_c_sprint5b_energy,graph_c_context_observation,GraphCContext+S5F2_energy,val,87,541,,1,0.9979756474494934
gcn_graph_c_sprint5b_energy,graph_c_context_observation,GraphCContext+S5F2_energy,val,88,541,,1,0.9982962012290955
gcn_graph_c_sprint5b_energy,graph_c_context_observation,GraphCContext+S5F2_energy,val,89,541,,1,0.9973850846290588
gcn_graph_c_sprint5b_energy,graph_c_context_observation,GraphCContext+S5F2_energy,val,90,541,,1,0.9967607855796814
gcn_graph_c_sprint5b_energy,graph_c_context_observation,GraphCContext+S5F2_energy,val,91,541,,1,0.9680009484291077
gcn_graph_c_sprint5b_energy,graph_c_context_observation,GraphCContext+S5F2_energy,val,92,541,,1,0.9977700710296631
gcn_graph_c_sprint5b_energy,graph_c_context_observation,GraphCContext+S5F2_energy,val,93,541,,1,0.9984427094459534
gcn_graph_c_sprint5b_energy,graph_c_context_observation,GraphCContext+S5F2_energy,val,94,541,,1,0.997376561164856
gcn_graph_c_sprint5b_energy,graph_c_context_observation,GraphCContext+S5F2_energy,val,95,541,,1,0.9980509281158447
gcn_graph_c_sprint5b_energy,graph_c_context_observation,GraphCContext+S5F2_energy,val,96,541,,1,0.9985059499740601
gcn_graph_c_sprint5b_energy,graph_c_context_observation,GraphCContext+S5F2_energy,val,97,541,,1,0.9983733892440796
gcn_graph_c_sprint5b_energy,graph_c_context_observation,GraphCContext+S5F2_energy,val,98,541,,1,0.997642457485199
gcn_graph_c_sprint5b_energy,graph_c_context_observation,GraphCContext+S5F2_energy,val,99,541,,1,0.9978777170181274
gcn_graph_c_sprint5b_energy,graph_c_context_observation,GraphCContext+S5F2_energy,val,100,541,,1,0.9985380172729492
gcn_graph_c_sprint5b_energy,graph_c_context_observation,GraphCContext+S5F2_energy,val,101,541,,1,0.9989338517189026
gcn_graph_c_sprint5b_energy,graph_c_context_observation,GraphCContext+S5F2_energy,val,102,541,,1,0.985414981842041
gcn_graph_c_sprint5b_energy,graph_c_context_observation,GraphCContext+S5F2_energy,val,103,541,,1,0.9747047424316406
gcn_graph_c_sprint5b_energy,graph_c_context_observation,GraphCContext+S5F2_energy,val,104,541,,1,0.9966539144515991
gcn_graph_c_sprint5b_energy,graph_c_context_observation,GraphCContext+S5F2_energy,val,105,541,,1,0.9971950054168701
gcn_graph_c_sprint5b_energy,graph_c_context_observation,GraphCContext+S5F2_energy,val,106,541,,1,0.9985296726226807
gcn_graph_c_sprint5b_energy,graph_c_context_observation,GraphCContext+S5F2_energy,val,107,541,,1,0.9979234933853149
gcn_graph_c_sprint5b_energy,graph_c_context_observation,GraphCContext+S5F2_energy,val,108,541,,1,0.9983892440795898
gcn_graph_c_sprint5b_energy,graph_c_context_observation,GraphCContext+S5F2_energy,val,109,625,,1,0.9998526573181152
gcn_graph_c_sprint5b_energy,graph_c_context_observation,GraphCContext+S5F2_energy,val,110,625,,1,0.999183714389801
gcn_graph_c_sprint5b_energy,graph_c_context_observation,GraphCContext+S5F2_energy,val,111,625,,1,0.9986853003501892
gcn_graph_c_sprint5b_energy,graph_c_context_observation,GraphCContext+S5F2_energy,val,112,625,,1,0.9994723200798035
gcn_graph_c_sprint5b_energy,graph_c_context_observation,GraphCContext+S5F2_energy,val,113,625,,1,0.9991750121116638
gcn_graph_c_sprint5b_energy,graph_c_context_observation,GraphCContext+S5F2_energy,val,114,625,,1,0.9980224370956421
gcn_graph_c_sprint5b_energy,graph_c_context_observation,GraphCContext+S5F2_energy,val,115,625,,1,0.9984272718429565
gcn_graph_c_sprint5b_energy,graph_c_context_observation,GraphCContext+S5F2_energy,val,116,625,,1,0.9986151456832886
gcn_graph_c_sprint5b_energy,graph_c_context_observation,GraphCContext+S5F2_energy,val,117,625,,1,0.9993333220481873
gcn_graph_c_sprint5b_energy,graph_c_context_observation,GraphCContext+S5F2_energy,val,118,625,,1,0.9974135756492615
gcn_graph_c_sprint5b_energy,graph_c_context_observation,GraphCContext+S5F2_energy,val,119,779,,1,0.971820056438446
gcn_graph_c_sprint5b_energy,graph_c_context_observation,GraphCContext+S5F2_energy,val,120,779,,1,0.9907929301261902
gcn_graph_c_sprint5b_energy,graph_c_context_observation,GraphCContext+S5F2_energy,val,121,779,,1,0.8271765112876892
gcn_graph_c_sprint5b_energy,graph_c_context_observation,GraphCContext+S5F2_energy,val,122,779,,1,0.9391997456550598
gcn_graph_c_sprint5b_energy,graph_c_context_observation,GraphCContext+S5F2_energy,val,123,779,,1,0.5445190072059631
gcn_graph_c_sprint5b_energy,graph_c_context_observation,GraphCContext+S5F2_energy,val,124,779,,1,0.6136522889137268
gcn_graph_c_sprint5b_energy,graph_c_context_observation,GraphCContext+S5F2_energy,val,125,779,,1,0.7953182458877563
gcn_graph_c_sprint5b_energy,graph_c_context_observation,GraphCContext+S5F2_energy,val,126,779,,1,0.47765424847602844
gcn_graph_c_sprint5b_energy,graph_c_context_observation,GraphCContext+S5F2_energy,val,127,779,,1,0.9055288434028625
gcn_graph_c_sprint5b_energy,graph_c_context_observation,GraphCContext+S5F2_energy,val,128,779,,1,0.5790571570396423
gcn_graph_c_sprint5b_energy,graph_c_context_observation,GraphCContext+S5F2_energy,val,129,541,,1,0.7165104746818542
gcn_graph_c_sprint5b_energy,graph_c_context_observation,GraphCContext+S5F2_energy,val,130,541,,1,0.5030894875526428
gcn_graph_c_sprint5b_energy,graph_c_context_observation,GraphCContext+S5F2_energy,val,131,541,,1,0.2919633388519287
gcn_graph_c_sprint5b_energy,graph_c_context_observation,GraphCContext+S5F2_energy,val,132,541,,1,0.11306940019130707
gcn_graph_c_sprint5b_energy,graph_c_context_observation,GraphCContext+S5F2_energy,val,133,541,,1,0.1970236599445343
gcn_graph_c_sprint5b_energy,graph_c_context_observation,GraphCContext+S5F2_energy,val,134,541,,1,0.21307587623596191
gcn_graph_c_sprint5b_energy,graph_c_context_observation,GraphCContext+S5F2_energy,val,135,541,,1,0.2213750034570694
gcn_graph_c_sprint5b_energy,graph_c_context_observation,GraphCContext+S5F2_energy,val,136,541,,1,0.2863370478153229
gcn_graph_c_sprint5b_energy,graph_c_context_observation,GraphCContext+S5F2_energy,val,137,541,,1,0.39674821496009827
gcn_graph_c_sprint5b_energy,graph_c_context_observation,GraphCContext+S5F2_energy,val,138,541,,1,0.18948684632778168
gcn_graph_c_sprint5b_energy,graph_c_context_observation,GraphCContext+S5F2_energy,val,139,541,,1,0.14863234758377075
gcn_graph_c_sprint5b_energy,graph_c_context_observation,GraphCContext+S5F2_energy,val,140,541,,1,0.2896270453929901
gcn_graph_c_sprint5b_energy,graph_c_context_observation,GraphCContext+S5F2_energy,val,141,541,,1,0.4273063838481903
gcn_graph_c_sprint5b_energy,graph_c_context_observation,GraphCContext+S5F2_energy,val,142,541,,1,0.2073100358247757
gcn_graph_c_sprint5b_energy,graph_c_context_observation,GraphCContext+S5F2_energy,val,143,541,,1,0.416266530752182
gcn_graph_c_sprint5b_energy,graph_c_context_observation,GraphCContext+S5F2_energy,val,144,541,,1,0.3419760465621948
gcn_graph_c_sprint5b_energy,graph_c_context_observation,GraphCContext+S5F2_energy,val,145,541,,1,0.27374428510665894
gcn_graph_c_sprint5b_energy,graph_c_context_observation,GraphCContext+S5F2_energy,val,146,541,,0,0.27833959460258484
gcn_graph_c_sprint5b_energy,graph_c_context_observation,GraphCContext+S5F2_energy,val,147,541,,1,0.21245811879634857
gcn_graph_c_sprint5b_energy,graph_c_context_observation,GraphCContext+S5F2_energy,val,148,541,,1,0.6058704257011414
gcn_graph_c_sprint5b_energy,graph_c_context_observation,GraphCContext+S5F2_energy,val,149,541,,1,0.3464588224887848
gcn_graph_c_sprint5b_energy,graph_c_context_observation,GraphCContext+S5F2_energy,val,150,541,,1,0.13436312973499298
gcn_graph_c_sprint5b_energy,graph_c_context_observation,GraphCContext+S5F2_energy,val,151,541,,0,0.5352867245674133
gcn_graph_c_sprint5b_energy,graph_c_context_observation,GraphCContext+S5F2_energy,val,152,541,,1,0.11975707858800888
gcn_graph_c_sprint5b_energy,graph_c_context_observation,GraphCContext+S5F2_energy,val,153,1272,,0,0.15034177899360657
gcn_graph_c_sprint5b_energy,graph_c_context_observation,GraphCContext+S5F2_energy,val,154,1272,,0,0.19995345175266266
gcn_graph_c_sprint5b_energy,graph_c_context_observation,GraphCContext+S5F2_energy,val,155,1272,,1,0.32237881422042847
gcn_graph_c_sprint5b_energy,graph_c_context_observation,GraphCContext+S5F2_energy,val,156,1272,,0,0.2572261691093445
gcn_graph_c_sprint5b_energy,graph_c_context_observation,GraphCContext+S5F2_energy,val,157,1272,,0,0.11982027441263199
gcn_graph_c_sprint5b_energy,graph_c_context_observation,GraphCContext+S5F2_energy,val,158,1272,,0,0.43412110209465027
gcn_graph_c_sprint5b_energy,graph_c_context_observation,GraphCContext+S5F2_energy,val,159,1272,,0,0.13041849434375763
gcn_graph_c_sprint5b_energy,graph_c_context_observation,GraphCContext+S5F2_energy,val,160,1272,,0,0.18856137990951538
gcn_graph_c_sprint5b_energy,graph_c_context_observation,GraphCContext+S5F2_energy,val,161,1272,,0,0.22842204570770264
gcn_graph_c_sprint5b_energy,graph_c_context_observation,GraphCContext+S5F2_energy,val,162,1272,,0,0.2532865107059479
gcn_graph_c_sprint5b_energy,graph_c_context_observation,GraphCContext+S5F2_energy,val,163,1288,,1,0.030751219019293785
gcn_graph_c_sprint5b_energy,graph_c_context_observation,GraphCContext+S5F2_energy,val,164,1288,,1,0.029093753546476364
gcn_graph_c_sprint5b_energy,graph_c_context_observation,GraphCContext+S5F2_energy,val,165,1288,,0,0.017286716029047966
gcn_graph_c_sprint5b_energy,graph_c_context_observation,GraphCContext+S5F2_energy,val,166,1288,,0,0.044856250286102295
gcn_graph_c_sprint5b_energy,graph_c_context_observation,GraphCContext+S5F2_energy,val,167,1288,,0,0.01538046170026064
gcn_graph_c_sprint5b_energy,graph_c_context_observation,GraphCContext+S5F2_energy,val,168,1288,,0,0.025844570249319077
gcn_graph_c_sprint5b_energy,graph_c_context_observation,GraphCContext+S5F2_energy,val,169,1288,,0,0.014759376645088196
gcn_graph_c_sprint5b_energy,graph_c_context_observation,GraphCContext+S5F2_energy,val,170,1288,,0,0.02285756543278694
gcn_graph_c_sprint5b_energy,graph_c_context_observation,GraphCContext+S5F2_energy,val,171,1288,,0,0.029578184708952904
gcn_graph_c_sprint5b_energy,graph_c_context_observation,GraphCContext+S5F2_energy,val,172,1288,,0,0.05818156152963638
gcn_graph_c_sprint5b_energy,graph_c_context_observation,GraphCContext+S5F2_energy,val,173,1288,,0,0.05204250290989876
gcn_graph_c_sprint5b_energy,graph_c_context_observation,GraphCContext+S5F2_energy,val,174,1359,,0,0.5758640170097351
gcn_graph_c_sprint5b_energy,graph_c_context_observation,GraphCContext+S5F2_energy,val,175,1359,,0,0.3710058927536011
gcn_graph_c_sprint5b_energy,graph_c_context_observation,GraphCContext+S5F2_energy,val,176,1359,,0,0.4451555013656616
gcn_graph_c_sprint5b_energy,graph_c_context_observation,GraphCContext+S5F2_energy,val,177,1359,,0,0.44412705302238464
gcn_graph_c_sprint5b_energy,graph_c_context_observation,GraphCContext+S5F2_energy,val,178,1359,,0,0.5681074857711792
gcn_graph_c_sprint5b_energy,graph_c_context_observation,GraphCContext+S5F2_energy,val,179,1359,,0,0.40031057596206665
gcn_graph_c_sprint5b_energy,graph_c_context_observation,GraphCContext+S5F2_energy,val,180,1359,,0,0.5690544247627258
gcn_graph_c_sprint5b_energy,graph_c_context_observation,GraphCContext+S5F2_energy,val,181,1359,,0,0.4679594933986664
gcn_graph_c_sprint5b_energy,graph_c_context_observation,GraphCContext+S5F2_energy,val,182,1359,,0,0.5641724467277527
gcn_graph_c_sprint5b_energy,graph_c_context_observation,GraphCContext+S5F2_energy,val,183,1359,,0,0.7803438901901245
gcn_graph_c_sprint5b_energy,graph_c_context_observation,GraphCContext+S5F2_energy,val,184,1359,,0,0.3333434462547302
gcn_graph_c_sprint5b_energy,graph_c_context_observation,GraphCContext+S5F2_energy,val,185,1359,,0,0.49010592699050903
gcn_graph_c_sprint5b_energy,graph_c_context_observation,GraphCContext+S5F2_energy,val,186,2711,,1,0.9652286171913147
gcn_graph_c_sprint5b_energy,graph_c_context_observation,GraphCContext+S5F2_energy,val,187,2711,,1,0.6844638586044312
gcn_graph_c_sprint5b_energy,graph_c_context_observation,GraphCContext+S5F2_energy,val,188,2711,,1,0.48801472783088684
gcn_graph_c_sprint5b_energy,graph_c_context_observation,GraphCContext+S5F2_energy,val,189,2711,,1,0.9446008205413818
gcn_graph_c_sprint5b_energy,graph_c_context_observation,GraphCContext+S5F2_energy,val,190,2711,,1,0.5856802463531494
gcn_graph_c_sprint5b_energy,graph_c_context_observation,GraphCContext+S5F2_energy,val,191,2711,,1,0.6385336518287659
gcn_graph_c_sprint5b_energy,graph_c_context_observation,GraphCContext+S5F2_energy,val,192,2711,,1,0.8114895224571228
gcn_graph_c_sprint5b_energy,graph_c_context_observation,GraphCContext+S5F2_energy,val,193,2711,,1,0.7857568264007568
gcn_graph_c_sprint5b_energy,graph_c_context_observation,GraphCContext+S5F2_energy,val,194,2711,,1,0.8282767534255981
gcn_graph_c_sprint5b_energy,graph_c_context_observation,GraphCContext+S5F2_energy,val,195,2711,,1,0.6655697226524353
gcn_graph_c_sprint5b_energy,graph_c_context_observation,GraphCContext+S5F2_energy,val,196,2711,,1,0.8650226593017578
gcn_graph_c_sprint5b_energy,graph_c_context_observation,GraphCContext+S5F2_energy,val,197,2711,,1,0.7941828370094299
gcn_graph_c_sprint5b_energy,graph_c_context_observation,GraphCContext+S5F2_energy,val,198,2711,,1,0.735716700553894
gcn_graph_c_sprint5b_energy,graph_c_context_observation,GraphCContext+S5F2_energy,val,199,2711,,1,0.6884124875068665
gcn_graph_c_sprint5b_energy,graph_c_context_observation,GraphCContext+S5F2_energy,val,200,2711,,1,0.4655489921569824
gcn_graph_c_sprint5b_energy,graph_c_context_observation,GraphCContext+S5F2_energy,val,201,2711,,1,0.7486318945884705
gcn_graph_c_sprint5b_energy,graph_c_context_observation,GraphCContext+S5F2_energy,val,202,2711,,1,0.9380674362182617
gcn_graph_c_sprint5b_energy,graph_c_context_observation,GraphCContext+S5F2_energy,val,203,2711,,1,0.8159315586090088
gcn_graph_c_sprint5b_energy,graph_c_context_observation,GraphCContext+S5F2_energy,val,204,2711,,1,0.8207887411117554
gcn_graph_c_sprint5b_energy,graph_c_context_observation,GraphCContext+S5F2_energy,val,205,2711,,1,0.6828302145004272
gcn_graph_c_sprint5b_energy,graph_c_context_observation,GraphCContext+S5F2_energy,val,206,2711,,1,0.6577168107032776
gcn_graph_c_sprint5b_energy,graph_c_context_observation,GraphCContext+S5F2_energy,val,207,2711,,1,0.6588206887245178
gcn_graph_c_sprint5b_energy,graph_c_context_observation,GraphCContext+S5F2_energy,val,208,2711,,1,0.4538089334964752
gcn_graph_c_sprint5b_energy,graph_c_context_observation,GraphCContext+S5F2_energy,val,209,2711,,1,0.5408077836036682
gcn_graph_c_sprint5b_energy,graph_c_context_observation,GraphCContext+S5F2_energy,val,210,2711,,1,0.7926948070526123
gcn_graph_c_sprint5b_energy,graph_c_context_observation,GraphCContext+S5F2_energy,val,211,2711,,1,0.4448520541191101
gcn_graph_c_sprint5b_energy,graph_c_context_observation,GraphCContext+S5F2_energy,val,212,2711,,1,0.7113164663314819
gcn_graph_c_sprint5b_energy,graph_c_context_observation,GraphCContext+S5F2_energy,val,213,2711,,1,0.9383811950683594
gcn_graph_c_sprint5b_energy,graph_c_context_observation,GraphCContext+S5F2_energy,val,214,2711,,1,0.6260652542114258
gcn_graph_c_sprint5b_energy,graph_c_context_observation,GraphCContext+S5F2_energy,val,215,2711,,1,0.7678724527359009
gcn_graph_c_sprint5b_energy,graph_c_context_observation,GraphCContext+S5F2_energy,val,216,2711,,1,0.28551241755485535
gcn_graph_c_sprint5b_energy,graph_c_context_observation,GraphCContext+S5F2_energy,val,217,2711,,1,0.8602772355079651
gcn_graph_c_sprint5b_energy,graph_c_context_observation,GraphCContext+S5F2_energy,val,218,2711,,1,0.8332513570785522
gcn_graph_c_sprint5b_energy,graph_c_context_observation,GraphCContext+S5F2_energy,val,219,2711,,1,0.7815136313438416
gcn_graph_c_sprint5b_energy,graph_c_context_observation,GraphCContext+S5F2_energy,val,220,2711,,1,0.4485187232494354
gcn_graph_c_sprint5b_energy,graph_c_context_observation,GraphCContext+S5F2_energy,val,221,2711,,1,0.651242196559906
gcn_graph_c_sprint5b_energy,graph_c_context_observation,GraphCContext+S5F2_energy,val,222,2711,,1,0.804320752620697
gcn_graph_c_sprint5b_energy,graph_c_context_observation,GraphCContext+S5F2_energy,val,223,2711,,1,0.5606831312179565
gcn_graph_c_sprint5b_energy,graph_c_context_observation,GraphCContext+S5F2_energy,val,224,2711,,1,0.4920622408390045
gcn_graph_c_sprint5b_energy,graph_c_context_observation,GraphCContext+S5F2_energy,val,225,2711,,1,0.6014820337295532
gcn_graph_c_sprint5b_energy,graph_c_context_observation,GraphCContext+S5F2_energy,val,226,2711,,1,0.6416888236999512
gcn_graph_c_sprint5b_energy,graph_c_context_observation,GraphCContext+S5F2_energy,val,227,2711,,1,0.6558992266654968
gcn_graph_c_sprint5b_energy,graph_c_context_observation,GraphCContext+S5F2_energy,val,228,2711,,1,0.4437667429447174
gcn_graph_c_sprint5b_energy,graph_c_context_observation,GraphCContext+S5F2_energy,val,229,2711,,1,0.8053842186927795
gcn_graph_c_sprint5b_energy,graph_c_context_observation,GraphCContext+S5F2_energy,val,230,2711,,1,0.8358278870582581
gcn_graph_c_sprint5b_energy,graph_c_context_observation,GraphCContext+S5F2_energy,val,231,2711,,1,0.7058682441711426
gcn_graph_c_sprint5b_energy,graph_c_context_observation,GraphCContext+S5F2_energy,val,232,2711,,1,0.8782400488853455
gcn_graph_c_sprint5b_energy,graph_c_context_observation,GraphCContext+S5F2_energy,val,233,2711,,1,0.5921851396560669
gcn_graph_c_sprint5b_energy,graph_c_context_observation,GraphCContext+S5F2_energy,val,234,2711,,1,0.53423672914505
gcn_graph_c_sprint5b_energy,graph_c_context_observation,GraphCContext+S5F2_energy,val,235,2711,,1,0.7436673045158386
gcn_graph_c_sprint5b_energy,graph_c_context_observation,GraphCContext+S5F2_energy,val,236,2711,,1,0.42477208375930786
gcn_graph_c_sprint5b_energy,graph_c_context_observation,GraphCContext+S5F2_energy,val,237,2711,,1,0.8875601887702942
gcn_graph_c_sprint5b_energy,graph_c_context_observation,GraphCContext+S5F2_energy,val,238,2711,,1,0.5176788568496704
gcn_graph_c_sprint5b_energy,graph_c_context_observation,GraphCContext+S5F2_energy,val,239,2711,,1,0.7316585183143616
gcn_graph_c_sprint5b_energy,graph_c_context_observation,GraphCContext+S5F2_energy,val,240,2711,,1,0.6670901775360107
gcn_graph_c_sprint5b_energy,graph_c_context_observation,GraphCContext+S5F2_energy,val,241,2711,,1,0.6077046394348145
gcn_graph_c_sprint5b_energy,graph_c_context_observation,GraphCContext+S5F2_energy,val,242,2711,,1,0.9273648858070374
gcn_graph_c_sprint5b_energy,graph_c_context_observation,GraphCContext+S5F2_energy,val,243,2711,,1,0.8219693303108215
gcn_graph_c_sprint5b_energy,graph_c_context_observation,GraphCContext+S5F2_energy,val,244,2711,,1,0.7925189733505249
gcn_graph_c_sprint5b_energy,graph_c_context_observation,GraphCContext+S5F2_energy,val,245,2711,,1,0.6673794388771057
gcn_graph_c_sprint5b_energy,graph_c_context_observation,GraphCContext+S5F2_energy,val,246,2711,,1,0.4723014235496521
gcn_graph_c_sprint5b_energy,graph_c_context_observation,GraphCContext+S5F2_energy,val,247,2711,,1,0.7608180642127991
gcn_graph_c_sprint5b_energy,graph_c_context_observation,GraphCContext+S5F2_energy,val,248,2711,,1,0.742367148399353
gcn_graph_c_sprint5b_energy,graph_c_context_observation,GraphCContext+S5F2_energy,val,249,2711,,1,0.8108747005462646
gcn_graph_c_sprint5b_energy,graph_c_context_observation,GraphCContext+S5F2_energy,val,250,2711,,1,0.6505959033966064
gcn_graph_c_sprint5b_energy,graph_c_context_observation,GraphCContext+S5F2_energy,val,251,2711,,1,0.7085230350494385
gcn_graph_c_sprint5b_energy,graph_c_context_observation,GraphCContext+S5F2_energy,val,252,2711,,1,0.822702169418335
gcn_graph_c_sprint5b_energy,graph_c_context_observation,GraphCContext+S5F2_energy,val,253,2711,,1,0.5671892166137695
gcn_graph_c_sprint5b_energy,graph_c_context_observation,GraphCContext+S5F2_energy,val,254,2711,,1,0.7275543808937073
gcn_graph_c_sprint5b_energy,graph_c_context_observation,GraphCContext+S5F2_energy,val,255,2711,,1,0.5668818950653076
gcn_graph_c_sprint5b_energy,graph_c_context_observation,GraphCContext+S5F2_energy,val,256,2711,,1,0.7239434719085693
gcn_graph_c_sprint5b_energy,graph_c_context_observation,GraphCContext+S5F2_energy,val,257,2711,,1,0.579655647277832
gcn_graph_c_sprint5b_energy,graph_c_context_observation,GraphCContext+S5F2_energy,val,258,2711,,1,0.6157474517822266
gcn_graph_c_sprint5b_energy,graph_c_context_observation,GraphCContext+S5F2_energy,val,259,2711,,1,0.656440019607544
gcn_graph_c_sprint5b_energy,graph_c_context_observation,GraphCContext+S5F2_energy,val,260,2711,,1,0.6429438591003418
gcn_graph_c_sprint5b_energy,graph_c_context_observation,GraphCContext+S5F2_energy,val,261,2711,,1,0.7680033445358276
gcn_graph_c_sprint5b_energy,graph_c_context_observation,GraphCContext+S5F2_energy,val,262,2711,,1,0.7990943789482117
gcn_graph_c_sprint5b_energy,graph_c_context_observation,GraphCContext+S5F2_energy,val,263,2711,,1,0.6388688683509827
gcn_graph_c_sprint5b_energy,graph_c_context_observation,GraphCContext+S5F2_energy,val,264,2711,,1,0.6730578541755676
gcn_graph_c_sprint5b_energy,graph_c_context_observation,GraphCContext+S5F2_energy,val,265,2711,,1,0.6939870119094849
gcn_graph_c_sprint5b_energy,graph_c_context_observation,GraphCContext+S5F2_energy,val,266,2711,,1,0.4701315462589264
gcn_graph_c_sprint5b_energy,graph_c_context_observation,GraphCContext+S5F2_energy,val,267,2711,,1,0.6792079210281372
gcn_graph_c_sprint5b_energy,graph_c_context_observation,GraphCContext+S5F2_energy,val,268,2711,,1,0.41005876660346985
gcn_graph_c_sprint5b_energy,graph_c_context_observation,GraphCContext+S5F2_energy,val,269,2711,,1,0.7975590229034424
gcn_graph_c_sprint5b_energy,graph_c_context_observation,GraphCContext+S5F2_energy,val,270,2711,,1,0.8471912145614624
gcn_graph_c_sprint5b_energy,graph_c_context_observation,GraphCContext+S5F2_energy,val,271,2711,,1,0.5118657946586609
gcn_graph_c_sprint5b_energy,graph_c_context_observation,GraphCContext+S5F2_energy,val,272,2711,,1,0.6555051207542419
gcn_graph_c_sprint5b_energy,graph_c_context_observation,GraphCContext+S5F2_energy,val,273,2711,,1,0.5124837756156921
gcn_graph_c_sprint5b_energy,graph_c_context_observation,GraphCContext+S5F2_energy,val,274,2711,,1,0.4286741614341736
gcn_graph_c_sprint5b_energy,graph_c_context_observation,GraphCContext+S5F2_energy,val,275,2711,,1,0.6712570786476135
gcn_graph_c_sprint5b_energy,graph_c_context_observation,GraphCContext+S5F2_energy,val,276,2711,,1,0.7274458408355713
gcn_graph_c_sprint5b_energy,graph_c_context_observation,GraphCContext+S5F2_energy,val,277,2711,,1,0.7209294438362122
gcn_graph_c_sprint5b_energy,graph_c_context_observation,GraphCContext+S5F2_energy,val,278,2711,,1,0.5596123337745667
gcn_graph_c_sprint5b_energy,graph_c_context_observation,GraphCContext+S5F2_energy,val,279,2711,,1,0.6189249753952026
gcn_graph_c_sprint5b_energy,graph_c_context_observation,GraphCContext+S5F2_energy,val,280,2711,,1,0.6223015189170837
gcn_graph_c_sprint5b_energy,graph_c_context_observation,GraphCContext+S5F2_energy,val,281,2711,,1,0.6932674050331116
gcn_graph_c_sprint5b_energy,graph_c_context_observation,GraphCContext+S5F2_energy,val,282,2711,,1,0.7801887392997742
gcn_graph_c_sprint5b_energy,graph_c_context_observation,GraphCContext+S5F2_energy,val,283,2711,,1,0.5052520632743835
gcn_graph_c_sprint5b_energy,graph_c_context_observation,GraphCContext+S5F2_energy,val,284,2711,,1,0.4818267822265625
gcn_graph_c_sprint5b_energy,graph_c_context_observation,GraphCContext+S5F2_energy,val,285,2711,,1,0.6772698760032654
gcn_graph_c_sprint5b_energy,graph_c_context_observation,GraphCContext+S5F2_energy,val,286,2711,,1,0.6048849821090698
gcn_graph_c_sprint5b_energy,graph_c_context_observation,GraphCContext+S5F2_energy,val,287,2711,,1,0.7716668844223022
gcn_graph_c_sprint5b_energy,graph_c_context_observation,GraphCContext+S5F2_energy,val,288,2711,,1,0.6750339865684509
gcn_graph_c_sprint5b_energy,graph_c_context_observation,GraphCContext+S5F2_energy,val,289,2711,,1,0.42197099328041077
gcn_graph_c_sprint5b_energy,graph_c_context_observation,GraphCContext+S5F2_energy,val,290,2711,,1,0.6739329695701599
gcn_graph_c_sprint5b_energy,graph_c_context_observation,GraphCContext+S5F2_energy,val,291,2711,,1,0.7532811164855957
gcn_graph_c_sprint5b_energy,graph_c_context_observation,GraphCContext+S5F2_energy,val,292,2711,,1,0.5289798974990845
gcn_graph_c_sprint5b_energy,graph_c_context_observation,GraphCContext+S5F2_energy,val,293,2711,,1,0.6874856948852539
gcn_graph_c_sprint5b_energy,graph_c_context_observation,GraphCContext+S5F2_energy,val,294,2711,,1,0.6952093839645386
gcn_graph_c_sprint5b_energy,graph_c_context_observation,GraphCContext+S5F2_energy,val,295,2711,,1,0.7464772462844849
gcn_graph_c_sprint5b_energy,graph_c_context_observation,GraphCContext+S5F2_energy,val,296,2711,,1,0.3558444678783417
gcn_graph_c_sprint5b_energy,graph_c_context_observation,GraphCContext+S5F2_energy,val,297,2711,,1,0.8525470495223999
gcn_graph_c_sprint5b_energy,graph_c_context_observation,GraphCContext+S5F2_energy,val,298,2711,,1,0.646826446056366
gcn_graph_c_sprint5b_energy,graph_c_context_observation,GraphCContext+S5F2_energy,val,299,2711,,1,0.7318155169487
gcn_graph_c_sprint5b_energy,graph_c_context_observation,GraphCContext+S5F2_energy,val,300,2711,,1,0.6189458966255188
gcn_graph_c_sprint5b_energy,graph_c_context_observation,GraphCContext+S5F2_energy,val,301,2711,,1,0.7684237957000732
gcn_graph_c_sprint5b_energy,graph_c_context_observation,GraphCContext+S5F2_energy,val,302,2711,,1,0.5567345023155212
gcn_graph_c_sprint5b_energy,graph_c_context_observation,GraphCContext+S5F2_energy,val,303,2711,,1,0.6376214027404785
gcn_graph_c_sprint5b_energy,graph_c_context_observation,GraphCContext+S5F2_energy,val,304,2711,,1,0.5550520420074463
gcn_graph_c_sprint5b_energy,graph_c_context_observation,GraphCContext+S5F2_energy,val,305,2711,,1,0.639754056930542
gcn_graph_c_sprint5b_energy,graph_c_context_observation,GraphCContext+S5F2_energy,val,306,2711,,1,0.9603912830352783
gcn_graph_c_sprint5b_energy,graph_c_context_observation,GraphCContext+S5F2_energy,val,307,2711,,1,0.5962663888931274
gcn_graph_c_sprint5b_energy,graph_c_context_observation,GraphCContext+S5F2_energy,val,308,2711,,1,0.47846320271492004
gcn_graph_c_sprint5b_energy,graph_c_context_observation,GraphCContext+S5F2_energy,val,309,2711,,1,0.2835119962692261
gcn_graph_c_sprint5b_energy,graph_c_context_observation,GraphCContext+S5F2_energy,val,310,2711,,1,0.627050518989563
gcn_graph_c_sprint5b_energy,graph_c_context_observation,GraphCContext+S5F2_energy,val,311,2711,,1,0.6293311715126038
gcn_graph_c_sprint5b_energy,graph_c_context_observation,GraphCContext+S5F2_energy,val,312,2711,,1,0.5838499665260315
gcn_graph_c_sprint5b_energy,graph_c_context_observation,GraphCContext+S5F2_energy,val,313,2711,,1,0.6827309131622314
gcn_graph_c_sprint5b_energy,graph_c_context_observation,GraphCContext+S5F2_energy,val,314,2711,,1,0.8703246712684631
gcn_graph_c_sprint5b_energy,graph_c_context_observation,GraphCContext+S5F2_energy,val,315,2711,,1,0.663362443447113
gcn_graph_c_sprint5b_energy,graph_c_context_observation,GraphCContext+S5F2_energy,val,316,2711,,1,0.7268208265304565
gcn_graph_c_sprint5b_energy,graph_c_context_observation,GraphCContext+S5F2_energy,val,317,2711,,1,0.4311518371105194
gcn_graph_c_sprint5b_energy,graph_c_context_observation,GraphCContext+S5F2_energy,val,318,2711,,1,0.5964969396591187
gcn_graph_c_sprint5b_energy,graph_c_context_observation,GraphCContext+S5F2_energy,val,319,2711,,1,0.8072525858879089
gcn_graph_c_sprint5b_energy,graph_c_context_observation,GraphCContext+S5F2_energy,val,320,2711,,1,0.544293999671936
gcn_graph_c_sprint5b_energy,graph_c_context_observation,GraphCContext+S5F2_energy,val,321,2711,,1,0.402993768453598
gcn_graph_c_sprint5b_energy,graph_c_context_observation,GraphCContext+S5F2_energy,val,322,2711,,1,0.7508702874183655
gcn_graph_c_sprint5b_energy,graph_c_context_observation,GraphCContext+S5F2_energy,val,323,2711,,1,0.533866822719574
gcn_graph_c_sprint5b_energy,graph_c_context_observation,GraphCContext+S5F2_energy,val,324,2711,,1,0.7778938412666321
gcn_graph_c_sprint5b_energy,graph_c_context_observation,GraphCContext+S5F2_energy,val,325,2711,,1,0.4860653877258301
gcn_graph_c_sprint5b_energy,graph_c_context_observation,GraphCContext+S5F2_energy,val,326,2711,,1,0.861417293548584
gcn_graph_c_sprint5b_energy,graph_c_context_observation,GraphCContext+S5F2_energy,val,327,2711,,1,0.663406491279602
gcn_graph_c_sprint5b_energy,graph_c_context_observation,GraphCContext+S5F2_energy,val,328,2711,,1,0.6219920516014099
gcn_graph_c_sprint5b_energy,graph_c_context_observation,GraphCContext+S5F2_energy,val,329,2711,,1,0.31011220812797546
gcn_graph_c_sprint5b_energy,graph_c_context_observation,GraphCContext+S5F2_energy,val,330,2711,,1,0.516423225402832
gcn_graph_c_sprint5b_energy,graph_c_context_observation,GraphCContext+S5F2_energy,val,331,2711,,1,0.7498960494995117
gcn_graph_c_sprint5b_energy,graph_c_context_observation,GraphCContext+S5F2_energy,val,332,2711,,1,0.6104063987731934
gcn_graph_c_sprint5b_energy,graph_c_context_observation,GraphCContext+S5F2_energy,val,333,2711,,1,0.41469335556030273
gcn_graph_c_sprint5b_energy,graph_c_context_observation,GraphCContext+S5F2_energy,val,334,2711,,1,0.5970308184623718
gcn_graph_c_sprint5b_energy,graph_c_context_observation,GraphCContext+S5F2_energy,val,335,2711,,1,0.5707293748855591
gcn_graph_c_sprint5b_energy,graph_c_context_observation,GraphCContext+S5F2_energy,val,336,2711,,1,0.7779512405395508
gcn_graph_c_sprint5b_energy,graph_c_context_observation,GraphCContext+S5F2_energy,val,337,2711,,1,0.707493007183075
gcn_graph_c_sprint5b_energy,graph_c_context_observation,GraphCContext+S5F2_energy,val,338,2711,,1,0.5613645315170288
gcn_graph_c_sprint5b_energy,graph_c_context_observation,GraphCContext+S5F2_energy,val,339,2711,,1,0.48660919070243835
gcn_graph_c_sprint5b_energy,graph_c_context_observation,GraphCContext+S5F2_energy,val,340,2711,,1,0.7114492654800415
gcn_graph_c_sprint5b_energy,graph_c_context_observation,GraphCContext+S5F2_energy,val,341,2711,,1,0.7671899199485779
gcn_graph_c_sprint5b_energy,graph_c_context_observation,GraphCContext+S5F2_energy,val,342,2711,,1,0.5645642876625061
gcn_graph_c_sprint5b_energy,graph_c_context_observation,GraphCContext+S5F2_energy,val,343,2711,,1,0.4384039044380188
gcn_graph_c_sprint5b_energy,graph_c_context_observation,GraphCContext+S5F2_energy,val,344,2869,,1,0.7748023271560669
gcn_graph_c_sprint5b_energy,graph_c_context_observation,GraphCContext+S5F2_energy,val,345,2869,,1,0.6125388741493225
gcn_graph_c_sprint5b_energy,graph_c_context_observation,GraphCContext+S5F2_energy,val,346,2869,,1,0.5657942295074463
gcn_graph_c_sprint5b_energy,graph_c_context_observation,GraphCContext+S5F2_energy,val,347,2869,,1,0.40990278124809265
gcn_graph_c_sprint5b_energy,graph_c_context_observation,GraphCContext+S5F2_energy,val,348,2869,,1,0.19480736553668976
gcn_graph_c_sprint5b_energy,graph_c_context_observation,GraphCContext+S5F2_energy,val,349,2869,,1,0.6218059062957764
gcn_graph_c_sprint5b_energy,graph_c_context_observation,GraphCContext+S5F2_energy,val,350,2869,,1,0.6490659713745117
gcn_graph_c_sprint5b_energy,graph_c_context_observation,GraphCContext+S5F2_energy,val,351,2869,,1,0.42503973841667175
gcn_graph_c_sprint5b_energy,graph_c_context_observation,GraphCContext+S5F2_energy,val,352,2869,,1,0.5356656908988953
gcn_graph_c_sprint5b_energy,graph_c_context_observation,GraphCContext+S5F2_energy,val,353,2869,,1,0.24429091811180115
gcn_graph_c_sprint5b_energy,graph_c_context_observation,GraphCContext+S5F2_energy,val,354,2869,,1,0.6912974119186401
gcn_graph_c_sprint5b_energy,graph_c_context_observation,GraphCContext+S5F2_energy,val,355,2869,,1,0.48645472526550293
gcn_graph_c_sprint5b_energy,graph_c_context_observation,GraphCContext+S5F2_energy,val,356,2869,,1,0.4612950384616852
gcn_graph_c_sprint5b_energy,graph_c_context_observation,GraphCContext+S5F2_energy,val,357,2869,,1,0.6466962695121765
gcn_graph_c_sprint5b_energy,graph_c_context_observation,GraphCContext+S5F2_energy,val,358,2869,,1,0.6224846243858337
gcn_graph_c_sprint5b_energy,graph_c_context_observation,GraphCContext+S5F2_energy,val,359,2869,,1,0.3138209283351898
gcn_graph_c_sprint5b_energy,graph_c_context_observation,GraphCContext+S5F2_energy,val,360,2869,,1,0.25315535068511963
gcn_graph_c_sprint5b_energy,graph_c_context_observation,GraphCContext+S5F2_energy,val,361,2869,,1,0.30263495445251465
gcn_graph_c_sprint5b_energy,graph_c_context_observation,GraphCContext+S5F2_energy,val,362,2869,,1,0.36260271072387695
gcn_graph_c_sprint5b_energy,graph_c_context_observation,GraphCContext+S5F2_energy,val,363,2869,,1,0.6619403958320618
gcn_graph_c_sprint5b_energy,graph_c_context_observation,GraphCContext+S5F2_energy,val,364,2869,,1,0.44191038608551025
gcn_graph_c_sprint5b_energy,graph_c_context_observation,GraphCContext+S5F2_energy,val,365,2869,,1,0.37559080123901367
gcn_graph_c_sprint5b_energy,graph_c_context_observation,GraphCContext+S5F2_energy,val,366,2869,,1,0.3187059462070465
gcn_graph_c_sprint5b_energy,graph_c_context_observation,GraphCContext+S5F2_energy,val,367,2869,,1,0.36532413959503174
gcn_graph_c_sprint5b_energy,graph_c_context_observation,GraphCContext+S5F2_energy,val,368,2869,,1,0.4165494740009308
gcn_graph_c_sprint5b_energy,graph_c_context_observation,GraphCContext+S5F2_energy,val,369,2869,,1,0.1783033013343811
gcn_graph_c_sprint5b_energy,graph_c_context_observation,GraphCContext+S5F2_energy,val,370,2869,,1,0.2879488468170166
gcn_graph_c_sprint5b_energy,graph_c_context_observation,GraphCContext+S5F2_energy,val,371,2869,,1,0.24970953166484833
gcn_graph_c_sprint5b_energy,graph_c_context_observation,GraphCContext+S5F2_energy,val,372,2869,,1,0.3396308720111847
gcn_graph_c_sprint5b_energy,graph_c_context_observation,GraphCContext+S5F2_energy,val,373,2869,,1,0.3588194251060486
gcn_graph_c_sprint5b_energy,graph_c_context_observation,GraphCContext+S5F2_energy,val,374,2869,,1,0.347580224275589
gcn_graph_c_sprint5b_energy,graph_c_context_observation,GraphCContext+S5F2_energy,val,375,2869,,1,0.5184950232505798
gcn_graph_c_sprint5b_energy,graph_c_context_observation,GraphCContext+S5F2_energy,val,376,2869,,1,0.5523130297660828
gcn_graph_c_sprint5b_energy,graph_c_context_observation,GraphCContext+S5F2_energy,val,377,2869,,1,0.42714986205101013
gcn_graph_c_sprint5b_energy,graph_c_context_observation,GraphCContext+S5F2_energy,val,378,2869,,1,0.428846150636673
gcn_graph_c_sprint5b_energy,graph_c_context_observation,GraphCContext+S5F2_energy,val,379,2869,,1,0.33169978857040405
gcn_graph_c_sprint5b_energy,graph_c_context_observation,GraphCContext+S5F2_energy,val,380,2869,,1,0.23824986815452576
gcn_graph_c_sprint5b_energy,graph_c_context_observation,GraphCContext+S5F2_energy,val,381,2869,,1,0.40211164951324463
gcn_graph_c_sprint5b_energy,graph_c_context_observation,GraphCContext+S5F2_energy,val,382,2869,,1,0.4707573652267456
gcn_graph_c_sprint5b_energy,graph_c_context_observation,GraphCContext+S5F2_energy,val,383,2869,,1,0.5505449175834656
gcn_graph_c_sprint5b_energy,graph_c_context_observation,GraphCContext+S5F2_energy,val,384,2869,,1,0.17778770625591278
gcn_graph_c_sprint5b_energy,graph_c_context_observation,GraphCContext+S5F2_energy,val,385,2869,,1,0.34342822432518005
gcn_graph_c_sprint5b_energy,graph_c_context_observation,GraphCContext+S5F2_energy,val,386,2869,,1,0.5396518111228943
gcn_graph_c_sprint5b_energy,graph_c_context_observation,GraphCContext+S5F2_energy,val,387,2869,,1,0.5074189305305481
gcn_graph_c_sprint5b_energy,graph_c_context_observation,GraphCContext+S5F2_energy,val,388,2869,,1,0.4840972125530243
gcn_graph_c_sprint5b_energy,graph_c_context_observation,GraphCContext+S5F2_energy,val,389,2869,,1,0.36493778228759766
gcn_graph_c_sprint5b_energy,graph_c_context_observation,GraphCContext+S5F2_energy,val,390,2869,,1,0.4843999147415161
gcn_graph_c_sprint5b_energy,graph_c_context_observation,GraphCContext+S5F2_energy,val,391,2869,,1,0.5091109275817871
gcn_graph_c_sprint5b_energy,graph_c_context_observation,GraphCContext+S5F2_energy,val,392,2869,,1,0.5392510294914246
gcn_graph_c_sprint5b_energy,graph_c_context_observation,GraphCContext+S5F2_energy,val,393,2869,,1,0.6127112507820129
gcn_graph_c_sprint5b_energy,graph_c_context_observation,GraphCContext+S5F2_energy,val,394,2869,,1,0.3563491702079773
gcn_graph_c_sprint5b_energy,graph_c_context_observation,GraphCContext+S5F2_energy,val,395,2869,,1,0.4613887071609497
gcn_graph_c_sprint5b_energy,graph_c_context_observation,GraphCContext+S5F2_energy,val,396,2869,,1,0.3948410749435425
gcn_graph_c_sprint5b_energy,graph_c_context_observation,GraphCContext+S5F2_energy,val,397,2869,,1,0.5782837271690369
gcn_graph_c_sprint5b_energy,graph_c_context_observation,GraphCContext+S5F2_energy,val,398,2869,,1,0.32530176639556885
gcn_graph_c_sprint5b_energy,graph_c_context_observation,GraphCContext+S5F2_energy,val,399,2869,,1,0.389331579208374
gcn_graph_c_sprint5b_energy,graph_c_context_observation,GraphCContext+S5F2_energy,val,400,2869,,1,0.830066978931427
gcn_graph_c_sprint5b_energy,graph_c_context_observation,GraphCContext+S5F2_energy,val,401,2869,,1,0.3773048222064972
gcn_graph_c_sprint5b_energy,graph_c_context_observation,GraphCContext+S5F2_energy,val,402,2869,,1,0.31604936718940735
gcn_graph_c_sprint5b_energy,graph_c_context_observation,GraphCContext+S5F2_energy,val,403,2869,,1,0.3706207573413849
gcn_graph_c_sprint5b_energy,graph_c_context_observation,GraphCContext+S5F2_energy,val,404,2869,,1,0.2906900644302368
gcn_graph_c_sprint5b_energy,graph_c_context_observation,GraphCContext+S5F2_energy,val,405,2869,,1,0.351046085357666
gcn_graph_c_sprint5b_energy,graph_c_context_observation,GraphCContext+S5F2_energy,val,406,2869,,1,0.2996829152107239
gcn_graph_c_sprint5b_energy,graph_c_context_observation,GraphCContext+S5F2_energy,val,407,2869,,1,0.41285908222198486
gcn_graph_c_sprint5b_energy,graph_c_context_observation,GraphCContext+S5F2_energy,val,408,2869,,1,0.49350082874298096
gcn_graph_c_sprint5b_energy,graph_c_context_observation,GraphCContext+S5F2_energy,val,409,2869,,1,0.39975279569625854
gcn_graph_c_sprint5b_energy,graph_c_context_observation,GraphCContext+S5F2_energy,val,410,2869,,1,0.33887743949890137
gcn_graph_c_sprint5b_energy,graph_c_context_observation,GraphCContext+S5F2_energy,val,411,2869,,1,0.33235883712768555
gcn_graph_c_sprint5b_energy,graph_c_context_observation,GraphCContext+S5F2_energy,val,412,2869,,1,0.25926902890205383
gcn_graph_c_sprint5b_energy,graph_c_context_observation,GraphCContext+S5F2_energy,val,413,2869,,1,0.3097701370716095
gcn_graph_c_sprint5b_energy,graph_c_context_observation,GraphCContext+S5F2_energy,val,414,2869,,1,0.34900733828544617
gcn_graph_c_sprint5b_energy,graph_c_context_observation,GraphCContext+S5F2_energy,val,415,2869,,1,0.27542415261268616
gcn_graph_c_sprint5b_energy,graph_c_context_observation,GraphCContext+S5F2_energy,val,416,2869,,1,0.41848039627075195
gcn_graph_c_sprint5b_energy,graph_c_context_observation,GraphCContext+S5F2_energy,val,417,2869,,1,0.4259316027164459
gcn_graph_c_sprint5b_energy,graph_c_context_observation,GraphCContext+S5F2_energy,val,418,2869,,1,0.12537243962287903
gcn_graph_c_sprint5b_energy,graph_c_context_observation,GraphCContext+S5F2_energy,val,419,2869,,1,0.3238649070262909
gcn_graph_c_sprint5b_energy,graph_c_context_observation,GraphCContext+S5F2_energy,val,420,2869,,1,0.29214248061180115
gcn_graph_c_sprint5b_energy,graph_c_context_observation,GraphCContext+S5F2_energy,val,421,2869,,1,0.312077134847641
gcn_graph_c_sprint5b_energy,graph_c_context_observation,GraphCContext+S5F2_energy,val,422,2869,,1,0.26563116908073425
gcn_graph_c_sprint5b_energy,graph_c_context_observation,GraphCContext+S5F2_energy,val,423,2869,,1,0.48007601499557495
gcn_graph_c_sprint5b_energy,graph_c_context_observation,GraphCContext+S5F2_energy,val,424,2869,,1,0.2585603892803192
gcn_graph_c_sprint5b_energy,graph_c_context_observation,GraphCContext+S5F2_energy,val,425,2869,,1,0.2996004521846771
gcn_graph_c_sprint5b_energy,graph_c_context_observation,GraphCContext+S5F2_energy,val,426,2869,,1,0.2663479745388031
gcn_graph_c_sprint5b_energy,graph_c_context_observation,GraphCContext+S5F2_energy,val,427,2869,,1,0.26600319147109985
gcn_graph_c_sprint5b_energy,graph_c_context_observation,GraphCContext+S5F2_energy,val,428,2869,,1,0.17710430920124054
gcn_graph_c_sprint5b_energy,graph_c_context_observation,GraphCContext+S5F2_energy,val,429,2869,,1,0.2256183624267578
gcn_graph_c_sprint5b_energy,graph_c_context_observation,GraphCContext+S5F2_energy,val,430,2869,,1,0.266950786113739
gcn_graph_c_sprint5b_energy,graph_c_context_observation,GraphCContext+S5F2_energy,val,431,2869,,1,0.35763129591941833
gcn_graph_c_sprint5b_energy,graph_c_context_observation,GraphCContext+S5F2_energy,val,432,2869,,1,0.35189929604530334
gcn_graph_c_sprint5b_energy,graph_c_context_observation,GraphCContext+S5F2_energy,val,433,2869,,1,0.2234465777873993
gcn_graph_c_sprint5b_energy,graph_c_context_observation,GraphCContext+S5F2_energy,val,434,2869,,1,0.36723679304122925
gcn_graph_c_sprint5b_energy,graph_c_context_observation,GraphCContext+S5F2_energy,val,435,2869,,1,0.2848068177700043
gcn_graph_c_sprint5b_energy,graph_c_context_observation,GraphCContext+S5F2_energy,val,436,2869,,1,0.35713109374046326
gcn_graph_c_sprint5b_energy,graph_c_context_observation,GraphCContext+S5F2_energy,val,437,2869,,1,0.3891634941101074
gcn_graph_c_sprint5b_energy,graph_c_context_observation,GraphCContext+S5F2_energy,val,438,2869,,1,0.4368355870246887
gcn_graph_c_sprint5b_energy,graph_c_context_observation,GraphCContext+S5F2_energy,val,439,2869,,1,0.3218580484390259
gcn_graph_c_sprint5b_energy,graph_c_context_observation,GraphCContext+S5F2_energy,val,440,2869,,1,0.5409603118896484
gcn_graph_c_sprint5b_energy,graph_c_context_observation,GraphCContext+S5F2_energy,val,441,2869,,1,0.31633898615837097
gcn_graph_c_sprint5b_energy,graph_c_context_observation,GraphCContext+S5F2_energy,val,442,2869,,1,0.2093200832605362
gcn_graph_c_sprint5b_energy,graph_c_context_observation,GraphCContext+S5F2_energy,val,443,2869,,1,0.5267467498779297
gcn_graph_c_sprint5b_energy,graph_c_context_observation,GraphCContext+S5F2_energy,val,444,2869,,1,0.19649481773376465
gcn_graph_c_sprint5b_energy,graph_c_context_observation,GraphCContext+S5F2_energy,val,445,2869,,1,0.4172438681125641
gcn_graph_c_sprint5b_energy,graph_c_context_observation,GraphCContext+S5F2_energy,val,446,2869,,1,0.3831859230995178
gcn_graph_c_sprint5b_energy,graph_c_context_observation,GraphCContext+S5F2_energy,val,447,2869,,1,0.31652095913887024
gcn_graph_c_sprint5b_energy,graph_c_context_observation,GraphCContext+S5F2_energy,val,448,2869,,1,0.21151666343212128
gcn_graph_c_sprint5b_energy,graph_c_context_observation,GraphCContext+S5F2_energy,val,449,2869,,1,0.3176356554031372
gcn_graph_c_sprint5b_energy,graph_c_context_observation,GraphCContext+S5F2_energy,val,450,2869,,1,0.391823410987854
gcn_graph_c_sprint5b_energy,graph_c_context_observation,GraphCContext+S5F2_energy,val,451,2869,,1,0.478524386882782
gcn_graph_c_sprint5b_energy,graph_c_context_observation,GraphCContext+S5F2_energy,val,452,2869,,1,0.33509528636932373
gcn_graph_c_sprint5b_energy,graph_c_context_observation,GraphCContext+S5F2_energy,val,453,2869,,1,0.39725491404533386
gcn_graph_c_sprint5b_energy,graph_c_context_observation,GraphCContext+S5F2_energy,val,454,2869,,1,0.28136375546455383
gcn_graph_c_sprint5b_energy,graph_c_context_observation,GraphCContext+S5F2_energy,val,455,2869,,1,0.3902767300605774
gcn_graph_c_sprint5b_energy,graph_c_context_observation,GraphCContext+S5F2_energy,val,456,2869,,1,0.40521419048309326
gcn_graph_c_sprint5b_energy,graph_c_context_observation,GraphCContext+S5F2_energy,val,457,2869,,1,0.2654954791069031
gcn_graph_c_sprint5b_energy,graph_c_context_observation,GraphCContext+S5F2_energy,val,458,2869,,1,0.33848902583122253
gcn_graph_c_sprint5b_energy,graph_c_context_observation,GraphCContext+S5F2_energy,val,459,2869,,1,0.2245505303144455
gcn_graph_c_sprint5b_energy,graph_c_context_observation,GraphCContext+S5F2_energy,val,460,2869,,1,0.27461734414100647
gcn_graph_c_sprint5b_energy,graph_c_context_observation,GraphCContext+S5F2_energy,val,461,2869,,1,0.38603127002716064
gcn_graph_c_sprint5b_energy,graph_c_context_observation,GraphCContext+S5F2_energy,val,462,2869,,1,0.38414454460144043
gcn_graph_c_sprint5b_energy,graph_c_context_observation,GraphCContext+S5F2_energy,val,463,2869,,1,0.5154454112052917
gcn_graph_c_sprint5b_energy,graph_c_context_observation,GraphCContext+S5F2_energy,val,464,2869,,1,0.3632310628890991
gcn_graph_c_sprint5b_energy,graph_c_context_observation,GraphCContext+S5F2_energy,val,465,2869,,1,0.45519784092903137
gcn_graph_c_sprint5b_energy,graph_c_context_observation,GraphCContext+S5F2_energy,val,466,2869,,1,0.39581429958343506
gcn_graph_c_sprint5b_energy,graph_c_context_observation,GraphCContext+S5F2_energy,val,467,2869,,1,0.3498564064502716
gcn_graph_c_sprint5b_energy,graph_c_context_observation,GraphCContext+S5F2_energy,val,468,2869,,1,0.3226124942302704
gcn_graph_c_sprint5b_energy,graph_c_context_observation,GraphCContext+S5F2_energy,val,469,2869,,1,0.5669852495193481
gcn_graph_c_sprint5b_energy,graph_c_context_observation,GraphCContext+S5F2_energy,val,470,2869,,1,0.35523170232772827
gcn_graph_c_sprint5b_energy,graph_c_context_observation,GraphCContext+S5F2_energy,val,471,2869,,1,0.21450623869895935
gcn_graph_c_sprint5b_energy,graph_c_context_observation,GraphCContext+S5F2_energy,val,472,2869,,1,0.3144564926624298
gcn_graph_c_sprint5b_energy,graph_c_context_observation,GraphCContext+S5F2_energy,val,473,2869,,1,0.4009040296077728
gcn_graph_c_sprint5b_energy,graph_c_context_observation,GraphCContext+S5F2_energy,val,474,2869,,1,0.161728635430336
gcn_graph_c_sprint5b_energy,graph_c_context_observation,GraphCContext+S5F2_energy,val,475,2869,,1,0.35501134395599365
gcn_graph_c_sprint5b_energy,graph_c_context_observation,GraphCContext+S5F2_energy,val,476,2869,,1,0.48992180824279785
gcn_graph_c_sprint5b_energy,graph_c_context_observation,GraphCContext+S5F2_energy,val,477,2869,,1,0.19799847900867462
gcn_graph_c_sprint5b_energy,graph_c_context_observation,GraphCContext+S5F2_energy,val,478,2869,,1,0.2989629805088043
gcn_graph_c_sprint5b_energy,graph_c_context_observation,GraphCContext+S5F2_energy,val,479,2869,,1,0.3469507098197937
gcn_graph_c_sprint5b_energy,graph_c_context_observation,GraphCContext+S5F2_energy,val,480,2869,,1,0.4607638716697693
gcn_graph_c_sprint5b_energy,graph_c_context_observation,GraphCContext+S5F2_energy,val,481,2869,,1,0.32357335090637207
gcn_graph_c_sprint5b_energy,graph_c_context_observation,GraphCContext+S5F2_energy,val,482,2869,,1,0.35817310214042664
gcn_graph_c_sprint5b_energy,graph_c_context_observation,GraphCContext+S5F2_energy,val,483,2869,,1,0.46483954787254333
gcn_graph_c_sprint5b_energy,graph_c_context_observation,GraphCContext+S5F2_energy,val,484,2869,,1,0.31464314460754395
gcn_graph_c_sprint5b_energy,graph_c_context_observation,GraphCContext+S5F2_energy,val,485,2869,,1,0.27701786160469055
gcn_graph_c_sprint5b_energy,graph_c_context_observation,GraphCContext+S5F2_energy,val,486,2869,,1,0.22058190405368805
gcn_graph_c_sprint5b_energy,graph_c_context_observation,GraphCContext+S5F2_energy,val,487,2869,,1,0.37172701954841614
gcn_graph_c_sprint5b_energy,graph_c_context_observation,GraphCContext+S5F2_energy,val,488,2869,,1,0.19122985005378723
gcn_graph_c_sprint5b_energy,graph_c_context_observation,GraphCContext+S5F2_energy,val,489,2869,,1,0.40671321749687195
gcn_graph_c_sprint5b_energy,graph_c_context_observation,GraphCContext+S5F2_energy,val,490,2869,,1,0.2860167920589447
gcn_graph_c_sprint5b_energy,graph_c_context_observation,GraphCContext+S5F2_energy,val,491,2869,,1,0.41684362292289734
gcn_graph_c_sprint5b_energy,graph_c_context_observation,GraphCContext+S5F2_energy,val,492,2869,,1,0.16206467151641846
gcn_graph_c_sprint5b_energy,graph_c_context_observation,GraphCContext+S5F2_energy,val,493,2869,,1,0.31302589178085327
gcn_graph_c_sprint5b_energy,graph_c_context_observation,GraphCContext+S5F2_energy,val,494,2869,,1,0.3052091896533966
gcn_graph_c_sprint5b_energy,graph_c_context_observation,GraphCContext+S5F2_energy,val,495,2869,,1,0.5478724241256714
gcn_graph_c_sprint5b_energy,graph_c_context_observation,GraphCContext+S5F2_energy,val,496,2869,,1,0.3062725067138672
gcn_graph_c_sprint5b_energy,graph_c_context_observation,GraphCContext+S5F2_energy,val,497,2869,,1,0.3074783980846405
gcn_graph_c_sprint5b_energy,graph_c_context_observation,GraphCContext+S5F2_energy,val,498,2869,,1,0.18290862441062927
gcn_graph_c_sprint5b_energy,graph_c_context_observation,GraphCContext+S5F2_energy,val,499,2869,,1,0.20068751275539398
gcn_graph_c_sprint5b_energy,graph_c_context_observation,GraphCContext+S5F2_energy,val,500,2869,,1,0.24706034362316132
gcn_graph_c_sprint5b_energy,graph_c_context_observation,GraphCContext+S5F2_energy,val,501,2869,,1,0.37435415387153625
gcn_graph_c_sprint5b_energy,graph_c_context_observation,GraphCContext+S5F2_energy,val,502,2869,,1,0.3113905191421509
gcn_graph_c_sprint5b_energy,graph_c_context_observation,GraphCContext+S5F2_energy,val,503,2869,,1,0.3201749324798584
gcn_graph_c_sprint5b_energy,graph_c_context_observation,GraphCContext+S5F2_energy,val,504,2869,,1,0.35847729444503784
gcn_graph_c_sprint5b_energy,graph_c_context_observation,GraphCContext+S5F2_energy,val,505,2869,,1,0.449833482503891
gcn_graph_c_sprint5b_energy,graph_c_context_observation,GraphCContext+S5F2_energy,val,506,2869,,1,0.41104814410209656
gcn_graph_c_sprint5b_energy,graph_c_context_observation,GraphCContext+S5F2_energy,val,507,2869,,1,0.2235182374715805
gcn_graph_c_sprint5b_energy,graph_c_context_observation,GraphCContext+S5F2_energy,val,508,2869,,1,0.23479054868221283
gcn_graph_c_sprint5b_energy,graph_c_context_observation,GraphCContext+S5F2_energy,val,509,2869,,1,0.2638530135154724
gcn_graph_c_sprint5b_energy,graph_c_context_observation,GraphCContext+S5F2_energy,val,510,2869,,1,0.3488277792930603
gcn_graph_c_sprint5b_energy,graph_c_context_observation,GraphCContext+S5F2_energy,val,511,2869,,1,0.3101595938205719
gcn_graph_c_sprint5b_energy,graph_c_context_observation,GraphCContext+S5F2_energy,val,512,2869,,1,0.38286635279655457
gcn_graph_c_sprint5b_energy,graph_c_context_observation,GraphCContext+S5F2_energy,val,513,2869,,1,0.18653252720832825
gcn_graph_c_sprint5b_energy,graph_c_context_observation,GraphCContext+S5F2_energy,val,514,2869,,1,0.18471390008926392
gcn_graph_c_sprint5b_energy,graph_c_context_observation,GraphCContext+S5F2_energy,val,515,2869,,1,0.360220342874527
gcn_graph_c_sprint5b_energy,graph_c_context_observation,GraphCContext+S5F2_energy,val,516,2869,,1,0.37323126196861267
gcn_graph_c_sprint5b_energy,graph_c_context_observation,GraphCContext+S5F2_energy,val,517,2869,,1,0.19325029850006104
gcn_graph_c_sprint5b_energy,graph_c_context_observation,GraphCContext+S5F2_energy,val,518,2869,,1,0.3188976049423218
gcn_graph_c_sprint5b_energy,graph_c_context_observation,GraphCContext+S5F2_energy,val,519,2869,,1,0.2971396744251251
gcn_graph_c_sprint5b_energy,graph_c_context_observation,GraphCContext+S5F2_energy,val,520,2869,,1,0.3921273648738861
gcn_graph_c_sprint5b_energy,graph_c_context_observation,GraphCContext+S5F2_energy,val,521,2869,,1,0.27098917961120605
gcn_graph_c_sprint5b_energy,graph_c_context_observation,GraphCContext+S5F2_energy,val,522,2869,,1,0.27298250794410706
gcn_graph_c_sprint5b_energy,graph_c_context_observation,GraphCContext+S5F2_energy,val,523,2869,,1,0.5551138520240784
gcn_graph_c_sprint5b_energy,graph_c_context_observation,GraphCContext+S5F2_energy,val,524,2869,,1,0.3914714753627777
gcn_graph_c_sprint5b_energy,graph_c_context_observation,GraphCContext+S5F2_energy,val,525,2869,,1,0.2953124940395355
gcn_graph_c_sprint5b_energy,graph_c_context_observation,GraphCContext+S5F2_energy,val,526,2869,,1,0.24522589147090912
gcn_graph_c_sprint5b_energy,graph_c_context_observation,GraphCContext+S5F2_energy,val,527,2869,,1,0.3173157274723053
gcn_graph_c_sprint5b_energy,graph_c_context_observation,GraphCContext+S5F2_energy,val,528,2869,,1,0.7012035846710205
gcn_graph_c_sprint5b_energy,graph_c_context_observation,GraphCContext+S5F2_energy,val,529,2869,,1,0.2281620055437088
gcn_graph_c_sprint5b_energy,graph_c_context_observation,GraphCContext+S5F2_energy,val,530,2869,,1,0.29002848267555237
gcn_graph_c_sprint5b_energy,graph_c_context_observation,GraphCContext+S5F2_energy,val,531,2869,,1,0.1937675178050995
gcn_graph_c_sprint5b_energy,graph_c_context_observation,GraphCContext+S5F2_energy,val,532,2869,,1,0.2734900712966919
gcn_graph_c_sprint5b_energy,graph_c_context_observation,GraphCContext+S5F2_energy,val,533,2869,,1,0.3995018005371094
gcn_graph_c_sprint5b_energy,graph_c_context_observation,GraphCContext+S5F2_energy,val,534,2869,,1,0.569896399974823
gcn_graph_c_sprint5b_energy,graph_c_context_observation,GraphCContext+S5F2_energy,val,535,2869,,1,0.36611586809158325
gcn_graph_c_sprint5b_energy,graph_c_context_observation,GraphCContext+S5F2_energy,val,536,2869,,1,0.22247947752475739
gcn_graph_c_sprint5b_energy,graph_c_context_observation,GraphCContext+S5F2_energy,val,537,2869,,1,0.4331948161125183
gcn_graph_c_sprint5b_energy,graph_c_context_observation,GraphCContext+S5F2_energy,val,538,2869,,1,0.30630770325660706
gcn_graph_c_sprint5b_energy,graph_c_context_observation,GraphCContext+S5F2_energy,val,539,2869,,1,0.30956149101257324
gcn_graph_c_sprint5b_energy,graph_c_context_observation,GraphCContext+S5F2_energy,val,540,2869,,1,0.1734587848186493
gcn_graph_c_sprint5b_energy,graph_c_context_observation,GraphCContext+S5F2_energy,val,541,2869,,1,0.3974184989929199
gcn_graph_c_sprint5b_energy,graph_c_context_observation,GraphCContext+S5F2_energy,val,542,2869,,1,0.2940947711467743
gcn_graph_c_sprint5b_energy,graph_c_context_observation,GraphCContext+S5F2_energy,val,543,2869,,1,0.3860715329647064
gcn_graph_c_sprint5b_energy,graph_c_context_observation,GraphCContext+S5F2_energy,val,544,2869,,1,0.46239420771598816
gcn_graph_c_sprint5b_energy,graph_c_context_observation,GraphCContext+S5F2_energy,val,545,2869,,1,0.41305050253868103
gcn_graph_c_sprint5b_energy,graph_c_context_observation,GraphCContext+S5F2_energy,val,546,2869,,1,0.47818341851234436
gcn_graph_c_sprint5b_energy,graph_c_context_observation,GraphCContext+S5F2_energy,val,547,2869,,1,0.5444463491439819
gcn_graph_c_sprint5b_energy,graph_c_context_observation,GraphCContext+S5F2_energy,val,548,2869,,1,0.15038664638996124
gcn_graph_c_sprint5b_energy,graph_c_context_observation,GraphCContext+S5F2_energy,val,549,2869,,1,0.2984505593776703
gcn_graph_c_sprint5b_energy,graph_c_context_observation,GraphCContext+S5F2_energy,val,550,2869,,1,0.4028070271015167
gcn_graph_c_sprint5b_energy,graph_c_context_observation,GraphCContext+S5F2_energy,val,551,2869,,1,0.2140936702489853
gcn_graph_c_sprint5b_energy,graph_c_context_observation,GraphCContext+S5F2_energy,val,552,2869,,1,0.37882694602012634
gcn_graph_c_sprint5b_energy,graph_c_context_observation,GraphCContext+S5F2_energy,val,553,2869,,1,0.3343650996685028
gcn_graph_c_sprint5b_energy,graph_c_context_observation,GraphCContext+S5F2_energy,val,554,2869,,1,0.280696839094162
gcn_graph_c_sprint5b_energy,graph_c_context_observation,GraphCContext+S5F2_energy,val,555,2869,,1,0.4850316047668457
gcn_graph_c_sprint5b_energy,graph_c_context_observation,GraphCContext+S5F2_energy,val,556,2869,,1,0.20836380124092102
gcn_graph_c_sprint5b_energy,graph_c_context_observation,GraphCContext+S5F2_energy,val,557,2869,,1,0.47264108061790466
gcn_graph_c_sprint5b_energy,graph_c_context_observation,GraphCContext+S5F2_energy,val,558,2869,,1,0.5319881439208984
gcn_graph_c_sprint5b_energy,graph_c_context_observation,GraphCContext+S5F2_energy,val,559,2869,,1,0.22516030073165894
gcn_graph_c_sprint5b_energy,graph_c_context_observation,GraphCContext+S5F2_energy,val,560,2869,,1,0.5585330128669739
gcn_graph_c_sprint5b_energy,graph_c_context_observation,GraphCContext+S5F2_energy,val,561,2869,,1,0.5501014590263367
gcn_graph_c_sprint5b_energy,graph_c_context_observation,GraphCContext+S5F2_energy,val,562,2869,,1,0.6340755820274353
gcn_graph_c_sprint5b_energy,graph_c_context_observation,GraphCContext+S5F2_energy,val,563,2869,,1,0.6341845989227295
gcn_graph_c_sprint5b_energy,graph_c_context_observation,GraphCContext+S5F2_energy,val,564,2869,,1,0.6038434505462646
gcn_graph_c_sprint5b_energy,graph_c_context_observation,GraphCContext+S5F2_energy,val,565,2869,,1,0.33898642659187317
gcn_graph_c_sprint5b_energy,graph_c_context_observation,GraphCContext+S5F2_energy,val,566,2869,,1,0.2377636581659317
gcn_graph_c_sprint5b_energy,graph_c_context_observation,GraphCContext+S5F2_energy,val,567,2869,,1,0.5292432904243469
gcn_graph_c_sprint5b_energy,graph_c_context_observation,GraphCContext+S5F2_energy,val,568,2869,,1,0.17663970589637756
gcn_graph_c_sprint5b_energy,graph_c_context_observation,GraphCContext+S5F2_energy,val,569,2869,,1,0.559002161026001
gcn_graph_c_sprint5b_energy,graph_c_context_observation,GraphCContext+S5F2_energy,val,570,2869,,1,0.5680069327354431
gcn_graph_c_sprint5b_energy,graph_c_context_observation,GraphCContext+S5F2_energy,val,571,2869,,1,0.5476879477500916
gcn_graph_c_sprint5b_energy,graph_c_context_observation,GraphCContext+S5F2_energy,val,572,2869,,1,0.3058733642101288
gcn_graph_c_sprint5b_energy,graph_c_context_observation,GraphCContext+S5F2_energy,val,573,2869,,1,0.5738275051116943
gcn_graph_c_sprint5b_energy,graph_c_context_observation,GraphCContext+S5F2_energy,val,574,2869,,1,0.5933700799942017
gcn_graph_c_sprint5b_energy,graph_c_context_observation,GraphCContext+S5F2_energy,val,575,2869,,1,0.5436263680458069
gcn_graph_c_sprint5b_energy,graph_c_context_observation,GraphCContext+S5F2_energy,val,576,2869,,1,0.30788761377334595
gcn_graph_c_sprint5b_energy,graph_c_context_observation,GraphCContext+S5F2_energy,val,577,2869,,1,0.4988076686859131
gcn_graph_c_sprint5b_energy,graph_c_context_observation,GraphCContext+S5F2_energy,val,578,2869,,1,0.21864113211631775
gcn_graph_c_sprint5b_energy,graph_c_context_observation,GraphCContext+S5F2_energy,val,579,2869,,1,0.27067437767982483
gcn_graph_c_sprint5b_energy,graph_c_context_observation,GraphCContext+S5F2_energy,val,580,2869,,1,0.4662761390209198
gcn_graph_c_sprint5b_energy,graph_c_context_observation,GraphCContext+S5F2_energy,val,581,2869,,1,0.3409612476825714
gcn_graph_c_sprint5b_energy,graph_c_context_observation,GraphCContext+S5F2_energy,val,582,2869,,1,0.49152469635009766
gcn_graph_c_sprint5b_energy,graph_c_context_observation,GraphCContext+S5F2_energy,val,583,2869,,1,0.1836252063512802
gcn_graph_c_sprint5b_energy,graph_c_context_observation,GraphCContext+S5F2_energy,val,584,2869,,1,0.49939194321632385
gcn_graph_c_sprint5b_energy,graph_c_context_observation,GraphCContext+S5F2_energy,val,585,2869,,1,0.6540130376815796
gcn_graph_c_sprint5b_energy,graph_c_context_observation,GraphCContext+S5F2_energy,val,586,2869,,1,0.2320900708436966
gcn_graph_c_sprint5b_energy,graph_c_context_observation,GraphCContext+S5F2_energy,val,587,2869,,1,0.39559653401374817
gcn_graph_c_sprint5b_energy,graph_c_context_observation,GraphCContext+S5F2_energy,val,588,2869,,1,0.4443075954914093
gcn_graph_c_sprint5b_energy,graph_c_context_observation,GraphCContext+S5F2_energy,val,589,2869,,1,0.3713618516921997
gcn_graph_c_sprint5b_energy,graph_c_context_observation,GraphCContext+S5F2_energy,val,590,2869,,1,0.5592735409736633
gcn_graph_c_sprint5b_energy,graph_c_context_observation,GraphCContext+S5F2_energy,val,591,2869,,1,0.5328786373138428
gcn_graph_c_sprint5b_energy,graph_c_context_observation,GraphCContext+S5F2_energy,val,592,2869,,1,0.33058005571365356
gcn_graph_c_sprint5b_energy,graph_c_context_observation,GraphCContext+S5F2_energy,val,593,2869,,1,0.583915650844574
gcn_graph_c_sprint5b_energy,graph_c_context_observation,GraphCContext+S5F2_energy,val,594,2869,,1,0.17613495886325836
gcn_graph_c_sprint5b_energy,graph_c_context_observation,GraphCContext+S5F2_energy,val,595,2869,,1,0.3884955048561096
gcn_graph_c_sprint5b_energy,graph_c_context_observation,GraphCContext+S5F2_energy,val,596,2869,,1,0.47628253698349
gcn_graph_c_sprint5b_energy,graph_c_context_observation,GraphCContext+S5F2_energy,val,597,2869,,1,0.18428829312324524
gcn_graph_c_sprint5b_energy,graph_c_context_observation,GraphCContext+S5F2_energy,val,598,2869,,1,0.668760359287262
gcn_graph_c_sprint5b_energy,graph_c_context_observation,GraphCContext+S5F2_energy,val,599,2869,,1,0.21842461824417114
gcn_graph_c_sprint5b_energy,graph_c_context_observation,GraphCContext+S5F2_energy,val,600,2869,,1,0.27422624826431274
gcn_graph_c_sprint5b_energy,graph_c_context_observation,GraphCContext+S5F2_energy,val,601,2869,,1,0.46355053782463074
gcn_graph_c_sprint5b_energy,graph_c_context_observation,GraphCContext+S5F2_energy,val,602,2869,,1,0.37372004985809326
gcn_graph_c_sprint5b_energy,graph_c_context_observation,GraphCContext+S5F2_energy,val,603,2869,,1,0.6484216451644897
gcn_graph_c_sprint5b_energy,graph_c_context_observation,GraphCContext+S5F2_energy,val,604,2869,,1,0.4750898778438568
gcn_graph_c_sprint5b_energy,graph_c_context_observation,GraphCContext+S5F2_energy,val,605,2869,,1,0.4324156641960144
gcn_graph_c_sprint5b_energy,graph_c_context_observation,GraphCContext+S5F2_energy,val,606,2869,,1,0.21077962219715118
gcn_graph_c_sprint5b_energy,graph_c_context_observation,GraphCContext+S5F2_energy,val,607,2869,,1,0.4349669814109802
gcn_graph_c_sprint5b_energy,graph_c_context_observation,GraphCContext+S5F2_energy,val,608,2869,,1,0.46292844414711
gcn_graph_c_sprint5b_energy,graph_c_context_observation,GraphCContext+S5F2_energy,val,609,2869,,1,0.43117594718933105
gcn_graph_c_sprint5b_energy,graph_c_context_observation,GraphCContext+S5F2_energy,val,610,2869,,1,0.32302966713905334
gcn_graph_c_sprint5b_energy,graph_c_context_observation,GraphCContext+S5F2_energy,val,611,2869,,1,0.29883503913879395
gcn_graph_c_sprint5b_energy,graph_c_context_observation,GraphCContext+S5F2_energy,val,612,2869,,1,0.2443016767501831
gcn_graph_c_sprint5b_energy,graph_c_context_observation,GraphCContext+S5F2_energy,val,613,2869,,1,0.25200265645980835
gcn_graph_c_sprint5b_energy,graph_c_context_observation,GraphCContext+S5F2_energy,val,614,2869,,1,0.41136038303375244
gcn_graph_c_sprint5b_energy,graph_c_context_observation,GraphCContext+S5F2_energy,val,615,2869,,1,0.3282313942909241
gcn_graph_c_sprint5b_energy,graph_c_context_observation,GraphCContext+S5F2_energy,val,616,2869,,1,0.23182591795921326
gcn_graph_c_sprint5b_energy,graph_c_context_observation,GraphCContext+S5F2_energy,val,617,2869,,1,0.31031450629234314
gcn_graph_c_sprint5b_energy,graph_c_context_observation,GraphCContext+S5F2_energy,val,618,2869,,1,0.2381044179201126
gcn_graph_c_sprint5b_energy,graph_c_context_observation,GraphCContext+S5F2_energy,val,619,2869,,1,0.4375118017196655
gcn_graph_c_sprint5b_energy,graph_c_context_observation,GraphCContext+S5F2_energy,val,620,2869,,1,0.42285558581352234
gcn_graph_c_sprint5b_energy,graph_c_context_observation,GraphCContext+S5F2_energy,val,621,2869,,1,0.5107638835906982
gcn_graph_c_sprint5b_energy,graph_c_context_observation,GraphCContext+S5F2_energy,val,622,2869,,1,0.6535585522651672
gcn_graph_c_sprint5b_energy,graph_c_context_observation,GraphCContext+S5F2_energy,val,623,2869,,1,0.26986411213874817
gcn_graph_c_sprint5b_energy,graph_c_context_observation,GraphCContext+S5F2_energy,val,624,2869,,1,0.5019087195396423
gcn_graph_c_sprint5b_energy,graph_c_context_observation,GraphCContext+S5F2_energy,val,625,2869,,1,0.5044470429420471
gcn_graph_c_sprint5b_energy,graph_c_context_observation,GraphCContext+S5F2_energy,val,626,2869,,1,0.5126944780349731
gcn_graph_c_sprint5b_energy,graph_c_context_observation,GraphCContext+S5F2_energy,val,627,2869,,1,0.36452338099479675
gcn_graph_c_sprint5b_energy,graph_c_context_observation,GraphCContext+S5F2_energy,val,628,2869,,1,0.6428676843643188
gcn_graph_c_sprint5b_energy,graph_c_context_observation,GraphCContext+S5F2_energy,val,629,2869,,1,0.416919469833374
gcn_graph_c_sprint5b_energy,graph_c_context_observation,GraphCContext+S5F2_energy,val,630,2869,,1,0.582614541053772
gcn_graph_c_sprint5b_energy,graph_c_context_observation,GraphCContext+S5F2_energy,val,631,2869,,1,0.32991909980773926
gcn_graph_c_sprint5b_energy,graph_c_context_observation,GraphCContext+S5F2_energy,val,632,2869,,1,0.39075857400894165
gcn_graph_c_sprint5b_energy,graph_c_context_observation,GraphCContext+S5F2_energy,val,633,2869,,1,0.4678705334663391
gcn_graph_c_sprint5b_energy,graph_c_context_observation,GraphCContext+S5F2_energy,val,634,2869,,1,0.6459940671920776
gcn_graph_c_sprint5b_energy,graph_c_context_observation,GraphCContext+S5F2_energy,val,635,2869,,1,0.5446917414665222
gcn_graph_c_sprint5b_energy,graph_c_context_observation,GraphCContext+S5F2_energy,val,636,2869,,1,0.4216141104698181
gcn_graph_c_sprint5b_energy,graph_c_context_observation,GraphCContext+S5F2_energy,val,637,2869,,1,0.3689659535884857
gcn_graph_c_sprint5b_energy,graph_c_context_observation,GraphCContext+S5F2_energy,val,638,2869,,1,0.31050431728363037
gcn_graph_c_sprint5b_energy,graph_c_context_observation,GraphCContext+S5F2_energy,val,639,2869,,1,0.5243862271308899
gcn_graph_c_sprint5b_energy,graph_c_context_observation,GraphCContext+S5F2_energy,val,640,2869,,1,0.19632822275161743
gcn_graph_c_sprint5b_energy,graph_c_context_observation,GraphCContext+S5F2_energy,val,641,2869,,1,0.5310744047164917
gcn_graph_c_sprint5b_energy,graph_c_context_observation,GraphCContext+S5F2_energy,val,642,2869,,1,0.5499866008758545
gcn_graph_c_sprint5b_energy,graph_c_context_observation,GraphCContext+S5F2_energy,val,643,2869,,1,0.6207879781723022
gcn_graph_c_sprint5b_energy,graph_c_context_observation,GraphCContext+S5F2_energy,val,644,2869,,1,0.6011619567871094
gcn_graph_c_sprint5b_energy,graph_c_context_observation,GraphCContext+S5F2_energy,val,645,2869,,1,0.40821319818496704
gcn_graph_c_sprint5b_energy,graph_c_context_observation,GraphCContext+S5F2_energy,val,646,2869,,1,0.44057121872901917
gcn_graph_c_sprint5b_energy,graph_c_context_observation,GraphCContext+S5F2_energy,val,647,2869,,1,0.4590626657009125
gcn_graph_c_sprint5b_energy,graph_c_context_observation,GraphCContext+S5F2_energy,val,648,2869,,1,0.512704610824585
gcn_graph_c_sprint5b_energy,graph_c_context_observation,GraphCContext+S5F2_energy,val,649,2869,,1,0.36248666048049927
gcn_graph_c_sprint5b_energy,graph_c_context_observation,GraphCContext+S5F2_energy,val,650,2869,,1,0.1808152049779892
gcn_graph_c_sprint5b_energy,graph_c_context_observation,GraphCContext+S5F2_energy,val,651,2869,,1,0.5116888284683228
gcn_graph_c_sprint5b_energy,graph_c_context_observation,GraphCContext+S5F2_energy,val,652,2869,,1,0.22112712264060974
gcn_graph_c_sprint5b_energy,graph_c_context_observation,GraphCContext+S5F2_energy,val,653,2869,,1,0.5584203004837036
gcn_graph_c_sprint5b_energy,graph_c_context_observation,GraphCContext+S5F2_energy,val,654,2869,,1,0.5656722784042358
gcn_graph_c_sprint5b_energy,graph_c_context_observation,GraphCContext+S5F2_energy,val,655,2869,,1,0.24540211260318756
gcn_graph_c_sprint5b_energy,graph_c_context_observation,GraphCContext+S5F2_energy,val,656,2869,,1,0.6109293103218079
gcn_graph_c_sprint5b_energy,graph_c_context_observation,GraphCContext+S5F2_energy,val,657,2869,,1,0.27638986706733704
gcn_graph_c_sprint5b_energy,graph_c_context_observation,GraphCContext+S5F2_energy,val,658,2869,,1,0.2545045018196106
gcn_graph_c_sprint5b_energy,graph_c_context_observation,GraphCContext+S5F2_energy,val,659,2869,,1,0.3263443112373352
gcn_graph_c_sprint5b_energy,graph_c_context_observation,GraphCContext+S5F2_energy,val,660,2869,,1,0.2975466251373291
gcn_graph_c_sprint5b_energy,graph_c_context_observation,GraphCContext+S5F2_energy,val,661,2869,,1,0.4568251073360443
gcn_graph_c_sprint5b_energy,graph_c_context_observation,GraphCContext+S5F2_energy,val,662,2869,,1,0.39397940039634705
gcn_graph_c_sprint5b_energy,graph_c_context_observation,GraphCContext+S5F2_energy,val,663,2869,,1,0.39765799045562744
gcn_graph_c_sprint5b_energy,graph_c_context_observation,GraphCContext+S5F2_energy,val,664,2869,,1,0.4650191068649292
gcn_graph_c_sprint5b_energy,graph_c_context_observation,GraphCContext+S5F2_energy,val,665,2869,,1,0.6259986162185669
gcn_graph_c_sprint5b_energy,graph_c_context_observation,GraphCContext+S5F2_energy,val,666,2869,,1,0.4519844055175781
gcn_graph_c_sprint5b_energy,graph_c_context_observation,GraphCContext+S5F2_energy,val,667,2869,,1,0.29729267954826355
gcn_graph_c_sprint5b_energy,graph_c_context_observation,GraphCContext+S5F2_energy,val,668,2869,,1,0.5050840973854065
gcn_graph_c_sprint5b_energy,graph_c_context_observation,GraphCContext+S5F2_energy,val,669,2869,,1,0.42024269700050354
gcn_graph_c_sprint5b_energy,graph_c_context_observation,GraphCContext+S5F2_energy,val,670,2869,,1,0.21555133163928986
gcn_graph_c_sprint5b_energy,graph_c_context_observation,GraphCContext+S5F2_energy,val,671,2869,,1,0.3986862301826477
gcn_graph_c_sprint5b_energy,graph_c_context_observation,GraphCContext+S5F2_energy,val,672,2869,,1,0.5735636353492737
gcn_graph_c_sprint5b_energy,graph_c_context_observation,GraphCContext+S5F2_energy,val,673,2869,,1,0.4386267364025116
gcn_graph_c_sprint5b_energy,graph_c_context_observation,GraphCContext+S5F2_energy,val,674,2869,,1,0.5449581742286682
gcn_graph_c_sprint5b_energy,graph_c_context_observation,GraphCContext+S5F2_energy,val,675,2869,,1,0.38937613368034363
gcn_graph_c_sprint5b_energy,graph_c_context_observation,GraphCContext+S5F2_energy,val,676,2869,,1,0.3945205807685852
gcn_graph_c_sprint5b_energy,graph_c_context_observation,GraphCContext+S5F2_energy,val,677,2869,,1,0.25622764229774475
gcn_graph_c_sprint5b_energy,graph_c_context_observation,GraphCContext+S5F2_energy,val,678,2869,,1,0.29682376980781555
gcn_graph_c_sprint5b_energy,graph_c_context_observation,GraphCContext+S5F2_energy,val,679,2869,,1,0.2492833435535431
gcn_graph_c_sprint5b_energy,graph_c_context_observation,GraphCContext+S5F2_energy,val,680,2869,,1,0.3340461552143097
gcn_graph_c_sprint5b_energy,graph_c_context_observation,GraphCContext+S5F2_energy,val,681,2869,,1,0.6195359826087952
gcn_graph_c_sprint5b_energy,graph_c_context_observation,GraphCContext+S5F2_energy,val,682,2869,,1,0.4899226725101471
gcn_graph_c_sprint5b_energy,graph_c_context_observation,GraphCContext+S5F2_energy,val,683,2869,,1,0.5777754187583923
gcn_graph_c_sprint5b_energy,graph_c_context_observation,GraphCContext+S5F2_energy,val,684,2869,,1,0.5142966508865356
gcn_graph_c_sprint5b_energy,graph_c_context_observation,GraphCContext+S5F2_energy,val,685,2869,,1,0.7052813768386841
gcn_graph_c_sprint5b_energy,graph_c_context_observation,GraphCContext+S5F2_energy,val,686,2869,,1,0.21912091970443726
gcn_graph_c_sprint5b_energy,graph_c_context_observation,GraphCContext+S5F2_energy,val,687,2869,,1,0.3301987946033478
gcn_graph_c_sprint5b_energy,graph_c_context_observation,GraphCContext+S5F2_energy,val,688,2869,,1,0.16697445511817932
gcn_graph_c_sprint5b_energy,graph_c_context_observation,GraphCContext+S5F2_energy,val,689,2869,,1,0.6259233355522156
gcn_graph_c_sprint5b_energy,graph_c_context_observation,GraphCContext+S5F2_energy,val,690,2869,,1,0.4288463592529297
gcn_graph_c_sprint5b_energy,graph_c_context_observation,GraphCContext+S5F2_energy,val,691,2869,,1,0.2946925163269043
gcn_graph_c_sprint5b_energy,graph_c_context_observation,GraphCContext+S5F2_energy,val,692,2869,,1,0.40824612975120544
gcn_graph_c_sprint5b_energy,graph_c_context_observation,GraphCContext+S5F2_energy,val,693,2869,,1,0.27034109830856323
gcn_graph_c_sprint5b_energy,graph_c_context_observation,GraphCContext+S5F2_energy,val,694,2869,,1,0.7700225710868835
gcn_graph_c_sprint5b_energy,graph_c_context_observation,GraphCContext+S5F2_energy,val,695,2869,,1,0.213722363114357
gcn_graph_c_sprint5b_energy,graph_c_context_observation,GraphCContext+S5F2_energy,val,696,2869,,1,0.5517800450325012
gcn_graph_c_sprint5b_energy,graph_c_context_observation,GraphCContext+S5F2_energy,val,697,2869,,1,0.5390956997871399
gcn_graph_c_sprint5b_energy,graph_c_context_observation,GraphCContext+S5F2_energy,val,698,2869,,1,0.1828741729259491
gcn_graph_c_sprint5b_energy,graph_c_context_observation,GraphCContext+S5F2_energy,val,699,2869,,1,0.6026672720909119
gcn_graph_c_sprint5b_energy,graph_c_context_observation,GraphCContext+S5F2_energy,val,700,2869,,1,0.2699894905090332
gcn_graph_c_sprint5b_energy,graph_c_context_observation,GraphCContext+S5F2_energy,val,701,2869,,1,0.4910911023616791
gcn_graph_c_sprint5b_energy,graph_c_context_observation,GraphCContext+S5F2_energy,val,702,2869,,1,0.48060789704322815
gcn_graph_c_sprint5b_energy,graph_c_context_observation,GraphCContext+S5F2_energy,val,703,2869,,1,0.391920268535614
gcn_graph_c_sprint5b_energy,graph_c_context_observation,GraphCContext+S5F2_energy,val,704,2869,,1,0.48612162470817566
gcn_graph_c_sprint5b_energy,graph_c_context_observation,GraphCContext+S5F2_energy,val,705,2869,,1,0.5879246592521667
gcn_graph_c_sprint5b_energy,graph_c_context_observation,GraphCContext+S5F2_energy,val,706,2869,,1,0.5563790798187256
gcn_graph_c_sprint5b_energy,graph_c_context_observation,GraphCContext+S5F2_energy,val,707,2869,,1,0.4417247772216797
gcn_graph_c_sprint5b_energy,graph_c_context_observation,GraphCContext+S5F2_energy,val,708,2869,,1,0.42213571071624756
gcn_graph_c_sprint5b_energy,graph_c_context_observation,GraphCContext+S5F2_energy,val,709,2869,,1,0.34299758076667786
gcn_graph_c_sprint5b_energy,graph_c_context_observation,GraphCContext+S5F2_energy,val,710,2869,,1,0.23656152188777924
gcn_graph_c_sprint5b_energy,graph_c_context_observation,GraphCContext+S5F2_energy,val,711,2869,,1,0.4443269670009613
gcn_graph_c_sprint5b_energy,graph_c_context_observation,GraphCContext+S5F2_energy,val,712,2869,,1,0.17395542562007904
gcn_graph_c_sprint5b_energy,graph_c_context_observation,GraphCContext+S5F2_energy,val,713,2869,,1,0.28029558062553406
gcn_graph_c_sprint5b_energy,graph_c_context_observation,GraphCContext+S5F2_energy,val,714,2869,,1,0.39828506112098694
gcn_graph_c_sprint5b_energy,graph_c_context_observation,GraphCContext+S5F2_energy,val,715,2869,,1,0.177777960896492
gcn_graph_c_sprint5b_energy,graph_c_context_observation,GraphCContext+S5F2_energy,val,716,2869,,1,0.5251055359840393
gcn_graph_c_sprint5b_energy,graph_c_context_observation,GraphCContext+S5F2_energy,val,717,2869,,1,0.49001580476760864
gcn_graph_c_sprint5b_energy,graph_c_context_observation,GraphCContext+S5F2_energy,val,718,2869,,1,0.4236938953399658
gcn_graph_c_sprint5b_energy,graph_c_context_observation,GraphCContext+S5F2_energy,val,719,2869,,1,0.5580247044563293
gcn_graph_c_sprint5b_energy,graph_c_context_observation,GraphCContext+S5F2_energy,val,720,2869,,1,0.3834743797779083
gcn_graph_c_sprint5b_energy,graph_c_context_observation,GraphCContext+S5F2_energy,val,721,2869,,1,0.4896834194660187
gcn_graph_c_sprint5b_energy,graph_c_context_observation,GraphCContext+S5F2_energy,val,722,2869,,1,0.5328396558761597
gcn_graph_c_sprint5b_energy,graph_c_context_observation,GraphCContext+S5F2_energy,val,723,2869,,1,0.5444512963294983
gcn_graph_c_sprint5b_energy,graph_c_context_observation,GraphCContext+S5F2_energy,val,724,2869,,1,0.6290417909622192
gcn_graph_c_sprint5b_energy,graph_c_context_observation,GraphCContext+S5F2_energy,val,725,2869,,1,0.35162943601608276
gcn_graph_c_sprint5b_energy,graph_c_context_observation,GraphCContext+S5F2_energy,val,726,2869,,1,0.6347293853759766
gcn_graph_c_sprint5b_energy,graph_c_context_observation,GraphCContext+S5F2_energy,val,727,2869,,1,0.23649950325489044
gcn_graph_c_sprint5b_energy,graph_c_context_observation,GraphCContext+S5F2_energy,val,728,2869,,1,0.4689958989620209
gcn_graph_c_sprint5b_energy,graph_c_context_observation,GraphCContext+S5F2_energy,val,729,2869,,1,0.5362017154693604
gcn_graph_c_sprint5b_energy,graph_c_context_observation,GraphCContext+S5F2_energy,val,730,2869,,1,0.21191544830799103
gcn_graph_c_sprint5b_energy,graph_c_context_observation,GraphCContext+S5F2_energy,val,731,2869,,1,0.371177613735199
gcn_graph_c_sprint5b_energy,graph_c_context_observation,GraphCContext+S5F2_energy,val,732,2869,,1,0.43382900953292847
gcn_graph_c_sprint5b_energy,graph_c_context_observation,GraphCContext+S5F2_energy,val,733,2869,,1,0.3597545325756073
gcn_graph_c_sprint5b_energy,graph_c_context_observation,GraphCContext+S5F2_energy,val,734,2869,,1,0.5654447674751282
gcn_graph_c_sprint5b_energy,graph_c_context_observation,GraphCContext+S5F2_energy,val,735,2869,,1,0.3121609389781952
gcn_graph_c_sprint5b_energy,graph_c_context_observation,GraphCContext+S5F2_energy,val,736,2869,,1,0.23496632277965546
gcn_graph_c_sprint5b_energy,graph_c_context_observation,GraphCContext+S5F2_energy,val,737,2869,,1,0.30078431963920593
gcn_graph_c_sprint5b_energy,graph_c_context_observation,GraphCContext+S5F2_energy,val,738,2869,,1,0.2004564255475998
gcn_graph_c_sprint5b_energy,graph_c_context_observation,GraphCContext+S5F2_energy,val,739,2869,,1,0.5152934789657593
gcn_graph_c_sprint5b_energy,graph_c_context_observation,GraphCContext+S5F2_energy,val,740,3866,,1,0.8481065034866333
gcn_graph_c_sprint5b_energy,graph_c_context_observation,GraphCContext+S5F2_energy,val,741,3866,,1,0.7795703411102295
gcn_graph_c_sprint5b_energy,graph_c_context_observation,GraphCContext+S5F2_energy,val,742,3866,,1,0.803049623966217
gcn_graph_c_sprint5b_energy,graph_c_context_observation,GraphCContext+S5F2_energy,val,743,3866,,1,0.6147441267967224
gcn_graph_c_sprint5b_energy,graph_c_context_observation,GraphCContext+S5F2_energy,val,744,3866,,1,0.264496386051178
gcn_graph_c_sprint5b_energy,graph_c_context_observation,GraphCContext+S5F2_energy,val,745,3866,,1,0.605421245098114
gcn_graph_c_sprint5b_energy,graph_c_context_observation,GraphCContext+S5F2_energy,val,746,3866,,1,0.3942493796348572
gcn_graph_c_sprint5b_energy,graph_c_context_observation,GraphCContext+S5F2_energy,val,747,3866,,1,0.7255040407180786
gcn_graph_c_sprint5b_energy,graph_c_context_observation,GraphCContext+S5F2_energy,val,748,3866,,1,0.4415372908115387
gcn_graph_c_sprint5b_energy,graph_c_context_observation,GraphCContext+S5F2_energy,val,749,3866,,1,0.6642267107963562
gcn_graph_c_sprint5b_energy,graph_c_context_observation,GraphCContext+S5F2_energy,val,750,3866,,1,0.45865151286125183
gcn_graph_c_sprint5b_energy,graph_c_context_observation,GraphCContext+S5F2_energy,val,751,3866,,1,0.5828911662101746
gcn_graph_c_sprint5b_energy,graph_c_context_observation,GraphCContext+S5F2_energy,val,752,3866,,1,0.8646723031997681
gcn_graph_c_sprint5b_energy,graph_c_context_observation,GraphCContext+S5F2_energy,val,753,3866,,1,0.48933088779449463
gcn_graph_c_sprint5b_energy,graph_c_context_observation,GraphCContext+S5F2_energy,val,754,3866,,1,0.606399416923523
gcn_graph_c_sprint5b_energy,graph_c_context_observation,GraphCContext+S5F2_energy,val,755,3866,,1,0.5133447647094727
gcn_graph_c_sprint5b_energy,graph_c_context_observation,GraphCContext+S5F2_energy,val,756,3866,,1,0.764011561870575
gcn_graph_c_sprint5b_energy,graph_c_context_observation,GraphCContext+S5F2_energy,val,757,3866,,1,0.37283822894096375
gcn_graph_c_sprint5b_energy,graph_c_context_observation,GraphCContext+S5F2_energy,val,758,3866,,1,0.7809169888496399
gcn_graph_c_sprint5b_energy,graph_c_context_observation,GraphCContext+S5F2_energy,val,759,3866,,1,0.21428896486759186
gcn_graph_c_sprint5b_energy,graph_c_context_observation,GraphCContext+S5F2_energy,val,760,3866,,1,0.6325864195823669
gcn_graph_c_sprint5b_energy,graph_c_context_observation,GraphCContext+S5F2_energy,val,761,3866,,1,0.3695867359638214
gcn_graph_c_sprint5b_energy,graph_c_context_observation,GraphCContext+S5F2_energy,val,762,3866,,1,0.516562819480896
gcn_graph_c_sprint5b_energy,graph_c_context_observation,GraphCContext+S5F2_energy,val,763,3866,,1,0.570643424987793
gcn_graph_c_sprint5b_energy,graph_c_context_observation,GraphCContext+S5F2_energy,val,764,3866,,1,0.44258105754852295
gcn_graph_c_sprint5b_energy,graph_c_context_observation,GraphCContext+S5F2_energy,val,765,3866,,1,0.3314034342765808
gcn_graph_c_sprint5b_energy,graph_c_context_observation,GraphCContext+S5F2_energy,val,766,3866,,1,0.5223003029823303
gcn_graph_c_sprint5b_energy,graph_c_context_observation,GraphCContext+S5F2_energy,val,767,3866,,1,0.48974883556365967
gcn_graph_c_sprint5b_energy,graph_c_context_observation,GraphCContext+S5F2_energy,val,768,3866,,1,0.34627360105514526
gcn_graph_c_sprint5b_energy,graph_c_context_observation,GraphCContext+S5F2_energy,val,769,3866,,1,0.48185649514198303
gcn_graph_c_sprint5b_energy,graph_c_context_observation,GraphCContext+S5F2_energy,val,770,3866,,1,0.29596564173698425
gcn_graph_c_sprint5b_energy,graph_c_context_observation,GraphCContext+S5F2_energy,val,771,3866,,1,0.25676754117012024
gcn_graph_c_sprint5b_energy,graph_c_context_observation,GraphCContext+S5F2_energy,val,772,3866,,1,0.5364677906036377
gcn_graph_c_sprint5b_energy,graph_c_context_observation,GraphCContext+S5F2_energy,val,773,3866,,1,0.4765721559524536
gcn_graph_c_sprint5b_energy,graph_c_context_observation,GraphCContext+S5F2_energy,val,774,3866,,1,0.8536198735237122
gcn_graph_c_sprint5b_energy,graph_c_context_observation,GraphCContext+S5F2_energy,val,775,3866,,1,0.33669281005859375
gcn_graph_c_sprint5b_energy,graph_c_context_observation,GraphCContext+S5F2_energy,val,776,3866,,1,0.4193863272666931
gcn_graph_c_sprint5b_energy,graph_c_context_observation,GraphCContext+S5F2_energy,val,777,3866,,1,0.35070985555648804
gcn_graph_c_sprint5b_energy,graph_c_context_observation,GraphCContext+S5F2_energy,val,778,3866,,1,0.6404700875282288
gcn_graph_c_sprint5b_energy,graph_c_context_observation,GraphCContext+S5F2_energy,val,779,3866,,1,0.42904406785964966
gcn_graph_c_sprint5b_energy,graph_c_context_observation,GraphCContext+S5F2_energy,val,780,3866,,1,0.6030815839767456
gcn_graph_c_sprint5b_energy,graph_c_context_observation,GraphCContext+S5F2_energy,val,781,3866,,1,0.4964209198951721
gcn_graph_c_sprint5b_energy,graph_c_context_observation,GraphCContext+S5F2_energy,val,782,3866,,1,0.895690381526947
gcn_graph_c_sprint5b_energy,graph_c_context_observation,GraphCContext+S5F2_energy,val,783,3866,,1,0.558071494102478
gcn_graph_c_sprint5b_energy,graph_c_context_observation,GraphCContext+S5F2_energy,val,784,3866,,1,0.30190494656562805
gcn_graph_c_sprint5b_energy,graph_c_context_observation,GraphCContext+S5F2_energy,val,785,3866,,1,0.5840308666229248
gcn_graph_c_sprint5b_energy,graph_c_context_observation,GraphCContext+S5F2_energy,val,786,3866,,1,0.5745274424552917
gcn_graph_c_sprint5b_energy,graph_c_context_observation,GraphCContext+S5F2_energy,val,787,3866,,1,0.32579654455184937
gcn_graph_c_sprint5b_energy,graph_c_context_observation,GraphCContext+S5F2_energy,val,788,3866,,1,0.4018906056880951
gcn_graph_c_sprint5b_energy,graph_c_context_observation,GraphCContext+S5F2_energy,val,789,3866,,1,0.358416885137558
gcn_graph_c_sprint5b_energy,graph_c_context_observation,GraphCContext+S5F2_energy,val,790,3866,,1,0.4822819232940674
gcn_graph_c_sprint5b_energy,graph_c_context_observation,GraphCContext+S5F2_energy,val,791,3866,,1,0.3477860987186432
gcn_graph_c_sprint5b_energy,graph_c_context_observation,GraphCContext+S5F2_energy,val,792,3866,,1,0.24781545996665955
gcn_graph_c_sprint5b_energy,graph_c_context_observation,GraphCContext+S5F2_energy,val,793,3866,,1,0.5522291660308838
gcn_graph_c_sprint5b_energy,graph_c_context_observation,GraphCContext+S5F2_energy,val,794,3866,,1,0.43635931611061096
gcn_graph_c_sprint5b_energy,graph_c_context_observation,GraphCContext+S5F2_energy,val,795,3866,,1,0.5771766304969788
gcn_graph_c_sprint5b_energy,graph_c_context_observation,GraphCContext+S5F2_energy,val,796,3866,,1,0.29690784215927124
gcn_graph_c_sprint5b_energy,graph_c_context_observation,GraphCContext+S5F2_energy,val,797,3866,,1,0.35826167464256287
gcn_graph_c_sprint5b_energy,graph_c_context_observation,GraphCContext+S5F2_energy,val,798,3866,,1,0.37946760654449463
gcn_graph_c_sprint5b_energy,graph_c_context_observation,GraphCContext+S5F2_energy,val,799,3866,,1,0.5410864353179932
gcn_graph_c_sprint5b_energy,graph_c_context_observation,GraphCContext+S5F2_energy,val,800,3866,,1,0.2967366576194763
gcn_graph_c_sprint5b_energy,graph_c_context_observation,GraphCContext+S5F2_energy,val,801,3866,,1,0.37507712841033936
gcn_graph_c_sprint5b_energy,graph_c_context_observation,GraphCContext+S5F2_energy,val,802,3866,,1,0.41542771458625793
gcn_graph_c_sprint5b_energy,graph_c_context_observation,GraphCContext+S5F2_energy,val,803,3866,,1,0.42316123843193054
gcn_graph_c_sprint5b_energy,graph_c_context_observation,GraphCContext+S5F2_energy,val,804,3866,,1,0.5295438766479492
gcn_graph_c_sprint5b_energy,graph_c_context_observation,GraphCContext+S5F2_energy,val,805,3866,,1,0.5388359427452087
gcn_graph_c_sprint5b_energy,graph_c_context_observation,GraphCContext+S5F2_energy,val,806,7822,,1,0.9852157831192017
gcn_graph_c_sprint5b_energy,graph_c_context_observation,GraphCContext+S5F2_energy,val,807,7822,,1,0.738979160785675
gcn_graph_c_sprint5b_energy,graph_c_context_observation,GraphCContext+S5F2_energy,val,808,7822,,1,0.886524498462677
gcn_graph_c_sprint5b_energy,graph_c_context_observation,GraphCContext+S5F2_energy,val,809,7822,,1,0.6420384049415588
gcn_graph_c_sprint5b_energy,graph_c_context_observation,GraphCContext+S5F2_energy,val,810,7822,,1,0.4966456890106201
gcn_graph_c_sprint5b_energy,graph_c_context_observation,GraphCContext+S5F2_energy,val,811,7822,,1,0.7281749844551086
gcn_graph_c_sprint5b_energy,graph_c_context_observation,GraphCContext+S5F2_energy,val,812,7822,,1,0.6922028660774231
gcn_graph_c_sprint5b_energy,graph_c_context_observation,GraphCContext+S5F2_energy,val,813,7822,,1,0.7842426896095276
gcn_graph_c_sprint5b_energy,graph_c_context_observation,GraphCContext+S5F2_energy,val,814,7822,,1,0.5971537232398987
gcn_graph_c_sprint5b_energy,graph_c_context_observation,GraphCContext+S5F2_energy,val,815,7822,,1,0.6514222621917725
gcn_graph_c_sprint5b_energy,graph_c_context_observation,GraphCContext+S5F2_energy,val,816,7822,,1,0.742472231388092
gcn_graph_c_sprint5b_energy,graph_c_context_observation,GraphCContext+S5F2_energy,val,817,7822,,1,0.7607293128967285
gcn_graph_c_sprint5b_energy,graph_c_context_observation,GraphCContext+S5F2_energy,val,818,7822,,1,0.7454157471656799
gcn_graph_c_sprint5b_energy,graph_c_context_observation,GraphCContext+S5F2_energy,val,819,7822,,1,0.9001491665840149
gcn_graph_c_sprint5b_energy,graph_c_context_observation,GraphCContext+S5F2_energy,val,820,7822,,1,0.7157078385353088
gcn_graph_c_sprint5b_energy,graph_c_context_observation,GraphCContext+S5F2_energy,val,821,7822,,1,0.7473095655441284
gcn_graph_c_sprint5b_energy,graph_c_context_observation,GraphCContext+S5F2_energy,val,822,7822,,1,0.7883154153823853
gcn_graph_c_sprint5b_energy,graph_c_context_observation,GraphCContext+S5F2_energy,val,823,7822,,1,0.9590858817100525
gcn_graph_c_sprint5b_energy,graph_c_context_observation,GraphCContext+S5F2_energy,val,824,7822,,1,0.5313260555267334
gcn_graph_c_sprint5b_energy,graph_c_context_observation,GraphCContext+S5F2_energy,val,825,7822,,1,0.9518194198608398
gcn_graph_c_sprint5b_energy,graph_c_context_observation,GraphCContext+S5F2_energy,val,826,7822,,1,0.6794838309288025
gcn_graph_c_sprint5b_energy,graph_c_context_observation,GraphCContext+S5F2_energy,val,827,7822,,1,0.5450363159179688
gcn_graph_c_sprint5b_energy,graph_c_context_observation,GraphCContext+S5F2_energy,val,828,7822,,1,0.5580962896347046
gcn_graph_c_sprint5b_energy,graph_c_context_observation,GraphCContext+S5F2_energy,val,829,7822,,1,0.9664961695671082
gcn_graph_c_sprint5b_energy,graph_c_context_observation,GraphCContext+S5F2_energy,val,830,7822,,1,0.6152448058128357
gcn_graph_c_sprint5b_energy,graph_c_context_observation,GraphCContext+S5F2_energy,val,831,7822,,1,0.795403242111206
gcn_graph_c_sprint5b_energy,graph_c_context_observation,GraphCContext+S5F2_energy,val,832,7822,,1,0.7909197807312012
gcn_graph_c_sprint5b_energy,graph_c_context_observation,GraphCContext+S5F2_energy,val,833,7822,,1,0.7130869626998901
gcn_graph_c_sprint5b_energy,graph_c_context_observation,GraphCContext+S5F2_energy,val,834,7822,,1,0.7298967242240906
gcn_graph_c_sprint5b_energy,graph_c_context_observation,GraphCContext+S5F2_energy,val,835,7822,,1,0.5370783805847168
gcn_graph_c_sprint5b_energy,graph_c_context_observation,GraphCContext+S5F2_energy,val,836,7822,,1,0.7903473973274231
gcn_graph_c_sprint5b_energy,graph_c_context_observation,GraphCContext+S5F2_energy,val,837,7822,,1,0.884065568447113
gcn_graph_c_sprint5b_energy,graph_c_context_observation,GraphCContext+S5F2_energy,val,838,7822,,1,0.7202620506286621
gcn_graph_c_sprint5b_energy,graph_c_context_observation,GraphCContext+S5F2_energy,val,839,7822,,1,0.6899417638778687
gcn_graph_c_sprint5b_energy,graph_c_context_observation,GraphCContext+S5F2_energy,val,840,7822,,1,0.7533672451972961
gcn_graph_c_sprint5b_energy,graph_c_context_observation,GraphCContext+S5F2_energy,val,841,7822,,1,0.9058284163475037
gcn_graph_c_sprint5b_energy,graph_c_context_observation,GraphCContext+S5F2_energy,val,842,7822,,1,0.6315863728523254
gcn_graph_c_sprint5b_energy,graph_c_context_observation,GraphCContext+S5F2_energy,val,843,7822,,1,0.6952757835388184
gcn_graph_c_sprint5b_energy,graph_c_context_observation,GraphCContext+S5F2_energy,val,844,7822,,1,0.9388771057128906
gcn_graph_c_sprint5b_energy,graph_c_context_observation,GraphCContext+S5F2_energy,val,845,7822,,1,0.48799994587898254
gcn_graph_c_sprint5b_energy,graph_c_context_observation,GraphCContext+S5F2_energy,val,846,7822,,1,0.5074284076690674
gcn_graph_c_sprint5b_energy,graph_c_context_observation,GraphCContext+S5F2_energy,val,847,7822,,1,0.9488176703453064
gcn_graph_c_sprint5b_energy,graph_c_context_observation,GraphCContext+S5F2_energy,val,848,7822,,1,0.5139915347099304
gcn_graph_c_sprint5b_energy,graph_c_context_observation,GraphCContext+S5F2_energy,val,849,7822,,1,0.5371382832527161
gcn_graph_c_sprint5b_energy,graph_c_context_observation,GraphCContext+S5F2_energy,val,850,7822,,1,0.4736767113208771
gcn_graph_c_sprint5b_energy,graph_c_context_observation,GraphCContext+S5F2_energy,val,851,7822,,1,0.4691169261932373
gcn_graph_c_sprint5b_energy,graph_c_context_observation,GraphCContext+S5F2_energy,val,852,7822,,1,0.7083520889282227
gcn_graph_c_sprint5b_energy,graph_c_context_observation,GraphCContext+S5F2_energy,val,853,7822,,1,0.7112923860549927
gcn_graph_c_sprint5b_energy,graph_c_context_observation,GraphCContext+S5F2_energy,val,854,7822,,1,0.6995896697044373
gcn_graph_c_sprint5b_energy,graph_c_context_observation,GraphCContext+S5F2_energy,val,855,7822,,1,0.8315748572349548
gcn_graph_c_sprint5b_energy,graph_c_context_observation,GraphCContext+S5F2_energy,val,856,7822,,1,0.7585355043411255
gcn_graph_c_sprint5b_energy,graph_c_context_observation,GraphCContext+S5F2_energy,val,857,7822,,1,0.7182614207267761
gcn_graph_c_sprint5b_energy,graph_c_context_observation,GraphCContext+S5F2_energy,val,858,7822,,1,0.7811103463172913
gcn_graph_c_sprint5b_energy,graph_c_context_observation,GraphCContext+S5F2_energy,val,859,7822,,1,0.9019178152084351
gcn_graph_c_sprint5b_energy,graph_c_context_observation,GraphCContext+S5F2_energy,val,860,7822,,1,0.6990652084350586
gcn_graph_c_sprint5b_energy,graph_c_context_observation,GraphCContext+S5F2_energy,val,861,7822,,1,0.9181137681007385
gcn_graph_c_sprint5b_energy,graph_c_context_observation,GraphCContext+S5F2_energy,val,862,7822,,1,0.4391344487667084
gcn_graph_c_sprint5b_energy,graph_c_context_observation,GraphCContext+S5F2_energy,val,863,7822,,1,0.8310641646385193
gcn_graph_c_sprint5b_energy,graph_c_context_observation,GraphCContext+S5F2_energy,val,864,7822,,1,0.6570500135421753
gcn_graph_c_sprint5b_energy,graph_c_context_observation,GraphCContext+S5F2_energy,val,865,7822,,1,0.6414981484413147
gcn_graph_c_sprint5b_energy,graph_c_context_observation,GraphCContext+S5F2_energy,val,866,7822,,1,0.6255908608436584
gcn_graph_c_sprint5b_energy,graph_c_context_observation,GraphCContext+S5F2_energy,val,867,7822,,1,0.5845619440078735
gcn_graph_c_sprint5b_energy,graph_c_context_observation,GraphCContext+S5F2_energy,val,868,7822,,1,0.8274922966957092
gcn_graph_c_sprint5b_energy,graph_c_context_observation,GraphCContext+S5F2_energy,val,869,7822,,1,0.7830386161804199
gcn_graph_c_sprint5b_energy,graph_c_context_observation,GraphCContext+S5F2_energy,val,870,7822,,1,0.4469239115715027
gcn_graph_c_sprint5b_energy,graph_c_context_observation,GraphCContext+S5F2_energy,val,871,7822,,1,0.55154949426651
gcn_graph_c_sprint5b_energy,graph_c_context_observation,GraphCContext+S5F2_energy,val,872,7822,,1,0.9057365655899048
gcn_graph_c_sprint5b_energy,graph_c_context_observation,GraphCContext+S5F2_energy,val,873,7822,,1,0.7150379419326782
gcn_graph_c_sprint5b_energy,graph_c_context_observation,GraphCContext+S5F2_energy,val,874,7822,,1,0.5117312073707581
gcn_graph_c_sprint5b_energy,graph_c_context_observation,GraphCContext+S5F2_energy,val,875,7822,,1,0.4547725021839142
gcn_graph_c_sprint5b_energy,graph_c_context_observation,GraphCContext+S5F2_energy,val,876,7822,,1,0.6008619070053101
gcn_graph_c_sprint5b_energy,graph_c_context_observation,GraphCContext+S5F2_energy,val,877,7822,,1,0.7431542277336121
gcn_graph_c_sprint5b_energy,graph_c_context_observation,GraphCContext+S5F2_energy,val,878,7822,,1,0.9398084282875061
gcn_graph_c_sprint5b_energy,graph_c_context_observation,GraphCContext+S5F2_energy,val,879,7822,,1,0.8035103678703308
gcn_graph_c_sprint5b_energy,graph_c_context_observation,GraphCContext+S5F2_energy,val,880,7822,,1,0.47894349694252014
gcn_graph_c_sprint5b_energy,graph_c_context_observation,GraphCContext+S5F2_energy,val,881,7822,,1,0.7920648455619812
gcn_graph_c_sprint5b_energy,graph_c_context_observation,GraphCContext+S5F2_energy,val,882,7822,,1,0.6884245872497559
gcn_graph_c_sprint5b_energy,graph_c_context_observation,GraphCContext+S5F2_energy,val,883,7822,,1,0.5699195861816406
gcn_graph_c_sprint5b_energy,graph_c_context_observation,GraphCContext+S5F2_energy,val,884,7822,,1,0.37294235825538635
gcn_graph_c_sprint5b_energy,graph_c_context_observation,GraphCContext+S5F2_energy,val,885,7822,,1,0.7120000720024109
gcn_graph_c_sprint5b_energy,graph_c_context_observation,GraphCContext+S5F2_energy,val,886,7822,,1,0.9592350125312805
gcn_graph_c_sprint5b_energy,graph_c_context_observation,GraphCContext+S5F2_energy,val,887,7822,,1,0.48179399967193604
gcn_graph_c_sprint5b_energy,graph_c_context_observation,GraphCContext+S5F2_energy,val,888,7822,,1,0.6727439761161804
gcn_graph_c_sprint5b_energy,graph_c_context_observation,GraphCContext+S5F2_energy,val,889,7822,,1,0.6483191251754761
gcn_graph_c_sprint5b_energy,graph_c_context_observation,GraphCContext+S5F2_energy,val,890,7822,,1,0.9162343144416809
gcn_graph_c_sprint5b_energy,graph_c_context_observation,GraphCContext+S5F2_energy,val,891,7822,,1,0.677844226360321
gcn_graph_c_sprint5b_energy,graph_c_context_observation,GraphCContext+S5F2_energy,val,892,7822,,1,0.7974992990493774
gcn_graph_c_sprint5b_energy,graph_c_context_observation,GraphCContext+S5F2_energy,val,893,7822,,1,0.9100936651229858
gcn_graph_c_sprint5b_energy,graph_c_context_observation,GraphCContext+S5F2_energy,val,894,7822,,1,0.6544827818870544
gcn_graph_c_sprint5b_energy,graph_c_context_observation,GraphCContext+S5F2_energy,val,895,7822,,1,0.5487592220306396
gcn_graph_c_sprint5b_energy,graph_c_context_observation,GraphCContext+S5F2_energy,val,896,7822,,1,0.3138226568698883
gcn_graph_c_sprint5b_energy,graph_c_context_observation,GraphCContext+S5F2_energy,val,897,7822,,1,0.4464781880378723
gcn_graph_c_sprint5b_energy,graph_c_context_observation,GraphCContext+S5F2_energy,val,898,7822,,1,0.7400402426719666
gcn_graph_c_sprint5b_energy,graph_c_context_observation,GraphCContext+S5F2_energy,val,899,7822,,1,0.6260187029838562
gcn_graph_c_sprint5b_energy,graph_c_context_observation,GraphCContext+S5F2_energy,val,900,7822,,1,0.6924008727073669
gcn_graph_c_sprint5b_energy,graph_c_context_observation,GraphCContext+S5F2_energy,val,901,7822,,1,0.5494873523712158
gcn_graph_c_sprint5b_energy,graph_c_context_observation,GraphCContext+S5F2_energy,val,902,7822,,1,0.45698028802871704
gcn_graph_c_sprint5b_energy,graph_c_context_observation,GraphCContext+S5F2_energy,val,903,7822,,1,0.911409854888916
gcn_graph_c_sprint5b_energy,graph_c_context_observation,GraphCContext+S5F2_energy,val,904,7822,,1,0.8357939124107361
gcn_graph_c_sprint5b_energy,graph_c_context_observation,GraphCContext+S5F2_energy,val,905,7822,,1,0.721947193145752
gcn_graph_c_sprint5b_energy,graph_c_context_observation,GraphCContext+S5F2_energy,val,906,7822,,1,0.46971240639686584
gcn_graph_c_sprint5b_energy,graph_c_context_observation,GraphCContext+S5F2_energy,val,907,7822,,1,0.5315878391265869
gcn_graph_c_sprint5b_energy,graph_c_context_observation,GraphCContext+S5F2_energy,val,908,7822,,1,0.7574247121810913
gcn_graph_c_sprint5b_energy,graph_c_context_observation,GraphCContext+S5F2_energy,val,909,7822,,1,0.8268497586250305
gcn_graph_c_sprint5b_energy,graph_c_context_observation,GraphCContext+S5F2_energy,val,910,7822,,1,0.5888049006462097
gcn_graph_c_sprint5b_energy,graph_c_context_observation,GraphCContext+S5F2_energy,val,911,7822,,1,0.4391117990016937
gcn_graph_c_sprint5b_energy,graph_c_context_observation,GraphCContext+S5F2_energy,val,912,7822,,1,0.7598447203636169
gcn_graph_c_sprint5b_energy,graph_c_context_observation,GraphCContext+S5F2_energy,val,913,7822,,1,0.9192600250244141
gcn_graph_c_sprint5b_energy,graph_c_context_observation,GraphCContext+S5F2_energy,val,914,7822,,1,0.6198211908340454
gcn_graph_c_sprint5b_energy,graph_c_context_observation,GraphCContext+S5F2_energy,val,915,7822,,1,0.8704054951667786
gcn_graph_c_sprint5b_energy,graph_c_context_observation,GraphCContext+S5F2_energy,val,916,7822,,1,0.5462697744369507
gcn_graph_c_sprint5b_energy,graph_c_context_observation,GraphCContext+S5F2_energy,val,917,7822,,1,0.6575034856796265
gcn_graph_c_sprint5b_energy,graph_c_context_observation,GraphCContext+S5F2_energy,val,918,7822,,1,0.518375039100647
gcn_graph_c_sprint5b_energy,graph_c_context_observation,GraphCContext+S5F2_energy,val,919,7822,,1,0.9610224962234497
gcn_graph_c_sprint5b_energy,graph_c_context_observation,GraphCContext+S5F2_energy,val,920,7822,,1,0.7369565367698669
gcn_graph_c_sprint5b_energy,graph_c_context_observation,GraphCContext+S5F2_energy,val,921,7822,,1,0.6824129819869995
gcn_graph_c_sprint5b_energy,graph_c_context_observation,GraphCContext+S5F2_energy,val,922,7822,,1,0.5973353981971741
gcn_graph_c_sprint5b_energy,graph_c_context_observation,GraphCContext+S5F2_energy,val,923,7822,,1,0.5029330849647522
gcn_graph_c_sprint5b_energy,graph_c_context_observation,GraphCContext+S5F2_energy,val,924,7822,,1,0.5855348706245422
gcn_graph_c_sprint5b_energy,graph_c_context_observation,GraphCContext+S5F2_energy,val,925,7822,,1,0.6728059649467468
gcn_graph_c_sprint5b_energy,graph_c_context_observation,GraphCContext+S5F2_energy,val,926,7822,,1,0.9080058336257935
gcn_graph_c_sprint5b_energy,graph_c_context_observation,GraphCContext+S5F2_energy,val,927,7822,,1,0.6604584455490112
gcn_graph_c_sprint5b_energy,graph_c_context_observation,GraphCContext+S5F2_energy,val,928,7822,,1,0.656897246837616
gcn_graph_c_sprint5b_energy,graph_c_context_observation,GraphCContext+S5F2_energy,val,929,7822,,1,0.6297767162322998
gcn_graph_c_sprint5b_energy,graph_c_context_observation,GraphCContext+S5F2_energy,val,930,7822,,1,0.6885576248168945
gcn_graph_c_sprint5b_energy,graph_c_context_observation,GraphCContext+S5F2_energy,val,931,7822,,1,0.7537248730659485
gcn_graph_c_sprint5b_energy,graph_c_context_observation,GraphCContext+S5F2_energy,val,932,7822,,1,0.7385420203208923
gcn_graph_c_sprint5b_energy,graph_c_context_observation,GraphCContext+S5F2_energy,val,933,7822,,1,0.6871680021286011
gcn_graph_c_sprint5b_energy,graph_c_context_observation,GraphCContext+S5F2_energy,val,934,7822,,1,0.6654863953590393
gcn_graph_c_sprint5b_energy,graph_c_context_observation,GraphCContext+S5F2_energy,val,935,7822,,1,0.5134817957878113
gcn_graph_c_sprint5b_energy,graph_c_context_observation,GraphCContext+S5F2_energy,val,936,7822,,1,0.688382089138031
gcn_graph_c_sprint5b_energy,graph_c_context_observation,GraphCContext+S5F2_energy,val,937,7822,,1,0.6920624375343323
gcn_graph_c_sprint5b_energy,graph_c_context_observation,GraphCContext+S5F2_energy,val,938,7822,,1,0.877528727054596
gcn_graph_c_sprint5b_energy,graph_c_context_observation,GraphCContext+S5F2_energy,val,939,7822,,1,0.6289693117141724
gcn_graph_c_sprint5b_energy,graph_c_context_observation,GraphCContext+S5F2_energy,val,940,7822,,1,0.7222659587860107
gcn_graph_c_sprint5b_energy,graph_c_context_observation,GraphCContext+S5F2_energy,val,941,7822,,1,0.8839499354362488
gcn_graph_c_sprint5b_energy,graph_c_context_observation,GraphCContext+S5F2_energy,val,942,7822,,1,0.634799599647522
gcn_graph_c_sprint5b_energy,graph_c_context_observation,GraphCContext+S5F2_energy,val,943,7822,,1,0.9710977077484131
gcn_graph_c_sprint5b_energy,graph_c_context_observation,GraphCContext+S5F2_energy,val,944,7822,,1,0.4843219220638275
gcn_graph_c_sprint5b_energy,graph_c_context_observation,GraphCContext+S5F2_energy,val,945,7822,,1,0.35152846574783325
gcn_graph_c_sprint5b_energy,graph_c_context_observation,GraphCContext+S5F2_energy,val,946,7822,,1,0.6420398950576782
gcn_graph_c_sprint5b_energy,graph_c_context_observation,GraphCContext+S5F2_energy,val,947,7822,,1,0.7142949104309082
gcn_graph_c_sprint5b_energy,graph_c_context_observation,GraphCContext+S5F2_energy,val,948,7822,,1,0.6232019066810608
gcn_graph_c_sprint5b_energy,graph_c_context_observation,GraphCContext+S5F2_energy,val,949,7822,,1,0.733622133731842
gcn_graph_c_sprint5b_energy,graph_c_context_observation,GraphCContext+S5F2_energy,val,950,7822,,1,0.7186098098754883
gcn_graph_c_sprint5b_energy,graph_c_context_observation,GraphCContext+S5F2_energy,val,951,7822,,1,0.42113903164863586
gcn_graph_c_sprint5b_energy,graph_c_context_observation,GraphCContext+S5F2_energy,val,952,7822,,1,0.8191259503364563
gcn_graph_c_sprint5b_energy,graph_c_context_observation,GraphCContext+S5F2_energy,val,953,7822,,1,0.6329296827316284
gcn_graph_c_sprint5b_energy,graph_c_context_observation,GraphCContext+S5F2_energy,val,954,7822,,1,0.7790160179138184
gcn_graph_c_sprint5b_energy,graph_c_context_observation,GraphCContext+S5F2_energy,val,955,7822,,1,0.8217834830284119
gcn_graph_c_sprint5b_energy,graph_c_context_observation,GraphCContext+S5F2_energy,val,956,7822,,1,0.6249309182167053
gcn_graph_c_sprint5b_energy,graph_c_context_observation,GraphCContext+S5F2_energy,val,957,7822,,1,0.4184102714061737
gcn_graph_c_sprint5b_energy,graph_c_context_observation,GraphCContext+S5F2_energy,val,958,7822,,1,0.6815930008888245
gcn_graph_c_sprint5b_energy,graph_c_context_observation,GraphCContext+S5F2_energy,val,959,7822,,1,0.5521408319473267
gcn_graph_c_sprint5b_energy,graph_c_context_observation,GraphCContext+S5F2_energy,val,960,7822,,1,0.6542720794677734
gcn_graph_c_sprint5b_energy,graph_c_context_observation,GraphCContext+S5F2_energy,val,961,7822,,1,0.6919915676116943
gcn_graph_c_sprint5b_energy,graph_c_context_observation,GraphCContext+S5F2_energy,val,962,7822,,1,0.6844651103019714
gcn_graph_c_sprint5b_energy,graph_c_context_observation,GraphCContext+S5F2_energy,val,963,7822,,1,0.6355264186859131
gcn_graph_c_sprint5b_energy,graph_c_context_observation,GraphCContext+S5F2_energy,val,964,7822,,1,0.40661269426345825
gcn_graph_c_sprint5b_energy,graph_c_context_observation,GraphCContext+S5F2_energy,val,965,7822,,1,0.7149062752723694
gcn_graph_c_sprint5b_energy,graph_c_context_observation,GraphCContext+S5F2_energy,val,966,7822,,1,0.4344422519207001
gcn_graph_c_sprint5b_energy,graph_c_context_observation,GraphCContext+S5F2_energy,val,967,7822,,1,0.495215505361557
gcn_graph_c_sprint5b_energy,graph_c_context_observation,GraphCContext+S5F2_energy,val,968,7822,,1,0.6544187664985657
gcn_graph_c_sprint5b_energy,graph_c_context_observation,GraphCContext+S5F2_energy,val,969,7822,,1,0.5821496844291687
gcn_graph_c_sprint5b_energy,graph_c_context_observation,GraphCContext+S5F2_energy,val,970,7822,,1,0.4999873638153076
gcn_graph_c_sprint5b_energy,graph_c_context_observation,GraphCContext+S5F2_energy,val,971,7822,,1,0.8265538811683655
gcn_graph_c_sprint5b_energy,graph_c_context_observation,GraphCContext+S5F2_energy,val,972,7822,,1,0.3663980960845947
gcn_graph_c_sprint5b_energy,graph_c_context_observation,GraphCContext+S5F2_energy,val,973,7822,,1,0.7300081253051758
gcn_graph_c_sprint5b_energy,graph_c_context_observation,GraphCContext+S5F2_energy,val,974,7822,,1,0.41717788577079773
gcn_graph_c_sprint5b_energy,graph_c_context_observation,GraphCContext+S5F2_energy,val,975,7822,,1,0.7192947268486023
gcn_graph_c_sprint5b_energy,graph_c_context_observation,GraphCContext+S5F2_energy,val,976,7822,,1,0.8313368558883667
gcn_graph_c_sprint5b_energy,graph_c_context_observation,GraphCContext+S5F2_energy,val,977,7822,,1,0.6376034617424011
gcn_graph_c_sprint5b_energy,graph_c_context_observation,GraphCContext+S5F2_energy,val,978,7822,,1,0.6253971457481384
gcn_graph_c_sprint5b_energy,graph_c_context_observation,GraphCContext+S5F2_energy,val,979,7822,,1,0.53514564037323
gcn_graph_c_sprint5b_energy,graph_c_context_observation,GraphCContext+S5F2_energy,val,980,7822,,1,0.40153762698173523
gcn_graph_c_sprint5b_energy,graph_c_context_observation,GraphCContext+S5F2_energy,val,981,7822,,1,0.5194398760795593
gcn_graph_c_sprint5b_energy,graph_c_context_observation,GraphCContext+S5F2_energy,val,982,7822,,1,0.23815906047821045
gcn_graph_c_sprint5b_energy,graph_c_context_observation,GraphCContext+S5F2_energy,val,983,7822,,1,0.923917293548584
gcn_graph_c_sprint5b_energy,graph_c_context_observation,GraphCContext+S5F2_energy,val,984,7822,,1,0.4975987374782562
gcn_graph_c_sprint5b_energy,graph_c_context_observation,GraphCContext+S5F2_energy,val,985,7822,,1,0.46110954880714417
gcn_graph_c_sprint5b_energy,graph_c_context_observation,GraphCContext+S5F2_energy,val,986,7822,,1,0.40245258808135986
gcn_graph_c_sprint5b_energy,graph_c_context_observation,GraphCContext+S5F2_energy,val,987,7822,,1,0.4852036237716675
gcn_graph_c_sprint5b_energy,graph_c_context_observation,GraphCContext+S5F2_energy,val,988,7822,,1,0.521318256855011
gcn_graph_c_sprint5b_energy,graph_c_context_observation,GraphCContext+S5F2_energy,val,989,7822,,1,0.9456219673156738
gcn_graph_c_sprint5b_energy,graph_c_context_observation,GraphCContext+S5F2_energy,val,990,7822,,1,0.8802124857902527
gcn_graph_c_sprint5b_energy,graph_c_context_observation,GraphCContext+S5F2_energy,val,991,7822,,1,0.625868558883667
gcn_graph_c_sprint5b_energy,graph_c_context_observation,GraphCContext+S5F2_energy,val,992,7822,,1,0.4259435534477234
gcn_graph_c_sprint5b_energy,graph_c_context_observation,GraphCContext+S5F2_energy,val,993,7822,,1,0.8203404545783997
gcn_graph_c_sprint5b_energy,graph_c_context_observation,GraphCContext+S5F2_energy,val,994,7822,,1,0.887759268283844
gcn_graph_c_sprint5b_energy,graph_c_context_observation,GraphCContext+S5F2_energy,val,995,7822,,1,0.7863097786903381
gcn_graph_c_sprint5b_energy,graph_c_context_observation,GraphCContext+S5F2_energy,val,996,7822,,1,0.2463885098695755
gcn_graph_c_sprint5b_energy,graph_c_context_observation,GraphCContext+S5F2_energy,val,997,7822,,1,0.949630856513977
gcn_graph_c_sprint5b_energy,graph_c_context_observation,GraphCContext+S5F2_energy,val,998,7822,,1,0.7337069511413574
gcn_graph_c_sprint5b_energy,graph_c_context_observation,GraphCContext+S5F2_energy,val,999,7822,,1,0.8975058794021606
gcn_graph_c_sprint5b_energy,graph_c_context_observation,GraphCContext+S5F2_energy,val,1000,7822,,1,0.4464694857597351
gcn_graph_c_sprint5b_energy,graph_c_context_observation,GraphCContext+S5F2_energy,val,1001,7822,,1,0.5955141186714172
gcn_graph_c_sprint5b_energy,graph_c_context_observation,GraphCContext+S5F2_energy,val,1002,7822,,1,0.7579501271247864
gcn_graph_c_sprint5b_energy,graph_c_context_observation,GraphCContext+S5F2_energy,val,1003,7822,,1,0.42144015431404114
gcn_graph_c_sprint5b_energy,graph_c_context_observation,GraphCContext+S5F2_energy,val,1004,7822,,1,0.4204346537590027
gcn_graph_c_sprint5b_energy,graph_c_context_observation,GraphCContext+S5F2_energy,val,1005,7822,,1,0.763137698173523
gcn_graph_c_sprint5b_energy,graph_c_context_observation,GraphCContext+S5F2_energy,val,1006,7822,,1,0.4396987557411194
gcn_graph_c_sprint5b_energy,graph_c_context_observation,GraphCContext+S5F2_energy,val,1007,7822,,1,0.8623137474060059
gcn_graph_c_sprint5b_energy,graph_c_context_observation,GraphCContext+S5F2_energy,val,1008,7822,,1,0.5734047293663025
gcn_graph_c_sprint5b_energy,graph_c_context_observation,GraphCContext+S5F2_energy,val,1009,7822,,1,0.7501837611198425
gcn_graph_c_sprint5b_energy,graph_c_context_observation,GraphCContext+S5F2_energy,val,1010,7822,,1,0.6717185378074646
gcn_graph_c_sprint5b_energy,graph_c_context_observation,GraphCContext+S5F2_energy,val,1011,7822,,1,0.7575022578239441
gcn_graph_c_sprint5b_energy,graph_c_context_observation,GraphCContext+S5F2_energy,val,1012,7822,,1,0.6171786189079285
gcn_graph_c_sprint5b_energy,graph_c_context_observation,GraphCContext+S5F2_energy,val,1013,7822,,1,0.8133003115653992
gcn_graph_c_sprint5b_energy,graph_c_context_observation,GraphCContext+S5F2_energy,val,1014,7822,,1,0.8132057785987854
gcn_graph_c_sprint5b_energy,graph_c_context_observation,GraphCContext+S5F2_energy,val,1015,7822,,1,0.631209135055542
gcn_graph_c_sprint5b_energy,graph_c_context_observation,GraphCContext+S5F2_energy,val,1016,7822,,1,0.43653666973114014
gcn_graph_c_sprint5b_energy,graph_c_context_observation,GraphCContext+S5F2_energy,val,1017,7822,,1,0.5920883417129517
gcn_graph_c_sprint5b_energy,graph_c_context_observation,GraphCContext+S5F2_energy,val,1018,7822,,1,0.931596577167511
gcn_graph_c_sprint5b_energy,graph_c_context_observation,GraphCContext+S5F2_energy,val,1019,7822,,1,0.27304163575172424
gcn_graph_c_sprint5b_energy,graph_c_context_observation,GraphCContext+S5F2_energy,val,1020,7822,,1,0.7144238948822021
gcn_graph_c_sprint5b_energy,graph_c_context_observation,GraphCContext+S5F2_energy,val,1021,7822,,1,0.8890414237976074
gcn_graph_c_sprint5b_energy,graph_c_context_observation,GraphCContext+S5F2_energy,val,1022,7822,,1,0.5245001316070557
gcn_graph_c_sprint5b_energy,graph_c_context_observation,GraphCContext+S5F2_energy,val,1023,7822,,1,0.658760130405426
gcn_graph_c_sprint5b_energy,graph_c_context_observation,GraphCContext+S5F2_energy,val,1024,7822,,1,0.7718657851219177
gcn_graph_c_sprint5b_energy,graph_c_context_observation,GraphCContext+S5F2_energy,val,1025,7822,,1,0.254878968000412
gcn_graph_c_sprint5b_energy,graph_c_context_observation,GraphCContext+S5F2_energy,val,1026,7822,,1,0.7915301322937012
gcn_graph_c_sprint5b_energy,graph_c_context_observation,GraphCContext+S5F2_energy,val,1027,7822,,1,0.6915538907051086
gcn_graph_c_sprint5b_energy,graph_c_context_observation,GraphCContext+S5F2_energy,val,1028,7822,,1,0.6206903457641602
gcn_graph_c_sprint5b_energy,graph_c_context_observation,GraphCContext+S5F2_energy,val,1029,7822,,1,0.48720183968544006
gcn_graph_c_sprint5b_energy,graph_c_context_observation,GraphCContext+S5F2_energy,val,1030,7822,,1,0.6829757690429688
gcn_graph_c_sprint5b_energy,graph_c_context_observation,GraphCContext+S5F2_energy,val,1031,7822,,1,0.7815993428230286
gcn_graph_c_sprint5b_energy,graph_c_context_observation,GraphCContext+S5F2_energy,val,1032,7822,,1,0.7523173093795776
gcn_graph_c_sprint5b_energy,graph_c_context_observation,GraphCContext+S5F2_energy,val,1033,7822,,1,0.44618716835975647
gcn_graph_c_sprint5b_energy,graph_c_context_observation,GraphCContext+S5F2_energy,val,1034,7822,,1,0.7812283635139465
gcn_graph_c_sprint5b_energy,graph_c_context_observation,GraphCContext+S5F2_energy,val,1035,7822,,1,0.6422696709632874
gcn_graph_c_sprint5b_energy,graph_c_context_observation,GraphCContext+S5F2_energy,val,1036,7822,,1,0.7244464159011841
gcn_graph_c_sprint5b_energy,graph_c_context_observation,GraphCContext+S5F2_energy,val,1037,7822,,1,0.7648330926895142
gcn_graph_c_sprint5b_energy,graph_c_context_observation,GraphCContext+S5F2_energy,val,1038,7822,,1,0.6619903445243835
gcn_graph_c_sprint5b_energy,graph_c_context_observation,GraphCContext+S5F2_energy,val,1039,7822,,1,0.828332781791687
gcn_graph_c_sprint5b_energy,graph_c_context_observation,GraphCContext+S5F2_energy,val,1040,7822,,1,0.7167011499404907
gcn_graph_c_sprint5b_energy,graph_c_context_observation,GraphCContext+S5F2_energy,val,1041,7822,,1,0.6154857277870178
gcn_graph_c_sprint5b_energy,graph_c_context_observation,GraphCContext+S5F2_energy,val,1042,7822,,1,0.8728780746459961
gcn_graph_c_sprint5b_energy,graph_c_context_observation,GraphCContext+S5F2_energy,val,1043,7822,,1,0.6956397294998169
gcn_graph_c_sprint5b_energy,graph_c_context_observation,GraphCContext+S5F2_energy,val,1044,7822,,1,0.7995073199272156
gcn_graph_c_sprint5b_energy,graph_c_context_observation,GraphCContext+S5F2_energy,val,1045,7822,,1,0.6761539578437805
gcn_graph_c_sprint5b_energy,graph_c_context_observation,GraphCContext+S5F2_energy,val,1046,7822,,1,0.6078843474388123
gcn_graph_c_sprint5b_energy,graph_c_context_observation,GraphCContext+S5F2_energy,val,1047,7822,,1,0.700957715511322
gcn_graph_c_sprint5b_energy,graph_c_context_observation,GraphCContext+S5F2_energy,val,1048,7822,,1,0.3651970624923706
gcn_graph_c_sprint5b_energy,graph_c_context_observation,GraphCContext+S5F2_energy,val,1049,7822,,1,0.5040431022644043
gcn_graph_c_sprint5b_energy,graph_c_context_observation,GraphCContext+S5F2_energy,val,1050,7822,,1,0.7818328142166138
gcn_graph_c_sprint5b_energy,graph_c_context_observation,GraphCContext+S5F2_energy,val,1051,7822,,1,0.6467176079750061
gcn_graph_c_sprint5b_energy,graph_c_context_observation,GraphCContext+S5F2_energy,val,1052,7822,,1,0.6259006261825562
gcn_graph_c_sprint5b_energy,graph_c_context_observation,GraphCContext+S5F2_energy,val,1053,7822,,1,0.8992472290992737
gcn_graph_c_sprint5b_energy,graph_c_context_observation,GraphCContext+S5F2_energy,val,1054,7822,,1,0.7435978651046753
gcn_graph_c_sprint5b_energy,graph_c_context_observation,GraphCContext+S5F2_energy,val,1055,7822,,1,0.9320238828659058
gcn_graph_c_sprint5b_energy,graph_c_context_observation,GraphCContext+S5F2_energy,val,1056,7822,,1,0.8054430484771729
gcn_graph_c_sprint5b_energy,graph_c_context_observation,GraphCContext+S5F2_energy,val,1057,7822,,1,0.39563673734664917
gcn_graph_c_sprint5b_energy,graph_c_context_observation,GraphCContext+S5F2_energy,val,1058,7822,,1,0.2903668284416199
gcn_graph_c_sprint5b_energy,graph_c_context_observation,GraphCContext+S5F2_energy,val,1059,7822,,1,0.6584076881408691
gcn_graph_c_sprint5b_energy,graph_c_context_observation,GraphCContext+S5F2_energy,val,1060,7822,,1,0.6878785490989685
gcn_graph_c_sprint5b_energy,graph_c_context_observation,GraphCContext+S5F2_energy,val,1061,7822,,1,0.737200140953064
gcn_graph_c_sprint5b_energy,graph_c_context_observation,GraphCContext+S5F2_energy,val,1062,7822,,1,0.7382702827453613
gcn_graph_c_sprint5b_energy,graph_c_context_observation,GraphCContext+S5F2_energy,val,1063,7822,,1,0.7841780185699463
gcn_graph_c_sprint5b_energy,graph_c_context_observation,GraphCContext+S5F2_energy,val,1064,7822,,1,0.9814334511756897
gcn_graph_c_sprint5b_energy,graph_c_context_observation,GraphCContext+S5F2_energy,val,1065,7822,,1,0.895284116268158
gcn_graph_c_sprint5b_energy,graph_c_context_observation,GraphCContext+S5F2_energy,val,1066,7822,,1,0.6784420013427734
gcn_graph_c_sprint5b_energy,graph_c_context_observation,GraphCContext+S5F2_energy,val,1067,7822,,1,0.7055870294570923
gcn_graph_c_sprint5b_energy,graph_c_context_observation,GraphCContext+S5F2_energy,val,1068,7822,,1,0.8032780885696411
gcn_graph_c_sprint5b_energy,graph_c_context_observation,GraphCContext+S5F2_energy,val,1069,7822,,1,0.5452859401702881
gcn_graph_c_sprint5b_energy,graph_c_context_observation,GraphCContext+S5F2_energy,val,1070,7822,,1,0.6069520711898804
gcn_graph_c_sprint5b_energy,graph_c_context_observation,GraphCContext+S5F2_energy,val,1071,7822,,1,0.8955322504043579
gcn_graph_c_sprint5b_energy,graph_c_context_observation,GraphCContext+S5F2_energy,val,1072,7822,,1,0.6640732884407043
gcn_graph_c_sprint5b_energy,graph_c_context_observation,GraphCContext+S5F2_energy,val,1073,7822,,1,0.9284282326698303
gcn_graph_c_sprint5b_energy,graph_c_context_observation,GraphCContext+S5F2_energy,val,1074,7822,,1,0.6206110119819641
gcn_graph_c_sprint5b_energy,graph_c_context_observation,GraphCContext+S5F2_energy,val,1075,7822,,1,0.5273907780647278
gcn_graph_c_sprint5b_energy,graph_c_context_observation,GraphCContext+S5F2_energy,val,1076,7822,,1,0.501708984375
gcn_graph_c_sprint5b_energy,graph_c_context_observation,GraphCContext+S5F2_energy,val,1077,7822,,1,0.8805142045021057
gcn_graph_c_sprint5b_energy,graph_c_context_observation,GraphCContext+S5F2_energy,val,1078,7822,,1,0.7073603272438049
gcn_graph_c_sprint5b_energy,graph_c_context_observation,GraphCContext+S5F2_energy,val,1079,7822,,1,0.8557971715927124
gcn_graph_c_sprint5b_energy,graph_c_context_observation,GraphCContext+S5F2_energy,val,1080,7822,,1,0.6267857551574707
gcn_graph_c_sprint5b_energy,graph_c_context_observation,GraphCContext+S5F2_energy,val,1081,7822,,1,0.46349701285362244
gcn_graph_c_sprint5b_energy,graph_c_context_observation,GraphCContext+S5F2_energy,val,1082,7822,,1,0.4702940285205841
gcn_graph_c_sprint5b_energy,graph_c_context_observation,GraphCContext+S5F2_energy,val,1083,7822,,1,0.8246576189994812
gcn_graph_c_sprint5b_energy,graph_c_context_observation,GraphCContext+S5F2_energy,val,1084,7822,,1,0.7285780310630798
gcn_graph_c_sprint5b_energy,graph_c_context_observation,GraphCContext+S5F2_energy,val,1085,7822,,1,0.6067991256713867
gcn_graph_c_sprint5b_energy,graph_c_context_observation,GraphCContext+S5F2_energy,val,1086,7822,,1,0.8404573202133179
gcn_graph_c_sprint5b_energy,graph_c_context_observation,GraphCContext+S5F2_energy,val,1087,7822,,1,0.8185716271400452
gcn_graph_c_sprint5b_energy,graph_c_context_observation,GraphCContext+S5F2_energy,val,1088,7822,,1,0.49187129735946655
gcn_graph_c_sprint5b_energy,graph_c_context_observation,GraphCContext+S5F2_energy,val,1089,7822,,1,0.8931776881217957
gcn_graph_c_sprint5b_energy,graph_c_context_observation,GraphCContext+S5F2_energy,val,1090,7822,,1,0.4239071011543274
gcn_graph_c_sprint5b_energy,graph_c_context_observation,GraphCContext+S5F2_energy,val,1091,7822,,1,0.8944613933563232
gcn_graph_c_sprint5b_energy,graph_c_context_observation,GraphCContext+S5F2_energy,val,1092,7822,,1,0.598951518535614
gcn_graph_c_sprint5b_energy,graph_c_context_observation,GraphCContext+S5F2_energy,val,1093,7822,,1,0.349785178899765
gcn_graph_c_sprint5b_energy,graph_c_context_observation,GraphCContext+S5F2_energy,val,1094,7822,,1,0.5345374941825867
gcn_graph_c_sprint5b_energy,graph_c_context_observation,GraphCContext+S5F2_energy,val,1095,7822,,1,0.6155588030815125
gcn_graph_c_sprint5b_energy,graph_c_context_observation,GraphCContext+S5F2_energy,val,1096,7822,,1,0.7113599181175232
gcn_graph_c_sprint5b_energy,graph_c_context_observation,GraphCContext+S5F2_energy,val,1097,7822,,1,0.7706406116485596
gcn_graph_c_sprint5b_energy,graph_c_context_observation,GraphCContext+S5F2_energy,val,1098,7822,,1,0.7223860025405884
gcn_graph_c_sprint5b_energy,graph_c_context_observation,GraphCContext+S5F2_energy,val,1099,7822,,1,0.5227457880973816
gcn_graph_c_sprint5b_energy,graph_c_context_observation,GraphCContext+S5F2_energy,val,1100,7822,,1,0.48898065090179443
gcn_graph_c_sprint5b_energy,graph_c_context_observation,GraphCContext+S5F2_energy,val,1101,7822,,1,0.7915441393852234
gcn_graph_c_sprint5b_energy,graph_c_context_observation,GraphCContext+S5F2_energy,val,1102,7822,,1,0.6073275804519653
gcn_graph_c_sprint5b_energy,graph_c_context_observation,GraphCContext+S5F2_energy,val,1103,7822,,1,0.24510875344276428
gcn_graph_c_sprint5b_energy,graph_c_context_observation,GraphCContext+S5F2_energy,val,1104,7822,,1,0.8491709232330322
gcn_graph_c_sprint5b_energy,graph_c_context_observation,GraphCContext+S5F2_energy,val,1105,7822,,1,0.8821116089820862
gcn_graph_c_sprint5b_energy,graph_c_context_observation,GraphCContext+S5F2_energy,val,1106,7822,,1,0.8510890007019043
gcn_graph_c_sprint5b_energy,graph_c_context_observation,GraphCContext+S5F2_energy,val,1107,7822,,1,0.3528895974159241
gcn_graph_c_sprint5b_energy,graph_c_context_observation,GraphCContext+S5F2_energy,val,1108,7822,,1,0.8357371687889099
gcn_graph_c_sprint5b_energy,graph_c_context_observation,GraphCContext+S5F2_energy,val,1109,7822,,1,0.413185179233551
gcn_graph_c_sprint5b_energy,graph_c_context_observation,GraphCContext+S5F2_energy,val,1110,7822,,1,0.4019181728363037
gcn_graph_c_sprint5b_energy,graph_c_context_observation,GraphCContext+S5F2_energy,val,1111,7822,,1,0.455549955368042
gcn_graph_c_sprint5b_energy,graph_c_context_observation,GraphCContext+S5F2_energy,val,1112,7822,,1,0.8718804121017456
gcn_graph_c_sprint5b_energy,graph_c_context_observation,GraphCContext+S5F2_energy,val,1113,7822,,1,0.7703216671943665
gcn_graph_c_sprint5b_energy,graph_c_context_observation,GraphCContext+S5F2_energy,val,1114,7822,,1,0.5653519630432129
gcn_graph_c_sprint5b_energy,graph_c_context_observation,GraphCContext+S5F2_energy,val,1115,7822,,1,0.8425741195678711
gcn_graph_c_sprint5b_energy,graph_c_context_observation,GraphCContext+S5F2_energy,val,1116,7822,,1,0.4781308174133301
gcn_graph_c_sprint5b_energy,graph_c_context_observation,GraphCContext+S5F2_energy,val,1117,7822,,1,0.5623822808265686
gcn_graph_c_sprint5b_energy,graph_c_context_observation,GraphCContext+S5F2_energy,val,1118,7822,,1,0.6077112555503845
gcn_graph_c_sprint5b_energy,graph_c_context_observation,GraphCContext+S5F2_energy,val,1119,7822,,1,0.4026554226875305
gcn_graph_c_sprint5b_energy,graph_c_context_observation,GraphCContext+S5F2_energy,val,1120,7822,,1,0.8630468845367432
gcn_graph_c_sprint5b_energy,graph_c_context_observation,GraphCContext+S5F2_energy,val,1121,7822,,1,0.6109095811843872
gcn_graph_c_sprint5b_energy,graph_c_context_observation,GraphCContext+S5F2_energy,val,1122,7822,,1,0.4539684057235718
gcn_graph_c_sprint5b_energy,graph_c_context_observation,GraphCContext+S5F2_energy,val,1123,7822,,1,0.7361282706260681
gcn_graph_c_sprint5b_energy,graph_c_context_observation,GraphCContext+S5F2_energy,val,1124,7822,,1,0.6259000301361084
gcn_graph_c_sprint5b_energy,graph_c_context_observation,GraphCContext+S5F2_energy,val,1125,7822,,1,0.7686362862586975
gcn_graph_c_sprint5b_energy,graph_c_context_observation,GraphCContext+S5F2_energy,val,1126,7822,,1,0.6342248320579529
gcn_graph_c_sprint5b_energy,graph_c_context_observation,GraphCContext+S5F2_energy,val,1127,7822,,1,0.8725728988647461
gcn_graph_c_sprint5b_energy,graph_c_context_observation,GraphCContext+S5F2_energy,val,1128,7822,,1,0.6687877178192139
gcn_graph_c_sprint5b_energy,graph_c_context_observation,GraphCContext+S5F2_energy,val,1129,7822,,1,0.6281717419624329
gcn_graph_c_sprint5b_energy,graph_c_context_observation,GraphCContext+S5F2_energy,val,1130,7822,,1,0.5367342233657837
gcn_graph_c_sprint5b_energy,graph_c_context_observation,GraphCContext+S5F2_energy,val,1131,7822,,1,0.6441980600357056
gcn_graph_c_sprint5b_energy,graph_c_context_observation,GraphCContext+S5F2_energy,val,1132,7822,,1,0.71143639087677
gcn_graph_c_sprint5b_energy,graph_c_context_observation,GraphCContext+S5F2_energy,val,1133,7822,,1,0.902479350566864
gcn_graph_c_sprint5b_energy,graph_c_context_observation,GraphCContext+S5F2_energy,val,1134,7822,,1,0.6917303800582886
gcn_graph_c_sprint5b_energy,graph_c_context_observation,GraphCContext+S5F2_energy,val,1135,7822,,1,0.719842791557312
gcn_graph_c_sprint5b_energy,graph_c_context_observation,GraphCContext+S5F2_energy,val,1136,7822,,1,0.6441425681114197
gcn_graph_c_sprint5b_energy,graph_c_context_observation,GraphCContext+S5F2_energy,val,1137,7822,,1,0.6992533206939697
gcn_graph_c_sprint5b_energy,graph_c_context_observation,GraphCContext+S5F2_energy,val,1138,7822,,1,0.6587956547737122
gcn_graph_c_sprint5b_energy,graph_c_context_observation,GraphCContext+S5F2_energy,val,1139,7822,,1,0.8264893293380737
gcn_graph_c_sprint5b_energy,graph_c_context_observation,GraphCContext+S5F2_energy,val,1140,7822,,1,0.42221468687057495
gcn_graph_c_sprint5b_energy,graph_c_context_observation,GraphCContext+S5F2_energy,val,1141,7822,,1,0.7479602694511414
gcn_graph_c_sprint5b_energy,graph_c_context_observation,GraphCContext+S5F2_energy,val,1142,7822,,1,0.6381215453147888
gcn_graph_c_sprint5b_energy,graph_c_context_observation,GraphCContext+S5F2_energy,val,1143,7822,,1,0.473864883184433
gcn_graph_c_sprint5b_energy,graph_c_context_observation,GraphCContext+S5F2_energy,val,1144,7822,,1,0.6726487874984741
gcn_graph_c_sprint5b_energy,graph_c_context_observation,GraphCContext+S5F2_energy,val,1145,7822,,1,0.5440215468406677
gcn_graph_c_sprint5b_energy,graph_c_context_observation,GraphCContext+S5F2_energy,val,1146,7822,,1,0.636660099029541
gcn_graph_c_sprint5b_energy,graph_c_context_observation,GraphCContext+S5F2_energy,val,1147,7822,,1,0.6404351592063904
gcn_graph_c_sprint5b_energy,graph_c_context_observation,GraphCContext+S5F2_energy,val,1148,7822,,1,0.7297095060348511
gcn_graph_c_sprint5b_energy,graph_c_context_observation,GraphCContext+S5F2_energy,val,1149,7822,,1,0.5885774493217468
gcn_graph_c_sprint5b_energy,graph_c_context_observation,GraphCContext+S5F2_energy,val,1150,7822,,1,0.7332176566123962
gcn_graph_c_sprint5b_energy,graph_c_context_observation,GraphCContext+S5F2_energy,val,1151,7822,,1,0.6389498114585876
gcn_graph_c_sprint5b_energy,graph_c_context_observation,GraphCContext+S5F2_energy,val,1152,7822,,1,0.8533031344413757
gcn_graph_c_sprint5b_energy,graph_c_context_observation,GraphCContext+S5F2_energy,val,1153,7822,,1,0.7135746479034424
gcn_graph_c_sprint5b_energy,graph_c_context_observation,GraphCContext+S5F2_energy,val,1154,7822,,1,0.8057435154914856
gcn_graph_c_sprint5b_energy,graph_c_context_observation,GraphCContext+S5F2_energy,val,1155,7822,,1,0.6643015742301941
gcn_graph_c_sprint5b_energy,graph_c_context_observation,GraphCContext+S5F2_energy,val,1156,7822,,1,0.6947731971740723
gcn_graph_c_sprint5b_energy,graph_c_context_observation,GraphCContext+S5F2_energy,val,1157,7822,,1,0.9407916069030762
gcn_graph_c_sprint5b_energy,graph_c_context_observation,GraphCContext+S5F2_energy,val,1158,7822,,1,0.6328138113021851
gcn_graph_c_sprint5b_energy,graph_c_context_observation,GraphCContext+S5F2_energy,val,1159,7822,,1,0.9079782962799072
gcn_graph_c_sprint5b_energy,graph_c_context_observation,GraphCContext+S5F2_energy,val,1160,7822,,1,0.8438600897789001
gcn_graph_c_sprint5b_energy,graph_c_context_observation,GraphCContext+S5F2_energy,val,1161,7822,,1,0.6304372549057007
gcn_graph_c_sprint5b_energy,graph_c_context_observation,GraphCContext+S5F2_energy,val,1162,7822,,1,0.8339954614639282
gcn_graph_c_sprint5b_energy,graph_c_context_observation,GraphCContext+S5F2_energy,val,1163,7822,,1,0.4912484586238861
gcn_graph_c_sprint5b_energy,graph_c_context_observation,GraphCContext+S5F2_energy,val,1164,7822,,1,0.7999400496482849
gcn_graph_c_sprint5b_energy,graph_c_context_observation,GraphCContext+S5F2_energy,val,1165,7822,,1,0.5903737545013428
gcn_graph_c_sprint5b_energy,graph_c_context_observation,GraphCContext+S5F2_energy,val,1166,7822,,1,0.4793543517589569
gcn_graph_c_sprint5b_energy,graph_c_context_observation,GraphCContext+S5F2_energy,val,1167,7822,,1,0.6485370993614197
gcn_graph_c_sprint5b_energy,graph_c_context_observation,GraphCContext+S5F2_energy,val,1168,7822,,1,0.7544458508491516
gcn_graph_c_sprint5b_energy,graph_c_context_observation,GraphCContext+S5F2_energy,val,1169,7822,,1,0.5861928462982178
gcn_graph_c_sprint5b_energy,graph_c_context_observation,GraphCContext+S5F2_energy,val,1170,7822,,1,0.7798506021499634
gcn_graph_c_sprint5b_energy,graph_c_context_observation,GraphCContext+S5F2_energy,val,1171,7822,,1,0.8943198323249817
gcn_graph_c_sprint5b_energy,graph_c_context_observation,GraphCContext+S5F2_energy,val,1172,7822,,1,0.30670052766799927
gcn_graph_c_sprint5b_energy,graph_c_context_observation,GraphCContext+S5F2_energy,val,1173,7822,,1,0.5492165684700012
gcn_graph_c_sprint5b_energy,graph_c_context_observation,GraphCContext+S5F2_energy,val,1174,7822,,1,0.8680179715156555
gcn_graph_c_sprint5b_energy,graph_c_context_observation,GraphCContext+S5F2_energy,val,1175,7822,,1,0.6386733651161194
gcn_graph_c_sprint5b_energy,graph_c_context_observation,GraphCContext+S5F2_energy,val,1176,7822,,1,0.8472819328308105
gcn_graph_c_sprint5b_energy,graph_c_context_observation,GraphCContext+S5F2_energy,val,1177,7822,,1,0.6318954229354858
gcn_graph_c_sprint5b_energy,graph_c_context_observation,GraphCContext+S5F2_energy,val,1178,7822,,1,0.41054052114486694
gcn_graph_c_sprint5b_energy,graph_c_context_observation,GraphCContext+S5F2_energy,val,1179,7822,,1,0.5749683976173401
gcn_graph_c_sprint5b_energy,graph_c_context_observation,GraphCContext+S5F2_energy,val,1180,7822,,1,0.746780514717102
gcn_graph_c_sprint5b_energy,graph_c_context_observation,GraphCContext+S5F2_energy,val,1181,7822,,1,0.5490988492965698
gcn_graph_c_sprint5b_energy,graph_c_context_observation,GraphCContext+S5F2_energy,val,1182,7822,,1,0.5915428996086121
gcn_graph_c_sprint5b_energy,graph_c_context_observation,GraphCContext+S5F2_energy,val,1183,7822,,1,0.7870592474937439
gcn_graph_c_sprint5b_energy,graph_c_context_observation,GraphCContext+S5F2_energy,val,1184,7822,,1,0.3795415759086609
gcn_graph_c_sprint5b_energy,graph_c_context_observation,GraphCContext+S5F2_energy,val,1185,7822,,1,0.7330159544944763
gcn_graph_c_sprint5b_energy,graph_c_context_observation,GraphCContext+S5F2_energy,val,1186,7822,,1,0.5268136858940125
gcn_graph_c_sprint5b_energy,graph_c_context_observation,GraphCContext+S5F2_energy,val,1187,7822,,1,0.796287477016449
gcn_graph_c_sprint5b_energy,graph_c_context_observation,GraphCContext+S5F2_energy,val,1188,7822,,1,0.8196616172790527
gcn_graph_c_sprint5b_energy,graph_c_context_observation,GraphCContext+S5F2_energy,val,1189,7822,,1,0.21541452407836914
gcn_graph_c_sprint5b_energy,graph_c_context_observation,GraphCContext+S5F2_energy,val,1190,7822,,1,0.46461427211761475
gcn_graph_c_sprint5b_energy,graph_c_context_observation,GraphCContext+S5F2_energy,val,1191,7822,,1,0.6571769714355469
gcn_graph_c_sprint5b_energy,graph_c_context_observation,GraphCContext+S5F2_energy,val,1192,7822,,1,0.7092203497886658
gcn_graph_c_sprint5b_energy,graph_c_context_observation,GraphCContext+S5F2_energy,val,1193,7822,,1,0.47805362939834595
gcn_graph_c_sprint5b_energy,graph_c_context_observation,GraphCContext+S5F2_energy,val,1194,7822,,1,0.7060074806213379
gcn_graph_c_sprint5b_energy,graph_c_context_observation,GraphCContext+S5F2_energy,val,1195,7822,,1,0.7471786737442017
gcn_graph_c_sprint5b_energy,graph_c_context_observation,GraphCContext+S5F2_energy,val,1196,7822,,1,0.6170113682746887
gcn_graph_c_sprint5b_energy,graph_c_context_observation,GraphCContext+S5F2_energy,val,1197,7822,,1,0.8833679556846619
gcn_graph_c_sprint5b_energy,graph_c_context_observation,GraphCContext+S5F2_energy,val,1198,7822,,1,0.7759520411491394
gcn_graph_c_sprint5b_energy,graph_c_context_observation,GraphCContext+S5F2_energy,val,1199,7822,,1,0.5848610401153564
gcn_graph_c_sprint5b_energy,graph_c_context_observation,GraphCContext+S5F2_energy,val,1200,7822,,1,0.5117089748382568
gcn_graph_c_sprint5b_energy,graph_c_context_observation,GraphCContext+S5F2_energy,val,1201,7822,,1,0.5728999972343445
gcn_graph_c_sprint5b_energy,graph_c_context_observation,GraphCContext+S5F2_energy,val,1202,7822,,1,0.7400633692741394
gcn_graph_c_sprint5b_energy,graph_c_context_observation,GraphCContext+S5F2_energy,val,1203,7822,,1,0.6159869432449341
gcn_graph_c_sprint5b_energy,graph_c_context_observation,GraphCContext+S5F2_energy,val,1204,7822,,1,0.6435649991035461
gcn_graph_c_sprint5b_energy,graph_c_context_observation,GraphCContext+S5F2_energy,val,1205,7822,,1,0.531012237071991
gcn_graph_c_sprint5b_energy,graph_c_context_observation,GraphCContext+S5F2_energy,val,1206,7822,,1,0.7497936487197876
gcn_graph_c_sprint5b_energy,graph_c_context_observation,GraphCContext+S5F2_energy,val,1207,7822,,1,0.9058854579925537
gcn_graph_c_sprint5b_energy,graph_c_context_observation,GraphCContext+S5F2_energy,val,1208,7822,,1,0.8686779737472534
gcn_graph_c_sprint5b_energy,graph_c_context_observation,GraphCContext+S5F2_energy,val,1209,7822,,1,0.3423731029033661
gcn_graph_c_sprint5b_energy,graph_c_context_observation,GraphCContext+S5F2_energy,val,1210,7822,,1,0.4274381995201111
gcn_graph_c_sprint5b_energy,graph_c_context_observation,GraphCContext+S5F2_energy,val,1211,7822,,1,0.6322835087776184
gcn_graph_c_sprint5b_energy,graph_c_context_observation,GraphCContext+S5F2_energy,val,1212,7822,,1,0.8819988369941711
gcn_graph_c_sprint5b_energy,graph_c_context_observation,GraphCContext+S5F2_energy,val,1213,7822,,1,0.5158824324607849
gcn_graph_c_sprint5b_energy,graph_c_context_observation,GraphCContext+S5F2_energy,val,1214,7822,,1,0.39373472332954407
gcn_graph_c_sprint5b_energy,graph_c_context_observation,GraphCContext+S5F2_energy,val,1215,7822,,1,0.7284168601036072
gcn_graph_c_sprint5b_energy,graph_c_context_observation,GraphCContext+S5F2_energy,val,1216,7822,,1,0.6491376161575317
gcn_graph_c_sprint5b_energy,graph_c_context_observation,GraphCContext+S5F2_energy,val,1217,7822,,1,0.9268975257873535
gcn_graph_c_sprint5b_energy,graph_c_context_observation,GraphCContext+S5F2_energy,val,1218,7822,,1,0.864018976688385
gcn_graph_c_sprint5b_energy,graph_c_context_observation,GraphCContext+S5F2_energy,val,1219,7822,,1,0.7159336805343628
gcn_graph_c_sprint5b_energy,graph_c_context_observation,GraphCContext+S5F2_energy,val,1220,7822,,1,0.49319398403167725
gcn_graph_c_sprint5b_energy,graph_c_context_observation,GraphCContext+S5F2_energy,val,1221,7822,,1,0.7364319562911987
gcn_graph_c_sprint5b_energy,graph_c_context_observation,GraphCContext+S5F2_energy,val,1222,7822,,1,0.6521292328834534
gcn_graph_c_sprint5b_energy,graph_c_context_observation,GraphCContext+S5F2_energy,val,1223,7822,,1,0.7317370176315308
gcn_graph_c_sprint5b_energy,graph_c_context_observation,GraphCContext+S5F2_energy,val,1224,7822,,1,0.4741063416004181
gcn_graph_c_sprint5b_energy,graph_c_context_observation,GraphCContext+S5F2_energy,val,1225,7822,,1,0.5755767226219177
gcn_graph_c_sprint5b_energy,graph_c_context_observation,GraphCContext+S5F2_energy,val,1226,7822,,1,0.44903823733329773
gcn_graph_c_sprint5b_energy,graph_c_context_observation,GraphCContext+S5F2_energy,val,1227,7822,,1,0.6835489273071289
gcn_graph_c_sprint5b_energy,graph_c_context_observation,GraphCContext+S5F2_energy,val,1228,7822,,1,0.9518629312515259
gcn_graph_c_sprint5b_energy,graph_c_context_observation,GraphCContext+S5F2_energy,val,1229,7822,,1,0.869605541229248
gcn_graph_c_sprint5b_energy,graph_c_context_observation,GraphCContext+S5F2_energy,val,1230,7822,,1,0.8478555083274841
gcn_graph_c_sprint5b_energy,graph_c_context_observation,GraphCContext+S5F2_energy,val,1231,7822,,1,0.627493679523468
gcn_graph_c_sprint5b_energy,graph_c_context_observation,GraphCContext+S5F2_energy,val,1232,7822,,1,0.3815387189388275
gcn_graph_c_sprint5b_energy,graph_c_context_observation,GraphCContext+S5F2_energy,val,1233,7822,,1,0.4530578553676605
gcn_graph_c_sprint5b_energy,graph_c_context_observation,GraphCContext+S5F2_energy,val,1234,7822,,1,0.858720064163208
gcn_graph_c_sprint5b_energy,graph_c_context_observation,GraphCContext+S5F2_energy,val,1235,7822,,1,0.7725836038589478
gcn_graph_c_sprint5b_energy,graph_c_context_observation,GraphCContext+S5F2_energy,val,1236,7822,,1,0.6484786868095398
gcn_graph_c_sprint5b_energy,graph_c_context_observation,GraphCContext+S5F2_energy,val,1237,7822,,1,0.5380493402481079
gcn_graph_c_sprint5b_energy,graph_c_context_observation,GraphCContext+S5F2_energy,val,1238,7822,,1,0.763309121131897
gcn_graph_c_sprint5b_energy,graph_c_context_observation,GraphCContext+S5F2_energy,val,1239,7822,,1,0.356606662273407
gcn_graph_c_sprint5b_energy,graph_c_context_observation,GraphCContext+S5F2_energy,val,1240,7822,,1,0.4494752585887909
gcn_graph_c_sprint5b_energy,graph_c_context_observation,GraphCContext+S5F2_energy,val,1241,7822,,1,0.6448362469673157
gcn_graph_c_sprint5b_energy,graph_c_context_observation,GraphCContext+S5F2_energy,val,1242,7822,,1,0.43872490525245667
gcn_graph_c_sprint5b_energy,graph_c_context_observation,GraphCContext+S5F2_energy,val,1243,7822,,1,0.6989293098449707
gcn_graph_c_sprint5b_energy,graph_c_context_observation,GraphCContext+S5F2_energy,val,1244,7822,,1,0.7892438769340515
gcn_graph_c_sprint5b_energy,graph_c_context_observation,GraphCContext+S5F2_energy,val,1245,7822,,1,0.39896249771118164
gcn_graph_c_sprint5b_energy,graph_c_context_observation,GraphCContext+S5F2_energy,val,1246,7822,,1,0.5829142928123474
gcn_graph_c_sprint5b_energy,graph_c_context_observation,GraphCContext+S5F2_energy,val,1247,7822,,1,0.8086248636245728
gcn_graph_c_sprint5b_energy,graph_c_context_observation,GraphCContext+S5F2_energy,val,1248,7822,,1,0.5515986680984497
gcn_graph_c_sprint5b_energy,graph_c_context_observation,GraphCContext+S5F2_energy,val,1249,7822,,1,0.6456612348556519
gcn_graph_c_sprint5b_energy,graph_c_context_observation,GraphCContext+S5F2_energy,val,1250,7822,,1,0.8762779831886292
gcn_graph_c_sprint5b_energy,graph_c_context_observation,GraphCContext+S5F2_energy,val,1251,7822,,1,0.33663544058799744
gcn_graph_c_sprint5b_energy,graph_c_context_observation,GraphCContext+S5F2_energy,val,1252,7822,,1,0.6756272315979004
gcn_graph_c_sprint5b_energy,graph_c_context_observation,GraphCContext+S5F2_energy,val,1253,7822,,1,0.556350588798523
gcn_graph_c_sprint5b_energy,graph_c_context_observation,GraphCContext+S5F2_energy,val,1254,7822,,1,0.5251335501670837
gcn_graph_c_sprint5b_energy,graph_c_context_observation,GraphCContext+S5F2_energy,val,1255,7822,,1,0.6225802898406982
gcn_graph_c_sprint5b_energy,graph_c_context_observation,GraphCContext+S5F2_energy,val,1256,7822,,1,0.20968568325042725
gcn_graph_c_sprint5b_energy,graph_c_context_observation,GraphCContext+S5F2_energy,val,1257,7822,,1,0.7612133026123047
gcn_graph_c_sprint5b_energy,graph_c_context_observation,GraphCContext+S5F2_energy,val,1258,7822,,1,0.2897646725177765
gcn_graph_c_sprint5b_energy,graph_c_context_observation,GraphCContext+S5F2_energy,val,1259,7822,,1,0.7890618443489075
gcn_graph_c_sprint5b_energy,graph_c_context_observation,GraphCContext+S5F2_energy,val,1260,7822,,1,0.614173173904419
gcn_graph_c_sprint5b_energy,graph_c_context_observation,GraphCContext+S5F2_energy,val,1261,7822,,1,0.6776097416877747
gcn_graph_c_sprint5b_energy,graph_c_context_observation,GraphCContext+S5F2_energy,val,1262,7822,,1,0.5794934630393982
gcn_graph_c_sprint5b_energy,graph_c_context_observation,GraphCContext+S5F2_energy,val,1263,7822,,1,0.6805130243301392
gcn_graph_c_sprint5b_energy,graph_c_context_observation,GraphCContext+S5F2_energy,val,1264,7822,,1,0.5202280282974243
gcn_graph_c_sprint5b_energy,graph_c_context_observation,GraphCContext+S5F2_energy,val,1265,7822,,1,0.5567742586135864
gcn_graph_c_sprint5b_energy,graph_c_context_observation,GraphCContext+S5F2_energy,val,1266,7822,,1,0.9168142080307007
gcn_graph_c_sprint5b_energy,graph_c_context_observation,GraphCContext+S5F2_energy,val,1267,7822,,1,0.9056959748268127
gcn_graph_c_sprint5b_energy,graph_c_context_observation,GraphCContext+S5F2_energy,val,1268,7822,,1,0.5889699459075928
gcn_graph_c_sprint5b_energy,graph_c_context_observation,GraphCContext+S5F2_energy,val,1269,7822,,1,0.673440158367157
gcn_graph_c_sprint5b_energy,graph_c_context_observation,GraphCContext+S5F2_energy,val,1270,7822,,1,0.45660966634750366
gcn_graph_c_sprint5b_energy,graph_c_context_observation,GraphCContext+S5F2_energy,val,1271,7822,,1,0.5643594861030579
gcn_graph_c_sprint5b_energy,graph_c_context_observation,GraphCContext+S5F2_energy,val,1272,7822,,1,0.428288072347641
gcn_graph_c_sprint5b_energy,graph_c_context_observation,GraphCContext+S5F2_energy,val,1273,7822,,1,0.522921621799469
gcn_graph_c_sprint5b_energy,graph_c_context_observation,GraphCContext+S5F2_energy,val,1274,7822,,1,0.5226789116859436
gcn_graph_c_sprint5b_energy,graph_c_context_observation,GraphCContext+S5F2_energy,val,1275,7822,,1,0.8172524571418762
gcn_graph_c_sprint5b_energy,graph_c_context_observation,GraphCContext+S5F2_energy,val,1276,7822,,1,0.7352672815322876
gcn_graph_c_sprint5b_energy,graph_c_context_observation,GraphCContext+S5F2_energy,val,1277,7822,,1,0.6853659749031067
gcn_graph_c_sprint5b_energy,graph_c_context_observation,GraphCContext+S5F2_energy,val,1278,7822,,1,0.7509100437164307
gcn_graph_c_sprint5b_energy,graph_c_context_observation,GraphCContext+S5F2_energy,val,1279,7822,,1,0.7441086769104004
gcn_graph_c_sprint5b_energy,graph_c_context_observation,GraphCContext+S5F2_energy,val,1280,7822,,1,0.7607864737510681
gcn_graph_c_sprint5b_energy,graph_c_context_observation,GraphCContext+S5F2_energy,val,1281,7822,,1,0.5238132476806641
gcn_graph_c_sprint5b_energy,graph_c_context_observation,GraphCContext+S5F2_energy,val,1282,7822,,1,0.3766675293445587
gcn_graph_c_sprint5b_energy,graph_c_context_observation,GraphCContext+S5F2_energy,val,1283,7822,,1,0.6694075465202332
gcn_graph_c_sprint5b_energy,graph_c_context_observation,GraphCContext+S5F2_energy,val,1284,7822,,1,0.7760376930236816
gcn_graph_c_sprint5b_energy,graph_c_context_observation,GraphCContext+S5F2_energy,val,1285,7822,,1,0.6241061687469482
gcn_graph_c_sprint5b_energy,graph_c_context_observation,GraphCContext+S5F2_energy,val,1286,7822,,1,0.46914005279541016
gcn_graph_c_sprint5b_energy,graph_c_context_observation,GraphCContext+S5F2_energy,val,1287,7822,,1,0.30532336235046387
gcn_graph_c_sprint5b_energy,graph_c_context_observation,GraphCContext+S5F2_energy,val,1288,7822,,1,0.3041750490665436
gcn_graph_c_sprint5b_energy,graph_c_context_observation,GraphCContext+S5F2_energy,val,1289,7822,,1,0.8145130276679993
gcn_graph_c_sprint5b_energy,graph_c_context_observation,GraphCContext+S5F2_energy,val,1290,7822,,1,0.7672516107559204
gcn_graph_c_sprint5b_energy,graph_c_context_observation,GraphCContext+S5F2_energy,val,1291,7822,,1,0.5840378403663635
gcn_graph_c_sprint5b_energy,graph_c_context_observation,GraphCContext+S5F2_energy,val,1292,7822,,1,0.5832423567771912
gcn_graph_c_sprint5b_energy,graph_c_context_observation,GraphCContext+S5F2_energy,val,1293,7822,,1,0.6635261178016663
gcn_graph_c_sprint5b_energy,graph_c_context_observation,GraphCContext+S5F2_energy,val,1294,7822,,1,0.6727643013000488
gcn_graph_c_sprint5b_energy,graph_c_context_observation,GraphCContext+S5F2_energy,val,1295,7822,,1,0.78816157579422
gcn_graph_c_sprint5b_energy,graph_c_context_observation,GraphCContext+S5F2_energy,val,1296,7822,,1,0.7535120844841003
gcn_graph_c_sprint5b_energy,graph_c_context_observation,GraphCContext+S5F2_energy,val,1297,7822,,1,0.8161587119102478
gcn_graph_c_sprint5b_energy,graph_c_context_observation,GraphCContext+S5F2_energy,val,1298,7822,,1,0.5735400915145874
gcn_graph_c_sprint5b_energy,graph_c_context_observation,GraphCContext+S5F2_energy,val,1299,7822,,1,0.6337705254554749
gcn_graph_c_sprint5b_energy,graph_c_context_observation,GraphCContext+S5F2_energy,val,1300,7822,,1,0.7644559741020203
gcn_graph_c_sprint5b_energy,graph_c_context_observation,GraphCContext+S5F2_energy,val,1301,7822,,1,0.5713435411453247
gcn_graph_c_sprint5b_energy,graph_c_context_observation,GraphCContext+S5F2_energy,val,1302,7822,,1,0.7684507369995117
gcn_graph_c_sprint5b_energy,graph_c_context_observation,GraphCContext+S5F2_energy,val,1303,9584,,1,0.6390053629875183
gcn_graph_c_sprint5b_energy,graph_c_context_observation,GraphCContext+S5F2_energy,val,1304,9584,,1,0.06665784865617752
gcn_graph_c_sprint5b_energy,graph_c_context_observation,GraphCContext+S5F2_energy,val,1305,9584,,1,0.13087932765483856
gcn_graph_c_sprint5b_energy,graph_c_context_observation,GraphCContext+S5F2_energy,val,1306,9584,,1,0.19130651652812958
gcn_graph_c_sprint5b_energy,graph_c_context_observation,GraphCContext+S5F2_energy,val,1307,9584,,1,0.25492745637893677
gcn_graph_c_sprint5b_energy,graph_c_context_observation,GraphCContext+S5F2_energy,val,1308,9584,,1,0.47328871488571167
gcn_graph_c_sprint5b_energy,graph_c_context_observation,GraphCContext+S5F2_energy,val,1309,9584,,1,0.1196444034576416
gcn_graph_c_sprint5b_energy,graph_c_context_observation,GraphCContext+S5F2_energy,val,1310,9584,,1,0.09018164873123169
gcn_graph_c_sprint5b_energy,graph_c_context_observation,GraphCContext+S5F2_energy,val,1311,9584,,1,0.1558193862438202
gcn_graph_c_sprint5b_energy,graph_c_context_observation,GraphCContext+S5F2_energy,val,1312,9584,,1,0.21817809343338013
gcn_graph_c_sprint5b_energy,graph_c_context_observation,GraphCContext+S5F2_energy,val,1313,9584,,1,0.04431452974677086
gcn_graph_c_sprint5b_energy,graph_c_context_observation,GraphCContext+S5F2_energy,val,1314,9584,,1,0.15294231474399567
gcn_graph_c_sprint5b_energy,graph_c_context_observation,GraphCContext+S5F2_energy,val,1315,9584,,1,0.10374538600444794
gcn_graph_c_sprint5b_energy,graph_c_context_observation,GraphCContext+S5F2_energy,val,1316,9584,,1,0.13265231251716614
gcn_graph_c_sprint5b_energy,graph_c_context_observation,GraphCContext+S5F2_energy,val,1317,9584,,1,0.2028777003288269
gcn_graph_c_sprint5b_energy,graph_c_context_observation,GraphCContext+S5F2_energy,val,1318,9584,,1,0.18423695862293243
gcn_graph_c_sprint5b_energy,graph_c_context_observation,GraphCContext+S5F2_energy,val,1319,9584,,1,0.11310664564371109
gcn_graph_c_sprint5b_energy,graph_c_context_observation,GraphCContext+S5F2_energy,val,1320,9584,,1,0.46309220790863037
gcn_graph_c_sprint5b_energy,graph_c_context_observation,GraphCContext+S5F2_energy,val,1321,9584,,1,0.13832314312458038
gcn_graph_c_sprint5b_energy,graph_c_context_observation,GraphCContext+S5F2_energy,val,1322,9584,,1,0.11699357628822327
gcn_graph_c_sprint5b_energy,graph_c_context_observation,GraphCContext+S5F2_energy,val,1323,9584,,1,0.04412083700299263
gcn_graph_c_sprint5b_energy,graph_c_context_observation,GraphCContext+S5F2_energy,val,1324,9584,,1,0.20797280967235565
gcn_graph_c_sprint5b_energy,graph_c_context_observation,GraphCContext+S5F2_energy,val,1325,9584,,1,0.16007071733474731
gcn_graph_c_sprint5b_energy,graph_c_context_observation,GraphCContext+S5F2_energy,val,1326,9584,,1,0.36147570610046387
gcn_graph_c_sprint5b_energy,graph_c_context_observation,GraphCContext+S5F2_energy,val,1327,9584,,1,0.2002486139535904
gcn_graph_c_sprint5b_energy,graph_c_context_observation,GraphCContext+S5F2_energy,val,1328,9584,,1,0.10645581781864166
gcn_graph_c_sprint5b_energy,graph_c_context_observation,GraphCContext+S5F2_energy,val,1329,9584,,1,0.1718955934047699
gcn_graph_c_sprint5b_energy,graph_c_context_observation,GraphCContext+S5F2_energy,val,1330,9584,,1,0.10977479815483093
gcn_graph_c_sprint5b_energy,graph_c_context_observation,GraphCContext+S5F2_energy,val,1331,9584,,1,0.10075283795595169
gcn_graph_c_sprint5b_energy,graph_c_context_observation,GraphCContext+S5F2_energy,val,1332,9584,,1,0.14919434487819672
gcn_graph_c_sprint5b_energy,graph_c_context_observation,GraphCContext+S5F2_energy,val,1333,9584,,1,0.10183817148208618
gcn_graph_c_sprint5b_energy,graph_c_context_observation,GraphCContext+S5F2_energy,val,1334,9584,,1,0.1571105271577835
gcn_graph_c_sprint5b_energy,graph_c_context_observation,GraphCContext+S5F2_energy,val,1335,9584,,1,0.09408918768167496
gcn_graph_c_sprint5b_energy,graph_c_context_observation,GraphCContext+S5F2_energy,val,1336,9584,,1,0.08459725230932236
gcn_graph_c_sprint5b_energy,graph_c_context_observation,GraphCContext+S5F2_energy,val,1337,9584,,1,0.15172091126441956
gcn_graph_c_sprint5b_energy,graph_c_context_observation,GraphCContext+S5F2_energy,val,1338,9584,,1,0.18606522679328918
gcn_graph_c_sprint5b_energy,graph_c_context_observation,GraphCContext+S5F2_energy,val,1339,9584,,1,0.19455420970916748
gcn_graph_c_sprint5b_energy,graph_c_context_observation,GraphCContext+S5F2_energy,val,1340,9584,,1,0.1193031370639801
gcn_graph_c_sprint5b_energy,graph_c_context_observation,GraphCContext+S5F2_energy,val,1341,9584,,1,0.14866690337657928
gcn_graph_c_sprint5b_energy,graph_c_context_observation,GraphCContext+S5F2_energy,val,1342,9584,,1,0.08287118375301361
gcn_graph_c_sprint5b_energy,graph_c_context_observation,GraphCContext+S5F2_energy,val,1343,9584,,1,0.11299493163824081
gcn_graph_c_sprint5b_energy,graph_c_context_observation,GraphCContext+S5F2_energy,val,1344,9584,,1,0.11742082983255386
gcn_graph_c_sprint5b_energy,graph_c_context_observation,GraphCContext+S5F2_energy,val,1345,9584,,1,0.2135646641254425
gcn_graph_c_sprint5b_energy,graph_c_context_observation,GraphCContext+S5F2_energy,val,1346,9584,,1,0.20007064938545227
gcn_graph_c_sprint5b_energy,graph_c_context_observation,GraphCContext+S5F2_energy,val,1347,9584,,1,0.12017732113599777
gcn_graph_c_sprint5b_energy,graph_c_context_observation,GraphCContext+S5F2_energy,val,1348,9584,,1,0.09315411746501923
gcn_graph_c_sprint5b_energy,graph_c_context_observation,GraphCContext+S5F2_energy,val,1349,9584,,1,0.09649008512496948
gcn_graph_c_sprint5b_energy,graph_c_context_observation,GraphCContext+S5F2_energy,val,1350,9584,,1,0.23557016253471375
gcn_graph_c_sprint5b_energy,graph_c_context_observation,GraphCContext+S5F2_energy,val,1351,9584,,1,0.15906725823879242
gcn_graph_c_sprint5b_energy,graph_c_context_observation,GraphCContext+S5F2_energy,val,1352,9584,,1,0.11171821504831314
gcn_graph_c_sprint5b_energy,graph_c_context_observation,GraphCContext+S5F2_energy,val,1353,9584,,1,0.34693729877471924
gcn_graph_c_sprint5b_energy,graph_c_context_observation,GraphCContext+S5F2_energy,val,1354,9584,,1,0.1653658002614975
gcn_graph_c_sprint5b_energy,graph_c_context_observation,GraphCContext+S5F2_energy,val,1355,9584,,1,0.15128648281097412
gcn_graph_c_sprint5b_energy,graph_c_context_observation,GraphCContext+S5F2_energy,val,1356,9584,,1,0.07220117747783661
gcn_graph_c_sprint5b_energy,graph_c_context_observation,GraphCContext+S5F2_energy,val,1357,9584,,1,0.17331714928150177
gcn_graph_c_sprint5b_energy,graph_c_context_observation,GraphCContext+S5F2_energy,val,1358,9584,,1,0.19931651651859283
gcn_graph_c_sprint5b_energy,graph_c_context_observation,GraphCContext+S5F2_energy,val,1359,9584,,1,0.19484315812587738
gcn_graph_c_sprint5b_energy,graph_c_context_observation,GraphCContext+S5F2_energy,val,1360,9584,,1,0.14821957051753998
gcn_graph_c_sprint5b_energy,graph_c_context_observation,GraphCContext+S5F2_energy,val,1361,9584,,1,0.21955391764640808
gcn_graph_c_sprint5b_energy,graph_c_context_observation,GraphCContext+S5F2_energy,val,1362,9584,,1,0.11155659705400467
gcn_graph_c_sprint5b_energy,graph_c_context_observation,GraphCContext+S5F2_energy,val,1363,9584,,1,0.25848403573036194
gcn_graph_c_sprint5b_energy,graph_c_context_observation,GraphCContext+S5F2_energy,val,1364,9584,,1,0.22579102218151093
gcn_graph_c_sprint5b_energy,graph_c_context_observation,GraphCContext+S5F2_energy,val,1365,9584,,1,0.06761572510004044
gcn_graph_c_sprint5b_energy,graph_c_context_observation,GraphCContext+S5F2_energy,val,1366,9584,,1,0.18303383886814117
gcn_graph_c_sprint5b_energy,graph_c_context_observation,GraphCContext+S5F2_energy,val,1367,9584,,1,0.12126238644123077
gcn_graph_c_sprint5b_energy,graph_c_context_observation,GraphCContext+S5F2_energy,val,1368,9584,,1,0.15203142166137695
gcn_graph_c_sprint5b_energy,graph_c_context_observation,GraphCContext+S5F2_energy,val,1369,9584,,1,0.0950319692492485
gcn_graph_c_sprint5b_energy,graph_c_context_observation,GraphCContext+S5F2_energy,val,1370,9584,,1,0.1344631463289261
gcn_graph_c_sprint5b_energy,graph_c_context_observation,GraphCContext+S5F2_energy,val,1371,9584,,1,0.11471042037010193
gcn_graph_c_sprint5b_energy,graph_c_context_observation,GraphCContext+S5F2_energy,val,1372,9584,,1,0.08098288625478745
gcn_graph_c_sprint5b_energy,graph_c_context_observation,GraphCContext+S5F2_energy,val,1373,9584,,1,0.3487713932991028
gcn_graph_c_sprint5b_energy,graph_c_context_observation,GraphCContext+S5F2_energy,val,1374,9584,,1,0.0995200127363205
gcn_graph_c_sprint5b_energy,graph_c_context_observation,GraphCContext+S5F2_energy,val,1375,9584,,1,0.14679113030433655
gcn_graph_c_sprint5b_energy,graph_c_context_observation,GraphCContext+S5F2_energy,val,1376,9584,,1,0.13287842273712158
gcn_graph_c_sprint5b_energy,graph_c_context_observation,GraphCContext+S5F2_energy,val,1377,9584,,1,0.21583156287670135
gcn_graph_c_sprint5b_energy,graph_c_context_observation,GraphCContext+S5F2_energy,val,1378,9584,,1,0.0642583966255188
gcn_graph_c_sprint5b_energy,graph_c_context_observation,GraphCContext+S5F2_energy,val,1379,9584,,1,0.06591521203517914
gcn_graph_c_sprint5b_energy,graph_c_context_observation,GraphCContext+S5F2_energy,val,1380,9584,,1,0.11713225394487381
gcn_graph_c_sprint5b_energy,graph_c_context_observation,GraphCContext+S5F2_energy,val,1381,9584,,1,0.13861900568008423
gcn_graph_c_sprint5b_energy,graph_c_context_observation,GraphCContext+S5F2_energy,val,1382,9584,,1,0.1412878781557083
gcn_graph_c_sprint5b_energy,graph_c_context_observation,GraphCContext+S5F2_energy,val,1383,9584,,1,0.17262668907642365
gcn_graph_c_sprint5b_energy,graph_c_context_observation,GraphCContext+S5F2_energy,val,1384,9584,,1,0.07788952440023422
gcn_graph_c_sprint5b_energy,graph_c_context_observation,GraphCContext+S5F2_energy,val,1385,9584,,1,0.11964850127696991
gcn_graph_c_sprint5b_energy,graph_c_context_observation,GraphCContext+S5F2_energy,val,1386,9584,,1,0.0977194607257843
gcn_graph_c_sprint5b_energy,graph_c_context_observation,GraphCContext+S5F2_energy,val,1387,9584,,1,0.25646525621414185
gcn_graph_c_sprint5b_energy,graph_c_context_observation,GraphCContext+S5F2_energy,val,1388,9584,,1,0.33066651225090027
gcn_graph_c_sprint5b_energy,graph_c_context_observation,GraphCContext+S5F2_energy,val,1389,9584,,1,0.23302894830703735
gcn_graph_c_sprint5b_energy,graph_c_context_observation,GraphCContext+S5F2_energy,val,1390,9584,,1,0.16399644315242767
gcn_graph_c_sprint5b_energy,graph_c_context_observation,GraphCContext+S5F2_energy,val,1391,9584,,1,0.12386529892683029
gcn_graph_c_sprint5b_energy,graph_c_context_observation,GraphCContext+S5F2_energy,val,1392,9584,,1,0.20773403346538544
gcn_graph_c_sprint5b_energy,graph_c_context_observation,GraphCContext+S5F2_energy,val,1393,9584,,1,0.12745292484760284
gcn_graph_c_sprint5b_energy,graph_c_context_observation,GraphCContext+S5F2_energy,val,1394,9584,,1,0.13439668715000153
gcn_graph_c_sprint5b_energy,graph_c_context_observation,GraphCContext+S5F2_energy,val,1395,9584,,1,0.1089068353176117
gcn_graph_c_sprint5b_energy,graph_c_context_observation,GraphCContext+S5F2_energy,val,1396,9584,,1,0.15628011524677277
gcn_graph_c_sprint5b_energy,graph_c_context_observation,GraphCContext+S5F2_energy,val,1397,9584,,1,0.14106981456279755
gcn_graph_c_sprint5b_energy,graph_c_context_observation,GraphCContext+S5F2_energy,val,1398,9584,,1,0.06460808962583542
gcn_graph_c_sprint5b_energy,graph_c_context_observation,GraphCContext+S5F2_energy,val,1399,9584,,1,0.1439024657011032
gcn_graph_c_sprint5b_energy,graph_c_context_observation,GraphCContext+S5F2_energy,val,1400,9584,,0,0.12639907002449036
gcn_graph_c_sprint5b_energy,graph_c_context_observation,GraphCContext+S5F2_energy,val,1401,9584,,0,0.2532128393650055
gcn_graph_c_sprint5b_energy,graph_c_context_observation,GraphCContext+S5F2_energy,val,1402,9584,,0,0.10555979609489441
gcn_graph_c_sprint5b_energy,graph_c_context_observation,GraphCContext+S5F2_energy,val,1403,9584,,0,0.2704024314880371
gcn_graph_c_sprint5b_energy,graph_c_context_observation,GraphCContext+S5F2_energy,val,1404,9584,,0,0.1939982771873474
gcn_graph_c_sprint5b_energy,graph_c_context_observation,GraphCContext+S5F2_energy,val,1405,9584,,0,0.06691981852054596
gcn_graph_c_sprint5b_energy,graph_c_context_observation,GraphCContext+S5F2_energy,val,1406,9584,,0,0.07714206725358963
gcn_graph_c_sprint5b_energy,graph_c_context_observation,GraphCContext+S5F2_energy,val,1407,9584,,0,0.08261492848396301
gcn_graph_c_sprint5b_energy,graph_c_context_observation,GraphCContext+S5F2_energy,val,1408,9584,,0,0.10048094391822815
gcn_graph_c_sprint5b_energy,graph_c_context_observation,GraphCContext+S5F2_energy,val,1409,9584,,0,0.05919315665960312
gcn_graph_c_sprint5b_energy,graph_c_context_observation,GraphCContext+S5F2_energy,val,1410,9584,,0,0.10290707647800446
gcn_graph_c_sprint5b_energy,graph_c_context_observation,GraphCContext+S5F2_energy,val,1411,9584,,0,0.15301840007305145
gcn_graph_c_sprint5b_energy,graph_c_context_observation,GraphCContext+S5F2_energy,val,1412,9584,,0,0.11003421247005463
gcn_graph_c_sprint5b_energy,graph_c_context_observation,GraphCContext+S5F2_energy,val,1413,9584,,0,0.0698193907737732
gcn_graph_c_sprint5b_energy,graph_c_context_observation,GraphCContext+S5F2_energy,val,1414,9584,,0,0.2803831398487091
gcn_graph_c_sprint5b_energy,graph_c_context_observation,GraphCContext+S5F2_energy,val,1415,9584,,0,0.10216526687145233
gcn_graph_c_sprint5b_energy,graph_c_context_observation,GraphCContext+S5F2_energy,val,1416,9584,,0,0.10726981610059738
gcn_graph_c_sprint5b_energy,graph_c_context_observation,GraphCContext+S5F2_energy,val,1417,9584,,0,0.07429800182580948
gcn_graph_c_sprint5b_energy,graph_c_context_observation,GraphCContext+S5F2_energy,val,1418,9584,,0,0.11954733729362488
gcn_graph_c_sprint5b_energy,graph_c_context_observation,GraphCContext+S5F2_energy,val,1419,9584,,0,0.08037856221199036
gcn_graph_c_sprint5b_energy,graph_c_context_observation,GraphCContext+S5F2_energy,val,1420,9584,,0,0.13181710243225098
gcn_graph_c_sprint5b_energy,graph_c_context_observation,GraphCContext+S5F2_energy,val,1421,9584,,0,0.18774686753749847
gcn_graph_c_sprint5b_energy,graph_c_context_observation,GraphCContext+S5F2_energy,val,1422,9584,,0,0.12137777358293533
gcn_graph_c_sprint5b_energy,graph_c_context_observation,GraphCContext+S5F2_energy,val,1423,9584,,0,0.15721045434474945
gcn_graph_c_sprint5b_energy,graph_c_context_observation,GraphCContext+S5F2_energy,val,1424,9584,,0,0.10778339207172394
gcn_graph_c_sprint5b_energy,graph_c_context_observation,GraphCContext+S5F2_energy,val,1425,9584,,0,0.16390806436538696
gcn_graph_c_sprint5b_energy,graph_c_context_observation,GraphCContext+S5F2_energy,val,1426,9584,,0,0.11167754977941513
gcn_graph_c_sprint5b_energy,graph_c_context_observation,GraphCContext+S5F2_energy,val,1427,9584,,0,0.04526949301362038
gcn_graph_c_sprint5b_energy,graph_c_context_observation,GraphCContext+S5F2_energy,val,1428,9584,,0,0.10570379346609116
gcn_graph_c_sprint5b_energy,graph_c_context_observation,GraphCContext+S5F2_energy,val,1429,9584,,0,0.2558833360671997
gcn_graph_c_sprint5b_energy,graph_c_context_observation,GraphCContext+S5F2_energy,val,1430,9584,,0,0.0779101774096489
gcn_graph_c_sprint5b_energy,graph_c_context_observation,GraphCContext+S5F2_energy,val,1431,9584,,0,0.08697205781936646
gcn_graph_c_sprint5b_energy,graph_c_context_observation,GraphCContext+S5F2_energy,val,1432,9584,,0,0.16631698608398438
gcn_graph_c_sprint5b_energy,graph_c_context_observation,GraphCContext+S5F2_energy,val,1433,9584,,0,0.2869727313518524
gcn_graph_c_sprint5b_energy,graph_c_context_observation,GraphCContext+S5F2_energy,val,1434,9584,,0,0.1549387276172638
gcn_graph_c_sprint5b_energy,graph_c_context_observation,GraphCContext+S5F2_energy,val,1435,9584,,0,0.13062413036823273
gcn_graph_c_sprint5b_energy,graph_c_context_observation,GraphCContext+S5F2_energy,val,1436,9584,,0,0.12367505580186844
gcn_graph_c_sprint5b_energy,graph_c_context_observation,GraphCContext+S5F2_energy,val,1437,9584,,0,0.09210079908370972
gcn_graph_c_sprint5b_energy,graph_c_context_observation,GraphCContext+S5F2_energy,val,1438,9584,,0,0.24585364758968353
gcn_graph_c_sprint5b_energy,graph_c_context_observation,GraphCContext+S5F2_energy,val,1439,9584,,0,0.145038440823555
gcn_graph_c_sprint5b_energy,graph_c_context_observation,GraphCContext+S5F2_energy,val,1440,9584,,0,0.17314496636390686
gcn_graph_c_sprint5b_energy,graph_c_context_observation,GraphCContext+S5F2_energy,val,1441,9584,,0,0.09669090062379837
gcn_graph_c_sprint5b_energy,graph_c_context_observation,GraphCContext+S5F2_energy,val,1442,9584,,0,0.17480073869228363
gcn_graph_c_sprint5b_energy,graph_c_context_observation,GraphCContext+S5F2_energy,val,1443,9584,,0,0.1057390496134758
gcn_graph_c_sprint5b_energy,graph_c_context_observation,GraphCContext+S5F2_energy,val,1444,9584,,0,0.24207009375095367
gcn_graph_c_sprint5b_energy,graph_c_context_observation,GraphCContext+S5F2_energy,val,1445,9584,,0,0.21896205842494965
gcn_graph_c_sprint5b_energy,graph_c_context_observation,GraphCContext+S5F2_energy,val,1446,9584,,0,0.1156124472618103
gcn_graph_c_sprint5b_energy,graph_c_context_observation,GraphCContext+S5F2_energy,val,1447,9584,,0,0.219557985663414
gcn_graph_c_sprint5b_energy,graph_c_context_observation,GraphCContext+S5F2_energy,val,1448,9584,,0,0.1301204413175583
gcn_graph_c_sprint5b_energy,graph_c_context_observation,GraphCContext+S5F2_energy,val,1449,9584,,0,0.0947590246796608
gcn_graph_c_sprint5b_energy,graph_c_context_observation,GraphCContext+S5F2_energy,val,1450,9584,,0,0.13170963525772095
gcn_graph_c_sprint5b_energy,graph_c_context_observation,GraphCContext+S5F2_energy,val,1451,9584,,0,0.11812007427215576
gcn_graph_c_sprint5b_energy,graph_c_context_observation,GraphCContext+S5F2_energy,val,1452,9584,,0,0.2488035261631012
gcn_graph_c_sprint5b_energy,graph_c_context_observation,GraphCContext+S5F2_energy,val,1453,9584,,0,0.2877189815044403
gcn_graph_c_sprint5b_energy,graph_c_context_observation,GraphCContext+S5F2_energy,val,1454,9584,,0,0.1823035329580307
gcn_graph_c_sprint5b_energy,graph_c_context_observation,GraphCContext+S5F2_energy,val,1455,9584,,0,0.255887508392334
gcn_graph_c_sprint5b_energy,graph_c_context_observation,GraphCContext+S5F2_energy,val,1456,9584,,0,0.06472184509038925
gcn_graph_c_sprint5b_energy,graph_c_context_observation,GraphCContext+S5F2_energy,val,1457,9584,,0,0.11190231144428253
gcn_graph_c_sprint5b_energy,graph_c_context_observation,GraphCContext+S5F2_energy,val,1458,9584,,0,0.22770923376083374
gcn_graph_c_sprint5b_energy,graph_c_context_observation,GraphCContext+S5F2_energy,val,1459,9584,,0,0.0741133764386177
gcn_graph_c_sprint5b_energy,graph_c_context_observation,GraphCContext+S5F2_energy,val,1460,9584,,0,0.09613587707281113
gcn_graph_c_sprint5b_energy,graph_c_context_observation,GraphCContext+S5F2_energy,val,1461,9584,,0,0.05743211507797241
gcn_graph_c_sprint5b_energy,graph_c_context_observation,GraphCContext+S5F2_energy,val,1462,9584,,0,0.07884615659713745
gcn_graph_c_sprint5b_energy,graph_c_context_observation,GraphCContext+S5F2_energy,val,1463,9584,,0,0.07092036306858063
gcn_graph_c_sprint5b_energy,graph_c_context_observation,GraphCContext+S5F2_energy,val,1464,9584,,0,0.3131258487701416
gcn_graph_c_sprint5b_energy,graph_c_context_observation,GraphCContext+S5F2_energy,val,1465,9584,,0,0.11502581089735031
gcn_graph_c_sprint5b_energy,graph_c_context_observation,GraphCContext+S5F2_energy,val,1466,9584,,0,0.116351418197155
gcn_graph_c_sprint5b_energy,graph_c_context_observation,GraphCContext+S5F2_energy,val,1467,9584,,0,0.33614382147789
gcn_graph_c_sprint5b_energy,graph_c_context_observation,GraphCContext+S5F2_energy,val,1468,9584,,0,0.07299314439296722
gcn_graph_c_sprint5b_energy,graph_c_context_observation,GraphCContext+S5F2_energy,val,1469,9584,,0,0.14761017262935638
gcn_graph_c_sprint5b_energy,graph_c_context_observation,GraphCContext+S5F2_energy,val,1470,9584,,0,0.12180960178375244
gcn_graph_c_sprint5b_energy,graph_c_context_observation,GraphCContext+S5F2_energy,val,1471,9584,,0,0.25802621245384216
gcn_graph_c_sprint5b_energy,graph_c_context_observation,GraphCContext+S5F2_energy,val,1472,9584,,0,0.1256101429462433
gcn_graph_c_sprint5b_energy,graph_c_context_observation,GraphCContext+S5F2_energy,val,1473,9584,,0,0.2608722150325775
gcn_graph_c_sprint5b_energy,graph_c_context_observation,GraphCContext+S5F2_energy,val,1474,9584,,0,0.1533573865890503
gcn_graph_c_sprint5b_energy,graph_c_context_observation,GraphCContext+S5F2_energy,val,1475,9584,,0,0.06500943750143051
gcn_graph_c_sprint5b_energy,graph_c_context_observation,GraphCContext+S5F2_energy,val,1476,9584,,0,0.09170539677143097
gcn_graph_c_sprint5b_energy,graph_c_context_observation,GraphCContext+S5F2_energy,val,1477,9584,,0,0.11716722697019577
gcn_graph_c_sprint5b_energy,graph_c_context_observation,GraphCContext+S5F2_energy,val,1478,9584,,0,0.23110650479793549
gcn_graph_c_sprint5b_energy,graph_c_context_observation,GraphCContext+S5F2_energy,val,1479,9584,,0,0.16416244208812714
gcn_graph_c_sprint5b_energy,graph_c_context_observation,GraphCContext+S5F2_energy,val,1480,9584,,0,0.17395742237567902
gcn_graph_c_sprint5b_energy,graph_c_context_observation,GraphCContext+S5F2_energy,val,1481,9584,,0,0.08871987462043762
gcn_graph_c_sprint5b_energy,graph_c_context_observation,GraphCContext+S5F2_energy,val,1482,9584,,0,0.15474365651607513
gcn_graph_c_sprint5b_energy,graph_c_context_observation,GraphCContext+S5F2_energy,val,1483,9584,,0,0.09219292551279068
gcn_graph_c_sprint5b_energy,graph_c_context_observation,GraphCContext+S5F2_energy,val,1484,9584,,0,0.1264704167842865
gcn_graph_c_sprint5b_energy,graph_c_context_observation,GraphCContext+S5F2_energy,val,1485,9584,,0,0.11203905940055847
gcn_graph_c_sprint5b_energy,graph_c_context_observation,GraphCContext+S5F2_energy,val,1486,9584,,0,0.08201873302459717
gcn_graph_c_sprint5b_energy,graph_c_context_observation,GraphCContext+S5F2_energy,val,1487,9584,,0,0.13041166961193085
gcn_graph_c_sprint5b_energy,graph_c_context_observation,GraphCContext+S5F2_energy,val,1488,9584,,0,0.409806489944458
gcn_graph_c_sprint5b_energy,graph_c_context_observation,GraphCContext+S5F2_energy,val,1489,9584,,0,0.1856975108385086
gcn_graph_c_sprint5b_energy,graph_c_context_observation,GraphCContext+S5F2_energy,val,1490,9584,,0,0.08794676512479782
gcn_graph_c_sprint5b_energy,graph_c_context_observation,GraphCContext+S5F2_energy,val,1491,9584,,0,0.12923839688301086
gcn_graph_c_sprint5b_energy,graph_c_context_observation,GraphCContext+S5F2_energy,val,1492,9584,,0,0.14535818994045258
gcn_graph_c_sprint5b_energy,graph_c_context_observation,GraphCContext+S5F2_energy,val,1493,9584,,0,0.14640094339847565
gcn_graph_c_sprint5b_energy,graph_c_context_observation,GraphCContext+S5F2_energy,val,1494,9584,,0,0.1503739207983017
gcn_graph_c_sprint5b_energy,graph_c_context_observation,GraphCContext+S5F2_energy,val,1495,9584,,0,0.2308294028043747
gcn_graph_c_sprint5b_energy,graph_c_context_observation,GraphCContext+S5F2_energy,val,1496,9584,,0,0.18736238777637482
gcn_graph_c_sprint5b_energy,graph_c_context_observation,GraphCContext+S5F2_energy,val,1497,9584,,0,0.36994844675064087
gcn_graph_c_sprint5b_energy,graph_c_context_observation,GraphCContext+S5F2_energy,val,1498,9584,,0,0.18294855952262878
gcn_graph_c_sprint5b_energy,graph_c_context_observation,GraphCContext+S5F2_energy,val,1499,9584,,0,0.12066172808408737
gcn_graph_c_sprint5b_energy,graph_c_context_observation,GraphCContext+S5F2_energy,val,1500,9584,,0,0.3076372444629669
gcn_graph_c_sprint5b_energy,graph_c_context_observation,GraphCContext+S5F2_energy,val,1501,9584,,0,0.1081688329577446
gcn_graph_c_sprint5b_energy,graph_c_context_observation,GraphCContext+S5F2_energy,val,1502,9584,,0,0.12431031465530396
gcn_graph_c_sprint5b_energy,graph_c_context_observation,GraphCContext+S5F2_energy,val,1503,9584,,0,0.11187576502561569
gcn_graph_c_sprint5b_energy,graph_c_context_observation,GraphCContext+S5F2_energy,val,1504,9584,,0,0.09488389641046524
gcn_graph_c_sprint5b_energy,graph_c_context_observation,GraphCContext+S5F2_energy,val,1505,9584,,0,0.18867553770542145
gcn_graph_c_sprint5b_energy,graph_c_context_observation,GraphCContext+S5F2_energy,val,1506,9584,,0,0.14173480868339539
gcn_graph_c_sprint5b_energy,graph_c_context_observation,GraphCContext+S5F2_energy,val,1507,9584,,0,0.10112770646810532
gcn_graph_c_sprint5b_energy,graph_c_context_observation,GraphCContext+S5F2_energy,val,1508,10151,,1,0.2913573384284973
gcn_graph_c_sprint5b_energy,graph_c_context_observation,GraphCContext+S5F2_energy,val,1509,10151,,0,0.07336930930614471
gcn_graph_c_sprint5b_energy,graph_c_context_observation,GraphCContext+S5F2_energy,val,1510,10151,,0,0.07911652326583862
gcn_graph_c_sprint5b_energy,graph_c_context_observation,GraphCContext+S5F2_energy,val,1511,10151,,0,0.09426161646842957
gcn_graph_c_sprint5b_energy,graph_c_context_observation,GraphCContext+S5F2_energy,val,1512,10151,,1,0.06781015545129776
gcn_graph_c_sprint5b_energy,graph_c_context_observation,GraphCContext+S5F2_energy,val,1513,10151,,0,0.09356941282749176
gcn_graph_c_sprint5b_energy,graph_c_context_observation,GraphCContext+S5F2_energy,val,1514,10151,,0,0.061948250979185104
gcn_graph_c_sprint5b_energy,graph_c_context_observation,GraphCContext+S5F2_energy,val,1515,10151,,0,0.11832259595394135
gcn_graph_c_sprint5b_energy,graph_c_context_observation,GraphCContext+S5F2_energy,val,1516,10151,,0,0.0677240714430809
gcn_graph_c_sprint5b_energy,graph_c_context_observation,GraphCContext+S5F2_energy,val,1517,10151,,0,0.0759345293045044
gcn_graph_c_sprint5b_energy,graph_c_context_observation,GraphCContext+S5F2_energy,val,1518,10151,,1,0.062082257121801376
gcn_graph_c_sprint5b_energy,graph_c_context_observation,GraphCContext+S5F2_energy,val,1519,10151,,0,0.07516617327928543
gcn_graph_c_sprint5b_energy,graph_c_context_observation,GraphCContext+S5F2_energy,val,1520,10151,,0,0.08636146783828735
gcn_graph_c_sprint5b_energy,graph_c_context_observation,GraphCContext+S5F2_energy,val,1521,10151,,0,0.07467985153198242
gcn_graph_c_sprint5b_energy,graph_c_context_observation,GraphCContext+S5F2_energy,val,1522,10151,,0,0.12716355919837952
gcn_graph_c_sprint5b_energy,graph_c_context_observation,GraphCContext+S5F2_energy,val,1523,10151,,0,0.08369940519332886
gcn_graph_c_sprint5b_energy,graph_c_context_observation,GraphCContext+S5F2_energy,val,1524,10151,,0,0.08147534728050232
gcn_graph_c_sprint5b_energy,graph_c_context_observation,GraphCContext+S5F2_energy,val,1525,10151,,1,0.09075112640857697
gcn_graph_c_sprint5b_energy,graph_c_context_observation,GraphCContext+S5F2_energy,val,1526,10151,,1,0.07740569859743118
gcn_graph_c_sprint5b_energy,graph_c_context_observation,GraphCContext+S5F2_energy,val,1527,10151,,0,0.10562369972467422
gcn_graph_c_sprint5b_energy,graph_c_context_observation,GraphCContext+S5F2_energy,val,1528,10151,,1,0.048778291791677475
gcn_graph_c_sprint5b_energy,graph_c_context_observation,GraphCContext+S5F2_energy,val,1529,10151,,0,0.10041023790836334
gcn_graph_c_sprint5b_energy,graph_c_context_observation,GraphCContext+S5F2_energy,val,1530,10151,,1,0.07088931649923325
gcn_graph_c_sprint5b_energy,graph_c_context_observation,GraphCContext+S5F2_energy,val,1531,10151,,1,0.08800463378429413
gcn_graph_c_sprint5b_energy,graph_c_context_observation,GraphCContext+S5F2_energy,val,1532,10151,,1,0.07091283798217773
gcn_graph_c_sprint5b_energy,graph_c_context_observation,GraphCContext+S5F2_energy,val,1533,10151,,0,0.0657670870423317
gcn_graph_c_sprint5b_energy,graph_c_context_observation,GraphCContext+S5F2_energy,val,1534,10151,,0,0.04938831552863121
gcn_graph_c_sprint5b_energy,graph_c_context_observation,GraphCContext+S5F2_energy,val,1535,10151,,1,0.11296491324901581
gcn_graph_c_sprint5b_energy,graph_c_context_observation,GraphCContext+S5F2_energy,val,1536,10151,,0,0.09373757988214493
gcn_graph_c_sprint5b_energy,graph_c_context_observation,GraphCContext+S5F2_energy,val,1537,10151,,1,0.06873085349798203
gcn_graph_c_sprint5b_energy,graph_c_context_observation,GraphCContext+S5F2_energy,val,1538,10151,,1,0.08380617946386337
gcn_graph_c_sprint5b_energy,graph_c_context_observation,GraphCContext+S5F2_energy,val,1539,10151,,1,0.06050519645214081
gcn_graph_c_sprint5b_energy,graph_c_context_observation,GraphCContext+S5F2_energy,val,1540,10151,,0,0.07588399946689606
gcn_graph_c_sprint5b_energy,graph_c_context_observation,GraphCContext+S5F2_energy,val,1541,10151,,0,0.08384201675653458
gcn_graph_c_sprint5b_energy,graph_c_context_observation,GraphCContext+S5F2_energy,val,1542,10151,,0,0.058585554361343384
gcn_graph_c_sprint5b_energy,graph_c_context_observation,GraphCContext+S5F2_energy,val,1543,10151,,0,0.06926151365041733
gcn_graph_c_sprint5b_energy,graph_c_context_observation,GraphCContext+S5F2_energy,val,1544,10151,,0,0.10420159995555878
gcn_graph_c_sprint5b_energy,graph_c_context_observation,GraphCContext+S5F2_energy,val,1545,10151,,0,0.0867186039686203
gcn_graph_c_sprint5b_energy,graph_c_context_observation,GraphCContext+S5F2_energy,val,1546,10151,,1,0.0913761705160141
gcn_graph_c_sprint5b_energy,graph_c_context_observation,GraphCContext+S5F2_energy,val,1547,10151,,1,0.12336254864931107
gcn_graph_c_sprint5b_energy,graph_c_context_observation,GraphCContext+S5F2_energy,val,1548,10151,,1,0.07471485435962677
gcn_graph_c_sprint5b_energy,graph_c_context_observation,GraphCContext+S5F2_energy,val,1549,10151,,1,0.15758244693279266
gcn_graph_c_sprint5b_energy,graph_c_context_observation,GraphCContext+S5F2_energy,val,1550,10151,,0,0.06835189461708069
gcn_graph_c_sprint5b_energy,graph_c_context_observation,GraphCContext+S5F2_energy,val,1551,10151,,1,0.08206931501626968
gcn_graph_c_sprint5b_energy,graph_c_context_observation,GraphCContext+S5F2_energy,val,1552,10151,,1,0.17315782606601715
gcn_graph_c_sprint5b_energy,graph_c_context_observation,GraphCContext+S5F2_energy,val,1553,10151,,0,0.10805075615644455
gcn_graph_c_sprint5b_energy,graph_c_context_observation,GraphCContext+S5F2_energy,val,1554,10151,,0,0.10018410533666611
gcn_graph_c_sprint5b_energy,graph_c_context_observation,GraphCContext+S5F2_energy,val,1555,10151,,0,0.12421204894781113
gcn_graph_c_sprint5b_energy,graph_c_context_observation,GraphCContext+S5F2_energy,val,1556,10151,,1,0.09137517213821411
gcn_graph_c_sprint5b_energy,graph_c_context_observation,GraphCContext+S5F2_energy,val,1557,10151,,0,0.08326108753681183
gcn_graph_c_sprint5b_energy,graph_c_context_observation,GraphCContext+S5F2_energy,val,1558,10151,,1,0.07718386501073837
gcn_graph_c_sprint5b_energy,graph_c_context_observation,GraphCContext+S5F2_energy,val,1559,10151,,1,0.08930026739835739
gcn_graph_c_sprint5b_energy,graph_c_context_observation,GraphCContext+S5F2_energy,val,1560,10151,,1,0.08558113873004913
gcn_graph_c_sprint5b_energy,graph_c_context_observation,GraphCContext+S5F2_energy,val,1561,10151,,1,0.0671248584985733
gcn_graph_c_sprint5b_energy,graph_c_context_observation,GraphCContext+S5F2_energy,val,1562,10151,,1,0.07152462005615234
gcn_graph_c_sprint5b_energy,graph_c_context_observation,GraphCContext+S5F2_energy,val,1563,10151,,1,0.06656398624181747
gcn_graph_c_sprint5b_energy,graph_c_context_observation,GraphCContext+S5F2_energy,val,1564,10151,,1,0.06759326905012131
gcn_graph_c_sprint5b_energy,graph_c_context_observation,GraphCContext+S5F2_energy,val,1565,10151,,1,0.08864974975585938
gcn_graph_c_sprint5b_energy,graph_c_context_observation,GraphCContext+S5F2_energy,val,1566,10151,,0,0.09299993515014648
gcn_graph_c_sprint5b_energy,graph_c_context_observation,GraphCContext+S5F2_energy,val,1567,10151,,1,0.07599246501922607
gcn_graph_c_sprint5b_energy,graph_c_context_observation,GraphCContext+S5F2_energy,val,1568,10151,,0,0.05715654417872429
gcn_graph_c_sprint5b_energy,graph_c_context_observation,GraphCContext+S5F2_energy,val,1569,10151,,0,0.08653286099433899
gcn_graph_c_sprint5b_energy,graph_c_context_observation,GraphCContext+S5F2_energy,val,1570,10151,,0,0.06303601711988449
gcn_graph_c_sprint5b_energy,graph_c_context_observation,GraphCContext+S5F2_energy,val,1571,10151,,0,0.07147488743066788
gcn_graph_c_sprint5b_energy,graph_c_context_observation,GraphCContext+S5F2_energy,val,1572,10151,,0,0.11331698298454285
gcn_graph_c_sprint5b_energy,graph_c_context_observation,GraphCContext+S5F2_energy,val,1573,10151,,0,0.05686015635728836
gcn_graph_c_sprint5b_energy,graph_c_context_observation,GraphCContext+S5F2_energy,val,1574,10151,,1,0.08019382506608963
gcn_graph_c_sprint5b_energy,graph_c_context_observation,GraphCContext+S5F2_energy,val,1575,10151,,1,0.11365649849176407
gcn_graph_c_sprint5b_energy,graph_c_context_observation,GraphCContext+S5F2_energy,val,1576,10151,,1,0.0515512190759182
gcn_graph_c_sprint5b_energy,graph_c_context_observation,GraphCContext+S5F2_energy,val,1577,10151,,1,0.10360898077487946
gcn_graph_c_sprint5b_energy,graph_c_context_observation,GraphCContext+S5F2_energy,val,1578,10151,,0,0.07343858480453491
gcn_graph_c_sprint5b_energy,graph_c_context_observation,GraphCContext+S5F2_energy,val,1579,10151,,1,0.0947609469294548
gcn_graph_c_sprint5b_energy,graph_c_context_observation,GraphCContext+S5F2_energy,val,1580,10151,,0,0.09531693905591965
gcn_graph_c_sprint5b_energy,graph_c_context_observation,GraphCContext+S5F2_energy,val,1581,10151,,1,0.0685582086443901
gcn_graph_c_sprint5b_energy,graph_c_context_observation,GraphCContext+S5F2_energy,val,1582,10151,,0,0.1562444120645523
gcn_graph_c_sprint5b_energy,graph_c_context_observation,GraphCContext+S5F2_energy,val,1583,10151,,0,0.0658254623413086
gcn_graph_c_sprint5b_energy,graph_c_context_observation,GraphCContext+S5F2_energy,val,1584,10151,,0,0.08888883888721466
gcn_graph_c_sprint5b_energy,graph_c_context_observation,GraphCContext+S5F2_energy,val,1585,10151,,0,0.08346833288669586
gcn_graph_c_sprint5b_energy,graph_c_context_observation,GraphCContext+S5F2_energy,val,1586,10151,,0,0.08134324848651886
gcn_graph_c_sprint5b_energy,graph_c_context_observation,GraphCContext+S5F2_energy,val,1587,10151,,1,0.07196129113435745
gcn_graph_c_sprint5b_energy,graph_c_context_observation,GraphCContext+S5F2_energy,val,1588,10151,,1,0.11487676203250885
gcn_graph_c_sprint5b_energy,graph_c_context_observation,GraphCContext+S5F2_energy,val,1589,10151,,1,0.07979791611433029
gcn_graph_c_sprint5b_energy,graph_c_context_observation,GraphCContext+S5F2_energy,val,1590,10151,,0,0.11974553763866425
gcn_graph_c_sprint5b_energy,graph_c_context_observation,GraphCContext+S5F2_energy,val,1591,10151,,0,0.07447274029254913
gcn_graph_c_sprint5b_energy,graph_c_context_observation,GraphCContext+S5F2_energy,val,1592,10151,,0,0.12990647554397583
gcn_graph_c_sprint5b_energy,graph_c_context_observation,GraphCContext+S5F2_energy,val,1593,10151,,1,0.08679918199777603
gcn_graph_c_sprint5b_energy,graph_c_context_observation,GraphCContext+S5F2_energy,val,1594,10151,,1,0.06400435417890549
gcn_graph_c_sprint5b_energy,graph_c_context_observation,GraphCContext+S5F2_energy,val,1595,10151,,0,0.093867726624012
gcn_graph_c_sprint5b_energy,graph_c_context_observation,GraphCContext+S5F2_energy,val,1596,10151,,0,0.08072826266288757
gcn_graph_c_sprint5b_energy,graph_c_context_observation,GraphCContext+S5F2_energy,val,1597,10151,,0,0.14758005738258362
gcn_graph_c_sprint5b_energy,graph_c_context_observation,GraphCContext+S5F2_energy,val,1598,10151,,0,0.08464140444993973
gcn_graph_c_sprint5b_energy,graph_c_context_observation,GraphCContext+S5F2_energy,val,1599,10151,,1,0.09969083219766617
gcn_graph_c_sprint5b_energy,graph_c_context_observation,GraphCContext+S5F2_energy,val,1600,10151,,1,0.059572089463472366
gcn_graph_c_sprint5b_energy,graph_c_context_observation,GraphCContext+S5F2_energy,val,1601,10151,,1,0.12751901149749756
gcn_graph_c_sprint5b_energy,graph_c_context_observation,GraphCContext+S5F2_energy,val,1602,10151,,0,0.13367851078510284
gcn_graph_c_sprint5b_energy,graph_c_context_observation,GraphCContext+S5F2_energy,val,1603,10151,,1,0.06531465798616409
gcn_graph_c_sprint5b_energy,graph_c_context_observation,GraphCContext+S5F2_energy,val,1604,10151,,1,0.10740063339471817
gcn_graph_c_sprint5b_energy,graph_c_context_observation,GraphCContext+S5F2_energy,val,1605,10151,,1,0.07754533737897873
gcn_graph_c_sprint5b_energy,graph_c_context_observation,GraphCContext+S5F2_energy,val,1606,10151,,0,0.1123332679271698
gcn_graph_c_sprint5b_energy,graph_c_context_observation,GraphCContext+S5F2_energy,val,1607,10151,,0,0.058480001986026764
gcn_graph_c_sprint5b_energy,graph_c_context_observation,GraphCContext+S5F2_energy,val,1608,10151,,1,0.09610859304666519
gcn_graph_c_sprint5b_energy,graph_c_context_observation,GraphCContext+S5F2_energy,val,1609,10151,,1,0.08760736137628555
gcn_graph_c_sprint5b_energy,graph_c_context_observation,GraphCContext+S5F2_energy,val,1610,10151,,1,0.08860807865858078
gcn_graph_c_sprint5b_energy,graph_c_context_observation,GraphCContext+S5F2_energy,val,1611,10151,,0,0.06356844305992126
gcn_graph_c_sprint5b_energy,graph_c_context_observation,GraphCContext+S5F2_energy,val,1612,10151,,1,0.09715291112661362
gcn_graph_c_sprint5b_energy,graph_c_context_observation,GraphCContext+S5F2_energy,val,1613,10151,,0,0.07447918504476547
gcn_graph_c_sprint5b_energy,graph_c_context_observation,GraphCContext+S5F2_energy,val,1614,10151,,0,0.12087523937225342
gcn_graph_c_sprint5b_energy,graph_c_context_observation,GraphCContext+S5F2_energy,val,1615,10151,,1,0.06098558381199837
gcn_graph_c_sprint5b_energy,graph_c_context_observation,GraphCContext+S5F2_energy,val,1616,10151,,1,0.10251966863870621
gcn_graph_c_sprint5b_energy,graph_c_context_observation,GraphCContext+S5F2_energy,val,1617,10151,,1,0.07692801207304001
gcn_graph_c_sprint5b_energy,graph_c_context_observation,GraphCContext+S5F2_energy,val,1618,10151,,0,0.0850059986114502
gcn_graph_c_sprint5b_energy,graph_c_context_observation,GraphCContext+S5F2_energy,val,1619,10151,,0,0.07806145399808884
gcn_graph_c_sprint5b_energy,graph_c_context_observation,GraphCContext+S5F2_energy,val,1620,10151,,0,0.07550260424613953
gcn_graph_c_sprint5b_energy,graph_c_context_observation,GraphCContext+S5F2_energy,val,1621,10151,,1,0.0946395993232727
gcn_graph_c_sprint5b_energy,graph_c_context_observation,GraphCContext+S5F2_energy,val,1622,10151,,0,0.05031972751021385
gcn_graph_c_sprint5b_energy,graph_c_context_observation,GraphCContext+S5F2_energy,val,1623,10151,,0,0.07968172430992126
gcn_graph_c_sprint5b_energy,graph_c_context_observation,GraphCContext+S5F2_energy,val,1624,10151,,0,0.073843814432621
gcn_graph_c_sprint5b_energy,graph_c_context_observation,GraphCContext+S5F2_energy,val,1625,10151,,1,0.0741964802145958
gcn_graph_c_sprint5b_energy,graph_c_context_observation,GraphCContext+S5F2_energy,val,1626,10151,,1,0.06328081339597702
gcn_graph_c_sprint5b_energy,graph_c_context_observation,GraphCContext+S5F2_energy,val,1627,10151,,0,0.06631695479154587
gcn_graph_c_sprint5b_energy,graph_c_context_observation,GraphCContext+S5F2_energy,val,1628,10151,,0,0.13551586866378784
gcn_graph_c_sprint5b_energy,graph_c_context_observation,GraphCContext+S5F2_energy,val,1629,10151,,1,0.05319081246852875
gcn_graph_c_sprint5b_energy,graph_c_context_observation,GraphCContext+S5F2_energy,val,1630,10151,,0,0.15490876138210297
gcn_graph_c_sprint5b_energy,graph_c_context_observation,GraphCContext+S5F2_energy,val,1631,10151,,0,0.07945667952299118
gcn_graph_c_sprint5b_energy,graph_c_context_observation,GraphCContext+S5F2_energy,val,1632,10151,,0,0.06828957051038742
gcn_graph_c_sprint5b_energy,graph_c_context_observation,GraphCContext+S5F2_energy,val,1633,10151,,0,0.058460548520088196
gcn_graph_c_sprint5b_energy,graph_c_context_observation,GraphCContext+S5F2_energy,val,1634,10151,,0,0.09585806727409363
gcn_graph_c_sprint5b_energy,graph_c_context_observation,GraphCContext+S5F2_energy,val,1635,10151,,1,0.06574318557977676
gcn_graph_c_sprint5b_energy,graph_c_context_observation,GraphCContext+S5F2_energy,val,1636,10575,,1,0.4151575565338135
gcn_graph_c_sprint5b_energy,graph_c_context_observation,GraphCContext+S5F2_energy,val,1637,10575,,1,0.16103139519691467
gcn_graph_c_sprint5b_energy,graph_c_context_observation,GraphCContext+S5F2_energy,val,1638,10575,,0,0.1595139503479004
gcn_graph_c_sprint5b_energy,graph_c_context_observation,GraphCContext+S5F2_energy,val,1639,10575,,1,0.13482509553432465
gcn_graph_c_sprint5b_energy,graph_c_context_observation,GraphCContext+S5F2_energy,val,1640,10799,,1,0.989421546459198
gcn_graph_c_sprint5b_energy,graph_c_context_observation,GraphCContext+S5F2_energy,val,1641,10799,,1,0.7804684042930603
gcn_graph_c_sprint5b_energy,graph_c_context_observation,GraphCContext+S5F2_energy,val,1642,10799,,1,0.8075464963912964
gcn_graph_c_sprint5b_energy,graph_c_context_observation,GraphCContext+S5F2_energy,val,1643,10799,,1,0.5609079003334045
gcn_graph_c_sprint5b_energy,graph_c_context_observation,GraphCContext+S5F2_energy,val,1644,10799,,1,0.9618272185325623
gcn_graph_c_sprint5b_energy,graph_c_context_observation,GraphCContext+S5F2_energy,val,1645,10799,,1,0.8258839249610901
gcn_graph_c_sprint5b_energy,graph_c_context_observation,GraphCContext+S5F2_energy,val,1646,10799,,1,0.7876704931259155
gcn_graph_c_sprint5b_energy,graph_c_context_observation,GraphCContext+S5F2_energy,val,1647,10799,,1,0.8019490242004395
gcn_graph_c_sprint5b_energy,graph_c_context_observation,GraphCContext+S5F2_energy,val,1648,10799,,1,0.8180736899375916
gcn_graph_c_sprint5b_energy,graph_c_context_observation,GraphCContext+S5F2_energy,val,1649,10799,,0,0.8269088268280029
gcn_graph_c_sprint5b_energy,graph_c_context_observation,GraphCContext+S5F2_energy,val,1650,10799,,1,0.6074851155281067
gcn_graph_c_sprint5b_energy,graph_c_context_observation,GraphCContext+S5F2_energy,val,1651,10799,,1,0.8461019992828369
gcn_graph_c_sprint5b_energy,graph_c_context_observation,GraphCContext+S5F2_energy,val,1652,10799,,1,0.9292283654212952
gcn_graph_c_sprint5b_energy,graph_c_context_observation,GraphCContext+S5F2_energy,val,1653,10799,,1,0.9135007262229919
gcn_graph_c_sprint5b_energy,graph_c_context_observation,GraphCContext+S5F2_energy,val,1654,10799,,0,0.7009797096252441
gcn_graph_c_sprint5b_energy,graph_c_context_observation,GraphCContext+S5F2_energy,val,1655,10799,,1,0.6750574111938477
gcn_graph_c_sprint5b_energy,graph_c_context_observation,GraphCContext+S5F2_energy,val,1656,10799,,1,0.7090508937835693
gcn_graph_c_sprint5b_energy,graph_c_context_observation,GraphCContext+S5F2_energy,val,1657,10799,,1,0.9300177097320557
gcn_graph_c_sprint5b_energy,graph_c_context_observation,GraphCContext+S5F2_energy,val,1658,10799,,1,0.45426976680755615
gcn_graph_c_sprint5b_energy,graph_c_context_observation,GraphCContext+S5F2_energy,val,1659,10799,,1,0.903145432472229
gcn_graph_c_sprint5b_energy,graph_c_context_observation,GraphCContext+S5F2_energy,val,1660,10799,,1,0.7573414444923401
gcn_graph_c_sprint5b_energy,graph_c_context_observation,GraphCContext+S5F2_energy,val,1661,10799,,1,0.47002387046813965
gcn_graph_c_sprint5b_energy,graph_c_context_observation,GraphCContext+S5F2_energy,val,1662,10799,,1,0.8757383823394775
gcn_graph_c_sprint5b_energy,graph_c_context_observation,GraphCContext+S5F2_energy,val,1663,10799,,1,0.6763650178909302
gcn_graph_c_sprint5b_energy,graph_c_context_observation,GraphCContext+S5F2_energy,val,1664,10799,,1,0.8876070976257324
gcn_graph_c_sprint5b_energy,graph_c_context_observation,GraphCContext+S5F2_energy,val,1665,10799,,1,0.7266215682029724
gcn_graph_c_sprint5b_energy,graph_c_context_observation,GraphCContext+S5F2_energy,val,1666,10799,,1,0.9477794170379639
gcn_graph_c_sprint5b_energy,graph_c_context_observation,GraphCContext+S5F2_energy,val,1667,10799,,1,0.7690293788909912
gcn_graph_c_sprint5b_energy,graph_c_context_observation,GraphCContext+S5F2_energy,val,1668,10843,,1,0.6116742491722107
gcn_graph_c_sprint5b_energy,graph_c_context_observation,GraphCContext+S5F2_energy,val,1669,10843,,1,0.3630876839160919
gcn_graph_c_sprint5b_energy,graph_c_context_observation,GraphCContext+S5F2_energy,val,1670,10843,,1,0.21206234395503998
gcn_graph_c_sprint5b_energy,graph_c_context_observation,GraphCContext+S5F2_energy,val,1671,10843,,1,0.22338445484638214
gcn_graph_c_sprint5b_energy,graph_c_context_observation,GraphCContext+S5F2_energy,val,1672,10843,,1,0.21588417887687683
gcn_graph_c_sprint5b_energy,graph_c_context_observation,GraphCContext+S5F2_energy,val,1673,10843,,1,0.20460522174835205
gcn_graph_c_sprint5b_energy,graph_c_context_observation,GraphCContext+S5F2_energy,val,1674,10843,,1,0.22234827280044556
gcn_graph_c_sprint5b_energy,graph_c_context_observation,GraphCContext+S5F2_energy,val,1675,10843,,1,0.2480829656124115
gcn_graph_c_sprint5b_energy,graph_c_context_observation,GraphCContext+S5F2_energy,val,1676,10843,,1,0.3075026571750641
gcn_graph_c_sprint5b_energy,graph_c_context_observation,GraphCContext+S5F2_energy,val,1677,10843,,1,0.1858849674463272
gcn_graph_c_sprint5b_energy,graph_c_context_observation,GraphCContext+S5F2_energy,val,1678,10843,,1,0.298539936542511
gcn_graph_c_sprint5b_energy,graph_c_context_observation,GraphCContext+S5F2_energy,val,1679,10843,,1,0.20506305992603302
gcn_graph_c_sprint5b_energy,graph_c_context_observation,GraphCContext+S5F2_energy,val,1680,10843,,0,0.1957537978887558
gcn_graph_c_sprint5b_energy,graph_c_context_observation,GraphCContext+S5F2_energy,val,1681,10856,,1,0.9687114357948303
gcn_graph_c_sprint5b_energy,graph_c_context_observation,GraphCContext+S5F2_energy,val,1682,10856,,1,0.8896641731262207
gcn_graph_c_sprint5b_energy,graph_c_context_observation,GraphCContext+S5F2_energy,val,1683,10856,,1,0.9614471197128296
gcn_graph_c_sprint5b_energy,graph_c_context_observation,GraphCContext+S5F2_energy,val,1684,10856,,1,0.9223406314849854
gcn_graph_c_sprint5b_energy,graph_c_context_observation,GraphCContext+S5F2_energy,val,1685,10856,,1,0.8005848526954651
gcn_graph_c_sprint5b_energy,graph_c_context_observation,GraphCContext+S5F2_energy,val,1686,10856,,1,0.8153022527694702
gcn_graph_c_sprint5b_energy,graph_c_context_observation,GraphCContext+S5F2_energy,val,1687,10856,,1,0.9041986465454102
gcn_graph_c_sprint5b_energy,graph_c_context_observation,GraphCContext+S5F2_energy,val,1688,10856,,1,0.870053231716156
gcn_graph_c_sprint5b_energy,graph_c_context_observation,GraphCContext+S5F2_energy,val,1689,10856,,1,0.6404771208763123
gcn_graph_c_sprint5b_energy,graph_c_context_observation,GraphCContext+S5F2_energy,val,1690,10856,,1,0.8973904252052307
gcn_graph_c_sprint5b_energy,graph_c_context_observation,GraphCContext+S5F2_energy,val,1691,10856,,1,0.703227698802948
gcn_graph_c_sprint5b_energy,graph_c_context_observation,GraphCContext+S5F2_energy,val,1692,10962,,1,0.9866146445274353
gcn_graph_c_sprint5b_energy,graph_c_context_observation,GraphCContext+S5F2_energy,val,1693,10962,,1,0.9995624423027039
gcn_graph_c_sprint5b_energy,graph_c_context_observation,GraphCContext+S5F2_energy,val,1694,10962,,1,0.9932779669761658
gcn_graph_c_sprint5b_energy,graph_c_context_observation,GraphCContext+S5F2_energy,val,1695,10962,,1,0.9981526732444763
gcn_graph_c_sprint5b_energy,graph_c_context_observation,GraphCContext+S5F2_energy,val,1696,10962,,1,0.994059681892395
gcn_graph_c_sprint5b_energy,graph_c_context_observation,GraphCContext+S5F2_energy,val,1697,10962,,1,0.9916843175888062
gcn_graph_c_sprint5b_energy,graph_c_context_observation,GraphCContext+S5F2_energy,val,1698,10962,,1,0.9927283525466919
gcn_graph_c_sprint5b_energy,graph_c_context_observation,GraphCContext+S5F2_energy,val,1699,11040,,1,0.9994893074035645
gcn_graph_c_sprint5b_energy,graph_c_context_observation,GraphCContext+S5F2_energy,val,1700,11040,,1,0.9828590750694275
gcn_graph_c_sprint5b_energy,graph_c_context_observation,GraphCContext+S5F2_energy,val,1701,11040,,1,0.9883008599281311
gcn_graph_c_sprint5b_energy,graph_c_context_observation,GraphCContext+S5F2_energy,val,1702,11040,,1,0.989600419998169
gcn_graph_c_sprint5b_energy,graph_c_context_observation,GraphCContext+S5F2_energy,val,1703,11040,,1,0.9919000864028931
gcn_graph_c_sprint5b_energy,graph_c_context_observation,GraphCContext+S5F2_energy,val,1704,11040,,1,0.9956650137901306
gcn_graph_c_sprint5b_energy,graph_c_context_observation,GraphCContext+S5F2_energy,val,1705,11040,,1,0.9979329109191895
gcn_graph_c_sprint5b_energy,graph_c_context_observation,GraphCContext+S5F2_energy,val,1706,11040,,1,0.9885396361351013
gcn_graph_c_sprint5b_energy,graph_c_context_observation,GraphCContext+S5F2_energy,val,1707,11040,,1,0.9815214276313782
gcn_graph_c_sprint5b_energy,graph_c_context_observation,GraphCContext+S5F2_energy,val,1708,11065,,1,0.42296990752220154
gcn_graph_c_sprint5b_energy,graph_c_context_observation,GraphCContext+S5F2_energy,val,1709,11065,,1,0.17274071276187897
gcn_graph_c_sprint5b_energy,graph_c_context_observation,GraphCContext+S5F2_energy,val,1710,11065,,1,0.13970376551151276
gcn_graph_c_sprint5b_energy,graph_c_context_observation,GraphCContext+S5F2_energy,val,1711,11065,,1,0.2298823595046997
gcn_graph_c_sprint5b_energy,graph_c_context_observation,GraphCContext+S5F2_energy,val,1712,11065,,1,0.08171378076076508
gcn_graph_c_sprint5b_energy,graph_c_context_observation,GraphCContext+S5F2_energy,val,1713,11065,,1,0.10290956497192383
gcn_graph_c_sprint5b_energy,graph_c_context_observation,GraphCContext+S5F2_energy,val,1714,11065,,1,0.05521116778254509
gcn_graph_c_sprint5b_energy,graph_c_context_observation,GraphCContext+S5F2_energy,val,1715,11065,,1,0.07624028623104095
gcn_graph_c_sprint5b_energy,graph_c_context_observation,GraphCContext+S5F2_energy,val,1716,11065,,1,0.16980044543743134
gcn_graph_c_sprint5b_energy,graph_c_context_observation,GraphCContext+S5F2_energy,val,1717,11065,,1,0.04012194275856018
gcn_graph_c_sprint5b_energy,graph_c_context_observation,GraphCContext+S5F2_energy,val,1718,11065,,1,0.09609268605709076
gcn_graph_c_sprint5b_energy,graph_c_context_observation,GraphCContext+S5F2_energy,val,1719,11065,,1,0.07025332748889923
gcn_graph_c_sprint5b_energy,graph_c_context_observation,GraphCContext+S5F2_energy,val,1720,11065,,1,0.12065844982862473
gcn_graph_c_sprint5b_energy,graph_c_context_observation,GraphCContext+S5F2_energy,val,1721,11065,,1,0.0677364319562912
gcn_graph_c_sprint5b_energy,graph_c_context_observation,GraphCContext+S5F2_energy,val,1722,11065,,1,0.0512593574821949
gcn_graph_c_sprint5b_energy,graph_c_context_observation,GraphCContext+S5F2_energy,val,1723,11065,,1,0.06696975231170654
gcn_graph_c_sprint5b_energy,graph_c_context_observation,GraphCContext+S5F2_energy,val,1724,11065,,1,0.04073050245642662
gcn_graph_c_sprint5b_energy,graph_c_context_observation,GraphCContext+S5F2_energy,val,1725,11065,,1,0.057161595672369
gcn_graph_c_sprint5b_energy,graph_c_context_observation,GraphCContext+S5F2_energy,val,1726,11065,,1,0.1149057000875473
gcn_graph_c_sprint5b_energy,graph_c_context_observation,GraphCContext+S5F2_energy,val,1727,11065,,1,0.07358073443174362
gcn_graph_c_sprint5b_energy,graph_c_context_observation,GraphCContext+S5F2_energy,val,1728,11065,,1,0.044228844344615936
gcn_graph_c_sprint5b_energy,graph_c_context_observation,GraphCContext+S5F2_energy,val,1729,11065,,1,0.04729398339986801
gcn_graph_c_sprint5b_energy,graph_c_context_observation,GraphCContext+S5F2_energy,val,1730,11065,,1,0.13509351015090942
gcn_graph_c_sprint5b_energy,graph_c_context_observation,GraphCContext+S5F2_energy,val,1731,11065,,1,0.0735139474272728
gcn_graph_c_sprint5b_energy,graph_c_context_observation,GraphCContext+S5F2_energy,val,1732,11065,,1,0.04753514379262924
gcn_graph_c_sprint5b_energy,graph_c_context_observation,GraphCContext+S5F2_energy,val,1733,11065,,1,0.11037494242191315
gcn_graph_c_sprint5b_energy,graph_c_context_observation,GraphCContext+S5F2_energy,test,0,228,,1,0.9381759166717529
gcn_graph_c_sprint5b_energy,graph_c_context_observation,GraphCContext+S5F2_energy,test,1,228,,1,0.8379049897193909
gcn_graph_c_sprint5b_energy,graph_c_context_observation,GraphCContext+S5F2_energy,test,2,228,,0,0.6818989515304565
gcn_graph_c_sprint5b_energy,graph_c_context_observation,GraphCContext+S5F2_energy,test,3,228,,0,0.4249245822429657
gcn_graph_c_sprint5b_energy,graph_c_context_observation,GraphCContext+S5F2_energy,test,4,228,,1,0.8486093878746033
gcn_graph_c_sprint5b_energy,graph_c_context_observation,GraphCContext+S5F2_energy,test,5,228,,0,0.3934839367866516
gcn_graph_c_sprint5b_energy,graph_c_context_observation,GraphCContext+S5F2_energy,test,6,228,,0,0.48018449544906616
gcn_graph_c_sprint5b_energy,graph_c_context_observation,GraphCContext+S5F2_energy,test,7,228,,1,0.6097904443740845
gcn_graph_c_sprint5b_energy,graph_c_context_observation,GraphCContext+S5F2_energy,test,8,228,,0,0.6278852820396423
gcn_graph_c_sprint5b_energy,graph_c_context_observation,GraphCContext+S5F2_energy,test,9,228,,0,0.5947180986404419
gcn_graph_c_sprint5b_energy,graph_c_context_observation,GraphCContext+S5F2_energy,test,10,228,,1,0.6382045745849609
gcn_graph_c_sprint5b_energy,graph_c_context_observation,GraphCContext+S5F2_energy,test,11,228,,0,0.7395215630531311
gcn_graph_c_sprint5b_energy,graph_c_context_observation,GraphCContext+S5F2_energy,test,12,278,,1,0.9740340113639832
gcn_graph_c_sprint5b_energy,graph_c_context_observation,GraphCContext+S5F2_energy,test,13,278,,1,0.8510730862617493
gcn_graph_c_sprint5b_energy,graph_c_context_observation,GraphCContext+S5F2_energy,test,14,278,,1,0.35851338505744934
gcn_graph_c_sprint5b_energy,graph_c_context_observation,GraphCContext+S5F2_energy,test,15,278,,1,0.882030725479126
gcn_graph_c_sprint5b_energy,graph_c_context_observation,GraphCContext+S5F2_energy,test,16,278,,1,0.8735930323600769
gcn_graph_c_sprint5b_energy,graph_c_context_observation,GraphCContext+S5F2_energy,test,17,278,,1,0.5598810911178589
gcn_graph_c_sprint5b_energy,graph_c_context_observation,GraphCContext+S5F2_energy,test,18,278,,1,0.5810945630073547
gcn_graph_c_sprint5b_energy,graph_c_context_observation,GraphCContext+S5F2_energy,test,19,278,,1,0.5193608999252319
gcn_graph_c_sprint5b_energy,graph_c_context_observation,GraphCContext+S5F2_energy,test,20,278,,1,0.455229252576828
gcn_graph_c_sprint5b_energy,graph_c_context_observation,GraphCContext+S5F2_energy,test,21,278,,1,0.7860934138298035
gcn_graph_c_sprint5b_energy,graph_c_context_observation,GraphCContext+S5F2_energy,test,22,278,,1,0.43740010261535645
gcn_graph_c_sprint5b_energy,graph_c_context_observation,GraphCContext+S5F2_energy,test,23,278,,1,0.36166590452194214
gcn_graph_c_sprint5b_energy,graph_c_context_observation,GraphCContext+S5F2_energy,test,24,278,,1,0.7268381714820862
gcn_graph_c_sprint5b_energy,graph_c_context_observation,GraphCContext+S5F2_energy,test,25,278,,1,0.39200738072395325
gcn_graph_c_sprint5b_energy,graph_c_context_observation,GraphCContext+S5F2_energy,test,26,635,,1,0.9944814443588257
gcn_graph_c_sprint5b_energy,graph_c_context_observation,GraphCContext+S5F2_energy,test,27,635,,1,0.8806636333465576
gcn_graph_c_sprint5b_energy,graph_c_context_observation,GraphCContext+S5F2_energy,test,28,635,,1,0.9476698637008667
gcn_graph_c_sprint5b_energy,graph_c_context_observation,GraphCContext+S5F2_energy,test,29,804,,1,0.9910105466842651
gcn_graph_c_sprint5b_energy,graph_c_context_observation,GraphCContext+S5F2_energy,test,30,804,,1,0.9993889331817627
gcn_graph_c_sprint5b_energy,graph_c_context_observation,GraphCContext+S5F2_energy,test,31,804,,1,0.9992936849594116
gcn_graph_c_sprint5b_energy,graph_c_context_observation,GraphCContext+S5F2_energy,test,32,804,,1,0.9993409514427185
gcn_graph_c_sprint5b_energy,graph_c_context_observation,GraphCContext+S5F2_energy,test,33,1018,,1,0.9854462146759033
gcn_graph_c_sprint5b_energy,graph_c_context_observation,GraphCContext+S5F2_energy,test,34,1018,,1,0.9942723512649536
gcn_graph_c_sprint5b_energy,graph_c_context_observation,GraphCContext+S5F2_energy,test,35,1018,,1,0.9980196952819824
gcn_graph_c_sprint5b_energy,graph_c_context_observation,GraphCContext+S5F2_energy,test,36,1018,,1,0.981475830078125
gcn_graph_c_sprint5b_energy,graph_c_context_observation,GraphCContext+S5F2_energy,test,37,1026,,1,0.9944429993629456
gcn_graph_c_sprint5b_energy,graph_c_context_observation,GraphCContext+S5F2_energy,test,38,1026,,1,0.9183889627456665
gcn_graph_c_sprint5b_energy,graph_c_context_observation,GraphCContext+S5F2_energy,test,39,1028,,0,0.08689188212156296
gcn_graph_c_sprint5b_energy,graph_c_context_observation,GraphCContext+S5F2_energy,test,40,1028,,0,0.06165026128292084
gcn_graph_c_sprint5b_energy,graph_c_context_observation,GraphCContext+S5F2_energy,test,41,1028,,0,0.09844779968261719
gcn_graph_c_sprint5b_energy,graph_c_context_observation,GraphCContext+S5F2_energy,test,42,1028,,0,0.08885896950960159
gcn_graph_c_sprint5b_energy,graph_c_context_observation,GraphCContext+S5F2_energy,test,43,1028,,0,0.1532483845949173
gcn_graph_c_sprint5b_energy,graph_c_context_observation,GraphCContext+S5F2_energy,test,44,1028,,0,0.059574905782938004
gcn_graph_c_sprint5b_energy,graph_c_context_observation,GraphCContext+S5F2_energy,test,45,1028,,1,0.08854339271783829
gcn_graph_c_sprint5b_energy,graph_c_context_observation,GraphCContext+S5F2_energy,test,46,1028,,0,0.08640272915363312
gcn_graph_c_sprint5b_energy,graph_c_context_observation,GraphCContext+S5F2_energy,test,47,1028,,0,0.13978584110736847
gcn_graph_c_sprint5b_energy,graph_c_context_observation,GraphCContext+S5F2_energy,test,48,1028,,0,0.10802587866783142
gcn_graph_c_sprint5b_energy,graph_c_context_observation,GraphCContext+S5F2_energy,test,49,1028,,0,0.07582203298807144
gcn_graph_c_sprint5b_energy,graph_c_context_observation,GraphCContext+S5F2_energy,test,50,1028,,0,0.1159682646393776
gcn_graph_c_sprint5b_energy,graph_c_context_observation,GraphCContext+S5F2_energy,test,51,1028,,0,0.08905154466629028
gcn_graph_c_sprint5b_energy,graph_c_context_observation,GraphCContext+S5F2_energy,test,52,1028,,0,0.09324067831039429
gcn_graph_c_sprint5b_energy,graph_c_context_observation,GraphCContext+S5F2_energy,test,53,1028,,0,0.07125542312860489
gcn_graph_c_sprint5b_energy,graph_c_context_observation,GraphCContext+S5F2_energy,test,54,1044,,0,0.10313115268945694
gcn_graph_c_sprint5b_energy,graph_c_context_observation,GraphCContext+S5F2_energy,test,55,1044,,0,0.045185636729002
gcn_graph_c_sprint5b_energy,graph_c_context_observation,GraphCContext+S5F2_energy,test,56,1044,,0,0.08979025483131409
gcn_graph_c_sprint5b_energy,graph_c_context_observation,GraphCContext+S5F2_energy,test,57,1044,,0,0.07921495288610458
gcn_graph_c_sprint5b_energy,graph_c_context_observation,GraphCContext+S5F2_energy,test,58,1044,,1,0.05748702585697174
gcn_graph_c_sprint5b_energy,graph_c_context_observation,GraphCContext+S5F2_energy,test,59,1044,,0,0.05157012492418289
gcn_graph_c_sprint5b_energy,graph_c_context_observation,GraphCContext+S5F2_energy,test,60,1044,,0,0.06085556745529175
gcn_graph_c_sprint5b_energy,graph_c_context_observation,GraphCContext+S5F2_energy,test,61,1044,,0,0.06552620232105255
gcn_graph_c_sprint5b_energy,graph_c_context_observation,GraphCContext+S5F2_energy,test,62,1044,,0,0.07492146641016006
gcn_graph_c_sprint5b_energy,graph_c_context_observation,GraphCContext+S5F2_energy,test,63,1044,,0,0.09132734686136246
gcn_graph_c_sprint5b_energy,graph_c_context_observation,GraphCContext+S5F2_energy,test,64,1044,,0,0.0288075041025877
gcn_graph_c_sprint5b_energy,graph_c_context_observation,GraphCContext+S5F2_energy,test,65,1044,,0,0.07836218178272247
gcn_graph_c_sprint5b_energy,graph_c_context_observation,GraphCContext+S5F2_energy,test,66,1044,,0,0.06568656861782074
gcn_graph_c_sprint5b_energy,graph_c_context_observation,GraphCContext+S5F2_energy,test,67,1060,,1,0.3642198443412781
gcn_graph_c_sprint5b_energy,graph_c_context_observation,GraphCContext+S5F2_energy,test,68,1060,,0,0.42763152718544006
gcn_graph_c_sprint5b_energy,graph_c_context_observation,GraphCContext+S5F2_energy,test,69,1060,,0,0.4880039393901825
gcn_graph_c_sprint5b_energy,graph_c_context_observation,GraphCContext+S5F2_energy,test,70,1060,,0,0.18994013965129852
gcn_graph_c_sprint5b_energy,graph_c_context_observation,GraphCContext+S5F2_energy,test,71,1060,,0,0.3023575246334076
gcn_graph_c_sprint5b_energy,graph_c_context_observation,GraphCContext+S5F2_energy,test,72,1060,,0,0.36358529329299927
gcn_graph_c_sprint5b_energy,graph_c_context_observation,GraphCContext+S5F2_energy,test,73,1060,,1,0.42732879519462585
gcn_graph_c_sprint5b_energy,graph_c_context_observation,GraphCContext+S5F2_energy,test,74,1060,,0,0.5001525282859802
gcn_graph_c_sprint5b_energy,graph_c_context_observation,GraphCContext+S5F2_energy,test,75,1060,,0,0.3936721086502075
gcn_graph_c_sprint5b_energy,graph_c_context_observation,GraphCContext+S5F2_energy,test,76,1060,,0,0.43474769592285156
gcn_graph_c_sprint5b_energy,graph_c_context_observation,GraphCContext+S5F2_energy,test,77,1060,,0,0.20221804082393646
gcn_graph_c_sprint5b_energy,graph_c_context_observation,GraphCContext+S5F2_energy,test,78,1060,,0,0.24213121831417084
gcn_graph_c_sprint5b_energy,graph_c_context_observation,GraphCContext+S5F2_energy,test,79,1060,,0,0.37319862842559814
gcn_graph_c_sprint5b_energy,graph_c_context_observation,GraphCContext+S5F2_energy,test,80,1060,,0,0.43627044558525085
gcn_graph_c_sprint5b_energy,graph_c_context_observation,GraphCContext+S5F2_energy,test,81,1060,,0,0.28651002049446106
gcn_graph_c_sprint5b_energy,graph_c_context_observation,GraphCContext+S5F2_energy,test,82,1088,,1,0.062068864703178406
gcn_graph_c_sprint5b_energy,graph_c_context_observation,GraphCContext+S5F2_energy,test,83,1088,,0,0.0204311590641737
gcn_graph_c_sprint5b_energy,graph_c_context_observation,GraphCContext+S5F2_energy,test,84,1088,,0,0.033422574400901794
gcn_graph_c_sprint5b_energy,graph_c_context_observation,GraphCContext+S5F2_energy,test,85,1088,,0,0.06218304485082626
gcn_graph_c_sprint5b_energy,graph_c_context_observation,GraphCContext+S5F2_energy,test,86,1088,,0,0.04002644121646881
gcn_graph_c_sprint5b_energy,graph_c_context_observation,GraphCContext+S5F2_energy,test,87,1088,,0,0.03380640223622322
gcn_graph_c_sprint5b_energy,graph_c_context_observation,GraphCContext+S5F2_energy,test,88,1088,,0,0.11358814686536789
gcn_graph_c_sprint5b_energy,graph_c_context_observation,GraphCContext+S5F2_energy,test,89,1088,,0,0.02799253538250923
gcn_graph_c_sprint5b_energy,graph_c_context_observation,GraphCContext+S5F2_energy,test,90,1088,,0,0.06997665017843246
gcn_graph_c_sprint5b_energy,graph_c_context_observation,GraphCContext+S5F2_energy,test,91,1088,,0,0.033062584698200226
gcn_graph_c_sprint5b_energy,graph_c_context_observation,GraphCContext+S5F2_energy,test,92,1088,,0,0.048071276396512985
gcn_graph_c_sprint5b_energy,graph_c_context_observation,GraphCContext+S5F2_energy,test,93,1088,,0,0.019307494163513184
gcn_graph_c_sprint5b_energy,graph_c_context_observation,GraphCContext+S5F2_energy,test,94,1088,,0,0.02366330474615097
gcn_graph_c_sprint5b_energy,graph_c_context_observation,GraphCContext+S5F2_energy,test,95,1120,,1,0.051944486796855927
gcn_graph_c_sprint5b_energy,graph_c_context_observation,GraphCContext+S5F2_energy,test,96,1120,,0,0.043255578726530075
gcn_graph_c_sprint5b_energy,graph_c_context_observation,GraphCContext+S5F2_energy,test,97,1120,,0,0.03749104589223862
gcn_graph_c_sprint5b_energy,graph_c_context_observation,GraphCContext+S5F2_energy,test,98,1120,,0,0.03635585308074951
gcn_graph_c_sprint5b_energy,graph_c_context_observation,GraphCContext+S5F2_energy,test,99,1120,,0,0.02447156421840191
gcn_graph_c_sprint5b_energy,graph_c_context_observation,GraphCContext+S5F2_energy,test,100,1120,,0,0.03856084495782852
gcn_graph_c_sprint5b_energy,graph_c_context_observation,GraphCContext+S5F2_energy,test,101,1120,,0,0.03353000059723854
gcn_graph_c_sprint5b_energy,graph_c_context_observation,GraphCContext+S5F2_energy,test,102,1120,,0,0.03948856145143509
gcn_graph_c_sprint5b_energy,graph_c_context_observation,GraphCContext+S5F2_energy,test,103,1120,,0,0.05825987830758095
gcn_graph_c_sprint5b_energy,graph_c_context_observation,GraphCContext+S5F2_energy,test,104,1120,,0,0.04838447645306587
gcn_graph_c_sprint5b_energy,graph_c_context_observation,GraphCContext+S5F2_energy,test,105,1120,,0,0.032666999846696854
gcn_graph_c_sprint5b_energy,graph_c_context_observation,GraphCContext+S5F2_energy,test,106,1120,,0,0.030899520963430405
gcn_graph_c_sprint5b_energy,graph_c_context_observation,GraphCContext+S5F2_energy,test,107,1120,,0,0.06251178681850433
gcn_graph_c_sprint5b_energy,graph_c_context_observation,GraphCContext+S5F2_energy,test,108,1120,,0,0.03176572173833847
gcn_graph_c_sprint5b_energy,graph_c_context_observation,GraphCContext+S5F2_energy,test,109,1120,,0,0.053676433861255646
gcn_graph_c_sprint5b_energy,graph_c_context_observation,GraphCContext+S5F2_energy,test,110,1408,,0,0.03350401297211647
gcn_graph_c_sprint5b_energy,graph_c_context_observation,GraphCContext+S5F2_energy,test,111,1408,,0,0.016738204285502434
gcn_graph_c_sprint5b_energy,graph_c_context_observation,GraphCContext+S5F2_energy,test,112,1408,,0,0.01530769094824791
gcn_graph_c_sprint5b_energy,graph_c_context_observation,GraphCContext+S5F2_energy,test,113,1408,,0,0.012337686493992805
gcn_graph_c_sprint5b_energy,graph_c_context_observation,GraphCContext+S5F2_energy,test,114,1408,,0,0.02244027890264988
gcn_graph_c_sprint5b_energy,graph_c_context_observation,GraphCContext+S5F2_energy,test,115,1408,,0,0.019393129274249077
gcn_graph_c_sprint5b_energy,graph_c_context_observation,GraphCContext+S5F2_energy,test,116,1408,,0,0.023799119517207146
gcn_graph_c_sprint5b_energy,graph_c_context_observation,GraphCContext+S5F2_energy,test,117,1408,,0,0.014964190311729908
gcn_graph_c_sprint5b_energy,graph_c_context_observation,GraphCContext+S5F2_energy,test,118,1408,,0,0.017057888209819794
gcn_graph_c_sprint5b_energy,graph_c_context_observation,GraphCContext+S5F2_energy,test,119,1505,,1,0.5996592044830322
gcn_graph_c_sprint5b_energy,graph_c_context_observation,GraphCContext+S5F2_energy,test,120,1505,,1,0.09193425625562668
gcn_graph_c_sprint5b_energy,graph_c_context_observation,GraphCContext+S5F2_energy,test,121,1505,,1,0.10990623384714127
gcn_graph_c_sprint5b_energy,graph_c_context_observation,GraphCContext+S5F2_energy,test,122,1505,,1,0.1342780888080597
gcn_graph_c_sprint5b_energy,graph_c_context_observation,GraphCContext+S5F2_energy,test,123,1505,,1,0.0589660219848156
gcn_graph_c_sprint5b_energy,graph_c_context_observation,GraphCContext+S5F2_energy,test,124,1505,,1,0.13366194069385529
gcn_graph_c_sprint5b_energy,graph_c_context_observation,GraphCContext+S5F2_energy,test,125,1505,,1,0.08200869709253311
gcn_graph_c_sprint5b_energy,graph_c_context_observation,GraphCContext+S5F2_energy,test,126,1505,,1,0.11842384189367294
gcn_graph_c_sprint5b_energy,graph_c_context_observation,GraphCContext+S5F2_energy,test,127,1505,,1,0.2020883411169052
gcn_graph_c_sprint5b_energy,graph_c_context_observation,GraphCContext+S5F2_energy,test,128,1505,,1,0.1163128986954689
gcn_graph_c_sprint5b_energy,graph_c_context_observation,GraphCContext+S5F2_energy,test,129,1505,,1,0.14393773674964905
gcn_graph_c_sprint5b_energy,graph_c_context_observation,GraphCContext+S5F2_energy,test,130,1505,,1,0.08041048049926758
gcn_graph_c_sprint5b_energy,graph_c_context_observation,GraphCContext+S5F2_energy,test,131,1505,,1,0.07691701501607895
gcn_graph_c_sprint5b_energy,graph_c_context_observation,GraphCContext+S5F2_energy,test,132,1505,,1,0.12951159477233887
gcn_graph_c_sprint5b_energy,graph_c_context_observation,GraphCContext+S5F2_energy,test,133,1505,,1,0.13920095562934875
gcn_graph_c_sprint5b_energy,graph_c_context_observation,GraphCContext+S5F2_energy,test,134,1505,,1,0.14046598970890045
gcn_graph_c_sprint5b_energy,graph_c_context_observation,GraphCContext+S5F2_energy,test,135,1505,,1,0.10019618272781372
gcn_graph_c_sprint5b_energy,graph_c_context_observation,GraphCContext+S5F2_energy,test,136,1505,,1,0.06744950264692307
gcn_graph_c_sprint5b_energy,graph_c_context_observation,GraphCContext+S5F2_energy,test,137,1505,,1,0.12603844702243805
gcn_graph_c_sprint5b_energy,graph_c_context_observation,GraphCContext+S5F2_energy,test,138,1505,,1,0.11866410821676254
gcn_graph_c_sprint5b_energy,graph_c_context_observation,GraphCContext+S5F2_energy,test,139,1505,,1,0.07227300107479095
gcn_graph_c_sprint5b_energy,graph_c_context_observation,GraphCContext+S5F2_energy,test,140,1505,,1,0.09180662781000137
gcn_graph_c_sprint5b_energy,graph_c_context_observation,GraphCContext+S5F2_energy,test,141,1505,,1,0.21358560025691986
gcn_graph_c_sprint5b_energy,graph_c_context_observation,GraphCContext+S5F2_energy,test,142,1505,,1,0.09714183956384659
gcn_graph_c_sprint5b_energy,graph_c_context_observation,GraphCContext+S5F2_energy,test,143,1505,,1,0.13382098078727722
gcn_graph_c_sprint5b_energy,graph_c_context_observation,GraphCContext+S5F2_energy,test,144,1505,,1,0.139103502035141
gcn_graph_c_sprint5b_energy,graph_c_context_observation,GraphCContext+S5F2_energy,test,145,1505,,1,0.08390893042087555
gcn_graph_c_sprint5b_energy,graph_c_context_observation,GraphCContext+S5F2_energy,test,146,1505,,1,0.11496219038963318
gcn_graph_c_sprint5b_energy,graph_c_context_observation,GraphCContext+S5F2_energy,test,147,1505,,1,0.09437493234872818
gcn_graph_c_sprint5b_energy,graph_c_context_observation,GraphCContext+S5F2_energy,test,148,1505,,1,0.11606302112340927
gcn_graph_c_sprint5b_energy,graph_c_context_observation,GraphCContext+S5F2_energy,test,149,1505,,1,0.0903920829296112
gcn_graph_c_sprint5b_energy,graph_c_context_observation,GraphCContext+S5F2_energy,test,150,1505,,1,0.15965016186237335
gcn_graph_c_sprint5b_energy,graph_c_context_observation,GraphCContext+S5F2_energy,test,151,1505,,1,0.11716887354850769
gcn_graph_c_sprint5b_energy,graph_c_context_observation,GraphCContext+S5F2_energy,test,152,1505,,1,0.1270623505115509
gcn_graph_c_sprint5b_energy,graph_c_context_observation,GraphCContext+S5F2_energy,test,153,1505,,1,0.09600580483675003
gcn_graph_c_sprint5b_energy,graph_c_context_observation,GraphCContext+S5F2_energy,test,154,1505,,1,0.1193857491016388
gcn_graph_c_sprint5b_energy,graph_c_context_observation,GraphCContext+S5F2_energy,test,155,1505,,1,0.1910741925239563
gcn_graph_c_sprint5b_energy,graph_c_context_observation,GraphCContext+S5F2_energy,test,156,1505,,1,0.12264212965965271
gcn_graph_c_sprint5b_energy,graph_c_context_observation,GraphCContext+S5F2_energy,test,157,1505,,1,0.11597800254821777
gcn_graph_c_sprint5b_energy,graph_c_context_observation,GraphCContext+S5F2_energy,test,158,1505,,1,0.1147858276963234
gcn_graph_c_sprint5b_energy,graph_c_context_observation,GraphCContext+S5F2_energy,test,159,1505,,1,0.22715364396572113
gcn_graph_c_sprint5b_energy,graph_c_context_observation,GraphCContext+S5F2_energy,test,160,1505,,1,0.06616088002920151
gcn_graph_c_sprint5b_energy,graph_c_context_observation,GraphCContext+S5F2_energy,test,161,1505,,1,0.12915410101413727
gcn_graph_c_sprint5b_energy,graph_c_context_observation,GraphCContext+S5F2_energy,test,162,1505,,1,0.1341911256313324
gcn_graph_c_sprint5b_energy,graph_c_context_observation,GraphCContext+S5F2_energy,test,163,1505,,1,0.14233709871768951
gcn_graph_c_sprint5b_energy,graph_c_context_observation,GraphCContext+S5F2_energy,test,164,1505,,1,0.13008108735084534
gcn_graph_c_sprint5b_energy,graph_c_context_observation,GraphCContext+S5F2_energy,test,165,1505,,1,0.1035347655415535
gcn_graph_c_sprint5b_energy,graph_c_context_observation,GraphCContext+S5F2_energy,test,166,1505,,1,0.17202168703079224
gcn_graph_c_sprint5b_energy,graph_c_context_observation,GraphCContext+S5F2_energy,test,167,3265,,1,0.5891212821006775
gcn_graph_c_sprint5b_energy,graph_c_context_observation,GraphCContext+S5F2_energy,test,168,3265,,1,0.18973004817962646
gcn_graph_c_sprint5b_energy,graph_c_context_observation,GraphCContext+S5F2_energy,test,169,3265,,1,0.31423452496528625
gcn_graph_c_sprint5b_energy,graph_c_context_observation,GraphCContext+S5F2_energy,test,170,3265,,1,0.23894234001636505
gcn_graph_c_sprint5b_energy,graph_c_context_observation,GraphCContext+S5F2_energy,test,171,3265,,1,0.34951940178871155
gcn_graph_c_sprint5b_energy,graph_c_context_observation,GraphCContext+S5F2_energy,test,172,3265,,1,0.38191887736320496
gcn_graph_c_sprint5b_energy,graph_c_context_observation,GraphCContext+S5F2_energy,test,173,3265,,1,0.18431508541107178
gcn_graph_c_sprint5b_energy,graph_c_context_observation,GraphCContext+S5F2_energy,test,174,3265,,1,0.32702407240867615
gcn_graph_c_sprint5b_energy,graph_c_context_observation,GraphCContext+S5F2_energy,test,175,3265,,1,0.36655092239379883
gcn_graph_c_sprint5b_energy,graph_c_context_observation,GraphCContext+S5F2_energy,test,176,3265,,1,0.1974174678325653
gcn_graph_c_sprint5b_energy,graph_c_context_observation,GraphCContext+S5F2_energy,test,177,3265,,1,0.3220396935939789
gcn_graph_c_sprint5b_energy,graph_c_context_observation,GraphCContext+S5F2_energy,test,178,3265,,1,0.28165557980537415
gcn_graph_c_sprint5b_energy,graph_c_context_observation,GraphCContext+S5F2_energy,test,179,3265,,1,0.2931404113769531
gcn_graph_c_sprint5b_energy,graph_c_context_observation,GraphCContext+S5F2_energy,test,180,3265,,1,0.26390451192855835
gcn_graph_c_sprint5b_energy,graph_c_context_observation,GraphCContext+S5F2_energy,test,181,3265,,1,0.3512883186340332
gcn_graph_c_sprint5b_energy,graph_c_context_observation,GraphCContext+S5F2_energy,test,182,3265,,1,0.21530228853225708
gcn_graph_c_sprint5b_energy,graph_c_context_observation,GraphCContext+S5F2_energy,test,183,3265,,1,0.22267024219036102
gcn_graph_c_sprint5b_energy,graph_c_context_observation,GraphCContext+S5F2_energy,test,184,3265,,1,0.2718193531036377
gcn_graph_c_sprint5b_energy,graph_c_context_observation,GraphCContext+S5F2_energy,test,185,3265,,1,0.1766839623451233
gcn_graph_c_sprint5b_energy,graph_c_context_observation,GraphCContext+S5F2_energy,test,186,3265,,1,0.3158719539642334
gcn_graph_c_sprint5b_energy,graph_c_context_observation,GraphCContext+S5F2_energy,test,187,3265,,1,0.2263685017824173
gcn_graph_c_sprint5b_energy,graph_c_context_observation,GraphCContext+S5F2_energy,test,188,3265,,1,0.16448326408863068
gcn_graph_c_sprint5b_energy,graph_c_context_observation,GraphCContext+S5F2_energy,test,189,3265,,1,0.21888481080532074
gcn_graph_c_sprint5b_energy,graph_c_context_observation,GraphCContext+S5F2_energy,test,190,3265,,1,0.21507568657398224
gcn_graph_c_sprint5b_energy,graph_c_context_observation,GraphCContext+S5F2_energy,test,191,3265,,1,0.2975791394710541
gcn_graph_c_sprint5b_energy,graph_c_context_observation,GraphCContext+S5F2_energy,test,192,3265,,1,0.20694994926452637
gcn_graph_c_sprint5b_energy,graph_c_context_observation,GraphCContext+S5F2_energy,test,193,3265,,1,0.25339174270629883
gcn_graph_c_sprint5b_energy,graph_c_context_observation,GraphCContext+S5F2_energy,test,194,3265,,1,0.21006032824516296
gcn_graph_c_sprint5b_energy,graph_c_context_observation,GraphCContext+S5F2_energy,test,195,3265,,1,0.3093263804912567
gcn_graph_c_sprint5b_energy,graph_c_context_observation,GraphCContext+S5F2_energy,test,196,3265,,1,0.1669750213623047
gcn_graph_c_sprint5b_energy,graph_c_context_observation,GraphCContext+S5F2_energy,test,197,3265,,1,0.28953519463539124
gcn_graph_c_sprint5b_energy,graph_c_context_observation,GraphCContext+S5F2_energy,test,198,3265,,1,0.19625447690486908
gcn_graph_c_sprint5b_energy,graph_c_context_observation,GraphCContext+S5F2_energy,test,199,3265,,1,0.281023234128952
gcn_graph_c_sprint5b_energy,graph_c_context_observation,GraphCContext+S5F2_energy,test,200,3265,,1,0.2027059942483902
gcn_graph_c_sprint5b_energy,graph_c_context_observation,GraphCContext+S5F2_energy,test,201,3265,,1,0.26771971583366394
gcn_graph_c_sprint5b_energy,graph_c_context_observation,GraphCContext+S5F2_energy,test,202,3300,,1,0.9640020728111267
gcn_graph_c_sprint5b_energy,graph_c_context_observation,GraphCContext+S5F2_energy,test,203,3300,,1,0.6019290089607239
gcn_graph_c_sprint5b_energy,graph_c_context_observation,GraphCContext+S5F2_energy,test,204,3300,,1,0.7910974025726318
gcn_graph_c_sprint5b_energy,graph_c_context_observation,GraphCContext+S5F2_energy,test,205,3300,,1,0.9252675771713257
gcn_graph_c_sprint5b_energy,graph_c_context_observation,GraphCContext+S5F2_energy,test,206,3300,,1,0.549065351486206
gcn_graph_c_sprint5b_energy,graph_c_context_observation,GraphCContext+S5F2_energy,test,207,3300,,1,0.9236612915992737
gcn_graph_c_sprint5b_energy,graph_c_context_observation,GraphCContext+S5F2_energy,test,208,3300,,1,0.8615649342536926
gcn_graph_c_sprint5b_energy,graph_c_context_observation,GraphCContext+S5F2_energy,test,209,3300,,1,0.6812176704406738
gcn_graph_c_sprint5b_energy,graph_c_context_observation,GraphCContext+S5F2_energy,test,210,3300,,1,0.7375866174697876
gcn_graph_c_sprint5b_energy,graph_c_context_observation,GraphCContext+S5F2_energy,test,211,3300,,1,0.75243079662323
gcn_graph_c_sprint5b_energy,graph_c_context_observation,GraphCContext+S5F2_energy,test,212,3300,,1,0.6389463543891907
gcn_graph_c_sprint5b_energy,graph_c_context_observation,GraphCContext+S5F2_energy,test,213,3300,,1,0.9073677659034729
gcn_graph_c_sprint5b_energy,graph_c_context_observation,GraphCContext+S5F2_energy,test,214,3300,,1,0.7596086859703064
gcn_graph_c_sprint5b_energy,graph_c_context_observation,GraphCContext+S5F2_energy,test,215,3300,,1,0.7526378631591797
gcn_graph_c_sprint5b_energy,graph_c_context_observation,GraphCContext+S5F2_energy,test,216,3300,,1,0.8820996284484863
gcn_graph_c_sprint5b_energy,graph_c_context_observation,GraphCContext+S5F2_energy,test,217,3300,,1,0.5867862105369568
gcn_graph_c_sprint5b_energy,graph_c_context_observation,GraphCContext+S5F2_energy,test,218,3300,,1,0.918932318687439
gcn_graph_c_sprint5b_energy,graph_c_context_observation,GraphCContext+S5F2_energy,test,219,3300,,1,0.6908879280090332
gcn_graph_c_sprint5b_energy,graph_c_context_observation,GraphCContext+S5F2_energy,test,220,3300,,1,0.8144024014472961
gcn_graph_c_sprint5b_energy,graph_c_context_observation,GraphCContext+S5F2_energy,test,221,3300,,1,0.9128032326698303
gcn_graph_c_sprint5b_energy,graph_c_context_observation,GraphCContext+S5F2_energy,test,222,3300,,1,0.9329588413238525
gcn_graph_c_sprint5b_energy,graph_c_context_observation,GraphCContext+S5F2_energy,test,223,3300,,1,0.8631181120872498
gcn_graph_c_sprint5b_energy,graph_c_context_observation,GraphCContext+S5F2_energy,test,224,3300,,1,0.9525482058525085
gcn_graph_c_sprint5b_energy,graph_c_context_observation,GraphCContext+S5F2_energy,test,225,3300,,1,0.5880995392799377
gcn_graph_c_sprint5b_energy,graph_c_context_observation,GraphCContext+S5F2_energy,test,226,3300,,1,0.771307647228241
gcn_graph_c_sprint5b_energy,graph_c_context_observation,GraphCContext+S5F2_energy,test,227,3300,,1,0.8357675671577454
gcn_graph_c_sprint5b_energy,graph_c_context_observation,GraphCContext+S5F2_energy,test,228,3300,,1,0.7305274605751038
gcn_graph_c_sprint5b_energy,graph_c_context_observation,GraphCContext+S5F2_energy,test,229,3300,,1,0.7251703143119812
gcn_graph_c_sprint5b_energy,graph_c_context_observation,GraphCContext+S5F2_energy,test,230,3300,,1,0.6486926078796387
gcn_graph_c_sprint5b_energy,graph_c_context_observation,GraphCContext+S5F2_energy,test,231,3300,,1,0.819955587387085
gcn_graph_c_sprint5b_energy,graph_c_context_observation,GraphCContext+S5F2_energy,test,232,3300,,1,0.4749496877193451
gcn_graph_c_sprint5b_energy,graph_c_context_observation,GraphCContext+S5F2_energy,test,233,3300,,1,0.841530442237854
gcn_graph_c_sprint5b_energy,graph_c_context_observation,GraphCContext+S5F2_energy,test,234,3300,,1,0.738723635673523
gcn_graph_c_sprint5b_energy,graph_c_context_observation,GraphCContext+S5F2_energy,test,235,3300,,1,0.30115488171577454
gcn_graph_c_sprint5b_energy,graph_c_context_observation,GraphCContext+S5F2_energy,test,236,3300,,1,0.6622948050498962
gcn_graph_c_sprint5b_energy,graph_c_context_observation,GraphCContext+S5F2_energy,test,237,3300,,1,0.7984986305236816
gcn_graph_c_sprint5b_energy,graph_c_context_observation,GraphCContext+S5F2_energy,test,238,3300,,1,0.7013614177703857
gcn_graph_c_sprint5b_energy,graph_c_context_observation,GraphCContext+S5F2_energy,test,239,3300,,1,0.6689172387123108
gcn_graph_c_sprint5b_energy,graph_c_context_observation,GraphCContext+S5F2_energy,test,240,3300,,1,0.5639851689338684
gcn_graph_c_sprint5b_energy,graph_c_context_observation,GraphCContext+S5F2_energy,test,241,3300,,1,0.7008808255195618
gcn_graph_c_sprint5b_energy,graph_c_context_observation,GraphCContext+S5F2_energy,test,242,3300,,1,0.7596501708030701
gcn_graph_c_sprint5b_energy,graph_c_context_observation,GraphCContext+S5F2_energy,test,243,3300,,1,0.6963897347450256
gcn_graph_c_sprint5b_energy,graph_c_context_observation,GraphCContext+S5F2_energy,test,244,3300,,1,0.6791964173316956
gcn_graph_c_sprint5b_energy,graph_c_context_observation,GraphCContext+S5F2_energy,test,245,3300,,1,0.7357562780380249
gcn_graph_c_sprint5b_energy,graph_c_context_observation,GraphCContext+S5F2_energy,test,246,3300,,1,0.5852714776992798
gcn_graph_c_sprint5b_energy,graph_c_context_observation,GraphCContext+S5F2_energy,test,247,3300,,1,0.5613913536071777
gcn_graph_c_sprint5b_energy,graph_c_context_observation,GraphCContext+S5F2_energy,test,248,3300,,1,0.5957213044166565
gcn_graph_c_sprint5b_energy,graph_c_context_observation,GraphCContext+S5F2_energy,test,249,3300,,1,0.8927074670791626
gcn_graph_c_sprint5b_energy,graph_c_context_observation,GraphCContext+S5F2_energy,test,250,3300,,1,0.8052583932876587
gcn_graph_c_sprint5b_energy,graph_c_context_observation,GraphCContext+S5F2_energy,test,251,3300,,1,0.6488471031188965
gcn_graph_c_sprint5b_energy,graph_c_context_observation,GraphCContext+S5F2_energy,test,252,3300,,1,0.876408576965332
gcn_graph_c_sprint5b_energy,graph_c_context_observation,GraphCContext+S5F2_energy,test,253,3300,,1,0.7384435534477234
gcn_graph_c_sprint5b_energy,graph_c_context_observation,GraphCContext+S5F2_energy,test,254,3300,,1,0.5481861233711243
gcn_graph_c_sprint5b_energy,graph_c_context_observation,GraphCContext+S5F2_energy,test,255,3300,,1,0.5590505599975586
gcn_graph_c_sprint5b_energy,graph_c_context_observation,GraphCContext+S5F2_energy,test,256,3300,,1,0.38045185804367065
gcn_graph_c_sprint5b_energy,graph_c_context_observation,GraphCContext+S5F2_energy,test,257,3300,,1,0.8179078698158264
gcn_graph_c_sprint5b_energy,graph_c_context_observation,GraphCContext+S5F2_energy,test,258,3300,,1,0.7847568988800049
gcn_graph_c_sprint5b_energy,graph_c_context_observation,GraphCContext+S5F2_energy,test,259,3300,,1,0.8102399110794067
gcn_graph_c_sprint5b_energy,graph_c_context_observation,GraphCContext+S5F2_energy,test,260,3300,,1,0.7135850787162781
gcn_graph_c_sprint5b_energy,graph_c_context_observation,GraphCContext+S5F2_energy,test,261,3300,,1,0.6163637042045593
gcn_graph_c_sprint5b_energy,graph_c_context_observation,GraphCContext+S5F2_energy,test,262,3300,,1,0.3483850657939911
gcn_graph_c_sprint5b_energy,graph_c_context_observation,GraphCContext+S5F2_energy,test,263,3300,,1,0.7024358510971069
gcn_graph_c_sprint5b_energy,graph_c_context_observation,GraphCContext+S5F2_energy,test,264,3300,,1,0.4467458128929138
gcn_graph_c_sprint5b_energy,graph_c_context_observation,GraphCContext+S5F2_energy,test,265,3300,,1,0.6789987683296204
gcn_graph_c_sprint5b_energy,graph_c_context_observation,GraphCContext+S5F2_energy,test,266,3300,,1,0.44068872928619385
gcn_graph_c_sprint5b_energy,graph_c_context_observation,GraphCContext+S5F2_energy,test,267,3300,,1,0.6765620708465576
gcn_graph_c_sprint5b_energy,graph_c_context_observation,GraphCContext+S5F2_energy,test,268,3300,,1,0.4405806362628937
gcn_graph_c_sprint5b_energy,graph_c_context_observation,GraphCContext+S5F2_energy,test,269,3300,,1,0.5652512907981873
gcn_graph_c_sprint5b_energy,graph_c_context_observation,GraphCContext+S5F2_energy,test,270,3300,,1,0.6071630120277405
gcn_graph_c_sprint5b_energy,graph_c_context_observation,GraphCContext+S5F2_energy,test,271,3300,,1,0.7045347094535828
gcn_graph_c_sprint5b_energy,graph_c_context_observation,GraphCContext+S5F2_energy,test,272,3300,,1,0.6175870895385742
gcn_graph_c_sprint5b_energy,graph_c_context_observation,GraphCContext+S5F2_energy,test,273,3300,,1,0.43632271885871887
gcn_graph_c_sprint5b_energy,graph_c_context_observation,GraphCContext+S5F2_energy,test,274,3300,,1,0.6055465936660767
gcn_graph_c_sprint5b_energy,graph_c_context_observation,GraphCContext+S5F2_energy,test,275,3300,,1,0.7634903788566589
gcn_graph_c_sprint5b_energy,graph_c_context_observation,GraphCContext+S5F2_energy,test,276,3300,,1,0.8177468180656433
gcn_graph_c_sprint5b_energy,graph_c_context_observation,GraphCContext+S5F2_energy,test,277,3300,,1,0.7988835573196411
gcn_graph_c_sprint5b_energy,graph_c_context_observation,GraphCContext+S5F2_energy,test,278,3300,,1,0.6397950649261475
gcn_graph_c_sprint5b_energy,graph_c_context_observation,GraphCContext+S5F2_energy,test,279,3300,,1,0.5451392531394958
gcn_graph_c_sprint5b_energy,graph_c_context_observation,GraphCContext+S5F2_energy,test,280,3300,,1,0.5004323124885559
gcn_graph_c_sprint5b_energy,graph_c_context_observation,GraphCContext+S5F2_energy,test,281,3300,,1,0.6110617518424988
gcn_graph_c_sprint5b_energy,graph_c_context_observation,GraphCContext+S5F2_energy,test,282,3300,,1,0.6253725290298462
gcn_graph_c_sprint5b_energy,graph_c_context_observation,GraphCContext+S5F2_energy,test,283,3300,,1,0.679093599319458
gcn_graph_c_sprint5b_energy,graph_c_context_observation,GraphCContext+S5F2_energy,test,284,3300,,1,0.6286916136741638
gcn_graph_c_sprint5b_energy,graph_c_context_observation,GraphCContext+S5F2_energy,test,285,3300,,1,0.6590375900268555
gcn_graph_c_sprint5b_energy,graph_c_context_observation,GraphCContext+S5F2_energy,test,286,3300,,1,0.5997676253318787
gcn_graph_c_sprint5b_energy,graph_c_context_observation,GraphCContext+S5F2_energy,test,287,3300,,1,0.3479244112968445
gcn_graph_c_sprint5b_energy,graph_c_context_observation,GraphCContext+S5F2_energy,test,288,3300,,1,0.5465244650840759
gcn_graph_c_sprint5b_energy,graph_c_context_observation,GraphCContext+S5F2_energy,test,289,3300,,1,0.7275473475456238
gcn_graph_c_sprint5b_energy,graph_c_context_observation,GraphCContext+S5F2_energy,test,290,3300,,1,0.5326203107833862
gcn_graph_c_sprint5b_energy,graph_c_context_observation,GraphCContext+S5F2_energy,test,291,3300,,1,0.824068009853363
gcn_graph_c_sprint5b_energy,graph_c_context_observation,GraphCContext+S5F2_energy,test,292,3300,,1,0.6688417792320251
gcn_graph_c_sprint5b_energy,graph_c_context_observation,GraphCContext+S5F2_energy,test,293,3300,,1,0.5119905471801758
gcn_graph_c_sprint5b_energy,graph_c_context_observation,GraphCContext+S5F2_energy,test,294,3300,,1,0.6278220415115356
gcn_graph_c_sprint5b_energy,graph_c_context_observation,GraphCContext+S5F2_energy,test,295,3300,,1,0.8830976486206055
gcn_graph_c_sprint5b_energy,graph_c_context_observation,GraphCContext+S5F2_energy,test,296,3300,,1,0.8172516226768494
gcn_graph_c_sprint5b_energy,graph_c_context_observation,GraphCContext+S5F2_energy,test,297,3300,,1,0.6354060769081116
gcn_graph_c_sprint5b_energy,graph_c_context_observation,GraphCContext+S5F2_energy,test,298,3300,,1,0.5051087141036987
gcn_graph_c_sprint5b_energy,graph_c_context_observation,GraphCContext+S5F2_energy,test,299,3300,,1,0.7800913453102112
gcn_graph_c_sprint5b_energy,graph_c_context_observation,GraphCContext+S5F2_energy,test,300,3300,,1,0.8257651329040527
gcn_graph_c_sprint5b_energy,graph_c_context_observation,GraphCContext+S5F2_energy,test,301,3300,,1,0.7578507661819458
gcn_graph_c_sprint5b_energy,graph_c_context_observation,GraphCContext+S5F2_energy,test,302,3300,,1,0.6698302030563354
gcn_graph_c_sprint5b_energy,graph_c_context_observation,GraphCContext+S5F2_energy,test,303,3300,,1,0.5936822295188904
gcn_graph_c_sprint5b_energy,graph_c_context_observation,GraphCContext+S5F2_energy,test,304,3300,,1,0.498186856508255
gcn_graph_c_sprint5b_energy,graph_c_context_observation,GraphCContext+S5F2_energy,test,305,3300,,1,0.644029438495636
gcn_graph_c_sprint5b_energy,graph_c_context_observation,GraphCContext+S5F2_energy,test,306,3300,,1,0.7533347010612488
gcn_graph_c_sprint5b_energy,graph_c_context_observation,GraphCContext+S5F2_energy,test,307,3300,,1,0.7760046124458313
gcn_graph_c_sprint5b_energy,graph_c_context_observation,GraphCContext+S5F2_energy,test,308,3300,,1,0.4266548156738281
gcn_graph_c_sprint5b_energy,graph_c_context_observation,GraphCContext+S5F2_energy,test,309,3300,,1,0.8777621388435364
gcn_graph_c_sprint5b_energy,graph_c_context_observation,GraphCContext+S5F2_energy,test,310,3300,,1,0.3699307143688202
gcn_graph_c_sprint5b_energy,graph_c_context_observation,GraphCContext+S5F2_energy,test,311,3300,,1,0.6778475642204285
gcn_graph_c_sprint5b_energy,graph_c_context_observation,GraphCContext+S5F2_energy,test,312,3300,,1,0.6725069880485535
gcn_graph_c_sprint5b_energy,graph_c_context_observation,GraphCContext+S5F2_energy,test,313,3300,,1,0.7286183834075928
gcn_graph_c_sprint5b_energy,graph_c_context_observation,GraphCContext+S5F2_energy,test,314,3300,,1,0.38676607608795166
gcn_graph_c_sprint5b_energy,graph_c_context_observation,GraphCContext+S5F2_energy,test,315,3300,,1,0.9497069716453552
gcn_graph_c_sprint5b_energy,graph_c_context_observation,GraphCContext+S5F2_energy,test,316,3300,,1,0.7038382291793823
gcn_graph_c_sprint5b_energy,graph_c_context_observation,GraphCContext+S5F2_energy,test,317,3300,,1,0.4432869553565979
gcn_graph_c_sprint5b_energy,graph_c_context_observation,GraphCContext+S5F2_energy,test,318,3300,,1,0.7291904091835022
gcn_graph_c_sprint5b_energy,graph_c_context_observation,GraphCContext+S5F2_energy,test,319,3300,,1,0.6249151229858398
gcn_graph_c_sprint5b_energy,graph_c_context_observation,GraphCContext+S5F2_energy,test,320,3300,,1,0.760103702545166
gcn_graph_c_sprint5b_energy,graph_c_context_observation,GraphCContext+S5F2_energy,test,321,3300,,1,0.6656490564346313
gcn_graph_c_sprint5b_energy,graph_c_context_observation,GraphCContext+S5F2_energy,test,322,3420,,1,0.9064880013465881
gcn_graph_c_sprint5b_energy,graph_c_context_observation,GraphCContext+S5F2_energy,test,323,3420,,1,0.3848072290420532
gcn_graph_c_sprint5b_energy,graph_c_context_observation,GraphCContext+S5F2_energy,test,324,3420,,1,0.25097182393074036
gcn_graph_c_sprint5b_energy,graph_c_context_observation,GraphCContext+S5F2_energy,test,325,3420,,1,0.227060467004776
gcn_graph_c_sprint5b_energy,graph_c_context_observation,GraphCContext+S5F2_energy,test,326,3420,,1,0.32892295718193054
gcn_graph_c_sprint5b_energy,graph_c_context_observation,GraphCContext+S5F2_energy,test,327,3420,,1,0.3275904655456543
gcn_graph_c_sprint5b_energy,graph_c_context_observation,GraphCContext+S5F2_energy,test,328,3420,,1,0.1531805545091629
gcn_graph_c_sprint5b_energy,graph_c_context_observation,GraphCContext+S5F2_energy,test,329,3420,,1,0.2945704460144043
gcn_graph_c_sprint5b_energy,graph_c_context_observation,GraphCContext+S5F2_energy,test,330,3420,,1,0.32592126727104187
gcn_graph_c_sprint5b_energy,graph_c_context_observation,GraphCContext+S5F2_energy,test,331,3420,,1,0.33600935339927673
gcn_graph_c_sprint5b_energy,graph_c_context_observation,GraphCContext+S5F2_energy,test,332,3420,,1,0.38909217715263367
gcn_graph_c_sprint5b_energy,graph_c_context_observation,GraphCContext+S5F2_energy,test,333,3420,,1,0.31397655606269836
gcn_graph_c_sprint5b_energy,graph_c_context_observation,GraphCContext+S5F2_energy,test,334,3420,,1,0.21326906979084015
gcn_graph_c_sprint5b_energy,graph_c_context_observation,GraphCContext+S5F2_energy,test,335,3420,,1,0.33574315905570984
gcn_graph_c_sprint5b_energy,graph_c_context_observation,GraphCContext+S5F2_energy,test,336,3420,,1,0.3137468099594116
gcn_graph_c_sprint5b_energy,graph_c_context_observation,GraphCContext+S5F2_energy,test,337,3420,,1,0.22849971055984497
gcn_graph_c_sprint5b_energy,graph_c_context_observation,GraphCContext+S5F2_energy,test,338,3420,,1,0.3335331380367279
gcn_graph_c_sprint5b_energy,graph_c_context_observation,GraphCContext+S5F2_energy,test,339,3420,,1,0.43358442187309265
gcn_graph_c_sprint5b_energy,graph_c_context_observation,GraphCContext+S5F2_energy,test,340,3420,,1,0.7254041433334351
gcn_graph_c_sprint5b_energy,graph_c_context_observation,GraphCContext+S5F2_energy,test,341,3420,,1,0.25179749727249146
gcn_graph_c_sprint5b_energy,graph_c_context_observation,GraphCContext+S5F2_energy,test,342,3420,,1,0.31858715415000916
gcn_graph_c_sprint5b_energy,graph_c_context_observation,GraphCContext+S5F2_energy,test,343,3420,,1,0.17563395202159882
gcn_graph_c_sprint5b_energy,graph_c_context_observation,GraphCContext+S5F2_energy,test,344,3420,,1,0.2086712121963501
gcn_graph_c_sprint5b_energy,graph_c_context_observation,GraphCContext+S5F2_energy,test,345,3420,,1,0.464300274848938
gcn_graph_c_sprint5b_energy,graph_c_context_observation,GraphCContext+S5F2_energy,test,346,3420,,1,0.3638683557510376
gcn_graph_c_sprint5b_energy,graph_c_context_observation,GraphCContext+S5F2_energy,test,347,3420,,1,0.1833593100309372
gcn_graph_c_sprint5b_energy,graph_c_context_observation,GraphCContext+S5F2_energy,test,348,3420,,1,0.24601434171199799
gcn_graph_c_sprint5b_energy,graph_c_context_observation,GraphCContext+S5F2_energy,test,349,3420,,1,0.5256460905075073
gcn_graph_c_sprint5b_energy,graph_c_context_observation,GraphCContext+S5F2_energy,test,350,3420,,1,0.44522905349731445
gcn_graph_c_sprint5b_energy,graph_c_context_observation,GraphCContext+S5F2_energy,test,351,3420,,1,0.2540682554244995
gcn_graph_c_sprint5b_energy,graph_c_context_observation,GraphCContext+S5F2_energy,test,352,3420,,1,0.3068069517612457
gcn_graph_c_sprint5b_energy,graph_c_context_observation,GraphCContext+S5F2_energy,test,353,3420,,1,0.3611089885234833
gcn_graph_c_sprint5b_energy,graph_c_context_observation,GraphCContext+S5F2_energy,test,354,3420,,1,0.27652233839035034
gcn_graph_c_sprint5b_energy,graph_c_context_observation,GraphCContext+S5F2_energy,test,355,3420,,1,0.5985804200172424
gcn_graph_c_sprint5b_energy,graph_c_context_observation,GraphCContext+S5F2_energy,test,356,3420,,1,0.26790517568588257
gcn_graph_c_sprint5b_energy,graph_c_context_observation,GraphCContext+S5F2_energy,test,357,3420,,1,0.2332906872034073
gcn_graph_c_sprint5b_energy,graph_c_context_observation,GraphCContext+S5F2_energy,test,358,3420,,1,0.6261951327323914
gcn_graph_c_sprint5b_energy,graph_c_context_observation,GraphCContext+S5F2_energy,test,359,3420,,1,0.33581146597862244
gcn_graph_c_sprint5b_energy,graph_c_context_observation,GraphCContext+S5F2_energy,test,360,3420,,1,0.2952340245246887
gcn_graph_c_sprint5b_energy,graph_c_context_observation,GraphCContext+S5F2_energy,test,361,3420,,1,0.22765246033668518
gcn_graph_c_sprint5b_energy,graph_c_context_observation,GraphCContext+S5F2_energy,test,362,3420,,1,0.40893682837486267
gcn_graph_c_sprint5b_energy,graph_c_context_observation,GraphCContext+S5F2_energy,test,363,3420,,1,0.17757506668567657
gcn_graph_c_sprint5b_energy,graph_c_context_observation,GraphCContext+S5F2_energy,test,364,3420,,1,0.3240320682525635
gcn_graph_c_sprint5b_energy,graph_c_context_observation,GraphCContext+S5F2_energy,test,365,3420,,1,0.3286411464214325
gcn_graph_c_sprint5b_energy,graph_c_context_observation,GraphCContext+S5F2_energy,test,366,3420,,1,0.2588880658149719
gcn_graph_c_sprint5b_energy,graph_c_context_observation,GraphCContext+S5F2_energy,test,367,3420,,1,0.16104689240455627
gcn_graph_c_sprint5b_energy,graph_c_context_observation,GraphCContext+S5F2_energy,test,368,3420,,1,0.32481929659843445
gcn_graph_c_sprint5b_energy,graph_c_context_observation,GraphCContext+S5F2_energy,test,369,3420,,1,0.25911736488342285
gcn_graph_c_sprint5b_energy,graph_c_context_observation,GraphCContext+S5F2_energy,test,370,3420,,1,0.17197361588478088
gcn_graph_c_sprint5b_energy,graph_c_context_observation,GraphCContext+S5F2_energy,test,371,3420,,1,0.3429366946220398
gcn_graph_c_sprint5b_energy,graph_c_context_observation,GraphCContext+S5F2_energy,test,372,3420,,1,0.5272000432014465
gcn_graph_c_sprint5b_energy,graph_c_context_observation,GraphCContext+S5F2_energy,test,373,3420,,1,0.2625519335269928
gcn_graph_c_sprint5b_energy,graph_c_context_observation,GraphCContext+S5F2_energy,test,374,3420,,1,0.348489910364151
gcn_graph_c_sprint5b_energy,graph_c_context_observation,GraphCContext+S5F2_energy,test,375,3420,,1,0.21909569203853607
gcn_graph_c_sprint5b_energy,graph_c_context_observation,GraphCContext+S5F2_energy,test,376,3420,,1,0.30406612157821655
gcn_graph_c_sprint5b_energy,graph_c_context_observation,GraphCContext+S5F2_energy,test,377,3420,,1,0.4286591708660126
gcn_graph_c_sprint5b_energy,graph_c_context_observation,GraphCContext+S5F2_energy,test,378,3420,,1,0.24022217094898224
gcn_graph_c_sprint5b_energy,graph_c_context_observation,GraphCContext+S5F2_energy,test,379,3420,,1,0.24798999726772308
gcn_graph_c_sprint5b_energy,graph_c_context_observation,GraphCContext+S5F2_energy,test,380,3420,,1,0.19341926276683807
gcn_graph_c_sprint5b_energy,graph_c_context_observation,GraphCContext+S5F2_energy,test,381,3420,,1,0.16992168128490448
gcn_graph_c_sprint5b_energy,graph_c_context_observation,GraphCContext+S5F2_energy,test,382,3420,,1,0.3070122003555298
gcn_graph_c_sprint5b_energy,graph_c_context_observation,GraphCContext+S5F2_energy,test,383,3420,,1,0.20869089663028717
gcn_graph_c_sprint5b_energy,graph_c_context_observation,GraphCContext+S5F2_energy,test,384,3420,,1,0.24278366565704346
gcn_graph_c_sprint5b_energy,graph_c_context_observation,GraphCContext+S5F2_energy,test,385,3420,,1,0.24353958666324615
gcn_graph_c_sprint5b_energy,graph_c_context_observation,GraphCContext+S5F2_energy,test,386,3420,,1,0.2096351981163025
gcn_graph_c_sprint5b_energy,graph_c_context_observation,GraphCContext+S5F2_energy,test,387,3420,,1,0.38829872012138367
gcn_graph_c_sprint5b_energy,graph_c_context_observation,GraphCContext+S5F2_energy,test,388,3420,,1,0.3547963798046112
gcn_graph_c_sprint5b_energy,graph_c_context_observation,GraphCContext+S5F2_energy,test,389,3420,,1,0.1975499391555786
gcn_graph_c_sprint5b_energy,graph_c_context_observation,GraphCContext+S5F2_energy,test,390,3420,,1,0.3689079284667969
gcn_graph_c_sprint5b_energy,graph_c_context_observation,GraphCContext+S5F2_energy,test,391,3420,,1,0.18026332557201385
gcn_graph_c_sprint5b_energy,graph_c_context_observation,GraphCContext+S5F2_energy,test,392,3420,,1,0.44105955958366394
gcn_graph_c_sprint5b_energy,graph_c_context_observation,GraphCContext+S5F2_energy,test,393,3420,,1,0.23069842159748077
gcn_graph_c_sprint5b_energy,graph_c_context_observation,GraphCContext+S5F2_energy,test,394,3420,,1,0.3406982123851776
gcn_graph_c_sprint5b_energy,graph_c_context_observation,GraphCContext+S5F2_energy,test,395,3420,,1,0.35327959060668945
gcn_graph_c_sprint5b_energy,graph_c_context_observation,GraphCContext+S5F2_energy,test,396,3420,,1,0.3252895176410675
gcn_graph_c_sprint5b_energy,graph_c_context_observation,GraphCContext+S5F2_energy,test,397,3420,,1,0.3152517080307007
gcn_graph_c_sprint5b_energy,graph_c_context_observation,GraphCContext+S5F2_energy,test,398,3420,,1,0.12371766567230225
gcn_graph_c_sprint5b_energy,graph_c_context_observation,GraphCContext+S5F2_energy,test,399,3420,,1,0.2570047378540039
gcn_graph_c_sprint5b_energy,graph_c_context_observation,GraphCContext+S5F2_energy,test,400,3420,,1,0.24783189594745636
gcn_graph_c_sprint5b_energy,graph_c_context_observation,GraphCContext+S5F2_energy,test,401,3420,,1,0.36528080701828003
gcn_graph_c_sprint5b_energy,graph_c_context_observation,GraphCContext+S5F2_energy,test,402,3420,,1,0.18435253202915192
gcn_graph_c_sprint5b_energy,graph_c_context_observation,GraphCContext+S5F2_energy,test,403,3420,,1,0.6024442911148071
gcn_graph_c_sprint5b_energy,graph_c_context_observation,GraphCContext+S5F2_energy,test,404,3420,,1,0.43191108107566833
gcn_graph_c_sprint5b_energy,graph_c_context_observation,GraphCContext+S5F2_energy,test,405,3420,,1,0.3194393515586853
gcn_graph_c_sprint5b_energy,graph_c_context_observation,GraphCContext+S5F2_energy,test,406,3420,,1,0.2029884308576584
gcn_graph_c_sprint5b_energy,graph_c_context_observation,GraphCContext+S5F2_energy,test,407,3420,,1,0.32848650217056274
gcn_graph_c_sprint5b_energy,graph_c_context_observation,GraphCContext+S5F2_energy,test,408,3420,,1,0.17667803168296814
gcn_graph_c_sprint5b_energy,graph_c_context_observation,GraphCContext+S5F2_energy,test,409,3420,,1,0.386104553937912
gcn_graph_c_sprint5b_energy,graph_c_context_observation,GraphCContext+S5F2_energy,test,410,3420,,1,0.17602244019508362
gcn_graph_c_sprint5b_energy,graph_c_context_observation,GraphCContext+S5F2_energy,test,411,3420,,1,0.28996795415878296
gcn_graph_c_sprint5b_energy,graph_c_context_observation,GraphCContext+S5F2_energy,test,412,3420,,1,0.20877671241760254
gcn_graph_c_sprint5b_energy,graph_c_context_observation,GraphCContext+S5F2_energy,test,413,3420,,1,0.3678781986236572
gcn_graph_c_sprint5b_energy,graph_c_context_observation,GraphCContext+S5F2_energy,test,414,3420,,1,0.3008137047290802
gcn_graph_c_sprint5b_energy,graph_c_context_observation,GraphCContext+S5F2_energy,test,415,3420,,1,0.38113632798194885
gcn_graph_c_sprint5b_energy,graph_c_context_observation,GraphCContext+S5F2_energy,test,416,3420,,1,0.46058526635169983
gcn_graph_c_sprint5b_energy,graph_c_context_observation,GraphCContext+S5F2_energy,test,417,3420,,1,0.1685931384563446
gcn_graph_c_sprint5b_energy,graph_c_context_observation,GraphCContext+S5F2_energy,test,418,3420,,1,0.28845661878585815
gcn_graph_c_sprint5b_energy,graph_c_context_observation,GraphCContext+S5F2_energy,test,419,3420,,1,0.5846206545829773
gcn_graph_c_sprint5b_energy,graph_c_context_observation,GraphCContext+S5F2_energy,test,420,3420,,1,0.14746485650539398
gcn_graph_c_sprint5b_energy,graph_c_context_observation,GraphCContext+S5F2_energy,test,421,3420,,1,0.44251713156700134
gcn_graph_c_sprint5b_energy,graph_c_context_observation,GraphCContext+S5F2_energy,test,422,3420,,1,0.47924700379371643
gcn_graph_c_sprint5b_energy,graph_c_context_observation,GraphCContext+S5F2_energy,test,423,3420,,1,0.23723331093788147
gcn_graph_c_sprint5b_energy,graph_c_context_observation,GraphCContext+S5F2_energy,test,424,3420,,1,0.2572428584098816
gcn_graph_c_sprint5b_energy,graph_c_context_observation,GraphCContext+S5F2_energy,test,425,3420,,1,0.17732106149196625
gcn_graph_c_sprint5b_energy,graph_c_context_observation,GraphCContext+S5F2_energy,test,426,3420,,1,0.18300040066242218
gcn_graph_c_sprint5b_energy,graph_c_context_observation,GraphCContext+S5F2_energy,test,427,3420,,1,0.2915745973587036
gcn_graph_c_sprint5b_energy,graph_c_context_observation,GraphCContext+S5F2_energy,test,428,3420,,1,0.24950744211673737
gcn_graph_c_sprint5b_energy,graph_c_context_observation,GraphCContext+S5F2_energy,test,429,3420,,1,0.16766828298568726
gcn_graph_c_sprint5b_energy,graph_c_context_observation,GraphCContext+S5F2_energy,test,430,3420,,1,0.2644834816455841
gcn_graph_c_sprint5b_energy,graph_c_context_observation,GraphCContext+S5F2_energy,test,431,3420,,1,0.16363786160945892
gcn_graph_c_sprint5b_energy,graph_c_context_observation,GraphCContext+S5F2_energy,test,432,3420,,1,0.30170920491218567
gcn_graph_c_sprint5b_energy,graph_c_context_observation,GraphCContext+S5F2_energy,test,433,3420,,1,0.448777973651886
gcn_graph_c_sprint5b_energy,graph_c_context_observation,GraphCContext+S5F2_energy,test,434,3420,,1,0.18018047511577606
gcn_graph_c_sprint5b_energy,graph_c_context_observation,GraphCContext+S5F2_energy,test,435,3420,,1,0.25384244322776794
gcn_graph_c_sprint5b_energy,graph_c_context_observation,GraphCContext+S5F2_energy,test,436,3420,,1,0.20958936214447021
gcn_graph_c_sprint5b_energy,graph_c_context_observation,GraphCContext+S5F2_energy,test,437,3420,,1,0.5051730871200562
gcn_graph_c_sprint5b_energy,graph_c_context_observation,GraphCContext+S5F2_energy,test,438,3420,,1,0.1913970410823822
gcn_graph_c_sprint5b_energy,graph_c_context_observation,GraphCContext+S5F2_energy,test,439,3420,,1,0.2874643802642822
gcn_graph_c_sprint5b_energy,graph_c_context_observation,GraphCContext+S5F2_energy,test,440,3420,,1,0.20600128173828125
gcn_graph_c_sprint5b_energy,graph_c_context_observation,GraphCContext+S5F2_energy,test,441,3420,,1,0.23834964632987976
gcn_graph_c_sprint5b_energy,graph_c_context_observation,GraphCContext+S5F2_energy,test,442,3420,,1,0.23473131656646729
gcn_graph_c_sprint5b_energy,graph_c_context_observation,GraphCContext+S5F2_energy,test,443,3420,,1,0.2641160488128662
gcn_graph_c_sprint5b_energy,graph_c_context_observation,GraphCContext+S5F2_energy,test,444,3420,,1,0.18851767480373383
gcn_graph_c_sprint5b_energy,graph_c_context_observation,GraphCContext+S5F2_energy,test,445,3420,,1,0.2831916809082031
gcn_graph_c_sprint5b_energy,graph_c_context_observation,GraphCContext+S5F2_energy,test,446,3420,,1,0.2371235489845276
gcn_graph_c_sprint5b_energy,graph_c_context_observation,GraphCContext+S5F2_energy,test,447,3420,,1,0.30101150274276733
gcn_graph_c_sprint5b_energy,graph_c_context_observation,GraphCContext+S5F2_energy,test,448,3420,,1,0.21517512202262878
gcn_graph_c_sprint5b_energy,graph_c_context_observation,GraphCContext+S5F2_energy,test,449,3420,,1,0.28897568583488464
gcn_graph_c_sprint5b_energy,graph_c_context_observation,GraphCContext+S5F2_energy,test,450,3420,,1,0.21454696357250214
gcn_graph_c_sprint5b_energy,graph_c_context_observation,GraphCContext+S5F2_energy,test,451,3420,,1,0.5377361178398132
gcn_graph_c_sprint5b_energy,graph_c_context_observation,GraphCContext+S5F2_energy,test,452,3420,,1,0.21010969579219818
gcn_graph_c_sprint5b_energy,graph_c_context_observation,GraphCContext+S5F2_energy,test,453,3420,,1,0.31211555004119873
gcn_graph_c_sprint5b_energy,graph_c_context_observation,GraphCContext+S5F2_energy,test,454,3420,,1,0.15661804378032684
gcn_graph_c_sprint5b_energy,graph_c_context_observation,GraphCContext+S5F2_energy,test,455,3420,,1,0.469546914100647
gcn_graph_c_sprint5b_energy,graph_c_context_observation,GraphCContext+S5F2_energy,test,456,3420,,1,0.19578708708286285
gcn_graph_c_sprint5b_energy,graph_c_context_observation,GraphCContext+S5F2_energy,test,457,3420,,1,0.3100011348724365
gcn_graph_c_sprint5b_energy,graph_c_context_observation,GraphCContext+S5F2_energy,test,458,3420,,1,0.17346890270709991
gcn_graph_c_sprint5b_energy,graph_c_context_observation,GraphCContext+S5F2_energy,test,459,3420,,1,0.3982967436313629
gcn_graph_c_sprint5b_energy,graph_c_context_observation,GraphCContext+S5F2_energy,test,460,3420,,1,0.45307600498199463
gcn_graph_c_sprint5b_energy,graph_c_context_observation,GraphCContext+S5F2_energy,test,461,3420,,1,0.17715109884738922
gcn_graph_c_sprint5b_energy,graph_c_context_observation,GraphCContext+S5F2_energy,test,462,3420,,1,0.33747708797454834
gcn_graph_c_sprint5b_energy,graph_c_context_observation,GraphCContext+S5F2_energy,test,463,3420,,1,0.3218078017234802
gcn_graph_c_sprint5b_energy,graph_c_context_observation,GraphCContext+S5F2_energy,test,464,3420,,1,0.2270105630159378
gcn_graph_c_sprint5b_energy,graph_c_context_observation,GraphCContext+S5F2_energy,test,465,3420,,1,0.5424743294715881
gcn_graph_c_sprint5b_energy,graph_c_context_observation,GraphCContext+S5F2_energy,test,466,3420,,1,0.2583514153957367
gcn_graph_c_sprint5b_energy,graph_c_context_observation,GraphCContext+S5F2_energy,test,467,3420,,1,0.3902064263820648
gcn_graph_c_sprint5b_energy,graph_c_context_observation,GraphCContext+S5F2_energy,test,468,3420,,1,0.24793924391269684
gcn_graph_c_sprint5b_energy,graph_c_context_observation,GraphCContext+S5F2_energy,test,469,3420,,1,0.22027871012687683
gcn_graph_c_sprint5b_energy,graph_c_context_observation,GraphCContext+S5F2_energy,test,470,3420,,1,0.517549455165863
gcn_graph_c_sprint5b_energy,graph_c_context_observation,GraphCContext+S5F2_energy,test,471,3420,,1,0.4529699683189392
gcn_graph_c_sprint5b_energy,graph_c_context_observation,GraphCContext+S5F2_energy,test,472,3420,,1,0.26817062497138977
gcn_graph_c_sprint5b_energy,graph_c_context_observation,GraphCContext+S5F2_energy,test,473,3420,,1,0.21742132306098938
gcn_graph_c_sprint5b_energy,graph_c_context_observation,GraphCContext+S5F2_energy,test,474,3420,,1,0.2550595700740814
gcn_graph_c_sprint5b_energy,graph_c_context_observation,GraphCContext+S5F2_energy,test,475,3420,,1,0.1934526562690735
gcn_graph_c_sprint5b_energy,graph_c_context_observation,GraphCContext+S5F2_energy,test,476,3420,,1,0.4250960946083069
gcn_graph_c_sprint5b_energy,graph_c_context_observation,GraphCContext+S5F2_energy,test,477,3420,,1,0.30523431301116943
gcn_graph_c_sprint5b_energy,graph_c_context_observation,GraphCContext+S5F2_energy,test,478,3420,,1,0.2816554307937622
gcn_graph_c_sprint5b_energy,graph_c_context_observation,GraphCContext+S5F2_energy,test,479,3420,,1,0.1678425669670105
gcn_graph_c_sprint5b_energy,graph_c_context_observation,GraphCContext+S5F2_energy,test,480,3420,,1,0.43303248286247253
gcn_graph_c_sprint5b_energy,graph_c_context_observation,GraphCContext+S5F2_energy,test,481,3420,,1,0.22679489850997925
gcn_graph_c_sprint5b_energy,graph_c_context_observation,GraphCContext+S5F2_energy,test,482,3420,,1,0.4388555586338043
gcn_graph_c_sprint5b_energy,graph_c_context_observation,GraphCContext+S5F2_energy,test,483,3420,,1,0.5687976479530334
gcn_graph_c_sprint5b_energy,graph_c_context_observation,GraphCContext+S5F2_energy,test,484,3420,,1,0.19645190238952637
gcn_graph_c_sprint5b_energy,graph_c_context_observation,GraphCContext+S5F2_energy,test,485,3420,,1,0.2617134749889374
gcn_graph_c_sprint5b_energy,graph_c_context_observation,GraphCContext+S5F2_energy,test,486,3420,,1,0.3732685446739197
gcn_graph_c_sprint5b_energy,graph_c_context_observation,GraphCContext+S5F2_energy,test,487,3420,,1,0.14467278122901917
gcn_graph_c_sprint5b_energy,graph_c_context_observation,GraphCContext+S5F2_energy,test,488,3420,,1,0.42737677693367004
gcn_graph_c_sprint5b_energy,graph_c_context_observation,GraphCContext+S5F2_energy,test,489,3420,,1,0.20825131237506866
gcn_graph_c_sprint5b_energy,graph_c_context_observation,GraphCContext+S5F2_energy,test,490,3420,,1,0.2388639897108078
gcn_graph_c_sprint5b_energy,graph_c_context_observation,GraphCContext+S5F2_energy,test,491,3420,,1,0.1913638859987259
gcn_graph_c_sprint5b_energy,graph_c_context_observation,GraphCContext+S5F2_energy,test,492,3420,,1,0.3213675022125244
gcn_graph_c_sprint5b_energy,graph_c_context_observation,GraphCContext+S5F2_energy,test,493,3420,,1,0.3001272678375244
gcn_graph_c_sprint5b_energy,graph_c_context_observation,GraphCContext+S5F2_energy,test,494,3420,,1,0.21863196790218353
gcn_graph_c_sprint5b_energy,graph_c_context_observation,GraphCContext+S5F2_energy,test,495,3420,,1,0.22393426299095154
gcn_graph_c_sprint5b_energy,graph_c_context_observation,GraphCContext+S5F2_energy,test,496,3420,,1,0.32437077164649963
gcn_graph_c_sprint5b_energy,graph_c_context_observation,GraphCContext+S5F2_energy,test,497,3420,,1,0.3062068521976471
gcn_graph_c_sprint5b_energy,graph_c_context_observation,GraphCContext+S5F2_energy,test,498,3420,,1,0.2229168713092804
gcn_graph_c_sprint5b_energy,graph_c_context_observation,GraphCContext+S5F2_energy,test,499,3420,,1,0.2683655619621277
gcn_graph_c_sprint5b_energy,graph_c_context_observation,GraphCContext+S5F2_energy,test,500,3420,,1,0.25957927107810974
gcn_graph_c_sprint5b_energy,graph_c_context_observation,GraphCContext+S5F2_energy,test,501,3420,,1,0.2089555263519287
gcn_graph_c_sprint5b_energy,graph_c_context_observation,GraphCContext+S5F2_energy,test,502,3420,,1,0.3538639545440674
gcn_graph_c_sprint5b_energy,graph_c_context_observation,GraphCContext+S5F2_energy,test,503,3420,,1,0.27700144052505493
gcn_graph_c_sprint5b_energy,graph_c_context_observation,GraphCContext+S5F2_energy,test,504,3420,,1,0.14738903939723969
gcn_graph_c_sprint5b_energy,graph_c_context_observation,GraphCContext+S5F2_energy,test,505,3420,,1,0.28022927045822144
gcn_graph_c_sprint5b_energy,graph_c_context_observation,GraphCContext+S5F2_energy,test,506,3420,,1,0.22235652804374695
gcn_graph_c_sprint5b_energy,graph_c_context_observation,GraphCContext+S5F2_energy,test,507,3420,,1,0.33066326379776
gcn_graph_c_sprint5b_energy,graph_c_context_observation,GraphCContext+S5F2_energy,test,508,3420,,1,0.1572452038526535
gcn_graph_c_sprint5b_energy,graph_c_context_observation,GraphCContext+S5F2_energy,test,509,3420,,1,0.27994075417518616
gcn_graph_c_sprint5b_energy,graph_c_context_observation,GraphCContext+S5F2_energy,test,510,3420,,1,0.319967657327652
gcn_graph_c_sprint5b_energy,graph_c_context_observation,GraphCContext+S5F2_energy,test,511,3420,,1,0.30742892622947693
gcn_graph_c_sprint5b_energy,graph_c_context_observation,GraphCContext+S5F2_energy,test,512,3420,,1,0.16397114098072052
gcn_graph_c_sprint5b_energy,graph_c_context_observation,GraphCContext+S5F2_energy,test,513,3420,,1,0.3667183816432953
gcn_graph_c_sprint5b_energy,graph_c_context_observation,GraphCContext+S5F2_energy,test,514,3420,,1,0.32985758781433105
gcn_graph_c_sprint5b_energy,graph_c_context_observation,GraphCContext+S5F2_energy,test,515,3420,,1,0.29294341802597046
gcn_graph_c_sprint5b_energy,graph_c_context_observation,GraphCContext+S5F2_energy,test,516,3420,,1,0.2581716477870941
gcn_graph_c_sprint5b_energy,graph_c_context_observation,GraphCContext+S5F2_energy,test,517,3420,,1,0.3942444920539856
gcn_graph_c_sprint5b_energy,graph_c_context_observation,GraphCContext+S5F2_energy,test,518,3420,,1,0.4016735255718231
gcn_graph_c_sprint5b_energy,graph_c_context_observation,GraphCContext+S5F2_energy,test,519,3420,,1,0.35577887296676636
gcn_graph_c_sprint5b_energy,graph_c_context_observation,GraphCContext+S5F2_energy,test,520,3420,,1,0.3268981873989105
gcn_graph_c_sprint5b_energy,graph_c_context_observation,GraphCContext+S5F2_energy,test,521,3420,,1,0.16058063507080078
gcn_graph_c_sprint5b_energy,graph_c_context_observation,GraphCContext+S5F2_energy,test,522,3420,,1,0.16380508244037628
gcn_graph_c_sprint5b_energy,graph_c_context_observation,GraphCContext+S5F2_energy,test,523,3420,,1,0.3864467144012451
gcn_graph_c_sprint5b_energy,graph_c_context_observation,GraphCContext+S5F2_energy,test,524,3420,,1,0.37395530939102173
gcn_graph_c_sprint5b_energy,graph_c_context_observation,GraphCContext+S5F2_energy,test,525,3420,,1,0.39690080285072327
gcn_graph_c_sprint5b_energy,graph_c_context_observation,GraphCContext+S5F2_energy,test,526,3420,,1,0.3359390199184418
gcn_graph_c_sprint5b_energy,graph_c_context_observation,GraphCContext+S5F2_energy,test,527,3420,,1,0.5490298271179199
gcn_graph_c_sprint5b_energy,graph_c_context_observation,GraphCContext+S5F2_energy,test,528,3420,,1,0.35603272914886475
gcn_graph_c_sprint5b_energy,graph_c_context_observation,GraphCContext+S5F2_energy,test,529,3420,,1,0.29677924513816833
gcn_graph_c_sprint5b_energy,graph_c_context_observation,GraphCContext+S5F2_energy,test,530,3420,,1,0.2666265070438385
gcn_graph_c_sprint5b_energy,graph_c_context_observation,GraphCContext+S5F2_energy,test,531,3420,,1,0.19395151734352112
gcn_graph_c_sprint5b_energy,graph_c_context_observation,GraphCContext+S5F2_energy,test,532,3420,,1,0.44913628697395325
gcn_graph_c_sprint5b_energy,graph_c_context_observation,GraphCContext+S5F2_energy,test,533,3420,,1,0.24545036256313324
gcn_graph_c_sprint5b_energy,graph_c_context_observation,GraphCContext+S5F2_energy,test,534,3420,,1,0.18813824653625488
gcn_graph_c_sprint5b_energy,graph_c_context_observation,GraphCContext+S5F2_energy,test,535,3420,,1,0.3878776431083679
gcn_graph_c_sprint5b_energy,graph_c_context_observation,GraphCContext+S5F2_energy,test,536,3420,,1,0.2977875769138336
gcn_graph_c_sprint5b_energy,graph_c_context_observation,GraphCContext+S5F2_energy,test,537,3420,,1,0.3470234274864197
gcn_graph_c_sprint5b_energy,graph_c_context_observation,GraphCContext+S5F2_energy,test,538,3420,,1,0.1997680366039276
gcn_graph_c_sprint5b_energy,graph_c_context_observation,GraphCContext+S5F2_energy,test,539,3420,,1,0.26165369153022766
gcn_graph_c_sprint5b_energy,graph_c_context_observation,GraphCContext+S5F2_energy,test,540,3420,,1,0.2533099949359894
gcn_graph_c_sprint5b_energy,graph_c_context_observation,GraphCContext+S5F2_energy,test,541,3420,,1,0.21017096936702728
gcn_graph_c_sprint5b_energy,graph_c_context_observation,GraphCContext+S5F2_energy,test,542,3420,,1,0.2608233392238617
gcn_graph_c_sprint5b_energy,graph_c_context_observation,GraphCContext+S5F2_energy,test,543,3420,,1,0.40808796882629395
gcn_graph_c_sprint5b_energy,graph_c_context_observation,GraphCContext+S5F2_energy,test,544,3420,,1,0.23696498572826385
gcn_graph_c_sprint5b_energy,graph_c_context_observation,GraphCContext+S5F2_energy,test,545,3420,,1,0.37988707423210144
gcn_graph_c_sprint5b_energy,graph_c_context_observation,GraphCContext+S5F2_energy,test,546,3420,,1,0.3622998893260956
gcn_graph_c_sprint5b_energy,graph_c_context_observation,GraphCContext+S5F2_energy,test,547,3420,,1,0.23368056118488312
gcn_graph_c_sprint5b_energy,graph_c_context_observation,GraphCContext+S5F2_energy,test,548,3420,,1,0.2587467432022095
gcn_graph_c_sprint5b_energy,graph_c_context_observation,GraphCContext+S5F2_energy,test,549,3420,,1,0.19964288175106049
gcn_graph_c_sprint5b_energy,graph_c_context_observation,GraphCContext+S5F2_energy,test,550,3420,,1,0.3817325532436371
gcn_graph_c_sprint5b_energy,graph_c_context_observation,GraphCContext+S5F2_energy,test,551,3420,,1,0.2628720998764038
gcn_graph_c_sprint5b_energy,graph_c_context_observation,GraphCContext+S5F2_energy,test,552,3420,,1,0.2755846083164215
gcn_graph_c_sprint5b_energy,graph_c_context_observation,GraphCContext+S5F2_energy,test,553,3420,,1,0.2346794307231903
gcn_graph_c_sprint5b_energy,graph_c_context_observation,GraphCContext+S5F2_energy,test,554,3420,,1,0.3548671007156372
gcn_graph_c_sprint5b_energy,graph_c_context_observation,GraphCContext+S5F2_energy,test,555,3420,,1,0.3926396667957306
gcn_graph_c_sprint5b_energy,graph_c_context_observation,GraphCContext+S5F2_energy,test,556,3420,,1,0.29143622517585754
gcn_graph_c_sprint5b_energy,graph_c_context_observation,GraphCContext+S5F2_energy,test,557,3420,,1,0.17553137242794037
gcn_graph_c_sprint5b_energy,graph_c_context_observation,GraphCContext+S5F2_energy,test,558,3420,,1,0.4006497859954834
gcn_graph_c_sprint5b_energy,graph_c_context_observation,GraphCContext+S5F2_energy,test,559,3420,,1,0.3306419253349304
gcn_graph_c_sprint5b_energy,graph_c_context_observation,GraphCContext+S5F2_energy,test,560,3420,,1,0.3385290205478668
gcn_graph_c_sprint5b_energy,graph_c_context_observation,GraphCContext+S5F2_energy,test,561,3420,,1,0.18888291716575623
gcn_graph_c_sprint5b_energy,graph_c_context_observation,GraphCContext+S5F2_energy,test,562,3420,,1,0.252726286649704
gcn_graph_c_sprint5b_energy,graph_c_context_observation,GraphCContext+S5F2_energy,test,563,3420,,1,0.29540443420410156
gcn_graph_c_sprint5b_energy,graph_c_context_observation,GraphCContext+S5F2_energy,test,564,3420,,1,0.37552714347839355
gcn_graph_c_sprint5b_energy,graph_c_context_observation,GraphCContext+S5F2_energy,test,565,3420,,1,0.2255658060312271
gcn_graph_c_sprint5b_energy,graph_c_context_observation,GraphCContext+S5F2_energy,test,566,3420,,1,0.22627441585063934
gcn_graph_c_sprint5b_energy,graph_c_context_observation,GraphCContext+S5F2_energy,test,567,3420,,1,0.14908722043037415
gcn_graph_c_sprint5b_energy,graph_c_context_observation,GraphCContext+S5F2_energy,test,568,3420,,1,0.35099130868911743
gcn_graph_c_sprint5b_energy,graph_c_context_observation,GraphCContext+S5F2_energy,test,569,3420,,1,0.17211176455020905
gcn_graph_c_sprint5b_energy,graph_c_context_observation,GraphCContext+S5F2_energy,test,570,3420,,1,0.22470048069953918
gcn_graph_c_sprint5b_energy,graph_c_context_observation,GraphCContext+S5F2_energy,test,571,3420,,1,0.15877383947372437
gcn_graph_c_sprint5b_energy,graph_c_context_observation,GraphCContext+S5F2_energy,test,572,3420,,1,0.3441047668457031
gcn_graph_c_sprint5b_energy,graph_c_context_observation,GraphCContext+S5F2_energy,test,573,3420,,1,0.20984341204166412
gcn_graph_c_sprint5b_energy,graph_c_context_observation,GraphCContext+S5F2_energy,test,574,3420,,1,0.374663382768631
gcn_graph_c_sprint5b_energy,graph_c_context_observation,GraphCContext+S5F2_energy,test,575,3420,,1,0.4893101453781128
gcn_graph_c_sprint5b_energy,graph_c_context_observation,GraphCContext+S5F2_energy,test,576,3420,,1,0.15650956332683563
gcn_graph_c_sprint5b_energy,graph_c_context_observation,GraphCContext+S5F2_energy,test,577,3420,,1,0.28736093640327454
gcn_graph_c_sprint5b_energy,graph_c_context_observation,GraphCContext+S5F2_energy,test,578,3420,,1,0.18338946998119354
gcn_graph_c_sprint5b_energy,graph_c_context_observation,GraphCContext+S5F2_energy,test,579,3420,,1,0.3102010190486908
gcn_graph_c_sprint5b_energy,graph_c_context_observation,GraphCContext+S5F2_energy,test,580,3420,,1,0.16810080409049988
gcn_graph_c_sprint5b_energy,graph_c_context_observation,GraphCContext+S5F2_energy,test,581,3420,,1,0.26348191499710083
gcn_graph_c_sprint5b_energy,graph_c_context_observation,GraphCContext+S5F2_energy,test,582,3420,,1,0.26146626472473145
gcn_graph_c_sprint5b_energy,graph_c_context_observation,GraphCContext+S5F2_energy,test,583,3420,,1,0.19270536303520203
gcn_graph_c_sprint5b_energy,graph_c_context_observation,GraphCContext+S5F2_energy,test,584,3420,,1,0.3247932195663452
gcn_graph_c_sprint5b_energy,graph_c_context_observation,GraphCContext+S5F2_energy,test,585,3420,,1,0.26179370284080505
gcn_graph_c_sprint5b_energy,graph_c_context_observation,GraphCContext+S5F2_energy,test,586,3420,,1,0.19299998879432678
gcn_graph_c_sprint5b_energy,graph_c_context_observation,GraphCContext+S5F2_energy,test,587,3420,,1,0.23686820268630981
gcn_graph_c_sprint5b_energy,graph_c_context_observation,GraphCContext+S5F2_energy,test,588,3420,,1,0.41180816292762756
gcn_graph_c_sprint5b_energy,graph_c_context_observation,GraphCContext+S5F2_energy,test,589,3420,,1,0.19374795258045197
gcn_graph_c_sprint5b_energy,graph_c_context_observation,GraphCContext+S5F2_energy,test,590,3420,,1,0.3394542932510376
gcn_graph_c_sprint5b_energy,graph_c_context_observation,GraphCContext+S5F2_energy,test,591,3420,,1,0.1602807641029358
gcn_graph_c_sprint5b_energy,graph_c_context_observation,GraphCContext+S5F2_energy,test,592,3420,,1,0.2697070837020874
gcn_graph_c_sprint5b_energy,graph_c_context_observation,GraphCContext+S5F2_energy,test,593,3420,,1,0.28327977657318115
gcn_graph_c_sprint5b_energy,graph_c_context_observation,GraphCContext+S5F2_energy,test,594,3420,,1,0.3330169916152954
gcn_graph_c_sprint5b_energy,graph_c_context_observation,GraphCContext+S5F2_energy,test,595,3420,,1,0.3506985306739807
gcn_graph_c_sprint5b_energy,graph_c_context_observation,GraphCContext+S5F2_energy,test,596,3420,,1,0.22153165936470032
gcn_graph_c_sprint5b_energy,graph_c_context_observation,GraphCContext+S5F2_energy,test,597,3420,,1,0.2560935914516449
gcn_graph_c_sprint5b_energy,graph_c_context_observation,GraphCContext+S5F2_energy,test,598,3420,,1,0.31373289227485657
gcn_graph_c_sprint5b_energy,graph_c_context_observation,GraphCContext+S5F2_energy,test,599,3420,,1,0.2646743059158325
gcn_graph_c_sprint5b_energy,graph_c_context_observation,GraphCContext+S5F2_energy,test,600,3420,,1,0.3179168701171875
gcn_graph_c_sprint5b_energy,graph_c_context_observation,GraphCContext+S5F2_energy,test,601,3420,,1,0.1890869438648224
gcn_graph_c_sprint5b_energy,graph_c_context_observation,GraphCContext+S5F2_energy,test,602,3420,,1,0.3196229934692383
gcn_graph_c_sprint5b_energy,graph_c_context_observation,GraphCContext+S5F2_energy,test,603,3420,,1,0.1801811009645462
gcn_graph_c_sprint5b_energy,graph_c_context_observation,GraphCContext+S5F2_energy,test,604,3420,,1,0.2688976526260376
gcn_graph_c_sprint5b_energy,graph_c_context_observation,GraphCContext+S5F2_energy,test,605,3420,,1,0.5334882140159607
gcn_graph_c_sprint5b_energy,graph_c_context_observation,GraphCContext+S5F2_energy,test,606,3420,,1,0.2591909170150757
gcn_graph_c_sprint5b_energy,graph_c_context_observation,GraphCContext+S5F2_energy,test,607,3420,,1,0.39431044459342957
gcn_graph_c_sprint5b_energy,graph_c_context_observation,GraphCContext+S5F2_energy,test,608,3420,,1,0.18758217990398407
gcn_graph_c_sprint5b_energy,graph_c_context_observation,GraphCContext+S5F2_energy,test,609,3420,,1,0.22878676652908325
gcn_graph_c_sprint5b_energy,graph_c_context_observation,GraphCContext+S5F2_energy,test,610,3420,,1,0.3044123351573944
gcn_graph_c_sprint5b_energy,graph_c_context_observation,GraphCContext+S5F2_energy,test,611,3420,,1,0.16594745218753815
gcn_graph_c_sprint5b_energy,graph_c_context_observation,GraphCContext+S5F2_energy,test,612,3420,,1,0.3067436218261719
gcn_graph_c_sprint5b_energy,graph_c_context_observation,GraphCContext+S5F2_energy,test,613,3420,,1,0.4338160753250122
gcn_graph_c_sprint5b_energy,graph_c_context_observation,GraphCContext+S5F2_energy,test,614,3420,,1,0.16225136816501617
gcn_graph_c_sprint5b_energy,graph_c_context_observation,GraphCContext+S5F2_energy,test,615,3420,,1,0.3435024321079254
gcn_graph_c_sprint5b_energy,graph_c_context_observation,GraphCContext+S5F2_energy,test,616,3420,,1,0.382392942905426
gcn_graph_c_sprint5b_energy,graph_c_context_observation,GraphCContext+S5F2_energy,test,617,3420,,1,0.17770271003246307
gcn_graph_c_sprint5b_energy,graph_c_context_observation,GraphCContext+S5F2_energy,test,618,3420,,1,0.3185073137283325
gcn_graph_c_sprint5b_energy,graph_c_context_observation,GraphCContext+S5F2_energy,test,619,3420,,1,0.17570500075817108
gcn_graph_c_sprint5b_energy,graph_c_context_observation,GraphCContext+S5F2_energy,test,620,3420,,1,0.3445594310760498
gcn_graph_c_sprint5b_energy,graph_c_context_observation,GraphCContext+S5F2_energy,test,621,3420,,1,0.40557971596717834
gcn_graph_c_sprint5b_energy,graph_c_context_observation,GraphCContext+S5F2_energy,test,622,3420,,1,0.21584641933441162
gcn_graph_c_sprint5b_energy,graph_c_context_observation,GraphCContext+S5F2_energy,test,623,3420,,1,0.19459915161132812
gcn_graph_c_sprint5b_energy,graph_c_context_observation,GraphCContext+S5F2_energy,test,624,3420,,1,0.2329162210226059
gcn_graph_c_sprint5b_energy,graph_c_context_observation,GraphCContext+S5F2_energy,test,625,3420,,1,0.22746358811855316
gcn_graph_c_sprint5b_energy,graph_c_context_observation,GraphCContext+S5F2_energy,test,626,3420,,1,0.28997522592544556
gcn_graph_c_sprint5b_energy,graph_c_context_observation,GraphCContext+S5F2_energy,test,627,3420,,1,0.209401935338974
gcn_graph_c_sprint5b_energy,graph_c_context_observation,GraphCContext+S5F2_energy,test,628,3420,,1,0.21115714311599731
gcn_graph_c_sprint5b_energy,graph_c_context_observation,GraphCContext+S5F2_energy,test,629,3420,,1,0.44063398241996765
gcn_graph_c_sprint5b_energy,graph_c_context_observation,GraphCContext+S5F2_energy,test,630,3420,,1,0.2654073238372803
gcn_graph_c_sprint5b_energy,graph_c_context_observation,GraphCContext+S5F2_energy,test,631,3420,,1,0.1633618026971817
gcn_graph_c_sprint5b_energy,graph_c_context_observation,GraphCContext+S5F2_energy,test,632,3420,,1,0.3854013979434967
gcn_graph_c_sprint5b_energy,graph_c_context_observation,GraphCContext+S5F2_energy,test,633,3420,,1,0.32165762782096863
gcn_graph_c_sprint5b_energy,graph_c_context_observation,GraphCContext+S5F2_energy,test,634,3420,,1,0.31411418318748474
gcn_graph_c_sprint5b_energy,graph_c_context_observation,GraphCContext+S5F2_energy,test,635,3420,,1,0.31530630588531494
gcn_graph_c_sprint5b_energy,graph_c_context_observation,GraphCContext+S5F2_energy,test,636,3420,,1,0.21546633541584015
gcn_graph_c_sprint5b_energy,graph_c_context_observation,GraphCContext+S5F2_energy,test,637,3420,,1,0.3763636350631714
gcn_graph_c_sprint5b_energy,graph_c_context_observation,GraphCContext+S5F2_energy,test,638,3420,,1,0.3011641800403595
gcn_graph_c_sprint5b_energy,graph_c_context_observation,GraphCContext+S5F2_energy,test,639,3420,,1,0.2526542842388153
gcn_graph_c_sprint5b_energy,graph_c_context_observation,GraphCContext+S5F2_energy,test,640,3420,,1,0.2612287104129791
gcn_graph_c_sprint5b_energy,graph_c_context_observation,GraphCContext+S5F2_energy,test,641,3420,,1,0.21217438578605652
gcn_graph_c_sprint5b_energy,graph_c_context_observation,GraphCContext+S5F2_energy,test,642,7696,,1,0.9909321069717407
gcn_graph_c_sprint5b_energy,graph_c_context_observation,GraphCContext+S5F2_energy,test,643,7696,,1,0.7240790128707886
gcn_graph_c_sprint5b_energy,graph_c_context_observation,GraphCContext+S5F2_energy,test,644,7696,,1,0.9739906191825867
gcn_graph_c_sprint5b_energy,graph_c_context_observation,GraphCContext+S5F2_energy,test,645,7696,,1,0.8014217615127563
gcn_graph_c_sprint5b_energy,graph_c_context_observation,GraphCContext+S5F2_energy,test,646,7696,,1,0.8805601000785828
gcn_graph_c_sprint5b_energy,graph_c_context_observation,GraphCContext+S5F2_energy,test,647,7696,,1,0.7988524436950684
gcn_graph_c_sprint5b_energy,graph_c_context_observation,GraphCContext+S5F2_energy,test,648,7696,,1,0.6004841923713684
gcn_graph_c_sprint5b_energy,graph_c_context_observation,GraphCContext+S5F2_energy,test,649,7696,,1,0.8577755093574524
gcn_graph_c_sprint5b_energy,graph_c_context_observation,GraphCContext+S5F2_energy,test,650,7696,,1,0.5771501064300537
gcn_graph_c_sprint5b_energy,graph_c_context_observation,GraphCContext+S5F2_energy,test,651,7696,,1,0.9310891628265381
gcn_graph_c_sprint5b_energy,graph_c_context_observation,GraphCContext+S5F2_energy,test,652,7696,,1,0.9411551356315613
gcn_graph_c_sprint5b_energy,graph_c_context_observation,GraphCContext+S5F2_energy,test,653,7696,,1,0.8083411455154419
gcn_graph_c_sprint5b_energy,graph_c_context_observation,GraphCContext+S5F2_energy,test,654,7696,,1,0.7566750049591064
gcn_graph_c_sprint5b_energy,graph_c_context_observation,GraphCContext+S5F2_energy,test,655,7696,,1,0.8249887228012085
gcn_graph_c_sprint5b_energy,graph_c_context_observation,GraphCContext+S5F2_energy,test,656,7696,,1,0.8638241291046143
gcn_graph_c_sprint5b_energy,graph_c_context_observation,GraphCContext+S5F2_energy,test,657,7696,,1,0.7151702046394348
gcn_graph_c_sprint5b_energy,graph_c_context_observation,GraphCContext+S5F2_energy,test,658,7696,,1,0.6630582213401794
gcn_graph_c_sprint5b_energy,graph_c_context_observation,GraphCContext+S5F2_energy,test,659,7696,,1,0.7847071886062622
gcn_graph_c_sprint5b_energy,graph_c_context_observation,GraphCContext+S5F2_energy,test,660,7696,,1,0.7975854277610779
gcn_graph_c_sprint5b_energy,graph_c_context_observation,GraphCContext+S5F2_energy,test,661,7696,,1,0.8101955652236938
gcn_graph_c_sprint5b_energy,graph_c_context_observation,GraphCContext+S5F2_energy,test,662,7696,,1,0.7067171931266785
gcn_graph_c_sprint5b_energy,graph_c_context_observation,GraphCContext+S5F2_energy,test,663,7696,,1,0.7237881422042847
gcn_graph_c_sprint5b_energy,graph_c_context_observation,GraphCContext+S5F2_energy,test,664,7696,,1,0.9132378101348877
gcn_graph_c_sprint5b_energy,graph_c_context_observation,GraphCContext+S5F2_energy,test,665,7696,,1,0.9256399273872375
gcn_graph_c_sprint5b_energy,graph_c_context_observation,GraphCContext+S5F2_energy,test,666,7696,,1,0.7106960415840149
gcn_graph_c_sprint5b_energy,graph_c_context_observation,GraphCContext+S5F2_energy,test,667,7696,,1,0.8866138458251953
gcn_graph_c_sprint5b_energy,graph_c_context_observation,GraphCContext+S5F2_energy,test,668,7696,,1,0.6959323287010193
gcn_graph_c_sprint5b_energy,graph_c_context_observation,GraphCContext+S5F2_energy,test,669,7696,,1,0.7541922926902771
gcn_graph_c_sprint5b_energy,graph_c_context_observation,GraphCContext+S5F2_energy,test,670,7696,,1,0.9826117753982544
gcn_graph_c_sprint5b_energy,graph_c_context_observation,GraphCContext+S5F2_energy,test,671,7696,,1,0.5287199020385742
gcn_graph_c_sprint5b_energy,graph_c_context_observation,GraphCContext+S5F2_energy,test,672,7696,,1,0.8820533752441406
gcn_graph_c_sprint5b_energy,graph_c_context_observation,GraphCContext+S5F2_energy,test,673,7696,,1,0.6188982129096985
gcn_graph_c_sprint5b_energy,graph_c_context_observation,GraphCContext+S5F2_energy,test,674,7696,,1,0.9834081530570984
gcn_graph_c_sprint5b_energy,graph_c_context_observation,GraphCContext+S5F2_energy,test,675,7696,,1,0.8168202042579651
gcn_graph_c_sprint5b_energy,graph_c_context_observation,GraphCContext+S5F2_energy,test,676,7696,,1,0.7922741174697876
gcn_graph_c_sprint5b_energy,graph_c_context_observation,GraphCContext+S5F2_energy,test,677,7696,,1,0.37964579463005066
gcn_graph_c_sprint5b_energy,graph_c_context_observation,GraphCContext+S5F2_energy,test,678,7696,,1,0.7036424875259399
gcn_graph_c_sprint5b_energy,graph_c_context_observation,GraphCContext+S5F2_energy,test,679,7696,,1,0.8500559329986572
gcn_graph_c_sprint5b_energy,graph_c_context_observation,GraphCContext+S5F2_energy,test,680,7696,,1,0.9059717655181885
gcn_graph_c_sprint5b_energy,graph_c_context_observation,GraphCContext+S5F2_energy,test,681,7696,,1,0.7710567712783813
gcn_graph_c_sprint5b_energy,graph_c_context_observation,GraphCContext+S5F2_energy,test,682,7696,,1,0.854964554309845
gcn_graph_c_sprint5b_energy,graph_c_context_observation,GraphCContext+S5F2_energy,test,683,7696,,1,0.6131595969200134
gcn_graph_c_sprint5b_energy,graph_c_context_observation,GraphCContext+S5F2_energy,test,684,7696,,1,0.9053643345832825
gcn_graph_c_sprint5b_energy,graph_c_context_observation,GraphCContext+S5F2_energy,test,685,7696,,1,0.7029759883880615
gcn_graph_c_sprint5b_energy,graph_c_context_observation,GraphCContext+S5F2_energy,test,686,7696,,1,0.6090668439865112
gcn_graph_c_sprint5b_energy,graph_c_context_observation,GraphCContext+S5F2_energy,test,687,7696,,1,0.5676930546760559
gcn_graph_c_sprint5b_energy,graph_c_context_observation,GraphCContext+S5F2_energy,test,688,7696,,1,0.6212531328201294
gcn_graph_c_sprint5b_energy,graph_c_context_observation,GraphCContext+S5F2_energy,test,689,7696,,1,0.7409806251525879
gcn_graph_c_sprint5b_energy,graph_c_context_observation,GraphCContext+S5F2_energy,test,690,7696,,1,0.8341816067695618
gcn_graph_c_sprint5b_energy,graph_c_context_observation,GraphCContext+S5F2_energy,test,691,7696,,1,0.8517743945121765
gcn_graph_c_sprint5b_energy,graph_c_context_observation,GraphCContext+S5F2_energy,test,692,7696,,1,0.8081002235412598
gcn_graph_c_sprint5b_energy,graph_c_context_observation,GraphCContext+S5F2_energy,test,693,7696,,1,0.8503959774971008
gcn_graph_c_sprint5b_energy,graph_c_context_observation,GraphCContext+S5F2_energy,test,694,7696,,1,0.7429132461547852
gcn_graph_c_sprint5b_energy,graph_c_context_observation,GraphCContext+S5F2_energy,test,695,7696,,1,0.6735659241676331
gcn_graph_c_sprint5b_energy,graph_c_context_observation,GraphCContext+S5F2_energy,test,696,7696,,1,0.8597989678382874
gcn_graph_c_sprint5b_energy,graph_c_context_observation,GraphCContext+S5F2_energy,test,697,7696,,1,0.810257077217102
gcn_graph_c_sprint5b_energy,graph_c_context_observation,GraphCContext+S5F2_energy,test,698,7696,,1,0.8913072943687439
gcn_graph_c_sprint5b_energy,graph_c_context_observation,GraphCContext+S5F2_energy,test,699,7696,,1,0.46686437726020813
gcn_graph_c_sprint5b_energy,graph_c_context_observation,GraphCContext+S5F2_energy,test,700,7696,,1,0.8309282660484314
gcn_graph_c_sprint5b_energy,graph_c_context_observation,GraphCContext+S5F2_energy,test,701,7696,,1,0.6285330057144165
gcn_graph_c_sprint5b_energy,graph_c_context_observation,GraphCContext+S5F2_energy,test,702,7696,,1,0.6386028528213501
gcn_graph_c_sprint5b_energy,graph_c_context_observation,GraphCContext+S5F2_energy,test,703,7696,,1,0.8042187690734863
gcn_graph_c_sprint5b_energy,graph_c_context_observation,GraphCContext+S5F2_energy,test,704,7696,,1,0.7055777907371521
gcn_graph_c_sprint5b_energy,graph_c_context_observation,GraphCContext+S5F2_energy,test,705,7696,,1,0.6800632476806641
gcn_graph_c_sprint5b_energy,graph_c_context_observation,GraphCContext+S5F2_energy,test,706,7696,,1,0.7212488055229187
gcn_graph_c_sprint5b_energy,graph_c_context_observation,GraphCContext+S5F2_energy,test,707,7696,,1,0.826094925403595
gcn_graph_c_sprint5b_energy,graph_c_context_observation,GraphCContext+S5F2_energy,test,708,7696,,1,0.7330204844474792
gcn_graph_c_sprint5b_energy,graph_c_context_observation,GraphCContext+S5F2_energy,test,709,7696,,1,0.6414243578910828
gcn_graph_c_sprint5b_energy,graph_c_context_observation,GraphCContext+S5F2_energy,test,710,7696,,1,0.8037685751914978
gcn_graph_c_sprint5b_energy,graph_c_context_observation,GraphCContext+S5F2_energy,test,711,7696,,1,0.7308799624443054
gcn_graph_c_sprint5b_energy,graph_c_context_observation,GraphCContext+S5F2_energy,test,712,7696,,1,0.6358839869499207
gcn_graph_c_sprint5b_energy,graph_c_context_observation,GraphCContext+S5F2_energy,test,713,7696,,1,0.80096834897995
gcn_graph_c_sprint5b_energy,graph_c_context_observation,GraphCContext+S5F2_energy,test,714,7696,,1,0.7364289164543152
gcn_graph_c_sprint5b_energy,graph_c_context_observation,GraphCContext+S5F2_energy,test,715,7696,,1,0.7488433122634888
gcn_graph_c_sprint5b_energy,graph_c_context_observation,GraphCContext+S5F2_energy,test,716,7696,,1,0.8477360606193542
gcn_graph_c_sprint5b_energy,graph_c_context_observation,GraphCContext+S5F2_energy,test,717,7696,,1,0.746277928352356
gcn_graph_c_sprint5b_energy,graph_c_context_observation,GraphCContext+S5F2_energy,test,718,7696,,1,0.7297942042350769
gcn_graph_c_sprint5b_energy,graph_c_context_observation,GraphCContext+S5F2_energy,test,719,7696,,1,0.8216185569763184
gcn_graph_c_sprint5b_energy,graph_c_context_observation,GraphCContext+S5F2_energy,test,720,7696,,1,0.8400264382362366
gcn_graph_c_sprint5b_energy,graph_c_context_observation,GraphCContext+S5F2_energy,test,721,7696,,1,0.7514288425445557
gcn_graph_c_sprint5b_energy,graph_c_context_observation,GraphCContext+S5F2_energy,test,722,7696,,1,0.6485937237739563
gcn_graph_c_sprint5b_energy,graph_c_context_observation,GraphCContext+S5F2_energy,test,723,7696,,1,0.9197624325752258
gcn_graph_c_sprint5b_energy,graph_c_context_observation,GraphCContext+S5F2_energy,test,724,7696,,1,0.6882358193397522
gcn_graph_c_sprint5b_energy,graph_c_context_observation,GraphCContext+S5F2_energy,test,725,7696,,1,0.7284787893295288
gcn_graph_c_sprint5b_energy,graph_c_context_observation,GraphCContext+S5F2_energy,test,726,7696,,1,0.5063472986221313
gcn_graph_c_sprint5b_energy,graph_c_context_observation,GraphCContext+S5F2_energy,test,727,7696,,1,0.7292276620864868
gcn_graph_c_sprint5b_energy,graph_c_context_observation,GraphCContext+S5F2_energy,test,728,7696,,1,0.7126259803771973
gcn_graph_c_sprint5b_energy,graph_c_context_observation,GraphCContext+S5F2_energy,test,729,7696,,1,0.9231343865394592
gcn_graph_c_sprint5b_energy,graph_c_context_observation,GraphCContext+S5F2_energy,test,730,7696,,1,0.7036945819854736
gcn_graph_c_sprint5b_energy,graph_c_context_observation,GraphCContext+S5F2_energy,test,731,7696,,1,0.7924162745475769
gcn_graph_c_sprint5b_energy,graph_c_context_observation,GraphCContext+S5F2_energy,test,732,7696,,1,0.8388462662696838
gcn_graph_c_sprint5b_energy,graph_c_context_observation,GraphCContext+S5F2_energy,test,733,7696,,1,0.5772245526313782
gcn_graph_c_sprint5b_energy,graph_c_context_observation,GraphCContext+S5F2_energy,test,734,7696,,1,0.9353840947151184
gcn_graph_c_sprint5b_energy,graph_c_context_observation,GraphCContext+S5F2_energy,test,735,7696,,1,0.7244003415107727
gcn_graph_c_sprint5b_energy,graph_c_context_observation,GraphCContext+S5F2_energy,test,736,7696,,1,0.6805295944213867
gcn_graph_c_sprint5b_energy,graph_c_context_observation,GraphCContext+S5F2_energy,test,737,7696,,1,0.8430902361869812
gcn_graph_c_sprint5b_energy,graph_c_context_observation,GraphCContext+S5F2_energy,test,738,7696,,1,0.7816032767295837
gcn_graph_c_sprint5b_energy,graph_c_context_observation,GraphCContext+S5F2_energy,test,739,7696,,1,0.9248363375663757
gcn_graph_c_sprint5b_energy,graph_c_context_observation,GraphCContext+S5F2_energy,test,740,7696,,1,0.6086936593055725
gcn_graph_c_sprint5b_energy,graph_c_context_observation,GraphCContext+S5F2_energy,test,741,7696,,1,0.5963451266288757
gcn_graph_c_sprint5b_energy,graph_c_context_observation,GraphCContext+S5F2_energy,test,742,7696,,1,0.5949373841285706
gcn_graph_c_sprint5b_energy,graph_c_context_observation,GraphCContext+S5F2_energy,test,743,7696,,1,0.7255338430404663
gcn_graph_c_sprint5b_energy,graph_c_context_observation,GraphCContext+S5F2_energy,test,744,7696,,1,0.3702891170978546
gcn_graph_c_sprint5b_energy,graph_c_context_observation,GraphCContext+S5F2_energy,test,745,7696,,1,0.8139702677726746
gcn_graph_c_sprint5b_energy,graph_c_context_observation,GraphCContext+S5F2_energy,test,746,7696,,1,0.8487908840179443
gcn_graph_c_sprint5b_energy,graph_c_context_observation,GraphCContext+S5F2_energy,test,747,7696,,1,0.8457415699958801
gcn_graph_c_sprint5b_energy,graph_c_context_observation,GraphCContext+S5F2_energy,test,748,7696,,1,0.5436959266662598
gcn_graph_c_sprint5b_energy,graph_c_context_observation,GraphCContext+S5F2_energy,test,749,7696,,1,0.8150542974472046
gcn_graph_c_sprint5b_energy,graph_c_context_observation,GraphCContext+S5F2_energy,test,750,7696,,1,0.42188939452171326
gcn_graph_c_sprint5b_energy,graph_c_context_observation,GraphCContext+S5F2_energy,test,751,7696,,1,0.723680317401886
gcn_graph_c_sprint5b_energy,graph_c_context_observation,GraphCContext+S5F2_energy,test,752,7696,,1,0.7108304500579834
gcn_graph_c_sprint5b_energy,graph_c_context_observation,GraphCContext+S5F2_energy,test,753,7696,,1,0.5770917534828186
gcn_graph_c_sprint5b_energy,graph_c_context_observation,GraphCContext+S5F2_energy,test,754,7696,,1,0.9013741612434387
gcn_graph_c_sprint5b_energy,graph_c_context_observation,GraphCContext+S5F2_energy,test,755,7696,,1,0.7099996209144592
gcn_graph_c_sprint5b_energy,graph_c_context_observation,GraphCContext+S5F2_energy,test,756,7696,,1,0.7400603294372559
gcn_graph_c_sprint5b_energy,graph_c_context_observation,GraphCContext+S5F2_energy,test,757,7696,,1,0.949769914150238
gcn_graph_c_sprint5b_energy,graph_c_context_observation,GraphCContext+S5F2_energy,test,758,7696,,1,0.6655137538909912
gcn_graph_c_sprint5b_energy,graph_c_context_observation,GraphCContext+S5F2_energy,test,759,7696,,1,0.661441445350647
gcn_graph_c_sprint5b_energy,graph_c_context_observation,GraphCContext+S5F2_energy,test,760,7696,,1,0.7521654367446899
gcn_graph_c_sprint5b_energy,graph_c_context_observation,GraphCContext+S5F2_energy,test,761,7696,,1,0.8321301341056824
gcn_graph_c_sprint5b_energy,graph_c_context_observation,GraphCContext+S5F2_energy,test,762,7696,,1,0.6858075261116028
gcn_graph_c_sprint5b_energy,graph_c_context_observation,GraphCContext+S5F2_energy,test,763,7696,,1,0.6735693216323853
gcn_graph_c_sprint5b_energy,graph_c_context_observation,GraphCContext+S5F2_energy,test,764,7696,,1,0.9169477224349976
gcn_graph_c_sprint5b_energy,graph_c_context_observation,GraphCContext+S5F2_energy,test,765,7696,,1,0.7981374263763428
gcn_graph_c_sprint5b_energy,graph_c_context_observation,GraphCContext+S5F2_energy,test,766,7696,,1,0.85988849401474
gcn_graph_c_sprint5b_energy,graph_c_context_observation,GraphCContext+S5F2_energy,test,767,7696,,1,0.7456473112106323
gcn_graph_c_sprint5b_energy,graph_c_context_observation,GraphCContext+S5F2_energy,test,768,8319,,1,0.9868786931037903
gcn_graph_c_sprint5b_energy,graph_c_context_observation,GraphCContext+S5F2_energy,test,769,8319,,1,0.964557945728302
gcn_graph_c_sprint5b_energy,graph_c_context_observation,GraphCContext+S5F2_energy,test,770,8319,,1,0.7407069802284241
gcn_graph_c_sprint5b_energy,graph_c_context_observation,GraphCContext+S5F2_energy,test,771,8319,,1,0.5067636370658875
gcn_graph_c_sprint5b_energy,graph_c_context_observation,GraphCContext+S5F2_energy,test,772,8319,,1,0.8045287132263184
gcn_graph_c_sprint5b_energy,graph_c_context_observation,GraphCContext+S5F2_energy,test,773,8319,,1,0.4979523718357086
gcn_graph_c_sprint5b_energy,graph_c_context_observation,GraphCContext+S5F2_energy,test,774,8319,,1,0.7239803075790405
gcn_graph_c_sprint5b_energy,graph_c_context_observation,GraphCContext+S5F2_energy,test,775,8319,,1,0.7431132197380066
gcn_graph_c_sprint5b_energy,graph_c_context_observation,GraphCContext+S5F2_energy,test,776,8319,,1,0.5482063889503479
gcn_graph_c_sprint5b_energy,graph_c_context_observation,GraphCContext+S5F2_energy,test,777,8319,,1,0.6442947387695312
gcn_graph_c_sprint5b_energy,graph_c_context_observation,GraphCContext+S5F2_energy,test,778,8319,,1,0.48811694979667664
gcn_graph_c_sprint5b_energy,graph_c_context_observation,GraphCContext+S5F2_energy,test,779,8319,,1,0.47986575961112976
gcn_graph_c_sprint5b_energy,graph_c_context_observation,GraphCContext+S5F2_energy,test,780,8319,,1,0.6855331659317017
gcn_graph_c_sprint5b_energy,graph_c_context_observation,GraphCContext+S5F2_energy,test,781,8319,,1,0.8423520922660828
gcn_graph_c_sprint5b_energy,graph_c_context_observation,GraphCContext+S5F2_energy,test,782,8319,,1,0.8661593794822693
gcn_graph_c_sprint5b_energy,graph_c_context_observation,GraphCContext+S5F2_energy,test,783,8319,,1,0.7524607181549072
gcn_graph_c_sprint5b_energy,graph_c_context_observation,GraphCContext+S5F2_energy,test,784,8319,,1,0.8938140869140625
gcn_graph_c_sprint5b_energy,graph_c_context_observation,GraphCContext+S5F2_energy,test,785,8319,,1,0.8184044361114502
gcn_graph_c_sprint5b_energy,graph_c_context_observation,GraphCContext+S5F2_energy,test,786,8319,,1,0.8915606141090393
gcn_graph_c_sprint5b_energy,graph_c_context_observation,GraphCContext+S5F2_energy,test,787,8319,,1,0.6442822813987732
gcn_graph_c_sprint5b_energy,graph_c_context_observation,GraphCContext+S5F2_energy,test,788,8319,,1,0.7987968325614929
gcn_graph_c_sprint5b_energy,graph_c_context_observation,GraphCContext+S5F2_energy,test,789,8319,,1,0.8473844528198242
gcn_graph_c_sprint5b_energy,graph_c_context_observation,GraphCContext+S5F2_energy,test,790,8319,,1,0.7647453546524048
gcn_graph_c_sprint5b_energy,graph_c_context_observation,GraphCContext+S5F2_energy,test,791,8319,,1,0.8439450860023499
gcn_graph_c_sprint5b_energy,graph_c_context_observation,GraphCContext+S5F2_energy,test,792,8319,,1,0.459650456905365
gcn_graph_c_sprint5b_energy,graph_c_context_observation,GraphCContext+S5F2_energy,test,793,8319,,1,0.895309329032898
gcn_graph_c_sprint5b_energy,graph_c_context_observation,GraphCContext+S5F2_energy,test,794,8319,,1,0.7512171864509583
gcn_graph_c_sprint5b_energy,graph_c_context_observation,GraphCContext+S5F2_energy,test,795,8319,,1,0.7977061867713928
gcn_graph_c_sprint5b_energy,graph_c_context_observation,GraphCContext+S5F2_energy,test,796,8319,,1,0.5487289428710938
gcn_graph_c_sprint5b_energy,graph_c_context_observation,GraphCContext+S5F2_energy,test,797,8319,,1,0.6634472012519836
gcn_graph_c_sprint5b_energy,graph_c_context_observation,GraphCContext+S5F2_energy,test,798,8319,,1,0.9752403497695923
gcn_graph_c_sprint5b_energy,graph_c_context_observation,GraphCContext+S5F2_energy,test,799,8319,,1,0.4078516960144043
gcn_graph_c_sprint5b_energy,graph_c_context_observation,GraphCContext+S5F2_energy,test,800,8319,,1,0.5550204515457153
gcn_graph_c_sprint5b_energy,graph_c_context_observation,GraphCContext+S5F2_energy,test,801,8319,,1,0.6063867211341858
gcn_graph_c_sprint5b_energy,graph_c_context_observation,GraphCContext+S5F2_energy,test,802,8319,,1,0.7437182664871216
gcn_graph_c_sprint5b_energy,graph_c_context_observation,GraphCContext+S5F2_energy,test,803,8319,,1,0.7907481789588928
gcn_graph_c_sprint5b_energy,graph_c_context_observation,GraphCContext+S5F2_energy,test,804,8319,,1,0.7058601975440979
gcn_graph_c_sprint5b_energy,graph_c_context_observation,GraphCContext+S5F2_energy,test,805,8319,,1,0.5273426175117493
gcn_graph_c_sprint5b_energy,graph_c_context_observation,GraphCContext+S5F2_energy,test,806,8319,,1,0.6251298785209656
gcn_graph_c_sprint5b_energy,graph_c_context_observation,GraphCContext+S5F2_energy,test,807,8319,,1,0.8376477360725403
gcn_graph_c_sprint5b_energy,graph_c_context_observation,GraphCContext+S5F2_energy,test,808,8319,,1,0.6693230271339417
gcn_graph_c_sprint5b_energy,graph_c_context_observation,GraphCContext+S5F2_energy,test,809,8319,,1,0.9814392924308777
gcn_graph_c_sprint5b_energy,graph_c_context_observation,GraphCContext+S5F2_energy,test,810,8319,,1,0.7595219016075134
gcn_graph_c_sprint5b_energy,graph_c_context_observation,GraphCContext+S5F2_energy,test,811,8319,,1,0.8621326684951782
gcn_graph_c_sprint5b_energy,graph_c_context_observation,GraphCContext+S5F2_energy,test,812,8319,,1,0.3337986171245575
gcn_graph_c_sprint5b_energy,graph_c_context_observation,GraphCContext+S5F2_energy,test,813,8319,,1,0.4870697855949402
gcn_graph_c_sprint5b_energy,graph_c_context_observation,GraphCContext+S5F2_energy,test,814,8319,,1,0.6371799111366272
gcn_graph_c_sprint5b_energy,graph_c_context_observation,GraphCContext+S5F2_energy,test,815,8319,,1,0.620373010635376
gcn_graph_c_sprint5b_energy,graph_c_context_observation,GraphCContext+S5F2_energy,test,816,8319,,1,0.6453993320465088
gcn_graph_c_sprint5b_energy,graph_c_context_observation,GraphCContext+S5F2_energy,test,817,8319,,1,0.4639952480792999
gcn_graph_c_sprint5b_energy,graph_c_context_observation,GraphCContext+S5F2_energy,test,818,8319,,1,0.8008376955986023
gcn_graph_c_sprint5b_energy,graph_c_context_observation,GraphCContext+S5F2_energy,test,819,8319,,1,0.7614917755126953
gcn_graph_c_sprint5b_energy,graph_c_context_observation,GraphCContext+S5F2_energy,test,820,8319,,1,0.4087848365306854
gcn_graph_c_sprint5b_energy,graph_c_context_observation,GraphCContext+S5F2_energy,test,821,8319,,1,0.8471277356147766
gcn_graph_c_sprint5b_energy,graph_c_context_observation,GraphCContext+S5F2_energy,test,822,8319,,1,0.5657256245613098
gcn_graph_c_sprint5b_energy,graph_c_context_observation,GraphCContext+S5F2_energy,test,823,8319,,1,0.6303673386573792
gcn_graph_c_sprint5b_energy,graph_c_context_observation,GraphCContext+S5F2_energy,test,824,8319,,1,0.8066198229789734
gcn_graph_c_sprint5b_energy,graph_c_context_observation,GraphCContext+S5F2_energy,test,825,8319,,1,0.6349900364875793
gcn_graph_c_sprint5b_energy,graph_c_context_observation,GraphCContext+S5F2_energy,test,826,8319,,1,0.7954513430595398
gcn_graph_c_sprint5b_energy,graph_c_context_observation,GraphCContext+S5F2_energy,test,827,8319,,1,0.7643499970436096
gcn_graph_c_sprint5b_energy,graph_c_context_observation,GraphCContext+S5F2_energy,test,828,8319,,1,0.6876140832901001
gcn_graph_c_sprint5b_energy,graph_c_context_observation,GraphCContext+S5F2_energy,test,829,8319,,1,0.8197536468505859
gcn_graph_c_sprint5b_energy,graph_c_context_observation,GraphCContext+S5F2_energy,test,830,8319,,1,0.5950798988342285
gcn_graph_c_sprint5b_energy,graph_c_context_observation,GraphCContext+S5F2_energy,test,831,8319,,1,0.8640305399894714
gcn_graph_c_sprint5b_energy,graph_c_context_observation,GraphCContext+S5F2_energy,test,832,8319,,1,0.6800841689109802
gcn_graph_c_sprint5b_energy,graph_c_context_observation,GraphCContext+S5F2_energy,test,833,8319,,1,0.5582812428474426
gcn_graph_c_sprint5b_energy,graph_c_context_observation,GraphCContext+S5F2_energy,test,834,8319,,1,0.8749746680259705
gcn_graph_c_sprint5b_energy,graph_c_context_observation,GraphCContext+S5F2_energy,test,835,8319,,1,0.6678993701934814
gcn_graph_c_sprint5b_energy,graph_c_context_observation,GraphCContext+S5F2_energy,test,836,8319,,1,0.6026716232299805
gcn_graph_c_sprint5b_energy,graph_c_context_observation,GraphCContext+S5F2_energy,test,837,8319,,1,0.5841199159622192
gcn_graph_c_sprint5b_energy,graph_c_context_observation,GraphCContext+S5F2_energy,test,838,8319,,1,0.6966591477394104
gcn_graph_c_sprint5b_energy,graph_c_context_observation,GraphCContext+S5F2_energy,test,839,8319,,1,0.6979910135269165
gcn_graph_c_sprint5b_energy,graph_c_context_observation,GraphCContext+S5F2_energy,test,840,8319,,1,0.7177363634109497
gcn_graph_c_sprint5b_energy,graph_c_context_observation,GraphCContext+S5F2_energy,test,841,8319,,1,0.6527050137519836
gcn_graph_c_sprint5b_energy,graph_c_context_observation,GraphCContext+S5F2_energy,test,842,8319,,1,0.6558401584625244
gcn_graph_c_sprint5b_energy,graph_c_context_observation,GraphCContext+S5F2_energy,test,843,8319,,1,0.9517676830291748
gcn_graph_c_sprint5b_energy,graph_c_context_observation,GraphCContext+S5F2_energy,test,844,8319,,1,0.7569046020507812
gcn_graph_c_sprint5b_energy,graph_c_context_observation,GraphCContext+S5F2_energy,test,845,8319,,1,0.6581071019172668
gcn_graph_c_sprint5b_energy,graph_c_context_observation,GraphCContext+S5F2_energy,test,846,8319,,1,0.6925274133682251
gcn_graph_c_sprint5b_energy,graph_c_context_observation,GraphCContext+S5F2_energy,test,847,8319,,1,0.8074887990951538
gcn_graph_c_sprint5b_energy,graph_c_context_observation,GraphCContext+S5F2_energy,test,848,8319,,1,0.6586017608642578
gcn_graph_c_sprint5b_energy,graph_c_context_observation,GraphCContext+S5F2_energy,test,849,8319,,1,0.6486734747886658
gcn_graph_c_sprint5b_energy,graph_c_context_observation,GraphCContext+S5F2_energy,test,850,8319,,1,0.6940436959266663
gcn_graph_c_sprint5b_energy,graph_c_context_observation,GraphCContext+S5F2_energy,test,851,8319,,1,0.7994858026504517
gcn_graph_c_sprint5b_energy,graph_c_context_observation,GraphCContext+S5F2_energy,test,852,8319,,1,0.7302851676940918
gcn_graph_c_sprint5b_energy,graph_c_context_observation,GraphCContext+S5F2_energy,test,853,8319,,1,0.34033024311065674
gcn_graph_c_sprint5b_energy,graph_c_context_observation,GraphCContext+S5F2_energy,test,854,8319,,1,0.5681895017623901
gcn_graph_c_sprint5b_energy,graph_c_context_observation,GraphCContext+S5F2_energy,test,855,8319,,1,0.7500971555709839
gcn_graph_c_sprint5b_energy,graph_c_context_observation,GraphCContext+S5F2_energy,test,856,8319,,1,0.6774342060089111
gcn_graph_c_sprint5b_energy,graph_c_context_observation,GraphCContext+S5F2_energy,test,857,8319,,1,0.7680519819259644
gcn_graph_c_sprint5b_energy,graph_c_context_observation,GraphCContext+S5F2_energy,test,858,8319,,1,0.7515619993209839
gcn_graph_c_sprint5b_energy,graph_c_context_observation,GraphCContext+S5F2_energy,test,859,8319,,1,0.7703295946121216
gcn_graph_c_sprint5b_energy,graph_c_context_observation,GraphCContext+S5F2_energy,test,860,8319,,1,0.5108535885810852
gcn_graph_c_sprint5b_energy,graph_c_context_observation,GraphCContext+S5F2_energy,test,861,8319,,1,0.5873521566390991
gcn_graph_c_sprint5b_energy,graph_c_context_observation,GraphCContext+S5F2_energy,test,862,8319,,1,0.6360665559768677
gcn_graph_c_sprint5b_energy,graph_c_context_observation,GraphCContext+S5F2_energy,test,863,8319,,1,0.5303660035133362
gcn_graph_c_sprint5b_energy,graph_c_context_observation,GraphCContext+S5F2_energy,test,864,8319,,1,0.6372409462928772
gcn_graph_c_sprint5b_energy,graph_c_context_observation,GraphCContext+S5F2_energy,test,865,8319,,1,0.658212423324585
gcn_graph_c_sprint5b_energy,graph_c_context_observation,GraphCContext+S5F2_energy,test,866,8319,,1,0.6027708053588867
gcn_graph_c_sprint5b_energy,graph_c_context_observation,GraphCContext+S5F2_energy,test,867,8319,,1,0.3709612786769867
gcn_graph_c_sprint5b_energy,graph_c_context_observation,GraphCContext+S5F2_energy,test,868,8319,,1,0.8093960881233215
gcn_graph_c_sprint5b_energy,graph_c_context_observation,GraphCContext+S5F2_energy,test,869,8420,,1,0.9779901504516602
gcn_graph_c_sprint5b_energy,graph_c_context_observation,GraphCContext+S5F2_energy,test,870,8420,,1,0.8648154735565186
gcn_graph_c_sprint5b_energy,graph_c_context_observation,GraphCContext+S5F2_energy,test,871,8420,,1,0.6983705163002014
gcn_graph_c_sprint5b_energy,graph_c_context_observation,GraphCContext+S5F2_energy,test,872,8420,,1,0.7553987503051758
gcn_graph_c_sprint5b_energy,graph_c_context_observation,GraphCContext+S5F2_energy,test,873,8420,,1,0.6068904995918274
gcn_graph_c_sprint5b_energy,graph_c_context_observation,GraphCContext+S5F2_energy,test,874,8420,,1,0.8070634603500366
gcn_graph_c_sprint5b_energy,graph_c_context_observation,GraphCContext+S5F2_energy,test,875,8420,,1,0.6489200592041016
gcn_graph_c_sprint5b_energy,graph_c_context_observation,GraphCContext+S5F2_energy,test,876,8420,,1,0.535489559173584
gcn_graph_c_sprint5b_energy,graph_c_context_observation,GraphCContext+S5F2_energy,test,877,8420,,1,0.9727178812026978
gcn_graph_c_sprint5b_energy,graph_c_context_observation,GraphCContext+S5F2_energy,test,878,8420,,1,0.7575926780700684
gcn_graph_c_sprint5b_energy,graph_c_context_observation,GraphCContext+S5F2_energy,test,879,8420,,1,0.8886144161224365
gcn_graph_c_sprint5b_energy,graph_c_context_observation,GraphCContext+S5F2_energy,test,880,8420,,1,0.7924965620040894
gcn_graph_c_sprint5b_energy,graph_c_context_observation,GraphCContext+S5F2_energy,test,881,8420,,1,0.8226136565208435
gcn_graph_c_sprint5b_energy,graph_c_context_observation,GraphCContext+S5F2_energy,test,882,8420,,1,0.7252697348594666
gcn_graph_c_sprint5b_energy,graph_c_context_observation,GraphCContext+S5F2_energy,test,883,8420,,1,0.5839328765869141
gcn_graph_c_sprint5b_energy,graph_c_context_observation,GraphCContext+S5F2_energy,test,884,8420,,1,0.7336258888244629
gcn_graph_c_sprint5b_energy,graph_c_context_observation,GraphCContext+S5F2_energy,test,885,8420,,1,0.941280722618103
gcn_graph_c_sprint5b_energy,graph_c_context_observation,GraphCContext+S5F2_energy,test,886,8420,,1,0.910671055316925
gcn_graph_c_sprint5b_energy,graph_c_context_observation,GraphCContext+S5F2_energy,test,887,8420,,1,0.694597601890564
gcn_graph_c_sprint5b_energy,graph_c_context_observation,GraphCContext+S5F2_energy,test,888,8420,,1,0.7069914937019348
gcn_graph_c_sprint5b_energy,graph_c_context_observation,GraphCContext+S5F2_energy,test,889,8420,,1,0.5178817510604858
gcn_graph_c_sprint5b_energy,graph_c_context_observation,GraphCContext+S5F2_energy,test,890,8420,,1,0.5457010269165039
gcn_graph_c_sprint5b_energy,graph_c_context_observation,GraphCContext+S5F2_energy,test,891,8420,,1,0.5782932639122009
gcn_graph_c_sprint5b_energy,graph_c_context_observation,GraphCContext+S5F2_energy,test,892,8420,,1,0.956998348236084
gcn_graph_c_sprint5b_energy,graph_c_context_observation,GraphCContext+S5F2_energy,test,893,8420,,1,0.797825276851654
gcn_graph_c_sprint5b_energy,graph_c_context_observation,GraphCContext+S5F2_energy,test,894,8420,,1,0.763354480266571
gcn_graph_c_sprint5b_energy,graph_c_context_observation,GraphCContext+S5F2_energy,test,895,8420,,1,0.6611752510070801
gcn_graph_c_sprint5b_energy,graph_c_context_observation,GraphCContext+S5F2_energy,test,896,8420,,1,0.6603514552116394
gcn_graph_c_sprint5b_energy,graph_c_context_observation,GraphCContext+S5F2_energy,test,897,8420,,1,0.7428010702133179
gcn_graph_c_sprint5b_energy,graph_c_context_observation,GraphCContext+S5F2_energy,test,898,8420,,1,0.6245344281196594
gcn_graph_c_sprint5b_energy,graph_c_context_observation,GraphCContext+S5F2_energy,test,899,8420,,1,0.6527103781700134
gcn_graph_c_sprint5b_energy,graph_c_context_observation,GraphCContext+S5F2_energy,test,900,8420,,1,0.6874226331710815
gcn_graph_c_sprint5b_energy,graph_c_context_observation,GraphCContext+S5F2_energy,test,901,8420,,1,0.8913698196411133
gcn_graph_c_sprint5b_energy,graph_c_context_observation,GraphCContext+S5F2_energy,test,902,8420,,1,0.5783953666687012
gcn_graph_c_sprint5b_energy,graph_c_context_observation,GraphCContext+S5F2_energy,test,903,8420,,1,0.6740463376045227
gcn_graph_c_sprint5b_energy,graph_c_context_observation,GraphCContext+S5F2_energy,test,904,8420,,1,0.857981264591217
gcn_graph_c_sprint5b_energy,graph_c_context_observation,GraphCContext+S5F2_energy,test,905,8420,,1,0.8148742318153381
gcn_graph_c_sprint5b_energy,graph_c_context_observation,GraphCContext+S5F2_energy,test,906,8420,,1,0.6999272108078003
gcn_graph_c_sprint5b_energy,graph_c_context_observation,GraphCContext+S5F2_energy,test,907,8420,,1,0.5384498834609985
gcn_graph_c_sprint5b_energy,graph_c_context_observation,GraphCContext+S5F2_energy,test,908,8420,,1,0.5332709550857544
gcn_graph_c_sprint5b_energy,graph_c_context_observation,GraphCContext+S5F2_energy,test,909,8420,,1,0.6912224292755127
gcn_graph_c_sprint5b_energy,graph_c_context_observation,GraphCContext+S5F2_energy,test,910,8420,,1,0.7382253408432007
gcn_graph_c_sprint5b_energy,graph_c_context_observation,GraphCContext+S5F2_energy,test,911,8420,,1,0.6423462629318237
gcn_graph_c_sprint5b_energy,graph_c_context_observation,GraphCContext+S5F2_energy,test,912,8420,,1,0.9514050483703613
gcn_graph_c_sprint5b_energy,graph_c_context_observation,GraphCContext+S5F2_energy,test,913,8420,,1,0.9430112242698669
gcn_graph_c_sprint5b_energy,graph_c_context_observation,GraphCContext+S5F2_energy,test,914,8420,,1,0.959860622882843
gcn_graph_c_sprint5b_energy,graph_c_context_observation,GraphCContext+S5F2_energy,test,915,8420,,1,0.44978731870651245
gcn_graph_c_sprint5b_energy,graph_c_context_observation,GraphCContext+S5F2_energy,test,916,8420,,1,0.9243822693824768
gcn_graph_c_sprint5b_energy,graph_c_context_observation,GraphCContext+S5F2_energy,test,917,8420,,1,0.6336998343467712
gcn_graph_c_sprint5b_energy,graph_c_context_observation,GraphCContext+S5F2_energy,test,918,8420,,1,0.7259079217910767
gcn_graph_c_sprint5b_energy,graph_c_context_observation,GraphCContext+S5F2_energy,test,919,8420,,1,0.6268990635871887
gcn_graph_c_sprint5b_energy,graph_c_context_observation,GraphCContext+S5F2_energy,test,920,8420,,1,0.5626656413078308
gcn_graph_c_sprint5b_energy,graph_c_context_observation,GraphCContext+S5F2_energy,test,921,8420,,1,0.3380361497402191
gcn_graph_c_sprint5b_energy,graph_c_context_observation,GraphCContext+S5F2_energy,test,922,8420,,1,0.5493220090866089
gcn_graph_c_sprint5b_energy,graph_c_context_observation,GraphCContext+S5F2_energy,test,923,8420,,1,0.6668402552604675
gcn_graph_c_sprint5b_energy,graph_c_context_observation,GraphCContext+S5F2_energy,test,924,8420,,1,0.3527267277240753
gcn_graph_c_sprint5b_energy,graph_c_context_observation,GraphCContext+S5F2_energy,test,925,8420,,1,0.46879690885543823
gcn_graph_c_sprint5b_energy,graph_c_context_observation,GraphCContext+S5F2_energy,test,926,8420,,1,0.7376412153244019
gcn_graph_c_sprint5b_energy,graph_c_context_observation,GraphCContext+S5F2_energy,test,927,8420,,1,0.5792011022567749
gcn_graph_c_sprint5b_energy,graph_c_context_observation,GraphCContext+S5F2_energy,test,928,8420,,1,0.7262672185897827
gcn_graph_c_sprint5b_energy,graph_c_context_observation,GraphCContext+S5F2_energy,test,929,8420,,1,0.7370122075080872
gcn_graph_c_sprint5b_energy,graph_c_context_observation,GraphCContext+S5F2_energy,test,930,8420,,1,0.4292290210723877
gcn_graph_c_sprint5b_energy,graph_c_context_observation,GraphCContext+S5F2_energy,test,931,8420,,1,0.4852759540081024
gcn_graph_c_sprint5b_energy,graph_c_context_observation,GraphCContext+S5F2_energy,test,932,8420,,1,0.8893455862998962
gcn_graph_c_sprint5b_energy,graph_c_context_observation,GraphCContext+S5F2_energy,test,933,8420,,1,0.8154208660125732
gcn_graph_c_sprint5b_energy,graph_c_context_observation,GraphCContext+S5F2_energy,test,934,8420,,1,0.8317331075668335
gcn_graph_c_sprint5b_energy,graph_c_context_observation,GraphCContext+S5F2_energy,test,935,8420,,1,0.7100726962089539
gcn_graph_c_sprint5b_energy,graph_c_context_observation,GraphCContext+S5F2_energy,test,936,8420,,1,0.699423611164093
gcn_graph_c_sprint5b_energy,graph_c_context_observation,GraphCContext+S5F2_energy,test,937,8420,,1,0.9129619002342224
gcn_graph_c_sprint5b_energy,graph_c_context_observation,GraphCContext+S5F2_energy,test,938,8420,,1,0.6827948093414307
gcn_graph_c_sprint5b_energy,graph_c_context_observation,GraphCContext+S5F2_energy,test,939,8420,,1,0.4509703516960144
gcn_graph_c_sprint5b_energy,graph_c_context_observation,GraphCContext+S5F2_energy,test,940,8420,,1,0.6142972111701965
gcn_graph_c_sprint5b_energy,graph_c_context_observation,GraphCContext+S5F2_energy,test,941,8420,,1,0.8683680295944214
gcn_graph_c_sprint5b_energy,graph_c_context_observation,GraphCContext+S5F2_energy,test,942,8420,,1,0.48418042063713074
gcn_graph_c_sprint5b_energy,graph_c_context_observation,GraphCContext+S5F2_energy,test,943,8420,,1,0.850670576095581
gcn_graph_c_sprint5b_energy,graph_c_context_observation,GraphCContext+S5F2_energy,test,944,8420,,1,0.7621990442276001
gcn_graph_c_sprint5b_energy,graph_c_context_observation,GraphCContext+S5F2_energy,test,945,8420,,1,0.742304265499115
gcn_graph_c_sprint5b_energy,graph_c_context_observation,GraphCContext+S5F2_energy,test,946,8420,,1,0.7638673782348633
gcn_graph_c_sprint5b_energy,graph_c_context_observation,GraphCContext+S5F2_energy,test,947,8420,,1,0.9111862778663635
gcn_graph_c_sprint5b_energy,graph_c_context_observation,GraphCContext+S5F2_energy,test,948,8420,,1,0.8183367252349854
gcn_graph_c_sprint5b_energy,graph_c_context_observation,GraphCContext+S5F2_energy,test,949,8420,,1,0.6371376514434814
gcn_graph_c_sprint5b_energy,graph_c_context_observation,GraphCContext+S5F2_energy,test,950,8420,,1,0.2854568660259247
gcn_graph_c_sprint5b_energy,graph_c_context_observation,GraphCContext+S5F2_energy,test,951,8420,,1,0.7832167744636536
gcn_graph_c_sprint5b_energy,graph_c_context_observation,GraphCContext+S5F2_energy,test,952,8420,,1,0.4154491424560547
gcn_graph_c_sprint5b_energy,graph_c_context_observation,GraphCContext+S5F2_energy,test,953,8420,,1,0.5030451416969299
gcn_graph_c_sprint5b_energy,graph_c_context_observation,GraphCContext+S5F2_energy,test,954,8420,,1,0.6628287434577942
gcn_graph_c_sprint5b_energy,graph_c_context_observation,GraphCContext+S5F2_energy,test,955,8420,,1,0.9175511598587036
gcn_graph_c_sprint5b_energy,graph_c_context_observation,GraphCContext+S5F2_energy,test,956,8420,,1,0.6741926670074463
gcn_graph_c_sprint5b_energy,graph_c_context_observation,GraphCContext+S5F2_energy,test,957,8420,,1,0.8935295939445496
gcn_graph_c_sprint5b_energy,graph_c_context_observation,GraphCContext+S5F2_energy,test,958,8420,,1,0.956447422504425
gcn_graph_c_sprint5b_energy,graph_c_context_observation,GraphCContext+S5F2_energy,test,959,8420,,1,0.6367877721786499
gcn_graph_c_sprint5b_energy,graph_c_context_observation,GraphCContext+S5F2_energy,test,960,8420,,1,0.4914321303367615
gcn_graph_c_sprint5b_energy,graph_c_context_observation,GraphCContext+S5F2_energy,test,961,8420,,1,0.833729088306427
gcn_graph_c_sprint5b_energy,graph_c_context_observation,GraphCContext+S5F2_energy,test,962,8420,,1,0.5591565370559692
gcn_graph_c_sprint5b_energy,graph_c_context_observation,GraphCContext+S5F2_energy,test,963,8420,,1,0.443611204624176
gcn_graph_c_sprint5b_energy,graph_c_context_observation,GraphCContext+S5F2_energy,test,964,8420,,1,0.6057785749435425
gcn_graph_c_sprint5b_energy,graph_c_context_observation,GraphCContext+S5F2_energy,test,965,8420,,1,0.49566930532455444
gcn_graph_c_sprint5b_energy,graph_c_context_observation,GraphCContext+S5F2_energy,test,966,8420,,1,0.6947067975997925
gcn_graph_c_sprint5b_energy,graph_c_context_observation,GraphCContext+S5F2_energy,test,967,8420,,1,0.5463991165161133
gcn_graph_c_sprint5b_energy,graph_c_context_observation,GraphCContext+S5F2_energy,test,968,8420,,1,0.6845505237579346
gcn_graph_c_sprint5b_energy,graph_c_context_observation,GraphCContext+S5F2_energy,test,969,8420,,1,0.6681742072105408
gcn_graph_c_sprint5b_energy,graph_c_context_observation,GraphCContext+S5F2_energy,test,970,8420,,1,0.5069055557250977
gcn_graph_c_sprint5b_energy,graph_c_context_observation,GraphCContext+S5F2_energy,test,971,8420,,1,0.3227241039276123
gcn_graph_c_sprint5b_energy,graph_c_context_observation,GraphCContext+S5F2_energy,test,972,8420,,1,0.8128644824028015
gcn_graph_c_sprint5b_energy,graph_c_context_observation,GraphCContext+S5F2_energy,test,973,8420,,1,0.7152777314186096
gcn_graph_c_sprint5b_energy,graph_c_context_observation,GraphCContext+S5F2_energy,test,974,8420,,1,0.9342283010482788
gcn_graph_c_sprint5b_energy,graph_c_context_observation,GraphCContext+S5F2_energy,test,975,8420,,1,0.6717902421951294
gcn_graph_c_sprint5b_energy,graph_c_context_observation,GraphCContext+S5F2_energy,test,976,8420,,1,0.6916871666908264
gcn_graph_c_sprint5b_energy,graph_c_context_observation,GraphCContext+S5F2_energy,test,977,8420,,1,0.6764785051345825
gcn_graph_c_sprint5b_energy,graph_c_context_observation,GraphCContext+S5F2_energy,test,978,8420,,1,0.5379323363304138
gcn_graph_c_sprint5b_energy,graph_c_context_observation,GraphCContext+S5F2_energy,test,979,8420,,1,0.4553230106830597
gcn_graph_c_sprint5b_energy,graph_c_context_observation,GraphCContext+S5F2_energy,test,980,8420,,1,0.39006271958351135
gcn_graph_c_sprint5b_energy,graph_c_context_observation,GraphCContext+S5F2_energy,test,981,8420,,1,0.4635898470878601
gcn_graph_c_sprint5b_energy,graph_c_context_observation,GraphCContext+S5F2_energy,test,982,8420,,1,0.5095625519752502
gcn_graph_c_sprint5b_energy,graph_c_context_observation,GraphCContext+S5F2_energy,test,983,8420,,1,0.6040893793106079
gcn_graph_c_sprint5b_energy,graph_c_context_observation,GraphCContext+S5F2_energy,test,984,8420,,1,0.6937779188156128
gcn_graph_c_sprint5b_energy,graph_c_context_observation,GraphCContext+S5F2_energy,test,985,8420,,1,0.5982269048690796
gcn_graph_c_sprint5b_energy,graph_c_context_observation,GraphCContext+S5F2_energy,test,986,8420,,1,0.5963682532310486
gcn_graph_c_sprint5b_energy,graph_c_context_observation,GraphCContext+S5F2_energy,test,987,8420,,1,0.9569915533065796
gcn_graph_c_sprint5b_energy,graph_c_context_observation,GraphCContext+S5F2_energy,test,988,8420,,1,0.7787879705429077
gcn_graph_c_sprint5b_energy,graph_c_context_observation,GraphCContext+S5F2_energy,test,989,8420,,1,0.5771110653877258
gcn_graph_c_sprint5b_energy,graph_c_context_observation,GraphCContext+S5F2_energy,test,990,8420,,1,0.5438533425331116
gcn_graph_c_sprint5b_energy,graph_c_context_observation,GraphCContext+S5F2_energy,test,991,8420,,1,0.6291695833206177
gcn_graph_c_sprint5b_energy,graph_c_context_observation,GraphCContext+S5F2_energy,test,992,8420,,1,0.8155961036682129
gcn_graph_c_sprint5b_energy,graph_c_context_observation,GraphCContext+S5F2_energy,test,993,8420,,1,0.6876547932624817
gcn_graph_c_sprint5b_energy,graph_c_context_observation,GraphCContext+S5F2_energy,test,994,8420,,1,0.5558879971504211
gcn_graph_c_sprint5b_energy,graph_c_context_observation,GraphCContext+S5F2_energy,test,995,8420,,1,0.5615655183792114
gcn_graph_c_sprint5b_energy,graph_c_context_observation,GraphCContext+S5F2_energy,test,996,8420,,1,0.6962214708328247
gcn_graph_c_sprint5b_energy,graph_c_context_observation,GraphCContext+S5F2_energy,test,997,8420,,1,0.6053224205970764
gcn_graph_c_sprint5b_energy,graph_c_context_observation,GraphCContext+S5F2_energy,test,998,8420,,1,0.8101451396942139
gcn_graph_c_sprint5b_energy,graph_c_context_observation,GraphCContext+S5F2_energy,test,999,8420,,1,0.871067225933075
gcn_graph_c_sprint5b_energy,graph_c_context_observation,GraphCContext+S5F2_energy,test,1000,8420,,1,0.9684951305389404
gcn_graph_c_sprint5b_energy,graph_c_context_observation,GraphCContext+S5F2_energy,test,1001,8420,,1,0.664649486541748
gcn_graph_c_sprint5b_energy,graph_c_context_observation,GraphCContext+S5F2_energy,test,1002,8420,,1,0.8276078104972839
gcn_graph_c_sprint5b_energy,graph_c_context_observation,GraphCContext+S5F2_energy,test,1003,8420,,1,0.7731953263282776
gcn_graph_c_sprint5b_energy,graph_c_context_observation,GraphCContext+S5F2_energy,test,1004,8420,,1,0.9143037796020508
gcn_graph_c_sprint5b_energy,graph_c_context_observation,GraphCContext+S5F2_energy,test,1005,8420,,1,0.7249979972839355
gcn_graph_c_sprint5b_energy,graph_c_context_observation,GraphCContext+S5F2_energy,test,1006,8420,,1,0.40816742181777954
gcn_graph_c_sprint5b_energy,graph_c_context_observation,GraphCContext+S5F2_energy,test,1007,8420,,1,0.6173135042190552
gcn_graph_c_sprint5b_energy,graph_c_context_observation,GraphCContext+S5F2_energy,test,1008,8420,,1,0.6262640357017517
gcn_graph_c_sprint5b_energy,graph_c_context_observation,GraphCContext+S5F2_energy,test,1009,8420,,1,0.632081925868988
gcn_graph_c_sprint5b_energy,graph_c_context_observation,GraphCContext+S5F2_energy,test,1010,8420,,1,0.5786415338516235
gcn_graph_c_sprint5b_energy,graph_c_context_observation,GraphCContext+S5F2_energy,test,1011,8420,,1,0.3498576283454895
gcn_graph_c_sprint5b_energy,graph_c_context_observation,GraphCContext+S5F2_energy,test,1012,8420,,1,0.6712132692337036
gcn_graph_c_sprint5b_energy,graph_c_context_observation,GraphCContext+S5F2_energy,test,1013,8420,,1,0.7927983999252319
gcn_graph_c_sprint5b_energy,graph_c_context_observation,GraphCContext+S5F2_energy,test,1014,8420,,1,0.6982901096343994
gcn_graph_c_sprint5b_energy,graph_c_context_observation,GraphCContext+S5F2_energy,test,1015,8420,,1,0.5046350955963135
gcn_graph_c_sprint5b_energy,graph_c_context_observation,GraphCContext+S5F2_energy,test,1016,8420,,1,0.5456323623657227
gcn_graph_c_sprint5b_energy,graph_c_context_observation,GraphCContext+S5F2_energy,test,1017,8420,,1,0.801174521446228
gcn_graph_c_sprint5b_energy,graph_c_context_observation,GraphCContext+S5F2_energy,test,1018,8420,,1,0.6734803318977356
gcn_graph_c_sprint5b_energy,graph_c_context_observation,GraphCContext+S5F2_energy,test,1019,8420,,1,0.3909946084022522
gcn_graph_c_sprint5b_energy,graph_c_context_observation,GraphCContext+S5F2_energy,test,1020,8420,,1,0.7782204747200012
gcn_graph_c_sprint5b_energy,graph_c_context_observation,GraphCContext+S5F2_energy,test,1021,8420,,1,0.6365498304367065
gcn_graph_c_sprint5b_energy,graph_c_context_observation,GraphCContext+S5F2_energy,test,1022,8420,,1,0.8058727979660034
gcn_graph_c_sprint5b_energy,graph_c_context_observation,GraphCContext+S5F2_energy,test,1023,8420,,1,0.6362643837928772
gcn_graph_c_sprint5b_energy,graph_c_context_observation,GraphCContext+S5F2_energy,test,1024,8420,,1,0.3883023262023926
gcn_graph_c_sprint5b_energy,graph_c_context_observation,GraphCContext+S5F2_energy,test,1025,8420,,1,0.6308678984642029
gcn_graph_c_sprint5b_energy,graph_c_context_observation,GraphCContext+S5F2_energy,test,1026,8420,,1,0.6133385300636292
gcn_graph_c_sprint5b_energy,graph_c_context_observation,GraphCContext+S5F2_energy,test,1027,8420,,1,0.8698797821998596
gcn_graph_c_sprint5b_energy,graph_c_context_observation,GraphCContext+S5F2_energy,test,1028,8420,,1,0.5211093425750732
gcn_graph_c_sprint5b_energy,graph_c_context_observation,GraphCContext+S5F2_energy,test,1029,8420,,1,0.9486122131347656
gcn_graph_c_sprint5b_energy,graph_c_context_observation,GraphCContext+S5F2_energy,test,1030,8420,,1,0.7095893025398254
gcn_graph_c_sprint5b_energy,graph_c_context_observation,GraphCContext+S5F2_energy,test,1031,8420,,1,0.6835458874702454
gcn_graph_c_sprint5b_energy,graph_c_context_observation,GraphCContext+S5F2_energy,test,1032,8420,,1,0.770196259021759
gcn_graph_c_sprint5b_energy,graph_c_context_observation,GraphCContext+S5F2_energy,test,1033,8420,,1,0.6573389172554016
gcn_graph_c_sprint5b_energy,graph_c_context_observation,GraphCContext+S5F2_energy,test,1034,8420,,1,0.49040305614471436
gcn_graph_c_sprint5b_energy,graph_c_context_observation,GraphCContext+S5F2_energy,test,1035,8420,,1,0.339481920003891
gcn_graph_c_sprint5b_energy,graph_c_context_observation,GraphCContext+S5F2_energy,test,1036,8420,,1,0.7338648438453674
gcn_graph_c_sprint5b_energy,graph_c_context_observation,GraphCContext+S5F2_energy,test,1037,8420,,1,0.5171875357627869
gcn_graph_c_sprint5b_energy,graph_c_context_observation,GraphCContext+S5F2_energy,test,1038,8420,,1,0.7091155052185059
gcn_graph_c_sprint5b_energy,graph_c_context_observation,GraphCContext+S5F2_energy,test,1039,8420,,1,0.734715461730957
gcn_graph_c_sprint5b_energy,graph_c_context_observation,GraphCContext+S5F2_energy,test,1040,8420,,1,0.38355138897895813
gcn_graph_c_sprint5b_energy,graph_c_context_observation,GraphCContext+S5F2_energy,test,1041,8420,,1,0.560258150100708
gcn_graph_c_sprint5b_energy,graph_c_context_observation,GraphCContext+S5F2_energy,test,1042,8420,,1,0.6475975513458252
gcn_graph_c_sprint5b_energy,graph_c_context_observation,GraphCContext+S5F2_energy,test,1043,8420,,1,0.6883745789527893
gcn_graph_c_sprint5b_energy,graph_c_context_observation,GraphCContext+S5F2_energy,test,1044,8420,,1,0.813396155834198
gcn_graph_c_sprint5b_energy,graph_c_context_observation,GraphCContext+S5F2_energy,test,1045,8420,,1,0.973013162612915
gcn_graph_c_sprint5b_energy,graph_c_context_observation,GraphCContext+S5F2_energy,test,1046,8420,,1,0.43540850281715393
gcn_graph_c_sprint5b_energy,graph_c_context_observation,GraphCContext+S5F2_energy,test,1047,8420,,1,0.6164076328277588
gcn_graph_c_sprint5b_energy,graph_c_context_observation,GraphCContext+S5F2_energy,test,1048,8420,,1,0.7321885824203491
gcn_graph_c_sprint5b_energy,graph_c_context_observation,GraphCContext+S5F2_energy,test,1049,8420,,1,0.46837449073791504
gcn_graph_c_sprint5b_energy,graph_c_context_observation,GraphCContext+S5F2_energy,test,1050,8420,,1,0.37128499150276184
gcn_graph_c_sprint5b_energy,graph_c_context_observation,GraphCContext+S5F2_energy,test,1051,8420,,1,0.7531468272209167
gcn_graph_c_sprint5b_energy,graph_c_context_observation,GraphCContext+S5F2_energy,test,1052,8420,,1,0.8442906737327576
gcn_graph_c_sprint5b_energy,graph_c_context_observation,GraphCContext+S5F2_energy,test,1053,8420,,1,0.4634632468223572
gcn_graph_c_sprint5b_energy,graph_c_context_observation,GraphCContext+S5F2_energy,test,1054,8420,,1,0.9536997079849243
gcn_graph_c_sprint5b_energy,graph_c_context_observation,GraphCContext+S5F2_energy,test,1055,8420,,1,0.3867623507976532
gcn_graph_c_sprint5b_energy,graph_c_context_observation,GraphCContext+S5F2_energy,test,1056,8420,,1,0.44553667306900024
gcn_graph_c_sprint5b_energy,graph_c_context_observation,GraphCContext+S5F2_energy,test,1057,8420,,1,0.8516706228256226
gcn_graph_c_sprint5b_energy,graph_c_context_observation,GraphCContext+S5F2_energy,test,1058,8420,,1,0.6507779955863953
gcn_graph_c_sprint5b_energy,graph_c_context_observation,GraphCContext+S5F2_energy,test,1059,8420,,1,0.7708052396774292
gcn_graph_c_sprint5b_energy,graph_c_context_observation,GraphCContext+S5F2_energy,test,1060,8420,,1,0.48930272459983826
gcn_graph_c_sprint5b_energy,graph_c_context_observation,GraphCContext+S5F2_energy,test,1061,8420,,1,0.6791326403617859
gcn_graph_c_sprint5b_energy,graph_c_context_observation,GraphCContext+S5F2_energy,test,1062,8420,,1,0.6454054713249207
gcn_graph_c_sprint5b_energy,graph_c_context_observation,GraphCContext+S5F2_energy,test,1063,8420,,1,0.617454469203949
gcn_graph_c_sprint5b_energy,graph_c_context_observation,GraphCContext+S5F2_energy,test,1064,8420,,1,0.8655622005462646
gcn_graph_c_sprint5b_energy,graph_c_context_observation,GraphCContext+S5F2_energy,test,1065,8420,,1,0.6517435312271118
gcn_graph_c_sprint5b_energy,graph_c_context_observation,GraphCContext+S5F2_energy,test,1066,8420,,1,0.35647082328796387
gcn_graph_c_sprint5b_energy,graph_c_context_observation,GraphCContext+S5F2_energy,test,1067,8420,,1,0.5909579396247864
gcn_graph_c_sprint5b_energy,graph_c_context_observation,GraphCContext+S5F2_energy,test,1068,8420,,1,0.31893718242645264
gcn_graph_c_sprint5b_energy,graph_c_context_observation,GraphCContext+S5F2_energy,test,1069,8420,,1,0.4796203672885895
gcn_graph_c_sprint5b_energy,graph_c_context_observation,GraphCContext+S5F2_energy,test,1070,8420,,1,0.41520291566848755
gcn_graph_c_sprint5b_energy,graph_c_context_observation,GraphCContext+S5F2_energy,test,1071,8420,,1,0.6848592162132263
gcn_graph_c_sprint5b_energy,graph_c_context_observation,GraphCContext+S5F2_energy,test,1072,8420,,1,0.5069699287414551
gcn_graph_c_sprint5b_energy,graph_c_context_observation,GraphCContext+S5F2_energy,test,1073,8420,,1,0.6769794225692749
gcn_graph_c_sprint5b_energy,graph_c_context_observation,GraphCContext+S5F2_energy,test,1074,8420,,1,0.7754443287849426
gcn_graph_c_sprint5b_energy,graph_c_context_observation,GraphCContext+S5F2_energy,test,1075,8420,,1,0.7236347198486328
gcn_graph_c_sprint5b_energy,graph_c_context_observation,GraphCContext+S5F2_energy,test,1076,8420,,1,0.486053466796875
gcn_graph_c_sprint5b_energy,graph_c_context_observation,GraphCContext+S5F2_energy,test,1077,8420,,1,0.6765211820602417
gcn_graph_c_sprint5b_energy,graph_c_context_observation,GraphCContext+S5F2_energy,test,1078,8420,,1,0.5976318717002869
gcn_graph_c_sprint5b_energy,graph_c_context_observation,GraphCContext+S5F2_energy,test,1079,8420,,1,0.7413133382797241
gcn_graph_c_sprint5b_energy,graph_c_context_observation,GraphCContext+S5F2_energy,test,1080,8420,,1,0.6919757723808289
gcn_graph_c_sprint5b_energy,graph_c_context_observation,GraphCContext+S5F2_energy,test,1081,8420,,1,0.42374947667121887
gcn_graph_c_sprint5b_energy,graph_c_context_observation,GraphCContext+S5F2_energy,test,1082,8420,,1,0.8415430784225464
gcn_graph_c_sprint5b_energy,graph_c_context_observation,GraphCContext+S5F2_energy,test,1083,8420,,1,0.665812075138092
gcn_graph_c_sprint5b_energy,graph_c_context_observation,GraphCContext+S5F2_energy,test,1084,8420,,1,0.8801652193069458
gcn_graph_c_sprint5b_energy,graph_c_context_observation,GraphCContext+S5F2_energy,test,1085,8420,,1,0.32007214426994324
gcn_graph_c_sprint5b_energy,graph_c_context_observation,GraphCContext+S5F2_energy,test,1086,8420,,1,0.7929877042770386
gcn_graph_c_sprint5b_energy,graph_c_context_observation,GraphCContext+S5F2_energy,test,1087,8420,,1,0.7767556309700012
gcn_graph_c_sprint5b_energy,graph_c_context_observation,GraphCContext+S5F2_energy,test,1088,8420,,1,0.9026490449905396
gcn_graph_c_sprint5b_energy,graph_c_context_observation,GraphCContext+S5F2_energy,test,1089,8420,,1,0.6175591349601746
gcn_graph_c_sprint5b_energy,graph_c_context_observation,GraphCContext+S5F2_energy,test,1090,8420,,1,0.924066960811615
gcn_graph_c_sprint5b_energy,graph_c_context_observation,GraphCContext+S5F2_energy,test,1091,8420,,1,0.763547956943512
gcn_graph_c_sprint5b_energy,graph_c_context_observation,GraphCContext+S5F2_energy,test,1092,8420,,1,0.6955977082252502
gcn_graph_c_sprint5b_energy,graph_c_context_observation,GraphCContext+S5F2_energy,test,1093,8420,,1,0.32871565222740173
gcn_graph_c_sprint5b_energy,graph_c_context_observation,GraphCContext+S5F2_energy,test,1094,8420,,1,0.5735179781913757
gcn_graph_c_sprint5b_energy,graph_c_context_observation,GraphCContext+S5F2_energy,test,1095,8420,,1,0.7966616153717041
gcn_graph_c_sprint5b_energy,graph_c_context_observation,GraphCContext+S5F2_energy,test,1096,8420,,1,0.43545353412628174
gcn_graph_c_sprint5b_energy,graph_c_context_observation,GraphCContext+S5F2_energy,test,1097,8420,,1,0.44157782196998596
gcn_graph_c_sprint5b_energy,graph_c_context_observation,GraphCContext+S5F2_energy,test,1098,8420,,1,0.6884418725967407
gcn_graph_c_sprint5b_energy,graph_c_context_observation,GraphCContext+S5F2_energy,test,1099,8420,,1,0.49613118171691895
gcn_graph_c_sprint5b_energy,graph_c_context_observation,GraphCContext+S5F2_energy,test,1100,8420,,1,0.5666255950927734
gcn_graph_c_sprint5b_energy,graph_c_context_observation,GraphCContext+S5F2_energy,test,1101,8420,,1,0.8848884701728821
gcn_graph_c_sprint5b_energy,graph_c_context_observation,GraphCContext+S5F2_energy,test,1102,8420,,1,0.9272375702857971
gcn_graph_c_sprint5b_energy,graph_c_context_observation,GraphCContext+S5F2_energy,test,1103,8420,,1,0.8073266744613647
gcn_graph_c_sprint5b_energy,graph_c_context_observation,GraphCContext+S5F2_energy,test,1104,8420,,1,0.59629887342453
gcn_graph_c_sprint5b_energy,graph_c_context_observation,GraphCContext+S5F2_energy,test,1105,8420,,1,0.7269116640090942
gcn_graph_c_sprint5b_energy,graph_c_context_observation,GraphCContext+S5F2_energy,test,1106,8420,,1,0.6891648173332214
gcn_graph_c_sprint5b_energy,graph_c_context_observation,GraphCContext+S5F2_energy,test,1107,8420,,1,0.682509183883667
gcn_graph_c_sprint5b_energy,graph_c_context_observation,GraphCContext+S5F2_energy,test,1108,8420,,1,0.40342333912849426
gcn_graph_c_sprint5b_energy,graph_c_context_observation,GraphCContext+S5F2_energy,test,1109,8420,,1,0.760757327079773
gcn_graph_c_sprint5b_energy,graph_c_context_observation,GraphCContext+S5F2_energy,test,1110,8420,,1,0.41626808047294617
gcn_graph_c_sprint5b_energy,graph_c_context_observation,GraphCContext+S5F2_energy,test,1111,8420,,1,0.6513494253158569
gcn_graph_c_sprint5b_energy,graph_c_context_observation,GraphCContext+S5F2_energy,test,1112,8420,,1,0.48030200600624084
gcn_graph_c_sprint5b_energy,graph_c_context_observation,GraphCContext+S5F2_energy,test,1113,8420,,1,0.5836048126220703
gcn_graph_c_sprint5b_energy,graph_c_context_observation,GraphCContext+S5F2_energy,test,1114,8420,,1,0.7224035859107971
gcn_graph_c_sprint5b_energy,graph_c_context_observation,GraphCContext+S5F2_energy,test,1115,8420,,1,0.3032928705215454
gcn_graph_c_sprint5b_energy,graph_c_context_observation,GraphCContext+S5F2_energy,test,1116,8420,,1,0.6932370662689209
gcn_graph_c_sprint5b_energy,graph_c_context_observation,GraphCContext+S5F2_energy,test,1117,8420,,1,0.8559539318084717
gcn_graph_c_sprint5b_energy,graph_c_context_observation,GraphCContext+S5F2_energy,test,1118,8420,,1,0.6368424892425537
gcn_graph_c_sprint5b_energy,graph_c_context_observation,GraphCContext+S5F2_energy,test,1119,8420,,1,0.7491562366485596
gcn_graph_c_sprint5b_energy,graph_c_context_observation,GraphCContext+S5F2_energy,test,1120,8420,,1,0.5786594748497009
gcn_graph_c_sprint5b_energy,graph_c_context_observation,GraphCContext+S5F2_energy,test,1121,8420,,1,0.5057283043861389
gcn_graph_c_sprint5b_energy,graph_c_context_observation,GraphCContext+S5F2_energy,test,1122,8420,,1,0.4165061116218567
gcn_graph_c_sprint5b_energy,graph_c_context_observation,GraphCContext+S5F2_energy,test,1123,8420,,1,0.7428131699562073
gcn_graph_c_sprint5b_energy,graph_c_context_observation,GraphCContext+S5F2_energy,test,1124,8420,,1,0.602620542049408
gcn_graph_c_sprint5b_energy,graph_c_context_observation,GraphCContext+S5F2_energy,test,1125,8420,,1,0.9110226035118103
gcn_graph_c_sprint5b_energy,graph_c_context_observation,GraphCContext+S5F2_energy,test,1126,8420,,1,0.6704018712043762
gcn_graph_c_sprint5b_energy,graph_c_context_observation,GraphCContext+S5F2_energy,test,1127,8420,,1,0.6037664413452148
gcn_graph_c_sprint5b_energy,graph_c_context_observation,GraphCContext+S5F2_energy,test,1128,8420,,1,0.5708275437355042
gcn_graph_c_sprint5b_energy,graph_c_context_observation,GraphCContext+S5F2_energy,test,1129,8420,,1,0.779413104057312
gcn_graph_c_sprint5b_energy,graph_c_context_observation,GraphCContext+S5F2_energy,test,1130,8420,,1,0.8790422677993774
gcn_graph_c_sprint5b_energy,graph_c_context_observation,GraphCContext+S5F2_energy,test,1131,8420,,1,0.6649556159973145
gcn_graph_c_sprint5b_energy,graph_c_context_observation,GraphCContext+S5F2_energy,test,1132,8420,,1,0.20880691707134247
gcn_graph_c_sprint5b_energy,graph_c_context_observation,GraphCContext+S5F2_energy,test,1133,8420,,1,0.8613252639770508
gcn_graph_c_sprint5b_energy,graph_c_context_observation,GraphCContext+S5F2_energy,test,1134,8420,,1,0.46871188282966614
gcn_graph_c_sprint5b_energy,graph_c_context_observation,GraphCContext+S5F2_energy,test,1135,8420,,1,0.7987105846405029
gcn_graph_c_sprint5b_energy,graph_c_context_observation,GraphCContext+S5F2_energy,test,1136,8420,,1,0.519752025604248
gcn_graph_c_sprint5b_energy,graph_c_context_observation,GraphCContext+S5F2_energy,test,1137,8420,,1,0.7974275946617126
gcn_graph_c_sprint5b_energy,graph_c_context_observation,GraphCContext+S5F2_energy,test,1138,8420,,1,0.60774827003479
gcn_graph_c_sprint5b_energy,graph_c_context_observation,GraphCContext+S5F2_energy,test,1139,8420,,1,0.8306583166122437
gcn_graph_c_sprint5b_energy,graph_c_context_observation,GraphCContext+S5F2_energy,test,1140,8420,,1,0.5325080156326294
gcn_graph_c_sprint5b_energy,graph_c_context_observation,GraphCContext+S5F2_energy,test,1141,8420,,1,0.3911937177181244
gcn_graph_c_sprint5b_energy,graph_c_context_observation,GraphCContext+S5F2_energy,test,1142,8420,,1,0.4786595404148102
gcn_graph_c_sprint5b_energy,graph_c_context_observation,GraphCContext+S5F2_energy,test,1143,8420,,1,0.9020100831985474
gcn_graph_c_sprint5b_energy,graph_c_context_observation,GraphCContext+S5F2_energy,test,1144,8420,,1,0.7870694398880005
gcn_graph_c_sprint5b_energy,graph_c_context_observation,GraphCContext+S5F2_energy,test,1145,8420,,1,0.3456480801105499
gcn_graph_c_sprint5b_energy,graph_c_context_observation,GraphCContext+S5F2_energy,test,1146,8420,,1,0.8938995599746704
gcn_graph_c_sprint5b_energy,graph_c_context_observation,GraphCContext+S5F2_energy,test,1147,8420,,1,0.5229169726371765
gcn_graph_c_sprint5b_energy,graph_c_context_observation,GraphCContext+S5F2_energy,test,1148,8420,,1,0.4025639295578003
gcn_graph_c_sprint5b_energy,graph_c_context_observation,GraphCContext+S5F2_energy,test,1149,8420,,1,0.6567615866661072
gcn_graph_c_sprint5b_energy,graph_c_context_observation,GraphCContext+S5F2_energy,test,1150,8420,,1,0.5976166725158691
gcn_graph_c_sprint5b_energy,graph_c_context_observation,GraphCContext+S5F2_energy,test,1151,8420,,1,0.5349396467208862
gcn_graph_c_sprint5b_energy,graph_c_context_observation,GraphCContext+S5F2_energy,test,1152,8420,,1,0.594668447971344
gcn_graph_c_sprint5b_energy,graph_c_context_observation,GraphCContext+S5F2_energy,test,1153,8420,,1,0.9805620312690735
gcn_graph_c_sprint5b_energy,graph_c_context_observation,GraphCContext+S5F2_energy,test,1154,8420,,1,0.3486693799495697
gcn_graph_c_sprint5b_energy,graph_c_context_observation,GraphCContext+S5F2_energy,test,1155,8420,,1,0.8291396498680115
gcn_graph_c_sprint5b_energy,graph_c_context_observation,GraphCContext+S5F2_energy,test,1156,8420,,1,0.6038119196891785
gcn_graph_c_sprint5b_energy,graph_c_context_observation,GraphCContext+S5F2_energy,test,1157,8420,,1,0.4928337633609772
gcn_graph_c_sprint5b_energy,graph_c_context_observation,GraphCContext+S5F2_energy,test,1158,8420,,1,0.9299910664558411
gcn_graph_c_sprint5b_energy,graph_c_context_observation,GraphCContext+S5F2_energy,test,1159,8420,,1,0.3868367671966553
gcn_graph_c_sprint5b_energy,graph_c_context_observation,GraphCContext+S5F2_energy,test,1160,8420,,1,0.7650964856147766
gcn_graph_c_sprint5b_energy,graph_c_context_observation,GraphCContext+S5F2_energy,test,1161,8420,,1,0.5385114550590515
gcn_graph_c_sprint5b_energy,graph_c_context_observation,GraphCContext+S5F2_energy,test,1162,8420,,1,0.42309167981147766
gcn_graph_c_sprint5b_energy,graph_c_context_observation,GraphCContext+S5F2_energy,test,1163,8420,,1,0.6432769298553467
gcn_graph_c_sprint5b_energy,graph_c_context_observation,GraphCContext+S5F2_energy,test,1164,8420,,1,0.8123270273208618
gcn_graph_c_sprint5b_energy,graph_c_context_observation,GraphCContext+S5F2_energy,test,1165,8420,,1,0.4870252013206482
gcn_graph_c_sprint5b_energy,graph_c_context_observation,GraphCContext+S5F2_energy,test,1166,8420,,1,0.8003973960876465
gcn_graph_c_sprint5b_energy,graph_c_context_observation,GraphCContext+S5F2_energy,test,1167,8420,,1,0.7641875743865967
gcn_graph_c_sprint5b_energy,graph_c_context_observation,GraphCContext+S5F2_energy,test,1168,8420,,1,0.6092156767845154
gcn_graph_c_sprint5b_energy,graph_c_context_observation,GraphCContext+S5F2_energy,test,1169,8420,,1,0.5397648215293884
gcn_graph_c_sprint5b_energy,graph_c_context_observation,GraphCContext+S5F2_energy,test,1170,8420,,1,0.621157169342041
gcn_graph_c_sprint5b_energy,graph_c_context_observation,GraphCContext+S5F2_energy,test,1171,8420,,1,0.8275660872459412
gcn_graph_c_sprint5b_energy,graph_c_context_observation,GraphCContext+S5F2_energy,test,1172,8420,,1,0.7389349341392517
gcn_graph_c_sprint5b_energy,graph_c_context_observation,GraphCContext+S5F2_energy,test,1173,8420,,1,0.7330731153488159
gcn_graph_c_sprint5b_energy,graph_c_context_observation,GraphCContext+S5F2_energy,test,1174,8420,,1,0.80576092004776
gcn_graph_c_sprint5b_energy,graph_c_context_observation,GraphCContext+S5F2_energy,test,1175,8420,,1,0.8726178407669067
gcn_graph_c_sprint5b_energy,graph_c_context_observation,GraphCContext+S5F2_energy,test,1176,8420,,1,0.5105414390563965
gcn_graph_c_sprint5b_energy,graph_c_context_observation,GraphCContext+S5F2_energy,test,1177,8420,,1,0.5331841707229614
gcn_graph_c_sprint5b_energy,graph_c_context_observation,GraphCContext+S5F2_energy,test,1178,8420,,1,0.566922128200531
gcn_graph_c_sprint5b_energy,graph_c_context_observation,GraphCContext+S5F2_energy,test,1179,8420,,1,0.5435466170310974
gcn_graph_c_sprint5b_energy,graph_c_context_observation,GraphCContext+S5F2_energy,test,1180,8420,,1,0.6551961898803711
gcn_graph_c_sprint5b_energy,graph_c_context_observation,GraphCContext+S5F2_energy,test,1181,8420,,1,0.24063263833522797
gcn_graph_c_sprint5b_energy,graph_c_context_observation,GraphCContext+S5F2_energy,test,1182,8420,,1,0.32610249519348145
gcn_graph_c_sprint5b_energy,graph_c_context_observation,GraphCContext+S5F2_energy,test,1183,8420,,1,0.5622928738594055
gcn_graph_c_sprint5b_energy,graph_c_context_observation,GraphCContext+S5F2_energy,test,1184,8420,,1,0.8520945310592651
gcn_graph_c_sprint5b_energy,graph_c_context_observation,GraphCContext+S5F2_energy,test,1185,8420,,1,0.8115977048873901
gcn_graph_c_sprint5b_energy,graph_c_context_observation,GraphCContext+S5F2_energy,test,1186,8420,,1,0.8696054220199585
gcn_graph_c_sprint5b_energy,graph_c_context_observation,GraphCContext+S5F2_energy,test,1187,8420,,1,0.6032001972198486
gcn_graph_c_sprint5b_energy,graph_c_context_observation,GraphCContext+S5F2_energy,test,1188,8420,,1,0.7251266837120056
gcn_graph_c_sprint5b_energy,graph_c_context_observation,GraphCContext+S5F2_energy,test,1189,8420,,1,0.46312791109085083
gcn_graph_c_sprint5b_energy,graph_c_context_observation,GraphCContext+S5F2_energy,test,1190,8420,,1,0.6930707097053528
gcn_graph_c_sprint5b_energy,graph_c_context_observation,GraphCContext+S5F2_energy,test,1191,8420,,1,0.7968605160713196
gcn_graph_c_sprint5b_energy,graph_c_context_observation,GraphCContext+S5F2_energy,test,1192,8420,,1,0.27676260471343994
gcn_graph_c_sprint5b_energy,graph_c_context_observation,GraphCContext+S5F2_energy,test,1193,8420,,1,0.5004650950431824
gcn_graph_c_sprint5b_energy,graph_c_context_observation,GraphCContext+S5F2_energy,test,1194,8420,,1,0.44664767384529114
gcn_graph_c_sprint5b_energy,graph_c_context_observation,GraphCContext+S5F2_energy,test,1195,8420,,1,0.6700670123100281
gcn_graph_c_sprint5b_energy,graph_c_context_observation,GraphCContext+S5F2_energy,test,1196,8420,,1,0.543103814125061
gcn_graph_c_sprint5b_energy,graph_c_context_observation,GraphCContext+S5F2_energy,test,1197,8420,,1,0.6211516857147217
gcn_graph_c_sprint5b_energy,graph_c_context_observation,GraphCContext+S5F2_energy,test,1198,8420,,1,0.6980125308036804
gcn_graph_c_sprint5b_energy,graph_c_context_observation,GraphCContext+S5F2_energy,test,1199,8420,,1,0.7368367314338684
gcn_graph_c_sprint5b_energy,graph_c_context_observation,GraphCContext+S5F2_energy,test,1200,8420,,1,0.2688417136669159
gcn_graph_c_sprint5b_energy,graph_c_context_observation,GraphCContext+S5F2_energy,test,1201,8420,,1,0.9105206727981567
gcn_graph_c_sprint5b_energy,graph_c_context_observation,GraphCContext+S5F2_energy,test,1202,8420,,1,0.6842764019966125
gcn_graph_c_sprint5b_energy,graph_c_context_observation,GraphCContext+S5F2_energy,test,1203,8420,,1,0.7448792457580566
gcn_graph_c_sprint5b_energy,graph_c_context_observation,GraphCContext+S5F2_energy,test,1204,8420,,1,0.4406164884567261
gcn_graph_c_sprint5b_energy,graph_c_context_observation,GraphCContext+S5F2_energy,test,1205,8420,,1,0.6468780040740967
gcn_graph_c_sprint5b_energy,graph_c_context_observation,GraphCContext+S5F2_energy,test,1206,8420,,1,0.6424472332000732
gcn_graph_c_sprint5b_energy,graph_c_context_observation,GraphCContext+S5F2_energy,test,1207,8420,,1,0.7042035460472107
gcn_graph_c_sprint5b_energy,graph_c_context_observation,GraphCContext+S5F2_energy,test,1208,8420,,1,0.6850059032440186
gcn_graph_c_sprint5b_energy,graph_c_context_observation,GraphCContext+S5F2_energy,test,1209,8420,,1,0.5422515273094177
gcn_graph_c_sprint5b_energy,graph_c_context_observation,GraphCContext+S5F2_energy,test,1210,8420,,1,0.5214440822601318
gcn_graph_c_sprint5b_energy,graph_c_context_observation,GraphCContext+S5F2_energy,test,1211,8420,,1,0.7198329567909241
gcn_graph_c_sprint5b_energy,graph_c_context_observation,GraphCContext+S5F2_energy,test,1212,8420,,1,0.6212142109870911
gcn_graph_c_sprint5b_energy,graph_c_context_observation,GraphCContext+S5F2_energy,test,1213,8420,,1,0.27714627981185913
gcn_graph_c_sprint5b_energy,graph_c_context_observation,GraphCContext+S5F2_energy,test,1214,8420,,1,0.4690096974372864
gcn_graph_c_sprint5b_energy,graph_c_context_observation,GraphCContext+S5F2_energy,test,1215,8420,,1,0.3994728922843933
gcn_graph_c_sprint5b_energy,graph_c_context_observation,GraphCContext+S5F2_energy,test,1216,8420,,1,0.6428826451301575
gcn_graph_c_sprint5b_energy,graph_c_context_observation,GraphCContext+S5F2_energy,test,1217,8420,,1,0.6764542460441589
gcn_graph_c_sprint5b_energy,graph_c_context_observation,GraphCContext+S5F2_energy,test,1218,8420,,1,0.47084856033325195
gcn_graph_c_sprint5b_energy,graph_c_context_observation,GraphCContext+S5F2_energy,test,1219,8420,,1,0.7526946067810059
gcn_graph_c_sprint5b_energy,graph_c_context_observation,GraphCContext+S5F2_energy,test,1220,8420,,1,0.4766627252101898
gcn_graph_c_sprint5b_energy,graph_c_context_observation,GraphCContext+S5F2_energy,test,1221,8420,,1,0.6271252632141113
gcn_graph_c_sprint5b_energy,graph_c_context_observation,GraphCContext+S5F2_energy,test,1222,8420,,1,0.6013866066932678
gcn_graph_c_sprint5b_energy,graph_c_context_observation,GraphCContext+S5F2_energy,test,1223,8420,,1,0.520273745059967
gcn_graph_c_sprint5b_energy,graph_c_context_observation,GraphCContext+S5F2_energy,test,1224,8420,,1,0.7054279446601868
gcn_graph_c_sprint5b_energy,graph_c_context_observation,GraphCContext+S5F2_energy,test,1225,8420,,1,0.909231424331665
gcn_graph_c_sprint5b_energy,graph_c_context_observation,GraphCContext+S5F2_energy,test,1226,8420,,1,0.8633183240890503
gcn_graph_c_sprint5b_energy,graph_c_context_observation,GraphCContext+S5F2_energy,test,1227,8420,,1,0.6112160086631775
gcn_graph_c_sprint5b_energy,graph_c_context_observation,GraphCContext+S5F2_energy,test,1228,8420,,1,0.7082285284996033
gcn_graph_c_sprint5b_energy,graph_c_context_observation,GraphCContext+S5F2_energy,test,1229,8420,,1,0.6617733836174011
gcn_graph_c_sprint5b_energy,graph_c_context_observation,GraphCContext+S5F2_energy,test,1230,8420,,1,0.5103983879089355
gcn_graph_c_sprint5b_energy,graph_c_context_observation,GraphCContext+S5F2_energy,test,1231,8420,,1,0.4470125138759613
gcn_graph_c_sprint5b_energy,graph_c_context_observation,GraphCContext+S5F2_energy,test,1232,8420,,1,0.46941250562667847
gcn_graph_c_sprint5b_energy,graph_c_context_observation,GraphCContext+S5F2_energy,test,1233,8420,,1,0.7699643969535828
gcn_graph_c_sprint5b_energy,graph_c_context_observation,GraphCContext+S5F2_energy,test,1234,8420,,1,0.7454077005386353
gcn_graph_c_sprint5b_energy,graph_c_context_observation,GraphCContext+S5F2_energy,test,1235,8420,,1,0.6156744360923767
gcn_graph_c_sprint5b_energy,graph_c_context_observation,GraphCContext+S5F2_energy,test,1236,8420,,1,0.3839496970176697
gcn_graph_c_sprint5b_energy,graph_c_context_observation,GraphCContext+S5F2_energy,test,1237,8420,,1,0.3490926921367645
gcn_graph_c_sprint5b_energy,graph_c_context_observation,GraphCContext+S5F2_energy,test,1238,8420,,1,0.6911154389381409
gcn_graph_c_sprint5b_energy,graph_c_context_observation,GraphCContext+S5F2_energy,test,1239,8420,,1,0.8225743770599365
gcn_graph_c_sprint5b_energy,graph_c_context_observation,GraphCContext+S5F2_energy,test,1240,8420,,1,0.5778502225875854
gcn_graph_c_sprint5b_energy,graph_c_context_observation,GraphCContext+S5F2_energy,test,1241,8420,,1,0.595687747001648
gcn_graph_c_sprint5b_energy,graph_c_context_observation,GraphCContext+S5F2_energy,test,1242,8420,,1,0.5800744891166687
gcn_graph_c_sprint5b_energy,graph_c_context_observation,GraphCContext+S5F2_energy,test,1243,8420,,1,0.6985451579093933
gcn_graph_c_sprint5b_energy,graph_c_context_observation,GraphCContext+S5F2_energy,test,1244,8420,,1,0.6705630421638489
gcn_graph_c_sprint5b_energy,graph_c_context_observation,GraphCContext+S5F2_energy,test,1245,8420,,1,0.8192743062973022
gcn_graph_c_sprint5b_energy,graph_c_context_observation,GraphCContext+S5F2_energy,test,1246,8420,,1,0.8522306680679321
gcn_graph_c_sprint5b_energy,graph_c_context_observation,GraphCContext+S5F2_energy,test,1247,8420,,1,0.3941245377063751
gcn_graph_c_sprint5b_energy,graph_c_context_observation,GraphCContext+S5F2_energy,test,1248,8420,,1,0.4994044899940491
gcn_graph_c_sprint5b_energy,graph_c_context_observation,GraphCContext+S5F2_energy,test,1249,8420,,1,0.5107969641685486
gcn_graph_c_sprint5b_energy,graph_c_context_observation,GraphCContext+S5F2_energy,test,1250,8420,,1,0.7084643244743347
gcn_graph_c_sprint5b_energy,graph_c_context_observation,GraphCContext+S5F2_energy,test,1251,8420,,1,0.8080658912658691
gcn_graph_c_sprint5b_energy,graph_c_context_observation,GraphCContext+S5F2_energy,test,1252,8420,,1,0.8757672905921936
gcn_graph_c_sprint5b_energy,graph_c_context_observation,GraphCContext+S5F2_energy,test,1253,8420,,1,0.5610474944114685
gcn_graph_c_sprint5b_energy,graph_c_context_observation,GraphCContext+S5F2_energy,test,1254,8420,,1,0.6563301682472229
gcn_graph_c_sprint5b_energy,graph_c_context_observation,GraphCContext+S5F2_energy,test,1255,8420,,1,0.41376104950904846
gcn_graph_c_sprint5b_energy,graph_c_context_observation,GraphCContext+S5F2_energy,test,1256,8420,,1,0.6432904005050659
gcn_graph_c_sprint5b_energy,graph_c_context_observation,GraphCContext+S5F2_energy,test,1257,8420,,1,0.4379250109195709
gcn_graph_c_sprint5b_energy,graph_c_context_observation,GraphCContext+S5F2_energy,test,1258,8420,,1,0.5280656218528748
gcn_graph_c_sprint5b_energy,graph_c_context_observation,GraphCContext+S5F2_energy,test,1259,8420,,1,0.8673063516616821
gcn_graph_c_sprint5b_energy,graph_c_context_observation,GraphCContext+S5F2_energy,test,1260,8420,,1,0.9485151171684265
gcn_graph_c_sprint5b_energy,graph_c_context_observation,GraphCContext+S5F2_energy,test,1261,8420,,1,0.636786937713623
gcn_graph_c_sprint5b_energy,graph_c_context_observation,GraphCContext+S5F2_energy,test,1262,8420,,1,0.9030289649963379
gcn_graph_c_sprint5b_energy,graph_c_context_observation,GraphCContext+S5F2_energy,test,1263,8420,,1,0.4892429709434509
gcn_graph_c_sprint5b_energy,graph_c_context_observation,GraphCContext+S5F2_energy,test,1264,8420,,1,0.6357440948486328
gcn_graph_c_sprint5b_energy,graph_c_context_observation,GraphCContext+S5F2_energy,test,1265,8420,,1,0.8688840270042419
gcn_graph_c_sprint5b_energy,graph_c_context_observation,GraphCContext+S5F2_energy,test,1266,8420,,1,0.7840390801429749
gcn_graph_c_sprint5b_energy,graph_c_context_observation,GraphCContext+S5F2_energy,test,1267,8420,,1,0.831809401512146
gcn_graph_c_sprint5b_energy,graph_c_context_observation,GraphCContext+S5F2_energy,test,1268,8420,,1,0.6002258658409119
gcn_graph_c_sprint5b_energy,graph_c_context_observation,GraphCContext+S5F2_energy,test,1269,8420,,1,0.4056570529937744
gcn_graph_c_sprint5b_energy,graph_c_context_observation,GraphCContext+S5F2_energy,test,1270,8420,,1,0.7095373868942261
gcn_graph_c_sprint5b_energy,graph_c_context_observation,GraphCContext+S5F2_energy,test,1271,8420,,1,0.5477115511894226
gcn_graph_c_sprint5b_energy,graph_c_context_observation,GraphCContext+S5F2_energy,test,1272,8420,,1,0.6918215751647949
gcn_graph_c_sprint5b_energy,graph_c_context_observation,GraphCContext+S5F2_energy,test,1273,8420,,1,0.3946076035499573
gcn_graph_c_sprint5b_energy,graph_c_context_observation,GraphCContext+S5F2_energy,test,1274,8420,,1,0.6862137317657471
gcn_graph_c_sprint5b_energy,graph_c_context_observation,GraphCContext+S5F2_energy,test,1275,8420,,1,0.4129149615764618
gcn_graph_c_sprint5b_energy,graph_c_context_observation,GraphCContext+S5F2_energy,test,1276,8420,,1,0.8330631852149963
gcn_graph_c_sprint5b_energy,graph_c_context_observation,GraphCContext+S5F2_energy,test,1277,9251,,1,0.6522324681282043
gcn_graph_c_sprint5b_energy,graph_c_context_observation,GraphCContext+S5F2_energy,test,1278,9251,,1,0.8169248700141907
gcn_graph_c_sprint5b_energy,graph_c_context_observation,GraphCContext+S5F2_energy,test,1279,9251,,1,0.07743824273347855
gcn_graph_c_sprint5b_energy,graph_c_context_observation,GraphCContext+S5F2_energy,test,1280,9251,,1,0.2682059407234192
gcn_graph_c_sprint5b_energy,graph_c_context_observation,GraphCContext+S5F2_energy,test,1281,9251,,1,0.635997474193573
gcn_graph_c_sprint5b_energy,graph_c_context_observation,GraphCContext+S5F2_energy,test,1282,9251,,1,0.13062889873981476
gcn_graph_c_sprint5b_energy,graph_c_context_observation,GraphCContext+S5F2_energy,test,1283,9251,,1,0.6432238817214966
gcn_graph_c_sprint5b_energy,graph_c_context_observation,GraphCContext+S5F2_energy,test,1284,9251,,1,0.4107414186000824
gcn_graph_c_sprint5b_energy,graph_c_context_observation,GraphCContext+S5F2_energy,test,1285,9251,,1,0.41880500316619873
gcn_graph_c_sprint5b_energy,graph_c_context_observation,GraphCContext+S5F2_energy,test,1286,9251,,1,0.21942654252052307
gcn_graph_c_sprint5b_energy,graph_c_context_observation,GraphCContext+S5F2_energy,test,1287,9251,,1,0.206938698887825
gcn_graph_c_sprint5b_energy,graph_c_context_observation,GraphCContext+S5F2_energy,test,1288,9251,,1,0.5647639036178589
gcn_graph_c_sprint5b_energy,graph_c_context_observation,GraphCContext+S5F2_energy,test,1289,9251,,1,0.3125928044319153
gcn_graph_c_sprint5b_energy,graph_c_context_observation,GraphCContext+S5F2_energy,test,1290,9251,,1,0.28937068581581116
gcn_graph_c_sprint5b_energy,graph_c_context_observation,GraphCContext+S5F2_energy,test,1291,9251,,1,0.31781890988349915
gcn_graph_c_sprint5b_energy,graph_c_context_observation,GraphCContext+S5F2_energy,test,1292,9251,,1,0.3600432276725769
gcn_graph_c_sprint5b_energy,graph_c_context_observation,GraphCContext+S5F2_energy,test,1293,9251,,1,0.15824417769908905
gcn_graph_c_sprint5b_energy,graph_c_context_observation,GraphCContext+S5F2_energy,test,1294,9251,,1,0.3029107451438904
gcn_graph_c_sprint5b_energy,graph_c_context_observation,GraphCContext+S5F2_energy,test,1295,9251,,1,0.1135488897562027
gcn_graph_c_sprint5b_energy,graph_c_context_observation,GraphCContext+S5F2_energy,test,1296,9251,,1,0.1841898262500763
gcn_graph_c_sprint5b_energy,graph_c_context_observation,GraphCContext+S5F2_energy,test,1297,9251,,1,0.24040330946445465
gcn_graph_c_sprint5b_energy,graph_c_context_observation,GraphCContext+S5F2_energy,test,1298,9251,,1,0.24183838069438934
gcn_graph_c_sprint5b_energy,graph_c_context_observation,GraphCContext+S5F2_energy,test,1299,9251,,1,0.1563814878463745
gcn_graph_c_sprint5b_energy,graph_c_context_observation,GraphCContext+S5F2_energy,test,1300,9251,,1,0.2670125365257263
gcn_graph_c_sprint5b_energy,graph_c_context_observation,GraphCContext+S5F2_energy,test,1301,9251,,1,0.7765532732009888
gcn_graph_c_sprint5b_energy,graph_c_context_observation,GraphCContext+S5F2_energy,test,1302,9251,,1,0.19149409234523773
gcn_graph_c_sprint5b_energy,graph_c_context_observation,GraphCContext+S5F2_energy,test,1303,9251,,1,0.2706644535064697
gcn_graph_c_sprint5b_energy,graph_c_context_observation,GraphCContext+S5F2_energy,test,1304,9251,,1,0.15193988382816315
gcn_graph_c_sprint5b_energy,graph_c_context_observation,GraphCContext+S5F2_energy,test,1305,9251,,1,0.1953132450580597
gcn_graph_c_sprint5b_energy,graph_c_context_observation,GraphCContext+S5F2_energy,test,1306,9251,,1,0.12665104866027832
gcn_graph_c_sprint5b_energy,graph_c_context_observation,GraphCContext+S5F2_energy,test,1307,9251,,1,0.31936436891555786
gcn_graph_c_sprint5b_energy,graph_c_context_observation,GraphCContext+S5F2_energy,test,1308,9251,,1,0.1688346117734909
gcn_graph_c_sprint5b_energy,graph_c_context_observation,GraphCContext+S5F2_energy,test,1309,9251,,1,0.2002483606338501
gcn_graph_c_sprint5b_energy,graph_c_context_observation,GraphCContext+S5F2_energy,test,1310,9251,,1,0.1763739436864853
gcn_graph_c_sprint5b_energy,graph_c_context_observation,GraphCContext+S5F2_energy,test,1311,9251,,1,0.2104080766439438
gcn_graph_c_sprint5b_energy,graph_c_context_observation,GraphCContext+S5F2_energy,test,1312,9251,,1,0.15580837428569794
gcn_graph_c_sprint5b_energy,graph_c_context_observation,GraphCContext+S5F2_energy,test,1313,9251,,1,0.27457091212272644
gcn_graph_c_sprint5b_energy,graph_c_context_observation,GraphCContext+S5F2_energy,test,1314,9251,,1,0.28980639576911926
gcn_graph_c_sprint5b_energy,graph_c_context_observation,GraphCContext+S5F2_energy,test,1315,9251,,1,0.10023582726716995
gcn_graph_c_sprint5b_energy,graph_c_context_observation,GraphCContext+S5F2_energy,test,1316,9251,,1,0.21352508664131165
gcn_graph_c_sprint5b_energy,graph_c_context_observation,GraphCContext+S5F2_energy,test,1317,9251,,1,0.21193428337574005
gcn_graph_c_sprint5b_energy,graph_c_context_observation,GraphCContext+S5F2_energy,test,1318,9251,,1,0.18807297945022583
gcn_graph_c_sprint5b_energy,graph_c_context_observation,GraphCContext+S5F2_energy,test,1319,9251,,1,0.3749237358570099
gcn_graph_c_sprint5b_energy,graph_c_context_observation,GraphCContext+S5F2_energy,test,1320,9251,,1,0.1985723376274109
gcn_graph_c_sprint5b_energy,graph_c_context_observation,GraphCContext+S5F2_energy,test,1321,9251,,1,0.07508843392133713
gcn_graph_c_sprint5b_energy,graph_c_context_observation,GraphCContext+S5F2_energy,test,1322,9251,,1,0.2710105776786804
gcn_graph_c_sprint5b_energy,graph_c_context_observation,GraphCContext+S5F2_energy,test,1323,9251,,1,0.22606278955936432
gcn_graph_c_sprint5b_energy,graph_c_context_observation,GraphCContext+S5F2_energy,test,1324,9251,,1,0.18328799307346344
gcn_graph_c_sprint5b_energy,graph_c_context_observation,GraphCContext+S5F2_energy,test,1325,9251,,1,0.3060000538825989
gcn_graph_c_sprint5b_energy,graph_c_context_observation,GraphCContext+S5F2_energy,test,1326,9251,,1,0.2631653845310211
gcn_graph_c_sprint5b_energy,graph_c_context_observation,GraphCContext+S5F2_energy,test,1327,9251,,1,0.2379571944475174
gcn_graph_c_sprint5b_energy,graph_c_context_observation,GraphCContext+S5F2_energy,test,1328,9251,,1,0.23855510354042053
gcn_graph_c_sprint5b_energy,graph_c_context_observation,GraphCContext+S5F2_energy,test,1329,9251,,1,0.17637644708156586
gcn_graph_c_sprint5b_energy,graph_c_context_observation,GraphCContext+S5F2_energy,test,1330,9251,,1,0.17457939684391022
gcn_graph_c_sprint5b_energy,graph_c_context_observation,GraphCContext+S5F2_energy,test,1331,9251,,1,0.3115644156932831
gcn_graph_c_sprint5b_energy,graph_c_context_observation,GraphCContext+S5F2_energy,test,1332,9251,,1,0.23798365890979767
gcn_graph_c_sprint5b_energy,graph_c_context_observation,GraphCContext+S5F2_energy,test,1333,9251,,1,0.18889166414737701
gcn_graph_c_sprint5b_energy,graph_c_context_observation,GraphCContext+S5F2_energy,test,1334,9251,,1,0.1280006617307663
gcn_graph_c_sprint5b_energy,graph_c_context_observation,GraphCContext+S5F2_energy,test,1335,9251,,1,0.250303715467453
gcn_graph_c_sprint5b_energy,graph_c_context_observation,GraphCContext+S5F2_energy,test,1336,9251,,1,0.13193808495998383
gcn_graph_c_sprint5b_energy,graph_c_context_observation,GraphCContext+S5F2_energy,test,1337,9251,,1,0.16212384402751923
gcn_graph_c_sprint5b_energy,graph_c_context_observation,GraphCContext+S5F2_energy,test,1338,9251,,1,0.1496065855026245
gcn_graph_c_sprint5b_energy,graph_c_context_observation,GraphCContext+S5F2_energy,test,1339,9251,,1,0.19455677270889282
gcn_graph_c_sprint5b_energy,graph_c_context_observation,GraphCContext+S5F2_energy,test,1340,9251,,1,0.16292402148246765
gcn_graph_c_sprint5b_energy,graph_c_context_observation,GraphCContext+S5F2_energy,test,1341,9251,,1,0.2189275175333023
gcn_graph_c_sprint5b_energy,graph_c_context_observation,GraphCContext+S5F2_energy,test,1342,9251,,1,0.2473096251487732
gcn_graph_c_sprint5b_energy,graph_c_context_observation,GraphCContext+S5F2_energy,test,1343,9251,,1,0.3121435344219208
gcn_graph_c_sprint5b_energy,graph_c_context_observation,GraphCContext+S5F2_energy,test,1344,9251,,1,0.570084810256958
gcn_graph_c_sprint5b_energy,graph_c_context_observation,GraphCContext+S5F2_energy,test,1345,9251,,1,0.28937745094299316
gcn_graph_c_sprint5b_energy,graph_c_context_observation,GraphCContext+S5F2_energy,test,1346,9251,,1,0.14178761839866638
gcn_graph_c_sprint5b_energy,graph_c_context_observation,GraphCContext+S5F2_energy,test,1347,9251,,1,0.2717313766479492
gcn_graph_c_sprint5b_energy,graph_c_context_observation,GraphCContext+S5F2_energy,test,1348,9251,,1,0.11847403645515442
gcn_graph_c_sprint5b_energy,graph_c_context_observation,GraphCContext+S5F2_energy,test,1349,9251,,1,0.1074819341301918
gcn_graph_c_sprint5b_energy,graph_c_context_observation,GraphCContext+S5F2_energy,test,1350,9251,,1,0.26265162229537964
gcn_graph_c_sprint5b_energy,graph_c_context_observation,GraphCContext+S5F2_energy,test,1351,9251,,1,0.10820376873016357
gcn_graph_c_sprint5b_energy,graph_c_context_observation,GraphCContext+S5F2_energy,test,1352,9251,,1,0.16467848420143127
gcn_graph_c_sprint5b_energy,graph_c_context_observation,GraphCContext+S5F2_energy,test,1353,9251,,1,0.6762415170669556
gcn_graph_c_sprint5b_energy,graph_c_context_observation,GraphCContext+S5F2_energy,test,1354,9251,,1,0.19794654846191406
gcn_graph_c_sprint5b_energy,graph_c_context_observation,GraphCContext+S5F2_energy,test,1355,9251,,1,0.2643101215362549
gcn_graph_c_sprint5b_energy,graph_c_context_observation,GraphCContext+S5F2_energy,test,1356,9251,,1,0.5438592433929443
gcn_graph_c_sprint5b_energy,graph_c_context_observation,GraphCContext+S5F2_energy,test,1357,9251,,1,0.266891747713089
gcn_graph_c_sprint5b_energy,graph_c_context_observation,GraphCContext+S5F2_energy,test,1358,9251,,1,0.12402896583080292
gcn_graph_c_sprint5b_energy,graph_c_context_observation,GraphCContext+S5F2_energy,test,1359,9251,,1,0.27010679244995117
gcn_graph_c_sprint5b_energy,graph_c_context_observation,GraphCContext+S5F2_energy,test,1360,9251,,1,0.24290160834789276
gcn_graph_c_sprint5b_energy,graph_c_context_observation,GraphCContext+S5F2_energy,test,1361,9251,,1,0.19786396622657776
gcn_graph_c_sprint5b_energy,graph_c_context_observation,GraphCContext+S5F2_energy,test,1362,9251,,1,0.2223954051733017
gcn_graph_c_sprint5b_energy,graph_c_context_observation,GraphCContext+S5F2_energy,test,1363,9251,,1,0.17741794884204865
gcn_graph_c_sprint5b_energy,graph_c_context_observation,GraphCContext+S5F2_energy,test,1364,9251,,1,0.10789118707180023
gcn_graph_c_sprint5b_energy,graph_c_context_observation,GraphCContext+S5F2_energy,test,1365,9251,,1,0.20813782513141632
gcn_graph_c_sprint5b_energy,graph_c_context_observation,GraphCContext+S5F2_energy,test,1366,9251,,1,0.19923686981201172
gcn_graph_c_sprint5b_energy,graph_c_context_observation,GraphCContext+S5F2_energy,test,1367,9251,,1,0.3522425889968872
gcn_graph_c_sprint5b_energy,graph_c_context_observation,GraphCContext+S5F2_energy,test,1368,9251,,1,0.17858053743839264
gcn_graph_c_sprint5b_energy,graph_c_context_observation,GraphCContext+S5F2_energy,test,1369,9251,,1,0.26160797476768494
gcn_graph_c_sprint5b_energy,graph_c_context_observation,GraphCContext+S5F2_energy,test,1370,9251,,1,0.6495970487594604
gcn_graph_c_sprint5b_energy,graph_c_context_observation,GraphCContext+S5F2_energy,test,1371,9251,,1,0.25531476736068726
gcn_graph_c_sprint5b_energy,graph_c_context_observation,GraphCContext+S5F2_energy,test,1372,9251,,1,0.11414296925067902
gcn_graph_c_sprint5b_energy,graph_c_context_observation,GraphCContext+S5F2_energy,test,1373,9251,,0,0.18131190538406372
gcn_graph_c_sprint5b_energy,graph_c_context_observation,GraphCContext+S5F2_energy,test,1374,9251,,0,0.13772127032279968
gcn_graph_c_sprint5b_energy,graph_c_context_observation,GraphCContext+S5F2_energy,test,1375,9251,,0,0.18185223639011383
gcn_graph_c_sprint5b_energy,graph_c_context_observation,GraphCContext+S5F2_energy,test,1376,9251,,0,0.26815569400787354
gcn_graph_c_sprint5b_energy,graph_c_context_observation,GraphCContext+S5F2_energy,test,1377,9251,,0,0.1704345941543579
gcn_graph_c_sprint5b_energy,graph_c_context_observation,GraphCContext+S5F2_energy,test,1378,9251,,0,0.1707194596529007
gcn_graph_c_sprint5b_energy,graph_c_context_observation,GraphCContext+S5F2_energy,test,1379,9251,,0,0.4415687918663025
gcn_graph_c_sprint5b_energy,graph_c_context_observation,GraphCContext+S5F2_energy,test,1380,9251,,0,0.20208145678043365
gcn_graph_c_sprint5b_energy,graph_c_context_observation,GraphCContext+S5F2_energy,test,1381,9251,,0,0.2259742021560669
gcn_graph_c_sprint5b_energy,graph_c_context_observation,GraphCContext+S5F2_energy,test,1382,9251,,0,0.33412718772888184
gcn_graph_c_sprint5b_energy,graph_c_context_observation,GraphCContext+S5F2_energy,test,1383,9251,,0,0.37850698828697205
gcn_graph_c_sprint5b_energy,graph_c_context_observation,GraphCContext+S5F2_energy,test,1384,9251,,0,0.27730488777160645
gcn_graph_c_sprint5b_energy,graph_c_context_observation,GraphCContext+S5F2_energy,test,1385,9251,,0,0.24292251467704773
gcn_graph_c_sprint5b_energy,graph_c_context_observation,GraphCContext+S5F2_energy,test,1386,9251,,0,0.17135939002037048
gcn_graph_c_sprint5b_energy,graph_c_context_observation,GraphCContext+S5F2_energy,test,1387,9251,,0,0.27382904291152954
gcn_graph_c_sprint5b_energy,graph_c_context_observation,GraphCContext+S5F2_energy,test,1388,9251,,0,0.2235986888408661
gcn_graph_c_sprint5b_energy,graph_c_context_observation,GraphCContext+S5F2_energy,test,1389,9251,,0,0.12785704433918
gcn_graph_c_sprint5b_energy,graph_c_context_observation,GraphCContext+S5F2_energy,test,1390,9251,,0,0.3660163879394531
gcn_graph_c_sprint5b_energy,graph_c_context_observation,GraphCContext+S5F2_energy,test,1391,9251,,0,0.274774432182312
gcn_graph_c_sprint5b_energy,graph_c_context_observation,GraphCContext+S5F2_energy,test,1392,9251,,0,0.09514018893241882
gcn_graph_c_sprint5b_energy,graph_c_context_observation,GraphCContext+S5F2_energy,test,1393,9251,,0,0.1844920516014099
gcn_graph_c_sprint5b_energy,graph_c_context_observation,GraphCContext+S5F2_energy,test,1394,9251,,0,0.20885442197322845
gcn_graph_c_sprint5b_energy,graph_c_context_observation,GraphCContext+S5F2_energy,test,1395,9251,,0,0.15108616650104523
gcn_graph_c_sprint5b_energy,graph_c_context_observation,GraphCContext+S5F2_energy,test,1396,9251,,0,0.22615113854408264
gcn_graph_c_sprint5b_energy,graph_c_context_observation,GraphCContext+S5F2_energy,test,1397,9251,,0,0.14742396771907806
gcn_graph_c_sprint5b_energy,graph_c_context_observation,GraphCContext+S5F2_energy,test,1398,9251,,0,0.261389821767807
gcn_graph_c_sprint5b_energy,graph_c_context_observation,GraphCContext+S5F2_energy,test,1399,9251,,0,0.16634079813957214
gcn_graph_c_sprint5b_energy,graph_c_context_observation,GraphCContext+S5F2_energy,test,1400,9251,,0,0.1735232025384903
gcn_graph_c_sprint5b_energy,graph_c_context_observation,GraphCContext+S5F2_energy,test,1401,9251,,0,0.4094673991203308
gcn_graph_c_sprint5b_energy,graph_c_context_observation,GraphCContext+S5F2_energy,test,1402,9251,,0,0.27254974842071533
gcn_graph_c_sprint5b_energy,graph_c_context_observation,GraphCContext+S5F2_energy,test,1403,9251,,0,0.37004807591438293
gcn_graph_c_sprint5b_energy,graph_c_context_observation,GraphCContext+S5F2_energy,test,1404,9251,,0,0.20441934466362
gcn_graph_c_sprint5b_energy,graph_c_context_observation,GraphCContext+S5F2_energy,test,1405,9251,,0,0.29789140820503235
gcn_graph_c_sprint5b_energy,graph_c_context_observation,GraphCContext+S5F2_energy,test,1406,9251,,0,0.09378210455179214
gcn_graph_c_sprint5b_energy,graph_c_context_observation,GraphCContext+S5F2_energy,test,1407,9251,,0,0.07046477496623993
gcn_graph_c_sprint5b_energy,graph_c_context_observation,GraphCContext+S5F2_energy,test,1408,9251,,0,0.6745854020118713
gcn_graph_c_sprint5b_energy,graph_c_context_observation,GraphCContext+S5F2_energy,test,1409,9251,,0,0.21979069709777832
gcn_graph_c_sprint5b_energy,graph_c_context_observation,GraphCContext+S5F2_energy,test,1410,9251,,0,0.10619241744279861
gcn_graph_c_sprint5b_energy,graph_c_context_observation,GraphCContext+S5F2_energy,test,1411,9251,,0,0.17332036793231964
gcn_graph_c_sprint5b_energy,graph_c_context_observation,GraphCContext+S5F2_energy,test,1412,9251,,0,0.32042717933654785
gcn_graph_c_sprint5b_energy,graph_c_context_observation,GraphCContext+S5F2_energy,test,1413,9251,,0,0.14370481669902802
gcn_graph_c_sprint5b_energy,graph_c_context_observation,GraphCContext+S5F2_energy,test,1414,9251,,0,0.38858240842819214
gcn_graph_c_sprint5b_energy,graph_c_context_observation,GraphCContext+S5F2_energy,test,1415,9251,,0,0.350685179233551
gcn_graph_c_sprint5b_energy,graph_c_context_observation,GraphCContext+S5F2_energy,test,1416,9251,,0,0.20609498023986816
gcn_graph_c_sprint5b_energy,graph_c_context_observation,GraphCContext+S5F2_energy,test,1417,9251,,0,0.18915042281150818
gcn_graph_c_sprint5b_energy,graph_c_context_observation,GraphCContext+S5F2_energy,test,1418,9251,,0,0.3210308253765106
gcn_graph_c_sprint5b_energy,graph_c_context_observation,GraphCContext+S5F2_energy,test,1419,9251,,0,0.149419367313385
gcn_graph_c_sprint5b_energy,graph_c_context_observation,GraphCContext+S5F2_energy,test,1420,9251,,0,0.15369853377342224
gcn_graph_c_sprint5b_energy,graph_c_context_observation,GraphCContext+S5F2_energy,test,1421,9251,,0,0.26222383975982666
gcn_graph_c_sprint5b_energy,graph_c_context_observation,GraphCContext+S5F2_energy,test,1422,9251,,0,0.1782529205083847
gcn_graph_c_sprint5b_energy,graph_c_context_observation,GraphCContext+S5F2_energy,test,1423,9251,,0,0.26744717359542847
gcn_graph_c_sprint5b_energy,graph_c_context_observation,GraphCContext+S5F2_energy,test,1424,9251,,0,0.08503787964582443
gcn_graph_c_sprint5b_energy,graph_c_context_observation,GraphCContext+S5F2_energy,test,1425,9251,,0,0.32780447602272034
gcn_graph_c_sprint5b_energy,graph_c_context_observation,GraphCContext+S5F2_energy,test,1426,9251,,0,0.23703457415103912
gcn_graph_c_sprint5b_energy,graph_c_context_observation,GraphCContext+S5F2_energy,test,1427,9251,,0,0.40737682580947876
gcn_graph_c_sprint5b_energy,graph_c_context_observation,GraphCContext+S5F2_energy,test,1428,9251,,0,0.2710143029689789
gcn_graph_c_sprint5b_energy,graph_c_context_observation,GraphCContext+S5F2_energy,test,1429,9251,,0,0.3335992395877838
gcn_graph_c_sprint5b_energy,graph_c_context_observation,GraphCContext+S5F2_energy,test,1430,9251,,0,0.2890981435775757
gcn_graph_c_sprint5b_energy,graph_c_context_observation,GraphCContext+S5F2_energy,test,1431,9251,,0,0.369008868932724
gcn_graph_c_sprint5b_energy,graph_c_context_observation,GraphCContext+S5F2_energy,test,1432,9251,,0,0.30716148018836975
gcn_graph_c_sprint5b_energy,graph_c_context_observation,GraphCContext+S5F2_energy,test,1433,9251,,0,0.13125398755073547
gcn_graph_c_sprint5b_energy,graph_c_context_observation,GraphCContext+S5F2_energy,test,1434,9251,,0,0.25684604048728943
gcn_graph_c_sprint5b_energy,graph_c_context_observation,GraphCContext+S5F2_energy,test,1435,9251,,0,0.11843457072973251
gcn_graph_c_sprint5b_energy,graph_c_context_observation,GraphCContext+S5F2_energy,test,1436,9251,,0,0.20514987409114838
gcn_graph_c_sprint5b_energy,graph_c_context_observation,GraphCContext+S5F2_energy,test,1437,9251,,0,0.36897513270378113
gcn_graph_c_sprint5b_energy,graph_c_context_observation,GraphCContext+S5F2_energy,test,1438,9251,,0,0.21010667085647583
gcn_graph_c_sprint5b_energy,graph_c_context_observation,GraphCContext+S5F2_energy,test,1439,9251,,0,0.1561097353696823
gcn_graph_c_sprint5b_energy,graph_c_context_observation,GraphCContext+S5F2_energy,test,1440,9251,,0,0.1229114904999733
gcn_graph_c_sprint5b_energy,graph_c_context_observation,GraphCContext+S5F2_energy,test,1441,9251,,0,0.13323648273944855
gcn_graph_c_sprint5b_energy,graph_c_context_observation,GraphCContext+S5F2_energy,test,1442,9251,,0,0.12013053894042969
gcn_graph_c_sprint5b_energy,graph_c_context_observation,GraphCContext+S5F2_energy,test,1443,9251,,0,0.25085729360580444
gcn_graph_c_sprint5b_energy,graph_c_context_observation,GraphCContext+S5F2_energy,test,1444,9251,,0,0.43979203701019287
gcn_graph_c_sprint5b_energy,graph_c_context_observation,GraphCContext+S5F2_energy,test,1445,9251,,0,0.21075747907161713
gcn_graph_c_sprint5b_energy,graph_c_context_observation,GraphCContext+S5F2_energy,test,1446,9251,,0,0.3008570671081543
gcn_graph_c_sprint5b_energy,graph_c_context_observation,GraphCContext+S5F2_energy,test,1447,9251,,0,0.15994060039520264
gcn_graph_c_sprint5b_energy,graph_c_context_observation,GraphCContext+S5F2_energy,test,1448,9251,,0,0.2748207449913025
gcn_graph_c_sprint5b_energy,graph_c_context_observation,GraphCContext+S5F2_energy,test,1449,9251,,0,0.12857802212238312
gcn_graph_c_sprint5b_energy,graph_c_context_observation,GraphCContext+S5F2_energy,test,1450,9251,,0,0.22388960421085358
gcn_graph_c_sprint5b_energy,graph_c_context_observation,GraphCContext+S5F2_energy,test,1451,9251,,0,0.0945679172873497
gcn_graph_c_sprint5b_energy,graph_c_context_observation,GraphCContext+S5F2_energy,test,1452,9251,,0,0.23018833994865417
gcn_graph_c_sprint5b_energy,graph_c_context_observation,GraphCContext+S5F2_energy,test,1453,10597,,1,0.23131515085697174
gcn_graph_c_sprint5b_energy,graph_c_context_observation,GraphCContext+S5F2_energy,test,1454,10597,,1,0.06682515144348145
gcn_graph_c_sprint5b_energy,graph_c_context_observation,GraphCContext+S5F2_energy,test,1455,10599,,1,0.995535135269165
gcn_graph_c_sprint5b_energy,graph_c_context_observation,GraphCContext+S5F2_energy,test,1456,10599,,1,0.9976730942726135
gcn_graph_c_sprint5b_energy,graph_c_context_observation,GraphCContext+S5F2_energy,test,1457,10599,,1,0.9937460422515869
gcn_graph_c_sprint5b_energy,graph_c_context_observation,GraphCContext+S5F2_energy,test,1458,10599,,1,0.9989228844642639
gcn_graph_c_sprint5b_energy,graph_c_context_observation,GraphCContext+S5F2_energy,test,1459,10599,,1,0.9949895739555359
gcn_graph_c_sprint5b_energy,graph_c_context_observation,GraphCContext+S5F2_energy,test,1460,10599,,1,0.9920233488082886
gcn_graph_c_sprint5b_energy,graph_c_context_observation,GraphCContext+S5F2_energy,test,1461,10599,,1,0.99924635887146
gcn_graph_c_sprint5b_energy,graph_c_context_observation,GraphCContext+S5F2_energy,test,1462,10599,,1,0.9868394732475281
gcn_graph_c_sprint5b_energy,graph_c_context_observation,GraphCContext+S5F2_energy,test,1463,10599,,1,0.9937402009963989
gcn_graph_c_sprint5b_energy,graph_c_context_observation,GraphCContext+S5F2_energy,test,1464,10599,,1,0.99910968542099
gcn_graph_c_sprint5b_energy,graph_c_context_observation,GraphCContext+S5F2_energy,test,1465,10599,,1,0.9797654747962952
gcn_graph_c_sprint5b_energy,graph_c_context_observation,GraphCContext+S5F2_energy,test,1466,10599,,1,0.9981411695480347
gcn_graph_c_sprint5b_energy,graph_c_context_observation,GraphCContext+S5F2_energy,test,1467,10599,,1,0.9961265921592712
gcn_graph_c_sprint5b_energy,graph_c_context_observation,GraphCContext+S5F2_energy,test,1468,10599,,1,0.9960317015647888
gcn_graph_c_sprint5b_energy,graph_c_context_observation,GraphCContext+S5F2_energy,test,1469,10599,,1,0.9968013763427734
gcn_graph_c_sprint5b_energy,graph_c_context_observation,GraphCContext+S5F2_energy,test,1470,10599,,1,0.998002827167511
gcn_graph_c_sprint5b_energy,graph_c_context_observation,GraphCContext+S5F2_energy,test,1471,10599,,1,0.9971745014190674
gcn_graph_c_sprint5b_energy,graph_c_context_observation,GraphCContext+S5F2_energy,test,1472,10599,,1,0.9984889030456543
gcn_graph_c_sprint5b_energy,graph_c_context_observation,GraphCContext+S5F2_energy,test,1473,10599,,1,0.9949769377708435
gcn_graph_c_sprint5b_energy,graph_c_context_observation,GraphCContext+S5F2_energy,test,1474,10599,,1,0.9933649301528931
gcn_graph_c_sprint5b_energy,graph_c_context_observation,GraphCContext+S5F2_energy,test,1475,10599,,1,0.9976401329040527
gcn_graph_c_sprint5b_energy,graph_c_context_observation,GraphCContext+S5F2_energy,test,1476,10599,,1,0.9994028806686401
gcn_graph_c_sprint5b_energy,graph_c_context_observation,GraphCContext+S5F2_energy,test,1477,10599,,1,0.9959902167320251
gcn_graph_c_sprint5b_energy,graph_c_context_observation,GraphCContext+S5F2_energy,test,1478,10599,,1,0.995307981967926
gcn_graph_c_sprint5b_energy,graph_c_context_observation,GraphCContext+S5F2_energy,test,1479,10599,,1,0.9862333536148071
gcn_graph_c_sprint5b_energy,graph_c_context_observation,GraphCContext+S5F2_energy,test,1480,10599,,1,0.9940398931503296
gcn_graph_c_sprint5b_energy,graph_c_context_observation,GraphCContext+S5F2_energy,test,1481,10599,,1,0.9958885312080383
gcn_graph_c_sprint5b_energy,graph_c_context_observation,GraphCContext+S5F2_energy,test,1482,10599,,1,0.9953147172927856
gcn_graph_c_sprint5b_energy,graph_c_context_observation,GraphCContext+S5F2_energy,test,1483,10599,,1,0.9958427548408508
gcn_graph_c_sprint5b_energy,graph_c_context_observation,GraphCContext+S5F2_energy,test,1484,10599,,1,0.9988260865211487
gcn_graph_c_sprint5b_energy,graph_c_context_observation,GraphCContext+S5F2_energy,test,1485,10599,,1,0.9907308220863342
gcn_graph_c_sprint5b_energy,graph_c_context_observation,GraphCContext+S5F2_energy,test,1486,10599,,1,0.9934536218643188
gcn_graph_c_sprint5b_energy,graph_c_context_observation,GraphCContext+S5F2_energy,test,1487,10599,,1,0.9960881471633911
gcn_graph_c_sprint5b_energy,graph_c_context_observation,GraphCContext+S5F2_energy,test,1488,10957,,1,0.9568639397621155
gcn_graph_c_sprint5b_energy,graph_c_context_observation,GraphCContext+S5F2_energy,test,1489,10957,,1,0.8819445967674255
gcn_graph_c_sprint5b_energy,graph_c_context_observation,GraphCContext+S5F2_energy,test,1490,10957,,1,0.918356716632843
gcn_graph_c_sprint5b_energy,graph_c_context_observation,GraphCContext+S5F2_energy,test,1491,10957,,1,0.9516214728355408
gcn_graph_c_sprint5b_energy,graph_c_context_observation,GraphCContext+S5F2_energy,test,1492,10990,,1,0.36459609866142273
gcn_graph_c_sprint5b_energy,graph_c_context_observation,GraphCContext+S5F2_energy,test,1493,10990,,1,0.08875810354948044
gcn_graph_c_sprint5b_energy,graph_c_context_observation,GraphCContext+S5F2_energy,test,1494,10990,,1,0.1382007747888565
gcn_graph_c_sprint5b_energy,graph_c_context_observation,GraphCContext+S5F2_energy,test,1495,10990,,1,0.20261166989803314
gcn_graph_c_sprint5b_energy,graph_c_context_observation,GraphCContext+S5F2_energy,test,1496,10990,,1,0.07209307700395584
gcn_graph_c_sprint5b_energy,graph_c_context_observation,GraphCContext+S5F2_energy,test,1497,10990,,1,0.1073683351278305
gcn_graph_c_sprint5b_energy,graph_c_context_observation,GraphCContext+S5F2_energy,test,1498,10990,,1,0.07351455092430115
gcn_graph_c_sprint5b_energy,graph_c_context_observation,GraphCContext+S5F2_energy,test,1499,10990,,1,0.07060247659683228
gcn_graph_c_sprint5b_energy,graph_c_context_observation,GraphCContext+S5F2_energy,test,1500,10990,,1,0.09744339436292648
gcn_graph_c_sprint5b_energy,graph_c_context_observation,GraphCContext+S5F2_energy,test,1501,10990,,1,0.0913756787776947
gcn_graph_c_sprint5b_energy,graph_c_context_observation,GraphCContext+S5F2_energy,test,1502,10990,,1,0.08502637594938278
gcn_graph_c_sprint5b_energy,graph_c_context_observation,GraphCContext+S5F2_energy,test,1503,10990,,1,0.12806691229343414
gcn_graph_c_sprint5b_energy,graph_c_context_observation,GraphCContext+S5F2_energy,test,1504,10990,,1,0.098541259765625
gcn_graph_c_sprint5b_energy,graph_c_context_observation,GraphCContext+S5F2_energy,test,1505,10990,,1,0.1583070605993271
gcn_graph_c_sprint5b_energy,graph_c_context_observation,GraphCContext+S5F2_energy,test,1506,10990,,1,0.20147104561328888
gcn_graph_c_sprint5b_energy,graph_c_context_observation,GraphCContext+S5F2_energy,test,1507,10990,,1,0.1824512481689453
gcn_graph_c_sprint5b_energy,graph_c_context_observation,GraphCContext+S5F2_energy,test,1508,10990,,1,0.04984484240412712
gcn_graph_c_sprint5b_energy,graph_c_context_observation,GraphCContext+S5F2_energy,test,1509,10990,,1,0.09014539420604706
gcn_graph_c_sprint5b_energy,graph_c_context_observation,GraphCContext+S5F2_energy,test,1510,10990,,1,0.10153316706418991
gcn_graph_c_sprint5b_energy,graph_c_context_observation,GraphCContext+S5F2_energy,test,1511,10990,,1,0.09470810741186142
gcn_graph_c_sprint5b_energy,graph_c_context_observation,GraphCContext+S5F2_energy,test,1512,11012,,1,0.06314904242753983
gcn_graph_c_sprint5b_energy,graph_c_context_observation,GraphCContext+S5F2_energy,test,1513,11012,,1,0.1325986683368683
gcn_graph_c_sprint5b_energy,graph_c_context_observation,GraphCContext+S5F2_energy,test,1514,11012,,1,0.40570923686027527
gcn_graph_c_sprint5b_energy,graph_c_context_observation,GraphCContext+S5F2_energy,test,1515,11012,,1,0.13117347657680511
gcn_graph_c_sprint5b_energy,graph_c_context_observation,GraphCContext+S5F2_energy,test,1516,11012,,1,0.13167551159858704
gcn_graph_c_sprint5b_energy,graph_c_context_observation,GraphCContext+S5F2_energy,test,1517,11012,,1,0.14250308275222778
gcn_graph_c_sprint5b_energy,graph_c_context_observation,GraphCContext+S5F2_energy,test,1518,11012,,1,0.1342902034521103
gcn_graph_c_sprint5b_energy,graph_c_context_observation,GraphCContext+S5F2_energy,test,1519,11012,,1,0.07578523457050323
gcn_graph_c_sprint5b_energy,graph_c_context_observation,GraphCContext+S5F2_energy,test,1520,11173,,1,0.9998582601547241
gcn_graph_c_sprint5b_energy,graph_c_context_observation,GraphCContext+S5F2_energy,test,1521,11173,,1,0.9993383288383484
gcn_graph_c_sprint5b_energy,graph_c_context_observation,GraphCContext+S5F2_energy,test,1522,11173,,1,0.9996172189712524
gcn_graph_c_sprint5b_energy,graph_c_context_observation,GraphCContext+S5F2_energy,test,1523,11173,,1,0.9994307160377502
gcn_graph_c_sprint5b_energy,graph_c_context_observation,GraphCContext+S5F2_energy,test,1524,11173,,1,0.9992173910140991
gcn_graph_c_sprint5b_energy,graph_c_context_observation,GraphCContext+S5F2_energy,test,1525,11173,,1,0.9999079704284668
gcn_graph_c_sprint5b_energy,graph_c_context_observation,GraphCContext+S5F2_energy,test,1526,11173,,1,0.9984487295150757
gcn_graph_c_sprint5b_energy,graph_c_context_observation,GraphCContext+S5F2_energy,test,1527,11173,,1,0.9998123049736023
gcn_graph_c_sprint5b_energy,graph_c_context_observation,GraphCContext+S5F2_energy,test,1528,11173,,1,0.9999390840530396
gcn_graph_c_sprint5b_energy,graph_c_context_observation,GraphCContext+S5F2_energy,test,1529,11173,,1,0.9988458156585693
gcn_graph_c_sprint5b_energy,graph_c_context_observation,GraphCContext+S5F2_energy,test,1530,11173,,1,0.9981982111930847
gcn_graph_c_sprint5b_energy,graph_c_context_observation,GraphCContext+S5F2_energy,test,1531,11173,,1,0.9997366070747375
gcn_graph_c_sprint5b_energy,graph_c_context_observation,GraphCContext+S5F2_energy,test,1532,11173,,1,0.9990556836128235
gcn_graph_c_sprint5b_energy,graph_c_context_observation,GraphCContext+S5F2_energy,test,1533,11173,,1,0.9987987279891968
gcn_graph_c_sprint5b_energy,graph_c_context_observation,GraphCContext+S5F2_energy,test,1534,11173,,1,0.9993576407432556
gcn_graph_c_sprint5b_energy,graph_c_context_observation,GraphCContext+S5F2_energy,test,1535,11173,,1,0.99982750415802
gcn_graph_c_sprint5b_energy,graph_c_context_observation,GraphCContext+S5F2_energy,test,1536,11173,,1,0.9998334646224976
gcn_graph_c_sprint5b_energy,graph_c_context_observation,GraphCContext+S5F2_energy,test,1537,11173,,1,0.9997109770774841
gcn_graph_c_sprint5b_energy,graph_c_context_observation,GraphCContext+S5F2_energy,test,1538,11173,,1,0.9988741278648376
gcn_graph_c_sprint5b_energy,graph_c_context_observation,GraphCContext+S5F2_energy,test,1539,11173,,1,0.9998255372047424
gcn_graph_c_sprint5b_energy,graph_c_context_observation,GraphCContext+S5F2_energy,test,1540,11173,,1,0.999430239200592
gcn_graph_c_sprint5b_energy,graph_c_context_observation,GraphCContext+S5F2_energy,test,1541,11173,,1,0.9997935891151428
gcn_graph_c_sprint5b_energy,graph_c_context_observation,GraphCContext+S5F2_energy,test,1542,11173,,1,0.9986710548400879
gcn_graph_c_sprint5b_energy,graph_c_context_observation,GraphCContext+S5F2_energy,test,1543,11173,,1,0.9997565150260925
gcn_graph_c_sprint5b_energy,graph_c_context_observation,GraphCContext+S5F2_energy,test,1544,11173,,1,0.9996682405471802
gcn_graph_c_sprint5b_energy,graph_c_context_observation,GraphCContext+S5F2_energy,test,1545,11173,,1,0.9998823404312134
gcn_graph_c_sprint5b_energy,graph_c_context_observation,GraphCContext+S5F2_energy,test,1546,11173,,1,0.9984904527664185
gcn_graph_c_sprint5b_energy,graph_c_context_observation,GraphCContext+S5F2_energy,test,1547,11173,,1,0.9998605251312256
gcn_graph_c_sprint5b_energy,graph_c_context_observation,GraphCContext+S5F2_energy,test,1548,11173,,1,0.9990444779396057
gcn_graph_c_sprint5b_energy,graph_c_context_observation,GraphCContext+S5F2_energy,test,1549,11173,,1,0.9912903308868408
gcn_graph_c_sprint5b_energy,graph_c_context_observation,GraphCContext+S5F2_energy,test,1550,11173,,1,0.9997429251670837
gcn_graph_c_sprint5b_energy,graph_c_context_observation,GraphCContext+S5F2_energy,test,1551,11173,,1,0.9998842477798462
gcn_graph_c_sprint5b_energy,graph_c_context_observation,GraphCContext+S5F2_energy,test,1552,11173,,1,0.9989025592803955
gcn_graph_c_sprint5b_energy,graph_c_context_observation,GraphCContext+S5F2_energy,test,1553,11173,,1,0.999523401260376
gcn_graph_c_sprint5b_energy,graph_c_context_observation,GraphCContext+S5F2_energy,test,1554,11173,,1,0.9998118281364441
gcn_graph_c_sprint5b_energy,graph_c_context_observation,GraphCContext+S5F2_energy,test,1555,11173,,1,0.9984205961227417
gcn_graph_c_sprint5b_energy,graph_c_context_observation,GraphCContext+S5F2_energy,test,1556,11173,,1,0.9968007802963257
gcn_graph_c_sprint5b_energy,graph_c_context_observation,GraphCContext+S5F2_energy,test,1557,11173,,1,0.9999109506607056
gcn_graph_c_sprint5b_energy,graph_c_context_observation,GraphCContext+S5F2_energy,test,1558,11173,,1,0.9997426867485046
gcn_graph_c_sprint5b_energy,graph_c_context_observation,GraphCContext+S5F2_energy,test,1559,11173,,1,0.9998075366020203
gcn_graph_c_sprint5b_energy,graph_c_context_observation,GraphCContext+S5F2_energy,test,1560,11173,,1,0.9997147917747498
gcn_graph_c_sprint5b_energy,graph_c_context_observation,GraphCContext+S5F2_energy,test,1561,11173,,1,0.9994258880615234
gcn_graph_c_sprint5b_energy,graph_c_context_observation,GraphCContext+S5F2_energy,test,1562,11173,,1,0.9994613528251648
gcn_graph_c_sprint5b_energy,graph_c_context_observation,GraphCContext+S5F2_energy,test,1563,11173,,1,0.9997649788856506
gcn_graph_c_sprint5b_energy,graph_c_context_observation,GraphCContext+S5F2_energy,test,1564,11173,,1,0.9993354678153992
gcn_graph_c_sprint5b_energy,graph_c_context_observation,GraphCContext+S5F2_energy,test,1565,11173,,1,0.9995319843292236
gcn_graph_c_sprint5b_energy,graph_c_context_observation,GraphCContext+S5F2_energy,test,1566,11173,,1,0.9961767196655273
gcn_graph_c_sprint5b_energy,graph_c_context_observation,GraphCContext+S5F2_energy,test,1567,11173,,1,0.9974884986877441
gcn_graph_c_sprint5b_energy,graph_c_context_observation,GraphCContext+S5F2_energy,test,1568,11173,,1,0.9988940358161926
gcn_graph_c_sprint5b_energy,graph_c_context_observation,GraphCContext+S5F2_energy,test,1569,11173,,1,0.9977923631668091
gcn_graph_c_sprint5b_energy,graph_c_context_observation,GraphCContext+S5F2_energy,test,1570,11173,,1,0.9954128861427307
gcn_graph_c_sprint5b_energy,graph_c_context_observation,GraphCContext+S5F2_energy,test,1571,11173,,1,0.9996904134750366
gcn_graph_c_sprint5b_energy,graph_c_context_observation,GraphCContext+S5F2_energy,test,1572,11173,,1,0.9990712404251099
gcn_graph_c_sprint5b_energy,graph_c_context_observation,GraphCContext+S5F2_energy,test,1573,11173,,1,0.9997521042823792
gcn_graph_c_sprint5b_energy,graph_c_context_observation,GraphCContext+S5F2_energy,test,1574,11173,,1,0.999824583530426
gcn_graph_c_sprint5b_energy,graph_c_context_observation,GraphCContext+S5F2_energy,test,1575,11173,,1,0.9997352957725525
gcn_graph_c_sprint5b_energy,graph_c_context_observation,GraphCContext+S5F2_energy,test,1576,11173,,1,0.9995636343955994
gcn_graph_c_sprint5b_energy,graph_c_context_observation,GraphCContext+S5F2_energy,test,1577,11173,,1,0.9996558427810669
gcn_graph_c_sprint5b_energy,graph_c_context_observation,GraphCContext+S5F2_energy,test,1578,11173,,1,0.9993525147438049
gcn_graph_c_sprint5b_energy,graph_c_context_observation,GraphCContext+S5F2_energy,test,1579,11173,,1,0.9988377690315247
gcn_graph_c_sprint5b_energy,graph_c_context_observation,GraphCContext+S5F2_energy,test,1580,11173,,1,0.9992738366127014
gcn_graph_c_sprint5b_energy,graph_c_context_observation,GraphCContext+S5F2_energy,test,1581,11173,,1,0.9997428059577942
gcn_graph_c_sprint5b_energy,graph_c_context_observation,GraphCContext+S5F2_energy,test,1582,11173,,1,0.9990867376327515
gcn_graph_c_sprint5b_energy,graph_c_context_observation,GraphCContext+S5F2_energy,test,1583,11173,,1,0.9978195428848267
gcn_graph_c_sprint5b_energy,graph_c_context_observation,GraphCContext+S5F2_energy,test,1584,11173,,1,0.9997451901435852
gcn_graph_c_sprint5b_energy,graph_c_context_observation,GraphCContext+S5F2_energy,test,1585,11173,,1,0.9998175501823425
gcn_graph_c_sprint5b_energy,graph_c_context_observation,GraphCContext+S5F2_energy,test,1586,11173,,1,0.9998635053634644
gcn_graph_c_sprint5b_energy,graph_c_context_observation,GraphCContext+S5F2_energy,test,1587,11173,,1,0.9996041655540466
gcn_graph_c_sprint5b_energy,graph_c_context_observation,GraphCContext+S5F2_energy,test,1588,11173,,1,0.9999181032180786
gcn_graph_c_sprint5b_energy,graph_c_context_observation,GraphCContext+S5F2_energy,test,1589,11173,,1,0.9990646243095398
gcn_graph_c_sprint5b_energy,graph_c_context_observation,GraphCContext+S5F2_energy,test,1590,11173,,1,0.9993371367454529
gcn_graph_c_sprint5b_energy,graph_c_context_observation,GraphCContext+S5F2_energy,test,1591,11173,,1,0.9996458292007446
gcn_graph_c_sprint5b_energy,graph_c_context_observation,GraphCContext+S5F2_energy,test,1592,11173,,1,0.9997645020484924
gcn_graph_c_sprint5b_energy,graph_c_context_observation,GraphCContext+S5F2_energy,test,1593,11173,,1,0.9994010925292969
gcn_graph_c_sprint5b_energy,graph_c_context_observation,GraphCContext+S5F2_energy,test,1594,11173,,1,0.9995168447494507
gcn_graph_c_sprint5b_energy,graph_c_context_observation,GraphCContext+S5F2_energy,test,1595,11173,,1,0.9994637370109558
gcn_graph_c_sprint5b_energy,graph_c_context_observation,GraphCContext+S5F2_energy,test,1596,11173,,1,0.9990455508232117
gcn_graph_c_sprint5b_energy,graph_c_context_observation,GraphCContext+S5F2_energy,test,1597,11173,,1,0.9997288584709167
gcn_graph_c_sprint5b_energy,graph_c_context_observation,GraphCContext+S5F2_energy,test,1598,11173,,1,0.9997661709785461
gcn_graph_c_sprint5b_energy,graph_c_context_observation,GraphCContext+S5F2_energy,test,1599,11173,,1,0.9992508292198181
gcn_graph_c_sprint5b_energy,graph_c_context_observation,GraphCContext+S5F2_energy,test,1600,11173,,1,0.9993064403533936
gcn_graph_c_sprint5b_energy,graph_c_context_observation,GraphCContext+S5F2_energy,test,1601,11173,,1,0.9997888207435608
gcn_graph_c_sprint5b_energy,graph_c_context_observation,GraphCContext+S5F2_energy,test,1602,11173,,1,0.9977738261222839
gcn_graph_c_sprint5b_energy,graph_c_context_observation,GraphCContext+S5F2_energy,test,1603,11173,,1,0.9994938373565674
gcn_graph_c_sprint5b_energy,graph_c_context_observation,GraphCContext+S5F2_energy,test,1604,11173,,1,0.9988032579421997
gcn_graph_c_sprint5b_energy,graph_c_context_observation,GraphCContext+S5F2_energy,test,1605,11173,,1,0.9995694756507874
gcn_graph_c_sprint5b_energy,graph_c_context_observation,GraphCContext+S5F2_energy,test,1606,11173,,1,0.9983885288238525
gcn_graph_c_sprint5b_energy,graph_c_context_observation,GraphCContext+S5F2_energy,test,1607,11173,,1,0.9974421262741089
gcn_graph_c_sprint5b_energy,graph_c_context_observation,GraphCContext+S5F2_energy,test,1608,11173,,1,0.9972199201583862
gcn_graph_c_sprint5b_energy,graph_c_context_observation,GraphCContext+S5F2_energy,test,1609,11173,,1,0.9984538555145264
gcn_graph_c_sprint5b_energy,graph_c_context_observation,GraphCContext+S5F2_energy,test,1610,11173,,1,0.9992215633392334
gcn_graph_c_sprint5b_energy,graph_c_context_observation,GraphCContext+S5F2_energy,test,1611,11173,,1,0.9995328187942505
gcn_graph_c_sprint5b_energy,graph_c_context_observation,GraphCContext+S5F2_energy,test,1612,11173,,1,0.9996041655540466
gcn_graph_c_sprint5b_energy,graph_c_context_observation,GraphCContext+S5F2_energy,test,1613,11173,,1,0.9996662139892578
gcn_graph_c_sprint5b_energy,graph_c_context_observation,GraphCContext+S5F2_energy,test,1614,11173,,1,0.9976636171340942
gcn_graph_c_sprint5b_energy,graph_c_context_observation,GraphCContext+S5F2_energy,test,1615,11173,,1,0.9990749359130859
gcn_graph_c_sprint5b_energy,graph_c_context_observation,GraphCContext+S5F2_energy,test,1616,11173,,1,0.9980310797691345
gcn_graph_c_sprint5b_energy,graph_c_context_observation,GraphCContext+S5F2_energy,test,1617,11173,,1,0.9969056248664856
gcn_graph_c_sprint5b_energy,graph_c_context_observation,GraphCContext+S5F2_energy,test,1618,11173,,1,0.9995794892311096
gcn_graph_c_sprint5b_energy,graph_c_context_observation,GraphCContext+S5F2_energy,test,1619,11173,,1,0.998960018157959
gcn_graph_c_sprint5b_energy,graph_c_context_observation,GraphCContext+S5F2_energy,test,1620,11173,,1,0.9999339580535889
gcn_graph_c_sprint5b_energy,graph_c_context_observation,GraphCContext+S5F2_energy,test,1621,11173,,1,0.9998156428337097
gcn_graph_c_sprint5b_energy,graph_c_context_observation,GraphCContext+S5F2_energy,test,1622,11173,,1,0.9995672106742859
gcn_graph_c_sprint5b_energy,graph_c_context_observation,GraphCContext+S5F2_energy,test,1623,11173,,1,0.9995809197425842
gcn_graph_c_sprint5b_energy,graph_c_context_observation,GraphCContext+S5F2_energy,test,1624,11173,,1,0.99940025806427
gcn_graph_c_sprint5b_energy,graph_c_context_observation,GraphCContext+S5F2_energy,test,1625,11173,,1,0.9994558691978455
gcn_graph_c_sprint5b_energy,graph_c_context_observation,GraphCContext+S5F2_energy,test,1626,11173,,1,0.9997307658195496
gcn_graph_c_sprint5b_energy,graph_c_context_observation,GraphCContext+S5F2_energy,test,1627,11173,,1,0.9997332692146301
gcn_graph_c_sprint5b_energy,graph_c_context_observation,GraphCContext+S5F2_energy,test,1628,11173,,1,0.9994422793388367
gcn_graph_c_sprint5b_energy,graph_c_context_observation,GraphCContext+S5F2_energy,test,1629,11173,,1,0.9988586902618408
gcn_graph_c_sprint5b_energy,graph_c_context_observation,GraphCContext+S5F2_energy,test,1630,11173,,1,0.9998358488082886
gcn_graph_c_sprint5b_energy,graph_c_context_observation,GraphCContext+S5F2_energy,test,1631,11173,,1,0.9996318817138672
gcn_graph_c_sprint5b_energy,graph_c_context_observation,GraphCContext+S5F2_energy,test,1632,11173,,1,0.9988868832588196
gcn_graph_c_sprint5b_energy,graph_c_context_observation,GraphCContext+S5F2_energy,test,1633,11173,,1,0.9987661838531494
gcn_graph_c_sprint5b_energy,graph_c_context_observation,GraphCContext+S5F2_energy,test,1634,11173,,1,0.9994550347328186
gcn_graph_c_sprint5b_energy,graph_c_context_observation,GraphCContext+S5F2_energy,test,1635,11173,,1,0.9952329993247986
gcn_graph_c_sprint5b_energy,graph_c_context_observation,GraphCContext+S5F2_energy,test,1636,11173,,1,0.9990105628967285
gcn_graph_c_sprint5b_energy,graph_c_context_observation,GraphCContext+S5F2_energy,test,1637,11173,,1,0.9984554052352905
gcn_graph_c_sprint5b_energy,graph_c_context_observation,GraphCContext+S5F2_energy,test,1638,11173,,1,0.9991637468338013
gcn_graph_c_sprint5b_energy,graph_c_context_observation,GraphCContext+S5F2_energy,test,1639,11173,,1,0.9990178346633911
gcn_graph_c_sprint5b_energy,graph_c_context_observation,GraphCContext+S5F2_energy,test,1640,11173,,1,0.9991402626037598
gcn_graph_c_sprint5b_energy,graph_c_context_observation,GraphCContext+S5F2_energy,test,1641,11173,,1,0.9990805387496948
gcn_graph_c_sprint5b_energy,graph_c_context_observation,GraphCContext+S5F2_energy,test,1642,11173,,1,0.9997420907020569
gcn_graph_c_sprint5b_energy,graph_c_context_observation,GraphCContext+S5F2_energy,test,1643,11173,,1,0.9992994070053101
gcn_graph_c_sprint5b_energy,graph_c_context_observation,GraphCContext+S5F2_energy,test,1644,11173,,1,0.9963087439537048
gcn_graph_c_sprint5b_energy,graph_c_context_observation,GraphCContext+S5F2_energy,test,1645,11173,,1,0.9998486042022705
gcn_graph_c_sprint5b_energy,graph_c_context_observation,GraphCContext+S5F2_energy,test,1646,11173,,1,0.9995282888412476
gcn_graph_c_sprint5b_energy,graph_c_context_observation,GraphCContext+S5F2_energy,test,1647,11173,,1,0.9998328685760498
gcn_graph_c_sprint5b_energy,graph_c_context_observation,GraphCContext+S5F2_energy,test,1648,11173,,1,0.9995232820510864
gcn_graph_c_sprint5b_energy,graph_c_context_observation,GraphCContext+S5F2_energy,test,1649,11173,,1,0.9994638562202454
gcn_graph_c_sprint5b_energy,graph_c_context_observation,GraphCContext+S5F2_energy,test,1650,11173,,1,0.9945570230484009
gcn_graph_c_sprint5b_energy,graph_c_context_observation,GraphCContext+S5F2_energy,test,1651,11173,,1,0.999826967716217
gcn_graph_c_sprint5b_energy,graph_c_context_observation,GraphCContext+S5F2_energy,test,1652,11173,,1,0.9987938404083252
gcn_graph_c_sprint5b_energy,graph_c_context_observation,GraphCContext+S5F2_energy,test,1653,11173,,1,0.9996707439422607
gcn_graph_c_sprint5b_energy,graph_c_context_observation,GraphCContext+S5F2_energy,test,1654,11173,,1,0.9960546493530273
gcn_graph_c_sprint5b_energy,graph_c_context_observation,GraphCContext+S5F2_energy,test,1655,11173,,1,0.9997653365135193
gcn_graph_c_sprint5b_energy,graph_c_context_observation,GraphCContext+S5F2_energy,test,1656,11173,,1,0.9985455274581909
gcn_graph_c_sprint5b_energy,graph_c_context_observation,GraphCContext+S5F2_energy,test,1657,11173,,1,0.9997096657752991
gcn_graph_c_sprint5b_energy,graph_c_context_observation,GraphCContext+S5F2_energy,test,1658,11173,,1,0.999545156955719
gcn_graph_c_sprint5b_energy,graph_c_context_observation,GraphCContext+S5F2_energy,test,1659,11173,,1,0.9983053207397461
gcn_graph_c_sprint5b_energy,graph_c_context_observation,GraphCContext+S5F2_energy,test,1660,11173,,1,0.9983422756195068
gcn_graph_c_sprint5b_energy,graph_c_context_observation,GraphCContext+S5F2_energy,test,1661,11173,,1,0.9993653893470764
gcn_graph_c_sprint5b_energy,graph_c_context_observation,GraphCContext+S5F2_energy,test,1662,11173,,1,0.9993368983268738
gcn_graph_c_sprint5b_energy,graph_c_context_observation,GraphCContext+S5F2_energy,test,1663,11173,,1,0.9993098974227905
gcn_graph_c_sprint5b_energy,graph_c_context_observation,GraphCContext+S5F2_energy,test,1664,11173,,1,0.9997376799583435
gcn_graph_c_sprint5b_energy,graph_c_context_observation,GraphCContext+S5F2_energy,test,1665,11299,,1,0.9952066540718079
gcn_graph_c_sprint5b_energy,graph_c_context_observation,GraphCContext+S5F2_energy,test,1666,11299,,1,0.998961329460144
gcn_graph_c_sprint5b_energy,graph_c_context_observation,GraphCContext+S5F2_energy,test,1667,11299,,1,0.9984198808670044
gcn_graph_c_sprint5b_energy,graph_c_context_observation,GraphCContext+S5F2_energy,test,1668,11299,,1,0.9964519739151001
gcn_graph_c_sprint5b_energy,graph_c_context_observation,GraphCContext+S5F2_energy,test,1669,11299,,1,0.9947552680969238
gcn_graph_c_sprint5b_energy,graph_c_context_observation,GraphCContext+S5F2_energy,test,1670,11299,,1,0.9949318766593933
gcn_graph_c_sprint5b_energy,graph_c_context_observation,GraphCContext+S5F2_energy,test,1671,11299,,1,0.9954375624656677
gcn_graph_c_sprint5b_energy,graph_c_context_observation,GraphCContext+S5F2_energy,test,1672,11299,,1,0.9979939460754395
gcn_graph_c_sprint5b_energy,graph_c_context_observation,GraphCContext+S5F2_energy,test,1673,11299,,1,0.9911057353019714
gcn_graph_c_sprint5b_energy,graph_c_context_observation,GraphCContext+S5F2_energy,test,1674,11299,,1,0.9926929473876953
gcn_graph_c_sprint5b_energy,graph_c_context_observation,GraphCContext+S5F2_energy,test,1675,11299,,1,0.99662184715271
gcn_graph_c_sprint5b_energy,graph_c_context_observation,GraphCContext+S5F2_energy,test,1676,11487,,1,0.99782794713974
gcn_graph_c_sprint5b_energy,graph_c_context_observation,GraphCContext+S5F2_energy,test,1677,11487,,1,0.9980304837226868
gcn_graph_c_sprint5b_energy,graph_c_context_observation,GraphCContext+S5F2_energy,test,1678,11487,,1,0.9980417490005493
gcn_graph_c_sprint5b_energy,graph_c_context_observation,GraphCContext+S5F2_energy,test,1679,11487,,1,0.9952484965324402
gcn_graph_c_sprint5b_energy,graph_c_context_observation,GraphCContext+S5F2_energy,test,1680,11487,,1,0.998104453086853
gcn_graph_c_sprint5b_energy,graph_c_context_observation,GraphCContext+S5F2_energy,test,1681,11487,,1,0.9952366352081299
gcn_graph_c_sprint5b_energy,graph_c_context_observation,GraphCContext+S5F2_energy,test,1682,11487,,1,0.9757314324378967
gcn_graph_c_sprint5b_energy,graph_c_context_observation,GraphCContext+S5F2_energy,test,1683,11487,,1,0.9932712912559509
gcn_graph_c_sprint5b_energy,graph_c_context_observation,GraphCContext+S5F2_energy,test,1684,11487,,1,0.9988033771514893
gcn_graph_c_sprint5b_energy,graph_c_context_observation,GraphCContext+S5F2_energy,test,1685,11487,,1,0.997305154800415
gcn_graph_c_sprint5b_energy,graph_c_context_observation,GraphCContext+S5F2_energy,test,1686,11487,,1,0.9957964420318604
gcn_graph_c_sprint5b_energy,graph_c_context_observation,GraphCContext+S5F2_energy,test,1687,11487,,1,0.9977680444717407
gcn_graph_c_sprint5b_energy,graph_c_context_observation,GraphCContext+S5F2_energy,test,1688,11487,,1,0.9927292466163635
gcn_graph_c_sprint5b_energy,graph_c_context_observation,GraphCContext+S5F2_energy,test,1689,11506,,1,0.9997021555900574
gcn_graph_c_sprint5b_energy,graph_c_context_observation,GraphCContext+S5F2_energy,test,1690,11506,,1,0.9949522018432617
gcn_graph_c_sprint5b_energy,graph_c_context_observation,GraphCContext+S5F2_energy,test,1691,11506,,1,0.998594343662262
gcn_graph_c_sprint5b_energy,graph_c_context_observation,GraphCContext+S5F2_energy,test,1692,11506,,0,0.9989726543426514
gcn_graph_c_sprint5b_energy,graph_c_context_observation,GraphCContext+S5F2_energy,test,1693,11506,,1,0.9996761083602905
gcn_graph_c_sprint5b_energy,graph_c_context_observation,GraphCContext+S5F2_energy,test,1694,11506,,1,0.9997697472572327
gcn_graph_c_sprint5b_energy,graph_c_context_observation,GraphCContext+S5F2_energy,test,1695,11506,,0,0.9979775547981262
gcn_graph_c_sprint5b_energy,graph_c_context_observation,GraphCContext+S5F2_energy,test,1696,11506,,0,0.9992139339447021
gcn_graph_c_sprint5b_energy,graph_c_context_observation,GraphCContext+S5F2_energy,test,1697,11506,,0,0.9968163371086121
gcn_graph_c_sprint5b_energy,graph_c_context_observation,GraphCContext+S5F2_energy,test,1698,11506,,0,0.9988334774971008
gcn_graph_c_sprint5b_energy,graph_c_context_observation,GraphCContext+S5F2_energy,test,1699,11506,,0,0.9987884163856506
gcn_graph_c_sprint5b_energy,graph_c_context_observation,GraphCContext+S5F2_energy,test,1700,11506,,0,0.9949113726615906
gcn_graph_c_sprint5b_energy,graph_c_context_observation,GraphCContext+S5F2_energy,test,1701,11506,,0,0.9985887408256531
