run_id,predeclared_run_id,role,model_name,architecture,graph_schema,feature_set,split,row_index,grna_target_id,genome,label,score
sprint9_multiseed_S8A_R2_seed2024_S8A_R2_context_edge_film,S8A_R2_context_edge_film,graph_c_gatv2_context_edge_film_interaction,gatv2_graph_c_sprint8a_context_edge_film,gatv2,graph_c_context_observation,S5F2_energy,val,0,176,,1,0.6376135349273682
sprint9_multiseed_S8A_R2_seed2024_S8A_R2_context_edge_film,S8A_R2_context_edge_film,graph_c_gatv2_context_edge_film_interaction,gatv2_graph_c_sprint8a_context_edge_film,gatv2,graph_c_context_observation,S5F2_energy,val,1,176,,1,0.6714944243431091
sprint9_multiseed_S8A_R2_seed2024_S8A_R2_context_edge_film,S8A_R2_context_edge_film,graph_c_gatv2_context_edge_film_interaction,gatv2_graph_c_sprint8a_context_edge_film,gatv2,graph_c_context_observation,S5F2_energy,val,2,176,,1,0.5248997211456299
sprint9_multiseed_S8A_R2_seed2024_S8A_R2_context_edge_film,S8A_R2_context_edge_film,graph_c_gatv2_context_edge_film_interaction,gatv2_graph_c_sprint8a_context_edge_film,gatv2,graph_c_context_observation,S5F2_energy,val,3,176,,1,0.614817202091217
sprint9_multiseed_S8A_R2_seed2024_S8A_R2_context_edge_film,S8A_R2_context_edge_film,graph_c_gatv2_context_edge_film_interaction,gatv2_graph_c_sprint8a_context_edge_film,gatv2,graph_c_context_observation,S5F2_energy,val,4,176,,1,0.576052188873291
sprint9_multiseed_S8A_R2_seed2024_S8A_R2_context_edge_film,S8A_R2_context_edge_film,graph_c_gatv2_context_edge_film_interaction,gatv2_graph_c_sprint8a_context_edge_film,gatv2,graph_c_context_observation,S5F2_energy,val,5,176,,1,0.5686051845550537
sprint9_multiseed_S8A_R2_seed2024_S8A_R2_context_edge_film,S8A_R2_context_edge_film,graph_c_gatv2_context_edge_film_interaction,gatv2_graph_c_sprint8a_context_edge_film,gatv2,graph_c_context_observation,S5F2_energy,val,6,176,,1,0.5374363660812378
sprint9_multiseed_S8A_R2_seed2024_S8A_R2_context_edge_film,S8A_R2_context_edge_film,graph_c_gatv2_context_edge_film_interaction,gatv2_graph_c_sprint8a_context_edge_film,gatv2,graph_c_context_observation,S5F2_energy,val,7,176,,0,0.48429638147354126
sprint9_multiseed_S8A_R2_seed2024_S8A_R2_context_edge_film,S8A_R2_context_edge_film,graph_c_gatv2_context_edge_film_interaction,gatv2_graph_c_sprint8a_context_edge_film,gatv2,graph_c_context_observation,S5F2_energy,val,8,176,,1,0.5076833367347717
sprint9_multiseed_S8A_R2_seed2024_S8A_R2_context_edge_film,S8A_R2_context_edge_film,graph_c_gatv2_context_edge_film_interaction,gatv2_graph_c_sprint8a_context_edge_film,gatv2,graph_c_context_observation,S5F2_energy,val,9,176,,1,0.5487102270126343
sprint9_multiseed_S8A_R2_seed2024_S8A_R2_context_edge_film,S8A_R2_context_edge_film,graph_c_gatv2_context_edge_film_interaction,gatv2_graph_c_sprint8a_context_edge_film,gatv2,graph_c_context_observation,S5F2_energy,val,10,176,,1,0.5833384990692139
sprint9_multiseed_S8A_R2_seed2024_S8A_R2_context_edge_film,S8A_R2_context_edge_film,graph_c_gatv2_context_edge_film_interaction,gatv2_graph_c_sprint8a_context_edge_film,gatv2,graph_c_context_observation,S5F2_energy,val,11,176,,0,0.6158061027526855
sprint9_multiseed_S8A_R2_seed2024_S8A_R2_context_edge_film,S8A_R2_context_edge_film,graph_c_gatv2_context_edge_film_interaction,gatv2_graph_c_sprint8a_context_edge_film,gatv2,graph_c_context_observation,S5F2_energy,val,12,176,,1,0.505850613117218
sprint9_multiseed_S8A_R2_seed2024_S8A_R2_context_edge_film,S8A_R2_context_edge_film,graph_c_gatv2_context_edge_film_interaction,gatv2_graph_c_sprint8a_context_edge_film,gatv2,graph_c_context_observation,S5F2_energy,val,13,176,,1,0.5968136787414551
sprint9_multiseed_S8A_R2_seed2024_S8A_R2_context_edge_film,S8A_R2_context_edge_film,graph_c_gatv2_context_edge_film_interaction,gatv2_graph_c_sprint8a_context_edge_film,gatv2,graph_c_context_observation,S5F2_energy,val,14,214,,1,0.35725343227386475
sprint9_multiseed_S8A_R2_seed2024_S8A_R2_context_edge_film,S8A_R2_context_edge_film,graph_c_gatv2_context_edge_film_interaction,gatv2_graph_c_sprint8a_context_edge_film,gatv2,graph_c_context_observation,S5F2_energy,val,15,214,,1,0.3275596797466278
sprint9_multiseed_S8A_R2_seed2024_S8A_R2_context_edge_film,S8A_R2_context_edge_film,graph_c_gatv2_context_edge_film_interaction,gatv2_graph_c_sprint8a_context_edge_film,gatv2,graph_c_context_observation,S5F2_energy,val,16,214,,1,0.2728096544742584
sprint9_multiseed_S8A_R2_seed2024_S8A_R2_context_edge_film,S8A_R2_context_edge_film,graph_c_gatv2_context_edge_film_interaction,gatv2_graph_c_sprint8a_context_edge_film,gatv2,graph_c_context_observation,S5F2_energy,val,17,214,,1,0.3167395293712616
sprint9_multiseed_S8A_R2_seed2024_S8A_R2_context_edge_film,S8A_R2_context_edge_film,graph_c_gatv2_context_edge_film_interaction,gatv2_graph_c_sprint8a_context_edge_film,gatv2,graph_c_context_observation,S5F2_energy,val,18,214,,1,0.35062137246131897
sprint9_multiseed_S8A_R2_seed2024_S8A_R2_context_edge_film,S8A_R2_context_edge_film,graph_c_gatv2_context_edge_film_interaction,gatv2_graph_c_sprint8a_context_edge_film,gatv2,graph_c_context_observation,S5F2_energy,val,19,214,,0,0.289071649312973
sprint9_multiseed_S8A_R2_seed2024_S8A_R2_context_edge_film,S8A_R2_context_edge_film,graph_c_gatv2_context_edge_film_interaction,gatv2_graph_c_sprint8a_context_edge_film,gatv2,graph_c_context_observation,S5F2_energy,val,20,214,,1,0.28117984533309937
sprint9_multiseed_S8A_R2_seed2024_S8A_R2_context_edge_film,S8A_R2_context_edge_film,graph_c_gatv2_context_edge_film_interaction,gatv2_graph_c_sprint8a_context_edge_film,gatv2,graph_c_context_observation,S5F2_energy,val,21,214,,0,0.3241526484489441
sprint9_multiseed_S8A_R2_seed2024_S8A_R2_context_edge_film,S8A_R2_context_edge_film,graph_c_gatv2_context_edge_film_interaction,gatv2_graph_c_sprint8a_context_edge_film,gatv2,graph_c_context_observation,S5F2_energy,val,22,214,,1,0.23556798696517944
sprint9_multiseed_S8A_R2_seed2024_S8A_R2_context_edge_film,S8A_R2_context_edge_film,graph_c_gatv2_context_edge_film_interaction,gatv2_graph_c_sprint8a_context_edge_film,gatv2,graph_c_context_observation,S5F2_energy,val,23,214,,1,0.2537249028682709
sprint9_multiseed_S8A_R2_seed2024_S8A_R2_context_edge_film,S8A_R2_context_edge_film,graph_c_gatv2_context_edge_film_interaction,gatv2_graph_c_sprint8a_context_edge_film,gatv2,graph_c_context_observation,S5F2_energy,val,24,214,,0,0.25394243001937866
sprint9_multiseed_S8A_R2_seed2024_S8A_R2_context_edge_film,S8A_R2_context_edge_film,graph_c_gatv2_context_edge_film_interaction,gatv2_graph_c_sprint8a_context_edge_film,gatv2,graph_c_context_observation,S5F2_energy,val,25,214,,1,0.2548946142196655
sprint9_multiseed_S8A_R2_seed2024_S8A_R2_context_edge_film,S8A_R2_context_edge_film,graph_c_gatv2_context_edge_film_interaction,gatv2_graph_c_sprint8a_context_edge_film,gatv2,graph_c_context_observation,S5F2_energy,val,26,214,,0,0.397848516702652
sprint9_multiseed_S8A_R2_seed2024_S8A_R2_context_edge_film,S8A_R2_context_edge_film,graph_c_gatv2_context_edge_film_interaction,gatv2_graph_c_sprint8a_context_edge_film,gatv2,graph_c_context_observation,S5F2_energy,val,27,214,,0,0.30271854996681213
sprint9_multiseed_S8A_R2_seed2024_S8A_R2_context_edge_film,S8A_R2_context_edge_film,graph_c_gatv2_context_edge_film_interaction,gatv2_graph_c_sprint8a_context_edge_film,gatv2,graph_c_context_observation,S5F2_energy,val,28,310,,1,0.8077952265739441
sprint9_multiseed_S8A_R2_seed2024_S8A_R2_context_edge_film,S8A_R2_context_edge_film,graph_c_gatv2_context_edge_film_interaction,gatv2_graph_c_sprint8a_context_edge_film,gatv2,graph_c_context_observation,S5F2_energy,val,29,310,,1,0.7368034720420837
sprint9_multiseed_S8A_R2_seed2024_S8A_R2_context_edge_film,S8A_R2_context_edge_film,graph_c_gatv2_context_edge_film_interaction,gatv2_graph_c_sprint8a_context_edge_film,gatv2,graph_c_context_observation,S5F2_energy,val,30,310,,1,0.7563439607620239
sprint9_multiseed_S8A_R2_seed2024_S8A_R2_context_edge_film,S8A_R2_context_edge_film,graph_c_gatv2_context_edge_film_interaction,gatv2_graph_c_sprint8a_context_edge_film,gatv2,graph_c_context_observation,S5F2_energy,val,31,310,,1,0.7522342801094055
sprint9_multiseed_S8A_R2_seed2024_S8A_R2_context_edge_film,S8A_R2_context_edge_film,graph_c_gatv2_context_edge_film_interaction,gatv2_graph_c_sprint8a_context_edge_film,gatv2,graph_c_context_observation,S5F2_energy,val,32,310,,1,0.7602571845054626
sprint9_multiseed_S8A_R2_seed2024_S8A_R2_context_edge_film,S8A_R2_context_edge_film,graph_c_gatv2_context_edge_film_interaction,gatv2_graph_c_sprint8a_context_edge_film,gatv2,graph_c_context_observation,S5F2_energy,val,33,310,,1,0.6906658411026001
sprint9_multiseed_S8A_R2_seed2024_S8A_R2_context_edge_film,S8A_R2_context_edge_film,graph_c_gatv2_context_edge_film_interaction,gatv2_graph_c_sprint8a_context_edge_film,gatv2,graph_c_context_observation,S5F2_energy,val,34,310,,1,0.7387474179267883
sprint9_multiseed_S8A_R2_seed2024_S8A_R2_context_edge_film,S8A_R2_context_edge_film,graph_c_gatv2_context_edge_film_interaction,gatv2_graph_c_sprint8a_context_edge_film,gatv2,graph_c_context_observation,S5F2_energy,val,35,310,,1,0.7393213510513306
sprint9_multiseed_S8A_R2_seed2024_S8A_R2_context_edge_film,S8A_R2_context_edge_film,graph_c_gatv2_context_edge_film_interaction,gatv2_graph_c_sprint8a_context_edge_film,gatv2,graph_c_context_observation,S5F2_energy,val,36,310,,0,0.3154689371585846
sprint9_multiseed_S8A_R2_seed2024_S8A_R2_context_edge_film,S8A_R2_context_edge_film,graph_c_gatv2_context_edge_film_interaction,gatv2_graph_c_sprint8a_context_edge_film,gatv2,graph_c_context_observation,S5F2_energy,val,37,310,,1,0.7376038432121277
sprint9_multiseed_S8A_R2_seed2024_S8A_R2_context_edge_film,S8A_R2_context_edge_film,graph_c_gatv2_context_edge_film_interaction,gatv2_graph_c_sprint8a_context_edge_film,gatv2,graph_c_context_observation,S5F2_energy,val,38,310,,1,0.6709359288215637
sprint9_multiseed_S8A_R2_seed2024_S8A_R2_context_edge_film,S8A_R2_context_edge_film,graph_c_gatv2_context_edge_film_interaction,gatv2_graph_c_sprint8a_context_edge_film,gatv2,graph_c_context_observation,S5F2_energy,val,39,310,,0,0.3484911322593689
sprint9_multiseed_S8A_R2_seed2024_S8A_R2_context_edge_film,S8A_R2_context_edge_film,graph_c_gatv2_context_edge_film_interaction,gatv2_graph_c_sprint8a_context_edge_film,gatv2,graph_c_context_observation,S5F2_energy,val,40,322,,1,0.7522540092468262
sprint9_multiseed_S8A_R2_seed2024_S8A_R2_context_edge_film,S8A_R2_context_edge_film,graph_c_gatv2_context_edge_film_interaction,gatv2_graph_c_sprint8a_context_edge_film,gatv2,graph_c_context_observation,S5F2_energy,val,41,322,,1,0.7697601914405823
sprint9_multiseed_S8A_R2_seed2024_S8A_R2_context_edge_film,S8A_R2_context_edge_film,graph_c_gatv2_context_edge_film_interaction,gatv2_graph_c_sprint8a_context_edge_film,gatv2,graph_c_context_observation,S5F2_energy,val,42,322,,1,0.7255010008811951
sprint9_multiseed_S8A_R2_seed2024_S8A_R2_context_edge_film,S8A_R2_context_edge_film,graph_c_gatv2_context_edge_film_interaction,gatv2_graph_c_sprint8a_context_edge_film,gatv2,graph_c_context_observation,S5F2_energy,val,43,322,,1,0.7634356617927551
sprint9_multiseed_S8A_R2_seed2024_S8A_R2_context_edge_film,S8A_R2_context_edge_film,graph_c_gatv2_context_edge_film_interaction,gatv2_graph_c_sprint8a_context_edge_film,gatv2,graph_c_context_observation,S5F2_energy,val,44,322,,1,0.7375974655151367
sprint9_multiseed_S8A_R2_seed2024_S8A_R2_context_edge_film,S8A_R2_context_edge_film,graph_c_gatv2_context_edge_film_interaction,gatv2_graph_c_sprint8a_context_edge_film,gatv2,graph_c_context_observation,S5F2_energy,val,45,322,,1,0.4737657904624939
sprint9_multiseed_S8A_R2_seed2024_S8A_R2_context_edge_film,S8A_R2_context_edge_film,graph_c_gatv2_context_edge_film_interaction,gatv2_graph_c_sprint8a_context_edge_film,gatv2,graph_c_context_observation,S5F2_energy,val,46,322,,1,0.7005664110183716
sprint9_multiseed_S8A_R2_seed2024_S8A_R2_context_edge_film,S8A_R2_context_edge_film,graph_c_gatv2_context_edge_film_interaction,gatv2_graph_c_sprint8a_context_edge_film,gatv2,graph_c_context_observation,S5F2_energy,val,47,322,,1,0.6610013246536255
sprint9_multiseed_S8A_R2_seed2024_S8A_R2_context_edge_film,S8A_R2_context_edge_film,graph_c_gatv2_context_edge_film_interaction,gatv2_graph_c_sprint8a_context_edge_film,gatv2,graph_c_context_observation,S5F2_energy,val,48,322,,1,0.7730701565742493
sprint9_multiseed_S8A_R2_seed2024_S8A_R2_context_edge_film,S8A_R2_context_edge_film,graph_c_gatv2_context_edge_film_interaction,gatv2_graph_c_sprint8a_context_edge_film,gatv2,graph_c_context_observation,S5F2_energy,val,49,541,,1,0.8511619567871094
sprint9_multiseed_S8A_R2_seed2024_S8A_R2_context_edge_film,S8A_R2_context_edge_film,graph_c_gatv2_context_edge_film_interaction,gatv2_graph_c_sprint8a_context_edge_film,gatv2,graph_c_context_observation,S5F2_energy,val,50,541,,1,0.8479539752006531
sprint9_multiseed_S8A_R2_seed2024_S8A_R2_context_edge_film,S8A_R2_context_edge_film,graph_c_gatv2_context_edge_film_interaction,gatv2_graph_c_sprint8a_context_edge_film,gatv2,graph_c_context_observation,S5F2_energy,val,51,541,,1,0.8326650857925415
sprint9_multiseed_S8A_R2_seed2024_S8A_R2_context_edge_film,S8A_R2_context_edge_film,graph_c_gatv2_context_edge_film_interaction,gatv2_graph_c_sprint8a_context_edge_film,gatv2,graph_c_context_observation,S5F2_energy,val,52,541,,1,0.8427156209945679
sprint9_multiseed_S8A_R2_seed2024_S8A_R2_context_edge_film,S8A_R2_context_edge_film,graph_c_gatv2_context_edge_film_interaction,gatv2_graph_c_sprint8a_context_edge_film,gatv2,graph_c_context_observation,S5F2_energy,val,53,541,,1,0.8567540049552917
sprint9_multiseed_S8A_R2_seed2024_S8A_R2_context_edge_film,S8A_R2_context_edge_film,graph_c_gatv2_context_edge_film_interaction,gatv2_graph_c_sprint8a_context_edge_film,gatv2,graph_c_context_observation,S5F2_energy,val,54,541,,1,0.8610013723373413
sprint9_multiseed_S8A_R2_seed2024_S8A_R2_context_edge_film,S8A_R2_context_edge_film,graph_c_gatv2_context_edge_film_interaction,gatv2_graph_c_sprint8a_context_edge_film,gatv2,graph_c_context_observation,S5F2_energy,val,55,541,,1,0.8516843318939209
sprint9_multiseed_S8A_R2_seed2024_S8A_R2_context_edge_film,S8A_R2_context_edge_film,graph_c_gatv2_context_edge_film_interaction,gatv2_graph_c_sprint8a_context_edge_film,gatv2,graph_c_context_observation,S5F2_energy,val,56,541,,1,0.8347398638725281
sprint9_multiseed_S8A_R2_seed2024_S8A_R2_context_edge_film,S8A_R2_context_edge_film,graph_c_gatv2_context_edge_film_interaction,gatv2_graph_c_sprint8a_context_edge_film,gatv2,graph_c_context_observation,S5F2_energy,val,57,541,,1,0.8479160070419312
sprint9_multiseed_S8A_R2_seed2024_S8A_R2_context_edge_film,S8A_R2_context_edge_film,graph_c_gatv2_context_edge_film_interaction,gatv2_graph_c_sprint8a_context_edge_film,gatv2,graph_c_context_observation,S5F2_energy,val,58,541,,1,0.8386003375053406
sprint9_multiseed_S8A_R2_seed2024_S8A_R2_context_edge_film,S8A_R2_context_edge_film,graph_c_gatv2_context_edge_film_interaction,gatv2_graph_c_sprint8a_context_edge_film,gatv2,graph_c_context_observation,S5F2_energy,val,59,541,,1,0.8151947259902954
sprint9_multiseed_S8A_R2_seed2024_S8A_R2_context_edge_film,S8A_R2_context_edge_film,graph_c_gatv2_context_edge_film_interaction,gatv2_graph_c_sprint8a_context_edge_film,gatv2,graph_c_context_observation,S5F2_energy,val,60,541,,1,0.8447868824005127
sprint9_multiseed_S8A_R2_seed2024_S8A_R2_context_edge_film,S8A_R2_context_edge_film,graph_c_gatv2_context_edge_film_interaction,gatv2_graph_c_sprint8a_context_edge_film,gatv2,graph_c_context_observation,S5F2_energy,val,61,541,,1,0.8505299687385559
sprint9_multiseed_S8A_R2_seed2024_S8A_R2_context_edge_film,S8A_R2_context_edge_film,graph_c_gatv2_context_edge_film_interaction,gatv2_graph_c_sprint8a_context_edge_film,gatv2,graph_c_context_observation,S5F2_energy,val,62,541,,1,0.8496184945106506
sprint9_multiseed_S8A_R2_seed2024_S8A_R2_context_edge_film,S8A_R2_context_edge_film,graph_c_gatv2_context_edge_film_interaction,gatv2_graph_c_sprint8a_context_edge_film,gatv2,graph_c_context_observation,S5F2_energy,val,63,541,,1,0.8602896928787231
sprint9_multiseed_S8A_R2_seed2024_S8A_R2_context_edge_film,S8A_R2_context_edge_film,graph_c_gatv2_context_edge_film_interaction,gatv2_graph_c_sprint8a_context_edge_film,gatv2,graph_c_context_observation,S5F2_energy,val,64,541,,1,0.8104340434074402
sprint9_multiseed_S8A_R2_seed2024_S8A_R2_context_edge_film,S8A_R2_context_edge_film,graph_c_gatv2_context_edge_film_interaction,gatv2_graph_c_sprint8a_context_edge_film,gatv2,graph_c_context_observation,S5F2_energy,val,65,541,,1,0.8468976020812988
sprint9_multiseed_S8A_R2_seed2024_S8A_R2_context_edge_film,S8A_R2_context_edge_film,graph_c_gatv2_context_edge_film_interaction,gatv2_graph_c_sprint8a_context_edge_film,gatv2,graph_c_context_observation,S5F2_energy,val,66,541,,1,0.8441479802131653
sprint9_multiseed_S8A_R2_seed2024_S8A_R2_context_edge_film,S8A_R2_context_edge_film,graph_c_gatv2_context_edge_film_interaction,gatv2_graph_c_sprint8a_context_edge_film,gatv2,graph_c_context_observation,S5F2_energy,val,67,541,,1,0.8335267901420593
sprint9_multiseed_S8A_R2_seed2024_S8A_R2_context_edge_film,S8A_R2_context_edge_film,graph_c_gatv2_context_edge_film_interaction,gatv2_graph_c_sprint8a_context_edge_film,gatv2,graph_c_context_observation,S5F2_energy,val,68,541,,1,0.8457005023956299
sprint9_multiseed_S8A_R2_seed2024_S8A_R2_context_edge_film,S8A_R2_context_edge_film,graph_c_gatv2_context_edge_film_interaction,gatv2_graph_c_sprint8a_context_edge_film,gatv2,graph_c_context_observation,S5F2_energy,val,69,541,,1,0.8468992114067078
sprint9_multiseed_S8A_R2_seed2024_S8A_R2_context_edge_film,S8A_R2_context_edge_film,graph_c_gatv2_context_edge_film_interaction,gatv2_graph_c_sprint8a_context_edge_film,gatv2,graph_c_context_observation,S5F2_energy,val,70,541,,1,0.8281990885734558
sprint9_multiseed_S8A_R2_seed2024_S8A_R2_context_edge_film,S8A_R2_context_edge_film,graph_c_gatv2_context_edge_film_interaction,gatv2_graph_c_sprint8a_context_edge_film,gatv2,graph_c_context_observation,S5F2_energy,val,71,541,,1,0.8231931328773499
sprint9_multiseed_S8A_R2_seed2024_S8A_R2_context_edge_film,S8A_R2_context_edge_film,graph_c_gatv2_context_edge_film_interaction,gatv2_graph_c_sprint8a_context_edge_film,gatv2,graph_c_context_observation,S5F2_energy,val,72,541,,1,0.8305587768554688
sprint9_multiseed_S8A_R2_seed2024_S8A_R2_context_edge_film,S8A_R2_context_edge_film,graph_c_gatv2_context_edge_film_interaction,gatv2_graph_c_sprint8a_context_edge_film,gatv2,graph_c_context_observation,S5F2_energy,val,73,541,,1,0.8429074287414551
sprint9_multiseed_S8A_R2_seed2024_S8A_R2_context_edge_film,S8A_R2_context_edge_film,graph_c_gatv2_context_edge_film_interaction,gatv2_graph_c_sprint8a_context_edge_film,gatv2,graph_c_context_observation,S5F2_energy,val,74,541,,1,0.8514998555183411
sprint9_multiseed_S8A_R2_seed2024_S8A_R2_context_edge_film,S8A_R2_context_edge_film,graph_c_gatv2_context_edge_film_interaction,gatv2_graph_c_sprint8a_context_edge_film,gatv2,graph_c_context_observation,S5F2_energy,val,75,541,,1,0.8443184494972229
sprint9_multiseed_S8A_R2_seed2024_S8A_R2_context_edge_film,S8A_R2_context_edge_film,graph_c_gatv2_context_edge_film_interaction,gatv2_graph_c_sprint8a_context_edge_film,gatv2,graph_c_context_observation,S5F2_energy,val,76,541,,1,0.8193797469139099
sprint9_multiseed_S8A_R2_seed2024_S8A_R2_context_edge_film,S8A_R2_context_edge_film,graph_c_gatv2_context_edge_film_interaction,gatv2_graph_c_sprint8a_context_edge_film,gatv2,graph_c_context_observation,S5F2_energy,val,77,541,,1,0.834462583065033
sprint9_multiseed_S8A_R2_seed2024_S8A_R2_context_edge_film,S8A_R2_context_edge_film,graph_c_gatv2_context_edge_film_interaction,gatv2_graph_c_sprint8a_context_edge_film,gatv2,graph_c_context_observation,S5F2_energy,val,78,541,,1,0.8498272895812988
sprint9_multiseed_S8A_R2_seed2024_S8A_R2_context_edge_film,S8A_R2_context_edge_film,graph_c_gatv2_context_edge_film_interaction,gatv2_graph_c_sprint8a_context_edge_film,gatv2,graph_c_context_observation,S5F2_energy,val,79,541,,1,0.8412681818008423
sprint9_multiseed_S8A_R2_seed2024_S8A_R2_context_edge_film,S8A_R2_context_edge_film,graph_c_gatv2_context_edge_film_interaction,gatv2_graph_c_sprint8a_context_edge_film,gatv2,graph_c_context_observation,S5F2_energy,val,80,541,,1,0.8522092700004578
sprint9_multiseed_S8A_R2_seed2024_S8A_R2_context_edge_film,S8A_R2_context_edge_film,graph_c_gatv2_context_edge_film_interaction,gatv2_graph_c_sprint8a_context_edge_film,gatv2,graph_c_context_observation,S5F2_energy,val,81,541,,1,0.8421316146850586
sprint9_multiseed_S8A_R2_seed2024_S8A_R2_context_edge_film,S8A_R2_context_edge_film,graph_c_gatv2_context_edge_film_interaction,gatv2_graph_c_sprint8a_context_edge_film,gatv2,graph_c_context_observation,S5F2_energy,val,82,541,,1,0.826533854007721
sprint9_multiseed_S8A_R2_seed2024_S8A_R2_context_edge_film,S8A_R2_context_edge_film,graph_c_gatv2_context_edge_film_interaction,gatv2_graph_c_sprint8a_context_edge_film,gatv2,graph_c_context_observation,S5F2_energy,val,83,541,,1,0.8362470269203186
sprint9_multiseed_S8A_R2_seed2024_S8A_R2_context_edge_film,S8A_R2_context_edge_film,graph_c_gatv2_context_edge_film_interaction,gatv2_graph_c_sprint8a_context_edge_film,gatv2,graph_c_context_observation,S5F2_energy,val,84,541,,1,0.8591581583023071
sprint9_multiseed_S8A_R2_seed2024_S8A_R2_context_edge_film,S8A_R2_context_edge_film,graph_c_gatv2_context_edge_film_interaction,gatv2_graph_c_sprint8a_context_edge_film,gatv2,graph_c_context_observation,S5F2_energy,val,85,541,,1,0.8400494456291199
sprint9_multiseed_S8A_R2_seed2024_S8A_R2_context_edge_film,S8A_R2_context_edge_film,graph_c_gatv2_context_edge_film_interaction,gatv2_graph_c_sprint8a_context_edge_film,gatv2,graph_c_context_observation,S5F2_energy,val,86,541,,1,0.8455062508583069
sprint9_multiseed_S8A_R2_seed2024_S8A_R2_context_edge_film,S8A_R2_context_edge_film,graph_c_gatv2_context_edge_film_interaction,gatv2_graph_c_sprint8a_context_edge_film,gatv2,graph_c_context_observation,S5F2_energy,val,87,541,,1,0.8456514477729797
sprint9_multiseed_S8A_R2_seed2024_S8A_R2_context_edge_film,S8A_R2_context_edge_film,graph_c_gatv2_context_edge_film_interaction,gatv2_graph_c_sprint8a_context_edge_film,gatv2,graph_c_context_observation,S5F2_energy,val,88,541,,1,0.8511106371879578
sprint9_multiseed_S8A_R2_seed2024_S8A_R2_context_edge_film,S8A_R2_context_edge_film,graph_c_gatv2_context_edge_film_interaction,gatv2_graph_c_sprint8a_context_edge_film,gatv2,graph_c_context_observation,S5F2_energy,val,89,541,,1,0.8085050582885742
sprint9_multiseed_S8A_R2_seed2024_S8A_R2_context_edge_film,S8A_R2_context_edge_film,graph_c_gatv2_context_edge_film_interaction,gatv2_graph_c_sprint8a_context_edge_film,gatv2,graph_c_context_observation,S5F2_energy,val,90,541,,1,0.8375447392463684
sprint9_multiseed_S8A_R2_seed2024_S8A_R2_context_edge_film,S8A_R2_context_edge_film,graph_c_gatv2_context_edge_film_interaction,gatv2_graph_c_sprint8a_context_edge_film,gatv2,graph_c_context_observation,S5F2_energy,val,91,541,,1,0.7885233759880066
sprint9_multiseed_S8A_R2_seed2024_S8A_R2_context_edge_film,S8A_R2_context_edge_film,graph_c_gatv2_context_edge_film_interaction,gatv2_graph_c_sprint8a_context_edge_film,gatv2,graph_c_context_observation,S5F2_energy,val,92,541,,1,0.8273165225982666
sprint9_multiseed_S8A_R2_seed2024_S8A_R2_context_edge_film,S8A_R2_context_edge_film,graph_c_gatv2_context_edge_film_interaction,gatv2_graph_c_sprint8a_context_edge_film,gatv2,graph_c_context_observation,S5F2_energy,val,93,541,,1,0.863693356513977
sprint9_multiseed_S8A_R2_seed2024_S8A_R2_context_edge_film,S8A_R2_context_edge_film,graph_c_gatv2_context_edge_film_interaction,gatv2_graph_c_sprint8a_context_edge_film,gatv2,graph_c_context_observation,S5F2_energy,val,94,541,,1,0.8433641195297241
sprint9_multiseed_S8A_R2_seed2024_S8A_R2_context_edge_film,S8A_R2_context_edge_film,graph_c_gatv2_context_edge_film_interaction,gatv2_graph_c_sprint8a_context_edge_film,gatv2,graph_c_context_observation,S5F2_energy,val,95,541,,1,0.8362796902656555
sprint9_multiseed_S8A_R2_seed2024_S8A_R2_context_edge_film,S8A_R2_context_edge_film,graph_c_gatv2_context_edge_film_interaction,gatv2_graph_c_sprint8a_context_edge_film,gatv2,graph_c_context_observation,S5F2_energy,val,96,541,,1,0.8513110280036926
sprint9_multiseed_S8A_R2_seed2024_S8A_R2_context_edge_film,S8A_R2_context_edge_film,graph_c_gatv2_context_edge_film_interaction,gatv2_graph_c_sprint8a_context_edge_film,gatv2,graph_c_context_observation,S5F2_energy,val,97,541,,1,0.8615397214889526
sprint9_multiseed_S8A_R2_seed2024_S8A_R2_context_edge_film,S8A_R2_context_edge_film,graph_c_gatv2_context_edge_film_interaction,gatv2_graph_c_sprint8a_context_edge_film,gatv2,graph_c_context_observation,S5F2_energy,val,98,541,,1,0.8496888279914856
sprint9_multiseed_S8A_R2_seed2024_S8A_R2_context_edge_film,S8A_R2_context_edge_film,graph_c_gatv2_context_edge_film_interaction,gatv2_graph_c_sprint8a_context_edge_film,gatv2,graph_c_context_observation,S5F2_energy,val,99,541,,1,0.8268973231315613
sprint9_multiseed_S8A_R2_seed2024_S8A_R2_context_edge_film,S8A_R2_context_edge_film,graph_c_gatv2_context_edge_film_interaction,gatv2_graph_c_sprint8a_context_edge_film,gatv2,graph_c_context_observation,S5F2_energy,val,100,541,,1,0.8533174395561218
sprint9_multiseed_S8A_R2_seed2024_S8A_R2_context_edge_film,S8A_R2_context_edge_film,graph_c_gatv2_context_edge_film_interaction,gatv2_graph_c_sprint8a_context_edge_film,gatv2,graph_c_context_observation,S5F2_energy,val,101,541,,1,0.8589475750923157
sprint9_multiseed_S8A_R2_seed2024_S8A_R2_context_edge_film,S8A_R2_context_edge_film,graph_c_gatv2_context_edge_film_interaction,gatv2_graph_c_sprint8a_context_edge_film,gatv2,graph_c_context_observation,S5F2_energy,val,102,541,,1,0.8246601223945618
sprint9_multiseed_S8A_R2_seed2024_S8A_R2_context_edge_film,S8A_R2_context_edge_film,graph_c_gatv2_context_edge_film_interaction,gatv2_graph_c_sprint8a_context_edge_film,gatv2,graph_c_context_observation,S5F2_energy,val,103,541,,1,0.7721791863441467
sprint9_multiseed_S8A_R2_seed2024_S8A_R2_context_edge_film,S8A_R2_context_edge_film,graph_c_gatv2_context_edge_film_interaction,gatv2_graph_c_sprint8a_context_edge_film,gatv2,graph_c_context_observation,S5F2_energy,val,104,541,,1,0.8287081122398376
sprint9_multiseed_S8A_R2_seed2024_S8A_R2_context_edge_film,S8A_R2_context_edge_film,graph_c_gatv2_context_edge_film_interaction,gatv2_graph_c_sprint8a_context_edge_film,gatv2,graph_c_context_observation,S5F2_energy,val,105,541,,1,0.8450552225112915
sprint9_multiseed_S8A_R2_seed2024_S8A_R2_context_edge_film,S8A_R2_context_edge_film,graph_c_gatv2_context_edge_film_interaction,gatv2_graph_c_sprint8a_context_edge_film,gatv2,graph_c_context_observation,S5F2_energy,val,106,541,,1,0.8526902198791504
sprint9_multiseed_S8A_R2_seed2024_S8A_R2_context_edge_film,S8A_R2_context_edge_film,graph_c_gatv2_context_edge_film_interaction,gatv2_graph_c_sprint8a_context_edge_film,gatv2,graph_c_context_observation,S5F2_energy,val,107,541,,1,0.8316382169723511
sprint9_multiseed_S8A_R2_seed2024_S8A_R2_context_edge_film,S8A_R2_context_edge_film,graph_c_gatv2_context_edge_film_interaction,gatv2_graph_c_sprint8a_context_edge_film,gatv2,graph_c_context_observation,S5F2_energy,val,108,541,,1,0.8470157980918884
sprint9_multiseed_S8A_R2_seed2024_S8A_R2_context_edge_film,S8A_R2_context_edge_film,graph_c_gatv2_context_edge_film_interaction,gatv2_graph_c_sprint8a_context_edge_film,gatv2,graph_c_context_observation,S5F2_energy,val,109,625,,1,0.8203903436660767
sprint9_multiseed_S8A_R2_seed2024_S8A_R2_context_edge_film,S8A_R2_context_edge_film,graph_c_gatv2_context_edge_film_interaction,gatv2_graph_c_sprint8a_context_edge_film,gatv2,graph_c_context_observation,S5F2_energy,val,110,625,,1,0.8175444602966309
sprint9_multiseed_S8A_R2_seed2024_S8A_R2_context_edge_film,S8A_R2_context_edge_film,graph_c_gatv2_context_edge_film_interaction,gatv2_graph_c_sprint8a_context_edge_film,gatv2,graph_c_context_observation,S5F2_energy,val,111,625,,1,0.7990730404853821
sprint9_multiseed_S8A_R2_seed2024_S8A_R2_context_edge_film,S8A_R2_context_edge_film,graph_c_gatv2_context_edge_film_interaction,gatv2_graph_c_sprint8a_context_edge_film,gatv2,graph_c_context_observation,S5F2_energy,val,112,625,,1,0.8058984875679016
sprint9_multiseed_S8A_R2_seed2024_S8A_R2_context_edge_film,S8A_R2_context_edge_film,graph_c_gatv2_context_edge_film_interaction,gatv2_graph_c_sprint8a_context_edge_film,gatv2,graph_c_context_observation,S5F2_energy,val,113,625,,1,0.8040738105773926
sprint9_multiseed_S8A_R2_seed2024_S8A_R2_context_edge_film,S8A_R2_context_edge_film,graph_c_gatv2_context_edge_film_interaction,gatv2_graph_c_sprint8a_context_edge_film,gatv2,graph_c_context_observation,S5F2_energy,val,114,625,,1,0.7965566515922546
sprint9_multiseed_S8A_R2_seed2024_S8A_R2_context_edge_film,S8A_R2_context_edge_film,graph_c_gatv2_context_edge_film_interaction,gatv2_graph_c_sprint8a_context_edge_film,gatv2,graph_c_context_observation,S5F2_energy,val,115,625,,1,0.7841777801513672
sprint9_multiseed_S8A_R2_seed2024_S8A_R2_context_edge_film,S8A_R2_context_edge_film,graph_c_gatv2_context_edge_film_interaction,gatv2_graph_c_sprint8a_context_edge_film,gatv2,graph_c_context_observation,S5F2_energy,val,116,625,,1,0.782394528388977
sprint9_multiseed_S8A_R2_seed2024_S8A_R2_context_edge_film,S8A_R2_context_edge_film,graph_c_gatv2_context_edge_film_interaction,gatv2_graph_c_sprint8a_context_edge_film,gatv2,graph_c_context_observation,S5F2_energy,val,117,625,,1,0.8096394538879395
sprint9_multiseed_S8A_R2_seed2024_S8A_R2_context_edge_film,S8A_R2_context_edge_film,graph_c_gatv2_context_edge_film_interaction,gatv2_graph_c_sprint8a_context_edge_film,gatv2,graph_c_context_observation,S5F2_energy,val,118,625,,1,0.7833579182624817
sprint9_multiseed_S8A_R2_seed2024_S8A_R2_context_edge_film,S8A_R2_context_edge_film,graph_c_gatv2_context_edge_film_interaction,gatv2_graph_c_sprint8a_context_edge_film,gatv2,graph_c_context_observation,S5F2_energy,val,119,779,,1,0.6802161335945129
sprint9_multiseed_S8A_R2_seed2024_S8A_R2_context_edge_film,S8A_R2_context_edge_film,graph_c_gatv2_context_edge_film_interaction,gatv2_graph_c_sprint8a_context_edge_film,gatv2,graph_c_context_observation,S5F2_energy,val,120,779,,1,0.728802502155304
sprint9_multiseed_S8A_R2_seed2024_S8A_R2_context_edge_film,S8A_R2_context_edge_film,graph_c_gatv2_context_edge_film_interaction,gatv2_graph_c_sprint8a_context_edge_film,gatv2,graph_c_context_observation,S5F2_energy,val,121,779,,1,0.2634875476360321
sprint9_multiseed_S8A_R2_seed2024_S8A_R2_context_edge_film,S8A_R2_context_edge_film,graph_c_gatv2_context_edge_film_interaction,gatv2_graph_c_sprint8a_context_edge_film,gatv2,graph_c_context_observation,S5F2_energy,val,122,779,,1,0.6383489370346069
sprint9_multiseed_S8A_R2_seed2024_S8A_R2_context_edge_film,S8A_R2_context_edge_film,graph_c_gatv2_context_edge_film_interaction,gatv2_graph_c_sprint8a_context_edge_film,gatv2,graph_c_context_observation,S5F2_energy,val,123,779,,1,0.2810313105583191
sprint9_multiseed_S8A_R2_seed2024_S8A_R2_context_edge_film,S8A_R2_context_edge_film,graph_c_gatv2_context_edge_film_interaction,gatv2_graph_c_sprint8a_context_edge_film,gatv2,graph_c_context_observation,S5F2_energy,val,124,779,,1,0.22173886001110077
sprint9_multiseed_S8A_R2_seed2024_S8A_R2_context_edge_film,S8A_R2_context_edge_film,graph_c_gatv2_context_edge_film_interaction,gatv2_graph_c_sprint8a_context_edge_film,gatv2,graph_c_context_observation,S5F2_energy,val,125,779,,1,0.450874924659729
sprint9_multiseed_S8A_R2_seed2024_S8A_R2_context_edge_film,S8A_R2_context_edge_film,graph_c_gatv2_context_edge_film_interaction,gatv2_graph_c_sprint8a_context_edge_film,gatv2,graph_c_context_observation,S5F2_energy,val,126,779,,1,0.23855625092983246
sprint9_multiseed_S8A_R2_seed2024_S8A_R2_context_edge_film,S8A_R2_context_edge_film,graph_c_gatv2_context_edge_film_interaction,gatv2_graph_c_sprint8a_context_edge_film,gatv2,graph_c_context_observation,S5F2_energy,val,127,779,,1,0.4816967248916626
sprint9_multiseed_S8A_R2_seed2024_S8A_R2_context_edge_film,S8A_R2_context_edge_film,graph_c_gatv2_context_edge_film_interaction,gatv2_graph_c_sprint8a_context_edge_film,gatv2,graph_c_context_observation,S5F2_energy,val,128,779,,1,0.2272474765777588
sprint9_multiseed_S8A_R2_seed2024_S8A_R2_context_edge_film,S8A_R2_context_edge_film,graph_c_gatv2_context_edge_film_interaction,gatv2_graph_c_sprint8a_context_edge_film,gatv2,graph_c_context_observation,S5F2_energy,val,129,541,,1,0.5466746091842651
sprint9_multiseed_S8A_R2_seed2024_S8A_R2_context_edge_film,S8A_R2_context_edge_film,graph_c_gatv2_context_edge_film_interaction,gatv2_graph_c_sprint8a_context_edge_film,gatv2,graph_c_context_observation,S5F2_energy,val,130,541,,1,0.4405601918697357
sprint9_multiseed_S8A_R2_seed2024_S8A_R2_context_edge_film,S8A_R2_context_edge_film,graph_c_gatv2_context_edge_film_interaction,gatv2_graph_c_sprint8a_context_edge_film,gatv2,graph_c_context_observation,S5F2_energy,val,131,541,,1,0.47751590609550476
sprint9_multiseed_S8A_R2_seed2024_S8A_R2_context_edge_film,S8A_R2_context_edge_film,graph_c_gatv2_context_edge_film_interaction,gatv2_graph_c_sprint8a_context_edge_film,gatv2,graph_c_context_observation,S5F2_energy,val,132,541,,1,0.712088406085968
sprint9_multiseed_S8A_R2_seed2024_S8A_R2_context_edge_film,S8A_R2_context_edge_film,graph_c_gatv2_context_edge_film_interaction,gatv2_graph_c_sprint8a_context_edge_film,gatv2,graph_c_context_observation,S5F2_energy,val,133,541,,1,0.665368914604187
sprint9_multiseed_S8A_R2_seed2024_S8A_R2_context_edge_film,S8A_R2_context_edge_film,graph_c_gatv2_context_edge_film_interaction,gatv2_graph_c_sprint8a_context_edge_film,gatv2,graph_c_context_observation,S5F2_energy,val,134,541,,1,0.7438206672668457
sprint9_multiseed_S8A_R2_seed2024_S8A_R2_context_edge_film,S8A_R2_context_edge_film,graph_c_gatv2_context_edge_film_interaction,gatv2_graph_c_sprint8a_context_edge_film,gatv2,graph_c_context_observation,S5F2_energy,val,135,541,,1,0.727256178855896
sprint9_multiseed_S8A_R2_seed2024_S8A_R2_context_edge_film,S8A_R2_context_edge_film,graph_c_gatv2_context_edge_film_interaction,gatv2_graph_c_sprint8a_context_edge_film,gatv2,graph_c_context_observation,S5F2_energy,val,136,541,,1,0.46104127168655396
sprint9_multiseed_S8A_R2_seed2024_S8A_R2_context_edge_film,S8A_R2_context_edge_film,graph_c_gatv2_context_edge_film_interaction,gatv2_graph_c_sprint8a_context_edge_film,gatv2,graph_c_context_observation,S5F2_energy,val,137,541,,1,0.6152587532997131
sprint9_multiseed_S8A_R2_seed2024_S8A_R2_context_edge_film,S8A_R2_context_edge_film,graph_c_gatv2_context_edge_film_interaction,gatv2_graph_c_sprint8a_context_edge_film,gatv2,graph_c_context_observation,S5F2_energy,val,138,541,,1,0.5421160459518433
sprint9_multiseed_S8A_R2_seed2024_S8A_R2_context_edge_film,S8A_R2_context_edge_film,graph_c_gatv2_context_edge_film_interaction,gatv2_graph_c_sprint8a_context_edge_film,gatv2,graph_c_context_observation,S5F2_energy,val,139,541,,1,0.7816378474235535
sprint9_multiseed_S8A_R2_seed2024_S8A_R2_context_edge_film,S8A_R2_context_edge_film,graph_c_gatv2_context_edge_film_interaction,gatv2_graph_c_sprint8a_context_edge_film,gatv2,graph_c_context_observation,S5F2_energy,val,140,541,,1,0.7791975736618042
sprint9_multiseed_S8A_R2_seed2024_S8A_R2_context_edge_film,S8A_R2_context_edge_film,graph_c_gatv2_context_edge_film_interaction,gatv2_graph_c_sprint8a_context_edge_film,gatv2,graph_c_context_observation,S5F2_energy,val,141,541,,1,0.6921186447143555
sprint9_multiseed_S8A_R2_seed2024_S8A_R2_context_edge_film,S8A_R2_context_edge_film,graph_c_gatv2_context_edge_film_interaction,gatv2_graph_c_sprint8a_context_edge_film,gatv2,graph_c_context_observation,S5F2_energy,val,142,541,,1,0.5887684226036072
sprint9_multiseed_S8A_R2_seed2024_S8A_R2_context_edge_film,S8A_R2_context_edge_film,graph_c_gatv2_context_edge_film_interaction,gatv2_graph_c_sprint8a_context_edge_film,gatv2,graph_c_context_observation,S5F2_energy,val,143,541,,1,0.5200880169868469
sprint9_multiseed_S8A_R2_seed2024_S8A_R2_context_edge_film,S8A_R2_context_edge_film,graph_c_gatv2_context_edge_film_interaction,gatv2_graph_c_sprint8a_context_edge_film,gatv2,graph_c_context_observation,S5F2_energy,val,144,541,,1,0.5598286390304565
sprint9_multiseed_S8A_R2_seed2024_S8A_R2_context_edge_film,S8A_R2_context_edge_film,graph_c_gatv2_context_edge_film_interaction,gatv2_graph_c_sprint8a_context_edge_film,gatv2,graph_c_context_observation,S5F2_energy,val,145,541,,1,0.6860017776489258
sprint9_multiseed_S8A_R2_seed2024_S8A_R2_context_edge_film,S8A_R2_context_edge_film,graph_c_gatv2_context_edge_film_interaction,gatv2_graph_c_sprint8a_context_edge_film,gatv2,graph_c_context_observation,S5F2_energy,val,146,541,,0,0.6701328754425049
sprint9_multiseed_S8A_R2_seed2024_S8A_R2_context_edge_film,S8A_R2_context_edge_film,graph_c_gatv2_context_edge_film_interaction,gatv2_graph_c_sprint8a_context_edge_film,gatv2,graph_c_context_observation,S5F2_energy,val,147,541,,1,0.5285766124725342
sprint9_multiseed_S8A_R2_seed2024_S8A_R2_context_edge_film,S8A_R2_context_edge_film,graph_c_gatv2_context_edge_film_interaction,gatv2_graph_c_sprint8a_context_edge_film,gatv2,graph_c_context_observation,S5F2_energy,val,148,541,,1,0.5072768926620483
sprint9_multiseed_S8A_R2_seed2024_S8A_R2_context_edge_film,S8A_R2_context_edge_film,graph_c_gatv2_context_edge_film_interaction,gatv2_graph_c_sprint8a_context_edge_film,gatv2,graph_c_context_observation,S5F2_energy,val,149,541,,1,0.5479964017868042
sprint9_multiseed_S8A_R2_seed2024_S8A_R2_context_edge_film,S8A_R2_context_edge_film,graph_c_gatv2_context_edge_film_interaction,gatv2_graph_c_sprint8a_context_edge_film,gatv2,graph_c_context_observation,S5F2_energy,val,150,541,,1,0.46197691559791565
sprint9_multiseed_S8A_R2_seed2024_S8A_R2_context_edge_film,S8A_R2_context_edge_film,graph_c_gatv2_context_edge_film_interaction,gatv2_graph_c_sprint8a_context_edge_film,gatv2,graph_c_context_observation,S5F2_energy,val,151,541,,0,0.42134252190589905
sprint9_multiseed_S8A_R2_seed2024_S8A_R2_context_edge_film,S8A_R2_context_edge_film,graph_c_gatv2_context_edge_film_interaction,gatv2_graph_c_sprint8a_context_edge_film,gatv2,graph_c_context_observation,S5F2_energy,val,152,541,,1,0.49704018235206604
sprint9_multiseed_S8A_R2_seed2024_S8A_R2_context_edge_film,S8A_R2_context_edge_film,graph_c_gatv2_context_edge_film_interaction,gatv2_graph_c_sprint8a_context_edge_film,gatv2,graph_c_context_observation,S5F2_energy,val,153,1272,,0,0.3522184193134308
sprint9_multiseed_S8A_R2_seed2024_S8A_R2_context_edge_film,S8A_R2_context_edge_film,graph_c_gatv2_context_edge_film_interaction,gatv2_graph_c_sprint8a_context_edge_film,gatv2,graph_c_context_observation,S5F2_energy,val,154,1272,,0,0.32443010807037354
sprint9_multiseed_S8A_R2_seed2024_S8A_R2_context_edge_film,S8A_R2_context_edge_film,graph_c_gatv2_context_edge_film_interaction,gatv2_graph_c_sprint8a_context_edge_film,gatv2,graph_c_context_observation,S5F2_energy,val,155,1272,,1,0.44211551547050476
sprint9_multiseed_S8A_R2_seed2024_S8A_R2_context_edge_film,S8A_R2_context_edge_film,graph_c_gatv2_context_edge_film_interaction,gatv2_graph_c_sprint8a_context_edge_film,gatv2,graph_c_context_observation,S5F2_energy,val,156,1272,,0,0.3559698760509491
sprint9_multiseed_S8A_R2_seed2024_S8A_R2_context_edge_film,S8A_R2_context_edge_film,graph_c_gatv2_context_edge_film_interaction,gatv2_graph_c_sprint8a_context_edge_film,gatv2,graph_c_context_observation,S5F2_energy,val,157,1272,,0,0.2586064338684082
sprint9_multiseed_S8A_R2_seed2024_S8A_R2_context_edge_film,S8A_R2_context_edge_film,graph_c_gatv2_context_edge_film_interaction,gatv2_graph_c_sprint8a_context_edge_film,gatv2,graph_c_context_observation,S5F2_energy,val,158,1272,,0,0.4474372863769531
sprint9_multiseed_S8A_R2_seed2024_S8A_R2_context_edge_film,S8A_R2_context_edge_film,graph_c_gatv2_context_edge_film_interaction,gatv2_graph_c_sprint8a_context_edge_film,gatv2,graph_c_context_observation,S5F2_energy,val,159,1272,,0,0.2710004448890686
sprint9_multiseed_S8A_R2_seed2024_S8A_R2_context_edge_film,S8A_R2_context_edge_film,graph_c_gatv2_context_edge_film_interaction,gatv2_graph_c_sprint8a_context_edge_film,gatv2,graph_c_context_observation,S5F2_energy,val,160,1272,,0,0.2541542053222656
sprint9_multiseed_S8A_R2_seed2024_S8A_R2_context_edge_film,S8A_R2_context_edge_film,graph_c_gatv2_context_edge_film_interaction,gatv2_graph_c_sprint8a_context_edge_film,gatv2,graph_c_context_observation,S5F2_energy,val,161,1272,,0,0.291315495967865
sprint9_multiseed_S8A_R2_seed2024_S8A_R2_context_edge_film,S8A_R2_context_edge_film,graph_c_gatv2_context_edge_film_interaction,gatv2_graph_c_sprint8a_context_edge_film,gatv2,graph_c_context_observation,S5F2_energy,val,162,1272,,0,0.31168144941329956
sprint9_multiseed_S8A_R2_seed2024_S8A_R2_context_edge_film,S8A_R2_context_edge_film,graph_c_gatv2_context_edge_film_interaction,gatv2_graph_c_sprint8a_context_edge_film,gatv2,graph_c_context_observation,S5F2_energy,val,163,1288,,1,0.3435059189796448
sprint9_multiseed_S8A_R2_seed2024_S8A_R2_context_edge_film,S8A_R2_context_edge_film,graph_c_gatv2_context_edge_film_interaction,gatv2_graph_c_sprint8a_context_edge_film,gatv2,graph_c_context_observation,S5F2_energy,val,164,1288,,1,0.28474923968315125
sprint9_multiseed_S8A_R2_seed2024_S8A_R2_context_edge_film,S8A_R2_context_edge_film,graph_c_gatv2_context_edge_film_interaction,gatv2_graph_c_sprint8a_context_edge_film,gatv2,graph_c_context_observation,S5F2_energy,val,165,1288,,0,0.30979302525520325
sprint9_multiseed_S8A_R2_seed2024_S8A_R2_context_edge_film,S8A_R2_context_edge_film,graph_c_gatv2_context_edge_film_interaction,gatv2_graph_c_sprint8a_context_edge_film,gatv2,graph_c_context_observation,S5F2_energy,val,166,1288,,0,0.30166271328926086
sprint9_multiseed_S8A_R2_seed2024_S8A_R2_context_edge_film,S8A_R2_context_edge_film,graph_c_gatv2_context_edge_film_interaction,gatv2_graph_c_sprint8a_context_edge_film,gatv2,graph_c_context_observation,S5F2_energy,val,167,1288,,0,0.1815975308418274
sprint9_multiseed_S8A_R2_seed2024_S8A_R2_context_edge_film,S8A_R2_context_edge_film,graph_c_gatv2_context_edge_film_interaction,gatv2_graph_c_sprint8a_context_edge_film,gatv2,graph_c_context_observation,S5F2_energy,val,168,1288,,0,0.31128308176994324
sprint9_multiseed_S8A_R2_seed2024_S8A_R2_context_edge_film,S8A_R2_context_edge_film,graph_c_gatv2_context_edge_film_interaction,gatv2_graph_c_sprint8a_context_edge_film,gatv2,graph_c_context_observation,S5F2_energy,val,169,1288,,0,0.32385390996932983
sprint9_multiseed_S8A_R2_seed2024_S8A_R2_context_edge_film,S8A_R2_context_edge_film,graph_c_gatv2_context_edge_film_interaction,gatv2_graph_c_sprint8a_context_edge_film,gatv2,graph_c_context_observation,S5F2_energy,val,170,1288,,0,0.3489653468132019
sprint9_multiseed_S8A_R2_seed2024_S8A_R2_context_edge_film,S8A_R2_context_edge_film,graph_c_gatv2_context_edge_film_interaction,gatv2_graph_c_sprint8a_context_edge_film,gatv2,graph_c_context_observation,S5F2_energy,val,171,1288,,0,0.3046003580093384
sprint9_multiseed_S8A_R2_seed2024_S8A_R2_context_edge_film,S8A_R2_context_edge_film,graph_c_gatv2_context_edge_film_interaction,gatv2_graph_c_sprint8a_context_edge_film,gatv2,graph_c_context_observation,S5F2_energy,val,172,1288,,0,0.3722095787525177
sprint9_multiseed_S8A_R2_seed2024_S8A_R2_context_edge_film,S8A_R2_context_edge_film,graph_c_gatv2_context_edge_film_interaction,gatv2_graph_c_sprint8a_context_edge_film,gatv2,graph_c_context_observation,S5F2_energy,val,173,1288,,0,0.3469945192337036
sprint9_multiseed_S8A_R2_seed2024_S8A_R2_context_edge_film,S8A_R2_context_edge_film,graph_c_gatv2_context_edge_film_interaction,gatv2_graph_c_sprint8a_context_edge_film,gatv2,graph_c_context_observation,S5F2_energy,val,174,1359,,0,0.2986186146736145
sprint9_multiseed_S8A_R2_seed2024_S8A_R2_context_edge_film,S8A_R2_context_edge_film,graph_c_gatv2_context_edge_film_interaction,gatv2_graph_c_sprint8a_context_edge_film,gatv2,graph_c_context_observation,S5F2_energy,val,175,1359,,0,0.32360172271728516
sprint9_multiseed_S8A_R2_seed2024_S8A_R2_context_edge_film,S8A_R2_context_edge_film,graph_c_gatv2_context_edge_film_interaction,gatv2_graph_c_sprint8a_context_edge_film,gatv2,graph_c_context_observation,S5F2_energy,val,176,1359,,0,0.28872841596603394
sprint9_multiseed_S8A_R2_seed2024_S8A_R2_context_edge_film,S8A_R2_context_edge_film,graph_c_gatv2_context_edge_film_interaction,gatv2_graph_c_sprint8a_context_edge_film,gatv2,graph_c_context_observation,S5F2_energy,val,177,1359,,0,0.24053676426410675
sprint9_multiseed_S8A_R2_seed2024_S8A_R2_context_edge_film,S8A_R2_context_edge_film,graph_c_gatv2_context_edge_film_interaction,gatv2_graph_c_sprint8a_context_edge_film,gatv2,graph_c_context_observation,S5F2_energy,val,178,1359,,0,0.23404476046562195
sprint9_multiseed_S8A_R2_seed2024_S8A_R2_context_edge_film,S8A_R2_context_edge_film,graph_c_gatv2_context_edge_film_interaction,gatv2_graph_c_sprint8a_context_edge_film,gatv2,graph_c_context_observation,S5F2_energy,val,179,1359,,0,0.2985600531101227
sprint9_multiseed_S8A_R2_seed2024_S8A_R2_context_edge_film,S8A_R2_context_edge_film,graph_c_gatv2_context_edge_film_interaction,gatv2_graph_c_sprint8a_context_edge_film,gatv2,graph_c_context_observation,S5F2_energy,val,180,1359,,0,0.28751009702682495
sprint9_multiseed_S8A_R2_seed2024_S8A_R2_context_edge_film,S8A_R2_context_edge_film,graph_c_gatv2_context_edge_film_interaction,gatv2_graph_c_sprint8a_context_edge_film,gatv2,graph_c_context_observation,S5F2_energy,val,181,1359,,0,0.2922019064426422
sprint9_multiseed_S8A_R2_seed2024_S8A_R2_context_edge_film,S8A_R2_context_edge_film,graph_c_gatv2_context_edge_film_interaction,gatv2_graph_c_sprint8a_context_edge_film,gatv2,graph_c_context_observation,S5F2_energy,val,182,1359,,0,0.2672504782676697
sprint9_multiseed_S8A_R2_seed2024_S8A_R2_context_edge_film,S8A_R2_context_edge_film,graph_c_gatv2_context_edge_film_interaction,gatv2_graph_c_sprint8a_context_edge_film,gatv2,graph_c_context_observation,S5F2_energy,val,183,1359,,0,0.2711266875267029
sprint9_multiseed_S8A_R2_seed2024_S8A_R2_context_edge_film,S8A_R2_context_edge_film,graph_c_gatv2_context_edge_film_interaction,gatv2_graph_c_sprint8a_context_edge_film,gatv2,graph_c_context_observation,S5F2_energy,val,184,1359,,0,0.2646782100200653
sprint9_multiseed_S8A_R2_seed2024_S8A_R2_context_edge_film,S8A_R2_context_edge_film,graph_c_gatv2_context_edge_film_interaction,gatv2_graph_c_sprint8a_context_edge_film,gatv2,graph_c_context_observation,S5F2_energy,val,185,1359,,0,0.3728979229927063
sprint9_multiseed_S8A_R2_seed2024_S8A_R2_context_edge_film,S8A_R2_context_edge_film,graph_c_gatv2_context_edge_film_interaction,gatv2_graph_c_sprint8a_context_edge_film,gatv2,graph_c_context_observation,S5F2_energy,val,186,2711,,1,0.7353454232215881
sprint9_multiseed_S8A_R2_seed2024_S8A_R2_context_edge_film,S8A_R2_context_edge_film,graph_c_gatv2_context_edge_film_interaction,gatv2_graph_c_sprint8a_context_edge_film,gatv2,graph_c_context_observation,S5F2_energy,val,187,2711,,1,0.6140629649162292
sprint9_multiseed_S8A_R2_seed2024_S8A_R2_context_edge_film,S8A_R2_context_edge_film,graph_c_gatv2_context_edge_film_interaction,gatv2_graph_c_sprint8a_context_edge_film,gatv2,graph_c_context_observation,S5F2_energy,val,188,2711,,1,0.727727472782135
sprint9_multiseed_S8A_R2_seed2024_S8A_R2_context_edge_film,S8A_R2_context_edge_film,graph_c_gatv2_context_edge_film_interaction,gatv2_graph_c_sprint8a_context_edge_film,gatv2,graph_c_context_observation,S5F2_energy,val,189,2711,,1,0.6396998763084412
sprint9_multiseed_S8A_R2_seed2024_S8A_R2_context_edge_film,S8A_R2_context_edge_film,graph_c_gatv2_context_edge_film_interaction,gatv2_graph_c_sprint8a_context_edge_film,gatv2,graph_c_context_observation,S5F2_energy,val,190,2711,,1,0.624104917049408
sprint9_multiseed_S8A_R2_seed2024_S8A_R2_context_edge_film,S8A_R2_context_edge_film,graph_c_gatv2_context_edge_film_interaction,gatv2_graph_c_sprint8a_context_edge_film,gatv2,graph_c_context_observation,S5F2_energy,val,191,2711,,1,0.6695274710655212
sprint9_multiseed_S8A_R2_seed2024_S8A_R2_context_edge_film,S8A_R2_context_edge_film,graph_c_gatv2_context_edge_film_interaction,gatv2_graph_c_sprint8a_context_edge_film,gatv2,graph_c_context_observation,S5F2_energy,val,192,2711,,1,0.6653375029563904
sprint9_multiseed_S8A_R2_seed2024_S8A_R2_context_edge_film,S8A_R2_context_edge_film,graph_c_gatv2_context_edge_film_interaction,gatv2_graph_c_sprint8a_context_edge_film,gatv2,graph_c_context_observation,S5F2_energy,val,193,2711,,1,0.6982899308204651
sprint9_multiseed_S8A_R2_seed2024_S8A_R2_context_edge_film,S8A_R2_context_edge_film,graph_c_gatv2_context_edge_film_interaction,gatv2_graph_c_sprint8a_context_edge_film,gatv2,graph_c_context_observation,S5F2_energy,val,194,2711,,1,0.707160234451294
sprint9_multiseed_S8A_R2_seed2024_S8A_R2_context_edge_film,S8A_R2_context_edge_film,graph_c_gatv2_context_edge_film_interaction,gatv2_graph_c_sprint8a_context_edge_film,gatv2,graph_c_context_observation,S5F2_energy,val,195,2711,,1,0.6237466931343079
sprint9_multiseed_S8A_R2_seed2024_S8A_R2_context_edge_film,S8A_R2_context_edge_film,graph_c_gatv2_context_edge_film_interaction,gatv2_graph_c_sprint8a_context_edge_film,gatv2,graph_c_context_observation,S5F2_energy,val,196,2711,,1,0.687420666217804
sprint9_multiseed_S8A_R2_seed2024_S8A_R2_context_edge_film,S8A_R2_context_edge_film,graph_c_gatv2_context_edge_film_interaction,gatv2_graph_c_sprint8a_context_edge_film,gatv2,graph_c_context_observation,S5F2_energy,val,197,2711,,1,0.6513458490371704
sprint9_multiseed_S8A_R2_seed2024_S8A_R2_context_edge_film,S8A_R2_context_edge_film,graph_c_gatv2_context_edge_film_interaction,gatv2_graph_c_sprint8a_context_edge_film,gatv2,graph_c_context_observation,S5F2_energy,val,198,2711,,1,0.6867295503616333
sprint9_multiseed_S8A_R2_seed2024_S8A_R2_context_edge_film,S8A_R2_context_edge_film,graph_c_gatv2_context_edge_film_interaction,gatv2_graph_c_sprint8a_context_edge_film,gatv2,graph_c_context_observation,S5F2_energy,val,199,2711,,1,0.6733315587043762
sprint9_multiseed_S8A_R2_seed2024_S8A_R2_context_edge_film,S8A_R2_context_edge_film,graph_c_gatv2_context_edge_film_interaction,gatv2_graph_c_sprint8a_context_edge_film,gatv2,graph_c_context_observation,S5F2_energy,val,200,2711,,1,0.5462732911109924
sprint9_multiseed_S8A_R2_seed2024_S8A_R2_context_edge_film,S8A_R2_context_edge_film,graph_c_gatv2_context_edge_film_interaction,gatv2_graph_c_sprint8a_context_edge_film,gatv2,graph_c_context_observation,S5F2_energy,val,201,2711,,1,0.7332083582878113
sprint9_multiseed_S8A_R2_seed2024_S8A_R2_context_edge_film,S8A_R2_context_edge_film,graph_c_gatv2_context_edge_film_interaction,gatv2_graph_c_sprint8a_context_edge_film,gatv2,graph_c_context_observation,S5F2_energy,val,202,2711,,1,0.6856253147125244
sprint9_multiseed_S8A_R2_seed2024_S8A_R2_context_edge_film,S8A_R2_context_edge_film,graph_c_gatv2_context_edge_film_interaction,gatv2_graph_c_sprint8a_context_edge_film,gatv2,graph_c_context_observation,S5F2_energy,val,203,2711,,1,0.6534875631332397
sprint9_multiseed_S8A_R2_seed2024_S8A_R2_context_edge_film,S8A_R2_context_edge_film,graph_c_gatv2_context_edge_film_interaction,gatv2_graph_c_sprint8a_context_edge_film,gatv2,graph_c_context_observation,S5F2_energy,val,204,2711,,1,0.6644635796546936
sprint9_multiseed_S8A_R2_seed2024_S8A_R2_context_edge_film,S8A_R2_context_edge_film,graph_c_gatv2_context_edge_film_interaction,gatv2_graph_c_sprint8a_context_edge_film,gatv2,graph_c_context_observation,S5F2_energy,val,205,2711,,1,0.5480497479438782
sprint9_multiseed_S8A_R2_seed2024_S8A_R2_context_edge_film,S8A_R2_context_edge_film,graph_c_gatv2_context_edge_film_interaction,gatv2_graph_c_sprint8a_context_edge_film,gatv2,graph_c_context_observation,S5F2_energy,val,206,2711,,1,0.6944074630737305
sprint9_multiseed_S8A_R2_seed2024_S8A_R2_context_edge_film,S8A_R2_context_edge_film,graph_c_gatv2_context_edge_film_interaction,gatv2_graph_c_sprint8a_context_edge_film,gatv2,graph_c_context_observation,S5F2_energy,val,207,2711,,1,0.6244884133338928
sprint9_multiseed_S8A_R2_seed2024_S8A_R2_context_edge_film,S8A_R2_context_edge_film,graph_c_gatv2_context_edge_film_interaction,gatv2_graph_c_sprint8a_context_edge_film,gatv2,graph_c_context_observation,S5F2_energy,val,208,2711,,1,0.5719374418258667
sprint9_multiseed_S8A_R2_seed2024_S8A_R2_context_edge_film,S8A_R2_context_edge_film,graph_c_gatv2_context_edge_film_interaction,gatv2_graph_c_sprint8a_context_edge_film,gatv2,graph_c_context_observation,S5F2_energy,val,209,2711,,1,0.6907523274421692
sprint9_multiseed_S8A_R2_seed2024_S8A_R2_context_edge_film,S8A_R2_context_edge_film,graph_c_gatv2_context_edge_film_interaction,gatv2_graph_c_sprint8a_context_edge_film,gatv2,graph_c_context_observation,S5F2_energy,val,210,2711,,1,0.5564018487930298
sprint9_multiseed_S8A_R2_seed2024_S8A_R2_context_edge_film,S8A_R2_context_edge_film,graph_c_gatv2_context_edge_film_interaction,gatv2_graph_c_sprint8a_context_edge_film,gatv2,graph_c_context_observation,S5F2_energy,val,211,2711,,1,0.6794098615646362
sprint9_multiseed_S8A_R2_seed2024_S8A_R2_context_edge_film,S8A_R2_context_edge_film,graph_c_gatv2_context_edge_film_interaction,gatv2_graph_c_sprint8a_context_edge_film,gatv2,graph_c_context_observation,S5F2_energy,val,212,2711,,1,0.6505628824234009
sprint9_multiseed_S8A_R2_seed2024_S8A_R2_context_edge_film,S8A_R2_context_edge_film,graph_c_gatv2_context_edge_film_interaction,gatv2_graph_c_sprint8a_context_edge_film,gatv2,graph_c_context_observation,S5F2_energy,val,213,2711,,1,0.6652329564094543
sprint9_multiseed_S8A_R2_seed2024_S8A_R2_context_edge_film,S8A_R2_context_edge_film,graph_c_gatv2_context_edge_film_interaction,gatv2_graph_c_sprint8a_context_edge_film,gatv2,graph_c_context_observation,S5F2_energy,val,214,2711,,1,0.655799925327301
sprint9_multiseed_S8A_R2_seed2024_S8A_R2_context_edge_film,S8A_R2_context_edge_film,graph_c_gatv2_context_edge_film_interaction,gatv2_graph_c_sprint8a_context_edge_film,gatv2,graph_c_context_observation,S5F2_energy,val,215,2711,,1,0.7258846759796143
sprint9_multiseed_S8A_R2_seed2024_S8A_R2_context_edge_film,S8A_R2_context_edge_film,graph_c_gatv2_context_edge_film_interaction,gatv2_graph_c_sprint8a_context_edge_film,gatv2,graph_c_context_observation,S5F2_energy,val,216,2711,,1,0.4669874608516693
sprint9_multiseed_S8A_R2_seed2024_S8A_R2_context_edge_film,S8A_R2_context_edge_film,graph_c_gatv2_context_edge_film_interaction,gatv2_graph_c_sprint8a_context_edge_film,gatv2,graph_c_context_observation,S5F2_energy,val,217,2711,,1,0.639473021030426
sprint9_multiseed_S8A_R2_seed2024_S8A_R2_context_edge_film,S8A_R2_context_edge_film,graph_c_gatv2_context_edge_film_interaction,gatv2_graph_c_sprint8a_context_edge_film,gatv2,graph_c_context_observation,S5F2_energy,val,218,2711,,1,0.6517475247383118
sprint9_multiseed_S8A_R2_seed2024_S8A_R2_context_edge_film,S8A_R2_context_edge_film,graph_c_gatv2_context_edge_film_interaction,gatv2_graph_c_sprint8a_context_edge_film,gatv2,graph_c_context_observation,S5F2_energy,val,219,2711,,1,0.6005093455314636
sprint9_multiseed_S8A_R2_seed2024_S8A_R2_context_edge_film,S8A_R2_context_edge_film,graph_c_gatv2_context_edge_film_interaction,gatv2_graph_c_sprint8a_context_edge_film,gatv2,graph_c_context_observation,S5F2_energy,val,220,2711,,1,0.5795524716377258
sprint9_multiseed_S8A_R2_seed2024_S8A_R2_context_edge_film,S8A_R2_context_edge_film,graph_c_gatv2_context_edge_film_interaction,gatv2_graph_c_sprint8a_context_edge_film,gatv2,graph_c_context_observation,S5F2_energy,val,221,2711,,1,0.657414436340332
sprint9_multiseed_S8A_R2_seed2024_S8A_R2_context_edge_film,S8A_R2_context_edge_film,graph_c_gatv2_context_edge_film_interaction,gatv2_graph_c_sprint8a_context_edge_film,gatv2,graph_c_context_observation,S5F2_energy,val,222,2711,,1,0.5976833701133728
sprint9_multiseed_S8A_R2_seed2024_S8A_R2_context_edge_film,S8A_R2_context_edge_film,graph_c_gatv2_context_edge_film_interaction,gatv2_graph_c_sprint8a_context_edge_film,gatv2,graph_c_context_observation,S5F2_energy,val,223,2711,,1,0.5565272569656372
sprint9_multiseed_S8A_R2_seed2024_S8A_R2_context_edge_film,S8A_R2_context_edge_film,graph_c_gatv2_context_edge_film_interaction,gatv2_graph_c_sprint8a_context_edge_film,gatv2,graph_c_context_observation,S5F2_energy,val,224,2711,,1,0.662551760673523
sprint9_multiseed_S8A_R2_seed2024_S8A_R2_context_edge_film,S8A_R2_context_edge_film,graph_c_gatv2_context_edge_film_interaction,gatv2_graph_c_sprint8a_context_edge_film,gatv2,graph_c_context_observation,S5F2_energy,val,225,2711,,1,0.5158497095108032
sprint9_multiseed_S8A_R2_seed2024_S8A_R2_context_edge_film,S8A_R2_context_edge_film,graph_c_gatv2_context_edge_film_interaction,gatv2_graph_c_sprint8a_context_edge_film,gatv2,graph_c_context_observation,S5F2_energy,val,226,2711,,1,0.6692559719085693
sprint9_multiseed_S8A_R2_seed2024_S8A_R2_context_edge_film,S8A_R2_context_edge_film,graph_c_gatv2_context_edge_film_interaction,gatv2_graph_c_sprint8a_context_edge_film,gatv2,graph_c_context_observation,S5F2_energy,val,227,2711,,1,0.6655431985855103
sprint9_multiseed_S8A_R2_seed2024_S8A_R2_context_edge_film,S8A_R2_context_edge_film,graph_c_gatv2_context_edge_film_interaction,gatv2_graph_c_sprint8a_context_edge_film,gatv2,graph_c_context_observation,S5F2_energy,val,228,2711,,1,0.4830554127693176
sprint9_multiseed_S8A_R2_seed2024_S8A_R2_context_edge_film,S8A_R2_context_edge_film,graph_c_gatv2_context_edge_film_interaction,gatv2_graph_c_sprint8a_context_edge_film,gatv2,graph_c_context_observation,S5F2_energy,val,229,2711,,1,0.711663007736206
sprint9_multiseed_S8A_R2_seed2024_S8A_R2_context_edge_film,S8A_R2_context_edge_film,graph_c_gatv2_context_edge_film_interaction,gatv2_graph_c_sprint8a_context_edge_film,gatv2,graph_c_context_observation,S5F2_energy,val,230,2711,,1,0.6260178685188293
sprint9_multiseed_S8A_R2_seed2024_S8A_R2_context_edge_film,S8A_R2_context_edge_film,graph_c_gatv2_context_edge_film_interaction,gatv2_graph_c_sprint8a_context_edge_film,gatv2,graph_c_context_observation,S5F2_energy,val,231,2711,,1,0.6262025237083435
sprint9_multiseed_S8A_R2_seed2024_S8A_R2_context_edge_film,S8A_R2_context_edge_film,graph_c_gatv2_context_edge_film_interaction,gatv2_graph_c_sprint8a_context_edge_film,gatv2,graph_c_context_observation,S5F2_energy,val,232,2711,,1,0.6609125137329102
sprint9_multiseed_S8A_R2_seed2024_S8A_R2_context_edge_film,S8A_R2_context_edge_film,graph_c_gatv2_context_edge_film_interaction,gatv2_graph_c_sprint8a_context_edge_film,gatv2,graph_c_context_observation,S5F2_energy,val,233,2711,,1,0.41429847478866577
sprint9_multiseed_S8A_R2_seed2024_S8A_R2_context_edge_film,S8A_R2_context_edge_film,graph_c_gatv2_context_edge_film_interaction,gatv2_graph_c_sprint8a_context_edge_film,gatv2,graph_c_context_observation,S5F2_energy,val,234,2711,,1,0.6191249489784241
sprint9_multiseed_S8A_R2_seed2024_S8A_R2_context_edge_film,S8A_R2_context_edge_film,graph_c_gatv2_context_edge_film_interaction,gatv2_graph_c_sprint8a_context_edge_film,gatv2,graph_c_context_observation,S5F2_energy,val,235,2711,,1,0.6298426389694214
sprint9_multiseed_S8A_R2_seed2024_S8A_R2_context_edge_film,S8A_R2_context_edge_film,graph_c_gatv2_context_edge_film_interaction,gatv2_graph_c_sprint8a_context_edge_film,gatv2,graph_c_context_observation,S5F2_energy,val,236,2711,,1,0.26834651827812195
sprint9_multiseed_S8A_R2_seed2024_S8A_R2_context_edge_film,S8A_R2_context_edge_film,graph_c_gatv2_context_edge_film_interaction,gatv2_graph_c_sprint8a_context_edge_film,gatv2,graph_c_context_observation,S5F2_energy,val,237,2711,,1,0.6904481649398804
sprint9_multiseed_S8A_R2_seed2024_S8A_R2_context_edge_film,S8A_R2_context_edge_film,graph_c_gatv2_context_edge_film_interaction,gatv2_graph_c_sprint8a_context_edge_film,gatv2,graph_c_context_observation,S5F2_energy,val,238,2711,,1,0.531656801700592
sprint9_multiseed_S8A_R2_seed2024_S8A_R2_context_edge_film,S8A_R2_context_edge_film,graph_c_gatv2_context_edge_film_interaction,gatv2_graph_c_sprint8a_context_edge_film,gatv2,graph_c_context_observation,S5F2_energy,val,239,2711,,1,0.5807183980941772
sprint9_multiseed_S8A_R2_seed2024_S8A_R2_context_edge_film,S8A_R2_context_edge_film,graph_c_gatv2_context_edge_film_interaction,gatv2_graph_c_sprint8a_context_edge_film,gatv2,graph_c_context_observation,S5F2_energy,val,240,2711,,1,0.6222806572914124
sprint9_multiseed_S8A_R2_seed2024_S8A_R2_context_edge_film,S8A_R2_context_edge_film,graph_c_gatv2_context_edge_film_interaction,gatv2_graph_c_sprint8a_context_edge_film,gatv2,graph_c_context_observation,S5F2_energy,val,241,2711,,1,0.579739511013031
sprint9_multiseed_S8A_R2_seed2024_S8A_R2_context_edge_film,S8A_R2_context_edge_film,graph_c_gatv2_context_edge_film_interaction,gatv2_graph_c_sprint8a_context_edge_film,gatv2,graph_c_context_observation,S5F2_energy,val,242,2711,,1,0.6664599180221558
sprint9_multiseed_S8A_R2_seed2024_S8A_R2_context_edge_film,S8A_R2_context_edge_film,graph_c_gatv2_context_edge_film_interaction,gatv2_graph_c_sprint8a_context_edge_film,gatv2,graph_c_context_observation,S5F2_energy,val,243,2711,,1,0.6749633550643921
sprint9_multiseed_S8A_R2_seed2024_S8A_R2_context_edge_film,S8A_R2_context_edge_film,graph_c_gatv2_context_edge_film_interaction,gatv2_graph_c_sprint8a_context_edge_film,gatv2,graph_c_context_observation,S5F2_energy,val,244,2711,,1,0.6889086365699768
sprint9_multiseed_S8A_R2_seed2024_S8A_R2_context_edge_film,S8A_R2_context_edge_film,graph_c_gatv2_context_edge_film_interaction,gatv2_graph_c_sprint8a_context_edge_film,gatv2,graph_c_context_observation,S5F2_energy,val,245,2711,,1,0.5929917693138123
sprint9_multiseed_S8A_R2_seed2024_S8A_R2_context_edge_film,S8A_R2_context_edge_film,graph_c_gatv2_context_edge_film_interaction,gatv2_graph_c_sprint8a_context_edge_film,gatv2,graph_c_context_observation,S5F2_energy,val,246,2711,,1,0.5570975542068481
sprint9_multiseed_S8A_R2_seed2024_S8A_R2_context_edge_film,S8A_R2_context_edge_film,graph_c_gatv2_context_edge_film_interaction,gatv2_graph_c_sprint8a_context_edge_film,gatv2,graph_c_context_observation,S5F2_energy,val,247,2711,,1,0.5408686399459839
sprint9_multiseed_S8A_R2_seed2024_S8A_R2_context_edge_film,S8A_R2_context_edge_film,graph_c_gatv2_context_edge_film_interaction,gatv2_graph_c_sprint8a_context_edge_film,gatv2,graph_c_context_observation,S5F2_energy,val,248,2711,,1,0.6301767826080322
sprint9_multiseed_S8A_R2_seed2024_S8A_R2_context_edge_film,S8A_R2_context_edge_film,graph_c_gatv2_context_edge_film_interaction,gatv2_graph_c_sprint8a_context_edge_film,gatv2,graph_c_context_observation,S5F2_energy,val,249,2711,,1,0.6962272524833679
sprint9_multiseed_S8A_R2_seed2024_S8A_R2_context_edge_film,S8A_R2_context_edge_film,graph_c_gatv2_context_edge_film_interaction,gatv2_graph_c_sprint8a_context_edge_film,gatv2,graph_c_context_observation,S5F2_energy,val,250,2711,,1,0.6908976435661316
sprint9_multiseed_S8A_R2_seed2024_S8A_R2_context_edge_film,S8A_R2_context_edge_film,graph_c_gatv2_context_edge_film_interaction,gatv2_graph_c_sprint8a_context_edge_film,gatv2,graph_c_context_observation,S5F2_energy,val,251,2711,,1,0.5843254923820496
sprint9_multiseed_S8A_R2_seed2024_S8A_R2_context_edge_film,S8A_R2_context_edge_film,graph_c_gatv2_context_edge_film_interaction,gatv2_graph_c_sprint8a_context_edge_film,gatv2,graph_c_context_observation,S5F2_energy,val,252,2711,,1,0.6872402429580688
sprint9_multiseed_S8A_R2_seed2024_S8A_R2_context_edge_film,S8A_R2_context_edge_film,graph_c_gatv2_context_edge_film_interaction,gatv2_graph_c_sprint8a_context_edge_film,gatv2,graph_c_context_observation,S5F2_energy,val,253,2711,,1,0.5848848223686218
sprint9_multiseed_S8A_R2_seed2024_S8A_R2_context_edge_film,S8A_R2_context_edge_film,graph_c_gatv2_context_edge_film_interaction,gatv2_graph_c_sprint8a_context_edge_film,gatv2,graph_c_context_observation,S5F2_energy,val,254,2711,,1,0.6360459327697754
sprint9_multiseed_S8A_R2_seed2024_S8A_R2_context_edge_film,S8A_R2_context_edge_film,graph_c_gatv2_context_edge_film_interaction,gatv2_graph_c_sprint8a_context_edge_film,gatv2,graph_c_context_observation,S5F2_energy,val,255,2711,,1,0.6596680879592896
sprint9_multiseed_S8A_R2_seed2024_S8A_R2_context_edge_film,S8A_R2_context_edge_film,graph_c_gatv2_context_edge_film_interaction,gatv2_graph_c_sprint8a_context_edge_film,gatv2,graph_c_context_observation,S5F2_energy,val,256,2711,,1,0.6534081697463989
sprint9_multiseed_S8A_R2_seed2024_S8A_R2_context_edge_film,S8A_R2_context_edge_film,graph_c_gatv2_context_edge_film_interaction,gatv2_graph_c_sprint8a_context_edge_film,gatv2,graph_c_context_observation,S5F2_energy,val,257,2711,,1,0.5886480808258057
sprint9_multiseed_S8A_R2_seed2024_S8A_R2_context_edge_film,S8A_R2_context_edge_film,graph_c_gatv2_context_edge_film_interaction,gatv2_graph_c_sprint8a_context_edge_film,gatv2,graph_c_context_observation,S5F2_energy,val,258,2711,,1,0.5724416375160217
sprint9_multiseed_S8A_R2_seed2024_S8A_R2_context_edge_film,S8A_R2_context_edge_film,graph_c_gatv2_context_edge_film_interaction,gatv2_graph_c_sprint8a_context_edge_film,gatv2,graph_c_context_observation,S5F2_energy,val,259,2711,,1,0.6631370186805725
sprint9_multiseed_S8A_R2_seed2024_S8A_R2_context_edge_film,S8A_R2_context_edge_film,graph_c_gatv2_context_edge_film_interaction,gatv2_graph_c_sprint8a_context_edge_film,gatv2,graph_c_context_observation,S5F2_energy,val,260,2711,,1,0.5712518095970154
sprint9_multiseed_S8A_R2_seed2024_S8A_R2_context_edge_film,S8A_R2_context_edge_film,graph_c_gatv2_context_edge_film_interaction,gatv2_graph_c_sprint8a_context_edge_film,gatv2,graph_c_context_observation,S5F2_energy,val,261,2711,,1,0.6065366864204407
sprint9_multiseed_S8A_R2_seed2024_S8A_R2_context_edge_film,S8A_R2_context_edge_film,graph_c_gatv2_context_edge_film_interaction,gatv2_graph_c_sprint8a_context_edge_film,gatv2,graph_c_context_observation,S5F2_energy,val,262,2711,,1,0.6843602061271667
sprint9_multiseed_S8A_R2_seed2024_S8A_R2_context_edge_film,S8A_R2_context_edge_film,graph_c_gatv2_context_edge_film_interaction,gatv2_graph_c_sprint8a_context_edge_film,gatv2,graph_c_context_observation,S5F2_energy,val,263,2711,,1,0.5782463550567627
sprint9_multiseed_S8A_R2_seed2024_S8A_R2_context_edge_film,S8A_R2_context_edge_film,graph_c_gatv2_context_edge_film_interaction,gatv2_graph_c_sprint8a_context_edge_film,gatv2,graph_c_context_observation,S5F2_energy,val,264,2711,,1,0.7231651544570923
sprint9_multiseed_S8A_R2_seed2024_S8A_R2_context_edge_film,S8A_R2_context_edge_film,graph_c_gatv2_context_edge_film_interaction,gatv2_graph_c_sprint8a_context_edge_film,gatv2,graph_c_context_observation,S5F2_energy,val,265,2711,,1,0.663532018661499
sprint9_multiseed_S8A_R2_seed2024_S8A_R2_context_edge_film,S8A_R2_context_edge_film,graph_c_gatv2_context_edge_film_interaction,gatv2_graph_c_sprint8a_context_edge_film,gatv2,graph_c_context_observation,S5F2_energy,val,266,2711,,1,0.6316320896148682
sprint9_multiseed_S8A_R2_seed2024_S8A_R2_context_edge_film,S8A_R2_context_edge_film,graph_c_gatv2_context_edge_film_interaction,gatv2_graph_c_sprint8a_context_edge_film,gatv2,graph_c_context_observation,S5F2_energy,val,267,2711,,1,0.7080862522125244
sprint9_multiseed_S8A_R2_seed2024_S8A_R2_context_edge_film,S8A_R2_context_edge_film,graph_c_gatv2_context_edge_film_interaction,gatv2_graph_c_sprint8a_context_edge_film,gatv2,graph_c_context_observation,S5F2_energy,val,268,2711,,1,0.48285993933677673
sprint9_multiseed_S8A_R2_seed2024_S8A_R2_context_edge_film,S8A_R2_context_edge_film,graph_c_gatv2_context_edge_film_interaction,gatv2_graph_c_sprint8a_context_edge_film,gatv2,graph_c_context_observation,S5F2_energy,val,269,2711,,1,0.6487388014793396
sprint9_multiseed_S8A_R2_seed2024_S8A_R2_context_edge_film,S8A_R2_context_edge_film,graph_c_gatv2_context_edge_film_interaction,gatv2_graph_c_sprint8a_context_edge_film,gatv2,graph_c_context_observation,S5F2_energy,val,270,2711,,1,0.4664154052734375
sprint9_multiseed_S8A_R2_seed2024_S8A_R2_context_edge_film,S8A_R2_context_edge_film,graph_c_gatv2_context_edge_film_interaction,gatv2_graph_c_sprint8a_context_edge_film,gatv2,graph_c_context_observation,S5F2_energy,val,271,2711,,1,0.5264267325401306
sprint9_multiseed_S8A_R2_seed2024_S8A_R2_context_edge_film,S8A_R2_context_edge_film,graph_c_gatv2_context_edge_film_interaction,gatv2_graph_c_sprint8a_context_edge_film,gatv2,graph_c_context_observation,S5F2_energy,val,272,2711,,1,0.6365042328834534
sprint9_multiseed_S8A_R2_seed2024_S8A_R2_context_edge_film,S8A_R2_context_edge_film,graph_c_gatv2_context_edge_film_interaction,gatv2_graph_c_sprint8a_context_edge_film,gatv2,graph_c_context_observation,S5F2_energy,val,273,2711,,1,0.5143176317214966
sprint9_multiseed_S8A_R2_seed2024_S8A_R2_context_edge_film,S8A_R2_context_edge_film,graph_c_gatv2_context_edge_film_interaction,gatv2_graph_c_sprint8a_context_edge_film,gatv2,graph_c_context_observation,S5F2_energy,val,274,2711,,1,0.6941198706626892
sprint9_multiseed_S8A_R2_seed2024_S8A_R2_context_edge_film,S8A_R2_context_edge_film,graph_c_gatv2_context_edge_film_interaction,gatv2_graph_c_sprint8a_context_edge_film,gatv2,graph_c_context_observation,S5F2_energy,val,275,2711,,1,0.6535255312919617
sprint9_multiseed_S8A_R2_seed2024_S8A_R2_context_edge_film,S8A_R2_context_edge_film,graph_c_gatv2_context_edge_film_interaction,gatv2_graph_c_sprint8a_context_edge_film,gatv2,graph_c_context_observation,S5F2_energy,val,276,2711,,1,0.653862476348877
sprint9_multiseed_S8A_R2_seed2024_S8A_R2_context_edge_film,S8A_R2_context_edge_film,graph_c_gatv2_context_edge_film_interaction,gatv2_graph_c_sprint8a_context_edge_film,gatv2,graph_c_context_observation,S5F2_energy,val,277,2711,,1,0.7532354593276978
sprint9_multiseed_S8A_R2_seed2024_S8A_R2_context_edge_film,S8A_R2_context_edge_film,graph_c_gatv2_context_edge_film_interaction,gatv2_graph_c_sprint8a_context_edge_film,gatv2,graph_c_context_observation,S5F2_energy,val,278,2711,,1,0.5338072776794434
sprint9_multiseed_S8A_R2_seed2024_S8A_R2_context_edge_film,S8A_R2_context_edge_film,graph_c_gatv2_context_edge_film_interaction,gatv2_graph_c_sprint8a_context_edge_film,gatv2,graph_c_context_observation,S5F2_energy,val,279,2711,,1,0.5846695303916931
sprint9_multiseed_S8A_R2_seed2024_S8A_R2_context_edge_film,S8A_R2_context_edge_film,graph_c_gatv2_context_edge_film_interaction,gatv2_graph_c_sprint8a_context_edge_film,gatv2,graph_c_context_observation,S5F2_energy,val,280,2711,,1,0.6043232679367065
sprint9_multiseed_S8A_R2_seed2024_S8A_R2_context_edge_film,S8A_R2_context_edge_film,graph_c_gatv2_context_edge_film_interaction,gatv2_graph_c_sprint8a_context_edge_film,gatv2,graph_c_context_observation,S5F2_energy,val,281,2711,,1,0.715400218963623
sprint9_multiseed_S8A_R2_seed2024_S8A_R2_context_edge_film,S8A_R2_context_edge_film,graph_c_gatv2_context_edge_film_interaction,gatv2_graph_c_sprint8a_context_edge_film,gatv2,graph_c_context_observation,S5F2_energy,val,282,2711,,1,0.6564207077026367
sprint9_multiseed_S8A_R2_seed2024_S8A_R2_context_edge_film,S8A_R2_context_edge_film,graph_c_gatv2_context_edge_film_interaction,gatv2_graph_c_sprint8a_context_edge_film,gatv2,graph_c_context_observation,S5F2_energy,val,283,2711,,1,0.3230551481246948
sprint9_multiseed_S8A_R2_seed2024_S8A_R2_context_edge_film,S8A_R2_context_edge_film,graph_c_gatv2_context_edge_film_interaction,gatv2_graph_c_sprint8a_context_edge_film,gatv2,graph_c_context_observation,S5F2_energy,val,284,2711,,1,0.6376392245292664
sprint9_multiseed_S8A_R2_seed2024_S8A_R2_context_edge_film,S8A_R2_context_edge_film,graph_c_gatv2_context_edge_film_interaction,gatv2_graph_c_sprint8a_context_edge_film,gatv2,graph_c_context_observation,S5F2_energy,val,285,2711,,1,0.6359869241714478
sprint9_multiseed_S8A_R2_seed2024_S8A_R2_context_edge_film,S8A_R2_context_edge_film,graph_c_gatv2_context_edge_film_interaction,gatv2_graph_c_sprint8a_context_edge_film,gatv2,graph_c_context_observation,S5F2_energy,val,286,2711,,1,0.5926856398582458
sprint9_multiseed_S8A_R2_seed2024_S8A_R2_context_edge_film,S8A_R2_context_edge_film,graph_c_gatv2_context_edge_film_interaction,gatv2_graph_c_sprint8a_context_edge_film,gatv2,graph_c_context_observation,S5F2_energy,val,287,2711,,1,0.5759316086769104
sprint9_multiseed_S8A_R2_seed2024_S8A_R2_context_edge_film,S8A_R2_context_edge_film,graph_c_gatv2_context_edge_film_interaction,gatv2_graph_c_sprint8a_context_edge_film,gatv2,graph_c_context_observation,S5F2_energy,val,288,2711,,1,0.6512463688850403
sprint9_multiseed_S8A_R2_seed2024_S8A_R2_context_edge_film,S8A_R2_context_edge_film,graph_c_gatv2_context_edge_film_interaction,gatv2_graph_c_sprint8a_context_edge_film,gatv2,graph_c_context_observation,S5F2_energy,val,289,2711,,1,0.290021687746048
sprint9_multiseed_S8A_R2_seed2024_S8A_R2_context_edge_film,S8A_R2_context_edge_film,graph_c_gatv2_context_edge_film_interaction,gatv2_graph_c_sprint8a_context_edge_film,gatv2,graph_c_context_observation,S5F2_energy,val,290,2711,,1,0.6723633408546448
sprint9_multiseed_S8A_R2_seed2024_S8A_R2_context_edge_film,S8A_R2_context_edge_film,graph_c_gatv2_context_edge_film_interaction,gatv2_graph_c_sprint8a_context_edge_film,gatv2,graph_c_context_observation,S5F2_energy,val,291,2711,,1,0.6427156329154968
sprint9_multiseed_S8A_R2_seed2024_S8A_R2_context_edge_film,S8A_R2_context_edge_film,graph_c_gatv2_context_edge_film_interaction,gatv2_graph_c_sprint8a_context_edge_film,gatv2,graph_c_context_observation,S5F2_energy,val,292,2711,,1,0.4272122383117676
sprint9_multiseed_S8A_R2_seed2024_S8A_R2_context_edge_film,S8A_R2_context_edge_film,graph_c_gatv2_context_edge_film_interaction,gatv2_graph_c_sprint8a_context_edge_film,gatv2,graph_c_context_observation,S5F2_energy,val,293,2711,,1,0.6344232559204102
sprint9_multiseed_S8A_R2_seed2024_S8A_R2_context_edge_film,S8A_R2_context_edge_film,graph_c_gatv2_context_edge_film_interaction,gatv2_graph_c_sprint8a_context_edge_film,gatv2,graph_c_context_observation,S5F2_energy,val,294,2711,,1,0.5850573182106018
sprint9_multiseed_S8A_R2_seed2024_S8A_R2_context_edge_film,S8A_R2_context_edge_film,graph_c_gatv2_context_edge_film_interaction,gatv2_graph_c_sprint8a_context_edge_film,gatv2,graph_c_context_observation,S5F2_energy,val,295,2711,,1,0.7183589935302734
sprint9_multiseed_S8A_R2_seed2024_S8A_R2_context_edge_film,S8A_R2_context_edge_film,graph_c_gatv2_context_edge_film_interaction,gatv2_graph_c_sprint8a_context_edge_film,gatv2,graph_c_context_observation,S5F2_energy,val,296,2711,,1,0.40374046564102173
sprint9_multiseed_S8A_R2_seed2024_S8A_R2_context_edge_film,S8A_R2_context_edge_film,graph_c_gatv2_context_edge_film_interaction,gatv2_graph_c_sprint8a_context_edge_film,gatv2,graph_c_context_observation,S5F2_energy,val,297,2711,,1,0.6565546989440918
sprint9_multiseed_S8A_R2_seed2024_S8A_R2_context_edge_film,S8A_R2_context_edge_film,graph_c_gatv2_context_edge_film_interaction,gatv2_graph_c_sprint8a_context_edge_film,gatv2,graph_c_context_observation,S5F2_energy,val,298,2711,,1,0.5839048027992249
sprint9_multiseed_S8A_R2_seed2024_S8A_R2_context_edge_film,S8A_R2_context_edge_film,graph_c_gatv2_context_edge_film_interaction,gatv2_graph_c_sprint8a_context_edge_film,gatv2,graph_c_context_observation,S5F2_energy,val,299,2711,,1,0.6520644426345825
sprint9_multiseed_S8A_R2_seed2024_S8A_R2_context_edge_film,S8A_R2_context_edge_film,graph_c_gatv2_context_edge_film_interaction,gatv2_graph_c_sprint8a_context_edge_film,gatv2,graph_c_context_observation,S5F2_energy,val,300,2711,,1,0.5170110464096069
sprint9_multiseed_S8A_R2_seed2024_S8A_R2_context_edge_film,S8A_R2_context_edge_film,graph_c_gatv2_context_edge_film_interaction,gatv2_graph_c_sprint8a_context_edge_film,gatv2,graph_c_context_observation,S5F2_energy,val,301,2711,,1,0.6772266626358032
sprint9_multiseed_S8A_R2_seed2024_S8A_R2_context_edge_film,S8A_R2_context_edge_film,graph_c_gatv2_context_edge_film_interaction,gatv2_graph_c_sprint8a_context_edge_film,gatv2,graph_c_context_observation,S5F2_energy,val,302,2711,,1,0.5666568875312805
sprint9_multiseed_S8A_R2_seed2024_S8A_R2_context_edge_film,S8A_R2_context_edge_film,graph_c_gatv2_context_edge_film_interaction,gatv2_graph_c_sprint8a_context_edge_film,gatv2,graph_c_context_observation,S5F2_energy,val,303,2711,,1,0.6698129773139954
sprint9_multiseed_S8A_R2_seed2024_S8A_R2_context_edge_film,S8A_R2_context_edge_film,graph_c_gatv2_context_edge_film_interaction,gatv2_graph_c_sprint8a_context_edge_film,gatv2,graph_c_context_observation,S5F2_energy,val,304,2711,,1,0.6495038866996765
sprint9_multiseed_S8A_R2_seed2024_S8A_R2_context_edge_film,S8A_R2_context_edge_film,graph_c_gatv2_context_edge_film_interaction,gatv2_graph_c_sprint8a_context_edge_film,gatv2,graph_c_context_observation,S5F2_energy,val,305,2711,,1,0.7376986742019653
sprint9_multiseed_S8A_R2_seed2024_S8A_R2_context_edge_film,S8A_R2_context_edge_film,graph_c_gatv2_context_edge_film_interaction,gatv2_graph_c_sprint8a_context_edge_film,gatv2,graph_c_context_observation,S5F2_energy,val,306,2711,,1,0.6830378770828247
sprint9_multiseed_S8A_R2_seed2024_S8A_R2_context_edge_film,S8A_R2_context_edge_film,graph_c_gatv2_context_edge_film_interaction,gatv2_graph_c_sprint8a_context_edge_film,gatv2,graph_c_context_observation,S5F2_energy,val,307,2711,,1,0.3984975516796112
sprint9_multiseed_S8A_R2_seed2024_S8A_R2_context_edge_film,S8A_R2_context_edge_film,graph_c_gatv2_context_edge_film_interaction,gatv2_graph_c_sprint8a_context_edge_film,gatv2,graph_c_context_observation,S5F2_energy,val,308,2711,,1,0.6746350526809692
sprint9_multiseed_S8A_R2_seed2024_S8A_R2_context_edge_film,S8A_R2_context_edge_film,graph_c_gatv2_context_edge_film_interaction,gatv2_graph_c_sprint8a_context_edge_film,gatv2,graph_c_context_observation,S5F2_energy,val,309,2711,,1,0.5464836359024048
sprint9_multiseed_S8A_R2_seed2024_S8A_R2_context_edge_film,S8A_R2_context_edge_film,graph_c_gatv2_context_edge_film_interaction,gatv2_graph_c_sprint8a_context_edge_film,gatv2,graph_c_context_observation,S5F2_energy,val,310,2711,,1,0.6030402183532715
sprint9_multiseed_S8A_R2_seed2024_S8A_R2_context_edge_film,S8A_R2_context_edge_film,graph_c_gatv2_context_edge_film_interaction,gatv2_graph_c_sprint8a_context_edge_film,gatv2,graph_c_context_observation,S5F2_energy,val,311,2711,,1,0.570310652256012
sprint9_multiseed_S8A_R2_seed2024_S8A_R2_context_edge_film,S8A_R2_context_edge_film,graph_c_gatv2_context_edge_film_interaction,gatv2_graph_c_sprint8a_context_edge_film,gatv2,graph_c_context_observation,S5F2_energy,val,312,2711,,1,0.5229037404060364
sprint9_multiseed_S8A_R2_seed2024_S8A_R2_context_edge_film,S8A_R2_context_edge_film,graph_c_gatv2_context_edge_film_interaction,gatv2_graph_c_sprint8a_context_edge_film,gatv2,graph_c_context_observation,S5F2_energy,val,313,2711,,1,0.7161763906478882
sprint9_multiseed_S8A_R2_seed2024_S8A_R2_context_edge_film,S8A_R2_context_edge_film,graph_c_gatv2_context_edge_film_interaction,gatv2_graph_c_sprint8a_context_edge_film,gatv2,graph_c_context_observation,S5F2_energy,val,314,2711,,1,0.6442089676856995
sprint9_multiseed_S8A_R2_seed2024_S8A_R2_context_edge_film,S8A_R2_context_edge_film,graph_c_gatv2_context_edge_film_interaction,gatv2_graph_c_sprint8a_context_edge_film,gatv2,graph_c_context_observation,S5F2_energy,val,315,2711,,1,0.6429277658462524
sprint9_multiseed_S8A_R2_seed2024_S8A_R2_context_edge_film,S8A_R2_context_edge_film,graph_c_gatv2_context_edge_film_interaction,gatv2_graph_c_sprint8a_context_edge_film,gatv2,graph_c_context_observation,S5F2_energy,val,316,2711,,1,0.6612345576286316
sprint9_multiseed_S8A_R2_seed2024_S8A_R2_context_edge_film,S8A_R2_context_edge_film,graph_c_gatv2_context_edge_film_interaction,gatv2_graph_c_sprint8a_context_edge_film,gatv2,graph_c_context_observation,S5F2_energy,val,317,2711,,1,0.61905837059021
sprint9_multiseed_S8A_R2_seed2024_S8A_R2_context_edge_film,S8A_R2_context_edge_film,graph_c_gatv2_context_edge_film_interaction,gatv2_graph_c_sprint8a_context_edge_film,gatv2,graph_c_context_observation,S5F2_energy,val,318,2711,,1,0.531055748462677
sprint9_multiseed_S8A_R2_seed2024_S8A_R2_context_edge_film,S8A_R2_context_edge_film,graph_c_gatv2_context_edge_film_interaction,gatv2_graph_c_sprint8a_context_edge_film,gatv2,graph_c_context_observation,S5F2_energy,val,319,2711,,1,0.6974617838859558
sprint9_multiseed_S8A_R2_seed2024_S8A_R2_context_edge_film,S8A_R2_context_edge_film,graph_c_gatv2_context_edge_film_interaction,gatv2_graph_c_sprint8a_context_edge_film,gatv2,graph_c_context_observation,S5F2_energy,val,320,2711,,1,0.6401274800300598
sprint9_multiseed_S8A_R2_seed2024_S8A_R2_context_edge_film,S8A_R2_context_edge_film,graph_c_gatv2_context_edge_film_interaction,gatv2_graph_c_sprint8a_context_edge_film,gatv2,graph_c_context_observation,S5F2_energy,val,321,2711,,1,0.3918564021587372
sprint9_multiseed_S8A_R2_seed2024_S8A_R2_context_edge_film,S8A_R2_context_edge_film,graph_c_gatv2_context_edge_film_interaction,gatv2_graph_c_sprint8a_context_edge_film,gatv2,graph_c_context_observation,S5F2_energy,val,322,2711,,1,0.7033624649047852
sprint9_multiseed_S8A_R2_seed2024_S8A_R2_context_edge_film,S8A_R2_context_edge_film,graph_c_gatv2_context_edge_film_interaction,gatv2_graph_c_sprint8a_context_edge_film,gatv2,graph_c_context_observation,S5F2_energy,val,323,2711,,1,0.5219414830207825
sprint9_multiseed_S8A_R2_seed2024_S8A_R2_context_edge_film,S8A_R2_context_edge_film,graph_c_gatv2_context_edge_film_interaction,gatv2_graph_c_sprint8a_context_edge_film,gatv2,graph_c_context_observation,S5F2_energy,val,324,2711,,1,0.7224906086921692
sprint9_multiseed_S8A_R2_seed2024_S8A_R2_context_edge_film,S8A_R2_context_edge_film,graph_c_gatv2_context_edge_film_interaction,gatv2_graph_c_sprint8a_context_edge_film,gatv2,graph_c_context_observation,S5F2_energy,val,325,2711,,1,0.549086332321167
sprint9_multiseed_S8A_R2_seed2024_S8A_R2_context_edge_film,S8A_R2_context_edge_film,graph_c_gatv2_context_edge_film_interaction,gatv2_graph_c_sprint8a_context_edge_film,gatv2,graph_c_context_observation,S5F2_energy,val,326,2711,,1,0.5420873761177063
sprint9_multiseed_S8A_R2_seed2024_S8A_R2_context_edge_film,S8A_R2_context_edge_film,graph_c_gatv2_context_edge_film_interaction,gatv2_graph_c_sprint8a_context_edge_film,gatv2,graph_c_context_observation,S5F2_energy,val,327,2711,,1,0.65694659948349
sprint9_multiseed_S8A_R2_seed2024_S8A_R2_context_edge_film,S8A_R2_context_edge_film,graph_c_gatv2_context_edge_film_interaction,gatv2_graph_c_sprint8a_context_edge_film,gatv2,graph_c_context_observation,S5F2_energy,val,328,2711,,1,0.628596842288971
sprint9_multiseed_S8A_R2_seed2024_S8A_R2_context_edge_film,S8A_R2_context_edge_film,graph_c_gatv2_context_edge_film_interaction,gatv2_graph_c_sprint8a_context_edge_film,gatv2,graph_c_context_observation,S5F2_energy,val,329,2711,,1,0.35350340604782104
sprint9_multiseed_S8A_R2_seed2024_S8A_R2_context_edge_film,S8A_R2_context_edge_film,graph_c_gatv2_context_edge_film_interaction,gatv2_graph_c_sprint8a_context_edge_film,gatv2,graph_c_context_observation,S5F2_energy,val,330,2711,,1,0.6084301471710205
sprint9_multiseed_S8A_R2_seed2024_S8A_R2_context_edge_film,S8A_R2_context_edge_film,graph_c_gatv2_context_edge_film_interaction,gatv2_graph_c_sprint8a_context_edge_film,gatv2,graph_c_context_observation,S5F2_energy,val,331,2711,,1,0.607054591178894
sprint9_multiseed_S8A_R2_seed2024_S8A_R2_context_edge_film,S8A_R2_context_edge_film,graph_c_gatv2_context_edge_film_interaction,gatv2_graph_c_sprint8a_context_edge_film,gatv2,graph_c_context_observation,S5F2_energy,val,332,2711,,1,0.6942519545555115
sprint9_multiseed_S8A_R2_seed2024_S8A_R2_context_edge_film,S8A_R2_context_edge_film,graph_c_gatv2_context_edge_film_interaction,gatv2_graph_c_sprint8a_context_edge_film,gatv2,graph_c_context_observation,S5F2_energy,val,333,2711,,1,0.5321197509765625
sprint9_multiseed_S8A_R2_seed2024_S8A_R2_context_edge_film,S8A_R2_context_edge_film,graph_c_gatv2_context_edge_film_interaction,gatv2_graph_c_sprint8a_context_edge_film,gatv2,graph_c_context_observation,S5F2_energy,val,334,2711,,1,0.6469026803970337
sprint9_multiseed_S8A_R2_seed2024_S8A_R2_context_edge_film,S8A_R2_context_edge_film,graph_c_gatv2_context_edge_film_interaction,gatv2_graph_c_sprint8a_context_edge_film,gatv2,graph_c_context_observation,S5F2_energy,val,335,2711,,1,0.6307929158210754
sprint9_multiseed_S8A_R2_seed2024_S8A_R2_context_edge_film,S8A_R2_context_edge_film,graph_c_gatv2_context_edge_film_interaction,gatv2_graph_c_sprint8a_context_edge_film,gatv2,graph_c_context_observation,S5F2_energy,val,336,2711,,1,0.5978065729141235
sprint9_multiseed_S8A_R2_seed2024_S8A_R2_context_edge_film,S8A_R2_context_edge_film,graph_c_gatv2_context_edge_film_interaction,gatv2_graph_c_sprint8a_context_edge_film,gatv2,graph_c_context_observation,S5F2_energy,val,337,2711,,1,0.6504135727882385
sprint9_multiseed_S8A_R2_seed2024_S8A_R2_context_edge_film,S8A_R2_context_edge_film,graph_c_gatv2_context_edge_film_interaction,gatv2_graph_c_sprint8a_context_edge_film,gatv2,graph_c_context_observation,S5F2_energy,val,338,2711,,1,0.3932080566883087
sprint9_multiseed_S8A_R2_seed2024_S8A_R2_context_edge_film,S8A_R2_context_edge_film,graph_c_gatv2_context_edge_film_interaction,gatv2_graph_c_sprint8a_context_edge_film,gatv2,graph_c_context_observation,S5F2_energy,val,339,2711,,1,0.5461844205856323
sprint9_multiseed_S8A_R2_seed2024_S8A_R2_context_edge_film,S8A_R2_context_edge_film,graph_c_gatv2_context_edge_film_interaction,gatv2_graph_c_sprint8a_context_edge_film,gatv2,graph_c_context_observation,S5F2_energy,val,340,2711,,1,0.6644641757011414
sprint9_multiseed_S8A_R2_seed2024_S8A_R2_context_edge_film,S8A_R2_context_edge_film,graph_c_gatv2_context_edge_film_interaction,gatv2_graph_c_sprint8a_context_edge_film,gatv2,graph_c_context_observation,S5F2_energy,val,341,2711,,1,0.4894043505191803
sprint9_multiseed_S8A_R2_seed2024_S8A_R2_context_edge_film,S8A_R2_context_edge_film,graph_c_gatv2_context_edge_film_interaction,gatv2_graph_c_sprint8a_context_edge_film,gatv2,graph_c_context_observation,S5F2_energy,val,342,2711,,1,0.5948066115379333
sprint9_multiseed_S8A_R2_seed2024_S8A_R2_context_edge_film,S8A_R2_context_edge_film,graph_c_gatv2_context_edge_film_interaction,gatv2_graph_c_sprint8a_context_edge_film,gatv2,graph_c_context_observation,S5F2_energy,val,343,2711,,1,0.4790040850639343
sprint9_multiseed_S8A_R2_seed2024_S8A_R2_context_edge_film,S8A_R2_context_edge_film,graph_c_gatv2_context_edge_film_interaction,gatv2_graph_c_sprint8a_context_edge_film,gatv2,graph_c_context_observation,S5F2_energy,val,344,2869,,1,0.8661497235298157
sprint9_multiseed_S8A_R2_seed2024_S8A_R2_context_edge_film,S8A_R2_context_edge_film,graph_c_gatv2_context_edge_film_interaction,gatv2_graph_c_sprint8a_context_edge_film,gatv2,graph_c_context_observation,S5F2_energy,val,345,2869,,1,0.8567681908607483
sprint9_multiseed_S8A_R2_seed2024_S8A_R2_context_edge_film,S8A_R2_context_edge_film,graph_c_gatv2_context_edge_film_interaction,gatv2_graph_c_sprint8a_context_edge_film,gatv2,graph_c_context_observation,S5F2_energy,val,346,2869,,1,0.8602412343025208
sprint9_multiseed_S8A_R2_seed2024_S8A_R2_context_edge_film,S8A_R2_context_edge_film,graph_c_gatv2_context_edge_film_interaction,gatv2_graph_c_sprint8a_context_edge_film,gatv2,graph_c_context_observation,S5F2_energy,val,347,2869,,1,0.8601447343826294
sprint9_multiseed_S8A_R2_seed2024_S8A_R2_context_edge_film,S8A_R2_context_edge_film,graph_c_gatv2_context_edge_film_interaction,gatv2_graph_c_sprint8a_context_edge_film,gatv2,graph_c_context_observation,S5F2_energy,val,348,2869,,1,0.8391603827476501
sprint9_multiseed_S8A_R2_seed2024_S8A_R2_context_edge_film,S8A_R2_context_edge_film,graph_c_gatv2_context_edge_film_interaction,gatv2_graph_c_sprint8a_context_edge_film,gatv2,graph_c_context_observation,S5F2_energy,val,349,2869,,1,0.854908287525177
sprint9_multiseed_S8A_R2_seed2024_S8A_R2_context_edge_film,S8A_R2_context_edge_film,graph_c_gatv2_context_edge_film_interaction,gatv2_graph_c_sprint8a_context_edge_film,gatv2,graph_c_context_observation,S5F2_energy,val,350,2869,,1,0.8694716095924377
sprint9_multiseed_S8A_R2_seed2024_S8A_R2_context_edge_film,S8A_R2_context_edge_film,graph_c_gatv2_context_edge_film_interaction,gatv2_graph_c_sprint8a_context_edge_film,gatv2,graph_c_context_observation,S5F2_energy,val,351,2869,,1,0.8569892048835754
sprint9_multiseed_S8A_R2_seed2024_S8A_R2_context_edge_film,S8A_R2_context_edge_film,graph_c_gatv2_context_edge_film_interaction,gatv2_graph_c_sprint8a_context_edge_film,gatv2,graph_c_context_observation,S5F2_energy,val,352,2869,,1,0.8814867734909058
sprint9_multiseed_S8A_R2_seed2024_S8A_R2_context_edge_film,S8A_R2_context_edge_film,graph_c_gatv2_context_edge_film_interaction,gatv2_graph_c_sprint8a_context_edge_film,gatv2,graph_c_context_observation,S5F2_energy,val,353,2869,,1,0.8294137120246887
sprint9_multiseed_S8A_R2_seed2024_S8A_R2_context_edge_film,S8A_R2_context_edge_film,graph_c_gatv2_context_edge_film_interaction,gatv2_graph_c_sprint8a_context_edge_film,gatv2,graph_c_context_observation,S5F2_energy,val,354,2869,,1,0.8516650795936584
sprint9_multiseed_S8A_R2_seed2024_S8A_R2_context_edge_film,S8A_R2_context_edge_film,graph_c_gatv2_context_edge_film_interaction,gatv2_graph_c_sprint8a_context_edge_film,gatv2,graph_c_context_observation,S5F2_energy,val,355,2869,,1,0.8485645651817322
sprint9_multiseed_S8A_R2_seed2024_S8A_R2_context_edge_film,S8A_R2_context_edge_film,graph_c_gatv2_context_edge_film_interaction,gatv2_graph_c_sprint8a_context_edge_film,gatv2,graph_c_context_observation,S5F2_energy,val,356,2869,,1,0.8699983954429626
sprint9_multiseed_S8A_R2_seed2024_S8A_R2_context_edge_film,S8A_R2_context_edge_film,graph_c_gatv2_context_edge_film_interaction,gatv2_graph_c_sprint8a_context_edge_film,gatv2,graph_c_context_observation,S5F2_energy,val,357,2869,,1,0.8858644366264343
sprint9_multiseed_S8A_R2_seed2024_S8A_R2_context_edge_film,S8A_R2_context_edge_film,graph_c_gatv2_context_edge_film_interaction,gatv2_graph_c_sprint8a_context_edge_film,gatv2,graph_c_context_observation,S5F2_energy,val,358,2869,,1,0.8730686902999878
sprint9_multiseed_S8A_R2_seed2024_S8A_R2_context_edge_film,S8A_R2_context_edge_film,graph_c_gatv2_context_edge_film_interaction,gatv2_graph_c_sprint8a_context_edge_film,gatv2,graph_c_context_observation,S5F2_energy,val,359,2869,,1,0.8802395462989807
sprint9_multiseed_S8A_R2_seed2024_S8A_R2_context_edge_film,S8A_R2_context_edge_film,graph_c_gatv2_context_edge_film_interaction,gatv2_graph_c_sprint8a_context_edge_film,gatv2,graph_c_context_observation,S5F2_energy,val,360,2869,,1,0.8390151858329773
sprint9_multiseed_S8A_R2_seed2024_S8A_R2_context_edge_film,S8A_R2_context_edge_film,graph_c_gatv2_context_edge_film_interaction,gatv2_graph_c_sprint8a_context_edge_film,gatv2,graph_c_context_observation,S5F2_energy,val,361,2869,,1,0.847863495349884
sprint9_multiseed_S8A_R2_seed2024_S8A_R2_context_edge_film,S8A_R2_context_edge_film,graph_c_gatv2_context_edge_film_interaction,gatv2_graph_c_sprint8a_context_edge_film,gatv2,graph_c_context_observation,S5F2_energy,val,362,2869,,1,0.8495379686355591
sprint9_multiseed_S8A_R2_seed2024_S8A_R2_context_edge_film,S8A_R2_context_edge_film,graph_c_gatv2_context_edge_film_interaction,gatv2_graph_c_sprint8a_context_edge_film,gatv2,graph_c_context_observation,S5F2_energy,val,363,2869,,1,0.8434879779815674
sprint9_multiseed_S8A_R2_seed2024_S8A_R2_context_edge_film,S8A_R2_context_edge_film,graph_c_gatv2_context_edge_film_interaction,gatv2_graph_c_sprint8a_context_edge_film,gatv2,graph_c_context_observation,S5F2_energy,val,364,2869,,1,0.8391866683959961
sprint9_multiseed_S8A_R2_seed2024_S8A_R2_context_edge_film,S8A_R2_context_edge_film,graph_c_gatv2_context_edge_film_interaction,gatv2_graph_c_sprint8a_context_edge_film,gatv2,graph_c_context_observation,S5F2_energy,val,365,2869,,1,0.8670430779457092
sprint9_multiseed_S8A_R2_seed2024_S8A_R2_context_edge_film,S8A_R2_context_edge_film,graph_c_gatv2_context_edge_film_interaction,gatv2_graph_c_sprint8a_context_edge_film,gatv2,graph_c_context_observation,S5F2_energy,val,366,2869,,1,0.8114551901817322
sprint9_multiseed_S8A_R2_seed2024_S8A_R2_context_edge_film,S8A_R2_context_edge_film,graph_c_gatv2_context_edge_film_interaction,gatv2_graph_c_sprint8a_context_edge_film,gatv2,graph_c_context_observation,S5F2_energy,val,367,2869,,1,0.88658607006073
sprint9_multiseed_S8A_R2_seed2024_S8A_R2_context_edge_film,S8A_R2_context_edge_film,graph_c_gatv2_context_edge_film_interaction,gatv2_graph_c_sprint8a_context_edge_film,gatv2,graph_c_context_observation,S5F2_energy,val,368,2869,,1,0.8359642028808594
sprint9_multiseed_S8A_R2_seed2024_S8A_R2_context_edge_film,S8A_R2_context_edge_film,graph_c_gatv2_context_edge_film_interaction,gatv2_graph_c_sprint8a_context_edge_film,gatv2,graph_c_context_observation,S5F2_energy,val,369,2869,,1,0.8468385934829712
sprint9_multiseed_S8A_R2_seed2024_S8A_R2_context_edge_film,S8A_R2_context_edge_film,graph_c_gatv2_context_edge_film_interaction,gatv2_graph_c_sprint8a_context_edge_film,gatv2,graph_c_context_observation,S5F2_energy,val,370,2869,,1,0.85587078332901
sprint9_multiseed_S8A_R2_seed2024_S8A_R2_context_edge_film,S8A_R2_context_edge_film,graph_c_gatv2_context_edge_film_interaction,gatv2_graph_c_sprint8a_context_edge_film,gatv2,graph_c_context_observation,S5F2_energy,val,371,2869,,1,0.8247247934341431
sprint9_multiseed_S8A_R2_seed2024_S8A_R2_context_edge_film,S8A_R2_context_edge_film,graph_c_gatv2_context_edge_film_interaction,gatv2_graph_c_sprint8a_context_edge_film,gatv2,graph_c_context_observation,S5F2_energy,val,372,2869,,1,0.8865118026733398
sprint9_multiseed_S8A_R2_seed2024_S8A_R2_context_edge_film,S8A_R2_context_edge_film,graph_c_gatv2_context_edge_film_interaction,gatv2_graph_c_sprint8a_context_edge_film,gatv2,graph_c_context_observation,S5F2_energy,val,373,2869,,1,0.8326833844184875
sprint9_multiseed_S8A_R2_seed2024_S8A_R2_context_edge_film,S8A_R2_context_edge_film,graph_c_gatv2_context_edge_film_interaction,gatv2_graph_c_sprint8a_context_edge_film,gatv2,graph_c_context_observation,S5F2_energy,val,374,2869,,1,0.8429560661315918
sprint9_multiseed_S8A_R2_seed2024_S8A_R2_context_edge_film,S8A_R2_context_edge_film,graph_c_gatv2_context_edge_film_interaction,gatv2_graph_c_sprint8a_context_edge_film,gatv2,graph_c_context_observation,S5F2_energy,val,375,2869,,1,0.889851450920105
sprint9_multiseed_S8A_R2_seed2024_S8A_R2_context_edge_film,S8A_R2_context_edge_film,graph_c_gatv2_context_edge_film_interaction,gatv2_graph_c_sprint8a_context_edge_film,gatv2,graph_c_context_observation,S5F2_energy,val,376,2869,,1,0.8773999810218811
sprint9_multiseed_S8A_R2_seed2024_S8A_R2_context_edge_film,S8A_R2_context_edge_film,graph_c_gatv2_context_edge_film_interaction,gatv2_graph_c_sprint8a_context_edge_film,gatv2,graph_c_context_observation,S5F2_energy,val,377,2869,,1,0.8433908224105835
sprint9_multiseed_S8A_R2_seed2024_S8A_R2_context_edge_film,S8A_R2_context_edge_film,graph_c_gatv2_context_edge_film_interaction,gatv2_graph_c_sprint8a_context_edge_film,gatv2,graph_c_context_observation,S5F2_energy,val,378,2869,,1,0.8584207892417908
sprint9_multiseed_S8A_R2_seed2024_S8A_R2_context_edge_film,S8A_R2_context_edge_film,graph_c_gatv2_context_edge_film_interaction,gatv2_graph_c_sprint8a_context_edge_film,gatv2,graph_c_context_observation,S5F2_energy,val,379,2869,,1,0.8733170628547668
sprint9_multiseed_S8A_R2_seed2024_S8A_R2_context_edge_film,S8A_R2_context_edge_film,graph_c_gatv2_context_edge_film_interaction,gatv2_graph_c_sprint8a_context_edge_film,gatv2,graph_c_context_observation,S5F2_energy,val,380,2869,,1,0.8468250036239624
sprint9_multiseed_S8A_R2_seed2024_S8A_R2_context_edge_film,S8A_R2_context_edge_film,graph_c_gatv2_context_edge_film_interaction,gatv2_graph_c_sprint8a_context_edge_film,gatv2,graph_c_context_observation,S5F2_energy,val,381,2869,,1,0.8632619380950928
sprint9_multiseed_S8A_R2_seed2024_S8A_R2_context_edge_film,S8A_R2_context_edge_film,graph_c_gatv2_context_edge_film_interaction,gatv2_graph_c_sprint8a_context_edge_film,gatv2,graph_c_context_observation,S5F2_energy,val,382,2869,,1,0.9001122713088989
sprint9_multiseed_S8A_R2_seed2024_S8A_R2_context_edge_film,S8A_R2_context_edge_film,graph_c_gatv2_context_edge_film_interaction,gatv2_graph_c_sprint8a_context_edge_film,gatv2,graph_c_context_observation,S5F2_energy,val,383,2869,,1,0.8657154440879822
sprint9_multiseed_S8A_R2_seed2024_S8A_R2_context_edge_film,S8A_R2_context_edge_film,graph_c_gatv2_context_edge_film_interaction,gatv2_graph_c_sprint8a_context_edge_film,gatv2,graph_c_context_observation,S5F2_energy,val,384,2869,,1,0.8331884741783142
sprint9_multiseed_S8A_R2_seed2024_S8A_R2_context_edge_film,S8A_R2_context_edge_film,graph_c_gatv2_context_edge_film_interaction,gatv2_graph_c_sprint8a_context_edge_film,gatv2,graph_c_context_observation,S5F2_energy,val,385,2869,,1,0.8486385345458984
sprint9_multiseed_S8A_R2_seed2024_S8A_R2_context_edge_film,S8A_R2_context_edge_film,graph_c_gatv2_context_edge_film_interaction,gatv2_graph_c_sprint8a_context_edge_film,gatv2,graph_c_context_observation,S5F2_energy,val,386,2869,,1,0.8026039004325867
sprint9_multiseed_S8A_R2_seed2024_S8A_R2_context_edge_film,S8A_R2_context_edge_film,graph_c_gatv2_context_edge_film_interaction,gatv2_graph_c_sprint8a_context_edge_film,gatv2,graph_c_context_observation,S5F2_energy,val,387,2869,,1,0.8587920665740967
sprint9_multiseed_S8A_R2_seed2024_S8A_R2_context_edge_film,S8A_R2_context_edge_film,graph_c_gatv2_context_edge_film_interaction,gatv2_graph_c_sprint8a_context_edge_film,gatv2,graph_c_context_observation,S5F2_energy,val,388,2869,,1,0.8643898367881775
sprint9_multiseed_S8A_R2_seed2024_S8A_R2_context_edge_film,S8A_R2_context_edge_film,graph_c_gatv2_context_edge_film_interaction,gatv2_graph_c_sprint8a_context_edge_film,gatv2,graph_c_context_observation,S5F2_energy,val,389,2869,,1,0.8752461075782776
sprint9_multiseed_S8A_R2_seed2024_S8A_R2_context_edge_film,S8A_R2_context_edge_film,graph_c_gatv2_context_edge_film_interaction,gatv2_graph_c_sprint8a_context_edge_film,gatv2,graph_c_context_observation,S5F2_energy,val,390,2869,,1,0.8661963939666748
sprint9_multiseed_S8A_R2_seed2024_S8A_R2_context_edge_film,S8A_R2_context_edge_film,graph_c_gatv2_context_edge_film_interaction,gatv2_graph_c_sprint8a_context_edge_film,gatv2,graph_c_context_observation,S5F2_energy,val,391,2869,,1,0.8568162322044373
sprint9_multiseed_S8A_R2_seed2024_S8A_R2_context_edge_film,S8A_R2_context_edge_film,graph_c_gatv2_context_edge_film_interaction,gatv2_graph_c_sprint8a_context_edge_film,gatv2,graph_c_context_observation,S5F2_energy,val,392,2869,,1,0.8088951706886292
sprint9_multiseed_S8A_R2_seed2024_S8A_R2_context_edge_film,S8A_R2_context_edge_film,graph_c_gatv2_context_edge_film_interaction,gatv2_graph_c_sprint8a_context_edge_film,gatv2,graph_c_context_observation,S5F2_energy,val,393,2869,,1,0.8798828125
sprint9_multiseed_S8A_R2_seed2024_S8A_R2_context_edge_film,S8A_R2_context_edge_film,graph_c_gatv2_context_edge_film_interaction,gatv2_graph_c_sprint8a_context_edge_film,gatv2,graph_c_context_observation,S5F2_energy,val,394,2869,,1,0.8420034050941467
sprint9_multiseed_S8A_R2_seed2024_S8A_R2_context_edge_film,S8A_R2_context_edge_film,graph_c_gatv2_context_edge_film_interaction,gatv2_graph_c_sprint8a_context_edge_film,gatv2,graph_c_context_observation,S5F2_energy,val,395,2869,,1,0.884711503982544
sprint9_multiseed_S8A_R2_seed2024_S8A_R2_context_edge_film,S8A_R2_context_edge_film,graph_c_gatv2_context_edge_film_interaction,gatv2_graph_c_sprint8a_context_edge_film,gatv2,graph_c_context_observation,S5F2_energy,val,396,2869,,1,0.8363844156265259
sprint9_multiseed_S8A_R2_seed2024_S8A_R2_context_edge_film,S8A_R2_context_edge_film,graph_c_gatv2_context_edge_film_interaction,gatv2_graph_c_sprint8a_context_edge_film,gatv2,graph_c_context_observation,S5F2_energy,val,397,2869,,1,0.8679822087287903
sprint9_multiseed_S8A_R2_seed2024_S8A_R2_context_edge_film,S8A_R2_context_edge_film,graph_c_gatv2_context_edge_film_interaction,gatv2_graph_c_sprint8a_context_edge_film,gatv2,graph_c_context_observation,S5F2_energy,val,398,2869,,1,0.8196311593055725
sprint9_multiseed_S8A_R2_seed2024_S8A_R2_context_edge_film,S8A_R2_context_edge_film,graph_c_gatv2_context_edge_film_interaction,gatv2_graph_c_sprint8a_context_edge_film,gatv2,graph_c_context_observation,S5F2_energy,val,399,2869,,1,0.8597033023834229
sprint9_multiseed_S8A_R2_seed2024_S8A_R2_context_edge_film,S8A_R2_context_edge_film,graph_c_gatv2_context_edge_film_interaction,gatv2_graph_c_sprint8a_context_edge_film,gatv2,graph_c_context_observation,S5F2_energy,val,400,2869,,1,0.862777590751648
sprint9_multiseed_S8A_R2_seed2024_S8A_R2_context_edge_film,S8A_R2_context_edge_film,graph_c_gatv2_context_edge_film_interaction,gatv2_graph_c_sprint8a_context_edge_film,gatv2,graph_c_context_observation,S5F2_energy,val,401,2869,,1,0.8591217994689941
sprint9_multiseed_S8A_R2_seed2024_S8A_R2_context_edge_film,S8A_R2_context_edge_film,graph_c_gatv2_context_edge_film_interaction,gatv2_graph_c_sprint8a_context_edge_film,gatv2,graph_c_context_observation,S5F2_energy,val,402,2869,,1,0.8535208702087402
sprint9_multiseed_S8A_R2_seed2024_S8A_R2_context_edge_film,S8A_R2_context_edge_film,graph_c_gatv2_context_edge_film_interaction,gatv2_graph_c_sprint8a_context_edge_film,gatv2,graph_c_context_observation,S5F2_energy,val,403,2869,,1,0.8228118419647217
sprint9_multiseed_S8A_R2_seed2024_S8A_R2_context_edge_film,S8A_R2_context_edge_film,graph_c_gatv2_context_edge_film_interaction,gatv2_graph_c_sprint8a_context_edge_film,gatv2,graph_c_context_observation,S5F2_energy,val,404,2869,,1,0.8387765288352966
sprint9_multiseed_S8A_R2_seed2024_S8A_R2_context_edge_film,S8A_R2_context_edge_film,graph_c_gatv2_context_edge_film_interaction,gatv2_graph_c_sprint8a_context_edge_film,gatv2,graph_c_context_observation,S5F2_energy,val,405,2869,,1,0.8453539609909058
sprint9_multiseed_S8A_R2_seed2024_S8A_R2_context_edge_film,S8A_R2_context_edge_film,graph_c_gatv2_context_edge_film_interaction,gatv2_graph_c_sprint8a_context_edge_film,gatv2,graph_c_context_observation,S5F2_energy,val,406,2869,,1,0.8258934617042542
sprint9_multiseed_S8A_R2_seed2024_S8A_R2_context_edge_film,S8A_R2_context_edge_film,graph_c_gatv2_context_edge_film_interaction,gatv2_graph_c_sprint8a_context_edge_film,gatv2,graph_c_context_observation,S5F2_energy,val,407,2869,,1,0.8665125966072083
sprint9_multiseed_S8A_R2_seed2024_S8A_R2_context_edge_film,S8A_R2_context_edge_film,graph_c_gatv2_context_edge_film_interaction,gatv2_graph_c_sprint8a_context_edge_film,gatv2,graph_c_context_observation,S5F2_energy,val,408,2869,,1,0.85942143201828
sprint9_multiseed_S8A_R2_seed2024_S8A_R2_context_edge_film,S8A_R2_context_edge_film,graph_c_gatv2_context_edge_film_interaction,gatv2_graph_c_sprint8a_context_edge_film,gatv2,graph_c_context_observation,S5F2_energy,val,409,2869,,1,0.8362305164337158
sprint9_multiseed_S8A_R2_seed2024_S8A_R2_context_edge_film,S8A_R2_context_edge_film,graph_c_gatv2_context_edge_film_interaction,gatv2_graph_c_sprint8a_context_edge_film,gatv2,graph_c_context_observation,S5F2_energy,val,410,2869,,1,0.8231274485588074
sprint9_multiseed_S8A_R2_seed2024_S8A_R2_context_edge_film,S8A_R2_context_edge_film,graph_c_gatv2_context_edge_film_interaction,gatv2_graph_c_sprint8a_context_edge_film,gatv2,graph_c_context_observation,S5F2_energy,val,411,2869,,1,0.8212380409240723
sprint9_multiseed_S8A_R2_seed2024_S8A_R2_context_edge_film,S8A_R2_context_edge_film,graph_c_gatv2_context_edge_film_interaction,gatv2_graph_c_sprint8a_context_edge_film,gatv2,graph_c_context_observation,S5F2_energy,val,412,2869,,1,0.8614104390144348
sprint9_multiseed_S8A_R2_seed2024_S8A_R2_context_edge_film,S8A_R2_context_edge_film,graph_c_gatv2_context_edge_film_interaction,gatv2_graph_c_sprint8a_context_edge_film,gatv2,graph_c_context_observation,S5F2_energy,val,413,2869,,1,0.8718243837356567
sprint9_multiseed_S8A_R2_seed2024_S8A_R2_context_edge_film,S8A_R2_context_edge_film,graph_c_gatv2_context_edge_film_interaction,gatv2_graph_c_sprint8a_context_edge_film,gatv2,graph_c_context_observation,S5F2_energy,val,414,2869,,1,0.6812771558761597
sprint9_multiseed_S8A_R2_seed2024_S8A_R2_context_edge_film,S8A_R2_context_edge_film,graph_c_gatv2_context_edge_film_interaction,gatv2_graph_c_sprint8a_context_edge_film,gatv2,graph_c_context_observation,S5F2_energy,val,415,2869,,1,0.7731335759162903
sprint9_multiseed_S8A_R2_seed2024_S8A_R2_context_edge_film,S8A_R2_context_edge_film,graph_c_gatv2_context_edge_film_interaction,gatv2_graph_c_sprint8a_context_edge_film,gatv2,graph_c_context_observation,S5F2_energy,val,416,2869,,1,0.8676365613937378
sprint9_multiseed_S8A_R2_seed2024_S8A_R2_context_edge_film,S8A_R2_context_edge_film,graph_c_gatv2_context_edge_film_interaction,gatv2_graph_c_sprint8a_context_edge_film,gatv2,graph_c_context_observation,S5F2_energy,val,417,2869,,1,0.8378937244415283
sprint9_multiseed_S8A_R2_seed2024_S8A_R2_context_edge_film,S8A_R2_context_edge_film,graph_c_gatv2_context_edge_film_interaction,gatv2_graph_c_sprint8a_context_edge_film,gatv2,graph_c_context_observation,S5F2_energy,val,418,2869,,1,0.7070172429084778
sprint9_multiseed_S8A_R2_seed2024_S8A_R2_context_edge_film,S8A_R2_context_edge_film,graph_c_gatv2_context_edge_film_interaction,gatv2_graph_c_sprint8a_context_edge_film,gatv2,graph_c_context_observation,S5F2_energy,val,419,2869,,1,0.8587430119514465
sprint9_multiseed_S8A_R2_seed2024_S8A_R2_context_edge_film,S8A_R2_context_edge_film,graph_c_gatv2_context_edge_film_interaction,gatv2_graph_c_sprint8a_context_edge_film,gatv2,graph_c_context_observation,S5F2_energy,val,420,2869,,1,0.856972336769104
sprint9_multiseed_S8A_R2_seed2024_S8A_R2_context_edge_film,S8A_R2_context_edge_film,graph_c_gatv2_context_edge_film_interaction,gatv2_graph_c_sprint8a_context_edge_film,gatv2,graph_c_context_observation,S5F2_energy,val,421,2869,,1,0.8459718823432922
sprint9_multiseed_S8A_R2_seed2024_S8A_R2_context_edge_film,S8A_R2_context_edge_film,graph_c_gatv2_context_edge_film_interaction,gatv2_graph_c_sprint8a_context_edge_film,gatv2,graph_c_context_observation,S5F2_energy,val,422,2869,,1,0.8218714594841003
sprint9_multiseed_S8A_R2_seed2024_S8A_R2_context_edge_film,S8A_R2_context_edge_film,graph_c_gatv2_context_edge_film_interaction,gatv2_graph_c_sprint8a_context_edge_film,gatv2,graph_c_context_observation,S5F2_energy,val,423,2869,,1,0.8601765036582947
sprint9_multiseed_S8A_R2_seed2024_S8A_R2_context_edge_film,S8A_R2_context_edge_film,graph_c_gatv2_context_edge_film_interaction,gatv2_graph_c_sprint8a_context_edge_film,gatv2,graph_c_context_observation,S5F2_energy,val,424,2869,,1,0.7707223892211914
sprint9_multiseed_S8A_R2_seed2024_S8A_R2_context_edge_film,S8A_R2_context_edge_film,graph_c_gatv2_context_edge_film_interaction,gatv2_graph_c_sprint8a_context_edge_film,gatv2,graph_c_context_observation,S5F2_energy,val,425,2869,,1,0.8477352261543274
sprint9_multiseed_S8A_R2_seed2024_S8A_R2_context_edge_film,S8A_R2_context_edge_film,graph_c_gatv2_context_edge_film_interaction,gatv2_graph_c_sprint8a_context_edge_film,gatv2,graph_c_context_observation,S5F2_energy,val,426,2869,,1,0.863426923751831
sprint9_multiseed_S8A_R2_seed2024_S8A_R2_context_edge_film,S8A_R2_context_edge_film,graph_c_gatv2_context_edge_film_interaction,gatv2_graph_c_sprint8a_context_edge_film,gatv2,graph_c_context_observation,S5F2_energy,val,427,2869,,1,0.848150908946991
sprint9_multiseed_S8A_R2_seed2024_S8A_R2_context_edge_film,S8A_R2_context_edge_film,graph_c_gatv2_context_edge_film_interaction,gatv2_graph_c_sprint8a_context_edge_film,gatv2,graph_c_context_observation,S5F2_energy,val,428,2869,,1,0.8585981726646423
sprint9_multiseed_S8A_R2_seed2024_S8A_R2_context_edge_film,S8A_R2_context_edge_film,graph_c_gatv2_context_edge_film_interaction,gatv2_graph_c_sprint8a_context_edge_film,gatv2,graph_c_context_observation,S5F2_energy,val,429,2869,,1,0.8165547847747803
sprint9_multiseed_S8A_R2_seed2024_S8A_R2_context_edge_film,S8A_R2_context_edge_film,graph_c_gatv2_context_edge_film_interaction,gatv2_graph_c_sprint8a_context_edge_film,gatv2,graph_c_context_observation,S5F2_energy,val,430,2869,,1,0.8285982608795166
sprint9_multiseed_S8A_R2_seed2024_S8A_R2_context_edge_film,S8A_R2_context_edge_film,graph_c_gatv2_context_edge_film_interaction,gatv2_graph_c_sprint8a_context_edge_film,gatv2,graph_c_context_observation,S5F2_energy,val,431,2869,,1,0.8628382086753845
sprint9_multiseed_S8A_R2_seed2024_S8A_R2_context_edge_film,S8A_R2_context_edge_film,graph_c_gatv2_context_edge_film_interaction,gatv2_graph_c_sprint8a_context_edge_film,gatv2,graph_c_context_observation,S5F2_energy,val,432,2869,,1,0.8310621976852417
sprint9_multiseed_S8A_R2_seed2024_S8A_R2_context_edge_film,S8A_R2_context_edge_film,graph_c_gatv2_context_edge_film_interaction,gatv2_graph_c_sprint8a_context_edge_film,gatv2,graph_c_context_observation,S5F2_energy,val,433,2869,,1,0.8283641934394836
sprint9_multiseed_S8A_R2_seed2024_S8A_R2_context_edge_film,S8A_R2_context_edge_film,graph_c_gatv2_context_edge_film_interaction,gatv2_graph_c_sprint8a_context_edge_film,gatv2,graph_c_context_observation,S5F2_energy,val,434,2869,,1,0.8616943359375
sprint9_multiseed_S8A_R2_seed2024_S8A_R2_context_edge_film,S8A_R2_context_edge_film,graph_c_gatv2_context_edge_film_interaction,gatv2_graph_c_sprint8a_context_edge_film,gatv2,graph_c_context_observation,S5F2_energy,val,435,2869,,1,0.8372396230697632
sprint9_multiseed_S8A_R2_seed2024_S8A_R2_context_edge_film,S8A_R2_context_edge_film,graph_c_gatv2_context_edge_film_interaction,gatv2_graph_c_sprint8a_context_edge_film,gatv2,graph_c_context_observation,S5F2_energy,val,436,2869,,1,0.8320366144180298
sprint9_multiseed_S8A_R2_seed2024_S8A_R2_context_edge_film,S8A_R2_context_edge_film,graph_c_gatv2_context_edge_film_interaction,gatv2_graph_c_sprint8a_context_edge_film,gatv2,graph_c_context_observation,S5F2_energy,val,437,2869,,1,0.8289200663566589
sprint9_multiseed_S8A_R2_seed2024_S8A_R2_context_edge_film,S8A_R2_context_edge_film,graph_c_gatv2_context_edge_film_interaction,gatv2_graph_c_sprint8a_context_edge_film,gatv2,graph_c_context_observation,S5F2_energy,val,438,2869,,1,0.8710781335830688
sprint9_multiseed_S8A_R2_seed2024_S8A_R2_context_edge_film,S8A_R2_context_edge_film,graph_c_gatv2_context_edge_film_interaction,gatv2_graph_c_sprint8a_context_edge_film,gatv2,graph_c_context_observation,S5F2_energy,val,439,2869,,1,0.8456643223762512
sprint9_multiseed_S8A_R2_seed2024_S8A_R2_context_edge_film,S8A_R2_context_edge_film,graph_c_gatv2_context_edge_film_interaction,gatv2_graph_c_sprint8a_context_edge_film,gatv2,graph_c_context_observation,S5F2_energy,val,440,2869,,1,0.8662944436073303
sprint9_multiseed_S8A_R2_seed2024_S8A_R2_context_edge_film,S8A_R2_context_edge_film,graph_c_gatv2_context_edge_film_interaction,gatv2_graph_c_sprint8a_context_edge_film,gatv2,graph_c_context_observation,S5F2_energy,val,441,2869,,1,0.7916834354400635
sprint9_multiseed_S8A_R2_seed2024_S8A_R2_context_edge_film,S8A_R2_context_edge_film,graph_c_gatv2_context_edge_film_interaction,gatv2_graph_c_sprint8a_context_edge_film,gatv2,graph_c_context_observation,S5F2_energy,val,442,2869,,1,0.8300458192825317
sprint9_multiseed_S8A_R2_seed2024_S8A_R2_context_edge_film,S8A_R2_context_edge_film,graph_c_gatv2_context_edge_film_interaction,gatv2_graph_c_sprint8a_context_edge_film,gatv2,graph_c_context_observation,S5F2_energy,val,443,2869,,1,0.8156777620315552
sprint9_multiseed_S8A_R2_seed2024_S8A_R2_context_edge_film,S8A_R2_context_edge_film,graph_c_gatv2_context_edge_film_interaction,gatv2_graph_c_sprint8a_context_edge_film,gatv2,graph_c_context_observation,S5F2_energy,val,444,2869,,1,0.8340584635734558
sprint9_multiseed_S8A_R2_seed2024_S8A_R2_context_edge_film,S8A_R2_context_edge_film,graph_c_gatv2_context_edge_film_interaction,gatv2_graph_c_sprint8a_context_edge_film,gatv2,graph_c_context_observation,S5F2_energy,val,445,2869,,1,0.8450775146484375
sprint9_multiseed_S8A_R2_seed2024_S8A_R2_context_edge_film,S8A_R2_context_edge_film,graph_c_gatv2_context_edge_film_interaction,gatv2_graph_c_sprint8a_context_edge_film,gatv2,graph_c_context_observation,S5F2_energy,val,446,2869,,1,0.8519399762153625
sprint9_multiseed_S8A_R2_seed2024_S8A_R2_context_edge_film,S8A_R2_context_edge_film,graph_c_gatv2_context_edge_film_interaction,gatv2_graph_c_sprint8a_context_edge_film,gatv2,graph_c_context_observation,S5F2_energy,val,447,2869,,1,0.817211389541626
sprint9_multiseed_S8A_R2_seed2024_S8A_R2_context_edge_film,S8A_R2_context_edge_film,graph_c_gatv2_context_edge_film_interaction,gatv2_graph_c_sprint8a_context_edge_film,gatv2,graph_c_context_observation,S5F2_energy,val,448,2869,,1,0.840169370174408
sprint9_multiseed_S8A_R2_seed2024_S8A_R2_context_edge_film,S8A_R2_context_edge_film,graph_c_gatv2_context_edge_film_interaction,gatv2_graph_c_sprint8a_context_edge_film,gatv2,graph_c_context_observation,S5F2_energy,val,449,2869,,1,0.8616169691085815
sprint9_multiseed_S8A_R2_seed2024_S8A_R2_context_edge_film,S8A_R2_context_edge_film,graph_c_gatv2_context_edge_film_interaction,gatv2_graph_c_sprint8a_context_edge_film,gatv2,graph_c_context_observation,S5F2_energy,val,450,2869,,1,0.8579207062721252
sprint9_multiseed_S8A_R2_seed2024_S8A_R2_context_edge_film,S8A_R2_context_edge_film,graph_c_gatv2_context_edge_film_interaction,gatv2_graph_c_sprint8a_context_edge_film,gatv2,graph_c_context_observation,S5F2_energy,val,451,2869,,1,0.8686891794204712
sprint9_multiseed_S8A_R2_seed2024_S8A_R2_context_edge_film,S8A_R2_context_edge_film,graph_c_gatv2_context_edge_film_interaction,gatv2_graph_c_sprint8a_context_edge_film,gatv2,graph_c_context_observation,S5F2_energy,val,452,2869,,1,0.8035569787025452
sprint9_multiseed_S8A_R2_seed2024_S8A_R2_context_edge_film,S8A_R2_context_edge_film,graph_c_gatv2_context_edge_film_interaction,gatv2_graph_c_sprint8a_context_edge_film,gatv2,graph_c_context_observation,S5F2_energy,val,453,2869,,1,0.8511878848075867
sprint9_multiseed_S8A_R2_seed2024_S8A_R2_context_edge_film,S8A_R2_context_edge_film,graph_c_gatv2_context_edge_film_interaction,gatv2_graph_c_sprint8a_context_edge_film,gatv2,graph_c_context_observation,S5F2_energy,val,454,2869,,1,0.832690417766571
sprint9_multiseed_S8A_R2_seed2024_S8A_R2_context_edge_film,S8A_R2_context_edge_film,graph_c_gatv2_context_edge_film_interaction,gatv2_graph_c_sprint8a_context_edge_film,gatv2,graph_c_context_observation,S5F2_energy,val,455,2869,,1,0.7907416224479675
sprint9_multiseed_S8A_R2_seed2024_S8A_R2_context_edge_film,S8A_R2_context_edge_film,graph_c_gatv2_context_edge_film_interaction,gatv2_graph_c_sprint8a_context_edge_film,gatv2,graph_c_context_observation,S5F2_energy,val,456,2869,,1,0.8490034937858582
sprint9_multiseed_S8A_R2_seed2024_S8A_R2_context_edge_film,S8A_R2_context_edge_film,graph_c_gatv2_context_edge_film_interaction,gatv2_graph_c_sprint8a_context_edge_film,gatv2,graph_c_context_observation,S5F2_energy,val,457,2869,,1,0.7647545337677002
sprint9_multiseed_S8A_R2_seed2024_S8A_R2_context_edge_film,S8A_R2_context_edge_film,graph_c_gatv2_context_edge_film_interaction,gatv2_graph_c_sprint8a_context_edge_film,gatv2,graph_c_context_observation,S5F2_energy,val,458,2869,,1,0.8124534487724304
sprint9_multiseed_S8A_R2_seed2024_S8A_R2_context_edge_film,S8A_R2_context_edge_film,graph_c_gatv2_context_edge_film_interaction,gatv2_graph_c_sprint8a_context_edge_film,gatv2,graph_c_context_observation,S5F2_energy,val,459,2869,,1,0.8467503786087036
sprint9_multiseed_S8A_R2_seed2024_S8A_R2_context_edge_film,S8A_R2_context_edge_film,graph_c_gatv2_context_edge_film_interaction,gatv2_graph_c_sprint8a_context_edge_film,gatv2,graph_c_context_observation,S5F2_energy,val,460,2869,,1,0.8616021275520325
sprint9_multiseed_S8A_R2_seed2024_S8A_R2_context_edge_film,S8A_R2_context_edge_film,graph_c_gatv2_context_edge_film_interaction,gatv2_graph_c_sprint8a_context_edge_film,gatv2,graph_c_context_observation,S5F2_energy,val,461,2869,,1,0.8525175452232361
sprint9_multiseed_S8A_R2_seed2024_S8A_R2_context_edge_film,S8A_R2_context_edge_film,graph_c_gatv2_context_edge_film_interaction,gatv2_graph_c_sprint8a_context_edge_film,gatv2,graph_c_context_observation,S5F2_energy,val,462,2869,,1,0.8381972908973694
sprint9_multiseed_S8A_R2_seed2024_S8A_R2_context_edge_film,S8A_R2_context_edge_film,graph_c_gatv2_context_edge_film_interaction,gatv2_graph_c_sprint8a_context_edge_film,gatv2,graph_c_context_observation,S5F2_energy,val,463,2869,,1,0.8372975587844849
sprint9_multiseed_S8A_R2_seed2024_S8A_R2_context_edge_film,S8A_R2_context_edge_film,graph_c_gatv2_context_edge_film_interaction,gatv2_graph_c_sprint8a_context_edge_film,gatv2,graph_c_context_observation,S5F2_energy,val,464,2869,,1,0.7870694994926453
sprint9_multiseed_S8A_R2_seed2024_S8A_R2_context_edge_film,S8A_R2_context_edge_film,graph_c_gatv2_context_edge_film_interaction,gatv2_graph_c_sprint8a_context_edge_film,gatv2,graph_c_context_observation,S5F2_energy,val,465,2869,,1,0.8667901754379272
sprint9_multiseed_S8A_R2_seed2024_S8A_R2_context_edge_film,S8A_R2_context_edge_film,graph_c_gatv2_context_edge_film_interaction,gatv2_graph_c_sprint8a_context_edge_film,gatv2,graph_c_context_observation,S5F2_energy,val,466,2869,,1,0.8094708323478699
sprint9_multiseed_S8A_R2_seed2024_S8A_R2_context_edge_film,S8A_R2_context_edge_film,graph_c_gatv2_context_edge_film_interaction,gatv2_graph_c_sprint8a_context_edge_film,gatv2,graph_c_context_observation,S5F2_energy,val,467,2869,,1,0.8168366551399231
sprint9_multiseed_S8A_R2_seed2024_S8A_R2_context_edge_film,S8A_R2_context_edge_film,graph_c_gatv2_context_edge_film_interaction,gatv2_graph_c_sprint8a_context_edge_film,gatv2,graph_c_context_observation,S5F2_energy,val,468,2869,,1,0.8378355503082275
sprint9_multiseed_S8A_R2_seed2024_S8A_R2_context_edge_film,S8A_R2_context_edge_film,graph_c_gatv2_context_edge_film_interaction,gatv2_graph_c_sprint8a_context_edge_film,gatv2,graph_c_context_observation,S5F2_energy,val,469,2869,,1,0.8199359178543091
sprint9_multiseed_S8A_R2_seed2024_S8A_R2_context_edge_film,S8A_R2_context_edge_film,graph_c_gatv2_context_edge_film_interaction,gatv2_graph_c_sprint8a_context_edge_film,gatv2,graph_c_context_observation,S5F2_energy,val,470,2869,,1,0.8676497936248779
sprint9_multiseed_S8A_R2_seed2024_S8A_R2_context_edge_film,S8A_R2_context_edge_film,graph_c_gatv2_context_edge_film_interaction,gatv2_graph_c_sprint8a_context_edge_film,gatv2,graph_c_context_observation,S5F2_energy,val,471,2869,,1,0.802059531211853
sprint9_multiseed_S8A_R2_seed2024_S8A_R2_context_edge_film,S8A_R2_context_edge_film,graph_c_gatv2_context_edge_film_interaction,gatv2_graph_c_sprint8a_context_edge_film,gatv2,graph_c_context_observation,S5F2_energy,val,472,2869,,1,0.8315796256065369
sprint9_multiseed_S8A_R2_seed2024_S8A_R2_context_edge_film,S8A_R2_context_edge_film,graph_c_gatv2_context_edge_film_interaction,gatv2_graph_c_sprint8a_context_edge_film,gatv2,graph_c_context_observation,S5F2_energy,val,473,2869,,1,0.8431419134140015
sprint9_multiseed_S8A_R2_seed2024_S8A_R2_context_edge_film,S8A_R2_context_edge_film,graph_c_gatv2_context_edge_film_interaction,gatv2_graph_c_sprint8a_context_edge_film,gatv2,graph_c_context_observation,S5F2_energy,val,474,2869,,1,0.8653973340988159
sprint9_multiseed_S8A_R2_seed2024_S8A_R2_context_edge_film,S8A_R2_context_edge_film,graph_c_gatv2_context_edge_film_interaction,gatv2_graph_c_sprint8a_context_edge_film,gatv2,graph_c_context_observation,S5F2_energy,val,475,2869,,1,0.8471325635910034
sprint9_multiseed_S8A_R2_seed2024_S8A_R2_context_edge_film,S8A_R2_context_edge_film,graph_c_gatv2_context_edge_film_interaction,gatv2_graph_c_sprint8a_context_edge_film,gatv2,graph_c_context_observation,S5F2_energy,val,476,2869,,1,0.8586320877075195
sprint9_multiseed_S8A_R2_seed2024_S8A_R2_context_edge_film,S8A_R2_context_edge_film,graph_c_gatv2_context_edge_film_interaction,gatv2_graph_c_sprint8a_context_edge_film,gatv2,graph_c_context_observation,S5F2_energy,val,477,2869,,1,0.7913918495178223
sprint9_multiseed_S8A_R2_seed2024_S8A_R2_context_edge_film,S8A_R2_context_edge_film,graph_c_gatv2_context_edge_film_interaction,gatv2_graph_c_sprint8a_context_edge_film,gatv2,graph_c_context_observation,S5F2_energy,val,478,2869,,1,0.8568176627159119
sprint9_multiseed_S8A_R2_seed2024_S8A_R2_context_edge_film,S8A_R2_context_edge_film,graph_c_gatv2_context_edge_film_interaction,gatv2_graph_c_sprint8a_context_edge_film,gatv2,graph_c_context_observation,S5F2_energy,val,479,2869,,1,0.808635413646698
sprint9_multiseed_S8A_R2_seed2024_S8A_R2_context_edge_film,S8A_R2_context_edge_film,graph_c_gatv2_context_edge_film_interaction,gatv2_graph_c_sprint8a_context_edge_film,gatv2,graph_c_context_observation,S5F2_energy,val,480,2869,,1,0.8441452980041504
sprint9_multiseed_S8A_R2_seed2024_S8A_R2_context_edge_film,S8A_R2_context_edge_film,graph_c_gatv2_context_edge_film_interaction,gatv2_graph_c_sprint8a_context_edge_film,gatv2,graph_c_context_observation,S5F2_energy,val,481,2869,,1,0.7724960446357727
sprint9_multiseed_S8A_R2_seed2024_S8A_R2_context_edge_film,S8A_R2_context_edge_film,graph_c_gatv2_context_edge_film_interaction,gatv2_graph_c_sprint8a_context_edge_film,gatv2,graph_c_context_observation,S5F2_energy,val,482,2869,,1,0.8529058694839478
sprint9_multiseed_S8A_R2_seed2024_S8A_R2_context_edge_film,S8A_R2_context_edge_film,graph_c_gatv2_context_edge_film_interaction,gatv2_graph_c_sprint8a_context_edge_film,gatv2,graph_c_context_observation,S5F2_energy,val,483,2869,,1,0.8767416477203369
sprint9_multiseed_S8A_R2_seed2024_S8A_R2_context_edge_film,S8A_R2_context_edge_film,graph_c_gatv2_context_edge_film_interaction,gatv2_graph_c_sprint8a_context_edge_film,gatv2,graph_c_context_observation,S5F2_energy,val,484,2869,,1,0.85463947057724
sprint9_multiseed_S8A_R2_seed2024_S8A_R2_context_edge_film,S8A_R2_context_edge_film,graph_c_gatv2_context_edge_film_interaction,gatv2_graph_c_sprint8a_context_edge_film,gatv2,graph_c_context_observation,S5F2_energy,val,485,2869,,1,0.8197121620178223
sprint9_multiseed_S8A_R2_seed2024_S8A_R2_context_edge_film,S8A_R2_context_edge_film,graph_c_gatv2_context_edge_film_interaction,gatv2_graph_c_sprint8a_context_edge_film,gatv2,graph_c_context_observation,S5F2_energy,val,486,2869,,1,0.7319985032081604
sprint9_multiseed_S8A_R2_seed2024_S8A_R2_context_edge_film,S8A_R2_context_edge_film,graph_c_gatv2_context_edge_film_interaction,gatv2_graph_c_sprint8a_context_edge_film,gatv2,graph_c_context_observation,S5F2_energy,val,487,2869,,1,0.8321805596351624
sprint9_multiseed_S8A_R2_seed2024_S8A_R2_context_edge_film,S8A_R2_context_edge_film,graph_c_gatv2_context_edge_film_interaction,gatv2_graph_c_sprint8a_context_edge_film,gatv2,graph_c_context_observation,S5F2_energy,val,488,2869,,1,0.8206979632377625
sprint9_multiseed_S8A_R2_seed2024_S8A_R2_context_edge_film,S8A_R2_context_edge_film,graph_c_gatv2_context_edge_film_interaction,gatv2_graph_c_sprint8a_context_edge_film,gatv2,graph_c_context_observation,S5F2_energy,val,489,2869,,1,0.8374982476234436
sprint9_multiseed_S8A_R2_seed2024_S8A_R2_context_edge_film,S8A_R2_context_edge_film,graph_c_gatv2_context_edge_film_interaction,gatv2_graph_c_sprint8a_context_edge_film,gatv2,graph_c_context_observation,S5F2_energy,val,490,2869,,1,0.8308658599853516
sprint9_multiseed_S8A_R2_seed2024_S8A_R2_context_edge_film,S8A_R2_context_edge_film,graph_c_gatv2_context_edge_film_interaction,gatv2_graph_c_sprint8a_context_edge_film,gatv2,graph_c_context_observation,S5F2_energy,val,491,2869,,1,0.7327114939689636
sprint9_multiseed_S8A_R2_seed2024_S8A_R2_context_edge_film,S8A_R2_context_edge_film,graph_c_gatv2_context_edge_film_interaction,gatv2_graph_c_sprint8a_context_edge_film,gatv2,graph_c_context_observation,S5F2_energy,val,492,2869,,1,0.7886376976966858
sprint9_multiseed_S8A_R2_seed2024_S8A_R2_context_edge_film,S8A_R2_context_edge_film,graph_c_gatv2_context_edge_film_interaction,gatv2_graph_c_sprint8a_context_edge_film,gatv2,graph_c_context_observation,S5F2_energy,val,493,2869,,1,0.8533276319503784
sprint9_multiseed_S8A_R2_seed2024_S8A_R2_context_edge_film,S8A_R2_context_edge_film,graph_c_gatv2_context_edge_film_interaction,gatv2_graph_c_sprint8a_context_edge_film,gatv2,graph_c_context_observation,S5F2_energy,val,494,2869,,1,0.8379689455032349
sprint9_multiseed_S8A_R2_seed2024_S8A_R2_context_edge_film,S8A_R2_context_edge_film,graph_c_gatv2_context_edge_film_interaction,gatv2_graph_c_sprint8a_context_edge_film,gatv2,graph_c_context_observation,S5F2_energy,val,495,2869,,1,0.8796961307525635
sprint9_multiseed_S8A_R2_seed2024_S8A_R2_context_edge_film,S8A_R2_context_edge_film,graph_c_gatv2_context_edge_film_interaction,gatv2_graph_c_sprint8a_context_edge_film,gatv2,graph_c_context_observation,S5F2_energy,val,496,2869,,1,0.8189930319786072
sprint9_multiseed_S8A_R2_seed2024_S8A_R2_context_edge_film,S8A_R2_context_edge_film,graph_c_gatv2_context_edge_film_interaction,gatv2_graph_c_sprint8a_context_edge_film,gatv2,graph_c_context_observation,S5F2_energy,val,497,2869,,1,0.8275564908981323
sprint9_multiseed_S8A_R2_seed2024_S8A_R2_context_edge_film,S8A_R2_context_edge_film,graph_c_gatv2_context_edge_film_interaction,gatv2_graph_c_sprint8a_context_edge_film,gatv2,graph_c_context_observation,S5F2_energy,val,498,2869,,1,0.8356342315673828
sprint9_multiseed_S8A_R2_seed2024_S8A_R2_context_edge_film,S8A_R2_context_edge_film,graph_c_gatv2_context_edge_film_interaction,gatv2_graph_c_sprint8a_context_edge_film,gatv2,graph_c_context_observation,S5F2_energy,val,499,2869,,1,0.8517224192619324
sprint9_multiseed_S8A_R2_seed2024_S8A_R2_context_edge_film,S8A_R2_context_edge_film,graph_c_gatv2_context_edge_film_interaction,gatv2_graph_c_sprint8a_context_edge_film,gatv2,graph_c_context_observation,S5F2_energy,val,500,2869,,1,0.8383433818817139
sprint9_multiseed_S8A_R2_seed2024_S8A_R2_context_edge_film,S8A_R2_context_edge_film,graph_c_gatv2_context_edge_film_interaction,gatv2_graph_c_sprint8a_context_edge_film,gatv2,graph_c_context_observation,S5F2_energy,val,501,2869,,1,0.7585259079933167
sprint9_multiseed_S8A_R2_seed2024_S8A_R2_context_edge_film,S8A_R2_context_edge_film,graph_c_gatv2_context_edge_film_interaction,gatv2_graph_c_sprint8a_context_edge_film,gatv2,graph_c_context_observation,S5F2_energy,val,502,2869,,1,0.824925422668457
sprint9_multiseed_S8A_R2_seed2024_S8A_R2_context_edge_film,S8A_R2_context_edge_film,graph_c_gatv2_context_edge_film_interaction,gatv2_graph_c_sprint8a_context_edge_film,gatv2,graph_c_context_observation,S5F2_energy,val,503,2869,,1,0.8678538799285889
sprint9_multiseed_S8A_R2_seed2024_S8A_R2_context_edge_film,S8A_R2_context_edge_film,graph_c_gatv2_context_edge_film_interaction,gatv2_graph_c_sprint8a_context_edge_film,gatv2,graph_c_context_observation,S5F2_energy,val,504,2869,,1,0.8533958196640015
sprint9_multiseed_S8A_R2_seed2024_S8A_R2_context_edge_film,S8A_R2_context_edge_film,graph_c_gatv2_context_edge_film_interaction,gatv2_graph_c_sprint8a_context_edge_film,gatv2,graph_c_context_observation,S5F2_energy,val,505,2869,,1,0.840770423412323
sprint9_multiseed_S8A_R2_seed2024_S8A_R2_context_edge_film,S8A_R2_context_edge_film,graph_c_gatv2_context_edge_film_interaction,gatv2_graph_c_sprint8a_context_edge_film,gatv2,graph_c_context_observation,S5F2_energy,val,506,2869,,1,0.853813111782074
sprint9_multiseed_S8A_R2_seed2024_S8A_R2_context_edge_film,S8A_R2_context_edge_film,graph_c_gatv2_context_edge_film_interaction,gatv2_graph_c_sprint8a_context_edge_film,gatv2,graph_c_context_observation,S5F2_energy,val,507,2869,,1,0.8230763077735901
sprint9_multiseed_S8A_R2_seed2024_S8A_R2_context_edge_film,S8A_R2_context_edge_film,graph_c_gatv2_context_edge_film_interaction,gatv2_graph_c_sprint8a_context_edge_film,gatv2,graph_c_context_observation,S5F2_energy,val,508,2869,,1,0.8329536318778992
sprint9_multiseed_S8A_R2_seed2024_S8A_R2_context_edge_film,S8A_R2_context_edge_film,graph_c_gatv2_context_edge_film_interaction,gatv2_graph_c_sprint8a_context_edge_film,gatv2,graph_c_context_observation,S5F2_energy,val,509,2869,,1,0.8434401750564575
sprint9_multiseed_S8A_R2_seed2024_S8A_R2_context_edge_film,S8A_R2_context_edge_film,graph_c_gatv2_context_edge_film_interaction,gatv2_graph_c_sprint8a_context_edge_film,gatv2,graph_c_context_observation,S5F2_energy,val,510,2869,,1,0.8173730373382568
sprint9_multiseed_S8A_R2_seed2024_S8A_R2_context_edge_film,S8A_R2_context_edge_film,graph_c_gatv2_context_edge_film_interaction,gatv2_graph_c_sprint8a_context_edge_film,gatv2,graph_c_context_observation,S5F2_energy,val,511,2869,,1,0.8147542476654053
sprint9_multiseed_S8A_R2_seed2024_S8A_R2_context_edge_film,S8A_R2_context_edge_film,graph_c_gatv2_context_edge_film_interaction,gatv2_graph_c_sprint8a_context_edge_film,gatv2,graph_c_context_observation,S5F2_energy,val,512,2869,,1,0.8517724871635437
sprint9_multiseed_S8A_R2_seed2024_S8A_R2_context_edge_film,S8A_R2_context_edge_film,graph_c_gatv2_context_edge_film_interaction,gatv2_graph_c_sprint8a_context_edge_film,gatv2,graph_c_context_observation,S5F2_energy,val,513,2869,,1,0.7843984961509705
sprint9_multiseed_S8A_R2_seed2024_S8A_R2_context_edge_film,S8A_R2_context_edge_film,graph_c_gatv2_context_edge_film_interaction,gatv2_graph_c_sprint8a_context_edge_film,gatv2,graph_c_context_observation,S5F2_energy,val,514,2869,,1,0.829983651638031
sprint9_multiseed_S8A_R2_seed2024_S8A_R2_context_edge_film,S8A_R2_context_edge_film,graph_c_gatv2_context_edge_film_interaction,gatv2_graph_c_sprint8a_context_edge_film,gatv2,graph_c_context_observation,S5F2_energy,val,515,2869,,1,0.828243613243103
sprint9_multiseed_S8A_R2_seed2024_S8A_R2_context_edge_film,S8A_R2_context_edge_film,graph_c_gatv2_context_edge_film_interaction,gatv2_graph_c_sprint8a_context_edge_film,gatv2,graph_c_context_observation,S5F2_energy,val,516,2869,,1,0.85948246717453
sprint9_multiseed_S8A_R2_seed2024_S8A_R2_context_edge_film,S8A_R2_context_edge_film,graph_c_gatv2_context_edge_film_interaction,gatv2_graph_c_sprint8a_context_edge_film,gatv2,graph_c_context_observation,S5F2_energy,val,517,2869,,1,0.8390456438064575
sprint9_multiseed_S8A_R2_seed2024_S8A_R2_context_edge_film,S8A_R2_context_edge_film,graph_c_gatv2_context_edge_film_interaction,gatv2_graph_c_sprint8a_context_edge_film,gatv2,graph_c_context_observation,S5F2_energy,val,518,2869,,1,0.8464686870574951
sprint9_multiseed_S8A_R2_seed2024_S8A_R2_context_edge_film,S8A_R2_context_edge_film,graph_c_gatv2_context_edge_film_interaction,gatv2_graph_c_sprint8a_context_edge_film,gatv2,graph_c_context_observation,S5F2_energy,val,519,2869,,1,0.8234500885009766
sprint9_multiseed_S8A_R2_seed2024_S8A_R2_context_edge_film,S8A_R2_context_edge_film,graph_c_gatv2_context_edge_film_interaction,gatv2_graph_c_sprint8a_context_edge_film,gatv2,graph_c_context_observation,S5F2_energy,val,520,2869,,1,0.8272404074668884
sprint9_multiseed_S8A_R2_seed2024_S8A_R2_context_edge_film,S8A_R2_context_edge_film,graph_c_gatv2_context_edge_film_interaction,gatv2_graph_c_sprint8a_context_edge_film,gatv2,graph_c_context_observation,S5F2_energy,val,521,2869,,1,0.8605139255523682
sprint9_multiseed_S8A_R2_seed2024_S8A_R2_context_edge_film,S8A_R2_context_edge_film,graph_c_gatv2_context_edge_film_interaction,gatv2_graph_c_sprint8a_context_edge_film,gatv2,graph_c_context_observation,S5F2_energy,val,522,2869,,1,0.8049250841140747
sprint9_multiseed_S8A_R2_seed2024_S8A_R2_context_edge_film,S8A_R2_context_edge_film,graph_c_gatv2_context_edge_film_interaction,gatv2_graph_c_sprint8a_context_edge_film,gatv2,graph_c_context_observation,S5F2_energy,val,523,2869,,1,0.8338247537612915
sprint9_multiseed_S8A_R2_seed2024_S8A_R2_context_edge_film,S8A_R2_context_edge_film,graph_c_gatv2_context_edge_film_interaction,gatv2_graph_c_sprint8a_context_edge_film,gatv2,graph_c_context_observation,S5F2_energy,val,524,2869,,1,0.7597787976264954
sprint9_multiseed_S8A_R2_seed2024_S8A_R2_context_edge_film,S8A_R2_context_edge_film,graph_c_gatv2_context_edge_film_interaction,gatv2_graph_c_sprint8a_context_edge_film,gatv2,graph_c_context_observation,S5F2_energy,val,525,2869,,1,0.8048648238182068
sprint9_multiseed_S8A_R2_seed2024_S8A_R2_context_edge_film,S8A_R2_context_edge_film,graph_c_gatv2_context_edge_film_interaction,gatv2_graph_c_sprint8a_context_edge_film,gatv2,graph_c_context_observation,S5F2_energy,val,526,2869,,1,0.7963768243789673
sprint9_multiseed_S8A_R2_seed2024_S8A_R2_context_edge_film,S8A_R2_context_edge_film,graph_c_gatv2_context_edge_film_interaction,gatv2_graph_c_sprint8a_context_edge_film,gatv2,graph_c_context_observation,S5F2_energy,val,527,2869,,1,0.7364194393157959
sprint9_multiseed_S8A_R2_seed2024_S8A_R2_context_edge_film,S8A_R2_context_edge_film,graph_c_gatv2_context_edge_film_interaction,gatv2_graph_c_sprint8a_context_edge_film,gatv2,graph_c_context_observation,S5F2_energy,val,528,2869,,1,0.8743209838867188
sprint9_multiseed_S8A_R2_seed2024_S8A_R2_context_edge_film,S8A_R2_context_edge_film,graph_c_gatv2_context_edge_film_interaction,gatv2_graph_c_sprint8a_context_edge_film,gatv2,graph_c_context_observation,S5F2_energy,val,529,2869,,1,0.8219271898269653
sprint9_multiseed_S8A_R2_seed2024_S8A_R2_context_edge_film,S8A_R2_context_edge_film,graph_c_gatv2_context_edge_film_interaction,gatv2_graph_c_sprint8a_context_edge_film,gatv2,graph_c_context_observation,S5F2_energy,val,530,2869,,1,0.8160215020179749
sprint9_multiseed_S8A_R2_seed2024_S8A_R2_context_edge_film,S8A_R2_context_edge_film,graph_c_gatv2_context_edge_film_interaction,gatv2_graph_c_sprint8a_context_edge_film,gatv2,graph_c_context_observation,S5F2_energy,val,531,2869,,1,0.8501151204109192
sprint9_multiseed_S8A_R2_seed2024_S8A_R2_context_edge_film,S8A_R2_context_edge_film,graph_c_gatv2_context_edge_film_interaction,gatv2_graph_c_sprint8a_context_edge_film,gatv2,graph_c_context_observation,S5F2_energy,val,532,2869,,1,0.8752263784408569
sprint9_multiseed_S8A_R2_seed2024_S8A_R2_context_edge_film,S8A_R2_context_edge_film,graph_c_gatv2_context_edge_film_interaction,gatv2_graph_c_sprint8a_context_edge_film,gatv2,graph_c_context_observation,S5F2_energy,val,533,2869,,1,0.8597765564918518
sprint9_multiseed_S8A_R2_seed2024_S8A_R2_context_edge_film,S8A_R2_context_edge_film,graph_c_gatv2_context_edge_film_interaction,gatv2_graph_c_sprint8a_context_edge_film,gatv2,graph_c_context_observation,S5F2_energy,val,534,2869,,1,0.8028130531311035
sprint9_multiseed_S8A_R2_seed2024_S8A_R2_context_edge_film,S8A_R2_context_edge_film,graph_c_gatv2_context_edge_film_interaction,gatv2_graph_c_sprint8a_context_edge_film,gatv2,graph_c_context_observation,S5F2_energy,val,535,2869,,1,0.804283857345581
sprint9_multiseed_S8A_R2_seed2024_S8A_R2_context_edge_film,S8A_R2_context_edge_film,graph_c_gatv2_context_edge_film_interaction,gatv2_graph_c_sprint8a_context_edge_film,gatv2,graph_c_context_observation,S5F2_energy,val,536,2869,,1,0.7800252437591553
sprint9_multiseed_S8A_R2_seed2024_S8A_R2_context_edge_film,S8A_R2_context_edge_film,graph_c_gatv2_context_edge_film_interaction,gatv2_graph_c_sprint8a_context_edge_film,gatv2,graph_c_context_observation,S5F2_energy,val,537,2869,,1,0.8403384685516357
sprint9_multiseed_S8A_R2_seed2024_S8A_R2_context_edge_film,S8A_R2_context_edge_film,graph_c_gatv2_context_edge_film_interaction,gatv2_graph_c_sprint8a_context_edge_film,gatv2,graph_c_context_observation,S5F2_energy,val,538,2869,,1,0.8460168242454529
sprint9_multiseed_S8A_R2_seed2024_S8A_R2_context_edge_film,S8A_R2_context_edge_film,graph_c_gatv2_context_edge_film_interaction,gatv2_graph_c_sprint8a_context_edge_film,gatv2,graph_c_context_observation,S5F2_energy,val,539,2869,,1,0.8164944052696228
sprint9_multiseed_S8A_R2_seed2024_S8A_R2_context_edge_film,S8A_R2_context_edge_film,graph_c_gatv2_context_edge_film_interaction,gatv2_graph_c_sprint8a_context_edge_film,gatv2,graph_c_context_observation,S5F2_energy,val,540,2869,,1,0.8270338177680969
sprint9_multiseed_S8A_R2_seed2024_S8A_R2_context_edge_film,S8A_R2_context_edge_film,graph_c_gatv2_context_edge_film_interaction,gatv2_graph_c_sprint8a_context_edge_film,gatv2,graph_c_context_observation,S5F2_energy,val,541,2869,,1,0.8456397652626038
sprint9_multiseed_S8A_R2_seed2024_S8A_R2_context_edge_film,S8A_R2_context_edge_film,graph_c_gatv2_context_edge_film_interaction,gatv2_graph_c_sprint8a_context_edge_film,gatv2,graph_c_context_observation,S5F2_energy,val,542,2869,,1,0.8172040581703186
sprint9_multiseed_S8A_R2_seed2024_S8A_R2_context_edge_film,S8A_R2_context_edge_film,graph_c_gatv2_context_edge_film_interaction,gatv2_graph_c_sprint8a_context_edge_film,gatv2,graph_c_context_observation,S5F2_energy,val,543,2869,,1,0.850869357585907
sprint9_multiseed_S8A_R2_seed2024_S8A_R2_context_edge_film,S8A_R2_context_edge_film,graph_c_gatv2_context_edge_film_interaction,gatv2_graph_c_sprint8a_context_edge_film,gatv2,graph_c_context_observation,S5F2_energy,val,544,2869,,1,0.824047327041626
sprint9_multiseed_S8A_R2_seed2024_S8A_R2_context_edge_film,S8A_R2_context_edge_film,graph_c_gatv2_context_edge_film_interaction,gatv2_graph_c_sprint8a_context_edge_film,gatv2,graph_c_context_observation,S5F2_energy,val,545,2869,,1,0.8525001406669617
sprint9_multiseed_S8A_R2_seed2024_S8A_R2_context_edge_film,S8A_R2_context_edge_film,graph_c_gatv2_context_edge_film_interaction,gatv2_graph_c_sprint8a_context_edge_film,gatv2,graph_c_context_observation,S5F2_energy,val,546,2869,,1,0.8209518194198608
sprint9_multiseed_S8A_R2_seed2024_S8A_R2_context_edge_film,S8A_R2_context_edge_film,graph_c_gatv2_context_edge_film_interaction,gatv2_graph_c_sprint8a_context_edge_film,gatv2,graph_c_context_observation,S5F2_energy,val,547,2869,,1,0.8666303157806396
sprint9_multiseed_S8A_R2_seed2024_S8A_R2_context_edge_film,S8A_R2_context_edge_film,graph_c_gatv2_context_edge_film_interaction,gatv2_graph_c_sprint8a_context_edge_film,gatv2,graph_c_context_observation,S5F2_energy,val,548,2869,,1,0.8731821179389954
sprint9_multiseed_S8A_R2_seed2024_S8A_R2_context_edge_film,S8A_R2_context_edge_film,graph_c_gatv2_context_edge_film_interaction,gatv2_graph_c_sprint8a_context_edge_film,gatv2,graph_c_context_observation,S5F2_energy,val,549,2869,,1,0.847489058971405
sprint9_multiseed_S8A_R2_seed2024_S8A_R2_context_edge_film,S8A_R2_context_edge_film,graph_c_gatv2_context_edge_film_interaction,gatv2_graph_c_sprint8a_context_edge_film,gatv2,graph_c_context_observation,S5F2_energy,val,550,2869,,1,0.8128969669342041
sprint9_multiseed_S8A_R2_seed2024_S8A_R2_context_edge_film,S8A_R2_context_edge_film,graph_c_gatv2_context_edge_film_interaction,gatv2_graph_c_sprint8a_context_edge_film,gatv2,graph_c_context_observation,S5F2_energy,val,551,2869,,1,0.8390143513679504
sprint9_multiseed_S8A_R2_seed2024_S8A_R2_context_edge_film,S8A_R2_context_edge_film,graph_c_gatv2_context_edge_film_interaction,gatv2_graph_c_sprint8a_context_edge_film,gatv2,graph_c_context_observation,S5F2_energy,val,552,2869,,1,0.8152508735656738
sprint9_multiseed_S8A_R2_seed2024_S8A_R2_context_edge_film,S8A_R2_context_edge_film,graph_c_gatv2_context_edge_film_interaction,gatv2_graph_c_sprint8a_context_edge_film,gatv2,graph_c_context_observation,S5F2_energy,val,553,2869,,1,0.8171452283859253
sprint9_multiseed_S8A_R2_seed2024_S8A_R2_context_edge_film,S8A_R2_context_edge_film,graph_c_gatv2_context_edge_film_interaction,gatv2_graph_c_sprint8a_context_edge_film,gatv2,graph_c_context_observation,S5F2_energy,val,554,2869,,1,0.8404942154884338
sprint9_multiseed_S8A_R2_seed2024_S8A_R2_context_edge_film,S8A_R2_context_edge_film,graph_c_gatv2_context_edge_film_interaction,gatv2_graph_c_sprint8a_context_edge_film,gatv2,graph_c_context_observation,S5F2_energy,val,555,2869,,1,0.6652187705039978
sprint9_multiseed_S8A_R2_seed2024_S8A_R2_context_edge_film,S8A_R2_context_edge_film,graph_c_gatv2_context_edge_film_interaction,gatv2_graph_c_sprint8a_context_edge_film,gatv2,graph_c_context_observation,S5F2_energy,val,556,2869,,1,0.743021547794342
sprint9_multiseed_S8A_R2_seed2024_S8A_R2_context_edge_film,S8A_R2_context_edge_film,graph_c_gatv2_context_edge_film_interaction,gatv2_graph_c_sprint8a_context_edge_film,gatv2,graph_c_context_observation,S5F2_energy,val,557,2869,,1,0.7124724984169006
sprint9_multiseed_S8A_R2_seed2024_S8A_R2_context_edge_film,S8A_R2_context_edge_film,graph_c_gatv2_context_edge_film_interaction,gatv2_graph_c_sprint8a_context_edge_film,gatv2,graph_c_context_observation,S5F2_energy,val,558,2869,,1,0.7167069911956787
sprint9_multiseed_S8A_R2_seed2024_S8A_R2_context_edge_film,S8A_R2_context_edge_film,graph_c_gatv2_context_edge_film_interaction,gatv2_graph_c_sprint8a_context_edge_film,gatv2,graph_c_context_observation,S5F2_energy,val,559,2869,,1,0.6511046886444092
sprint9_multiseed_S8A_R2_seed2024_S8A_R2_context_edge_film,S8A_R2_context_edge_film,graph_c_gatv2_context_edge_film_interaction,gatv2_graph_c_sprint8a_context_edge_film,gatv2,graph_c_context_observation,S5F2_energy,val,560,2869,,1,0.6667232513427734
sprint9_multiseed_S8A_R2_seed2024_S8A_R2_context_edge_film,S8A_R2_context_edge_film,graph_c_gatv2_context_edge_film_interaction,gatv2_graph_c_sprint8a_context_edge_film,gatv2,graph_c_context_observation,S5F2_energy,val,561,2869,,1,0.6627090573310852
sprint9_multiseed_S8A_R2_seed2024_S8A_R2_context_edge_film,S8A_R2_context_edge_film,graph_c_gatv2_context_edge_film_interaction,gatv2_graph_c_sprint8a_context_edge_film,gatv2,graph_c_context_observation,S5F2_energy,val,562,2869,,1,0.7214474081993103
sprint9_multiseed_S8A_R2_seed2024_S8A_R2_context_edge_film,S8A_R2_context_edge_film,graph_c_gatv2_context_edge_film_interaction,gatv2_graph_c_sprint8a_context_edge_film,gatv2,graph_c_context_observation,S5F2_energy,val,563,2869,,1,0.7039363384246826
sprint9_multiseed_S8A_R2_seed2024_S8A_R2_context_edge_film,S8A_R2_context_edge_film,graph_c_gatv2_context_edge_film_interaction,gatv2_graph_c_sprint8a_context_edge_film,gatv2,graph_c_context_observation,S5F2_energy,val,564,2869,,1,0.6512491106987
sprint9_multiseed_S8A_R2_seed2024_S8A_R2_context_edge_film,S8A_R2_context_edge_film,graph_c_gatv2_context_edge_film_interaction,gatv2_graph_c_sprint8a_context_edge_film,gatv2,graph_c_context_observation,S5F2_energy,val,565,2869,,1,0.7229976654052734
sprint9_multiseed_S8A_R2_seed2024_S8A_R2_context_edge_film,S8A_R2_context_edge_film,graph_c_gatv2_context_edge_film_interaction,gatv2_graph_c_sprint8a_context_edge_film,gatv2,graph_c_context_observation,S5F2_energy,val,566,2869,,1,0.7234154343605042
sprint9_multiseed_S8A_R2_seed2024_S8A_R2_context_edge_film,S8A_R2_context_edge_film,graph_c_gatv2_context_edge_film_interaction,gatv2_graph_c_sprint8a_context_edge_film,gatv2,graph_c_context_observation,S5F2_energy,val,567,2869,,1,0.6811317205429077
sprint9_multiseed_S8A_R2_seed2024_S8A_R2_context_edge_film,S8A_R2_context_edge_film,graph_c_gatv2_context_edge_film_interaction,gatv2_graph_c_sprint8a_context_edge_film,gatv2,graph_c_context_observation,S5F2_energy,val,568,2869,,1,0.6775683164596558
sprint9_multiseed_S8A_R2_seed2024_S8A_R2_context_edge_film,S8A_R2_context_edge_film,graph_c_gatv2_context_edge_film_interaction,gatv2_graph_c_sprint8a_context_edge_film,gatv2,graph_c_context_observation,S5F2_energy,val,569,2869,,1,0.7466684579849243
sprint9_multiseed_S8A_R2_seed2024_S8A_R2_context_edge_film,S8A_R2_context_edge_film,graph_c_gatv2_context_edge_film_interaction,gatv2_graph_c_sprint8a_context_edge_film,gatv2,graph_c_context_observation,S5F2_energy,val,570,2869,,1,0.6657566428184509
sprint9_multiseed_S8A_R2_seed2024_S8A_R2_context_edge_film,S8A_R2_context_edge_film,graph_c_gatv2_context_edge_film_interaction,gatv2_graph_c_sprint8a_context_edge_film,gatv2,graph_c_context_observation,S5F2_energy,val,571,2869,,1,0.676674485206604
sprint9_multiseed_S8A_R2_seed2024_S8A_R2_context_edge_film,S8A_R2_context_edge_film,graph_c_gatv2_context_edge_film_interaction,gatv2_graph_c_sprint8a_context_edge_film,gatv2,graph_c_context_observation,S5F2_energy,val,572,2869,,1,0.6680605411529541
sprint9_multiseed_S8A_R2_seed2024_S8A_R2_context_edge_film,S8A_R2_context_edge_film,graph_c_gatv2_context_edge_film_interaction,gatv2_graph_c_sprint8a_context_edge_film,gatv2,graph_c_context_observation,S5F2_energy,val,573,2869,,1,0.6201707124710083
sprint9_multiseed_S8A_R2_seed2024_S8A_R2_context_edge_film,S8A_R2_context_edge_film,graph_c_gatv2_context_edge_film_interaction,gatv2_graph_c_sprint8a_context_edge_film,gatv2,graph_c_context_observation,S5F2_energy,val,574,2869,,1,0.6280809044837952
sprint9_multiseed_S8A_R2_seed2024_S8A_R2_context_edge_film,S8A_R2_context_edge_film,graph_c_gatv2_context_edge_film_interaction,gatv2_graph_c_sprint8a_context_edge_film,gatv2,graph_c_context_observation,S5F2_energy,val,575,2869,,1,0.6796814799308777
sprint9_multiseed_S8A_R2_seed2024_S8A_R2_context_edge_film,S8A_R2_context_edge_film,graph_c_gatv2_context_edge_film_interaction,gatv2_graph_c_sprint8a_context_edge_film,gatv2,graph_c_context_observation,S5F2_energy,val,576,2869,,1,0.627173662185669
sprint9_multiseed_S8A_R2_seed2024_S8A_R2_context_edge_film,S8A_R2_context_edge_film,graph_c_gatv2_context_edge_film_interaction,gatv2_graph_c_sprint8a_context_edge_film,gatv2,graph_c_context_observation,S5F2_energy,val,577,2869,,1,0.614013671875
sprint9_multiseed_S8A_R2_seed2024_S8A_R2_context_edge_film,S8A_R2_context_edge_film,graph_c_gatv2_context_edge_film_interaction,gatv2_graph_c_sprint8a_context_edge_film,gatv2,graph_c_context_observation,S5F2_energy,val,578,2869,,1,0.6460457444190979
sprint9_multiseed_S8A_R2_seed2024_S8A_R2_context_edge_film,S8A_R2_context_edge_film,graph_c_gatv2_context_edge_film_interaction,gatv2_graph_c_sprint8a_context_edge_film,gatv2,graph_c_context_observation,S5F2_energy,val,579,2869,,1,0.7189861536026001
sprint9_multiseed_S8A_R2_seed2024_S8A_R2_context_edge_film,S8A_R2_context_edge_film,graph_c_gatv2_context_edge_film_interaction,gatv2_graph_c_sprint8a_context_edge_film,gatv2,graph_c_context_observation,S5F2_energy,val,580,2869,,1,0.7087884545326233
sprint9_multiseed_S8A_R2_seed2024_S8A_R2_context_edge_film,S8A_R2_context_edge_film,graph_c_gatv2_context_edge_film_interaction,gatv2_graph_c_sprint8a_context_edge_film,gatv2,graph_c_context_observation,S5F2_energy,val,581,2869,,1,0.6647933125495911
sprint9_multiseed_S8A_R2_seed2024_S8A_R2_context_edge_film,S8A_R2_context_edge_film,graph_c_gatv2_context_edge_film_interaction,gatv2_graph_c_sprint8a_context_edge_film,gatv2,graph_c_context_observation,S5F2_energy,val,582,2869,,1,0.7735933661460876
sprint9_multiseed_S8A_R2_seed2024_S8A_R2_context_edge_film,S8A_R2_context_edge_film,graph_c_gatv2_context_edge_film_interaction,gatv2_graph_c_sprint8a_context_edge_film,gatv2,graph_c_context_observation,S5F2_energy,val,583,2869,,1,0.6524528861045837
sprint9_multiseed_S8A_R2_seed2024_S8A_R2_context_edge_film,S8A_R2_context_edge_film,graph_c_gatv2_context_edge_film_interaction,gatv2_graph_c_sprint8a_context_edge_film,gatv2,graph_c_context_observation,S5F2_energy,val,584,2869,,1,0.6662279367446899
sprint9_multiseed_S8A_R2_seed2024_S8A_R2_context_edge_film,S8A_R2_context_edge_film,graph_c_gatv2_context_edge_film_interaction,gatv2_graph_c_sprint8a_context_edge_film,gatv2,graph_c_context_observation,S5F2_energy,val,585,2869,,1,0.639559805393219
sprint9_multiseed_S8A_R2_seed2024_S8A_R2_context_edge_film,S8A_R2_context_edge_film,graph_c_gatv2_context_edge_film_interaction,gatv2_graph_c_sprint8a_context_edge_film,gatv2,graph_c_context_observation,S5F2_energy,val,586,2869,,1,0.7039660811424255
sprint9_multiseed_S8A_R2_seed2024_S8A_R2_context_edge_film,S8A_R2_context_edge_film,graph_c_gatv2_context_edge_film_interaction,gatv2_graph_c_sprint8a_context_edge_film,gatv2,graph_c_context_observation,S5F2_energy,val,587,2869,,1,0.7678970694541931
sprint9_multiseed_S8A_R2_seed2024_S8A_R2_context_edge_film,S8A_R2_context_edge_film,graph_c_gatv2_context_edge_film_interaction,gatv2_graph_c_sprint8a_context_edge_film,gatv2,graph_c_context_observation,S5F2_energy,val,588,2869,,1,0.6529204249382019
sprint9_multiseed_S8A_R2_seed2024_S8A_R2_context_edge_film,S8A_R2_context_edge_film,graph_c_gatv2_context_edge_film_interaction,gatv2_graph_c_sprint8a_context_edge_film,gatv2,graph_c_context_observation,S5F2_energy,val,589,2869,,1,0.7843085527420044
sprint9_multiseed_S8A_R2_seed2024_S8A_R2_context_edge_film,S8A_R2_context_edge_film,graph_c_gatv2_context_edge_film_interaction,gatv2_graph_c_sprint8a_context_edge_film,gatv2,graph_c_context_observation,S5F2_energy,val,590,2869,,1,0.6160121560096741
sprint9_multiseed_S8A_R2_seed2024_S8A_R2_context_edge_film,S8A_R2_context_edge_film,graph_c_gatv2_context_edge_film_interaction,gatv2_graph_c_sprint8a_context_edge_film,gatv2,graph_c_context_observation,S5F2_energy,val,591,2869,,1,0.6609429121017456
sprint9_multiseed_S8A_R2_seed2024_S8A_R2_context_edge_film,S8A_R2_context_edge_film,graph_c_gatv2_context_edge_film_interaction,gatv2_graph_c_sprint8a_context_edge_film,gatv2,graph_c_context_observation,S5F2_energy,val,592,2869,,1,0.6766650080680847
sprint9_multiseed_S8A_R2_seed2024_S8A_R2_context_edge_film,S8A_R2_context_edge_film,graph_c_gatv2_context_edge_film_interaction,gatv2_graph_c_sprint8a_context_edge_film,gatv2,graph_c_context_observation,S5F2_energy,val,593,2869,,1,0.5939339399337769
sprint9_multiseed_S8A_R2_seed2024_S8A_R2_context_edge_film,S8A_R2_context_edge_film,graph_c_gatv2_context_edge_film_interaction,gatv2_graph_c_sprint8a_context_edge_film,gatv2,graph_c_context_observation,S5F2_energy,val,594,2869,,1,0.6457138657569885
sprint9_multiseed_S8A_R2_seed2024_S8A_R2_context_edge_film,S8A_R2_context_edge_film,graph_c_gatv2_context_edge_film_interaction,gatv2_graph_c_sprint8a_context_edge_film,gatv2,graph_c_context_observation,S5F2_energy,val,595,2869,,1,0.6241246461868286
sprint9_multiseed_S8A_R2_seed2024_S8A_R2_context_edge_film,S8A_R2_context_edge_film,graph_c_gatv2_context_edge_film_interaction,gatv2_graph_c_sprint8a_context_edge_film,gatv2,graph_c_context_observation,S5F2_energy,val,596,2869,,1,0.6667284965515137
sprint9_multiseed_S8A_R2_seed2024_S8A_R2_context_edge_film,S8A_R2_context_edge_film,graph_c_gatv2_context_edge_film_interaction,gatv2_graph_c_sprint8a_context_edge_film,gatv2,graph_c_context_observation,S5F2_energy,val,597,2869,,1,0.6611427068710327
sprint9_multiseed_S8A_R2_seed2024_S8A_R2_context_edge_film,S8A_R2_context_edge_film,graph_c_gatv2_context_edge_film_interaction,gatv2_graph_c_sprint8a_context_edge_film,gatv2,graph_c_context_observation,S5F2_energy,val,598,2869,,1,0.6199997067451477
sprint9_multiseed_S8A_R2_seed2024_S8A_R2_context_edge_film,S8A_R2_context_edge_film,graph_c_gatv2_context_edge_film_interaction,gatv2_graph_c_sprint8a_context_edge_film,gatv2,graph_c_context_observation,S5F2_energy,val,599,2869,,1,0.7265323996543884
sprint9_multiseed_S8A_R2_seed2024_S8A_R2_context_edge_film,S8A_R2_context_edge_film,graph_c_gatv2_context_edge_film_interaction,gatv2_graph_c_sprint8a_context_edge_film,gatv2,graph_c_context_observation,S5F2_energy,val,600,2869,,1,0.691928505897522
sprint9_multiseed_S8A_R2_seed2024_S8A_R2_context_edge_film,S8A_R2_context_edge_film,graph_c_gatv2_context_edge_film_interaction,gatv2_graph_c_sprint8a_context_edge_film,gatv2,graph_c_context_observation,S5F2_energy,val,601,2869,,1,0.6952430009841919
sprint9_multiseed_S8A_R2_seed2024_S8A_R2_context_edge_film,S8A_R2_context_edge_film,graph_c_gatv2_context_edge_film_interaction,gatv2_graph_c_sprint8a_context_edge_film,gatv2,graph_c_context_observation,S5F2_energy,val,602,2869,,1,0.809287428855896
sprint9_multiseed_S8A_R2_seed2024_S8A_R2_context_edge_film,S8A_R2_context_edge_film,graph_c_gatv2_context_edge_film_interaction,gatv2_graph_c_sprint8a_context_edge_film,gatv2,graph_c_context_observation,S5F2_energy,val,603,2869,,1,0.6675581932067871
sprint9_multiseed_S8A_R2_seed2024_S8A_R2_context_edge_film,S8A_R2_context_edge_film,graph_c_gatv2_context_edge_film_interaction,gatv2_graph_c_sprint8a_context_edge_film,gatv2,graph_c_context_observation,S5F2_energy,val,604,2869,,1,0.7683630585670471
sprint9_multiseed_S8A_R2_seed2024_S8A_R2_context_edge_film,S8A_R2_context_edge_film,graph_c_gatv2_context_edge_film_interaction,gatv2_graph_c_sprint8a_context_edge_film,gatv2,graph_c_context_observation,S5F2_energy,val,605,2869,,1,0.7065787315368652
sprint9_multiseed_S8A_R2_seed2024_S8A_R2_context_edge_film,S8A_R2_context_edge_film,graph_c_gatv2_context_edge_film_interaction,gatv2_graph_c_sprint8a_context_edge_film,gatv2,graph_c_context_observation,S5F2_energy,val,606,2869,,1,0.6112070083618164
sprint9_multiseed_S8A_R2_seed2024_S8A_R2_context_edge_film,S8A_R2_context_edge_film,graph_c_gatv2_context_edge_film_interaction,gatv2_graph_c_sprint8a_context_edge_film,gatv2,graph_c_context_observation,S5F2_energy,val,607,2869,,1,0.685499906539917
sprint9_multiseed_S8A_R2_seed2024_S8A_R2_context_edge_film,S8A_R2_context_edge_film,graph_c_gatv2_context_edge_film_interaction,gatv2_graph_c_sprint8a_context_edge_film,gatv2,graph_c_context_observation,S5F2_energy,val,608,2869,,1,0.6150749921798706
sprint9_multiseed_S8A_R2_seed2024_S8A_R2_context_edge_film,S8A_R2_context_edge_film,graph_c_gatv2_context_edge_film_interaction,gatv2_graph_c_sprint8a_context_edge_film,gatv2,graph_c_context_observation,S5F2_energy,val,609,2869,,1,0.8492474555969238
sprint9_multiseed_S8A_R2_seed2024_S8A_R2_context_edge_film,S8A_R2_context_edge_film,graph_c_gatv2_context_edge_film_interaction,gatv2_graph_c_sprint8a_context_edge_film,gatv2,graph_c_context_observation,S5F2_energy,val,610,2869,,1,0.6910430192947388
sprint9_multiseed_S8A_R2_seed2024_S8A_R2_context_edge_film,S8A_R2_context_edge_film,graph_c_gatv2_context_edge_film_interaction,gatv2_graph_c_sprint8a_context_edge_film,gatv2,graph_c_context_observation,S5F2_energy,val,611,2869,,1,0.8451396822929382
sprint9_multiseed_S8A_R2_seed2024_S8A_R2_context_edge_film,S8A_R2_context_edge_film,graph_c_gatv2_context_edge_film_interaction,gatv2_graph_c_sprint8a_context_edge_film,gatv2,graph_c_context_observation,S5F2_energy,val,612,2869,,1,0.6585372686386108
sprint9_multiseed_S8A_R2_seed2024_S8A_R2_context_edge_film,S8A_R2_context_edge_film,graph_c_gatv2_context_edge_film_interaction,gatv2_graph_c_sprint8a_context_edge_film,gatv2,graph_c_context_observation,S5F2_energy,val,613,2869,,1,0.6361823081970215
sprint9_multiseed_S8A_R2_seed2024_S8A_R2_context_edge_film,S8A_R2_context_edge_film,graph_c_gatv2_context_edge_film_interaction,gatv2_graph_c_sprint8a_context_edge_film,gatv2,graph_c_context_observation,S5F2_energy,val,614,2869,,1,0.7306067943572998
sprint9_multiseed_S8A_R2_seed2024_S8A_R2_context_edge_film,S8A_R2_context_edge_film,graph_c_gatv2_context_edge_film_interaction,gatv2_graph_c_sprint8a_context_edge_film,gatv2,graph_c_context_observation,S5F2_energy,val,615,2869,,1,0.6343033909797668
sprint9_multiseed_S8A_R2_seed2024_S8A_R2_context_edge_film,S8A_R2_context_edge_film,graph_c_gatv2_context_edge_film_interaction,gatv2_graph_c_sprint8a_context_edge_film,gatv2,graph_c_context_observation,S5F2_energy,val,616,2869,,1,0.7876821756362915
sprint9_multiseed_S8A_R2_seed2024_S8A_R2_context_edge_film,S8A_R2_context_edge_film,graph_c_gatv2_context_edge_film_interaction,gatv2_graph_c_sprint8a_context_edge_film,gatv2,graph_c_context_observation,S5F2_energy,val,617,2869,,1,0.8074021339416504
sprint9_multiseed_S8A_R2_seed2024_S8A_R2_context_edge_film,S8A_R2_context_edge_film,graph_c_gatv2_context_edge_film_interaction,gatv2_graph_c_sprint8a_context_edge_film,gatv2,graph_c_context_observation,S5F2_energy,val,618,2869,,1,0.7219762206077576
sprint9_multiseed_S8A_R2_seed2024_S8A_R2_context_edge_film,S8A_R2_context_edge_film,graph_c_gatv2_context_edge_film_interaction,gatv2_graph_c_sprint8a_context_edge_film,gatv2,graph_c_context_observation,S5F2_energy,val,619,2869,,1,0.6891014575958252
sprint9_multiseed_S8A_R2_seed2024_S8A_R2_context_edge_film,S8A_R2_context_edge_film,graph_c_gatv2_context_edge_film_interaction,gatv2_graph_c_sprint8a_context_edge_film,gatv2,graph_c_context_observation,S5F2_energy,val,620,2869,,1,0.6644006967544556
sprint9_multiseed_S8A_R2_seed2024_S8A_R2_context_edge_film,S8A_R2_context_edge_film,graph_c_gatv2_context_edge_film_interaction,gatv2_graph_c_sprint8a_context_edge_film,gatv2,graph_c_context_observation,S5F2_energy,val,621,2869,,1,0.6637129783630371
sprint9_multiseed_S8A_R2_seed2024_S8A_R2_context_edge_film,S8A_R2_context_edge_film,graph_c_gatv2_context_edge_film_interaction,gatv2_graph_c_sprint8a_context_edge_film,gatv2,graph_c_context_observation,S5F2_energy,val,622,2869,,1,0.6384831070899963
sprint9_multiseed_S8A_R2_seed2024_S8A_R2_context_edge_film,S8A_R2_context_edge_film,graph_c_gatv2_context_edge_film_interaction,gatv2_graph_c_sprint8a_context_edge_film,gatv2,graph_c_context_observation,S5F2_energy,val,623,2869,,1,0.6528826355934143
sprint9_multiseed_S8A_R2_seed2024_S8A_R2_context_edge_film,S8A_R2_context_edge_film,graph_c_gatv2_context_edge_film_interaction,gatv2_graph_c_sprint8a_context_edge_film,gatv2,graph_c_context_observation,S5F2_energy,val,624,2869,,1,0.6743280291557312
sprint9_multiseed_S8A_R2_seed2024_S8A_R2_context_edge_film,S8A_R2_context_edge_film,graph_c_gatv2_context_edge_film_interaction,gatv2_graph_c_sprint8a_context_edge_film,gatv2,graph_c_context_observation,S5F2_energy,val,625,2869,,1,0.6327279210090637
sprint9_multiseed_S8A_R2_seed2024_S8A_R2_context_edge_film,S8A_R2_context_edge_film,graph_c_gatv2_context_edge_film_interaction,gatv2_graph_c_sprint8a_context_edge_film,gatv2,graph_c_context_observation,S5F2_energy,val,626,2869,,1,0.6682609915733337
sprint9_multiseed_S8A_R2_seed2024_S8A_R2_context_edge_film,S8A_R2_context_edge_film,graph_c_gatv2_context_edge_film_interaction,gatv2_graph_c_sprint8a_context_edge_film,gatv2,graph_c_context_observation,S5F2_energy,val,627,2869,,1,0.6246659755706787
sprint9_multiseed_S8A_R2_seed2024_S8A_R2_context_edge_film,S8A_R2_context_edge_film,graph_c_gatv2_context_edge_film_interaction,gatv2_graph_c_sprint8a_context_edge_film,gatv2,graph_c_context_observation,S5F2_energy,val,628,2869,,1,0.5810795426368713
sprint9_multiseed_S8A_R2_seed2024_S8A_R2_context_edge_film,S8A_R2_context_edge_film,graph_c_gatv2_context_edge_film_interaction,gatv2_graph_c_sprint8a_context_edge_film,gatv2,graph_c_context_observation,S5F2_energy,val,629,2869,,1,0.753542959690094
sprint9_multiseed_S8A_R2_seed2024_S8A_R2_context_edge_film,S8A_R2_context_edge_film,graph_c_gatv2_context_edge_film_interaction,gatv2_graph_c_sprint8a_context_edge_film,gatv2,graph_c_context_observation,S5F2_energy,val,630,2869,,1,0.6764490604400635
sprint9_multiseed_S8A_R2_seed2024_S8A_R2_context_edge_film,S8A_R2_context_edge_film,graph_c_gatv2_context_edge_film_interaction,gatv2_graph_c_sprint8a_context_edge_film,gatv2,graph_c_context_observation,S5F2_energy,val,631,2869,,1,0.840088427066803
sprint9_multiseed_S8A_R2_seed2024_S8A_R2_context_edge_film,S8A_R2_context_edge_film,graph_c_gatv2_context_edge_film_interaction,gatv2_graph_c_sprint8a_context_edge_film,gatv2,graph_c_context_observation,S5F2_energy,val,632,2869,,1,0.6622939109802246
sprint9_multiseed_S8A_R2_seed2024_S8A_R2_context_edge_film,S8A_R2_context_edge_film,graph_c_gatv2_context_edge_film_interaction,gatv2_graph_c_sprint8a_context_edge_film,gatv2,graph_c_context_observation,S5F2_energy,val,633,2869,,1,0.621218740940094
sprint9_multiseed_S8A_R2_seed2024_S8A_R2_context_edge_film,S8A_R2_context_edge_film,graph_c_gatv2_context_edge_film_interaction,gatv2_graph_c_sprint8a_context_edge_film,gatv2,graph_c_context_observation,S5F2_energy,val,634,2869,,1,0.5539546608924866
sprint9_multiseed_S8A_R2_seed2024_S8A_R2_context_edge_film,S8A_R2_context_edge_film,graph_c_gatv2_context_edge_film_interaction,gatv2_graph_c_sprint8a_context_edge_film,gatv2,graph_c_context_observation,S5F2_energy,val,635,2869,,1,0.5985373258590698
sprint9_multiseed_S8A_R2_seed2024_S8A_R2_context_edge_film,S8A_R2_context_edge_film,graph_c_gatv2_context_edge_film_interaction,gatv2_graph_c_sprint8a_context_edge_film,gatv2,graph_c_context_observation,S5F2_energy,val,636,2869,,1,0.6638049483299255
sprint9_multiseed_S8A_R2_seed2024_S8A_R2_context_edge_film,S8A_R2_context_edge_film,graph_c_gatv2_context_edge_film_interaction,gatv2_graph_c_sprint8a_context_edge_film,gatv2,graph_c_context_observation,S5F2_energy,val,637,2869,,1,0.7831466794013977
sprint9_multiseed_S8A_R2_seed2024_S8A_R2_context_edge_film,S8A_R2_context_edge_film,graph_c_gatv2_context_edge_film_interaction,gatv2_graph_c_sprint8a_context_edge_film,gatv2,graph_c_context_observation,S5F2_energy,val,638,2869,,1,0.6782186627388
sprint9_multiseed_S8A_R2_seed2024_S8A_R2_context_edge_film,S8A_R2_context_edge_film,graph_c_gatv2_context_edge_film_interaction,gatv2_graph_c_sprint8a_context_edge_film,gatv2,graph_c_context_observation,S5F2_energy,val,639,2869,,1,0.6856865286827087
sprint9_multiseed_S8A_R2_seed2024_S8A_R2_context_edge_film,S8A_R2_context_edge_film,graph_c_gatv2_context_edge_film_interaction,gatv2_graph_c_sprint8a_context_edge_film,gatv2,graph_c_context_observation,S5F2_energy,val,640,2869,,1,0.7530349493026733
sprint9_multiseed_S8A_R2_seed2024_S8A_R2_context_edge_film,S8A_R2_context_edge_film,graph_c_gatv2_context_edge_film_interaction,gatv2_graph_c_sprint8a_context_edge_film,gatv2,graph_c_context_observation,S5F2_energy,val,641,2869,,1,0.7763453722000122
sprint9_multiseed_S8A_R2_seed2024_S8A_R2_context_edge_film,S8A_R2_context_edge_film,graph_c_gatv2_context_edge_film_interaction,gatv2_graph_c_sprint8a_context_edge_film,gatv2,graph_c_context_observation,S5F2_energy,val,642,2869,,1,0.6733059287071228
sprint9_multiseed_S8A_R2_seed2024_S8A_R2_context_edge_film,S8A_R2_context_edge_film,graph_c_gatv2_context_edge_film_interaction,gatv2_graph_c_sprint8a_context_edge_film,gatv2,graph_c_context_observation,S5F2_energy,val,643,2869,,1,0.681784451007843
sprint9_multiseed_S8A_R2_seed2024_S8A_R2_context_edge_film,S8A_R2_context_edge_film,graph_c_gatv2_context_edge_film_interaction,gatv2_graph_c_sprint8a_context_edge_film,gatv2,graph_c_context_observation,S5F2_energy,val,644,2869,,1,0.7163174748420715
sprint9_multiseed_S8A_R2_seed2024_S8A_R2_context_edge_film,S8A_R2_context_edge_film,graph_c_gatv2_context_edge_film_interaction,gatv2_graph_c_sprint8a_context_edge_film,gatv2,graph_c_context_observation,S5F2_energy,val,645,2869,,1,0.5214353799819946
sprint9_multiseed_S8A_R2_seed2024_S8A_R2_context_edge_film,S8A_R2_context_edge_film,graph_c_gatv2_context_edge_film_interaction,gatv2_graph_c_sprint8a_context_edge_film,gatv2,graph_c_context_observation,S5F2_energy,val,646,2869,,1,0.6682669520378113
sprint9_multiseed_S8A_R2_seed2024_S8A_R2_context_edge_film,S8A_R2_context_edge_film,graph_c_gatv2_context_edge_film_interaction,gatv2_graph_c_sprint8a_context_edge_film,gatv2,graph_c_context_observation,S5F2_energy,val,647,2869,,1,0.6643602252006531
sprint9_multiseed_S8A_R2_seed2024_S8A_R2_context_edge_film,S8A_R2_context_edge_film,graph_c_gatv2_context_edge_film_interaction,gatv2_graph_c_sprint8a_context_edge_film,gatv2,graph_c_context_observation,S5F2_energy,val,648,2869,,1,0.7166171669960022
sprint9_multiseed_S8A_R2_seed2024_S8A_R2_context_edge_film,S8A_R2_context_edge_film,graph_c_gatv2_context_edge_film_interaction,gatv2_graph_c_sprint8a_context_edge_film,gatv2,graph_c_context_observation,S5F2_energy,val,649,2869,,1,0.7129518985748291
sprint9_multiseed_S8A_R2_seed2024_S8A_R2_context_edge_film,S8A_R2_context_edge_film,graph_c_gatv2_context_edge_film_interaction,gatv2_graph_c_sprint8a_context_edge_film,gatv2,graph_c_context_observation,S5F2_energy,val,650,2869,,1,0.6415960192680359
sprint9_multiseed_S8A_R2_seed2024_S8A_R2_context_edge_film,S8A_R2_context_edge_film,graph_c_gatv2_context_edge_film_interaction,gatv2_graph_c_sprint8a_context_edge_film,gatv2,graph_c_context_observation,S5F2_energy,val,651,2869,,1,0.6189880967140198
sprint9_multiseed_S8A_R2_seed2024_S8A_R2_context_edge_film,S8A_R2_context_edge_film,graph_c_gatv2_context_edge_film_interaction,gatv2_graph_c_sprint8a_context_edge_film,gatv2,graph_c_context_observation,S5F2_energy,val,652,2869,,1,0.6488566398620605
sprint9_multiseed_S8A_R2_seed2024_S8A_R2_context_edge_film,S8A_R2_context_edge_film,graph_c_gatv2_context_edge_film_interaction,gatv2_graph_c_sprint8a_context_edge_film,gatv2,graph_c_context_observation,S5F2_energy,val,653,2869,,1,0.5730383992195129
sprint9_multiseed_S8A_R2_seed2024_S8A_R2_context_edge_film,S8A_R2_context_edge_film,graph_c_gatv2_context_edge_film_interaction,gatv2_graph_c_sprint8a_context_edge_film,gatv2,graph_c_context_observation,S5F2_energy,val,654,2869,,1,0.6402196884155273
sprint9_multiseed_S8A_R2_seed2024_S8A_R2_context_edge_film,S8A_R2_context_edge_film,graph_c_gatv2_context_edge_film_interaction,gatv2_graph_c_sprint8a_context_edge_film,gatv2,graph_c_context_observation,S5F2_energy,val,655,2869,,1,0.7309324741363525
sprint9_multiseed_S8A_R2_seed2024_S8A_R2_context_edge_film,S8A_R2_context_edge_film,graph_c_gatv2_context_edge_film_interaction,gatv2_graph_c_sprint8a_context_edge_film,gatv2,graph_c_context_observation,S5F2_energy,val,656,2869,,1,0.6449090838432312
sprint9_multiseed_S8A_R2_seed2024_S8A_R2_context_edge_film,S8A_R2_context_edge_film,graph_c_gatv2_context_edge_film_interaction,gatv2_graph_c_sprint8a_context_edge_film,gatv2,graph_c_context_observation,S5F2_energy,val,657,2869,,1,0.7222068905830383
sprint9_multiseed_S8A_R2_seed2024_S8A_R2_context_edge_film,S8A_R2_context_edge_film,graph_c_gatv2_context_edge_film_interaction,gatv2_graph_c_sprint8a_context_edge_film,gatv2,graph_c_context_observation,S5F2_energy,val,658,2869,,1,0.6718166470527649
sprint9_multiseed_S8A_R2_seed2024_S8A_R2_context_edge_film,S8A_R2_context_edge_film,graph_c_gatv2_context_edge_film_interaction,gatv2_graph_c_sprint8a_context_edge_film,gatv2,graph_c_context_observation,S5F2_energy,val,659,2869,,1,0.8296487927436829
sprint9_multiseed_S8A_R2_seed2024_S8A_R2_context_edge_film,S8A_R2_context_edge_film,graph_c_gatv2_context_edge_film_interaction,gatv2_graph_c_sprint8a_context_edge_film,gatv2,graph_c_context_observation,S5F2_energy,val,660,2869,,1,0.8086652159690857
sprint9_multiseed_S8A_R2_seed2024_S8A_R2_context_edge_film,S8A_R2_context_edge_film,graph_c_gatv2_context_edge_film_interaction,gatv2_graph_c_sprint8a_context_edge_film,gatv2,graph_c_context_observation,S5F2_energy,val,661,2869,,1,0.6489585041999817
sprint9_multiseed_S8A_R2_seed2024_S8A_R2_context_edge_film,S8A_R2_context_edge_film,graph_c_gatv2_context_edge_film_interaction,gatv2_graph_c_sprint8a_context_edge_film,gatv2,graph_c_context_observation,S5F2_energy,val,662,2869,,1,0.7255665063858032
sprint9_multiseed_S8A_R2_seed2024_S8A_R2_context_edge_film,S8A_R2_context_edge_film,graph_c_gatv2_context_edge_film_interaction,gatv2_graph_c_sprint8a_context_edge_film,gatv2,graph_c_context_observation,S5F2_energy,val,663,2869,,1,0.7441567182540894
sprint9_multiseed_S8A_R2_seed2024_S8A_R2_context_edge_film,S8A_R2_context_edge_film,graph_c_gatv2_context_edge_film_interaction,gatv2_graph_c_sprint8a_context_edge_film,gatv2,graph_c_context_observation,S5F2_energy,val,664,2869,,1,0.6308143138885498
sprint9_multiseed_S8A_R2_seed2024_S8A_R2_context_edge_film,S8A_R2_context_edge_film,graph_c_gatv2_context_edge_film_interaction,gatv2_graph_c_sprint8a_context_edge_film,gatv2,graph_c_context_observation,S5F2_energy,val,665,2869,,1,0.712669849395752
sprint9_multiseed_S8A_R2_seed2024_S8A_R2_context_edge_film,S8A_R2_context_edge_film,graph_c_gatv2_context_edge_film_interaction,gatv2_graph_c_sprint8a_context_edge_film,gatv2,graph_c_context_observation,S5F2_energy,val,666,2869,,1,0.6576350331306458
sprint9_multiseed_S8A_R2_seed2024_S8A_R2_context_edge_film,S8A_R2_context_edge_film,graph_c_gatv2_context_edge_film_interaction,gatv2_graph_c_sprint8a_context_edge_film,gatv2,graph_c_context_observation,S5F2_energy,val,667,2869,,1,0.80311119556427
sprint9_multiseed_S8A_R2_seed2024_S8A_R2_context_edge_film,S8A_R2_context_edge_film,graph_c_gatv2_context_edge_film_interaction,gatv2_graph_c_sprint8a_context_edge_film,gatv2,graph_c_context_observation,S5F2_energy,val,668,2869,,1,0.6964245438575745
sprint9_multiseed_S8A_R2_seed2024_S8A_R2_context_edge_film,S8A_R2_context_edge_film,graph_c_gatv2_context_edge_film_interaction,gatv2_graph_c_sprint8a_context_edge_film,gatv2,graph_c_context_observation,S5F2_energy,val,669,2869,,1,0.7098992466926575
sprint9_multiseed_S8A_R2_seed2024_S8A_R2_context_edge_film,S8A_R2_context_edge_film,graph_c_gatv2_context_edge_film_interaction,gatv2_graph_c_sprint8a_context_edge_film,gatv2,graph_c_context_observation,S5F2_energy,val,670,2869,,1,0.6555531024932861
sprint9_multiseed_S8A_R2_seed2024_S8A_R2_context_edge_film,S8A_R2_context_edge_film,graph_c_gatv2_context_edge_film_interaction,gatv2_graph_c_sprint8a_context_edge_film,gatv2,graph_c_context_observation,S5F2_energy,val,671,2869,,1,0.6512892246246338
sprint9_multiseed_S8A_R2_seed2024_S8A_R2_context_edge_film,S8A_R2_context_edge_film,graph_c_gatv2_context_edge_film_interaction,gatv2_graph_c_sprint8a_context_edge_film,gatv2,graph_c_context_observation,S5F2_energy,val,672,2869,,1,0.6548317074775696
sprint9_multiseed_S8A_R2_seed2024_S8A_R2_context_edge_film,S8A_R2_context_edge_film,graph_c_gatv2_context_edge_film_interaction,gatv2_graph_c_sprint8a_context_edge_film,gatv2,graph_c_context_observation,S5F2_energy,val,673,2869,,1,0.7394666075706482
sprint9_multiseed_S8A_R2_seed2024_S8A_R2_context_edge_film,S8A_R2_context_edge_film,graph_c_gatv2_context_edge_film_interaction,gatv2_graph_c_sprint8a_context_edge_film,gatv2,graph_c_context_observation,S5F2_energy,val,674,2869,,1,0.5606971979141235
sprint9_multiseed_S8A_R2_seed2024_S8A_R2_context_edge_film,S8A_R2_context_edge_film,graph_c_gatv2_context_edge_film_interaction,gatv2_graph_c_sprint8a_context_edge_film,gatv2,graph_c_context_observation,S5F2_energy,val,675,2869,,1,0.7168402075767517
sprint9_multiseed_S8A_R2_seed2024_S8A_R2_context_edge_film,S8A_R2_context_edge_film,graph_c_gatv2_context_edge_film_interaction,gatv2_graph_c_sprint8a_context_edge_film,gatv2,graph_c_context_observation,S5F2_energy,val,676,2869,,1,0.6294728517532349
sprint9_multiseed_S8A_R2_seed2024_S8A_R2_context_edge_film,S8A_R2_context_edge_film,graph_c_gatv2_context_edge_film_interaction,gatv2_graph_c_sprint8a_context_edge_film,gatv2,graph_c_context_observation,S5F2_energy,val,677,2869,,1,0.8072810173034668
sprint9_multiseed_S8A_R2_seed2024_S8A_R2_context_edge_film,S8A_R2_context_edge_film,graph_c_gatv2_context_edge_film_interaction,gatv2_graph_c_sprint8a_context_edge_film,gatv2,graph_c_context_observation,S5F2_energy,val,678,2869,,1,0.5894278287887573
sprint9_multiseed_S8A_R2_seed2024_S8A_R2_context_edge_film,S8A_R2_context_edge_film,graph_c_gatv2_context_edge_film_interaction,gatv2_graph_c_sprint8a_context_edge_film,gatv2,graph_c_context_observation,S5F2_energy,val,679,2869,,1,0.6560166478157043
sprint9_multiseed_S8A_R2_seed2024_S8A_R2_context_edge_film,S8A_R2_context_edge_film,graph_c_gatv2_context_edge_film_interaction,gatv2_graph_c_sprint8a_context_edge_film,gatv2,graph_c_context_observation,S5F2_energy,val,680,2869,,1,0.8248465061187744
sprint9_multiseed_S8A_R2_seed2024_S8A_R2_context_edge_film,S8A_R2_context_edge_film,graph_c_gatv2_context_edge_film_interaction,gatv2_graph_c_sprint8a_context_edge_film,gatv2,graph_c_context_observation,S5F2_energy,val,681,2869,,1,0.63707435131073
sprint9_multiseed_S8A_R2_seed2024_S8A_R2_context_edge_film,S8A_R2_context_edge_film,graph_c_gatv2_context_edge_film_interaction,gatv2_graph_c_sprint8a_context_edge_film,gatv2,graph_c_context_observation,S5F2_energy,val,682,2869,,1,0.6659882068634033
sprint9_multiseed_S8A_R2_seed2024_S8A_R2_context_edge_film,S8A_R2_context_edge_film,graph_c_gatv2_context_edge_film_interaction,gatv2_graph_c_sprint8a_context_edge_film,gatv2,graph_c_context_observation,S5F2_energy,val,683,2869,,1,0.7757578492164612
sprint9_multiseed_S8A_R2_seed2024_S8A_R2_context_edge_film,S8A_R2_context_edge_film,graph_c_gatv2_context_edge_film_interaction,gatv2_graph_c_sprint8a_context_edge_film,gatv2,graph_c_context_observation,S5F2_energy,val,684,2869,,1,0.6399478316307068
sprint9_multiseed_S8A_R2_seed2024_S8A_R2_context_edge_film,S8A_R2_context_edge_film,graph_c_gatv2_context_edge_film_interaction,gatv2_graph_c_sprint8a_context_edge_film,gatv2,graph_c_context_observation,S5F2_energy,val,685,2869,,1,0.48198750615119934
sprint9_multiseed_S8A_R2_seed2024_S8A_R2_context_edge_film,S8A_R2_context_edge_film,graph_c_gatv2_context_edge_film_interaction,gatv2_graph_c_sprint8a_context_edge_film,gatv2,graph_c_context_observation,S5F2_energy,val,686,2869,,1,0.6255115866661072
sprint9_multiseed_S8A_R2_seed2024_S8A_R2_context_edge_film,S8A_R2_context_edge_film,graph_c_gatv2_context_edge_film_interaction,gatv2_graph_c_sprint8a_context_edge_film,gatv2,graph_c_context_observation,S5F2_energy,val,687,2869,,1,0.7555568218231201
sprint9_multiseed_S8A_R2_seed2024_S8A_R2_context_edge_film,S8A_R2_context_edge_film,graph_c_gatv2_context_edge_film_interaction,gatv2_graph_c_sprint8a_context_edge_film,gatv2,graph_c_context_observation,S5F2_energy,val,688,2869,,1,0.6796320676803589
sprint9_multiseed_S8A_R2_seed2024_S8A_R2_context_edge_film,S8A_R2_context_edge_film,graph_c_gatv2_context_edge_film_interaction,gatv2_graph_c_sprint8a_context_edge_film,gatv2,graph_c_context_observation,S5F2_energy,val,689,2869,,1,0.6715627908706665
sprint9_multiseed_S8A_R2_seed2024_S8A_R2_context_edge_film,S8A_R2_context_edge_film,graph_c_gatv2_context_edge_film_interaction,gatv2_graph_c_sprint8a_context_edge_film,gatv2,graph_c_context_observation,S5F2_energy,val,690,2869,,1,0.769390344619751
sprint9_multiseed_S8A_R2_seed2024_S8A_R2_context_edge_film,S8A_R2_context_edge_film,graph_c_gatv2_context_edge_film_interaction,gatv2_graph_c_sprint8a_context_edge_film,gatv2,graph_c_context_observation,S5F2_energy,val,691,2869,,1,0.8272920250892639
sprint9_multiseed_S8A_R2_seed2024_S8A_R2_context_edge_film,S8A_R2_context_edge_film,graph_c_gatv2_context_edge_film_interaction,gatv2_graph_c_sprint8a_context_edge_film,gatv2,graph_c_context_observation,S5F2_energy,val,692,2869,,1,0.7494553923606873
sprint9_multiseed_S8A_R2_seed2024_S8A_R2_context_edge_film,S8A_R2_context_edge_film,graph_c_gatv2_context_edge_film_interaction,gatv2_graph_c_sprint8a_context_edge_film,gatv2,graph_c_context_observation,S5F2_energy,val,693,2869,,1,0.8064025044441223
sprint9_multiseed_S8A_R2_seed2024_S8A_R2_context_edge_film,S8A_R2_context_edge_film,graph_c_gatv2_context_edge_film_interaction,gatv2_graph_c_sprint8a_context_edge_film,gatv2,graph_c_context_observation,S5F2_energy,val,694,2869,,1,0.6117569804191589
sprint9_multiseed_S8A_R2_seed2024_S8A_R2_context_edge_film,S8A_R2_context_edge_film,graph_c_gatv2_context_edge_film_interaction,gatv2_graph_c_sprint8a_context_edge_film,gatv2,graph_c_context_observation,S5F2_energy,val,695,2869,,1,0.6416369080543518
sprint9_multiseed_S8A_R2_seed2024_S8A_R2_context_edge_film,S8A_R2_context_edge_film,graph_c_gatv2_context_edge_film_interaction,gatv2_graph_c_sprint8a_context_edge_film,gatv2,graph_c_context_observation,S5F2_energy,val,696,2869,,1,0.6808754205703735
sprint9_multiseed_S8A_R2_seed2024_S8A_R2_context_edge_film,S8A_R2_context_edge_film,graph_c_gatv2_context_edge_film_interaction,gatv2_graph_c_sprint8a_context_edge_film,gatv2,graph_c_context_observation,S5F2_energy,val,697,2869,,1,0.6320529580116272
sprint9_multiseed_S8A_R2_seed2024_S8A_R2_context_edge_film,S8A_R2_context_edge_film,graph_c_gatv2_context_edge_film_interaction,gatv2_graph_c_sprint8a_context_edge_film,gatv2,graph_c_context_observation,S5F2_energy,val,698,2869,,1,0.6343635320663452
sprint9_multiseed_S8A_R2_seed2024_S8A_R2_context_edge_film,S8A_R2_context_edge_film,graph_c_gatv2_context_edge_film_interaction,gatv2_graph_c_sprint8a_context_edge_film,gatv2,graph_c_context_observation,S5F2_energy,val,699,2869,,1,0.6904247999191284
sprint9_multiseed_S8A_R2_seed2024_S8A_R2_context_edge_film,S8A_R2_context_edge_film,graph_c_gatv2_context_edge_film_interaction,gatv2_graph_c_sprint8a_context_edge_film,gatv2,graph_c_context_observation,S5F2_energy,val,700,2869,,1,0.6761031746864319
sprint9_multiseed_S8A_R2_seed2024_S8A_R2_context_edge_film,S8A_R2_context_edge_film,graph_c_gatv2_context_edge_film_interaction,gatv2_graph_c_sprint8a_context_edge_film,gatv2,graph_c_context_observation,S5F2_energy,val,701,2869,,1,0.6642444729804993
sprint9_multiseed_S8A_R2_seed2024_S8A_R2_context_edge_film,S8A_R2_context_edge_film,graph_c_gatv2_context_edge_film_interaction,gatv2_graph_c_sprint8a_context_edge_film,gatv2,graph_c_context_observation,S5F2_energy,val,702,2869,,1,0.575965404510498
sprint9_multiseed_S8A_R2_seed2024_S8A_R2_context_edge_film,S8A_R2_context_edge_film,graph_c_gatv2_context_edge_film_interaction,gatv2_graph_c_sprint8a_context_edge_film,gatv2,graph_c_context_observation,S5F2_energy,val,703,2869,,1,0.782307505607605
sprint9_multiseed_S8A_R2_seed2024_S8A_R2_context_edge_film,S8A_R2_context_edge_film,graph_c_gatv2_context_edge_film_interaction,gatv2_graph_c_sprint8a_context_edge_film,gatv2,graph_c_context_observation,S5F2_energy,val,704,2869,,1,0.5800278186798096
sprint9_multiseed_S8A_R2_seed2024_S8A_R2_context_edge_film,S8A_R2_context_edge_film,graph_c_gatv2_context_edge_film_interaction,gatv2_graph_c_sprint8a_context_edge_film,gatv2,graph_c_context_observation,S5F2_energy,val,705,2869,,1,0.6697179079055786
sprint9_multiseed_S8A_R2_seed2024_S8A_R2_context_edge_film,S8A_R2_context_edge_film,graph_c_gatv2_context_edge_film_interaction,gatv2_graph_c_sprint8a_context_edge_film,gatv2,graph_c_context_observation,S5F2_energy,val,706,2869,,1,0.6922318339347839
sprint9_multiseed_S8A_R2_seed2024_S8A_R2_context_edge_film,S8A_R2_context_edge_film,graph_c_gatv2_context_edge_film_interaction,gatv2_graph_c_sprint8a_context_edge_film,gatv2,graph_c_context_observation,S5F2_energy,val,707,2869,,1,0.603201687335968
sprint9_multiseed_S8A_R2_seed2024_S8A_R2_context_edge_film,S8A_R2_context_edge_film,graph_c_gatv2_context_edge_film_interaction,gatv2_graph_c_sprint8a_context_edge_film,gatv2,graph_c_context_observation,S5F2_energy,val,708,2869,,1,0.6756356954574585
sprint9_multiseed_S8A_R2_seed2024_S8A_R2_context_edge_film,S8A_R2_context_edge_film,graph_c_gatv2_context_edge_film_interaction,gatv2_graph_c_sprint8a_context_edge_film,gatv2,graph_c_context_observation,S5F2_energy,val,709,2869,,1,0.7421768307685852
sprint9_multiseed_S8A_R2_seed2024_S8A_R2_context_edge_film,S8A_R2_context_edge_film,graph_c_gatv2_context_edge_film_interaction,gatv2_graph_c_sprint8a_context_edge_film,gatv2,graph_c_context_observation,S5F2_energy,val,710,2869,,1,0.6643190383911133
sprint9_multiseed_S8A_R2_seed2024_S8A_R2_context_edge_film,S8A_R2_context_edge_film,graph_c_gatv2_context_edge_film_interaction,gatv2_graph_c_sprint8a_context_edge_film,gatv2,graph_c_context_observation,S5F2_energy,val,711,2869,,1,0.7321188449859619
sprint9_multiseed_S8A_R2_seed2024_S8A_R2_context_edge_film,S8A_R2_context_edge_film,graph_c_gatv2_context_edge_film_interaction,gatv2_graph_c_sprint8a_context_edge_film,gatv2,graph_c_context_observation,S5F2_energy,val,712,2869,,1,0.6344745755195618
sprint9_multiseed_S8A_R2_seed2024_S8A_R2_context_edge_film,S8A_R2_context_edge_film,graph_c_gatv2_context_edge_film_interaction,gatv2_graph_c_sprint8a_context_edge_film,gatv2,graph_c_context_observation,S5F2_energy,val,713,2869,,1,0.7394293546676636
sprint9_multiseed_S8A_R2_seed2024_S8A_R2_context_edge_film,S8A_R2_context_edge_film,graph_c_gatv2_context_edge_film_interaction,gatv2_graph_c_sprint8a_context_edge_film,gatv2,graph_c_context_observation,S5F2_energy,val,714,2869,,1,0.6281888484954834
sprint9_multiseed_S8A_R2_seed2024_S8A_R2_context_edge_film,S8A_R2_context_edge_film,graph_c_gatv2_context_edge_film_interaction,gatv2_graph_c_sprint8a_context_edge_film,gatv2,graph_c_context_observation,S5F2_energy,val,715,2869,,1,0.6640818119049072
sprint9_multiseed_S8A_R2_seed2024_S8A_R2_context_edge_film,S8A_R2_context_edge_film,graph_c_gatv2_context_edge_film_interaction,gatv2_graph_c_sprint8a_context_edge_film,gatv2,graph_c_context_observation,S5F2_energy,val,716,2869,,1,0.6710066199302673
sprint9_multiseed_S8A_R2_seed2024_S8A_R2_context_edge_film,S8A_R2_context_edge_film,graph_c_gatv2_context_edge_film_interaction,gatv2_graph_c_sprint8a_context_edge_film,gatv2,graph_c_context_observation,S5F2_energy,val,717,2869,,1,0.7392702102661133
sprint9_multiseed_S8A_R2_seed2024_S8A_R2_context_edge_film,S8A_R2_context_edge_film,graph_c_gatv2_context_edge_film_interaction,gatv2_graph_c_sprint8a_context_edge_film,gatv2,graph_c_context_observation,S5F2_energy,val,718,2869,,1,0.6122577786445618
sprint9_multiseed_S8A_R2_seed2024_S8A_R2_context_edge_film,S8A_R2_context_edge_film,graph_c_gatv2_context_edge_film_interaction,gatv2_graph_c_sprint8a_context_edge_film,gatv2,graph_c_context_observation,S5F2_energy,val,719,2869,,1,0.7072712779045105
sprint9_multiseed_S8A_R2_seed2024_S8A_R2_context_edge_film,S8A_R2_context_edge_film,graph_c_gatv2_context_edge_film_interaction,gatv2_graph_c_sprint8a_context_edge_film,gatv2,graph_c_context_observation,S5F2_energy,val,720,2869,,1,0.6170054078102112
sprint9_multiseed_S8A_R2_seed2024_S8A_R2_context_edge_film,S8A_R2_context_edge_film,graph_c_gatv2_context_edge_film_interaction,gatv2_graph_c_sprint8a_context_edge_film,gatv2,graph_c_context_observation,S5F2_energy,val,721,2869,,1,0.640299379825592
sprint9_multiseed_S8A_R2_seed2024_S8A_R2_context_edge_film,S8A_R2_context_edge_film,graph_c_gatv2_context_edge_film_interaction,gatv2_graph_c_sprint8a_context_edge_film,gatv2,graph_c_context_observation,S5F2_energy,val,722,2869,,1,0.6640581488609314
sprint9_multiseed_S8A_R2_seed2024_S8A_R2_context_edge_film,S8A_R2_context_edge_film,graph_c_gatv2_context_edge_film_interaction,gatv2_graph_c_sprint8a_context_edge_film,gatv2,graph_c_context_observation,S5F2_energy,val,723,2869,,1,0.6276594400405884
sprint9_multiseed_S8A_R2_seed2024_S8A_R2_context_edge_film,S8A_R2_context_edge_film,graph_c_gatv2_context_edge_film_interaction,gatv2_graph_c_sprint8a_context_edge_film,gatv2,graph_c_context_observation,S5F2_energy,val,724,2869,,1,0.6733061671257019
sprint9_multiseed_S8A_R2_seed2024_S8A_R2_context_edge_film,S8A_R2_context_edge_film,graph_c_gatv2_context_edge_film_interaction,gatv2_graph_c_sprint8a_context_edge_film,gatv2,graph_c_context_observation,S5F2_energy,val,725,2869,,1,0.7393301129341125
sprint9_multiseed_S8A_R2_seed2024_S8A_R2_context_edge_film,S8A_R2_context_edge_film,graph_c_gatv2_context_edge_film_interaction,gatv2_graph_c_sprint8a_context_edge_film,gatv2,graph_c_context_observation,S5F2_energy,val,726,2869,,1,0.6279840469360352
sprint9_multiseed_S8A_R2_seed2024_S8A_R2_context_edge_film,S8A_R2_context_edge_film,graph_c_gatv2_context_edge_film_interaction,gatv2_graph_c_sprint8a_context_edge_film,gatv2,graph_c_context_observation,S5F2_energy,val,727,2869,,1,0.6652390360832214
sprint9_multiseed_S8A_R2_seed2024_S8A_R2_context_edge_film,S8A_R2_context_edge_film,graph_c_gatv2_context_edge_film_interaction,gatv2_graph_c_sprint8a_context_edge_film,gatv2,graph_c_context_observation,S5F2_energy,val,728,2869,,1,0.6576096415519714
sprint9_multiseed_S8A_R2_seed2024_S8A_R2_context_edge_film,S8A_R2_context_edge_film,graph_c_gatv2_context_edge_film_interaction,gatv2_graph_c_sprint8a_context_edge_film,gatv2,graph_c_context_observation,S5F2_energy,val,729,2869,,1,0.6470304131507874
sprint9_multiseed_S8A_R2_seed2024_S8A_R2_context_edge_film,S8A_R2_context_edge_film,graph_c_gatv2_context_edge_film_interaction,gatv2_graph_c_sprint8a_context_edge_film,gatv2,graph_c_context_observation,S5F2_energy,val,730,2869,,1,0.6655848026275635
sprint9_multiseed_S8A_R2_seed2024_S8A_R2_context_edge_film,S8A_R2_context_edge_film,graph_c_gatv2_context_edge_film_interaction,gatv2_graph_c_sprint8a_context_edge_film,gatv2,graph_c_context_observation,S5F2_energy,val,731,2869,,1,0.6902402639389038
sprint9_multiseed_S8A_R2_seed2024_S8A_R2_context_edge_film,S8A_R2_context_edge_film,graph_c_gatv2_context_edge_film_interaction,gatv2_graph_c_sprint8a_context_edge_film,gatv2,graph_c_context_observation,S5F2_energy,val,732,2869,,1,0.5547930002212524
sprint9_multiseed_S8A_R2_seed2024_S8A_R2_context_edge_film,S8A_R2_context_edge_film,graph_c_gatv2_context_edge_film_interaction,gatv2_graph_c_sprint8a_context_edge_film,gatv2,graph_c_context_observation,S5F2_energy,val,733,2869,,1,0.7993888854980469
sprint9_multiseed_S8A_R2_seed2024_S8A_R2_context_edge_film,S8A_R2_context_edge_film,graph_c_gatv2_context_edge_film_interaction,gatv2_graph_c_sprint8a_context_edge_film,gatv2,graph_c_context_observation,S5F2_energy,val,734,2869,,1,0.6955863237380981
sprint9_multiseed_S8A_R2_seed2024_S8A_R2_context_edge_film,S8A_R2_context_edge_film,graph_c_gatv2_context_edge_film_interaction,gatv2_graph_c_sprint8a_context_edge_film,gatv2,graph_c_context_observation,S5F2_energy,val,735,2869,,1,0.7904322743415833
sprint9_multiseed_S8A_R2_seed2024_S8A_R2_context_edge_film,S8A_R2_context_edge_film,graph_c_gatv2_context_edge_film_interaction,gatv2_graph_c_sprint8a_context_edge_film,gatv2,graph_c_context_observation,S5F2_energy,val,736,2869,,1,0.6725202202796936
sprint9_multiseed_S8A_R2_seed2024_S8A_R2_context_edge_film,S8A_R2_context_edge_film,graph_c_gatv2_context_edge_film_interaction,gatv2_graph_c_sprint8a_context_edge_film,gatv2,graph_c_context_observation,S5F2_energy,val,737,2869,,1,0.7670548558235168
sprint9_multiseed_S8A_R2_seed2024_S8A_R2_context_edge_film,S8A_R2_context_edge_film,graph_c_gatv2_context_edge_film_interaction,gatv2_graph_c_sprint8a_context_edge_film,gatv2,graph_c_context_observation,S5F2_energy,val,738,2869,,1,0.7156997919082642
sprint9_multiseed_S8A_R2_seed2024_S8A_R2_context_edge_film,S8A_R2_context_edge_film,graph_c_gatv2_context_edge_film_interaction,gatv2_graph_c_sprint8a_context_edge_film,gatv2,graph_c_context_observation,S5F2_energy,val,739,2869,,1,0.641112208366394
sprint9_multiseed_S8A_R2_seed2024_S8A_R2_context_edge_film,S8A_R2_context_edge_film,graph_c_gatv2_context_edge_film_interaction,gatv2_graph_c_sprint8a_context_edge_film,gatv2,graph_c_context_observation,S5F2_energy,val,740,3866,,1,0.7992521524429321
sprint9_multiseed_S8A_R2_seed2024_S8A_R2_context_edge_film,S8A_R2_context_edge_film,graph_c_gatv2_context_edge_film_interaction,gatv2_graph_c_sprint8a_context_edge_film,gatv2,graph_c_context_observation,S5F2_energy,val,741,3866,,1,0.7275009155273438
sprint9_multiseed_S8A_R2_seed2024_S8A_R2_context_edge_film,S8A_R2_context_edge_film,graph_c_gatv2_context_edge_film_interaction,gatv2_graph_c_sprint8a_context_edge_film,gatv2,graph_c_context_observation,S5F2_energy,val,742,3866,,1,0.7445108294487
sprint9_multiseed_S8A_R2_seed2024_S8A_R2_context_edge_film,S8A_R2_context_edge_film,graph_c_gatv2_context_edge_film_interaction,gatv2_graph_c_sprint8a_context_edge_film,gatv2,graph_c_context_observation,S5F2_energy,val,743,3866,,1,0.6892300844192505
sprint9_multiseed_S8A_R2_seed2024_S8A_R2_context_edge_film,S8A_R2_context_edge_film,graph_c_gatv2_context_edge_film_interaction,gatv2_graph_c_sprint8a_context_edge_film,gatv2,graph_c_context_observation,S5F2_energy,val,744,3866,,1,0.6383307576179504
sprint9_multiseed_S8A_R2_seed2024_S8A_R2_context_edge_film,S8A_R2_context_edge_film,graph_c_gatv2_context_edge_film_interaction,gatv2_graph_c_sprint8a_context_edge_film,gatv2,graph_c_context_observation,S5F2_energy,val,745,3866,,1,0.7180014252662659
sprint9_multiseed_S8A_R2_seed2024_S8A_R2_context_edge_film,S8A_R2_context_edge_film,graph_c_gatv2_context_edge_film_interaction,gatv2_graph_c_sprint8a_context_edge_film,gatv2,graph_c_context_observation,S5F2_energy,val,746,3866,,1,0.6342356204986572
sprint9_multiseed_S8A_R2_seed2024_S8A_R2_context_edge_film,S8A_R2_context_edge_film,graph_c_gatv2_context_edge_film_interaction,gatv2_graph_c_sprint8a_context_edge_film,gatv2,graph_c_context_observation,S5F2_energy,val,747,3866,,1,0.7413312792778015
sprint9_multiseed_S8A_R2_seed2024_S8A_R2_context_edge_film,S8A_R2_context_edge_film,graph_c_gatv2_context_edge_film_interaction,gatv2_graph_c_sprint8a_context_edge_film,gatv2,graph_c_context_observation,S5F2_energy,val,748,3866,,1,0.7786203622817993
sprint9_multiseed_S8A_R2_seed2024_S8A_R2_context_edge_film,S8A_R2_context_edge_film,graph_c_gatv2_context_edge_film_interaction,gatv2_graph_c_sprint8a_context_edge_film,gatv2,graph_c_context_observation,S5F2_energy,val,749,3866,,1,0.7936149835586548
sprint9_multiseed_S8A_R2_seed2024_S8A_R2_context_edge_film,S8A_R2_context_edge_film,graph_c_gatv2_context_edge_film_interaction,gatv2_graph_c_sprint8a_context_edge_film,gatv2,graph_c_context_observation,S5F2_energy,val,750,3866,,1,0.6844503283500671
sprint9_multiseed_S8A_R2_seed2024_S8A_R2_context_edge_film,S8A_R2_context_edge_film,graph_c_gatv2_context_edge_film_interaction,gatv2_graph_c_sprint8a_context_edge_film,gatv2,graph_c_context_observation,S5F2_energy,val,751,3866,,1,0.7192698121070862
sprint9_multiseed_S8A_R2_seed2024_S8A_R2_context_edge_film,S8A_R2_context_edge_film,graph_c_gatv2_context_edge_film_interaction,gatv2_graph_c_sprint8a_context_edge_film,gatv2,graph_c_context_observation,S5F2_energy,val,752,3866,,1,0.7714062333106995
sprint9_multiseed_S8A_R2_seed2024_S8A_R2_context_edge_film,S8A_R2_context_edge_film,graph_c_gatv2_context_edge_film_interaction,gatv2_graph_c_sprint8a_context_edge_film,gatv2,graph_c_context_observation,S5F2_energy,val,753,3866,,1,0.6481288075447083
sprint9_multiseed_S8A_R2_seed2024_S8A_R2_context_edge_film,S8A_R2_context_edge_film,graph_c_gatv2_context_edge_film_interaction,gatv2_graph_c_sprint8a_context_edge_film,gatv2,graph_c_context_observation,S5F2_energy,val,754,3866,,1,0.6868388056755066
sprint9_multiseed_S8A_R2_seed2024_S8A_R2_context_edge_film,S8A_R2_context_edge_film,graph_c_gatv2_context_edge_film_interaction,gatv2_graph_c_sprint8a_context_edge_film,gatv2,graph_c_context_observation,S5F2_energy,val,755,3866,,1,0.7212768793106079
sprint9_multiseed_S8A_R2_seed2024_S8A_R2_context_edge_film,S8A_R2_context_edge_film,graph_c_gatv2_context_edge_film_interaction,gatv2_graph_c_sprint8a_context_edge_film,gatv2,graph_c_context_observation,S5F2_energy,val,756,3866,,1,0.7297233939170837
sprint9_multiseed_S8A_R2_seed2024_S8A_R2_context_edge_film,S8A_R2_context_edge_film,graph_c_gatv2_context_edge_film_interaction,gatv2_graph_c_sprint8a_context_edge_film,gatv2,graph_c_context_observation,S5F2_energy,val,757,3866,,1,0.6510525345802307
sprint9_multiseed_S8A_R2_seed2024_S8A_R2_context_edge_film,S8A_R2_context_edge_film,graph_c_gatv2_context_edge_film_interaction,gatv2_graph_c_sprint8a_context_edge_film,gatv2,graph_c_context_observation,S5F2_energy,val,758,3866,,1,0.7539054751396179
sprint9_multiseed_S8A_R2_seed2024_S8A_R2_context_edge_film,S8A_R2_context_edge_film,graph_c_gatv2_context_edge_film_interaction,gatv2_graph_c_sprint8a_context_edge_film,gatv2,graph_c_context_observation,S5F2_energy,val,759,3866,,1,0.6673464775085449
sprint9_multiseed_S8A_R2_seed2024_S8A_R2_context_edge_film,S8A_R2_context_edge_film,graph_c_gatv2_context_edge_film_interaction,gatv2_graph_c_sprint8a_context_edge_film,gatv2,graph_c_context_observation,S5F2_energy,val,760,3866,,1,0.6688051819801331
sprint9_multiseed_S8A_R2_seed2024_S8A_R2_context_edge_film,S8A_R2_context_edge_film,graph_c_gatv2_context_edge_film_interaction,gatv2_graph_c_sprint8a_context_edge_film,gatv2,graph_c_context_observation,S5F2_energy,val,761,3866,,1,0.7105063796043396
sprint9_multiseed_S8A_R2_seed2024_S8A_R2_context_edge_film,S8A_R2_context_edge_film,graph_c_gatv2_context_edge_film_interaction,gatv2_graph_c_sprint8a_context_edge_film,gatv2,graph_c_context_observation,S5F2_energy,val,762,3866,,1,0.7662781476974487
sprint9_multiseed_S8A_R2_seed2024_S8A_R2_context_edge_film,S8A_R2_context_edge_film,graph_c_gatv2_context_edge_film_interaction,gatv2_graph_c_sprint8a_context_edge_film,gatv2,graph_c_context_observation,S5F2_energy,val,763,3866,,1,0.6164175271987915
sprint9_multiseed_S8A_R2_seed2024_S8A_R2_context_edge_film,S8A_R2_context_edge_film,graph_c_gatv2_context_edge_film_interaction,gatv2_graph_c_sprint8a_context_edge_film,gatv2,graph_c_context_observation,S5F2_energy,val,764,3866,,1,0.6676550507545471
sprint9_multiseed_S8A_R2_seed2024_S8A_R2_context_edge_film,S8A_R2_context_edge_film,graph_c_gatv2_context_edge_film_interaction,gatv2_graph_c_sprint8a_context_edge_film,gatv2,graph_c_context_observation,S5F2_energy,val,765,3866,,1,0.6682333946228027
sprint9_multiseed_S8A_R2_seed2024_S8A_R2_context_edge_film,S8A_R2_context_edge_film,graph_c_gatv2_context_edge_film_interaction,gatv2_graph_c_sprint8a_context_edge_film,gatv2,graph_c_context_observation,S5F2_energy,val,766,3866,,1,0.6964104175567627
sprint9_multiseed_S8A_R2_seed2024_S8A_R2_context_edge_film,S8A_R2_context_edge_film,graph_c_gatv2_context_edge_film_interaction,gatv2_graph_c_sprint8a_context_edge_film,gatv2,graph_c_context_observation,S5F2_energy,val,767,3866,,1,0.766863226890564
sprint9_multiseed_S8A_R2_seed2024_S8A_R2_context_edge_film,S8A_R2_context_edge_film,graph_c_gatv2_context_edge_film_interaction,gatv2_graph_c_sprint8a_context_edge_film,gatv2,graph_c_context_observation,S5F2_energy,val,768,3866,,1,0.7522503137588501
sprint9_multiseed_S8A_R2_seed2024_S8A_R2_context_edge_film,S8A_R2_context_edge_film,graph_c_gatv2_context_edge_film_interaction,gatv2_graph_c_sprint8a_context_edge_film,gatv2,graph_c_context_observation,S5F2_energy,val,769,3866,,1,0.7010749578475952
sprint9_multiseed_S8A_R2_seed2024_S8A_R2_context_edge_film,S8A_R2_context_edge_film,graph_c_gatv2_context_edge_film_interaction,gatv2_graph_c_sprint8a_context_edge_film,gatv2,graph_c_context_observation,S5F2_energy,val,770,3866,,1,0.6575846672058105
sprint9_multiseed_S8A_R2_seed2024_S8A_R2_context_edge_film,S8A_R2_context_edge_film,graph_c_gatv2_context_edge_film_interaction,gatv2_graph_c_sprint8a_context_edge_film,gatv2,graph_c_context_observation,S5F2_energy,val,771,3866,,1,0.6770196557044983
sprint9_multiseed_S8A_R2_seed2024_S8A_R2_context_edge_film,S8A_R2_context_edge_film,graph_c_gatv2_context_edge_film_interaction,gatv2_graph_c_sprint8a_context_edge_film,gatv2,graph_c_context_observation,S5F2_energy,val,772,3866,,1,0.6667863130569458
sprint9_multiseed_S8A_R2_seed2024_S8A_R2_context_edge_film,S8A_R2_context_edge_film,graph_c_gatv2_context_edge_film_interaction,gatv2_graph_c_sprint8a_context_edge_film,gatv2,graph_c_context_observation,S5F2_energy,val,773,3866,,1,0.7257592678070068
sprint9_multiseed_S8A_R2_seed2024_S8A_R2_context_edge_film,S8A_R2_context_edge_film,graph_c_gatv2_context_edge_film_interaction,gatv2_graph_c_sprint8a_context_edge_film,gatv2,graph_c_context_observation,S5F2_energy,val,774,3866,,1,0.6547550559043884
sprint9_multiseed_S8A_R2_seed2024_S8A_R2_context_edge_film,S8A_R2_context_edge_film,graph_c_gatv2_context_edge_film_interaction,gatv2_graph_c_sprint8a_context_edge_film,gatv2,graph_c_context_observation,S5F2_energy,val,775,3866,,1,0.6922395825386047
sprint9_multiseed_S8A_R2_seed2024_S8A_R2_context_edge_film,S8A_R2_context_edge_film,graph_c_gatv2_context_edge_film_interaction,gatv2_graph_c_sprint8a_context_edge_film,gatv2,graph_c_context_observation,S5F2_energy,val,776,3866,,1,0.6399127244949341
sprint9_multiseed_S8A_R2_seed2024_S8A_R2_context_edge_film,S8A_R2_context_edge_film,graph_c_gatv2_context_edge_film_interaction,gatv2_graph_c_sprint8a_context_edge_film,gatv2,graph_c_context_observation,S5F2_energy,val,777,3866,,1,0.6110946536064148
sprint9_multiseed_S8A_R2_seed2024_S8A_R2_context_edge_film,S8A_R2_context_edge_film,graph_c_gatv2_context_edge_film_interaction,gatv2_graph_c_sprint8a_context_edge_film,gatv2,graph_c_context_observation,S5F2_energy,val,778,3866,,1,0.6993283033370972
sprint9_multiseed_S8A_R2_seed2024_S8A_R2_context_edge_film,S8A_R2_context_edge_film,graph_c_gatv2_context_edge_film_interaction,gatv2_graph_c_sprint8a_context_edge_film,gatv2,graph_c_context_observation,S5F2_energy,val,779,3866,,1,0.6931614875793457
sprint9_multiseed_S8A_R2_seed2024_S8A_R2_context_edge_film,S8A_R2_context_edge_film,graph_c_gatv2_context_edge_film_interaction,gatv2_graph_c_sprint8a_context_edge_film,gatv2,graph_c_context_observation,S5F2_energy,val,780,3866,,1,0.6980215907096863
sprint9_multiseed_S8A_R2_seed2024_S8A_R2_context_edge_film,S8A_R2_context_edge_film,graph_c_gatv2_context_edge_film_interaction,gatv2_graph_c_sprint8a_context_edge_film,gatv2,graph_c_context_observation,S5F2_energy,val,781,3866,,1,0.684851884841919
sprint9_multiseed_S8A_R2_seed2024_S8A_R2_context_edge_film,S8A_R2_context_edge_film,graph_c_gatv2_context_edge_film_interaction,gatv2_graph_c_sprint8a_context_edge_film,gatv2,graph_c_context_observation,S5F2_energy,val,782,3866,,1,0.668013334274292
sprint9_multiseed_S8A_R2_seed2024_S8A_R2_context_edge_film,S8A_R2_context_edge_film,graph_c_gatv2_context_edge_film_interaction,gatv2_graph_c_sprint8a_context_edge_film,gatv2,graph_c_context_observation,S5F2_energy,val,783,3866,,1,0.6845656037330627
sprint9_multiseed_S8A_R2_seed2024_S8A_R2_context_edge_film,S8A_R2_context_edge_film,graph_c_gatv2_context_edge_film_interaction,gatv2_graph_c_sprint8a_context_edge_film,gatv2,graph_c_context_observation,S5F2_energy,val,784,3866,,1,0.6931660175323486
sprint9_multiseed_S8A_R2_seed2024_S8A_R2_context_edge_film,S8A_R2_context_edge_film,graph_c_gatv2_context_edge_film_interaction,gatv2_graph_c_sprint8a_context_edge_film,gatv2,graph_c_context_observation,S5F2_energy,val,785,3866,,1,0.7695963382720947
sprint9_multiseed_S8A_R2_seed2024_S8A_R2_context_edge_film,S8A_R2_context_edge_film,graph_c_gatv2_context_edge_film_interaction,gatv2_graph_c_sprint8a_context_edge_film,gatv2,graph_c_context_observation,S5F2_energy,val,786,3866,,1,0.7383291125297546
sprint9_multiseed_S8A_R2_seed2024_S8A_R2_context_edge_film,S8A_R2_context_edge_film,graph_c_gatv2_context_edge_film_interaction,gatv2_graph_c_sprint8a_context_edge_film,gatv2,graph_c_context_observation,S5F2_energy,val,787,3866,,1,0.7227195501327515
sprint9_multiseed_S8A_R2_seed2024_S8A_R2_context_edge_film,S8A_R2_context_edge_film,graph_c_gatv2_context_edge_film_interaction,gatv2_graph_c_sprint8a_context_edge_film,gatv2,graph_c_context_observation,S5F2_energy,val,788,3866,,1,0.6154053807258606
sprint9_multiseed_S8A_R2_seed2024_S8A_R2_context_edge_film,S8A_R2_context_edge_film,graph_c_gatv2_context_edge_film_interaction,gatv2_graph_c_sprint8a_context_edge_film,gatv2,graph_c_context_observation,S5F2_energy,val,789,3866,,1,0.7007622718811035
sprint9_multiseed_S8A_R2_seed2024_S8A_R2_context_edge_film,S8A_R2_context_edge_film,graph_c_gatv2_context_edge_film_interaction,gatv2_graph_c_sprint8a_context_edge_film,gatv2,graph_c_context_observation,S5F2_energy,val,790,3866,,1,0.6838868856430054
sprint9_multiseed_S8A_R2_seed2024_S8A_R2_context_edge_film,S8A_R2_context_edge_film,graph_c_gatv2_context_edge_film_interaction,gatv2_graph_c_sprint8a_context_edge_film,gatv2,graph_c_context_observation,S5F2_energy,val,791,3866,,1,0.6252897381782532
sprint9_multiseed_S8A_R2_seed2024_S8A_R2_context_edge_film,S8A_R2_context_edge_film,graph_c_gatv2_context_edge_film_interaction,gatv2_graph_c_sprint8a_context_edge_film,gatv2,graph_c_context_observation,S5F2_energy,val,792,3866,,1,0.6330768465995789
sprint9_multiseed_S8A_R2_seed2024_S8A_R2_context_edge_film,S8A_R2_context_edge_film,graph_c_gatv2_context_edge_film_interaction,gatv2_graph_c_sprint8a_context_edge_film,gatv2,graph_c_context_observation,S5F2_energy,val,793,3866,,1,0.6725828647613525
sprint9_multiseed_S8A_R2_seed2024_S8A_R2_context_edge_film,S8A_R2_context_edge_film,graph_c_gatv2_context_edge_film_interaction,gatv2_graph_c_sprint8a_context_edge_film,gatv2,graph_c_context_observation,S5F2_energy,val,794,3866,,1,0.5776425004005432
sprint9_multiseed_S8A_R2_seed2024_S8A_R2_context_edge_film,S8A_R2_context_edge_film,graph_c_gatv2_context_edge_film_interaction,gatv2_graph_c_sprint8a_context_edge_film,gatv2,graph_c_context_observation,S5F2_energy,val,795,3866,,1,0.7276619672775269
sprint9_multiseed_S8A_R2_seed2024_S8A_R2_context_edge_film,S8A_R2_context_edge_film,graph_c_gatv2_context_edge_film_interaction,gatv2_graph_c_sprint8a_context_edge_film,gatv2,graph_c_context_observation,S5F2_energy,val,796,3866,,1,0.764859676361084
sprint9_multiseed_S8A_R2_seed2024_S8A_R2_context_edge_film,S8A_R2_context_edge_film,graph_c_gatv2_context_edge_film_interaction,gatv2_graph_c_sprint8a_context_edge_film,gatv2,graph_c_context_observation,S5F2_energy,val,797,3866,,1,0.5766013264656067
sprint9_multiseed_S8A_R2_seed2024_S8A_R2_context_edge_film,S8A_R2_context_edge_film,graph_c_gatv2_context_edge_film_interaction,gatv2_graph_c_sprint8a_context_edge_film,gatv2,graph_c_context_observation,S5F2_energy,val,798,3866,,1,0.6238389611244202
sprint9_multiseed_S8A_R2_seed2024_S8A_R2_context_edge_film,S8A_R2_context_edge_film,graph_c_gatv2_context_edge_film_interaction,gatv2_graph_c_sprint8a_context_edge_film,gatv2,graph_c_context_observation,S5F2_energy,val,799,3866,,1,0.6518573760986328
sprint9_multiseed_S8A_R2_seed2024_S8A_R2_context_edge_film,S8A_R2_context_edge_film,graph_c_gatv2_context_edge_film_interaction,gatv2_graph_c_sprint8a_context_edge_film,gatv2,graph_c_context_observation,S5F2_energy,val,800,3866,,1,0.66981041431427
sprint9_multiseed_S8A_R2_seed2024_S8A_R2_context_edge_film,S8A_R2_context_edge_film,graph_c_gatv2_context_edge_film_interaction,gatv2_graph_c_sprint8a_context_edge_film,gatv2,graph_c_context_observation,S5F2_energy,val,801,3866,,1,0.6369486451148987
sprint9_multiseed_S8A_R2_seed2024_S8A_R2_context_edge_film,S8A_R2_context_edge_film,graph_c_gatv2_context_edge_film_interaction,gatv2_graph_c_sprint8a_context_edge_film,gatv2,graph_c_context_observation,S5F2_energy,val,802,3866,,1,0.7329499125480652
sprint9_multiseed_S8A_R2_seed2024_S8A_R2_context_edge_film,S8A_R2_context_edge_film,graph_c_gatv2_context_edge_film_interaction,gatv2_graph_c_sprint8a_context_edge_film,gatv2,graph_c_context_observation,S5F2_energy,val,803,3866,,1,0.6674045920372009
sprint9_multiseed_S8A_R2_seed2024_S8A_R2_context_edge_film,S8A_R2_context_edge_film,graph_c_gatv2_context_edge_film_interaction,gatv2_graph_c_sprint8a_context_edge_film,gatv2,graph_c_context_observation,S5F2_energy,val,804,3866,,1,0.7045760750770569
sprint9_multiseed_S8A_R2_seed2024_S8A_R2_context_edge_film,S8A_R2_context_edge_film,graph_c_gatv2_context_edge_film_interaction,gatv2_graph_c_sprint8a_context_edge_film,gatv2,graph_c_context_observation,S5F2_energy,val,805,3866,,1,0.690676212310791
sprint9_multiseed_S8A_R2_seed2024_S8A_R2_context_edge_film,S8A_R2_context_edge_film,graph_c_gatv2_context_edge_film_interaction,gatv2_graph_c_sprint8a_context_edge_film,gatv2,graph_c_context_observation,S5F2_energy,val,806,7822,,1,0.7100276947021484
sprint9_multiseed_S8A_R2_seed2024_S8A_R2_context_edge_film,S8A_R2_context_edge_film,graph_c_gatv2_context_edge_film_interaction,gatv2_graph_c_sprint8a_context_edge_film,gatv2,graph_c_context_observation,S5F2_energy,val,807,7822,,1,0.682091236114502
sprint9_multiseed_S8A_R2_seed2024_S8A_R2_context_edge_film,S8A_R2_context_edge_film,graph_c_gatv2_context_edge_film_interaction,gatv2_graph_c_sprint8a_context_edge_film,gatv2,graph_c_context_observation,S5F2_energy,val,808,7822,,1,0.6720060706138611
sprint9_multiseed_S8A_R2_seed2024_S8A_R2_context_edge_film,S8A_R2_context_edge_film,graph_c_gatv2_context_edge_film_interaction,gatv2_graph_c_sprint8a_context_edge_film,gatv2,graph_c_context_observation,S5F2_energy,val,809,7822,,1,0.610897958278656
sprint9_multiseed_S8A_R2_seed2024_S8A_R2_context_edge_film,S8A_R2_context_edge_film,graph_c_gatv2_context_edge_film_interaction,gatv2_graph_c_sprint8a_context_edge_film,gatv2,graph_c_context_observation,S5F2_energy,val,810,7822,,1,0.5794470906257629
sprint9_multiseed_S8A_R2_seed2024_S8A_R2_context_edge_film,S8A_R2_context_edge_film,graph_c_gatv2_context_edge_film_interaction,gatv2_graph_c_sprint8a_context_edge_film,gatv2,graph_c_context_observation,S5F2_energy,val,811,7822,,1,0.5953643321990967
sprint9_multiseed_S8A_R2_seed2024_S8A_R2_context_edge_film,S8A_R2_context_edge_film,graph_c_gatv2_context_edge_film_interaction,gatv2_graph_c_sprint8a_context_edge_film,gatv2,graph_c_context_observation,S5F2_energy,val,812,7822,,1,0.6094058752059937
sprint9_multiseed_S8A_R2_seed2024_S8A_R2_context_edge_film,S8A_R2_context_edge_film,graph_c_gatv2_context_edge_film_interaction,gatv2_graph_c_sprint8a_context_edge_film,gatv2,graph_c_context_observation,S5F2_energy,val,813,7822,,1,0.6550654172897339
sprint9_multiseed_S8A_R2_seed2024_S8A_R2_context_edge_film,S8A_R2_context_edge_film,graph_c_gatv2_context_edge_film_interaction,gatv2_graph_c_sprint8a_context_edge_film,gatv2,graph_c_context_observation,S5F2_energy,val,814,7822,,1,0.6248090863227844
sprint9_multiseed_S8A_R2_seed2024_S8A_R2_context_edge_film,S8A_R2_context_edge_film,graph_c_gatv2_context_edge_film_interaction,gatv2_graph_c_sprint8a_context_edge_film,gatv2,graph_c_context_observation,S5F2_energy,val,815,7822,,1,0.569071888923645
sprint9_multiseed_S8A_R2_seed2024_S8A_R2_context_edge_film,S8A_R2_context_edge_film,graph_c_gatv2_context_edge_film_interaction,gatv2_graph_c_sprint8a_context_edge_film,gatv2,graph_c_context_observation,S5F2_energy,val,816,7822,,1,0.6172621846199036
sprint9_multiseed_S8A_R2_seed2024_S8A_R2_context_edge_film,S8A_R2_context_edge_film,graph_c_gatv2_context_edge_film_interaction,gatv2_graph_c_sprint8a_context_edge_film,gatv2,graph_c_context_observation,S5F2_energy,val,817,7822,,1,0.5885100364685059
sprint9_multiseed_S8A_R2_seed2024_S8A_R2_context_edge_film,S8A_R2_context_edge_film,graph_c_gatv2_context_edge_film_interaction,gatv2_graph_c_sprint8a_context_edge_film,gatv2,graph_c_context_observation,S5F2_energy,val,818,7822,,1,0.5766724348068237
sprint9_multiseed_S8A_R2_seed2024_S8A_R2_context_edge_film,S8A_R2_context_edge_film,graph_c_gatv2_context_edge_film_interaction,gatv2_graph_c_sprint8a_context_edge_film,gatv2,graph_c_context_observation,S5F2_energy,val,819,7822,,1,0.7069433331489563
sprint9_multiseed_S8A_R2_seed2024_S8A_R2_context_edge_film,S8A_R2_context_edge_film,graph_c_gatv2_context_edge_film_interaction,gatv2_graph_c_sprint8a_context_edge_film,gatv2,graph_c_context_observation,S5F2_energy,val,820,7822,,1,0.7162037491798401
sprint9_multiseed_S8A_R2_seed2024_S8A_R2_context_edge_film,S8A_R2_context_edge_film,graph_c_gatv2_context_edge_film_interaction,gatv2_graph_c_sprint8a_context_edge_film,gatv2,graph_c_context_observation,S5F2_energy,val,821,7822,,1,0.6391521692276001
sprint9_multiseed_S8A_R2_seed2024_S8A_R2_context_edge_film,S8A_R2_context_edge_film,graph_c_gatv2_context_edge_film_interaction,gatv2_graph_c_sprint8a_context_edge_film,gatv2,graph_c_context_observation,S5F2_energy,val,822,7822,,1,0.6457540988922119
sprint9_multiseed_S8A_R2_seed2024_S8A_R2_context_edge_film,S8A_R2_context_edge_film,graph_c_gatv2_context_edge_film_interaction,gatv2_graph_c_sprint8a_context_edge_film,gatv2,graph_c_context_observation,S5F2_energy,val,823,7822,,1,0.5965571403503418
sprint9_multiseed_S8A_R2_seed2024_S8A_R2_context_edge_film,S8A_R2_context_edge_film,graph_c_gatv2_context_edge_film_interaction,gatv2_graph_c_sprint8a_context_edge_film,gatv2,graph_c_context_observation,S5F2_energy,val,824,7822,,1,0.6266512274742126
sprint9_multiseed_S8A_R2_seed2024_S8A_R2_context_edge_film,S8A_R2_context_edge_film,graph_c_gatv2_context_edge_film_interaction,gatv2_graph_c_sprint8a_context_edge_film,gatv2,graph_c_context_observation,S5F2_energy,val,825,7822,,1,0.6524931192398071
sprint9_multiseed_S8A_R2_seed2024_S8A_R2_context_edge_film,S8A_R2_context_edge_film,graph_c_gatv2_context_edge_film_interaction,gatv2_graph_c_sprint8a_context_edge_film,gatv2,graph_c_context_observation,S5F2_energy,val,826,7822,,1,0.6401532292366028
sprint9_multiseed_S8A_R2_seed2024_S8A_R2_context_edge_film,S8A_R2_context_edge_film,graph_c_gatv2_context_edge_film_interaction,gatv2_graph_c_sprint8a_context_edge_film,gatv2,graph_c_context_observation,S5F2_energy,val,827,7822,,1,0.5947954058647156
sprint9_multiseed_S8A_R2_seed2024_S8A_R2_context_edge_film,S8A_R2_context_edge_film,graph_c_gatv2_context_edge_film_interaction,gatv2_graph_c_sprint8a_context_edge_film,gatv2,graph_c_context_observation,S5F2_energy,val,828,7822,,1,0.6428345441818237
sprint9_multiseed_S8A_R2_seed2024_S8A_R2_context_edge_film,S8A_R2_context_edge_film,graph_c_gatv2_context_edge_film_interaction,gatv2_graph_c_sprint8a_context_edge_film,gatv2,graph_c_context_observation,S5F2_energy,val,829,7822,,1,0.5409202575683594
sprint9_multiseed_S8A_R2_seed2024_S8A_R2_context_edge_film,S8A_R2_context_edge_film,graph_c_gatv2_context_edge_film_interaction,gatv2_graph_c_sprint8a_context_edge_film,gatv2,graph_c_context_observation,S5F2_energy,val,830,7822,,1,0.6219610571861267
sprint9_multiseed_S8A_R2_seed2024_S8A_R2_context_edge_film,S8A_R2_context_edge_film,graph_c_gatv2_context_edge_film_interaction,gatv2_graph_c_sprint8a_context_edge_film,gatv2,graph_c_context_observation,S5F2_energy,val,831,7822,,1,0.5843943953514099
sprint9_multiseed_S8A_R2_seed2024_S8A_R2_context_edge_film,S8A_R2_context_edge_film,graph_c_gatv2_context_edge_film_interaction,gatv2_graph_c_sprint8a_context_edge_film,gatv2,graph_c_context_observation,S5F2_energy,val,832,7822,,1,0.6390319466590881
sprint9_multiseed_S8A_R2_seed2024_S8A_R2_context_edge_film,S8A_R2_context_edge_film,graph_c_gatv2_context_edge_film_interaction,gatv2_graph_c_sprint8a_context_edge_film,gatv2,graph_c_context_observation,S5F2_energy,val,833,7822,,1,0.5767759084701538
sprint9_multiseed_S8A_R2_seed2024_S8A_R2_context_edge_film,S8A_R2_context_edge_film,graph_c_gatv2_context_edge_film_interaction,gatv2_graph_c_sprint8a_context_edge_film,gatv2,graph_c_context_observation,S5F2_energy,val,834,7822,,1,0.5870625376701355
sprint9_multiseed_S8A_R2_seed2024_S8A_R2_context_edge_film,S8A_R2_context_edge_film,graph_c_gatv2_context_edge_film_interaction,gatv2_graph_c_sprint8a_context_edge_film,gatv2,graph_c_context_observation,S5F2_energy,val,835,7822,,1,0.5892229676246643
sprint9_multiseed_S8A_R2_seed2024_S8A_R2_context_edge_film,S8A_R2_context_edge_film,graph_c_gatv2_context_edge_film_interaction,gatv2_graph_c_sprint8a_context_edge_film,gatv2,graph_c_context_observation,S5F2_energy,val,836,7822,,1,0.5537305474281311
sprint9_multiseed_S8A_R2_seed2024_S8A_R2_context_edge_film,S8A_R2_context_edge_film,graph_c_gatv2_context_edge_film_interaction,gatv2_graph_c_sprint8a_context_edge_film,gatv2,graph_c_context_observation,S5F2_energy,val,837,7822,,1,0.5959500074386597
sprint9_multiseed_S8A_R2_seed2024_S8A_R2_context_edge_film,S8A_R2_context_edge_film,graph_c_gatv2_context_edge_film_interaction,gatv2_graph_c_sprint8a_context_edge_film,gatv2,graph_c_context_observation,S5F2_energy,val,838,7822,,1,0.5505339503288269
sprint9_multiseed_S8A_R2_seed2024_S8A_R2_context_edge_film,S8A_R2_context_edge_film,graph_c_gatv2_context_edge_film_interaction,gatv2_graph_c_sprint8a_context_edge_film,gatv2,graph_c_context_observation,S5F2_energy,val,839,7822,,1,0.641395628452301
sprint9_multiseed_S8A_R2_seed2024_S8A_R2_context_edge_film,S8A_R2_context_edge_film,graph_c_gatv2_context_edge_film_interaction,gatv2_graph_c_sprint8a_context_edge_film,gatv2,graph_c_context_observation,S5F2_energy,val,840,7822,,1,0.6125904321670532
sprint9_multiseed_S8A_R2_seed2024_S8A_R2_context_edge_film,S8A_R2_context_edge_film,graph_c_gatv2_context_edge_film_interaction,gatv2_graph_c_sprint8a_context_edge_film,gatv2,graph_c_context_observation,S5F2_energy,val,841,7822,,1,0.6148256659507751
sprint9_multiseed_S8A_R2_seed2024_S8A_R2_context_edge_film,S8A_R2_context_edge_film,graph_c_gatv2_context_edge_film_interaction,gatv2_graph_c_sprint8a_context_edge_film,gatv2,graph_c_context_observation,S5F2_energy,val,842,7822,,1,0.6554979681968689
sprint9_multiseed_S8A_R2_seed2024_S8A_R2_context_edge_film,S8A_R2_context_edge_film,graph_c_gatv2_context_edge_film_interaction,gatv2_graph_c_sprint8a_context_edge_film,gatv2,graph_c_context_observation,S5F2_energy,val,843,7822,,1,0.618990421295166
sprint9_multiseed_S8A_R2_seed2024_S8A_R2_context_edge_film,S8A_R2_context_edge_film,graph_c_gatv2_context_edge_film_interaction,gatv2_graph_c_sprint8a_context_edge_film,gatv2,graph_c_context_observation,S5F2_energy,val,844,7822,,1,0.7108308672904968
sprint9_multiseed_S8A_R2_seed2024_S8A_R2_context_edge_film,S8A_R2_context_edge_film,graph_c_gatv2_context_edge_film_interaction,gatv2_graph_c_sprint8a_context_edge_film,gatv2,graph_c_context_observation,S5F2_energy,val,845,7822,,1,0.6339893341064453
sprint9_multiseed_S8A_R2_seed2024_S8A_R2_context_edge_film,S8A_R2_context_edge_film,graph_c_gatv2_context_edge_film_interaction,gatv2_graph_c_sprint8a_context_edge_film,gatv2,graph_c_context_observation,S5F2_energy,val,846,7822,,1,0.5220654010772705
sprint9_multiseed_S8A_R2_seed2024_S8A_R2_context_edge_film,S8A_R2_context_edge_film,graph_c_gatv2_context_edge_film_interaction,gatv2_graph_c_sprint8a_context_edge_film,gatv2,graph_c_context_observation,S5F2_energy,val,847,7822,,1,0.5700013041496277
sprint9_multiseed_S8A_R2_seed2024_S8A_R2_context_edge_film,S8A_R2_context_edge_film,graph_c_gatv2_context_edge_film_interaction,gatv2_graph_c_sprint8a_context_edge_film,gatv2,graph_c_context_observation,S5F2_energy,val,848,7822,,1,0.4725218117237091
sprint9_multiseed_S8A_R2_seed2024_S8A_R2_context_edge_film,S8A_R2_context_edge_film,graph_c_gatv2_context_edge_film_interaction,gatv2_graph_c_sprint8a_context_edge_film,gatv2,graph_c_context_observation,S5F2_energy,val,849,7822,,1,0.5371471047401428
sprint9_multiseed_S8A_R2_seed2024_S8A_R2_context_edge_film,S8A_R2_context_edge_film,graph_c_gatv2_context_edge_film_interaction,gatv2_graph_c_sprint8a_context_edge_film,gatv2,graph_c_context_observation,S5F2_energy,val,850,7822,,1,0.5287150740623474
sprint9_multiseed_S8A_R2_seed2024_S8A_R2_context_edge_film,S8A_R2_context_edge_film,graph_c_gatv2_context_edge_film_interaction,gatv2_graph_c_sprint8a_context_edge_film,gatv2,graph_c_context_observation,S5F2_energy,val,851,7822,,1,0.5346375703811646
sprint9_multiseed_S8A_R2_seed2024_S8A_R2_context_edge_film,S8A_R2_context_edge_film,graph_c_gatv2_context_edge_film_interaction,gatv2_graph_c_sprint8a_context_edge_film,gatv2,graph_c_context_observation,S5F2_energy,val,852,7822,,1,0.6525537967681885
sprint9_multiseed_S8A_R2_seed2024_S8A_R2_context_edge_film,S8A_R2_context_edge_film,graph_c_gatv2_context_edge_film_interaction,gatv2_graph_c_sprint8a_context_edge_film,gatv2,graph_c_context_observation,S5F2_energy,val,853,7822,,1,0.5693163871765137
sprint9_multiseed_S8A_R2_seed2024_S8A_R2_context_edge_film,S8A_R2_context_edge_film,graph_c_gatv2_context_edge_film_interaction,gatv2_graph_c_sprint8a_context_edge_film,gatv2,graph_c_context_observation,S5F2_energy,val,854,7822,,1,0.568259060382843
sprint9_multiseed_S8A_R2_seed2024_S8A_R2_context_edge_film,S8A_R2_context_edge_film,graph_c_gatv2_context_edge_film_interaction,gatv2_graph_c_sprint8a_context_edge_film,gatv2,graph_c_context_observation,S5F2_energy,val,855,7822,,1,0.5876380801200867
sprint9_multiseed_S8A_R2_seed2024_S8A_R2_context_edge_film,S8A_R2_context_edge_film,graph_c_gatv2_context_edge_film_interaction,gatv2_graph_c_sprint8a_context_edge_film,gatv2,graph_c_context_observation,S5F2_energy,val,856,7822,,1,0.6464406251907349
sprint9_multiseed_S8A_R2_seed2024_S8A_R2_context_edge_film,S8A_R2_context_edge_film,graph_c_gatv2_context_edge_film_interaction,gatv2_graph_c_sprint8a_context_edge_film,gatv2,graph_c_context_observation,S5F2_energy,val,857,7822,,1,0.5358023047447205
sprint9_multiseed_S8A_R2_seed2024_S8A_R2_context_edge_film,S8A_R2_context_edge_film,graph_c_gatv2_context_edge_film_interaction,gatv2_graph_c_sprint8a_context_edge_film,gatv2,graph_c_context_observation,S5F2_energy,val,858,7822,,1,0.6138777732849121
sprint9_multiseed_S8A_R2_seed2024_S8A_R2_context_edge_film,S8A_R2_context_edge_film,graph_c_gatv2_context_edge_film_interaction,gatv2_graph_c_sprint8a_context_edge_film,gatv2,graph_c_context_observation,S5F2_energy,val,859,7822,,1,0.6119762063026428
sprint9_multiseed_S8A_R2_seed2024_S8A_R2_context_edge_film,S8A_R2_context_edge_film,graph_c_gatv2_context_edge_film_interaction,gatv2_graph_c_sprint8a_context_edge_film,gatv2,graph_c_context_observation,S5F2_energy,val,860,7822,,1,0.49349141120910645
sprint9_multiseed_S8A_R2_seed2024_S8A_R2_context_edge_film,S8A_R2_context_edge_film,graph_c_gatv2_context_edge_film_interaction,gatv2_graph_c_sprint8a_context_edge_film,gatv2,graph_c_context_observation,S5F2_energy,val,861,7822,,1,0.5955957770347595
sprint9_multiseed_S8A_R2_seed2024_S8A_R2_context_edge_film,S8A_R2_context_edge_film,graph_c_gatv2_context_edge_film_interaction,gatv2_graph_c_sprint8a_context_edge_film,gatv2,graph_c_context_observation,S5F2_energy,val,862,7822,,1,0.5864923596382141
sprint9_multiseed_S8A_R2_seed2024_S8A_R2_context_edge_film,S8A_R2_context_edge_film,graph_c_gatv2_context_edge_film_interaction,gatv2_graph_c_sprint8a_context_edge_film,gatv2,graph_c_context_observation,S5F2_energy,val,863,7822,,1,0.5052194595336914
sprint9_multiseed_S8A_R2_seed2024_S8A_R2_context_edge_film,S8A_R2_context_edge_film,graph_c_gatv2_context_edge_film_interaction,gatv2_graph_c_sprint8a_context_edge_film,gatv2,graph_c_context_observation,S5F2_energy,val,864,7822,,1,0.593995988368988
sprint9_multiseed_S8A_R2_seed2024_S8A_R2_context_edge_film,S8A_R2_context_edge_film,graph_c_gatv2_context_edge_film_interaction,gatv2_graph_c_sprint8a_context_edge_film,gatv2,graph_c_context_observation,S5F2_energy,val,865,7822,,1,0.5951744318008423
sprint9_multiseed_S8A_R2_seed2024_S8A_R2_context_edge_film,S8A_R2_context_edge_film,graph_c_gatv2_context_edge_film_interaction,gatv2_graph_c_sprint8a_context_edge_film,gatv2,graph_c_context_observation,S5F2_energy,val,866,7822,,1,0.6070501804351807
sprint9_multiseed_S8A_R2_seed2024_S8A_R2_context_edge_film,S8A_R2_context_edge_film,graph_c_gatv2_context_edge_film_interaction,gatv2_graph_c_sprint8a_context_edge_film,gatv2,graph_c_context_observation,S5F2_energy,val,867,7822,,1,0.5675832629203796
sprint9_multiseed_S8A_R2_seed2024_S8A_R2_context_edge_film,S8A_R2_context_edge_film,graph_c_gatv2_context_edge_film_interaction,gatv2_graph_c_sprint8a_context_edge_film,gatv2,graph_c_context_observation,S5F2_energy,val,868,7822,,1,0.6269049644470215
sprint9_multiseed_S8A_R2_seed2024_S8A_R2_context_edge_film,S8A_R2_context_edge_film,graph_c_gatv2_context_edge_film_interaction,gatv2_graph_c_sprint8a_context_edge_film,gatv2,graph_c_context_observation,S5F2_energy,val,869,7822,,1,0.6777595281600952
sprint9_multiseed_S8A_R2_seed2024_S8A_R2_context_edge_film,S8A_R2_context_edge_film,graph_c_gatv2_context_edge_film_interaction,gatv2_graph_c_sprint8a_context_edge_film,gatv2,graph_c_context_observation,S5F2_energy,val,870,7822,,1,0.5744524598121643
sprint9_multiseed_S8A_R2_seed2024_S8A_R2_context_edge_film,S8A_R2_context_edge_film,graph_c_gatv2_context_edge_film_interaction,gatv2_graph_c_sprint8a_context_edge_film,gatv2,graph_c_context_observation,S5F2_energy,val,871,7822,,1,0.5565129518508911
sprint9_multiseed_S8A_R2_seed2024_S8A_R2_context_edge_film,S8A_R2_context_edge_film,graph_c_gatv2_context_edge_film_interaction,gatv2_graph_c_sprint8a_context_edge_film,gatv2,graph_c_context_observation,S5F2_energy,val,872,7822,,1,0.5638792514801025
sprint9_multiseed_S8A_R2_seed2024_S8A_R2_context_edge_film,S8A_R2_context_edge_film,graph_c_gatv2_context_edge_film_interaction,gatv2_graph_c_sprint8a_context_edge_film,gatv2,graph_c_context_observation,S5F2_energy,val,873,7822,,1,0.5008066296577454
sprint9_multiseed_S8A_R2_seed2024_S8A_R2_context_edge_film,S8A_R2_context_edge_film,graph_c_gatv2_context_edge_film_interaction,gatv2_graph_c_sprint8a_context_edge_film,gatv2,graph_c_context_observation,S5F2_energy,val,874,7822,,1,0.5713242292404175
sprint9_multiseed_S8A_R2_seed2024_S8A_R2_context_edge_film,S8A_R2_context_edge_film,graph_c_gatv2_context_edge_film_interaction,gatv2_graph_c_sprint8a_context_edge_film,gatv2,graph_c_context_observation,S5F2_energy,val,875,7822,,1,0.5529420375823975
sprint9_multiseed_S8A_R2_seed2024_S8A_R2_context_edge_film,S8A_R2_context_edge_film,graph_c_gatv2_context_edge_film_interaction,gatv2_graph_c_sprint8a_context_edge_film,gatv2,graph_c_context_observation,S5F2_energy,val,876,7822,,1,0.5144650340080261
sprint9_multiseed_S8A_R2_seed2024_S8A_R2_context_edge_film,S8A_R2_context_edge_film,graph_c_gatv2_context_edge_film_interaction,gatv2_graph_c_sprint8a_context_edge_film,gatv2,graph_c_context_observation,S5F2_energy,val,877,7822,,1,0.556573748588562
sprint9_multiseed_S8A_R2_seed2024_S8A_R2_context_edge_film,S8A_R2_context_edge_film,graph_c_gatv2_context_edge_film_interaction,gatv2_graph_c_sprint8a_context_edge_film,gatv2,graph_c_context_observation,S5F2_energy,val,878,7822,,1,0.66330885887146
sprint9_multiseed_S8A_R2_seed2024_S8A_R2_context_edge_film,S8A_R2_context_edge_film,graph_c_gatv2_context_edge_film_interaction,gatv2_graph_c_sprint8a_context_edge_film,gatv2,graph_c_context_observation,S5F2_energy,val,879,7822,,1,0.4942660927772522
sprint9_multiseed_S8A_R2_seed2024_S8A_R2_context_edge_film,S8A_R2_context_edge_film,graph_c_gatv2_context_edge_film_interaction,gatv2_graph_c_sprint8a_context_edge_film,gatv2,graph_c_context_observation,S5F2_energy,val,880,7822,,1,0.5613936185836792
sprint9_multiseed_S8A_R2_seed2024_S8A_R2_context_edge_film,S8A_R2_context_edge_film,graph_c_gatv2_context_edge_film_interaction,gatv2_graph_c_sprint8a_context_edge_film,gatv2,graph_c_context_observation,S5F2_energy,val,881,7822,,1,0.5969290137290955
sprint9_multiseed_S8A_R2_seed2024_S8A_R2_context_edge_film,S8A_R2_context_edge_film,graph_c_gatv2_context_edge_film_interaction,gatv2_graph_c_sprint8a_context_edge_film,gatv2,graph_c_context_observation,S5F2_energy,val,882,7822,,1,0.5768003463745117
sprint9_multiseed_S8A_R2_seed2024_S8A_R2_context_edge_film,S8A_R2_context_edge_film,graph_c_gatv2_context_edge_film_interaction,gatv2_graph_c_sprint8a_context_edge_film,gatv2,graph_c_context_observation,S5F2_energy,val,883,7822,,1,0.5763863921165466
sprint9_multiseed_S8A_R2_seed2024_S8A_R2_context_edge_film,S8A_R2_context_edge_film,graph_c_gatv2_context_edge_film_interaction,gatv2_graph_c_sprint8a_context_edge_film,gatv2,graph_c_context_observation,S5F2_energy,val,884,7822,,1,0.45683255791664124
sprint9_multiseed_S8A_R2_seed2024_S8A_R2_context_edge_film,S8A_R2_context_edge_film,graph_c_gatv2_context_edge_film_interaction,gatv2_graph_c_sprint8a_context_edge_film,gatv2,graph_c_context_observation,S5F2_energy,val,885,7822,,1,0.5120158791542053
sprint9_multiseed_S8A_R2_seed2024_S8A_R2_context_edge_film,S8A_R2_context_edge_film,graph_c_gatv2_context_edge_film_interaction,gatv2_graph_c_sprint8a_context_edge_film,gatv2,graph_c_context_observation,S5F2_energy,val,886,7822,,1,0.5864978432655334
sprint9_multiseed_S8A_R2_seed2024_S8A_R2_context_edge_film,S8A_R2_context_edge_film,graph_c_gatv2_context_edge_film_interaction,gatv2_graph_c_sprint8a_context_edge_film,gatv2,graph_c_context_observation,S5F2_energy,val,887,7822,,1,0.51108318567276
sprint9_multiseed_S8A_R2_seed2024_S8A_R2_context_edge_film,S8A_R2_context_edge_film,graph_c_gatv2_context_edge_film_interaction,gatv2_graph_c_sprint8a_context_edge_film,gatv2,graph_c_context_observation,S5F2_energy,val,888,7822,,1,0.5113170742988586
sprint9_multiseed_S8A_R2_seed2024_S8A_R2_context_edge_film,S8A_R2_context_edge_film,graph_c_gatv2_context_edge_film_interaction,gatv2_graph_c_sprint8a_context_edge_film,gatv2,graph_c_context_observation,S5F2_energy,val,889,7822,,1,0.35389697551727295
sprint9_multiseed_S8A_R2_seed2024_S8A_R2_context_edge_film,S8A_R2_context_edge_film,graph_c_gatv2_context_edge_film_interaction,gatv2_graph_c_sprint8a_context_edge_film,gatv2,graph_c_context_observation,S5F2_energy,val,890,7822,,1,0.6734104752540588
sprint9_multiseed_S8A_R2_seed2024_S8A_R2_context_edge_film,S8A_R2_context_edge_film,graph_c_gatv2_context_edge_film_interaction,gatv2_graph_c_sprint8a_context_edge_film,gatv2,graph_c_context_observation,S5F2_energy,val,891,7822,,1,0.586798906326294
sprint9_multiseed_S8A_R2_seed2024_S8A_R2_context_edge_film,S8A_R2_context_edge_film,graph_c_gatv2_context_edge_film_interaction,gatv2_graph_c_sprint8a_context_edge_film,gatv2,graph_c_context_observation,S5F2_energy,val,892,7822,,1,0.61891108751297
sprint9_multiseed_S8A_R2_seed2024_S8A_R2_context_edge_film,S8A_R2_context_edge_film,graph_c_gatv2_context_edge_film_interaction,gatv2_graph_c_sprint8a_context_edge_film,gatv2,graph_c_context_observation,S5F2_energy,val,893,7822,,1,0.5834941864013672
sprint9_multiseed_S8A_R2_seed2024_S8A_R2_context_edge_film,S8A_R2_context_edge_film,graph_c_gatv2_context_edge_film_interaction,gatv2_graph_c_sprint8a_context_edge_film,gatv2,graph_c_context_observation,S5F2_energy,val,894,7822,,1,0.6468077301979065
sprint9_multiseed_S8A_R2_seed2024_S8A_R2_context_edge_film,S8A_R2_context_edge_film,graph_c_gatv2_context_edge_film_interaction,gatv2_graph_c_sprint8a_context_edge_film,gatv2,graph_c_context_observation,S5F2_energy,val,895,7822,,1,0.5846906900405884
sprint9_multiseed_S8A_R2_seed2024_S8A_R2_context_edge_film,S8A_R2_context_edge_film,graph_c_gatv2_context_edge_film_interaction,gatv2_graph_c_sprint8a_context_edge_film,gatv2,graph_c_context_observation,S5F2_energy,val,896,7822,,1,0.37662333250045776
sprint9_multiseed_S8A_R2_seed2024_S8A_R2_context_edge_film,S8A_R2_context_edge_film,graph_c_gatv2_context_edge_film_interaction,gatv2_graph_c_sprint8a_context_edge_film,gatv2,graph_c_context_observation,S5F2_energy,val,897,7822,,1,0.5006263256072998
sprint9_multiseed_S8A_R2_seed2024_S8A_R2_context_edge_film,S8A_R2_context_edge_film,graph_c_gatv2_context_edge_film_interaction,gatv2_graph_c_sprint8a_context_edge_film,gatv2,graph_c_context_observation,S5F2_energy,val,898,7822,,1,0.5497941374778748
sprint9_multiseed_S8A_R2_seed2024_S8A_R2_context_edge_film,S8A_R2_context_edge_film,graph_c_gatv2_context_edge_film_interaction,gatv2_graph_c_sprint8a_context_edge_film,gatv2,graph_c_context_observation,S5F2_energy,val,899,7822,,1,0.6259341835975647
sprint9_multiseed_S8A_R2_seed2024_S8A_R2_context_edge_film,S8A_R2_context_edge_film,graph_c_gatv2_context_edge_film_interaction,gatv2_graph_c_sprint8a_context_edge_film,gatv2,graph_c_context_observation,S5F2_energy,val,900,7822,,1,0.5416843295097351
sprint9_multiseed_S8A_R2_seed2024_S8A_R2_context_edge_film,S8A_R2_context_edge_film,graph_c_gatv2_context_edge_film_interaction,gatv2_graph_c_sprint8a_context_edge_film,gatv2,graph_c_context_observation,S5F2_energy,val,901,7822,,1,0.6455919742584229
sprint9_multiseed_S8A_R2_seed2024_S8A_R2_context_edge_film,S8A_R2_context_edge_film,graph_c_gatv2_context_edge_film_interaction,gatv2_graph_c_sprint8a_context_edge_film,gatv2,graph_c_context_observation,S5F2_energy,val,902,7822,,1,0.57979416847229
sprint9_multiseed_S8A_R2_seed2024_S8A_R2_context_edge_film,S8A_R2_context_edge_film,graph_c_gatv2_context_edge_film_interaction,gatv2_graph_c_sprint8a_context_edge_film,gatv2,graph_c_context_observation,S5F2_energy,val,903,7822,,1,0.6048976182937622
sprint9_multiseed_S8A_R2_seed2024_S8A_R2_context_edge_film,S8A_R2_context_edge_film,graph_c_gatv2_context_edge_film_interaction,gatv2_graph_c_sprint8a_context_edge_film,gatv2,graph_c_context_observation,S5F2_energy,val,904,7822,,1,0.6986655592918396
sprint9_multiseed_S8A_R2_seed2024_S8A_R2_context_edge_film,S8A_R2_context_edge_film,graph_c_gatv2_context_edge_film_interaction,gatv2_graph_c_sprint8a_context_edge_film,gatv2,graph_c_context_observation,S5F2_energy,val,905,7822,,1,0.6403775215148926
sprint9_multiseed_S8A_R2_seed2024_S8A_R2_context_edge_film,S8A_R2_context_edge_film,graph_c_gatv2_context_edge_film_interaction,gatv2_graph_c_sprint8a_context_edge_film,gatv2,graph_c_context_observation,S5F2_energy,val,906,7822,,1,0.4431164860725403
sprint9_multiseed_S8A_R2_seed2024_S8A_R2_context_edge_film,S8A_R2_context_edge_film,graph_c_gatv2_context_edge_film_interaction,gatv2_graph_c_sprint8a_context_edge_film,gatv2,graph_c_context_observation,S5F2_energy,val,907,7822,,1,0.646767258644104
sprint9_multiseed_S8A_R2_seed2024_S8A_R2_context_edge_film,S8A_R2_context_edge_film,graph_c_gatv2_context_edge_film_interaction,gatv2_graph_c_sprint8a_context_edge_film,gatv2,graph_c_context_observation,S5F2_energy,val,908,7822,,1,0.5627513527870178
sprint9_multiseed_S8A_R2_seed2024_S8A_R2_context_edge_film,S8A_R2_context_edge_film,graph_c_gatv2_context_edge_film_interaction,gatv2_graph_c_sprint8a_context_edge_film,gatv2,graph_c_context_observation,S5F2_energy,val,909,7822,,1,0.665401041507721
sprint9_multiseed_S8A_R2_seed2024_S8A_R2_context_edge_film,S8A_R2_context_edge_film,graph_c_gatv2_context_edge_film_interaction,gatv2_graph_c_sprint8a_context_edge_film,gatv2,graph_c_context_observation,S5F2_energy,val,910,7822,,1,0.6016750931739807
sprint9_multiseed_S8A_R2_seed2024_S8A_R2_context_edge_film,S8A_R2_context_edge_film,graph_c_gatv2_context_edge_film_interaction,gatv2_graph_c_sprint8a_context_edge_film,gatv2,graph_c_context_observation,S5F2_energy,val,911,7822,,1,0.5096079111099243
sprint9_multiseed_S8A_R2_seed2024_S8A_R2_context_edge_film,S8A_R2_context_edge_film,graph_c_gatv2_context_edge_film_interaction,gatv2_graph_c_sprint8a_context_edge_film,gatv2,graph_c_context_observation,S5F2_energy,val,912,7822,,1,0.5509172677993774
sprint9_multiseed_S8A_R2_seed2024_S8A_R2_context_edge_film,S8A_R2_context_edge_film,graph_c_gatv2_context_edge_film_interaction,gatv2_graph_c_sprint8a_context_edge_film,gatv2,graph_c_context_observation,S5F2_energy,val,913,7822,,1,0.6717466115951538
sprint9_multiseed_S8A_R2_seed2024_S8A_R2_context_edge_film,S8A_R2_context_edge_film,graph_c_gatv2_context_edge_film_interaction,gatv2_graph_c_sprint8a_context_edge_film,gatv2,graph_c_context_observation,S5F2_energy,val,914,7822,,1,0.5833950042724609
sprint9_multiseed_S8A_R2_seed2024_S8A_R2_context_edge_film,S8A_R2_context_edge_film,graph_c_gatv2_context_edge_film_interaction,gatv2_graph_c_sprint8a_context_edge_film,gatv2,graph_c_context_observation,S5F2_energy,val,915,7822,,1,0.585165798664093
sprint9_multiseed_S8A_R2_seed2024_S8A_R2_context_edge_film,S8A_R2_context_edge_film,graph_c_gatv2_context_edge_film_interaction,gatv2_graph_c_sprint8a_context_edge_film,gatv2,graph_c_context_observation,S5F2_energy,val,916,7822,,1,0.5580264925956726
sprint9_multiseed_S8A_R2_seed2024_S8A_R2_context_edge_film,S8A_R2_context_edge_film,graph_c_gatv2_context_edge_film_interaction,gatv2_graph_c_sprint8a_context_edge_film,gatv2,graph_c_context_observation,S5F2_energy,val,917,7822,,1,0.6016653776168823
sprint9_multiseed_S8A_R2_seed2024_S8A_R2_context_edge_film,S8A_R2_context_edge_film,graph_c_gatv2_context_edge_film_interaction,gatv2_graph_c_sprint8a_context_edge_film,gatv2,graph_c_context_observation,S5F2_energy,val,918,7822,,1,0.5207973122596741
sprint9_multiseed_S8A_R2_seed2024_S8A_R2_context_edge_film,S8A_R2_context_edge_film,graph_c_gatv2_context_edge_film_interaction,gatv2_graph_c_sprint8a_context_edge_film,gatv2,graph_c_context_observation,S5F2_energy,val,919,7822,,1,0.5504608154296875
sprint9_multiseed_S8A_R2_seed2024_S8A_R2_context_edge_film,S8A_R2_context_edge_film,graph_c_gatv2_context_edge_film_interaction,gatv2_graph_c_sprint8a_context_edge_film,gatv2,graph_c_context_observation,S5F2_energy,val,920,7822,,1,0.5780958533287048
sprint9_multiseed_S8A_R2_seed2024_S8A_R2_context_edge_film,S8A_R2_context_edge_film,graph_c_gatv2_context_edge_film_interaction,gatv2_graph_c_sprint8a_context_edge_film,gatv2,graph_c_context_observation,S5F2_energy,val,921,7822,,1,0.61226487159729
sprint9_multiseed_S8A_R2_seed2024_S8A_R2_context_edge_film,S8A_R2_context_edge_film,graph_c_gatv2_context_edge_film_interaction,gatv2_graph_c_sprint8a_context_edge_film,gatv2,graph_c_context_observation,S5F2_energy,val,922,7822,,1,0.5629681348800659
sprint9_multiseed_S8A_R2_seed2024_S8A_R2_context_edge_film,S8A_R2_context_edge_film,graph_c_gatv2_context_edge_film_interaction,gatv2_graph_c_sprint8a_context_edge_film,gatv2,graph_c_context_observation,S5F2_energy,val,923,7822,,1,0.5691128969192505
sprint9_multiseed_S8A_R2_seed2024_S8A_R2_context_edge_film,S8A_R2_context_edge_film,graph_c_gatv2_context_edge_film_interaction,gatv2_graph_c_sprint8a_context_edge_film,gatv2,graph_c_context_observation,S5F2_energy,val,924,7822,,1,0.5297501087188721
sprint9_multiseed_S8A_R2_seed2024_S8A_R2_context_edge_film,S8A_R2_context_edge_film,graph_c_gatv2_context_edge_film_interaction,gatv2_graph_c_sprint8a_context_edge_film,gatv2,graph_c_context_observation,S5F2_energy,val,925,7822,,1,0.5251428484916687
sprint9_multiseed_S8A_R2_seed2024_S8A_R2_context_edge_film,S8A_R2_context_edge_film,graph_c_gatv2_context_edge_film_interaction,gatv2_graph_c_sprint8a_context_edge_film,gatv2,graph_c_context_observation,S5F2_energy,val,926,7822,,1,0.6328020095825195
sprint9_multiseed_S8A_R2_seed2024_S8A_R2_context_edge_film,S8A_R2_context_edge_film,graph_c_gatv2_context_edge_film_interaction,gatv2_graph_c_sprint8a_context_edge_film,gatv2,graph_c_context_observation,S5F2_energy,val,927,7822,,1,0.580217719078064
sprint9_multiseed_S8A_R2_seed2024_S8A_R2_context_edge_film,S8A_R2_context_edge_film,graph_c_gatv2_context_edge_film_interaction,gatv2_graph_c_sprint8a_context_edge_film,gatv2,graph_c_context_observation,S5F2_energy,val,928,7822,,1,0.6462312936782837
sprint9_multiseed_S8A_R2_seed2024_S8A_R2_context_edge_film,S8A_R2_context_edge_film,graph_c_gatv2_context_edge_film_interaction,gatv2_graph_c_sprint8a_context_edge_film,gatv2,graph_c_context_observation,S5F2_energy,val,929,7822,,1,0.5480026602745056
sprint9_multiseed_S8A_R2_seed2024_S8A_R2_context_edge_film,S8A_R2_context_edge_film,graph_c_gatv2_context_edge_film_interaction,gatv2_graph_c_sprint8a_context_edge_film,gatv2,graph_c_context_observation,S5F2_energy,val,930,7822,,1,0.5817781686782837
sprint9_multiseed_S8A_R2_seed2024_S8A_R2_context_edge_film,S8A_R2_context_edge_film,graph_c_gatv2_context_edge_film_interaction,gatv2_graph_c_sprint8a_context_edge_film,gatv2,graph_c_context_observation,S5F2_energy,val,931,7822,,1,0.6598476767539978
sprint9_multiseed_S8A_R2_seed2024_S8A_R2_context_edge_film,S8A_R2_context_edge_film,graph_c_gatv2_context_edge_film_interaction,gatv2_graph_c_sprint8a_context_edge_film,gatv2,graph_c_context_observation,S5F2_energy,val,932,7822,,1,0.4722965359687805
sprint9_multiseed_S8A_R2_seed2024_S8A_R2_context_edge_film,S8A_R2_context_edge_film,graph_c_gatv2_context_edge_film_interaction,gatv2_graph_c_sprint8a_context_edge_film,gatv2,graph_c_context_observation,S5F2_energy,val,933,7822,,1,0.5499762296676636
sprint9_multiseed_S8A_R2_seed2024_S8A_R2_context_edge_film,S8A_R2_context_edge_film,graph_c_gatv2_context_edge_film_interaction,gatv2_graph_c_sprint8a_context_edge_film,gatv2,graph_c_context_observation,S5F2_energy,val,934,7822,,1,0.572159469127655
sprint9_multiseed_S8A_R2_seed2024_S8A_R2_context_edge_film,S8A_R2_context_edge_film,graph_c_gatv2_context_edge_film_interaction,gatv2_graph_c_sprint8a_context_edge_film,gatv2,graph_c_context_observation,S5F2_energy,val,935,7822,,1,0.5397622585296631
sprint9_multiseed_S8A_R2_seed2024_S8A_R2_context_edge_film,S8A_R2_context_edge_film,graph_c_gatv2_context_edge_film_interaction,gatv2_graph_c_sprint8a_context_edge_film,gatv2,graph_c_context_observation,S5F2_energy,val,936,7822,,1,0.6052926182746887
sprint9_multiseed_S8A_R2_seed2024_S8A_R2_context_edge_film,S8A_R2_context_edge_film,graph_c_gatv2_context_edge_film_interaction,gatv2_graph_c_sprint8a_context_edge_film,gatv2,graph_c_context_observation,S5F2_energy,val,937,7822,,1,0.5802928805351257
sprint9_multiseed_S8A_R2_seed2024_S8A_R2_context_edge_film,S8A_R2_context_edge_film,graph_c_gatv2_context_edge_film_interaction,gatv2_graph_c_sprint8a_context_edge_film,gatv2,graph_c_context_observation,S5F2_energy,val,938,7822,,1,0.6380661129951477
sprint9_multiseed_S8A_R2_seed2024_S8A_R2_context_edge_film,S8A_R2_context_edge_film,graph_c_gatv2_context_edge_film_interaction,gatv2_graph_c_sprint8a_context_edge_film,gatv2,graph_c_context_observation,S5F2_energy,val,939,7822,,1,0.5869631171226501
sprint9_multiseed_S8A_R2_seed2024_S8A_R2_context_edge_film,S8A_R2_context_edge_film,graph_c_gatv2_context_edge_film_interaction,gatv2_graph_c_sprint8a_context_edge_film,gatv2,graph_c_context_observation,S5F2_energy,val,940,7822,,1,0.49434781074523926
sprint9_multiseed_S8A_R2_seed2024_S8A_R2_context_edge_film,S8A_R2_context_edge_film,graph_c_gatv2_context_edge_film_interaction,gatv2_graph_c_sprint8a_context_edge_film,gatv2,graph_c_context_observation,S5F2_energy,val,941,7822,,1,0.5503408908843994
sprint9_multiseed_S8A_R2_seed2024_S8A_R2_context_edge_film,S8A_R2_context_edge_film,graph_c_gatv2_context_edge_film_interaction,gatv2_graph_c_sprint8a_context_edge_film,gatv2,graph_c_context_observation,S5F2_energy,val,942,7822,,1,0.5865909457206726
sprint9_multiseed_S8A_R2_seed2024_S8A_R2_context_edge_film,S8A_R2_context_edge_film,graph_c_gatv2_context_edge_film_interaction,gatv2_graph_c_sprint8a_context_edge_film,gatv2,graph_c_context_observation,S5F2_energy,val,943,7822,,1,0.7239315509796143
sprint9_multiseed_S8A_R2_seed2024_S8A_R2_context_edge_film,S8A_R2_context_edge_film,graph_c_gatv2_context_edge_film_interaction,gatv2_graph_c_sprint8a_context_edge_film,gatv2,graph_c_context_observation,S5F2_energy,val,944,7822,,1,0.6165366172790527
sprint9_multiseed_S8A_R2_seed2024_S8A_R2_context_edge_film,S8A_R2_context_edge_film,graph_c_gatv2_context_edge_film_interaction,gatv2_graph_c_sprint8a_context_edge_film,gatv2,graph_c_context_observation,S5F2_energy,val,945,7822,,1,0.5016108751296997
sprint9_multiseed_S8A_R2_seed2024_S8A_R2_context_edge_film,S8A_R2_context_edge_film,graph_c_gatv2_context_edge_film_interaction,gatv2_graph_c_sprint8a_context_edge_film,gatv2,graph_c_context_observation,S5F2_energy,val,946,7822,,1,0.5941658616065979
sprint9_multiseed_S8A_R2_seed2024_S8A_R2_context_edge_film,S8A_R2_context_edge_film,graph_c_gatv2_context_edge_film_interaction,gatv2_graph_c_sprint8a_context_edge_film,gatv2,graph_c_context_observation,S5F2_energy,val,947,7822,,1,0.6474220752716064
sprint9_multiseed_S8A_R2_seed2024_S8A_R2_context_edge_film,S8A_R2_context_edge_film,graph_c_gatv2_context_edge_film_interaction,gatv2_graph_c_sprint8a_context_edge_film,gatv2,graph_c_context_observation,S5F2_energy,val,948,7822,,1,0.5060498118400574
sprint9_multiseed_S8A_R2_seed2024_S8A_R2_context_edge_film,S8A_R2_context_edge_film,graph_c_gatv2_context_edge_film_interaction,gatv2_graph_c_sprint8a_context_edge_film,gatv2,graph_c_context_observation,S5F2_energy,val,949,7822,,1,0.5845515131950378
sprint9_multiseed_S8A_R2_seed2024_S8A_R2_context_edge_film,S8A_R2_context_edge_film,graph_c_gatv2_context_edge_film_interaction,gatv2_graph_c_sprint8a_context_edge_film,gatv2,graph_c_context_observation,S5F2_energy,val,950,7822,,1,0.6345419883728027
sprint9_multiseed_S8A_R2_seed2024_S8A_R2_context_edge_film,S8A_R2_context_edge_film,graph_c_gatv2_context_edge_film_interaction,gatv2_graph_c_sprint8a_context_edge_film,gatv2,graph_c_context_observation,S5F2_energy,val,951,7822,,1,0.49777111411094666
sprint9_multiseed_S8A_R2_seed2024_S8A_R2_context_edge_film,S8A_R2_context_edge_film,graph_c_gatv2_context_edge_film_interaction,gatv2_graph_c_sprint8a_context_edge_film,gatv2,graph_c_context_observation,S5F2_energy,val,952,7822,,1,0.5487074255943298
sprint9_multiseed_S8A_R2_seed2024_S8A_R2_context_edge_film,S8A_R2_context_edge_film,graph_c_gatv2_context_edge_film_interaction,gatv2_graph_c_sprint8a_context_edge_film,gatv2,graph_c_context_observation,S5F2_energy,val,953,7822,,1,0.6260927319526672
sprint9_multiseed_S8A_R2_seed2024_S8A_R2_context_edge_film,S8A_R2_context_edge_film,graph_c_gatv2_context_edge_film_interaction,gatv2_graph_c_sprint8a_context_edge_film,gatv2,graph_c_context_observation,S5F2_energy,val,954,7822,,1,0.6626862287521362
sprint9_multiseed_S8A_R2_seed2024_S8A_R2_context_edge_film,S8A_R2_context_edge_film,graph_c_gatv2_context_edge_film_interaction,gatv2_graph_c_sprint8a_context_edge_film,gatv2,graph_c_context_observation,S5F2_energy,val,955,7822,,1,0.5682196617126465
sprint9_multiseed_S8A_R2_seed2024_S8A_R2_context_edge_film,S8A_R2_context_edge_film,graph_c_gatv2_context_edge_film_interaction,gatv2_graph_c_sprint8a_context_edge_film,gatv2,graph_c_context_observation,S5F2_energy,val,956,7822,,1,0.5844558477401733
sprint9_multiseed_S8A_R2_seed2024_S8A_R2_context_edge_film,S8A_R2_context_edge_film,graph_c_gatv2_context_edge_film_interaction,gatv2_graph_c_sprint8a_context_edge_film,gatv2,graph_c_context_observation,S5F2_energy,val,957,7822,,1,0.497638463973999
sprint9_multiseed_S8A_R2_seed2024_S8A_R2_context_edge_film,S8A_R2_context_edge_film,graph_c_gatv2_context_edge_film_interaction,gatv2_graph_c_sprint8a_context_edge_film,gatv2,graph_c_context_observation,S5F2_energy,val,958,7822,,1,0.5748854875564575
sprint9_multiseed_S8A_R2_seed2024_S8A_R2_context_edge_film,S8A_R2_context_edge_film,graph_c_gatv2_context_edge_film_interaction,gatv2_graph_c_sprint8a_context_edge_film,gatv2,graph_c_context_observation,S5F2_energy,val,959,7822,,1,0.5521631836891174
sprint9_multiseed_S8A_R2_seed2024_S8A_R2_context_edge_film,S8A_R2_context_edge_film,graph_c_gatv2_context_edge_film_interaction,gatv2_graph_c_sprint8a_context_edge_film,gatv2,graph_c_context_observation,S5F2_energy,val,960,7822,,1,0.5721297264099121
sprint9_multiseed_S8A_R2_seed2024_S8A_R2_context_edge_film,S8A_R2_context_edge_film,graph_c_gatv2_context_edge_film_interaction,gatv2_graph_c_sprint8a_context_edge_film,gatv2,graph_c_context_observation,S5F2_energy,val,961,7822,,1,0.5609838962554932
sprint9_multiseed_S8A_R2_seed2024_S8A_R2_context_edge_film,S8A_R2_context_edge_film,graph_c_gatv2_context_edge_film_interaction,gatv2_graph_c_sprint8a_context_edge_film,gatv2,graph_c_context_observation,S5F2_energy,val,962,7822,,1,0.5421126484870911
sprint9_multiseed_S8A_R2_seed2024_S8A_R2_context_edge_film,S8A_R2_context_edge_film,graph_c_gatv2_context_edge_film_interaction,gatv2_graph_c_sprint8a_context_edge_film,gatv2,graph_c_context_observation,S5F2_energy,val,963,7822,,1,0.6772637367248535
sprint9_multiseed_S8A_R2_seed2024_S8A_R2_context_edge_film,S8A_R2_context_edge_film,graph_c_gatv2_context_edge_film_interaction,gatv2_graph_c_sprint8a_context_edge_film,gatv2,graph_c_context_observation,S5F2_energy,val,964,7822,,1,0.579347550868988
sprint9_multiseed_S8A_R2_seed2024_S8A_R2_context_edge_film,S8A_R2_context_edge_film,graph_c_gatv2_context_edge_film_interaction,gatv2_graph_c_sprint8a_context_edge_film,gatv2,graph_c_context_observation,S5F2_energy,val,965,7822,,1,0.5698698163032532
sprint9_multiseed_S8A_R2_seed2024_S8A_R2_context_edge_film,S8A_R2_context_edge_film,graph_c_gatv2_context_edge_film_interaction,gatv2_graph_c_sprint8a_context_edge_film,gatv2,graph_c_context_observation,S5F2_energy,val,966,7822,,1,0.5479750633239746
sprint9_multiseed_S8A_R2_seed2024_S8A_R2_context_edge_film,S8A_R2_context_edge_film,graph_c_gatv2_context_edge_film_interaction,gatv2_graph_c_sprint8a_context_edge_film,gatv2,graph_c_context_observation,S5F2_energy,val,967,7822,,1,0.5838730335235596
sprint9_multiseed_S8A_R2_seed2024_S8A_R2_context_edge_film,S8A_R2_context_edge_film,graph_c_gatv2_context_edge_film_interaction,gatv2_graph_c_sprint8a_context_edge_film,gatv2,graph_c_context_observation,S5F2_energy,val,968,7822,,1,0.4853403568267822
sprint9_multiseed_S8A_R2_seed2024_S8A_R2_context_edge_film,S8A_R2_context_edge_film,graph_c_gatv2_context_edge_film_interaction,gatv2_graph_c_sprint8a_context_edge_film,gatv2,graph_c_context_observation,S5F2_energy,val,969,7822,,1,0.54389488697052
sprint9_multiseed_S8A_R2_seed2024_S8A_R2_context_edge_film,S8A_R2_context_edge_film,graph_c_gatv2_context_edge_film_interaction,gatv2_graph_c_sprint8a_context_edge_film,gatv2,graph_c_context_observation,S5F2_energy,val,970,7822,,1,0.48343127965927124
sprint9_multiseed_S8A_R2_seed2024_S8A_R2_context_edge_film,S8A_R2_context_edge_film,graph_c_gatv2_context_edge_film_interaction,gatv2_graph_c_sprint8a_context_edge_film,gatv2,graph_c_context_observation,S5F2_energy,val,971,7822,,1,0.6103450059890747
sprint9_multiseed_S8A_R2_seed2024_S8A_R2_context_edge_film,S8A_R2_context_edge_film,graph_c_gatv2_context_edge_film_interaction,gatv2_graph_c_sprint8a_context_edge_film,gatv2,graph_c_context_observation,S5F2_energy,val,972,7822,,1,0.17219452559947968
sprint9_multiseed_S8A_R2_seed2024_S8A_R2_context_edge_film,S8A_R2_context_edge_film,graph_c_gatv2_context_edge_film_interaction,gatv2_graph_c_sprint8a_context_edge_film,gatv2,graph_c_context_observation,S5F2_energy,val,973,7822,,1,0.47730252146720886
sprint9_multiseed_S8A_R2_seed2024_S8A_R2_context_edge_film,S8A_R2_context_edge_film,graph_c_gatv2_context_edge_film_interaction,gatv2_graph_c_sprint8a_context_edge_film,gatv2,graph_c_context_observation,S5F2_energy,val,974,7822,,1,0.446585088968277
sprint9_multiseed_S8A_R2_seed2024_S8A_R2_context_edge_film,S8A_R2_context_edge_film,graph_c_gatv2_context_edge_film_interaction,gatv2_graph_c_sprint8a_context_edge_film,gatv2,graph_c_context_observation,S5F2_energy,val,975,7822,,1,0.6432903409004211
sprint9_multiseed_S8A_R2_seed2024_S8A_R2_context_edge_film,S8A_R2_context_edge_film,graph_c_gatv2_context_edge_film_interaction,gatv2_graph_c_sprint8a_context_edge_film,gatv2,graph_c_context_observation,S5F2_energy,val,976,7822,,1,0.5134903788566589
sprint9_multiseed_S8A_R2_seed2024_S8A_R2_context_edge_film,S8A_R2_context_edge_film,graph_c_gatv2_context_edge_film_interaction,gatv2_graph_c_sprint8a_context_edge_film,gatv2,graph_c_context_observation,S5F2_energy,val,977,7822,,1,0.594814658164978
sprint9_multiseed_S8A_R2_seed2024_S8A_R2_context_edge_film,S8A_R2_context_edge_film,graph_c_gatv2_context_edge_film_interaction,gatv2_graph_c_sprint8a_context_edge_film,gatv2,graph_c_context_observation,S5F2_energy,val,978,7822,,1,0.636148989200592
sprint9_multiseed_S8A_R2_seed2024_S8A_R2_context_edge_film,S8A_R2_context_edge_film,graph_c_gatv2_context_edge_film_interaction,gatv2_graph_c_sprint8a_context_edge_film,gatv2,graph_c_context_observation,S5F2_energy,val,979,7822,,1,0.5463586449623108
sprint9_multiseed_S8A_R2_seed2024_S8A_R2_context_edge_film,S8A_R2_context_edge_film,graph_c_gatv2_context_edge_film_interaction,gatv2_graph_c_sprint8a_context_edge_film,gatv2,graph_c_context_observation,S5F2_energy,val,980,7822,,1,0.5540589094161987
sprint9_multiseed_S8A_R2_seed2024_S8A_R2_context_edge_film,S8A_R2_context_edge_film,graph_c_gatv2_context_edge_film_interaction,gatv2_graph_c_sprint8a_context_edge_film,gatv2,graph_c_context_observation,S5F2_energy,val,981,7822,,1,0.6078970432281494
sprint9_multiseed_S8A_R2_seed2024_S8A_R2_context_edge_film,S8A_R2_context_edge_film,graph_c_gatv2_context_edge_film_interaction,gatv2_graph_c_sprint8a_context_edge_film,gatv2,graph_c_context_observation,S5F2_energy,val,982,7822,,1,0.5028370022773743
sprint9_multiseed_S8A_R2_seed2024_S8A_R2_context_edge_film,S8A_R2_context_edge_film,graph_c_gatv2_context_edge_film_interaction,gatv2_graph_c_sprint8a_context_edge_film,gatv2,graph_c_context_observation,S5F2_energy,val,983,7822,,1,0.596634566783905
sprint9_multiseed_S8A_R2_seed2024_S8A_R2_context_edge_film,S8A_R2_context_edge_film,graph_c_gatv2_context_edge_film_interaction,gatv2_graph_c_sprint8a_context_edge_film,gatv2,graph_c_context_observation,S5F2_energy,val,984,7822,,1,0.5869046449661255
sprint9_multiseed_S8A_R2_seed2024_S8A_R2_context_edge_film,S8A_R2_context_edge_film,graph_c_gatv2_context_edge_film_interaction,gatv2_graph_c_sprint8a_context_edge_film,gatv2,graph_c_context_observation,S5F2_energy,val,985,7822,,1,0.5565876960754395
sprint9_multiseed_S8A_R2_seed2024_S8A_R2_context_edge_film,S8A_R2_context_edge_film,graph_c_gatv2_context_edge_film_interaction,gatv2_graph_c_sprint8a_context_edge_film,gatv2,graph_c_context_observation,S5F2_energy,val,986,7822,,1,0.6132147908210754
sprint9_multiseed_S8A_R2_seed2024_S8A_R2_context_edge_film,S8A_R2_context_edge_film,graph_c_gatv2_context_edge_film_interaction,gatv2_graph_c_sprint8a_context_edge_film,gatv2,graph_c_context_observation,S5F2_energy,val,987,7822,,1,0.5205411911010742
sprint9_multiseed_S8A_R2_seed2024_S8A_R2_context_edge_film,S8A_R2_context_edge_film,graph_c_gatv2_context_edge_film_interaction,gatv2_graph_c_sprint8a_context_edge_film,gatv2,graph_c_context_observation,S5F2_energy,val,988,7822,,1,0.6258146166801453
sprint9_multiseed_S8A_R2_seed2024_S8A_R2_context_edge_film,S8A_R2_context_edge_film,graph_c_gatv2_context_edge_film_interaction,gatv2_graph_c_sprint8a_context_edge_film,gatv2,graph_c_context_observation,S5F2_energy,val,989,7822,,1,0.6775883436203003
sprint9_multiseed_S8A_R2_seed2024_S8A_R2_context_edge_film,S8A_R2_context_edge_film,graph_c_gatv2_context_edge_film_interaction,gatv2_graph_c_sprint8a_context_edge_film,gatv2,graph_c_context_observation,S5F2_energy,val,990,7822,,1,0.6739938855171204
sprint9_multiseed_S8A_R2_seed2024_S8A_R2_context_edge_film,S8A_R2_context_edge_film,graph_c_gatv2_context_edge_film_interaction,gatv2_graph_c_sprint8a_context_edge_film,gatv2,graph_c_context_observation,S5F2_energy,val,991,7822,,1,0.6031802892684937
sprint9_multiseed_S8A_R2_seed2024_S8A_R2_context_edge_film,S8A_R2_context_edge_film,graph_c_gatv2_context_edge_film_interaction,gatv2_graph_c_sprint8a_context_edge_film,gatv2,graph_c_context_observation,S5F2_energy,val,992,7822,,1,0.5257656574249268
sprint9_multiseed_S8A_R2_seed2024_S8A_R2_context_edge_film,S8A_R2_context_edge_film,graph_c_gatv2_context_edge_film_interaction,gatv2_graph_c_sprint8a_context_edge_film,gatv2,graph_c_context_observation,S5F2_energy,val,993,7822,,1,0.575625479221344
sprint9_multiseed_S8A_R2_seed2024_S8A_R2_context_edge_film,S8A_R2_context_edge_film,graph_c_gatv2_context_edge_film_interaction,gatv2_graph_c_sprint8a_context_edge_film,gatv2,graph_c_context_observation,S5F2_energy,val,994,7822,,1,0.658185601234436
sprint9_multiseed_S8A_R2_seed2024_S8A_R2_context_edge_film,S8A_R2_context_edge_film,graph_c_gatv2_context_edge_film_interaction,gatv2_graph_c_sprint8a_context_edge_film,gatv2,graph_c_context_observation,S5F2_energy,val,995,7822,,1,0.5964466333389282
sprint9_multiseed_S8A_R2_seed2024_S8A_R2_context_edge_film,S8A_R2_context_edge_film,graph_c_gatv2_context_edge_film_interaction,gatv2_graph_c_sprint8a_context_edge_film,gatv2,graph_c_context_observation,S5F2_energy,val,996,7822,,1,0.5546830892562866
sprint9_multiseed_S8A_R2_seed2024_S8A_R2_context_edge_film,S8A_R2_context_edge_film,graph_c_gatv2_context_edge_film_interaction,gatv2_graph_c_sprint8a_context_edge_film,gatv2,graph_c_context_observation,S5F2_energy,val,997,7822,,1,0.6448885202407837
sprint9_multiseed_S8A_R2_seed2024_S8A_R2_context_edge_film,S8A_R2_context_edge_film,graph_c_gatv2_context_edge_film_interaction,gatv2_graph_c_sprint8a_context_edge_film,gatv2,graph_c_context_observation,S5F2_energy,val,998,7822,,1,0.6277727484703064
sprint9_multiseed_S8A_R2_seed2024_S8A_R2_context_edge_film,S8A_R2_context_edge_film,graph_c_gatv2_context_edge_film_interaction,gatv2_graph_c_sprint8a_context_edge_film,gatv2,graph_c_context_observation,S5F2_energy,val,999,7822,,1,0.620817244052887
sprint9_multiseed_S8A_R2_seed2024_S8A_R2_context_edge_film,S8A_R2_context_edge_film,graph_c_gatv2_context_edge_film_interaction,gatv2_graph_c_sprint8a_context_edge_film,gatv2,graph_c_context_observation,S5F2_energy,val,1000,7822,,1,0.5127297043800354
sprint9_multiseed_S8A_R2_seed2024_S8A_R2_context_edge_film,S8A_R2_context_edge_film,graph_c_gatv2_context_edge_film_interaction,gatv2_graph_c_sprint8a_context_edge_film,gatv2,graph_c_context_observation,S5F2_energy,val,1001,7822,,1,0.665992021560669
sprint9_multiseed_S8A_R2_seed2024_S8A_R2_context_edge_film,S8A_R2_context_edge_film,graph_c_gatv2_context_edge_film_interaction,gatv2_graph_c_sprint8a_context_edge_film,gatv2,graph_c_context_observation,S5F2_energy,val,1002,7822,,1,0.6238096356391907
sprint9_multiseed_S8A_R2_seed2024_S8A_R2_context_edge_film,S8A_R2_context_edge_film,graph_c_gatv2_context_edge_film_interaction,gatv2_graph_c_sprint8a_context_edge_film,gatv2,graph_c_context_observation,S5F2_energy,val,1003,7822,,1,0.4890821576118469
sprint9_multiseed_S8A_R2_seed2024_S8A_R2_context_edge_film,S8A_R2_context_edge_film,graph_c_gatv2_context_edge_film_interaction,gatv2_graph_c_sprint8a_context_edge_film,gatv2,graph_c_context_observation,S5F2_energy,val,1004,7822,,1,0.4956846535205841
sprint9_multiseed_S8A_R2_seed2024_S8A_R2_context_edge_film,S8A_R2_context_edge_film,graph_c_gatv2_context_edge_film_interaction,gatv2_graph_c_sprint8a_context_edge_film,gatv2,graph_c_context_observation,S5F2_energy,val,1005,7822,,1,0.5319676995277405
sprint9_multiseed_S8A_R2_seed2024_S8A_R2_context_edge_film,S8A_R2_context_edge_film,graph_c_gatv2_context_edge_film_interaction,gatv2_graph_c_sprint8a_context_edge_film,gatv2,graph_c_context_observation,S5F2_energy,val,1006,7822,,1,0.3610895276069641
sprint9_multiseed_S8A_R2_seed2024_S8A_R2_context_edge_film,S8A_R2_context_edge_film,graph_c_gatv2_context_edge_film_interaction,gatv2_graph_c_sprint8a_context_edge_film,gatv2,graph_c_context_observation,S5F2_energy,val,1007,7822,,1,0.5029021501541138
sprint9_multiseed_S8A_R2_seed2024_S8A_R2_context_edge_film,S8A_R2_context_edge_film,graph_c_gatv2_context_edge_film_interaction,gatv2_graph_c_sprint8a_context_edge_film,gatv2,graph_c_context_observation,S5F2_energy,val,1008,7822,,1,0.5435910820960999
sprint9_multiseed_S8A_R2_seed2024_S8A_R2_context_edge_film,S8A_R2_context_edge_film,graph_c_gatv2_context_edge_film_interaction,gatv2_graph_c_sprint8a_context_edge_film,gatv2,graph_c_context_observation,S5F2_energy,val,1009,7822,,1,0.6338089108467102
sprint9_multiseed_S8A_R2_seed2024_S8A_R2_context_edge_film,S8A_R2_context_edge_film,graph_c_gatv2_context_edge_film_interaction,gatv2_graph_c_sprint8a_context_edge_film,gatv2,graph_c_context_observation,S5F2_energy,val,1010,7822,,1,0.5440030694007874
sprint9_multiseed_S8A_R2_seed2024_S8A_R2_context_edge_film,S8A_R2_context_edge_film,graph_c_gatv2_context_edge_film_interaction,gatv2_graph_c_sprint8a_context_edge_film,gatv2,graph_c_context_observation,S5F2_energy,val,1011,7822,,1,0.5934227705001831
sprint9_multiseed_S8A_R2_seed2024_S8A_R2_context_edge_film,S8A_R2_context_edge_film,graph_c_gatv2_context_edge_film_interaction,gatv2_graph_c_sprint8a_context_edge_film,gatv2,graph_c_context_observation,S5F2_energy,val,1012,7822,,1,0.631218671798706
sprint9_multiseed_S8A_R2_seed2024_S8A_R2_context_edge_film,S8A_R2_context_edge_film,graph_c_gatv2_context_edge_film_interaction,gatv2_graph_c_sprint8a_context_edge_film,gatv2,graph_c_context_observation,S5F2_energy,val,1013,7822,,1,0.629754364490509
sprint9_multiseed_S8A_R2_seed2024_S8A_R2_context_edge_film,S8A_R2_context_edge_film,graph_c_gatv2_context_edge_film_interaction,gatv2_graph_c_sprint8a_context_edge_film,gatv2,graph_c_context_observation,S5F2_energy,val,1014,7822,,1,0.6339306831359863
sprint9_multiseed_S8A_R2_seed2024_S8A_R2_context_edge_film,S8A_R2_context_edge_film,graph_c_gatv2_context_edge_film_interaction,gatv2_graph_c_sprint8a_context_edge_film,gatv2,graph_c_context_observation,S5F2_energy,val,1015,7822,,1,0.38635745644569397
sprint9_multiseed_S8A_R2_seed2024_S8A_R2_context_edge_film,S8A_R2_context_edge_film,graph_c_gatv2_context_edge_film_interaction,gatv2_graph_c_sprint8a_context_edge_film,gatv2,graph_c_context_observation,S5F2_energy,val,1016,7822,,1,0.5375954508781433
sprint9_multiseed_S8A_R2_seed2024_S8A_R2_context_edge_film,S8A_R2_context_edge_film,graph_c_gatv2_context_edge_film_interaction,gatv2_graph_c_sprint8a_context_edge_film,gatv2,graph_c_context_observation,S5F2_energy,val,1017,7822,,1,0.5822053551673889
sprint9_multiseed_S8A_R2_seed2024_S8A_R2_context_edge_film,S8A_R2_context_edge_film,graph_c_gatv2_context_edge_film_interaction,gatv2_graph_c_sprint8a_context_edge_film,gatv2,graph_c_context_observation,S5F2_energy,val,1018,7822,,1,0.4681167006492615
sprint9_multiseed_S8A_R2_seed2024_S8A_R2_context_edge_film,S8A_R2_context_edge_film,graph_c_gatv2_context_edge_film_interaction,gatv2_graph_c_sprint8a_context_edge_film,gatv2,graph_c_context_observation,S5F2_energy,val,1019,7822,,1,0.5730563998222351
sprint9_multiseed_S8A_R2_seed2024_S8A_R2_context_edge_film,S8A_R2_context_edge_film,graph_c_gatv2_context_edge_film_interaction,gatv2_graph_c_sprint8a_context_edge_film,gatv2,graph_c_context_observation,S5F2_energy,val,1020,7822,,1,0.5311073660850525
sprint9_multiseed_S8A_R2_seed2024_S8A_R2_context_edge_film,S8A_R2_context_edge_film,graph_c_gatv2_context_edge_film_interaction,gatv2_graph_c_sprint8a_context_edge_film,gatv2,graph_c_context_observation,S5F2_energy,val,1021,7822,,1,0.5566467046737671
sprint9_multiseed_S8A_R2_seed2024_S8A_R2_context_edge_film,S8A_R2_context_edge_film,graph_c_gatv2_context_edge_film_interaction,gatv2_graph_c_sprint8a_context_edge_film,gatv2,graph_c_context_observation,S5F2_energy,val,1022,7822,,1,0.5321909189224243
sprint9_multiseed_S8A_R2_seed2024_S8A_R2_context_edge_film,S8A_R2_context_edge_film,graph_c_gatv2_context_edge_film_interaction,gatv2_graph_c_sprint8a_context_edge_film,gatv2,graph_c_context_observation,S5F2_energy,val,1023,7822,,1,0.6036392450332642
sprint9_multiseed_S8A_R2_seed2024_S8A_R2_context_edge_film,S8A_R2_context_edge_film,graph_c_gatv2_context_edge_film_interaction,gatv2_graph_c_sprint8a_context_edge_film,gatv2,graph_c_context_observation,S5F2_energy,val,1024,7822,,1,0.6361587643623352
sprint9_multiseed_S8A_R2_seed2024_S8A_R2_context_edge_film,S8A_R2_context_edge_film,graph_c_gatv2_context_edge_film_interaction,gatv2_graph_c_sprint8a_context_edge_film,gatv2,graph_c_context_observation,S5F2_energy,val,1025,7822,,1,0.5294793844223022
sprint9_multiseed_S8A_R2_seed2024_S8A_R2_context_edge_film,S8A_R2_context_edge_film,graph_c_gatv2_context_edge_film_interaction,gatv2_graph_c_sprint8a_context_edge_film,gatv2,graph_c_context_observation,S5F2_energy,val,1026,7822,,1,0.42707595229148865
sprint9_multiseed_S8A_R2_seed2024_S8A_R2_context_edge_film,S8A_R2_context_edge_film,graph_c_gatv2_context_edge_film_interaction,gatv2_graph_c_sprint8a_context_edge_film,gatv2,graph_c_context_observation,S5F2_energy,val,1027,7822,,1,0.5559806227684021
sprint9_multiseed_S8A_R2_seed2024_S8A_R2_context_edge_film,S8A_R2_context_edge_film,graph_c_gatv2_context_edge_film_interaction,gatv2_graph_c_sprint8a_context_edge_film,gatv2,graph_c_context_observation,S5F2_energy,val,1028,7822,,1,0.5499427914619446
sprint9_multiseed_S8A_R2_seed2024_S8A_R2_context_edge_film,S8A_R2_context_edge_film,graph_c_gatv2_context_edge_film_interaction,gatv2_graph_c_sprint8a_context_edge_film,gatv2,graph_c_context_observation,S5F2_energy,val,1029,7822,,1,0.5124505162239075
sprint9_multiseed_S8A_R2_seed2024_S8A_R2_context_edge_film,S8A_R2_context_edge_film,graph_c_gatv2_context_edge_film_interaction,gatv2_graph_c_sprint8a_context_edge_film,gatv2,graph_c_context_observation,S5F2_energy,val,1030,7822,,1,0.5277436375617981
sprint9_multiseed_S8A_R2_seed2024_S8A_R2_context_edge_film,S8A_R2_context_edge_film,graph_c_gatv2_context_edge_film_interaction,gatv2_graph_c_sprint8a_context_edge_film,gatv2,graph_c_context_observation,S5F2_energy,val,1031,7822,,1,0.5900254845619202
sprint9_multiseed_S8A_R2_seed2024_S8A_R2_context_edge_film,S8A_R2_context_edge_film,graph_c_gatv2_context_edge_film_interaction,gatv2_graph_c_sprint8a_context_edge_film,gatv2,graph_c_context_observation,S5F2_energy,val,1032,7822,,1,0.5390705466270447
sprint9_multiseed_S8A_R2_seed2024_S8A_R2_context_edge_film,S8A_R2_context_edge_film,graph_c_gatv2_context_edge_film_interaction,gatv2_graph_c_sprint8a_context_edge_film,gatv2,graph_c_context_observation,S5F2_energy,val,1033,7822,,1,0.5945754647254944
sprint9_multiseed_S8A_R2_seed2024_S8A_R2_context_edge_film,S8A_R2_context_edge_film,graph_c_gatv2_context_edge_film_interaction,gatv2_graph_c_sprint8a_context_edge_film,gatv2,graph_c_context_observation,S5F2_energy,val,1034,7822,,1,0.6149407029151917
sprint9_multiseed_S8A_R2_seed2024_S8A_R2_context_edge_film,S8A_R2_context_edge_film,graph_c_gatv2_context_edge_film_interaction,gatv2_graph_c_sprint8a_context_edge_film,gatv2,graph_c_context_observation,S5F2_energy,val,1035,7822,,1,0.58454430103302
sprint9_multiseed_S8A_R2_seed2024_S8A_R2_context_edge_film,S8A_R2_context_edge_film,graph_c_gatv2_context_edge_film_interaction,gatv2_graph_c_sprint8a_context_edge_film,gatv2,graph_c_context_observation,S5F2_energy,val,1036,7822,,1,0.547204315662384
sprint9_multiseed_S8A_R2_seed2024_S8A_R2_context_edge_film,S8A_R2_context_edge_film,graph_c_gatv2_context_edge_film_interaction,gatv2_graph_c_sprint8a_context_edge_film,gatv2,graph_c_context_observation,S5F2_energy,val,1037,7822,,1,0.4673425555229187
sprint9_multiseed_S8A_R2_seed2024_S8A_R2_context_edge_film,S8A_R2_context_edge_film,graph_c_gatv2_context_edge_film_interaction,gatv2_graph_c_sprint8a_context_edge_film,gatv2,graph_c_context_observation,S5F2_energy,val,1038,7822,,1,0.5542978644371033
sprint9_multiseed_S8A_R2_seed2024_S8A_R2_context_edge_film,S8A_R2_context_edge_film,graph_c_gatv2_context_edge_film_interaction,gatv2_graph_c_sprint8a_context_edge_film,gatv2,graph_c_context_observation,S5F2_energy,val,1039,7822,,1,0.697853147983551
sprint9_multiseed_S8A_R2_seed2024_S8A_R2_context_edge_film,S8A_R2_context_edge_film,graph_c_gatv2_context_edge_film_interaction,gatv2_graph_c_sprint8a_context_edge_film,gatv2,graph_c_context_observation,S5F2_energy,val,1040,7822,,1,0.6274217367172241
sprint9_multiseed_S8A_R2_seed2024_S8A_R2_context_edge_film,S8A_R2_context_edge_film,graph_c_gatv2_context_edge_film_interaction,gatv2_graph_c_sprint8a_context_edge_film,gatv2,graph_c_context_observation,S5F2_energy,val,1041,7822,,1,0.5251908302307129
sprint9_multiseed_S8A_R2_seed2024_S8A_R2_context_edge_film,S8A_R2_context_edge_film,graph_c_gatv2_context_edge_film_interaction,gatv2_graph_c_sprint8a_context_edge_film,gatv2,graph_c_context_observation,S5F2_energy,val,1042,7822,,1,0.5489566922187805
sprint9_multiseed_S8A_R2_seed2024_S8A_R2_context_edge_film,S8A_R2_context_edge_film,graph_c_gatv2_context_edge_film_interaction,gatv2_graph_c_sprint8a_context_edge_film,gatv2,graph_c_context_observation,S5F2_energy,val,1043,7822,,1,0.5867385268211365
sprint9_multiseed_S8A_R2_seed2024_S8A_R2_context_edge_film,S8A_R2_context_edge_film,graph_c_gatv2_context_edge_film_interaction,gatv2_graph_c_sprint8a_context_edge_film,gatv2,graph_c_context_observation,S5F2_energy,val,1044,7822,,1,0.5134785771369934
sprint9_multiseed_S8A_R2_seed2024_S8A_R2_context_edge_film,S8A_R2_context_edge_film,graph_c_gatv2_context_edge_film_interaction,gatv2_graph_c_sprint8a_context_edge_film,gatv2,graph_c_context_observation,S5F2_energy,val,1045,7822,,1,0.5403640270233154
sprint9_multiseed_S8A_R2_seed2024_S8A_R2_context_edge_film,S8A_R2_context_edge_film,graph_c_gatv2_context_edge_film_interaction,gatv2_graph_c_sprint8a_context_edge_film,gatv2,graph_c_context_observation,S5F2_energy,val,1046,7822,,1,0.6676191091537476
sprint9_multiseed_S8A_R2_seed2024_S8A_R2_context_edge_film,S8A_R2_context_edge_film,graph_c_gatv2_context_edge_film_interaction,gatv2_graph_c_sprint8a_context_edge_film,gatv2,graph_c_context_observation,S5F2_energy,val,1047,7822,,1,0.5971322655677795
sprint9_multiseed_S8A_R2_seed2024_S8A_R2_context_edge_film,S8A_R2_context_edge_film,graph_c_gatv2_context_edge_film_interaction,gatv2_graph_c_sprint8a_context_edge_film,gatv2,graph_c_context_observation,S5F2_energy,val,1048,7822,,1,0.33703726530075073
sprint9_multiseed_S8A_R2_seed2024_S8A_R2_context_edge_film,S8A_R2_context_edge_film,graph_c_gatv2_context_edge_film_interaction,gatv2_graph_c_sprint8a_context_edge_film,gatv2,graph_c_context_observation,S5F2_energy,val,1049,7822,,1,0.522101104259491
sprint9_multiseed_S8A_R2_seed2024_S8A_R2_context_edge_film,S8A_R2_context_edge_film,graph_c_gatv2_context_edge_film_interaction,gatv2_graph_c_sprint8a_context_edge_film,gatv2,graph_c_context_observation,S5F2_energy,val,1050,7822,,1,0.67611163854599
sprint9_multiseed_S8A_R2_seed2024_S8A_R2_context_edge_film,S8A_R2_context_edge_film,graph_c_gatv2_context_edge_film_interaction,gatv2_graph_c_sprint8a_context_edge_film,gatv2,graph_c_context_observation,S5F2_energy,val,1051,7822,,1,0.6678681969642639
sprint9_multiseed_S8A_R2_seed2024_S8A_R2_context_edge_film,S8A_R2_context_edge_film,graph_c_gatv2_context_edge_film_interaction,gatv2_graph_c_sprint8a_context_edge_film,gatv2,graph_c_context_observation,S5F2_energy,val,1052,7822,,1,0.5022284388542175
sprint9_multiseed_S8A_R2_seed2024_S8A_R2_context_edge_film,S8A_R2_context_edge_film,graph_c_gatv2_context_edge_film_interaction,gatv2_graph_c_sprint8a_context_edge_film,gatv2,graph_c_context_observation,S5F2_energy,val,1053,7822,,1,0.5377823114395142
sprint9_multiseed_S8A_R2_seed2024_S8A_R2_context_edge_film,S8A_R2_context_edge_film,graph_c_gatv2_context_edge_film_interaction,gatv2_graph_c_sprint8a_context_edge_film,gatv2,graph_c_context_observation,S5F2_energy,val,1054,7822,,1,0.5223891735076904
sprint9_multiseed_S8A_R2_seed2024_S8A_R2_context_edge_film,S8A_R2_context_edge_film,graph_c_gatv2_context_edge_film_interaction,gatv2_graph_c_sprint8a_context_edge_film,gatv2,graph_c_context_observation,S5F2_energy,val,1055,7822,,1,0.6414037346839905
sprint9_multiseed_S8A_R2_seed2024_S8A_R2_context_edge_film,S8A_R2_context_edge_film,graph_c_gatv2_context_edge_film_interaction,gatv2_graph_c_sprint8a_context_edge_film,gatv2,graph_c_context_observation,S5F2_energy,val,1056,7822,,1,0.5226041078567505
sprint9_multiseed_S8A_R2_seed2024_S8A_R2_context_edge_film,S8A_R2_context_edge_film,graph_c_gatv2_context_edge_film_interaction,gatv2_graph_c_sprint8a_context_edge_film,gatv2,graph_c_context_observation,S5F2_energy,val,1057,7822,,1,0.5073128342628479
sprint9_multiseed_S8A_R2_seed2024_S8A_R2_context_edge_film,S8A_R2_context_edge_film,graph_c_gatv2_context_edge_film_interaction,gatv2_graph_c_sprint8a_context_edge_film,gatv2,graph_c_context_observation,S5F2_energy,val,1058,7822,,1,0.4875697195529938
sprint9_multiseed_S8A_R2_seed2024_S8A_R2_context_edge_film,S8A_R2_context_edge_film,graph_c_gatv2_context_edge_film_interaction,gatv2_graph_c_sprint8a_context_edge_film,gatv2,graph_c_context_observation,S5F2_energy,val,1059,7822,,1,0.5518185496330261
sprint9_multiseed_S8A_R2_seed2024_S8A_R2_context_edge_film,S8A_R2_context_edge_film,graph_c_gatv2_context_edge_film_interaction,gatv2_graph_c_sprint8a_context_edge_film,gatv2,graph_c_context_observation,S5F2_energy,val,1060,7822,,1,0.5803740620613098
sprint9_multiseed_S8A_R2_seed2024_S8A_R2_context_edge_film,S8A_R2_context_edge_film,graph_c_gatv2_context_edge_film_interaction,gatv2_graph_c_sprint8a_context_edge_film,gatv2,graph_c_context_observation,S5F2_energy,val,1061,7822,,1,0.39438632130622864
sprint9_multiseed_S8A_R2_seed2024_S8A_R2_context_edge_film,S8A_R2_context_edge_film,graph_c_gatv2_context_edge_film_interaction,gatv2_graph_c_sprint8a_context_edge_film,gatv2,graph_c_context_observation,S5F2_energy,val,1062,7822,,1,0.685490608215332
sprint9_multiseed_S8A_R2_seed2024_S8A_R2_context_edge_film,S8A_R2_context_edge_film,graph_c_gatv2_context_edge_film_interaction,gatv2_graph_c_sprint8a_context_edge_film,gatv2,graph_c_context_observation,S5F2_energy,val,1063,7822,,1,0.5593629479408264
sprint9_multiseed_S8A_R2_seed2024_S8A_R2_context_edge_film,S8A_R2_context_edge_film,graph_c_gatv2_context_edge_film_interaction,gatv2_graph_c_sprint8a_context_edge_film,gatv2,graph_c_context_observation,S5F2_energy,val,1064,7822,,1,0.7094483375549316
sprint9_multiseed_S8A_R2_seed2024_S8A_R2_context_edge_film,S8A_R2_context_edge_film,graph_c_gatv2_context_edge_film_interaction,gatv2_graph_c_sprint8a_context_edge_film,gatv2,graph_c_context_observation,S5F2_energy,val,1065,7822,,1,0.6249523162841797
sprint9_multiseed_S8A_R2_seed2024_S8A_R2_context_edge_film,S8A_R2_context_edge_film,graph_c_gatv2_context_edge_film_interaction,gatv2_graph_c_sprint8a_context_edge_film,gatv2,graph_c_context_observation,S5F2_energy,val,1066,7822,,1,0.5873631834983826
sprint9_multiseed_S8A_R2_seed2024_S8A_R2_context_edge_film,S8A_R2_context_edge_film,graph_c_gatv2_context_edge_film_interaction,gatv2_graph_c_sprint8a_context_edge_film,gatv2,graph_c_context_observation,S5F2_energy,val,1067,7822,,1,0.6232365369796753
sprint9_multiseed_S8A_R2_seed2024_S8A_R2_context_edge_film,S8A_R2_context_edge_film,graph_c_gatv2_context_edge_film_interaction,gatv2_graph_c_sprint8a_context_edge_film,gatv2,graph_c_context_observation,S5F2_energy,val,1068,7822,,1,0.610850989818573
sprint9_multiseed_S8A_R2_seed2024_S8A_R2_context_edge_film,S8A_R2_context_edge_film,graph_c_gatv2_context_edge_film_interaction,gatv2_graph_c_sprint8a_context_edge_film,gatv2,graph_c_context_observation,S5F2_energy,val,1069,7822,,1,0.5381987690925598
sprint9_multiseed_S8A_R2_seed2024_S8A_R2_context_edge_film,S8A_R2_context_edge_film,graph_c_gatv2_context_edge_film_interaction,gatv2_graph_c_sprint8a_context_edge_film,gatv2,graph_c_context_observation,S5F2_energy,val,1070,7822,,1,0.6047953367233276
sprint9_multiseed_S8A_R2_seed2024_S8A_R2_context_edge_film,S8A_R2_context_edge_film,graph_c_gatv2_context_edge_film_interaction,gatv2_graph_c_sprint8a_context_edge_film,gatv2,graph_c_context_observation,S5F2_energy,val,1071,7822,,1,0.6497073173522949
sprint9_multiseed_S8A_R2_seed2024_S8A_R2_context_edge_film,S8A_R2_context_edge_film,graph_c_gatv2_context_edge_film_interaction,gatv2_graph_c_sprint8a_context_edge_film,gatv2,graph_c_context_observation,S5F2_energy,val,1072,7822,,1,0.525755763053894
sprint9_multiseed_S8A_R2_seed2024_S8A_R2_context_edge_film,S8A_R2_context_edge_film,graph_c_gatv2_context_edge_film_interaction,gatv2_graph_c_sprint8a_context_edge_film,gatv2,graph_c_context_observation,S5F2_energy,val,1073,7822,,1,0.6168448328971863
sprint9_multiseed_S8A_R2_seed2024_S8A_R2_context_edge_film,S8A_R2_context_edge_film,graph_c_gatv2_context_edge_film_interaction,gatv2_graph_c_sprint8a_context_edge_film,gatv2,graph_c_context_observation,S5F2_energy,val,1074,7822,,1,0.5851465463638306
sprint9_multiseed_S8A_R2_seed2024_S8A_R2_context_edge_film,S8A_R2_context_edge_film,graph_c_gatv2_context_edge_film_interaction,gatv2_graph_c_sprint8a_context_edge_film,gatv2,graph_c_context_observation,S5F2_energy,val,1075,7822,,1,0.6279892921447754
sprint9_multiseed_S8A_R2_seed2024_S8A_R2_context_edge_film,S8A_R2_context_edge_film,graph_c_gatv2_context_edge_film_interaction,gatv2_graph_c_sprint8a_context_edge_film,gatv2,graph_c_context_observation,S5F2_energy,val,1076,7822,,1,0.5392144322395325
sprint9_multiseed_S8A_R2_seed2024_S8A_R2_context_edge_film,S8A_R2_context_edge_film,graph_c_gatv2_context_edge_film_interaction,gatv2_graph_c_sprint8a_context_edge_film,gatv2,graph_c_context_observation,S5F2_energy,val,1077,7822,,1,0.6284124255180359
sprint9_multiseed_S8A_R2_seed2024_S8A_R2_context_edge_film,S8A_R2_context_edge_film,graph_c_gatv2_context_edge_film_interaction,gatv2_graph_c_sprint8a_context_edge_film,gatv2,graph_c_context_observation,S5F2_energy,val,1078,7822,,1,0.5291253328323364
sprint9_multiseed_S8A_R2_seed2024_S8A_R2_context_edge_film,S8A_R2_context_edge_film,graph_c_gatv2_context_edge_film_interaction,gatv2_graph_c_sprint8a_context_edge_film,gatv2,graph_c_context_observation,S5F2_energy,val,1079,7822,,1,0.49897855520248413
sprint9_multiseed_S8A_R2_seed2024_S8A_R2_context_edge_film,S8A_R2_context_edge_film,graph_c_gatv2_context_edge_film_interaction,gatv2_graph_c_sprint8a_context_edge_film,gatv2,graph_c_context_observation,S5F2_energy,val,1080,7822,,1,0.5153952836990356
sprint9_multiseed_S8A_R2_seed2024_S8A_R2_context_edge_film,S8A_R2_context_edge_film,graph_c_gatv2_context_edge_film_interaction,gatv2_graph_c_sprint8a_context_edge_film,gatv2,graph_c_context_observation,S5F2_energy,val,1081,7822,,1,0.5690816044807434
sprint9_multiseed_S8A_R2_seed2024_S8A_R2_context_edge_film,S8A_R2_context_edge_film,graph_c_gatv2_context_edge_film_interaction,gatv2_graph_c_sprint8a_context_edge_film,gatv2,graph_c_context_observation,S5F2_energy,val,1082,7822,,1,0.559029221534729
sprint9_multiseed_S8A_R2_seed2024_S8A_R2_context_edge_film,S8A_R2_context_edge_film,graph_c_gatv2_context_edge_film_interaction,gatv2_graph_c_sprint8a_context_edge_film,gatv2,graph_c_context_observation,S5F2_energy,val,1083,7822,,1,0.48417115211486816
sprint9_multiseed_S8A_R2_seed2024_S8A_R2_context_edge_film,S8A_R2_context_edge_film,graph_c_gatv2_context_edge_film_interaction,gatv2_graph_c_sprint8a_context_edge_film,gatv2,graph_c_context_observation,S5F2_energy,val,1084,7822,,1,0.6430124044418335
sprint9_multiseed_S8A_R2_seed2024_S8A_R2_context_edge_film,S8A_R2_context_edge_film,graph_c_gatv2_context_edge_film_interaction,gatv2_graph_c_sprint8a_context_edge_film,gatv2,graph_c_context_observation,S5F2_energy,val,1085,7822,,1,0.5189915895462036
sprint9_multiseed_S8A_R2_seed2024_S8A_R2_context_edge_film,S8A_R2_context_edge_film,graph_c_gatv2_context_edge_film_interaction,gatv2_graph_c_sprint8a_context_edge_film,gatv2,graph_c_context_observation,S5F2_energy,val,1086,7822,,1,0.578410267829895
sprint9_multiseed_S8A_R2_seed2024_S8A_R2_context_edge_film,S8A_R2_context_edge_film,graph_c_gatv2_context_edge_film_interaction,gatv2_graph_c_sprint8a_context_edge_film,gatv2,graph_c_context_observation,S5F2_energy,val,1087,7822,,1,0.6618512868881226
sprint9_multiseed_S8A_R2_seed2024_S8A_R2_context_edge_film,S8A_R2_context_edge_film,graph_c_gatv2_context_edge_film_interaction,gatv2_graph_c_sprint8a_context_edge_film,gatv2,graph_c_context_observation,S5F2_energy,val,1088,7822,,1,0.6124740242958069
sprint9_multiseed_S8A_R2_seed2024_S8A_R2_context_edge_film,S8A_R2_context_edge_film,graph_c_gatv2_context_edge_film_interaction,gatv2_graph_c_sprint8a_context_edge_film,gatv2,graph_c_context_observation,S5F2_energy,val,1089,7822,,1,0.6193369626998901
sprint9_multiseed_S8A_R2_seed2024_S8A_R2_context_edge_film,S8A_R2_context_edge_film,graph_c_gatv2_context_edge_film_interaction,gatv2_graph_c_sprint8a_context_edge_film,gatv2,graph_c_context_observation,S5F2_energy,val,1090,7822,,1,0.5131715536117554
sprint9_multiseed_S8A_R2_seed2024_S8A_R2_context_edge_film,S8A_R2_context_edge_film,graph_c_gatv2_context_edge_film_interaction,gatv2_graph_c_sprint8a_context_edge_film,gatv2,graph_c_context_observation,S5F2_energy,val,1091,7822,,1,0.5263687372207642
sprint9_multiseed_S8A_R2_seed2024_S8A_R2_context_edge_film,S8A_R2_context_edge_film,graph_c_gatv2_context_edge_film_interaction,gatv2_graph_c_sprint8a_context_edge_film,gatv2,graph_c_context_observation,S5F2_energy,val,1092,7822,,1,0.534083366394043
sprint9_multiseed_S8A_R2_seed2024_S8A_R2_context_edge_film,S8A_R2_context_edge_film,graph_c_gatv2_context_edge_film_interaction,gatv2_graph_c_sprint8a_context_edge_film,gatv2,graph_c_context_observation,S5F2_energy,val,1093,7822,,1,0.6158666610717773
sprint9_multiseed_S8A_R2_seed2024_S8A_R2_context_edge_film,S8A_R2_context_edge_film,graph_c_gatv2_context_edge_film_interaction,gatv2_graph_c_sprint8a_context_edge_film,gatv2,graph_c_context_observation,S5F2_energy,val,1094,7822,,1,0.4204871654510498
sprint9_multiseed_S8A_R2_seed2024_S8A_R2_context_edge_film,S8A_R2_context_edge_film,graph_c_gatv2_context_edge_film_interaction,gatv2_graph_c_sprint8a_context_edge_film,gatv2,graph_c_context_observation,S5F2_energy,val,1095,7822,,1,0.5592513680458069
sprint9_multiseed_S8A_R2_seed2024_S8A_R2_context_edge_film,S8A_R2_context_edge_film,graph_c_gatv2_context_edge_film_interaction,gatv2_graph_c_sprint8a_context_edge_film,gatv2,graph_c_context_observation,S5F2_energy,val,1096,7822,,1,0.6014870405197144
sprint9_multiseed_S8A_R2_seed2024_S8A_R2_context_edge_film,S8A_R2_context_edge_film,graph_c_gatv2_context_edge_film_interaction,gatv2_graph_c_sprint8a_context_edge_film,gatv2,graph_c_context_observation,S5F2_energy,val,1097,7822,,1,0.564969539642334
sprint9_multiseed_S8A_R2_seed2024_S8A_R2_context_edge_film,S8A_R2_context_edge_film,graph_c_gatv2_context_edge_film_interaction,gatv2_graph_c_sprint8a_context_edge_film,gatv2,graph_c_context_observation,S5F2_energy,val,1098,7822,,1,0.5974074602127075
sprint9_multiseed_S8A_R2_seed2024_S8A_R2_context_edge_film,S8A_R2_context_edge_film,graph_c_gatv2_context_edge_film_interaction,gatv2_graph_c_sprint8a_context_edge_film,gatv2,graph_c_context_observation,S5F2_energy,val,1099,7822,,1,0.4938981831073761
sprint9_multiseed_S8A_R2_seed2024_S8A_R2_context_edge_film,S8A_R2_context_edge_film,graph_c_gatv2_context_edge_film_interaction,gatv2_graph_c_sprint8a_context_edge_film,gatv2,graph_c_context_observation,S5F2_energy,val,1100,7822,,1,0.618431031703949
sprint9_multiseed_S8A_R2_seed2024_S8A_R2_context_edge_film,S8A_R2_context_edge_film,graph_c_gatv2_context_edge_film_interaction,gatv2_graph_c_sprint8a_context_edge_film,gatv2,graph_c_context_observation,S5F2_energy,val,1101,7822,,1,0.5451557636260986
sprint9_multiseed_S8A_R2_seed2024_S8A_R2_context_edge_film,S8A_R2_context_edge_film,graph_c_gatv2_context_edge_film_interaction,gatv2_graph_c_sprint8a_context_edge_film,gatv2,graph_c_context_observation,S5F2_energy,val,1102,7822,,1,0.5902653932571411
sprint9_multiseed_S8A_R2_seed2024_S8A_R2_context_edge_film,S8A_R2_context_edge_film,graph_c_gatv2_context_edge_film_interaction,gatv2_graph_c_sprint8a_context_edge_film,gatv2,graph_c_context_observation,S5F2_energy,val,1103,7822,,1,0.6165589690208435
sprint9_multiseed_S8A_R2_seed2024_S8A_R2_context_edge_film,S8A_R2_context_edge_film,graph_c_gatv2_context_edge_film_interaction,gatv2_graph_c_sprint8a_context_edge_film,gatv2,graph_c_context_observation,S5F2_energy,val,1104,7822,,1,0.515748918056488
sprint9_multiseed_S8A_R2_seed2024_S8A_R2_context_edge_film,S8A_R2_context_edge_film,graph_c_gatv2_context_edge_film_interaction,gatv2_graph_c_sprint8a_context_edge_film,gatv2,graph_c_context_observation,S5F2_energy,val,1105,7822,,1,0.665776252746582
sprint9_multiseed_S8A_R2_seed2024_S8A_R2_context_edge_film,S8A_R2_context_edge_film,graph_c_gatv2_context_edge_film_interaction,gatv2_graph_c_sprint8a_context_edge_film,gatv2,graph_c_context_observation,S5F2_energy,val,1106,7822,,1,0.6065564751625061
sprint9_multiseed_S8A_R2_seed2024_S8A_R2_context_edge_film,S8A_R2_context_edge_film,graph_c_gatv2_context_edge_film_interaction,gatv2_graph_c_sprint8a_context_edge_film,gatv2,graph_c_context_observation,S5F2_energy,val,1107,7822,,1,0.4821746349334717
sprint9_multiseed_S8A_R2_seed2024_S8A_R2_context_edge_film,S8A_R2_context_edge_film,graph_c_gatv2_context_edge_film_interaction,gatv2_graph_c_sprint8a_context_edge_film,gatv2,graph_c_context_observation,S5F2_energy,val,1108,7822,,1,0.619398832321167
sprint9_multiseed_S8A_R2_seed2024_S8A_R2_context_edge_film,S8A_R2_context_edge_film,graph_c_gatv2_context_edge_film_interaction,gatv2_graph_c_sprint8a_context_edge_film,gatv2,graph_c_context_observation,S5F2_energy,val,1109,7822,,1,0.5010964274406433
sprint9_multiseed_S8A_R2_seed2024_S8A_R2_context_edge_film,S8A_R2_context_edge_film,graph_c_gatv2_context_edge_film_interaction,gatv2_graph_c_sprint8a_context_edge_film,gatv2,graph_c_context_observation,S5F2_energy,val,1110,7822,,1,0.46781912446022034
sprint9_multiseed_S8A_R2_seed2024_S8A_R2_context_edge_film,S8A_R2_context_edge_film,graph_c_gatv2_context_edge_film_interaction,gatv2_graph_c_sprint8a_context_edge_film,gatv2,graph_c_context_observation,S5F2_energy,val,1111,7822,,1,0.5882412791252136
sprint9_multiseed_S8A_R2_seed2024_S8A_R2_context_edge_film,S8A_R2_context_edge_film,graph_c_gatv2_context_edge_film_interaction,gatv2_graph_c_sprint8a_context_edge_film,gatv2,graph_c_context_observation,S5F2_energy,val,1112,7822,,1,0.5814695358276367
sprint9_multiseed_S8A_R2_seed2024_S8A_R2_context_edge_film,S8A_R2_context_edge_film,graph_c_gatv2_context_edge_film_interaction,gatv2_graph_c_sprint8a_context_edge_film,gatv2,graph_c_context_observation,S5F2_energy,val,1113,7822,,1,0.6550366878509521
sprint9_multiseed_S8A_R2_seed2024_S8A_R2_context_edge_film,S8A_R2_context_edge_film,graph_c_gatv2_context_edge_film_interaction,gatv2_graph_c_sprint8a_context_edge_film,gatv2,graph_c_context_observation,S5F2_energy,val,1114,7822,,1,0.5336493253707886
sprint9_multiseed_S8A_R2_seed2024_S8A_R2_context_edge_film,S8A_R2_context_edge_film,graph_c_gatv2_context_edge_film_interaction,gatv2_graph_c_sprint8a_context_edge_film,gatv2,graph_c_context_observation,S5F2_energy,val,1115,7822,,1,0.6263441443443298
sprint9_multiseed_S8A_R2_seed2024_S8A_R2_context_edge_film,S8A_R2_context_edge_film,graph_c_gatv2_context_edge_film_interaction,gatv2_graph_c_sprint8a_context_edge_film,gatv2,graph_c_context_observation,S5F2_energy,val,1116,7822,,1,0.5827964544296265
sprint9_multiseed_S8A_R2_seed2024_S8A_R2_context_edge_film,S8A_R2_context_edge_film,graph_c_gatv2_context_edge_film_interaction,gatv2_graph_c_sprint8a_context_edge_film,gatv2,graph_c_context_observation,S5F2_energy,val,1117,7822,,1,0.6449328064918518
sprint9_multiseed_S8A_R2_seed2024_S8A_R2_context_edge_film,S8A_R2_context_edge_film,graph_c_gatv2_context_edge_film_interaction,gatv2_graph_c_sprint8a_context_edge_film,gatv2,graph_c_context_observation,S5F2_energy,val,1118,7822,,1,0.5800779461860657
sprint9_multiseed_S8A_R2_seed2024_S8A_R2_context_edge_film,S8A_R2_context_edge_film,graph_c_gatv2_context_edge_film_interaction,gatv2_graph_c_sprint8a_context_edge_film,gatv2,graph_c_context_observation,S5F2_energy,val,1119,7822,,1,0.3675385117530823
sprint9_multiseed_S8A_R2_seed2024_S8A_R2_context_edge_film,S8A_R2_context_edge_film,graph_c_gatv2_context_edge_film_interaction,gatv2_graph_c_sprint8a_context_edge_film,gatv2,graph_c_context_observation,S5F2_energy,val,1120,7822,,1,0.47778061032295227
sprint9_multiseed_S8A_R2_seed2024_S8A_R2_context_edge_film,S8A_R2_context_edge_film,graph_c_gatv2_context_edge_film_interaction,gatv2_graph_c_sprint8a_context_edge_film,gatv2,graph_c_context_observation,S5F2_energy,val,1121,7822,,1,0.4804602861404419
sprint9_multiseed_S8A_R2_seed2024_S8A_R2_context_edge_film,S8A_R2_context_edge_film,graph_c_gatv2_context_edge_film_interaction,gatv2_graph_c_sprint8a_context_edge_film,gatv2,graph_c_context_observation,S5F2_energy,val,1122,7822,,1,0.5897697806358337
sprint9_multiseed_S8A_R2_seed2024_S8A_R2_context_edge_film,S8A_R2_context_edge_film,graph_c_gatv2_context_edge_film_interaction,gatv2_graph_c_sprint8a_context_edge_film,gatv2,graph_c_context_observation,S5F2_energy,val,1123,7822,,1,0.6058880090713501
sprint9_multiseed_S8A_R2_seed2024_S8A_R2_context_edge_film,S8A_R2_context_edge_film,graph_c_gatv2_context_edge_film_interaction,gatv2_graph_c_sprint8a_context_edge_film,gatv2,graph_c_context_observation,S5F2_energy,val,1124,7822,,1,0.6530402898788452
sprint9_multiseed_S8A_R2_seed2024_S8A_R2_context_edge_film,S8A_R2_context_edge_film,graph_c_gatv2_context_edge_film_interaction,gatv2_graph_c_sprint8a_context_edge_film,gatv2,graph_c_context_observation,S5F2_energy,val,1125,7822,,1,0.6236131191253662
sprint9_multiseed_S8A_R2_seed2024_S8A_R2_context_edge_film,S8A_R2_context_edge_film,graph_c_gatv2_context_edge_film_interaction,gatv2_graph_c_sprint8a_context_edge_film,gatv2,graph_c_context_observation,S5F2_energy,val,1126,7822,,1,0.4508562386035919
sprint9_multiseed_S8A_R2_seed2024_S8A_R2_context_edge_film,S8A_R2_context_edge_film,graph_c_gatv2_context_edge_film_interaction,gatv2_graph_c_sprint8a_context_edge_film,gatv2,graph_c_context_observation,S5F2_energy,val,1127,7822,,1,0.6784342527389526
sprint9_multiseed_S8A_R2_seed2024_S8A_R2_context_edge_film,S8A_R2_context_edge_film,graph_c_gatv2_context_edge_film_interaction,gatv2_graph_c_sprint8a_context_edge_film,gatv2,graph_c_context_observation,S5F2_energy,val,1128,7822,,1,0.6067351698875427
sprint9_multiseed_S8A_R2_seed2024_S8A_R2_context_edge_film,S8A_R2_context_edge_film,graph_c_gatv2_context_edge_film_interaction,gatv2_graph_c_sprint8a_context_edge_film,gatv2,graph_c_context_observation,S5F2_energy,val,1129,7822,,1,0.6884608864784241
sprint9_multiseed_S8A_R2_seed2024_S8A_R2_context_edge_film,S8A_R2_context_edge_film,graph_c_gatv2_context_edge_film_interaction,gatv2_graph_c_sprint8a_context_edge_film,gatv2,graph_c_context_observation,S5F2_energy,val,1130,7822,,1,0.594365656375885
sprint9_multiseed_S8A_R2_seed2024_S8A_R2_context_edge_film,S8A_R2_context_edge_film,graph_c_gatv2_context_edge_film_interaction,gatv2_graph_c_sprint8a_context_edge_film,gatv2,graph_c_context_observation,S5F2_energy,val,1131,7822,,1,0.46938902139663696
sprint9_multiseed_S8A_R2_seed2024_S8A_R2_context_edge_film,S8A_R2_context_edge_film,graph_c_gatv2_context_edge_film_interaction,gatv2_graph_c_sprint8a_context_edge_film,gatv2,graph_c_context_observation,S5F2_energy,val,1132,7822,,1,0.5471776127815247
sprint9_multiseed_S8A_R2_seed2024_S8A_R2_context_edge_film,S8A_R2_context_edge_film,graph_c_gatv2_context_edge_film_interaction,gatv2_graph_c_sprint8a_context_edge_film,gatv2,graph_c_context_observation,S5F2_energy,val,1133,7822,,1,0.4770500361919403
sprint9_multiseed_S8A_R2_seed2024_S8A_R2_context_edge_film,S8A_R2_context_edge_film,graph_c_gatv2_context_edge_film_interaction,gatv2_graph_c_sprint8a_context_edge_film,gatv2,graph_c_context_observation,S5F2_energy,val,1134,7822,,1,0.4820924997329712
sprint9_multiseed_S8A_R2_seed2024_S8A_R2_context_edge_film,S8A_R2_context_edge_film,graph_c_gatv2_context_edge_film_interaction,gatv2_graph_c_sprint8a_context_edge_film,gatv2,graph_c_context_observation,S5F2_energy,val,1135,7822,,1,0.5435704588890076
sprint9_multiseed_S8A_R2_seed2024_S8A_R2_context_edge_film,S8A_R2_context_edge_film,graph_c_gatv2_context_edge_film_interaction,gatv2_graph_c_sprint8a_context_edge_film,gatv2,graph_c_context_observation,S5F2_energy,val,1136,7822,,1,0.6361435055732727
sprint9_multiseed_S8A_R2_seed2024_S8A_R2_context_edge_film,S8A_R2_context_edge_film,graph_c_gatv2_context_edge_film_interaction,gatv2_graph_c_sprint8a_context_edge_film,gatv2,graph_c_context_observation,S5F2_energy,val,1137,7822,,1,0.5432051420211792
sprint9_multiseed_S8A_R2_seed2024_S8A_R2_context_edge_film,S8A_R2_context_edge_film,graph_c_gatv2_context_edge_film_interaction,gatv2_graph_c_sprint8a_context_edge_film,gatv2,graph_c_context_observation,S5F2_energy,val,1138,7822,,1,0.6287082433700562
sprint9_multiseed_S8A_R2_seed2024_S8A_R2_context_edge_film,S8A_R2_context_edge_film,graph_c_gatv2_context_edge_film_interaction,gatv2_graph_c_sprint8a_context_edge_film,gatv2,graph_c_context_observation,S5F2_energy,val,1139,7822,,1,0.6039512753486633
sprint9_multiseed_S8A_R2_seed2024_S8A_R2_context_edge_film,S8A_R2_context_edge_film,graph_c_gatv2_context_edge_film_interaction,gatv2_graph_c_sprint8a_context_edge_film,gatv2,graph_c_context_observation,S5F2_energy,val,1140,7822,,1,0.5811955332756042
sprint9_multiseed_S8A_R2_seed2024_S8A_R2_context_edge_film,S8A_R2_context_edge_film,graph_c_gatv2_context_edge_film_interaction,gatv2_graph_c_sprint8a_context_edge_film,gatv2,graph_c_context_observation,S5F2_energy,val,1141,7822,,1,0.601733922958374
sprint9_multiseed_S8A_R2_seed2024_S8A_R2_context_edge_film,S8A_R2_context_edge_film,graph_c_gatv2_context_edge_film_interaction,gatv2_graph_c_sprint8a_context_edge_film,gatv2,graph_c_context_observation,S5F2_energy,val,1142,7822,,1,0.6111794114112854
sprint9_multiseed_S8A_R2_seed2024_S8A_R2_context_edge_film,S8A_R2_context_edge_film,graph_c_gatv2_context_edge_film_interaction,gatv2_graph_c_sprint8a_context_edge_film,gatv2,graph_c_context_observation,S5F2_energy,val,1143,7822,,1,0.3953009843826294
sprint9_multiseed_S8A_R2_seed2024_S8A_R2_context_edge_film,S8A_R2_context_edge_film,graph_c_gatv2_context_edge_film_interaction,gatv2_graph_c_sprint8a_context_edge_film,gatv2,graph_c_context_observation,S5F2_energy,val,1144,7822,,1,0.6044459939002991
sprint9_multiseed_S8A_R2_seed2024_S8A_R2_context_edge_film,S8A_R2_context_edge_film,graph_c_gatv2_context_edge_film_interaction,gatv2_graph_c_sprint8a_context_edge_film,gatv2,graph_c_context_observation,S5F2_energy,val,1145,7822,,1,0.36790481209754944
sprint9_multiseed_S8A_R2_seed2024_S8A_R2_context_edge_film,S8A_R2_context_edge_film,graph_c_gatv2_context_edge_film_interaction,gatv2_graph_c_sprint8a_context_edge_film,gatv2,graph_c_context_observation,S5F2_energy,val,1146,7822,,1,0.6557900309562683
sprint9_multiseed_S8A_R2_seed2024_S8A_R2_context_edge_film,S8A_R2_context_edge_film,graph_c_gatv2_context_edge_film_interaction,gatv2_graph_c_sprint8a_context_edge_film,gatv2,graph_c_context_observation,S5F2_energy,val,1147,7822,,1,0.5352479219436646
sprint9_multiseed_S8A_R2_seed2024_S8A_R2_context_edge_film,S8A_R2_context_edge_film,graph_c_gatv2_context_edge_film_interaction,gatv2_graph_c_sprint8a_context_edge_film,gatv2,graph_c_context_observation,S5F2_energy,val,1148,7822,,1,0.5398148894309998
sprint9_multiseed_S8A_R2_seed2024_S8A_R2_context_edge_film,S8A_R2_context_edge_film,graph_c_gatv2_context_edge_film_interaction,gatv2_graph_c_sprint8a_context_edge_film,gatv2,graph_c_context_observation,S5F2_energy,val,1149,7822,,1,0.43541640043258667
sprint9_multiseed_S8A_R2_seed2024_S8A_R2_context_edge_film,S8A_R2_context_edge_film,graph_c_gatv2_context_edge_film_interaction,gatv2_graph_c_sprint8a_context_edge_film,gatv2,graph_c_context_observation,S5F2_energy,val,1150,7822,,1,0.5769109129905701
sprint9_multiseed_S8A_R2_seed2024_S8A_R2_context_edge_film,S8A_R2_context_edge_film,graph_c_gatv2_context_edge_film_interaction,gatv2_graph_c_sprint8a_context_edge_film,gatv2,graph_c_context_observation,S5F2_energy,val,1151,7822,,1,0.5730381608009338
sprint9_multiseed_S8A_R2_seed2024_S8A_R2_context_edge_film,S8A_R2_context_edge_film,graph_c_gatv2_context_edge_film_interaction,gatv2_graph_c_sprint8a_context_edge_film,gatv2,graph_c_context_observation,S5F2_energy,val,1152,7822,,1,0.6730241775512695
sprint9_multiseed_S8A_R2_seed2024_S8A_R2_context_edge_film,S8A_R2_context_edge_film,graph_c_gatv2_context_edge_film_interaction,gatv2_graph_c_sprint8a_context_edge_film,gatv2,graph_c_context_observation,S5F2_energy,val,1153,7822,,1,0.513250470161438
sprint9_multiseed_S8A_R2_seed2024_S8A_R2_context_edge_film,S8A_R2_context_edge_film,graph_c_gatv2_context_edge_film_interaction,gatv2_graph_c_sprint8a_context_edge_film,gatv2,graph_c_context_observation,S5F2_energy,val,1154,7822,,1,0.47622206807136536
sprint9_multiseed_S8A_R2_seed2024_S8A_R2_context_edge_film,S8A_R2_context_edge_film,graph_c_gatv2_context_edge_film_interaction,gatv2_graph_c_sprint8a_context_edge_film,gatv2,graph_c_context_observation,S5F2_energy,val,1155,7822,,1,0.5729424953460693
sprint9_multiseed_S8A_R2_seed2024_S8A_R2_context_edge_film,S8A_R2_context_edge_film,graph_c_gatv2_context_edge_film_interaction,gatv2_graph_c_sprint8a_context_edge_film,gatv2,graph_c_context_observation,S5F2_energy,val,1156,7822,,1,0.6289526224136353
sprint9_multiseed_S8A_R2_seed2024_S8A_R2_context_edge_film,S8A_R2_context_edge_film,graph_c_gatv2_context_edge_film_interaction,gatv2_graph_c_sprint8a_context_edge_film,gatv2,graph_c_context_observation,S5F2_energy,val,1157,7822,,1,0.47798728942871094
sprint9_multiseed_S8A_R2_seed2024_S8A_R2_context_edge_film,S8A_R2_context_edge_film,graph_c_gatv2_context_edge_film_interaction,gatv2_graph_c_sprint8a_context_edge_film,gatv2,graph_c_context_observation,S5F2_energy,val,1158,7822,,1,0.6343308687210083
sprint9_multiseed_S8A_R2_seed2024_S8A_R2_context_edge_film,S8A_R2_context_edge_film,graph_c_gatv2_context_edge_film_interaction,gatv2_graph_c_sprint8a_context_edge_film,gatv2,graph_c_context_observation,S5F2_energy,val,1159,7822,,1,0.6077316403388977
sprint9_multiseed_S8A_R2_seed2024_S8A_R2_context_edge_film,S8A_R2_context_edge_film,graph_c_gatv2_context_edge_film_interaction,gatv2_graph_c_sprint8a_context_edge_film,gatv2,graph_c_context_observation,S5F2_energy,val,1160,7822,,1,0.6564764380455017
sprint9_multiseed_S8A_R2_seed2024_S8A_R2_context_edge_film,S8A_R2_context_edge_film,graph_c_gatv2_context_edge_film_interaction,gatv2_graph_c_sprint8a_context_edge_film,gatv2,graph_c_context_observation,S5F2_energy,val,1161,7822,,1,0.599195122718811
sprint9_multiseed_S8A_R2_seed2024_S8A_R2_context_edge_film,S8A_R2_context_edge_film,graph_c_gatv2_context_edge_film_interaction,gatv2_graph_c_sprint8a_context_edge_film,gatv2,graph_c_context_observation,S5F2_energy,val,1162,7822,,1,0.6459015011787415
sprint9_multiseed_S8A_R2_seed2024_S8A_R2_context_edge_film,S8A_R2_context_edge_film,graph_c_gatv2_context_edge_film_interaction,gatv2_graph_c_sprint8a_context_edge_film,gatv2,graph_c_context_observation,S5F2_energy,val,1163,7822,,1,0.6051138639450073
sprint9_multiseed_S8A_R2_seed2024_S8A_R2_context_edge_film,S8A_R2_context_edge_film,graph_c_gatv2_context_edge_film_interaction,gatv2_graph_c_sprint8a_context_edge_film,gatv2,graph_c_context_observation,S5F2_energy,val,1164,7822,,1,0.6271727085113525
sprint9_multiseed_S8A_R2_seed2024_S8A_R2_context_edge_film,S8A_R2_context_edge_film,graph_c_gatv2_context_edge_film_interaction,gatv2_graph_c_sprint8a_context_edge_film,gatv2,graph_c_context_observation,S5F2_energy,val,1165,7822,,1,0.514397144317627
sprint9_multiseed_S8A_R2_seed2024_S8A_R2_context_edge_film,S8A_R2_context_edge_film,graph_c_gatv2_context_edge_film_interaction,gatv2_graph_c_sprint8a_context_edge_film,gatv2,graph_c_context_observation,S5F2_energy,val,1166,7822,,1,0.47681325674057007
sprint9_multiseed_S8A_R2_seed2024_S8A_R2_context_edge_film,S8A_R2_context_edge_film,graph_c_gatv2_context_edge_film_interaction,gatv2_graph_c_sprint8a_context_edge_film,gatv2,graph_c_context_observation,S5F2_energy,val,1167,7822,,1,0.5291324853897095
sprint9_multiseed_S8A_R2_seed2024_S8A_R2_context_edge_film,S8A_R2_context_edge_film,graph_c_gatv2_context_edge_film_interaction,gatv2_graph_c_sprint8a_context_edge_film,gatv2,graph_c_context_observation,S5F2_energy,val,1168,7822,,1,0.6339828372001648
sprint9_multiseed_S8A_R2_seed2024_S8A_R2_context_edge_film,S8A_R2_context_edge_film,graph_c_gatv2_context_edge_film_interaction,gatv2_graph_c_sprint8a_context_edge_film,gatv2,graph_c_context_observation,S5F2_energy,val,1169,7822,,1,0.5096229910850525
sprint9_multiseed_S8A_R2_seed2024_S8A_R2_context_edge_film,S8A_R2_context_edge_film,graph_c_gatv2_context_edge_film_interaction,gatv2_graph_c_sprint8a_context_edge_film,gatv2,graph_c_context_observation,S5F2_energy,val,1170,7822,,1,0.6481251120567322
sprint9_multiseed_S8A_R2_seed2024_S8A_R2_context_edge_film,S8A_R2_context_edge_film,graph_c_gatv2_context_edge_film_interaction,gatv2_graph_c_sprint8a_context_edge_film,gatv2,graph_c_context_observation,S5F2_energy,val,1171,7822,,1,0.5409855246543884
sprint9_multiseed_S8A_R2_seed2024_S8A_R2_context_edge_film,S8A_R2_context_edge_film,graph_c_gatv2_context_edge_film_interaction,gatv2_graph_c_sprint8a_context_edge_film,gatv2,graph_c_context_observation,S5F2_energy,val,1172,7822,,1,0.5838008522987366
sprint9_multiseed_S8A_R2_seed2024_S8A_R2_context_edge_film,S8A_R2_context_edge_film,graph_c_gatv2_context_edge_film_interaction,gatv2_graph_c_sprint8a_context_edge_film,gatv2,graph_c_context_observation,S5F2_energy,val,1173,7822,,1,0.5229433178901672
sprint9_multiseed_S8A_R2_seed2024_S8A_R2_context_edge_film,S8A_R2_context_edge_film,graph_c_gatv2_context_edge_film_interaction,gatv2_graph_c_sprint8a_context_edge_film,gatv2,graph_c_context_observation,S5F2_energy,val,1174,7822,,1,0.4861893653869629
sprint9_multiseed_S8A_R2_seed2024_S8A_R2_context_edge_film,S8A_R2_context_edge_film,graph_c_gatv2_context_edge_film_interaction,gatv2_graph_c_sprint8a_context_edge_film,gatv2,graph_c_context_observation,S5F2_energy,val,1175,7822,,1,0.45399150252342224
sprint9_multiseed_S8A_R2_seed2024_S8A_R2_context_edge_film,S8A_R2_context_edge_film,graph_c_gatv2_context_edge_film_interaction,gatv2_graph_c_sprint8a_context_edge_film,gatv2,graph_c_context_observation,S5F2_energy,val,1176,7822,,1,0.6916515827178955
sprint9_multiseed_S8A_R2_seed2024_S8A_R2_context_edge_film,S8A_R2_context_edge_film,graph_c_gatv2_context_edge_film_interaction,gatv2_graph_c_sprint8a_context_edge_film,gatv2,graph_c_context_observation,S5F2_energy,val,1177,7822,,1,0.6459256410598755
sprint9_multiseed_S8A_R2_seed2024_S8A_R2_context_edge_film,S8A_R2_context_edge_film,graph_c_gatv2_context_edge_film_interaction,gatv2_graph_c_sprint8a_context_edge_film,gatv2,graph_c_context_observation,S5F2_energy,val,1178,7822,,1,0.6015128493309021
sprint9_multiseed_S8A_R2_seed2024_S8A_R2_context_edge_film,S8A_R2_context_edge_film,graph_c_gatv2_context_edge_film_interaction,gatv2_graph_c_sprint8a_context_edge_film,gatv2,graph_c_context_observation,S5F2_energy,val,1179,7822,,1,0.47913119196891785
sprint9_multiseed_S8A_R2_seed2024_S8A_R2_context_edge_film,S8A_R2_context_edge_film,graph_c_gatv2_context_edge_film_interaction,gatv2_graph_c_sprint8a_context_edge_film,gatv2,graph_c_context_observation,S5F2_energy,val,1180,7822,,1,0.5950616598129272
sprint9_multiseed_S8A_R2_seed2024_S8A_R2_context_edge_film,S8A_R2_context_edge_film,graph_c_gatv2_context_edge_film_interaction,gatv2_graph_c_sprint8a_context_edge_film,gatv2,graph_c_context_observation,S5F2_energy,val,1181,7822,,1,0.6170253753662109
sprint9_multiseed_S8A_R2_seed2024_S8A_R2_context_edge_film,S8A_R2_context_edge_film,graph_c_gatv2_context_edge_film_interaction,gatv2_graph_c_sprint8a_context_edge_film,gatv2,graph_c_context_observation,S5F2_energy,val,1182,7822,,1,0.555353581905365
sprint9_multiseed_S8A_R2_seed2024_S8A_R2_context_edge_film,S8A_R2_context_edge_film,graph_c_gatv2_context_edge_film_interaction,gatv2_graph_c_sprint8a_context_edge_film,gatv2,graph_c_context_observation,S5F2_energy,val,1183,7822,,1,0.5369570255279541
sprint9_multiseed_S8A_R2_seed2024_S8A_R2_context_edge_film,S8A_R2_context_edge_film,graph_c_gatv2_context_edge_film_interaction,gatv2_graph_c_sprint8a_context_edge_film,gatv2,graph_c_context_observation,S5F2_energy,val,1184,7822,,1,0.5992664098739624
sprint9_multiseed_S8A_R2_seed2024_S8A_R2_context_edge_film,S8A_R2_context_edge_film,graph_c_gatv2_context_edge_film_interaction,gatv2_graph_c_sprint8a_context_edge_film,gatv2,graph_c_context_observation,S5F2_energy,val,1185,7822,,1,0.5617937445640564
sprint9_multiseed_S8A_R2_seed2024_S8A_R2_context_edge_film,S8A_R2_context_edge_film,graph_c_gatv2_context_edge_film_interaction,gatv2_graph_c_sprint8a_context_edge_film,gatv2,graph_c_context_observation,S5F2_energy,val,1186,7822,,1,0.5097302198410034
sprint9_multiseed_S8A_R2_seed2024_S8A_R2_context_edge_film,S8A_R2_context_edge_film,graph_c_gatv2_context_edge_film_interaction,gatv2_graph_c_sprint8a_context_edge_film,gatv2,graph_c_context_observation,S5F2_energy,val,1187,7822,,1,0.5630428194999695
sprint9_multiseed_S8A_R2_seed2024_S8A_R2_context_edge_film,S8A_R2_context_edge_film,graph_c_gatv2_context_edge_film_interaction,gatv2_graph_c_sprint8a_context_edge_film,gatv2,graph_c_context_observation,S5F2_energy,val,1188,7822,,1,0.5996007919311523
sprint9_multiseed_S8A_R2_seed2024_S8A_R2_context_edge_film,S8A_R2_context_edge_film,graph_c_gatv2_context_edge_film_interaction,gatv2_graph_c_sprint8a_context_edge_film,gatv2,graph_c_context_observation,S5F2_energy,val,1189,7822,,1,0.5305883288383484
sprint9_multiseed_S8A_R2_seed2024_S8A_R2_context_edge_film,S8A_R2_context_edge_film,graph_c_gatv2_context_edge_film_interaction,gatv2_graph_c_sprint8a_context_edge_film,gatv2,graph_c_context_observation,S5F2_energy,val,1190,7822,,1,0.4261460304260254
sprint9_multiseed_S8A_R2_seed2024_S8A_R2_context_edge_film,S8A_R2_context_edge_film,graph_c_gatv2_context_edge_film_interaction,gatv2_graph_c_sprint8a_context_edge_film,gatv2,graph_c_context_observation,S5F2_energy,val,1191,7822,,1,0.6179448962211609
sprint9_multiseed_S8A_R2_seed2024_S8A_R2_context_edge_film,S8A_R2_context_edge_film,graph_c_gatv2_context_edge_film_interaction,gatv2_graph_c_sprint8a_context_edge_film,gatv2,graph_c_context_observation,S5F2_energy,val,1192,7822,,1,0.5575682520866394
sprint9_multiseed_S8A_R2_seed2024_S8A_R2_context_edge_film,S8A_R2_context_edge_film,graph_c_gatv2_context_edge_film_interaction,gatv2_graph_c_sprint8a_context_edge_film,gatv2,graph_c_context_observation,S5F2_energy,val,1193,7822,,1,0.6362372636795044
sprint9_multiseed_S8A_R2_seed2024_S8A_R2_context_edge_film,S8A_R2_context_edge_film,graph_c_gatv2_context_edge_film_interaction,gatv2_graph_c_sprint8a_context_edge_film,gatv2,graph_c_context_observation,S5F2_energy,val,1194,7822,,1,0.6155716776847839
sprint9_multiseed_S8A_R2_seed2024_S8A_R2_context_edge_film,S8A_R2_context_edge_film,graph_c_gatv2_context_edge_film_interaction,gatv2_graph_c_sprint8a_context_edge_film,gatv2,graph_c_context_observation,S5F2_energy,val,1195,7822,,1,0.5487573146820068
sprint9_multiseed_S8A_R2_seed2024_S8A_R2_context_edge_film,S8A_R2_context_edge_film,graph_c_gatv2_context_edge_film_interaction,gatv2_graph_c_sprint8a_context_edge_film,gatv2,graph_c_context_observation,S5F2_energy,val,1196,7822,,1,0.5394272804260254
sprint9_multiseed_S8A_R2_seed2024_S8A_R2_context_edge_film,S8A_R2_context_edge_film,graph_c_gatv2_context_edge_film_interaction,gatv2_graph_c_sprint8a_context_edge_film,gatv2,graph_c_context_observation,S5F2_energy,val,1197,7822,,1,0.6712790727615356
sprint9_multiseed_S8A_R2_seed2024_S8A_R2_context_edge_film,S8A_R2_context_edge_film,graph_c_gatv2_context_edge_film_interaction,gatv2_graph_c_sprint8a_context_edge_film,gatv2,graph_c_context_observation,S5F2_energy,val,1198,7822,,1,0.6053019762039185
sprint9_multiseed_S8A_R2_seed2024_S8A_R2_context_edge_film,S8A_R2_context_edge_film,graph_c_gatv2_context_edge_film_interaction,gatv2_graph_c_sprint8a_context_edge_film,gatv2,graph_c_context_observation,S5F2_energy,val,1199,7822,,1,0.6565905213356018
sprint9_multiseed_S8A_R2_seed2024_S8A_R2_context_edge_film,S8A_R2_context_edge_film,graph_c_gatv2_context_edge_film_interaction,gatv2_graph_c_sprint8a_context_edge_film,gatv2,graph_c_context_observation,S5F2_energy,val,1200,7822,,1,0.542343258857727
sprint9_multiseed_S8A_R2_seed2024_S8A_R2_context_edge_film,S8A_R2_context_edge_film,graph_c_gatv2_context_edge_film_interaction,gatv2_graph_c_sprint8a_context_edge_film,gatv2,graph_c_context_observation,S5F2_energy,val,1201,7822,,1,0.4970855414867401
sprint9_multiseed_S8A_R2_seed2024_S8A_R2_context_edge_film,S8A_R2_context_edge_film,graph_c_gatv2_context_edge_film_interaction,gatv2_graph_c_sprint8a_context_edge_film,gatv2,graph_c_context_observation,S5F2_energy,val,1202,7822,,1,0.549409031867981
sprint9_multiseed_S8A_R2_seed2024_S8A_R2_context_edge_film,S8A_R2_context_edge_film,graph_c_gatv2_context_edge_film_interaction,gatv2_graph_c_sprint8a_context_edge_film,gatv2,graph_c_context_observation,S5F2_energy,val,1203,7822,,1,0.5911303758621216
sprint9_multiseed_S8A_R2_seed2024_S8A_R2_context_edge_film,S8A_R2_context_edge_film,graph_c_gatv2_context_edge_film_interaction,gatv2_graph_c_sprint8a_context_edge_film,gatv2,graph_c_context_observation,S5F2_energy,val,1204,7822,,1,0.5674124360084534
sprint9_multiseed_S8A_R2_seed2024_S8A_R2_context_edge_film,S8A_R2_context_edge_film,graph_c_gatv2_context_edge_film_interaction,gatv2_graph_c_sprint8a_context_edge_film,gatv2,graph_c_context_observation,S5F2_energy,val,1205,7822,,1,0.6010420322418213
sprint9_multiseed_S8A_R2_seed2024_S8A_R2_context_edge_film,S8A_R2_context_edge_film,graph_c_gatv2_context_edge_film_interaction,gatv2_graph_c_sprint8a_context_edge_film,gatv2,graph_c_context_observation,S5F2_energy,val,1206,7822,,1,0.5937607884407043
sprint9_multiseed_S8A_R2_seed2024_S8A_R2_context_edge_film,S8A_R2_context_edge_film,graph_c_gatv2_context_edge_film_interaction,gatv2_graph_c_sprint8a_context_edge_film,gatv2,graph_c_context_observation,S5F2_energy,val,1207,7822,,1,0.4893372058868408
sprint9_multiseed_S8A_R2_seed2024_S8A_R2_context_edge_film,S8A_R2_context_edge_film,graph_c_gatv2_context_edge_film_interaction,gatv2_graph_c_sprint8a_context_edge_film,gatv2,graph_c_context_observation,S5F2_energy,val,1208,7822,,1,0.3717038631439209
sprint9_multiseed_S8A_R2_seed2024_S8A_R2_context_edge_film,S8A_R2_context_edge_film,graph_c_gatv2_context_edge_film_interaction,gatv2_graph_c_sprint8a_context_edge_film,gatv2,graph_c_context_observation,S5F2_energy,val,1209,7822,,1,0.49145567417144775
sprint9_multiseed_S8A_R2_seed2024_S8A_R2_context_edge_film,S8A_R2_context_edge_film,graph_c_gatv2_context_edge_film_interaction,gatv2_graph_c_sprint8a_context_edge_film,gatv2,graph_c_context_observation,S5F2_energy,val,1210,7822,,1,0.6586321592330933
sprint9_multiseed_S8A_R2_seed2024_S8A_R2_context_edge_film,S8A_R2_context_edge_film,graph_c_gatv2_context_edge_film_interaction,gatv2_graph_c_sprint8a_context_edge_film,gatv2,graph_c_context_observation,S5F2_energy,val,1211,7822,,1,0.5519967079162598
sprint9_multiseed_S8A_R2_seed2024_S8A_R2_context_edge_film,S8A_R2_context_edge_film,graph_c_gatv2_context_edge_film_interaction,gatv2_graph_c_sprint8a_context_edge_film,gatv2,graph_c_context_observation,S5F2_energy,val,1212,7822,,1,0.6481634378433228
sprint9_multiseed_S8A_R2_seed2024_S8A_R2_context_edge_film,S8A_R2_context_edge_film,graph_c_gatv2_context_edge_film_interaction,gatv2_graph_c_sprint8a_context_edge_film,gatv2,graph_c_context_observation,S5F2_energy,val,1213,7822,,1,0.46047690510749817
sprint9_multiseed_S8A_R2_seed2024_S8A_R2_context_edge_film,S8A_R2_context_edge_film,graph_c_gatv2_context_edge_film_interaction,gatv2_graph_c_sprint8a_context_edge_film,gatv2,graph_c_context_observation,S5F2_energy,val,1214,7822,,1,0.5225496888160706
sprint9_multiseed_S8A_R2_seed2024_S8A_R2_context_edge_film,S8A_R2_context_edge_film,graph_c_gatv2_context_edge_film_interaction,gatv2_graph_c_sprint8a_context_edge_film,gatv2,graph_c_context_observation,S5F2_energy,val,1215,7822,,1,0.5553886294364929
sprint9_multiseed_S8A_R2_seed2024_S8A_R2_context_edge_film,S8A_R2_context_edge_film,graph_c_gatv2_context_edge_film_interaction,gatv2_graph_c_sprint8a_context_edge_film,gatv2,graph_c_context_observation,S5F2_energy,val,1216,7822,,1,0.6342381834983826
sprint9_multiseed_S8A_R2_seed2024_S8A_R2_context_edge_film,S8A_R2_context_edge_film,graph_c_gatv2_context_edge_film_interaction,gatv2_graph_c_sprint8a_context_edge_film,gatv2,graph_c_context_observation,S5F2_energy,val,1217,7822,,1,0.6713812351226807
sprint9_multiseed_S8A_R2_seed2024_S8A_R2_context_edge_film,S8A_R2_context_edge_film,graph_c_gatv2_context_edge_film_interaction,gatv2_graph_c_sprint8a_context_edge_film,gatv2,graph_c_context_observation,S5F2_energy,val,1218,7822,,1,0.6151180863380432
sprint9_multiseed_S8A_R2_seed2024_S8A_R2_context_edge_film,S8A_R2_context_edge_film,graph_c_gatv2_context_edge_film_interaction,gatv2_graph_c_sprint8a_context_edge_film,gatv2,graph_c_context_observation,S5F2_energy,val,1219,7822,,1,0.6084014177322388
sprint9_multiseed_S8A_R2_seed2024_S8A_R2_context_edge_film,S8A_R2_context_edge_film,graph_c_gatv2_context_edge_film_interaction,gatv2_graph_c_sprint8a_context_edge_film,gatv2,graph_c_context_observation,S5F2_energy,val,1220,7822,,1,0.5521802306175232
sprint9_multiseed_S8A_R2_seed2024_S8A_R2_context_edge_film,S8A_R2_context_edge_film,graph_c_gatv2_context_edge_film_interaction,gatv2_graph_c_sprint8a_context_edge_film,gatv2,graph_c_context_observation,S5F2_energy,val,1221,7822,,1,0.6859152913093567
sprint9_multiseed_S8A_R2_seed2024_S8A_R2_context_edge_film,S8A_R2_context_edge_film,graph_c_gatv2_context_edge_film_interaction,gatv2_graph_c_sprint8a_context_edge_film,gatv2,graph_c_context_observation,S5F2_energy,val,1222,7822,,1,0.465221643447876
sprint9_multiseed_S8A_R2_seed2024_S8A_R2_context_edge_film,S8A_R2_context_edge_film,graph_c_gatv2_context_edge_film_interaction,gatv2_graph_c_sprint8a_context_edge_film,gatv2,graph_c_context_observation,S5F2_energy,val,1223,7822,,1,0.5212796926498413
sprint9_multiseed_S8A_R2_seed2024_S8A_R2_context_edge_film,S8A_R2_context_edge_film,graph_c_gatv2_context_edge_film_interaction,gatv2_graph_c_sprint8a_context_edge_film,gatv2,graph_c_context_observation,S5F2_energy,val,1224,7822,,1,0.5264803767204285
sprint9_multiseed_S8A_R2_seed2024_S8A_R2_context_edge_film,S8A_R2_context_edge_film,graph_c_gatv2_context_edge_film_interaction,gatv2_graph_c_sprint8a_context_edge_film,gatv2,graph_c_context_observation,S5F2_energy,val,1225,7822,,1,0.48008692264556885
sprint9_multiseed_S8A_R2_seed2024_S8A_R2_context_edge_film,S8A_R2_context_edge_film,graph_c_gatv2_context_edge_film_interaction,gatv2_graph_c_sprint8a_context_edge_film,gatv2,graph_c_context_observation,S5F2_energy,val,1226,7822,,1,0.6116910576820374
sprint9_multiseed_S8A_R2_seed2024_S8A_R2_context_edge_film,S8A_R2_context_edge_film,graph_c_gatv2_context_edge_film_interaction,gatv2_graph_c_sprint8a_context_edge_film,gatv2,graph_c_context_observation,S5F2_energy,val,1227,7822,,1,0.615070104598999
sprint9_multiseed_S8A_R2_seed2024_S8A_R2_context_edge_film,S8A_R2_context_edge_film,graph_c_gatv2_context_edge_film_interaction,gatv2_graph_c_sprint8a_context_edge_film,gatv2,graph_c_context_observation,S5F2_energy,val,1228,7822,,1,0.5789975523948669
sprint9_multiseed_S8A_R2_seed2024_S8A_R2_context_edge_film,S8A_R2_context_edge_film,graph_c_gatv2_context_edge_film_interaction,gatv2_graph_c_sprint8a_context_edge_film,gatv2,graph_c_context_observation,S5F2_energy,val,1229,7822,,1,0.6259211301803589
sprint9_multiseed_S8A_R2_seed2024_S8A_R2_context_edge_film,S8A_R2_context_edge_film,graph_c_gatv2_context_edge_film_interaction,gatv2_graph_c_sprint8a_context_edge_film,gatv2,graph_c_context_observation,S5F2_energy,val,1230,7822,,1,0.5204117894172668
sprint9_multiseed_S8A_R2_seed2024_S8A_R2_context_edge_film,S8A_R2_context_edge_film,graph_c_gatv2_context_edge_film_interaction,gatv2_graph_c_sprint8a_context_edge_film,gatv2,graph_c_context_observation,S5F2_energy,val,1231,7822,,1,0.6184914112091064
sprint9_multiseed_S8A_R2_seed2024_S8A_R2_context_edge_film,S8A_R2_context_edge_film,graph_c_gatv2_context_edge_film_interaction,gatv2_graph_c_sprint8a_context_edge_film,gatv2,graph_c_context_observation,S5F2_energy,val,1232,7822,,1,0.5265039801597595
sprint9_multiseed_S8A_R2_seed2024_S8A_R2_context_edge_film,S8A_R2_context_edge_film,graph_c_gatv2_context_edge_film_interaction,gatv2_graph_c_sprint8a_context_edge_film,gatv2,graph_c_context_observation,S5F2_energy,val,1233,7822,,1,0.5400188565254211
sprint9_multiseed_S8A_R2_seed2024_S8A_R2_context_edge_film,S8A_R2_context_edge_film,graph_c_gatv2_context_edge_film_interaction,gatv2_graph_c_sprint8a_context_edge_film,gatv2,graph_c_context_observation,S5F2_energy,val,1234,7822,,1,0.596945583820343
sprint9_multiseed_S8A_R2_seed2024_S8A_R2_context_edge_film,S8A_R2_context_edge_film,graph_c_gatv2_context_edge_film_interaction,gatv2_graph_c_sprint8a_context_edge_film,gatv2,graph_c_context_observation,S5F2_energy,val,1235,7822,,1,0.5262468457221985
sprint9_multiseed_S8A_R2_seed2024_S8A_R2_context_edge_film,S8A_R2_context_edge_film,graph_c_gatv2_context_edge_film_interaction,gatv2_graph_c_sprint8a_context_edge_film,gatv2,graph_c_context_observation,S5F2_energy,val,1236,7822,,1,0.4490155279636383
sprint9_multiseed_S8A_R2_seed2024_S8A_R2_context_edge_film,S8A_R2_context_edge_film,graph_c_gatv2_context_edge_film_interaction,gatv2_graph_c_sprint8a_context_edge_film,gatv2,graph_c_context_observation,S5F2_energy,val,1237,7822,,1,0.624445378780365
sprint9_multiseed_S8A_R2_seed2024_S8A_R2_context_edge_film,S8A_R2_context_edge_film,graph_c_gatv2_context_edge_film_interaction,gatv2_graph_c_sprint8a_context_edge_film,gatv2,graph_c_context_observation,S5F2_energy,val,1238,7822,,1,0.6730688810348511
sprint9_multiseed_S8A_R2_seed2024_S8A_R2_context_edge_film,S8A_R2_context_edge_film,graph_c_gatv2_context_edge_film_interaction,gatv2_graph_c_sprint8a_context_edge_film,gatv2,graph_c_context_observation,S5F2_energy,val,1239,7822,,1,0.5702563524246216
sprint9_multiseed_S8A_R2_seed2024_S8A_R2_context_edge_film,S8A_R2_context_edge_film,graph_c_gatv2_context_edge_film_interaction,gatv2_graph_c_sprint8a_context_edge_film,gatv2,graph_c_context_observation,S5F2_energy,val,1240,7822,,1,0.4361518621444702
sprint9_multiseed_S8A_R2_seed2024_S8A_R2_context_edge_film,S8A_R2_context_edge_film,graph_c_gatv2_context_edge_film_interaction,gatv2_graph_c_sprint8a_context_edge_film,gatv2,graph_c_context_observation,S5F2_energy,val,1241,7822,,1,0.5825173854827881
sprint9_multiseed_S8A_R2_seed2024_S8A_R2_context_edge_film,S8A_R2_context_edge_film,graph_c_gatv2_context_edge_film_interaction,gatv2_graph_c_sprint8a_context_edge_film,gatv2,graph_c_context_observation,S5F2_energy,val,1242,7822,,1,0.5696738958358765
sprint9_multiseed_S8A_R2_seed2024_S8A_R2_context_edge_film,S8A_R2_context_edge_film,graph_c_gatv2_context_edge_film_interaction,gatv2_graph_c_sprint8a_context_edge_film,gatv2,graph_c_context_observation,S5F2_energy,val,1243,7822,,1,0.4902009069919586
sprint9_multiseed_S8A_R2_seed2024_S8A_R2_context_edge_film,S8A_R2_context_edge_film,graph_c_gatv2_context_edge_film_interaction,gatv2_graph_c_sprint8a_context_edge_film,gatv2,graph_c_context_observation,S5F2_energy,val,1244,7822,,1,0.5757006406784058
sprint9_multiseed_S8A_R2_seed2024_S8A_R2_context_edge_film,S8A_R2_context_edge_film,graph_c_gatv2_context_edge_film_interaction,gatv2_graph_c_sprint8a_context_edge_film,gatv2,graph_c_context_observation,S5F2_energy,val,1245,7822,,1,0.5991122722625732
sprint9_multiseed_S8A_R2_seed2024_S8A_R2_context_edge_film,S8A_R2_context_edge_film,graph_c_gatv2_context_edge_film_interaction,gatv2_graph_c_sprint8a_context_edge_film,gatv2,graph_c_context_observation,S5F2_energy,val,1246,7822,,1,0.6036245822906494
sprint9_multiseed_S8A_R2_seed2024_S8A_R2_context_edge_film,S8A_R2_context_edge_film,graph_c_gatv2_context_edge_film_interaction,gatv2_graph_c_sprint8a_context_edge_film,gatv2,graph_c_context_observation,S5F2_energy,val,1247,7822,,1,0.5762866139411926
sprint9_multiseed_S8A_R2_seed2024_S8A_R2_context_edge_film,S8A_R2_context_edge_film,graph_c_gatv2_context_edge_film_interaction,gatv2_graph_c_sprint8a_context_edge_film,gatv2,graph_c_context_observation,S5F2_energy,val,1248,7822,,1,0.5199031829833984
sprint9_multiseed_S8A_R2_seed2024_S8A_R2_context_edge_film,S8A_R2_context_edge_film,graph_c_gatv2_context_edge_film_interaction,gatv2_graph_c_sprint8a_context_edge_film,gatv2,graph_c_context_observation,S5F2_energy,val,1249,7822,,1,0.6559590101242065
sprint9_multiseed_S8A_R2_seed2024_S8A_R2_context_edge_film,S8A_R2_context_edge_film,graph_c_gatv2_context_edge_film_interaction,gatv2_graph_c_sprint8a_context_edge_film,gatv2,graph_c_context_observation,S5F2_energy,val,1250,7822,,1,0.6069728136062622
sprint9_multiseed_S8A_R2_seed2024_S8A_R2_context_edge_film,S8A_R2_context_edge_film,graph_c_gatv2_context_edge_film_interaction,gatv2_graph_c_sprint8a_context_edge_film,gatv2,graph_c_context_observation,S5F2_energy,val,1251,7822,,1,0.48144832253456116
sprint9_multiseed_S8A_R2_seed2024_S8A_R2_context_edge_film,S8A_R2_context_edge_film,graph_c_gatv2_context_edge_film_interaction,gatv2_graph_c_sprint8a_context_edge_film,gatv2,graph_c_context_observation,S5F2_energy,val,1252,7822,,1,0.4823884665966034
sprint9_multiseed_S8A_R2_seed2024_S8A_R2_context_edge_film,S8A_R2_context_edge_film,graph_c_gatv2_context_edge_film_interaction,gatv2_graph_c_sprint8a_context_edge_film,gatv2,graph_c_context_observation,S5F2_energy,val,1253,7822,,1,0.562775194644928
sprint9_multiseed_S8A_R2_seed2024_S8A_R2_context_edge_film,S8A_R2_context_edge_film,graph_c_gatv2_context_edge_film_interaction,gatv2_graph_c_sprint8a_context_edge_film,gatv2,graph_c_context_observation,S5F2_energy,val,1254,7822,,1,0.5386745929718018
sprint9_multiseed_S8A_R2_seed2024_S8A_R2_context_edge_film,S8A_R2_context_edge_film,graph_c_gatv2_context_edge_film_interaction,gatv2_graph_c_sprint8a_context_edge_film,gatv2,graph_c_context_observation,S5F2_energy,val,1255,7822,,1,0.6149963736534119
sprint9_multiseed_S8A_R2_seed2024_S8A_R2_context_edge_film,S8A_R2_context_edge_film,graph_c_gatv2_context_edge_film_interaction,gatv2_graph_c_sprint8a_context_edge_film,gatv2,graph_c_context_observation,S5F2_energy,val,1256,7822,,1,0.5563058257102966
sprint9_multiseed_S8A_R2_seed2024_S8A_R2_context_edge_film,S8A_R2_context_edge_film,graph_c_gatv2_context_edge_film_interaction,gatv2_graph_c_sprint8a_context_edge_film,gatv2,graph_c_context_observation,S5F2_energy,val,1257,7822,,1,0.551389217376709
sprint9_multiseed_S8A_R2_seed2024_S8A_R2_context_edge_film,S8A_R2_context_edge_film,graph_c_gatv2_context_edge_film_interaction,gatv2_graph_c_sprint8a_context_edge_film,gatv2,graph_c_context_observation,S5F2_energy,val,1258,7822,,1,0.6244791150093079
sprint9_multiseed_S8A_R2_seed2024_S8A_R2_context_edge_film,S8A_R2_context_edge_film,graph_c_gatv2_context_edge_film_interaction,gatv2_graph_c_sprint8a_context_edge_film,gatv2,graph_c_context_observation,S5F2_energy,val,1259,7822,,1,0.5967081785202026
sprint9_multiseed_S8A_R2_seed2024_S8A_R2_context_edge_film,S8A_R2_context_edge_film,graph_c_gatv2_context_edge_film_interaction,gatv2_graph_c_sprint8a_context_edge_film,gatv2,graph_c_context_observation,S5F2_energy,val,1260,7822,,1,0.6016319394111633
sprint9_multiseed_S8A_R2_seed2024_S8A_R2_context_edge_film,S8A_R2_context_edge_film,graph_c_gatv2_context_edge_film_interaction,gatv2_graph_c_sprint8a_context_edge_film,gatv2,graph_c_context_observation,S5F2_energy,val,1261,7822,,1,0.49005427956581116
sprint9_multiseed_S8A_R2_seed2024_S8A_R2_context_edge_film,S8A_R2_context_edge_film,graph_c_gatv2_context_edge_film_interaction,gatv2_graph_c_sprint8a_context_edge_film,gatv2,graph_c_context_observation,S5F2_energy,val,1262,7822,,1,0.5567638874053955
sprint9_multiseed_S8A_R2_seed2024_S8A_R2_context_edge_film,S8A_R2_context_edge_film,graph_c_gatv2_context_edge_film_interaction,gatv2_graph_c_sprint8a_context_edge_film,gatv2,graph_c_context_observation,S5F2_energy,val,1263,7822,,1,0.49380365014076233
sprint9_multiseed_S8A_R2_seed2024_S8A_R2_context_edge_film,S8A_R2_context_edge_film,graph_c_gatv2_context_edge_film_interaction,gatv2_graph_c_sprint8a_context_edge_film,gatv2,graph_c_context_observation,S5F2_energy,val,1264,7822,,1,0.6229601502418518
sprint9_multiseed_S8A_R2_seed2024_S8A_R2_context_edge_film,S8A_R2_context_edge_film,graph_c_gatv2_context_edge_film_interaction,gatv2_graph_c_sprint8a_context_edge_film,gatv2,graph_c_context_observation,S5F2_energy,val,1265,7822,,1,0.44336703419685364
sprint9_multiseed_S8A_R2_seed2024_S8A_R2_context_edge_film,S8A_R2_context_edge_film,graph_c_gatv2_context_edge_film_interaction,gatv2_graph_c_sprint8a_context_edge_film,gatv2,graph_c_context_observation,S5F2_energy,val,1266,7822,,1,0.5317179560661316
sprint9_multiseed_S8A_R2_seed2024_S8A_R2_context_edge_film,S8A_R2_context_edge_film,graph_c_gatv2_context_edge_film_interaction,gatv2_graph_c_sprint8a_context_edge_film,gatv2,graph_c_context_observation,S5F2_energy,val,1267,7822,,1,0.5895071029663086
sprint9_multiseed_S8A_R2_seed2024_S8A_R2_context_edge_film,S8A_R2_context_edge_film,graph_c_gatv2_context_edge_film_interaction,gatv2_graph_c_sprint8a_context_edge_film,gatv2,graph_c_context_observation,S5F2_energy,val,1268,7822,,1,0.559935450553894
sprint9_multiseed_S8A_R2_seed2024_S8A_R2_context_edge_film,S8A_R2_context_edge_film,graph_c_gatv2_context_edge_film_interaction,gatv2_graph_c_sprint8a_context_edge_film,gatv2,graph_c_context_observation,S5F2_energy,val,1269,7822,,1,0.6929903030395508
sprint9_multiseed_S8A_R2_seed2024_S8A_R2_context_edge_film,S8A_R2_context_edge_film,graph_c_gatv2_context_edge_film_interaction,gatv2_graph_c_sprint8a_context_edge_film,gatv2,graph_c_context_observation,S5F2_energy,val,1270,7822,,1,0.5045301914215088
sprint9_multiseed_S8A_R2_seed2024_S8A_R2_context_edge_film,S8A_R2_context_edge_film,graph_c_gatv2_context_edge_film_interaction,gatv2_graph_c_sprint8a_context_edge_film,gatv2,graph_c_context_observation,S5F2_energy,val,1271,7822,,1,0.5658324956893921
sprint9_multiseed_S8A_R2_seed2024_S8A_R2_context_edge_film,S8A_R2_context_edge_film,graph_c_gatv2_context_edge_film_interaction,gatv2_graph_c_sprint8a_context_edge_film,gatv2,graph_c_context_observation,S5F2_energy,val,1272,7822,,1,0.48113346099853516
sprint9_multiseed_S8A_R2_seed2024_S8A_R2_context_edge_film,S8A_R2_context_edge_film,graph_c_gatv2_context_edge_film_interaction,gatv2_graph_c_sprint8a_context_edge_film,gatv2,graph_c_context_observation,S5F2_energy,val,1273,7822,,1,0.49028077721595764
sprint9_multiseed_S8A_R2_seed2024_S8A_R2_context_edge_film,S8A_R2_context_edge_film,graph_c_gatv2_context_edge_film_interaction,gatv2_graph_c_sprint8a_context_edge_film,gatv2,graph_c_context_observation,S5F2_energy,val,1274,7822,,1,0.5037521719932556
sprint9_multiseed_S8A_R2_seed2024_S8A_R2_context_edge_film,S8A_R2_context_edge_film,graph_c_gatv2_context_edge_film_interaction,gatv2_graph_c_sprint8a_context_edge_film,gatv2,graph_c_context_observation,S5F2_energy,val,1275,7822,,1,0.6180412769317627
sprint9_multiseed_S8A_R2_seed2024_S8A_R2_context_edge_film,S8A_R2_context_edge_film,graph_c_gatv2_context_edge_film_interaction,gatv2_graph_c_sprint8a_context_edge_film,gatv2,graph_c_context_observation,S5F2_energy,val,1276,7822,,1,0.554012656211853
sprint9_multiseed_S8A_R2_seed2024_S8A_R2_context_edge_film,S8A_R2_context_edge_film,graph_c_gatv2_context_edge_film_interaction,gatv2_graph_c_sprint8a_context_edge_film,gatv2,graph_c_context_observation,S5F2_energy,val,1277,7822,,1,0.6444812417030334
sprint9_multiseed_S8A_R2_seed2024_S8A_R2_context_edge_film,S8A_R2_context_edge_film,graph_c_gatv2_context_edge_film_interaction,gatv2_graph_c_sprint8a_context_edge_film,gatv2,graph_c_context_observation,S5F2_energy,val,1278,7822,,1,0.5780420303344727
sprint9_multiseed_S8A_R2_seed2024_S8A_R2_context_edge_film,S8A_R2_context_edge_film,graph_c_gatv2_context_edge_film_interaction,gatv2_graph_c_sprint8a_context_edge_film,gatv2,graph_c_context_observation,S5F2_energy,val,1279,7822,,1,0.5839651226997375
sprint9_multiseed_S8A_R2_seed2024_S8A_R2_context_edge_film,S8A_R2_context_edge_film,graph_c_gatv2_context_edge_film_interaction,gatv2_graph_c_sprint8a_context_edge_film,gatv2,graph_c_context_observation,S5F2_energy,val,1280,7822,,1,0.5122132301330566
sprint9_multiseed_S8A_R2_seed2024_S8A_R2_context_edge_film,S8A_R2_context_edge_film,graph_c_gatv2_context_edge_film_interaction,gatv2_graph_c_sprint8a_context_edge_film,gatv2,graph_c_context_observation,S5F2_energy,val,1281,7822,,1,0.6576964259147644
sprint9_multiseed_S8A_R2_seed2024_S8A_R2_context_edge_film,S8A_R2_context_edge_film,graph_c_gatv2_context_edge_film_interaction,gatv2_graph_c_sprint8a_context_edge_film,gatv2,graph_c_context_observation,S5F2_energy,val,1282,7822,,1,0.5586577653884888
sprint9_multiseed_S8A_R2_seed2024_S8A_R2_context_edge_film,S8A_R2_context_edge_film,graph_c_gatv2_context_edge_film_interaction,gatv2_graph_c_sprint8a_context_edge_film,gatv2,graph_c_context_observation,S5F2_energy,val,1283,7822,,1,0.46641960740089417
sprint9_multiseed_S8A_R2_seed2024_S8A_R2_context_edge_film,S8A_R2_context_edge_film,graph_c_gatv2_context_edge_film_interaction,gatv2_graph_c_sprint8a_context_edge_film,gatv2,graph_c_context_observation,S5F2_energy,val,1284,7822,,1,0.6603639125823975
sprint9_multiseed_S8A_R2_seed2024_S8A_R2_context_edge_film,S8A_R2_context_edge_film,graph_c_gatv2_context_edge_film_interaction,gatv2_graph_c_sprint8a_context_edge_film,gatv2,graph_c_context_observation,S5F2_energy,val,1285,7822,,1,0.5997122526168823
sprint9_multiseed_S8A_R2_seed2024_S8A_R2_context_edge_film,S8A_R2_context_edge_film,graph_c_gatv2_context_edge_film_interaction,gatv2_graph_c_sprint8a_context_edge_film,gatv2,graph_c_context_observation,S5F2_energy,val,1286,7822,,1,0.5646215081214905
sprint9_multiseed_S8A_R2_seed2024_S8A_R2_context_edge_film,S8A_R2_context_edge_film,graph_c_gatv2_context_edge_film_interaction,gatv2_graph_c_sprint8a_context_edge_film,gatv2,graph_c_context_observation,S5F2_energy,val,1287,7822,,1,0.42712435126304626
sprint9_multiseed_S8A_R2_seed2024_S8A_R2_context_edge_film,S8A_R2_context_edge_film,graph_c_gatv2_context_edge_film_interaction,gatv2_graph_c_sprint8a_context_edge_film,gatv2,graph_c_context_observation,S5F2_energy,val,1288,7822,,1,0.37258538603782654
sprint9_multiseed_S8A_R2_seed2024_S8A_R2_context_edge_film,S8A_R2_context_edge_film,graph_c_gatv2_context_edge_film_interaction,gatv2_graph_c_sprint8a_context_edge_film,gatv2,graph_c_context_observation,S5F2_energy,val,1289,7822,,1,0.6290940642356873
sprint9_multiseed_S8A_R2_seed2024_S8A_R2_context_edge_film,S8A_R2_context_edge_film,graph_c_gatv2_context_edge_film_interaction,gatv2_graph_c_sprint8a_context_edge_film,gatv2,graph_c_context_observation,S5F2_energy,val,1290,7822,,1,0.6439452767372131
sprint9_multiseed_S8A_R2_seed2024_S8A_R2_context_edge_film,S8A_R2_context_edge_film,graph_c_gatv2_context_edge_film_interaction,gatv2_graph_c_sprint8a_context_edge_film,gatv2,graph_c_context_observation,S5F2_energy,val,1291,7822,,1,0.5441763997077942
sprint9_multiseed_S8A_R2_seed2024_S8A_R2_context_edge_film,S8A_R2_context_edge_film,graph_c_gatv2_context_edge_film_interaction,gatv2_graph_c_sprint8a_context_edge_film,gatv2,graph_c_context_observation,S5F2_energy,val,1292,7822,,1,0.500761866569519
sprint9_multiseed_S8A_R2_seed2024_S8A_R2_context_edge_film,S8A_R2_context_edge_film,graph_c_gatv2_context_edge_film_interaction,gatv2_graph_c_sprint8a_context_edge_film,gatv2,graph_c_context_observation,S5F2_energy,val,1293,7822,,1,0.5224758386611938
sprint9_multiseed_S8A_R2_seed2024_S8A_R2_context_edge_film,S8A_R2_context_edge_film,graph_c_gatv2_context_edge_film_interaction,gatv2_graph_c_sprint8a_context_edge_film,gatv2,graph_c_context_observation,S5F2_energy,val,1294,7822,,1,0.6132413148880005
sprint9_multiseed_S8A_R2_seed2024_S8A_R2_context_edge_film,S8A_R2_context_edge_film,graph_c_gatv2_context_edge_film_interaction,gatv2_graph_c_sprint8a_context_edge_film,gatv2,graph_c_context_observation,S5F2_energy,val,1295,7822,,1,0.6107308864593506
sprint9_multiseed_S8A_R2_seed2024_S8A_R2_context_edge_film,S8A_R2_context_edge_film,graph_c_gatv2_context_edge_film_interaction,gatv2_graph_c_sprint8a_context_edge_film,gatv2,graph_c_context_observation,S5F2_energy,val,1296,7822,,1,0.5110129117965698
sprint9_multiseed_S8A_R2_seed2024_S8A_R2_context_edge_film,S8A_R2_context_edge_film,graph_c_gatv2_context_edge_film_interaction,gatv2_graph_c_sprint8a_context_edge_film,gatv2,graph_c_context_observation,S5F2_energy,val,1297,7822,,1,0.5897579789161682
sprint9_multiseed_S8A_R2_seed2024_S8A_R2_context_edge_film,S8A_R2_context_edge_film,graph_c_gatv2_context_edge_film_interaction,gatv2_graph_c_sprint8a_context_edge_film,gatv2,graph_c_context_observation,S5F2_energy,val,1298,7822,,1,0.5025250315666199
sprint9_multiseed_S8A_R2_seed2024_S8A_R2_context_edge_film,S8A_R2_context_edge_film,graph_c_gatv2_context_edge_film_interaction,gatv2_graph_c_sprint8a_context_edge_film,gatv2,graph_c_context_observation,S5F2_energy,val,1299,7822,,1,0.6604495048522949
sprint9_multiseed_S8A_R2_seed2024_S8A_R2_context_edge_film,S8A_R2_context_edge_film,graph_c_gatv2_context_edge_film_interaction,gatv2_graph_c_sprint8a_context_edge_film,gatv2,graph_c_context_observation,S5F2_energy,val,1300,7822,,1,0.5544915199279785
sprint9_multiseed_S8A_R2_seed2024_S8A_R2_context_edge_film,S8A_R2_context_edge_film,graph_c_gatv2_context_edge_film_interaction,gatv2_graph_c_sprint8a_context_edge_film,gatv2,graph_c_context_observation,S5F2_energy,val,1301,7822,,1,0.5773501396179199
sprint9_multiseed_S8A_R2_seed2024_S8A_R2_context_edge_film,S8A_R2_context_edge_film,graph_c_gatv2_context_edge_film_interaction,gatv2_graph_c_sprint8a_context_edge_film,gatv2,graph_c_context_observation,S5F2_energy,val,1302,7822,,1,0.18209217488765717
sprint9_multiseed_S8A_R2_seed2024_S8A_R2_context_edge_film,S8A_R2_context_edge_film,graph_c_gatv2_context_edge_film_interaction,gatv2_graph_c_sprint8a_context_edge_film,gatv2,graph_c_context_observation,S5F2_energy,val,1303,9584,,1,0.6732783317565918
sprint9_multiseed_S8A_R2_seed2024_S8A_R2_context_edge_film,S8A_R2_context_edge_film,graph_c_gatv2_context_edge_film_interaction,gatv2_graph_c_sprint8a_context_edge_film,gatv2,graph_c_context_observation,S5F2_energy,val,1304,9584,,1,0.28854280710220337
sprint9_multiseed_S8A_R2_seed2024_S8A_R2_context_edge_film,S8A_R2_context_edge_film,graph_c_gatv2_context_edge_film_interaction,gatv2_graph_c_sprint8a_context_edge_film,gatv2,graph_c_context_observation,S5F2_energy,val,1305,9584,,1,0.23997856676578522
sprint9_multiseed_S8A_R2_seed2024_S8A_R2_context_edge_film,S8A_R2_context_edge_film,graph_c_gatv2_context_edge_film_interaction,gatv2_graph_c_sprint8a_context_edge_film,gatv2,graph_c_context_observation,S5F2_energy,val,1306,9584,,1,0.5065063238143921
sprint9_multiseed_S8A_R2_seed2024_S8A_R2_context_edge_film,S8A_R2_context_edge_film,graph_c_gatv2_context_edge_film_interaction,gatv2_graph_c_sprint8a_context_edge_film,gatv2,graph_c_context_observation,S5F2_energy,val,1307,9584,,1,0.5418045520782471
sprint9_multiseed_S8A_R2_seed2024_S8A_R2_context_edge_film,S8A_R2_context_edge_film,graph_c_gatv2_context_edge_film_interaction,gatv2_graph_c_sprint8a_context_edge_film,gatv2,graph_c_context_observation,S5F2_energy,val,1308,9584,,1,0.41924619674682617
sprint9_multiseed_S8A_R2_seed2024_S8A_R2_context_edge_film,S8A_R2_context_edge_film,graph_c_gatv2_context_edge_film_interaction,gatv2_graph_c_sprint8a_context_edge_film,gatv2,graph_c_context_observation,S5F2_energy,val,1309,9584,,1,0.2668518126010895
sprint9_multiseed_S8A_R2_seed2024_S8A_R2_context_edge_film,S8A_R2_context_edge_film,graph_c_gatv2_context_edge_film_interaction,gatv2_graph_c_sprint8a_context_edge_film,gatv2,graph_c_context_observation,S5F2_energy,val,1310,9584,,1,0.426893949508667
sprint9_multiseed_S8A_R2_seed2024_S8A_R2_context_edge_film,S8A_R2_context_edge_film,graph_c_gatv2_context_edge_film_interaction,gatv2_graph_c_sprint8a_context_edge_film,gatv2,graph_c_context_observation,S5F2_energy,val,1311,9584,,1,0.2758703827857971
sprint9_multiseed_S8A_R2_seed2024_S8A_R2_context_edge_film,S8A_R2_context_edge_film,graph_c_gatv2_context_edge_film_interaction,gatv2_graph_c_sprint8a_context_edge_film,gatv2,graph_c_context_observation,S5F2_energy,val,1312,9584,,1,0.5561988353729248
sprint9_multiseed_S8A_R2_seed2024_S8A_R2_context_edge_film,S8A_R2_context_edge_film,graph_c_gatv2_context_edge_film_interaction,gatv2_graph_c_sprint8a_context_edge_film,gatv2,graph_c_context_observation,S5F2_energy,val,1313,9584,,1,0.5708732604980469
sprint9_multiseed_S8A_R2_seed2024_S8A_R2_context_edge_film,S8A_R2_context_edge_film,graph_c_gatv2_context_edge_film_interaction,gatv2_graph_c_sprint8a_context_edge_film,gatv2,graph_c_context_observation,S5F2_energy,val,1314,9584,,1,0.39629971981048584
sprint9_multiseed_S8A_R2_seed2024_S8A_R2_context_edge_film,S8A_R2_context_edge_film,graph_c_gatv2_context_edge_film_interaction,gatv2_graph_c_sprint8a_context_edge_film,gatv2,graph_c_context_observation,S5F2_energy,val,1315,9584,,1,0.44275593757629395
sprint9_multiseed_S8A_R2_seed2024_S8A_R2_context_edge_film,S8A_R2_context_edge_film,graph_c_gatv2_context_edge_film_interaction,gatv2_graph_c_sprint8a_context_edge_film,gatv2,graph_c_context_observation,S5F2_energy,val,1316,9584,,1,0.5382450819015503
sprint9_multiseed_S8A_R2_seed2024_S8A_R2_context_edge_film,S8A_R2_context_edge_film,graph_c_gatv2_context_edge_film_interaction,gatv2_graph_c_sprint8a_context_edge_film,gatv2,graph_c_context_observation,S5F2_energy,val,1317,9584,,1,0.4654758870601654
sprint9_multiseed_S8A_R2_seed2024_S8A_R2_context_edge_film,S8A_R2_context_edge_film,graph_c_gatv2_context_edge_film_interaction,gatv2_graph_c_sprint8a_context_edge_film,gatv2,graph_c_context_observation,S5F2_energy,val,1318,9584,,1,0.3099552392959595
sprint9_multiseed_S8A_R2_seed2024_S8A_R2_context_edge_film,S8A_R2_context_edge_film,graph_c_gatv2_context_edge_film_interaction,gatv2_graph_c_sprint8a_context_edge_film,gatv2,graph_c_context_observation,S5F2_energy,val,1319,9584,,1,0.30856752395629883
sprint9_multiseed_S8A_R2_seed2024_S8A_R2_context_edge_film,S8A_R2_context_edge_film,graph_c_gatv2_context_edge_film_interaction,gatv2_graph_c_sprint8a_context_edge_film,gatv2,graph_c_context_observation,S5F2_energy,val,1320,9584,,1,0.44403040409088135
sprint9_multiseed_S8A_R2_seed2024_S8A_R2_context_edge_film,S8A_R2_context_edge_film,graph_c_gatv2_context_edge_film_interaction,gatv2_graph_c_sprint8a_context_edge_film,gatv2,graph_c_context_observation,S5F2_energy,val,1321,9584,,1,0.35205939412117004
sprint9_multiseed_S8A_R2_seed2024_S8A_R2_context_edge_film,S8A_R2_context_edge_film,graph_c_gatv2_context_edge_film_interaction,gatv2_graph_c_sprint8a_context_edge_film,gatv2,graph_c_context_observation,S5F2_energy,val,1322,9584,,1,0.18373563885688782
sprint9_multiseed_S8A_R2_seed2024_S8A_R2_context_edge_film,S8A_R2_context_edge_film,graph_c_gatv2_context_edge_film_interaction,gatv2_graph_c_sprint8a_context_edge_film,gatv2,graph_c_context_observation,S5F2_energy,val,1323,9584,,1,0.39872363209724426
sprint9_multiseed_S8A_R2_seed2024_S8A_R2_context_edge_film,S8A_R2_context_edge_film,graph_c_gatv2_context_edge_film_interaction,gatv2_graph_c_sprint8a_context_edge_film,gatv2,graph_c_context_observation,S5F2_energy,val,1324,9584,,1,0.4364822804927826
sprint9_multiseed_S8A_R2_seed2024_S8A_R2_context_edge_film,S8A_R2_context_edge_film,graph_c_gatv2_context_edge_film_interaction,gatv2_graph_c_sprint8a_context_edge_film,gatv2,graph_c_context_observation,S5F2_energy,val,1325,9584,,1,0.454742968082428
sprint9_multiseed_S8A_R2_seed2024_S8A_R2_context_edge_film,S8A_R2_context_edge_film,graph_c_gatv2_context_edge_film_interaction,gatv2_graph_c_sprint8a_context_edge_film,gatv2,graph_c_context_observation,S5F2_energy,val,1326,9584,,1,0.5485690832138062
sprint9_multiseed_S8A_R2_seed2024_S8A_R2_context_edge_film,S8A_R2_context_edge_film,graph_c_gatv2_context_edge_film_interaction,gatv2_graph_c_sprint8a_context_edge_film,gatv2,graph_c_context_observation,S5F2_energy,val,1327,9584,,1,0.4599674344062805
sprint9_multiseed_S8A_R2_seed2024_S8A_R2_context_edge_film,S8A_R2_context_edge_film,graph_c_gatv2_context_edge_film_interaction,gatv2_graph_c_sprint8a_context_edge_film,gatv2,graph_c_context_observation,S5F2_energy,val,1328,9584,,1,0.43885567784309387
sprint9_multiseed_S8A_R2_seed2024_S8A_R2_context_edge_film,S8A_R2_context_edge_film,graph_c_gatv2_context_edge_film_interaction,gatv2_graph_c_sprint8a_context_edge_film,gatv2,graph_c_context_observation,S5F2_energy,val,1329,9584,,1,0.485599547624588
sprint9_multiseed_S8A_R2_seed2024_S8A_R2_context_edge_film,S8A_R2_context_edge_film,graph_c_gatv2_context_edge_film_interaction,gatv2_graph_c_sprint8a_context_edge_film,gatv2,graph_c_context_observation,S5F2_energy,val,1330,9584,,1,0.31719765067100525
sprint9_multiseed_S8A_R2_seed2024_S8A_R2_context_edge_film,S8A_R2_context_edge_film,graph_c_gatv2_context_edge_film_interaction,gatv2_graph_c_sprint8a_context_edge_film,gatv2,graph_c_context_observation,S5F2_energy,val,1331,9584,,1,0.23866546154022217
sprint9_multiseed_S8A_R2_seed2024_S8A_R2_context_edge_film,S8A_R2_context_edge_film,graph_c_gatv2_context_edge_film_interaction,gatv2_graph_c_sprint8a_context_edge_film,gatv2,graph_c_context_observation,S5F2_energy,val,1332,9584,,1,0.36168307065963745
sprint9_multiseed_S8A_R2_seed2024_S8A_R2_context_edge_film,S8A_R2_context_edge_film,graph_c_gatv2_context_edge_film_interaction,gatv2_graph_c_sprint8a_context_edge_film,gatv2,graph_c_context_observation,S5F2_energy,val,1333,9584,,1,0.2789614498615265
sprint9_multiseed_S8A_R2_seed2024_S8A_R2_context_edge_film,S8A_R2_context_edge_film,graph_c_gatv2_context_edge_film_interaction,gatv2_graph_c_sprint8a_context_edge_film,gatv2,graph_c_context_observation,S5F2_energy,val,1334,9584,,1,0.3507744371891022
sprint9_multiseed_S8A_R2_seed2024_S8A_R2_context_edge_film,S8A_R2_context_edge_film,graph_c_gatv2_context_edge_film_interaction,gatv2_graph_c_sprint8a_context_edge_film,gatv2,graph_c_context_observation,S5F2_energy,val,1335,9584,,1,0.4116210341453552
sprint9_multiseed_S8A_R2_seed2024_S8A_R2_context_edge_film,S8A_R2_context_edge_film,graph_c_gatv2_context_edge_film_interaction,gatv2_graph_c_sprint8a_context_edge_film,gatv2,graph_c_context_observation,S5F2_energy,val,1336,9584,,1,0.26920828223228455
sprint9_multiseed_S8A_R2_seed2024_S8A_R2_context_edge_film,S8A_R2_context_edge_film,graph_c_gatv2_context_edge_film_interaction,gatv2_graph_c_sprint8a_context_edge_film,gatv2,graph_c_context_observation,S5F2_energy,val,1337,9584,,1,0.5024573802947998
sprint9_multiseed_S8A_R2_seed2024_S8A_R2_context_edge_film,S8A_R2_context_edge_film,graph_c_gatv2_context_edge_film_interaction,gatv2_graph_c_sprint8a_context_edge_film,gatv2,graph_c_context_observation,S5F2_energy,val,1338,9584,,1,0.32773205637931824
sprint9_multiseed_S8A_R2_seed2024_S8A_R2_context_edge_film,S8A_R2_context_edge_film,graph_c_gatv2_context_edge_film_interaction,gatv2_graph_c_sprint8a_context_edge_film,gatv2,graph_c_context_observation,S5F2_energy,val,1339,9584,,1,0.5705072283744812
sprint9_multiseed_S8A_R2_seed2024_S8A_R2_context_edge_film,S8A_R2_context_edge_film,graph_c_gatv2_context_edge_film_interaction,gatv2_graph_c_sprint8a_context_edge_film,gatv2,graph_c_context_observation,S5F2_energy,val,1340,9584,,1,0.2701309323310852
sprint9_multiseed_S8A_R2_seed2024_S8A_R2_context_edge_film,S8A_R2_context_edge_film,graph_c_gatv2_context_edge_film_interaction,gatv2_graph_c_sprint8a_context_edge_film,gatv2,graph_c_context_observation,S5F2_energy,val,1341,9584,,1,0.23347046971321106
sprint9_multiseed_S8A_R2_seed2024_S8A_R2_context_edge_film,S8A_R2_context_edge_film,graph_c_gatv2_context_edge_film_interaction,gatv2_graph_c_sprint8a_context_edge_film,gatv2,graph_c_context_observation,S5F2_energy,val,1342,9584,,1,0.37175318598747253
sprint9_multiseed_S8A_R2_seed2024_S8A_R2_context_edge_film,S8A_R2_context_edge_film,graph_c_gatv2_context_edge_film_interaction,gatv2_graph_c_sprint8a_context_edge_film,gatv2,graph_c_context_observation,S5F2_energy,val,1343,9584,,1,0.43815523386001587
sprint9_multiseed_S8A_R2_seed2024_S8A_R2_context_edge_film,S8A_R2_context_edge_film,graph_c_gatv2_context_edge_film_interaction,gatv2_graph_c_sprint8a_context_edge_film,gatv2,graph_c_context_observation,S5F2_energy,val,1344,9584,,1,0.35646504163742065
sprint9_multiseed_S8A_R2_seed2024_S8A_R2_context_edge_film,S8A_R2_context_edge_film,graph_c_gatv2_context_edge_film_interaction,gatv2_graph_c_sprint8a_context_edge_film,gatv2,graph_c_context_observation,S5F2_energy,val,1345,9584,,1,0.5675721764564514
sprint9_multiseed_S8A_R2_seed2024_S8A_R2_context_edge_film,S8A_R2_context_edge_film,graph_c_gatv2_context_edge_film_interaction,gatv2_graph_c_sprint8a_context_edge_film,gatv2,graph_c_context_observation,S5F2_energy,val,1346,9584,,1,0.38227131962776184
sprint9_multiseed_S8A_R2_seed2024_S8A_R2_context_edge_film,S8A_R2_context_edge_film,graph_c_gatv2_context_edge_film_interaction,gatv2_graph_c_sprint8a_context_edge_film,gatv2,graph_c_context_observation,S5F2_energy,val,1347,9584,,1,0.46994298696517944
sprint9_multiseed_S8A_R2_seed2024_S8A_R2_context_edge_film,S8A_R2_context_edge_film,graph_c_gatv2_context_edge_film_interaction,gatv2_graph_c_sprint8a_context_edge_film,gatv2,graph_c_context_observation,S5F2_energy,val,1348,9584,,1,0.5225917100906372
sprint9_multiseed_S8A_R2_seed2024_S8A_R2_context_edge_film,S8A_R2_context_edge_film,graph_c_gatv2_context_edge_film_interaction,gatv2_graph_c_sprint8a_context_edge_film,gatv2,graph_c_context_observation,S5F2_energy,val,1349,9584,,1,0.5504729151725769
sprint9_multiseed_S8A_R2_seed2024_S8A_R2_context_edge_film,S8A_R2_context_edge_film,graph_c_gatv2_context_edge_film_interaction,gatv2_graph_c_sprint8a_context_edge_film,gatv2,graph_c_context_observation,S5F2_energy,val,1350,9584,,1,0.4581301212310791
sprint9_multiseed_S8A_R2_seed2024_S8A_R2_context_edge_film,S8A_R2_context_edge_film,graph_c_gatv2_context_edge_film_interaction,gatv2_graph_c_sprint8a_context_edge_film,gatv2,graph_c_context_observation,S5F2_energy,val,1351,9584,,1,0.26903578639030457
sprint9_multiseed_S8A_R2_seed2024_S8A_R2_context_edge_film,S8A_R2_context_edge_film,graph_c_gatv2_context_edge_film_interaction,gatv2_graph_c_sprint8a_context_edge_film,gatv2,graph_c_context_observation,S5F2_energy,val,1352,9584,,1,0.4444951117038727
sprint9_multiseed_S8A_R2_seed2024_S8A_R2_context_edge_film,S8A_R2_context_edge_film,graph_c_gatv2_context_edge_film_interaction,gatv2_graph_c_sprint8a_context_edge_film,gatv2,graph_c_context_observation,S5F2_energy,val,1353,9584,,1,0.5525766611099243
sprint9_multiseed_S8A_R2_seed2024_S8A_R2_context_edge_film,S8A_R2_context_edge_film,graph_c_gatv2_context_edge_film_interaction,gatv2_graph_c_sprint8a_context_edge_film,gatv2,graph_c_context_observation,S5F2_energy,val,1354,9584,,1,0.27925193309783936
sprint9_multiseed_S8A_R2_seed2024_S8A_R2_context_edge_film,S8A_R2_context_edge_film,graph_c_gatv2_context_edge_film_interaction,gatv2_graph_c_sprint8a_context_edge_film,gatv2,graph_c_context_observation,S5F2_energy,val,1355,9584,,1,0.45372265577316284
sprint9_multiseed_S8A_R2_seed2024_S8A_R2_context_edge_film,S8A_R2_context_edge_film,graph_c_gatv2_context_edge_film_interaction,gatv2_graph_c_sprint8a_context_edge_film,gatv2,graph_c_context_observation,S5F2_energy,val,1356,9584,,1,0.38030606508255005
sprint9_multiseed_S8A_R2_seed2024_S8A_R2_context_edge_film,S8A_R2_context_edge_film,graph_c_gatv2_context_edge_film_interaction,gatv2_graph_c_sprint8a_context_edge_film,gatv2,graph_c_context_observation,S5F2_energy,val,1357,9584,,1,0.20062105357646942
sprint9_multiseed_S8A_R2_seed2024_S8A_R2_context_edge_film,S8A_R2_context_edge_film,graph_c_gatv2_context_edge_film_interaction,gatv2_graph_c_sprint8a_context_edge_film,gatv2,graph_c_context_observation,S5F2_energy,val,1358,9584,,1,0.4874834716320038
sprint9_multiseed_S8A_R2_seed2024_S8A_R2_context_edge_film,S8A_R2_context_edge_film,graph_c_gatv2_context_edge_film_interaction,gatv2_graph_c_sprint8a_context_edge_film,gatv2,graph_c_context_observation,S5F2_energy,val,1359,9584,,1,0.48883897066116333
sprint9_multiseed_S8A_R2_seed2024_S8A_R2_context_edge_film,S8A_R2_context_edge_film,graph_c_gatv2_context_edge_film_interaction,gatv2_graph_c_sprint8a_context_edge_film,gatv2,graph_c_context_observation,S5F2_energy,val,1360,9584,,1,0.4146493375301361
sprint9_multiseed_S8A_R2_seed2024_S8A_R2_context_edge_film,S8A_R2_context_edge_film,graph_c_gatv2_context_edge_film_interaction,gatv2_graph_c_sprint8a_context_edge_film,gatv2,graph_c_context_observation,S5F2_energy,val,1361,9584,,1,0.45154598355293274
sprint9_multiseed_S8A_R2_seed2024_S8A_R2_context_edge_film,S8A_R2_context_edge_film,graph_c_gatv2_context_edge_film_interaction,gatv2_graph_c_sprint8a_context_edge_film,gatv2,graph_c_context_observation,S5F2_energy,val,1362,9584,,1,0.3411208689212799
sprint9_multiseed_S8A_R2_seed2024_S8A_R2_context_edge_film,S8A_R2_context_edge_film,graph_c_gatv2_context_edge_film_interaction,gatv2_graph_c_sprint8a_context_edge_film,gatv2,graph_c_context_observation,S5F2_energy,val,1363,9584,,1,0.5209659934043884
sprint9_multiseed_S8A_R2_seed2024_S8A_R2_context_edge_film,S8A_R2_context_edge_film,graph_c_gatv2_context_edge_film_interaction,gatv2_graph_c_sprint8a_context_edge_film,gatv2,graph_c_context_observation,S5F2_energy,val,1364,9584,,1,0.32749372720718384
sprint9_multiseed_S8A_R2_seed2024_S8A_R2_context_edge_film,S8A_R2_context_edge_film,graph_c_gatv2_context_edge_film_interaction,gatv2_graph_c_sprint8a_context_edge_film,gatv2,graph_c_context_observation,S5F2_energy,val,1365,9584,,1,0.39424699544906616
sprint9_multiseed_S8A_R2_seed2024_S8A_R2_context_edge_film,S8A_R2_context_edge_film,graph_c_gatv2_context_edge_film_interaction,gatv2_graph_c_sprint8a_context_edge_film,gatv2,graph_c_context_observation,S5F2_energy,val,1366,9584,,1,0.21761953830718994
sprint9_multiseed_S8A_R2_seed2024_S8A_R2_context_edge_film,S8A_R2_context_edge_film,graph_c_gatv2_context_edge_film_interaction,gatv2_graph_c_sprint8a_context_edge_film,gatv2,graph_c_context_observation,S5F2_energy,val,1367,9584,,1,0.4534692168235779
sprint9_multiseed_S8A_R2_seed2024_S8A_R2_context_edge_film,S8A_R2_context_edge_film,graph_c_gatv2_context_edge_film_interaction,gatv2_graph_c_sprint8a_context_edge_film,gatv2,graph_c_context_observation,S5F2_energy,val,1368,9584,,1,0.547322690486908
sprint9_multiseed_S8A_R2_seed2024_S8A_R2_context_edge_film,S8A_R2_context_edge_film,graph_c_gatv2_context_edge_film_interaction,gatv2_graph_c_sprint8a_context_edge_film,gatv2,graph_c_context_observation,S5F2_energy,val,1369,9584,,1,0.38532957434654236
sprint9_multiseed_S8A_R2_seed2024_S8A_R2_context_edge_film,S8A_R2_context_edge_film,graph_c_gatv2_context_edge_film_interaction,gatv2_graph_c_sprint8a_context_edge_film,gatv2,graph_c_context_observation,S5F2_energy,val,1370,9584,,1,0.4869539737701416
sprint9_multiseed_S8A_R2_seed2024_S8A_R2_context_edge_film,S8A_R2_context_edge_film,graph_c_gatv2_context_edge_film_interaction,gatv2_graph_c_sprint8a_context_edge_film,gatv2,graph_c_context_observation,S5F2_energy,val,1371,9584,,1,0.3654661774635315
sprint9_multiseed_S8A_R2_seed2024_S8A_R2_context_edge_film,S8A_R2_context_edge_film,graph_c_gatv2_context_edge_film_interaction,gatv2_graph_c_sprint8a_context_edge_film,gatv2,graph_c_context_observation,S5F2_energy,val,1372,9584,,1,0.45078298449516296
sprint9_multiseed_S8A_R2_seed2024_S8A_R2_context_edge_film,S8A_R2_context_edge_film,graph_c_gatv2_context_edge_film_interaction,gatv2_graph_c_sprint8a_context_edge_film,gatv2,graph_c_context_observation,S5F2_energy,val,1373,9584,,1,0.4983539581298828
sprint9_multiseed_S8A_R2_seed2024_S8A_R2_context_edge_film,S8A_R2_context_edge_film,graph_c_gatv2_context_edge_film_interaction,gatv2_graph_c_sprint8a_context_edge_film,gatv2,graph_c_context_observation,S5F2_energy,val,1374,9584,,1,0.30854687094688416
sprint9_multiseed_S8A_R2_seed2024_S8A_R2_context_edge_film,S8A_R2_context_edge_film,graph_c_gatv2_context_edge_film_interaction,gatv2_graph_c_sprint8a_context_edge_film,gatv2,graph_c_context_observation,S5F2_energy,val,1375,9584,,1,0.3720211386680603
sprint9_multiseed_S8A_R2_seed2024_S8A_R2_context_edge_film,S8A_R2_context_edge_film,graph_c_gatv2_context_edge_film_interaction,gatv2_graph_c_sprint8a_context_edge_film,gatv2,graph_c_context_observation,S5F2_energy,val,1376,9584,,1,0.3211105167865753
sprint9_multiseed_S8A_R2_seed2024_S8A_R2_context_edge_film,S8A_R2_context_edge_film,graph_c_gatv2_context_edge_film_interaction,gatv2_graph_c_sprint8a_context_edge_film,gatv2,graph_c_context_observation,S5F2_energy,val,1377,9584,,1,0.5080504417419434
sprint9_multiseed_S8A_R2_seed2024_S8A_R2_context_edge_film,S8A_R2_context_edge_film,graph_c_gatv2_context_edge_film_interaction,gatv2_graph_c_sprint8a_context_edge_film,gatv2,graph_c_context_observation,S5F2_energy,val,1378,9584,,1,0.3539566993713379
sprint9_multiseed_S8A_R2_seed2024_S8A_R2_context_edge_film,S8A_R2_context_edge_film,graph_c_gatv2_context_edge_film_interaction,gatv2_graph_c_sprint8a_context_edge_film,gatv2,graph_c_context_observation,S5F2_energy,val,1379,9584,,1,0.24791371822357178
sprint9_multiseed_S8A_R2_seed2024_S8A_R2_context_edge_film,S8A_R2_context_edge_film,graph_c_gatv2_context_edge_film_interaction,gatv2_graph_c_sprint8a_context_edge_film,gatv2,graph_c_context_observation,S5F2_energy,val,1380,9584,,1,0.4421449303627014
sprint9_multiseed_S8A_R2_seed2024_S8A_R2_context_edge_film,S8A_R2_context_edge_film,graph_c_gatv2_context_edge_film_interaction,gatv2_graph_c_sprint8a_context_edge_film,gatv2,graph_c_context_observation,S5F2_energy,val,1381,9584,,1,0.4025011658668518
sprint9_multiseed_S8A_R2_seed2024_S8A_R2_context_edge_film,S8A_R2_context_edge_film,graph_c_gatv2_context_edge_film_interaction,gatv2_graph_c_sprint8a_context_edge_film,gatv2,graph_c_context_observation,S5F2_energy,val,1382,9584,,1,0.18294107913970947
sprint9_multiseed_S8A_R2_seed2024_S8A_R2_context_edge_film,S8A_R2_context_edge_film,graph_c_gatv2_context_edge_film_interaction,gatv2_graph_c_sprint8a_context_edge_film,gatv2,graph_c_context_observation,S5F2_energy,val,1383,9584,,1,0.20278865098953247
sprint9_multiseed_S8A_R2_seed2024_S8A_R2_context_edge_film,S8A_R2_context_edge_film,graph_c_gatv2_context_edge_film_interaction,gatv2_graph_c_sprint8a_context_edge_film,gatv2,graph_c_context_observation,S5F2_energy,val,1384,9584,,1,0.3271994888782501
sprint9_multiseed_S8A_R2_seed2024_S8A_R2_context_edge_film,S8A_R2_context_edge_film,graph_c_gatv2_context_edge_film_interaction,gatv2_graph_c_sprint8a_context_edge_film,gatv2,graph_c_context_observation,S5F2_energy,val,1385,9584,,1,0.4322867691516876
sprint9_multiseed_S8A_R2_seed2024_S8A_R2_context_edge_film,S8A_R2_context_edge_film,graph_c_gatv2_context_edge_film_interaction,gatv2_graph_c_sprint8a_context_edge_film,gatv2,graph_c_context_observation,S5F2_energy,val,1386,9584,,1,0.3941018581390381
sprint9_multiseed_S8A_R2_seed2024_S8A_R2_context_edge_film,S8A_R2_context_edge_film,graph_c_gatv2_context_edge_film_interaction,gatv2_graph_c_sprint8a_context_edge_film,gatv2,graph_c_context_observation,S5F2_energy,val,1387,9584,,1,0.5421545505523682
sprint9_multiseed_S8A_R2_seed2024_S8A_R2_context_edge_film,S8A_R2_context_edge_film,graph_c_gatv2_context_edge_film_interaction,gatv2_graph_c_sprint8a_context_edge_film,gatv2,graph_c_context_observation,S5F2_energy,val,1388,9584,,1,0.4644990861415863
sprint9_multiseed_S8A_R2_seed2024_S8A_R2_context_edge_film,S8A_R2_context_edge_film,graph_c_gatv2_context_edge_film_interaction,gatv2_graph_c_sprint8a_context_edge_film,gatv2,graph_c_context_observation,S5F2_energy,val,1389,9584,,1,0.35846108198165894
sprint9_multiseed_S8A_R2_seed2024_S8A_R2_context_edge_film,S8A_R2_context_edge_film,graph_c_gatv2_context_edge_film_interaction,gatv2_graph_c_sprint8a_context_edge_film,gatv2,graph_c_context_observation,S5F2_energy,val,1390,9584,,1,0.30698367953300476
sprint9_multiseed_S8A_R2_seed2024_S8A_R2_context_edge_film,S8A_R2_context_edge_film,graph_c_gatv2_context_edge_film_interaction,gatv2_graph_c_sprint8a_context_edge_film,gatv2,graph_c_context_observation,S5F2_energy,val,1391,9584,,1,0.5094501376152039
sprint9_multiseed_S8A_R2_seed2024_S8A_R2_context_edge_film,S8A_R2_context_edge_film,graph_c_gatv2_context_edge_film_interaction,gatv2_graph_c_sprint8a_context_edge_film,gatv2,graph_c_context_observation,S5F2_energy,val,1392,9584,,1,0.4144762456417084
sprint9_multiseed_S8A_R2_seed2024_S8A_R2_context_edge_film,S8A_R2_context_edge_film,graph_c_gatv2_context_edge_film_interaction,gatv2_graph_c_sprint8a_context_edge_film,gatv2,graph_c_context_observation,S5F2_energy,val,1393,9584,,1,0.3435426652431488
sprint9_multiseed_S8A_R2_seed2024_S8A_R2_context_edge_film,S8A_R2_context_edge_film,graph_c_gatv2_context_edge_film_interaction,gatv2_graph_c_sprint8a_context_edge_film,gatv2,graph_c_context_observation,S5F2_energy,val,1394,9584,,1,0.36799806356430054
sprint9_multiseed_S8A_R2_seed2024_S8A_R2_context_edge_film,S8A_R2_context_edge_film,graph_c_gatv2_context_edge_film_interaction,gatv2_graph_c_sprint8a_context_edge_film,gatv2,graph_c_context_observation,S5F2_energy,val,1395,9584,,1,0.47122102975845337
sprint9_multiseed_S8A_R2_seed2024_S8A_R2_context_edge_film,S8A_R2_context_edge_film,graph_c_gatv2_context_edge_film_interaction,gatv2_graph_c_sprint8a_context_edge_film,gatv2,graph_c_context_observation,S5F2_energy,val,1396,9584,,1,0.542728841304779
sprint9_multiseed_S8A_R2_seed2024_S8A_R2_context_edge_film,S8A_R2_context_edge_film,graph_c_gatv2_context_edge_film_interaction,gatv2_graph_c_sprint8a_context_edge_film,gatv2,graph_c_context_observation,S5F2_energy,val,1397,9584,,1,0.31010305881500244
sprint9_multiseed_S8A_R2_seed2024_S8A_R2_context_edge_film,S8A_R2_context_edge_film,graph_c_gatv2_context_edge_film_interaction,gatv2_graph_c_sprint8a_context_edge_film,gatv2,graph_c_context_observation,S5F2_energy,val,1398,9584,,1,0.43274161219596863
sprint9_multiseed_S8A_R2_seed2024_S8A_R2_context_edge_film,S8A_R2_context_edge_film,graph_c_gatv2_context_edge_film_interaction,gatv2_graph_c_sprint8a_context_edge_film,gatv2,graph_c_context_observation,S5F2_energy,val,1399,9584,,1,0.5176345109939575
sprint9_multiseed_S8A_R2_seed2024_S8A_R2_context_edge_film,S8A_R2_context_edge_film,graph_c_gatv2_context_edge_film_interaction,gatv2_graph_c_sprint8a_context_edge_film,gatv2,graph_c_context_observation,S5F2_energy,val,1400,9584,,0,0.27336904406547546
sprint9_multiseed_S8A_R2_seed2024_S8A_R2_context_edge_film,S8A_R2_context_edge_film,graph_c_gatv2_context_edge_film_interaction,gatv2_graph_c_sprint8a_context_edge_film,gatv2,graph_c_context_observation,S5F2_energy,val,1401,9584,,0,0.3600679636001587
sprint9_multiseed_S8A_R2_seed2024_S8A_R2_context_edge_film,S8A_R2_context_edge_film,graph_c_gatv2_context_edge_film_interaction,gatv2_graph_c_sprint8a_context_edge_film,gatv2,graph_c_context_observation,S5F2_energy,val,1402,9584,,0,0.36729899048805237
sprint9_multiseed_S8A_R2_seed2024_S8A_R2_context_edge_film,S8A_R2_context_edge_film,graph_c_gatv2_context_edge_film_interaction,gatv2_graph_c_sprint8a_context_edge_film,gatv2,graph_c_context_observation,S5F2_energy,val,1403,9584,,0,0.5094534158706665
sprint9_multiseed_S8A_R2_seed2024_S8A_R2_context_edge_film,S8A_R2_context_edge_film,graph_c_gatv2_context_edge_film_interaction,gatv2_graph_c_sprint8a_context_edge_film,gatv2,graph_c_context_observation,S5F2_energy,val,1404,9584,,0,0.2905246317386627
sprint9_multiseed_S8A_R2_seed2024_S8A_R2_context_edge_film,S8A_R2_context_edge_film,graph_c_gatv2_context_edge_film_interaction,gatv2_graph_c_sprint8a_context_edge_film,gatv2,graph_c_context_observation,S5F2_energy,val,1405,9584,,0,0.330569326877594
sprint9_multiseed_S8A_R2_seed2024_S8A_R2_context_edge_film,S8A_R2_context_edge_film,graph_c_gatv2_context_edge_film_interaction,gatv2_graph_c_sprint8a_context_edge_film,gatv2,graph_c_context_observation,S5F2_energy,val,1406,9584,,0,0.4779190421104431
sprint9_multiseed_S8A_R2_seed2024_S8A_R2_context_edge_film,S8A_R2_context_edge_film,graph_c_gatv2_context_edge_film_interaction,gatv2_graph_c_sprint8a_context_edge_film,gatv2,graph_c_context_observation,S5F2_energy,val,1407,9584,,0,0.583918571472168
sprint9_multiseed_S8A_R2_seed2024_S8A_R2_context_edge_film,S8A_R2_context_edge_film,graph_c_gatv2_context_edge_film_interaction,gatv2_graph_c_sprint8a_context_edge_film,gatv2,graph_c_context_observation,S5F2_energy,val,1408,9584,,0,0.43147632479667664
sprint9_multiseed_S8A_R2_seed2024_S8A_R2_context_edge_film,S8A_R2_context_edge_film,graph_c_gatv2_context_edge_film_interaction,gatv2_graph_c_sprint8a_context_edge_film,gatv2,graph_c_context_observation,S5F2_energy,val,1409,9584,,0,0.40634822845458984
sprint9_multiseed_S8A_R2_seed2024_S8A_R2_context_edge_film,S8A_R2_context_edge_film,graph_c_gatv2_context_edge_film_interaction,gatv2_graph_c_sprint8a_context_edge_film,gatv2,graph_c_context_observation,S5F2_energy,val,1410,9584,,0,0.30650606751441956
sprint9_multiseed_S8A_R2_seed2024_S8A_R2_context_edge_film,S8A_R2_context_edge_film,graph_c_gatv2_context_edge_film_interaction,gatv2_graph_c_sprint8a_context_edge_film,gatv2,graph_c_context_observation,S5F2_energy,val,1411,9584,,0,0.5190210938453674
sprint9_multiseed_S8A_R2_seed2024_S8A_R2_context_edge_film,S8A_R2_context_edge_film,graph_c_gatv2_context_edge_film_interaction,gatv2_graph_c_sprint8a_context_edge_film,gatv2,graph_c_context_observation,S5F2_energy,val,1412,9584,,0,0.2817439138889313
sprint9_multiseed_S8A_R2_seed2024_S8A_R2_context_edge_film,S8A_R2_context_edge_film,graph_c_gatv2_context_edge_film_interaction,gatv2_graph_c_sprint8a_context_edge_film,gatv2,graph_c_context_observation,S5F2_energy,val,1413,9584,,0,0.3015725612640381
sprint9_multiseed_S8A_R2_seed2024_S8A_R2_context_edge_film,S8A_R2_context_edge_film,graph_c_gatv2_context_edge_film_interaction,gatv2_graph_c_sprint8a_context_edge_film,gatv2,graph_c_context_observation,S5F2_energy,val,1414,9584,,0,0.49784567952156067
sprint9_multiseed_S8A_R2_seed2024_S8A_R2_context_edge_film,S8A_R2_context_edge_film,graph_c_gatv2_context_edge_film_interaction,gatv2_graph_c_sprint8a_context_edge_film,gatv2,graph_c_context_observation,S5F2_energy,val,1415,9584,,0,0.41796910762786865
sprint9_multiseed_S8A_R2_seed2024_S8A_R2_context_edge_film,S8A_R2_context_edge_film,graph_c_gatv2_context_edge_film_interaction,gatv2_graph_c_sprint8a_context_edge_film,gatv2,graph_c_context_observation,S5F2_energy,val,1416,9584,,0,0.37156942486763
sprint9_multiseed_S8A_R2_seed2024_S8A_R2_context_edge_film,S8A_R2_context_edge_film,graph_c_gatv2_context_edge_film_interaction,gatv2_graph_c_sprint8a_context_edge_film,gatv2,graph_c_context_observation,S5F2_energy,val,1417,9584,,0,0.3447894752025604
sprint9_multiseed_S8A_R2_seed2024_S8A_R2_context_edge_film,S8A_R2_context_edge_film,graph_c_gatv2_context_edge_film_interaction,gatv2_graph_c_sprint8a_context_edge_film,gatv2,graph_c_context_observation,S5F2_energy,val,1418,9584,,0,0.49986061453819275
sprint9_multiseed_S8A_R2_seed2024_S8A_R2_context_edge_film,S8A_R2_context_edge_film,graph_c_gatv2_context_edge_film_interaction,gatv2_graph_c_sprint8a_context_edge_film,gatv2,graph_c_context_observation,S5F2_energy,val,1419,9584,,0,0.34142786264419556
sprint9_multiseed_S8A_R2_seed2024_S8A_R2_context_edge_film,S8A_R2_context_edge_film,graph_c_gatv2_context_edge_film_interaction,gatv2_graph_c_sprint8a_context_edge_film,gatv2,graph_c_context_observation,S5F2_energy,val,1420,9584,,0,0.391678124666214
sprint9_multiseed_S8A_R2_seed2024_S8A_R2_context_edge_film,S8A_R2_context_edge_film,graph_c_gatv2_context_edge_film_interaction,gatv2_graph_c_sprint8a_context_edge_film,gatv2,graph_c_context_observation,S5F2_energy,val,1421,9584,,0,0.6283867359161377
sprint9_multiseed_S8A_R2_seed2024_S8A_R2_context_edge_film,S8A_R2_context_edge_film,graph_c_gatv2_context_edge_film_interaction,gatv2_graph_c_sprint8a_context_edge_film,gatv2,graph_c_context_observation,S5F2_energy,val,1422,9584,,0,0.3926941454410553
sprint9_multiseed_S8A_R2_seed2024_S8A_R2_context_edge_film,S8A_R2_context_edge_film,graph_c_gatv2_context_edge_film_interaction,gatv2_graph_c_sprint8a_context_edge_film,gatv2,graph_c_context_observation,S5F2_energy,val,1423,9584,,0,0.3066229224205017
sprint9_multiseed_S8A_R2_seed2024_S8A_R2_context_edge_film,S8A_R2_context_edge_film,graph_c_gatv2_context_edge_film_interaction,gatv2_graph_c_sprint8a_context_edge_film,gatv2,graph_c_context_observation,S5F2_energy,val,1424,9584,,0,0.38258230686187744
sprint9_multiseed_S8A_R2_seed2024_S8A_R2_context_edge_film,S8A_R2_context_edge_film,graph_c_gatv2_context_edge_film_interaction,gatv2_graph_c_sprint8a_context_edge_film,gatv2,graph_c_context_observation,S5F2_energy,val,1425,9584,,0,0.5390185117721558
sprint9_multiseed_S8A_R2_seed2024_S8A_R2_context_edge_film,S8A_R2_context_edge_film,graph_c_gatv2_context_edge_film_interaction,gatv2_graph_c_sprint8a_context_edge_film,gatv2,graph_c_context_observation,S5F2_energy,val,1426,9584,,0,0.22028519213199615
sprint9_multiseed_S8A_R2_seed2024_S8A_R2_context_edge_film,S8A_R2_context_edge_film,graph_c_gatv2_context_edge_film_interaction,gatv2_graph_c_sprint8a_context_edge_film,gatv2,graph_c_context_observation,S5F2_energy,val,1427,9584,,0,0.42759931087493896
sprint9_multiseed_S8A_R2_seed2024_S8A_R2_context_edge_film,S8A_R2_context_edge_film,graph_c_gatv2_context_edge_film_interaction,gatv2_graph_c_sprint8a_context_edge_film,gatv2,graph_c_context_observation,S5F2_energy,val,1428,9584,,0,0.28823304176330566
sprint9_multiseed_S8A_R2_seed2024_S8A_R2_context_edge_film,S8A_R2_context_edge_film,graph_c_gatv2_context_edge_film_interaction,gatv2_graph_c_sprint8a_context_edge_film,gatv2,graph_c_context_observation,S5F2_energy,val,1429,9584,,0,0.5905653238296509
sprint9_multiseed_S8A_R2_seed2024_S8A_R2_context_edge_film,S8A_R2_context_edge_film,graph_c_gatv2_context_edge_film_interaction,gatv2_graph_c_sprint8a_context_edge_film,gatv2,graph_c_context_observation,S5F2_energy,val,1430,9584,,0,0.3026992380619049
sprint9_multiseed_S8A_R2_seed2024_S8A_R2_context_edge_film,S8A_R2_context_edge_film,graph_c_gatv2_context_edge_film_interaction,gatv2_graph_c_sprint8a_context_edge_film,gatv2,graph_c_context_observation,S5F2_energy,val,1431,9584,,0,0.4568457007408142
sprint9_multiseed_S8A_R2_seed2024_S8A_R2_context_edge_film,S8A_R2_context_edge_film,graph_c_gatv2_context_edge_film_interaction,gatv2_graph_c_sprint8a_context_edge_film,gatv2,graph_c_context_observation,S5F2_energy,val,1432,9584,,0,0.49757400155067444
sprint9_multiseed_S8A_R2_seed2024_S8A_R2_context_edge_film,S8A_R2_context_edge_film,graph_c_gatv2_context_edge_film_interaction,gatv2_graph_c_sprint8a_context_edge_film,gatv2,graph_c_context_observation,S5F2_energy,val,1433,9584,,0,0.30569303035736084
sprint9_multiseed_S8A_R2_seed2024_S8A_R2_context_edge_film,S8A_R2_context_edge_film,graph_c_gatv2_context_edge_film_interaction,gatv2_graph_c_sprint8a_context_edge_film,gatv2,graph_c_context_observation,S5F2_energy,val,1434,9584,,0,0.4564969539642334
sprint9_multiseed_S8A_R2_seed2024_S8A_R2_context_edge_film,S8A_R2_context_edge_film,graph_c_gatv2_context_edge_film_interaction,gatv2_graph_c_sprint8a_context_edge_film,gatv2,graph_c_context_observation,S5F2_energy,val,1435,9584,,0,0.39717310667037964
sprint9_multiseed_S8A_R2_seed2024_S8A_R2_context_edge_film,S8A_R2_context_edge_film,graph_c_gatv2_context_edge_film_interaction,gatv2_graph_c_sprint8a_context_edge_film,gatv2,graph_c_context_observation,S5F2_energy,val,1436,9584,,0,0.5263731479644775
sprint9_multiseed_S8A_R2_seed2024_S8A_R2_context_edge_film,S8A_R2_context_edge_film,graph_c_gatv2_context_edge_film_interaction,gatv2_graph_c_sprint8a_context_edge_film,gatv2,graph_c_context_observation,S5F2_energy,val,1437,9584,,0,0.3083138167858124
sprint9_multiseed_S8A_R2_seed2024_S8A_R2_context_edge_film,S8A_R2_context_edge_film,graph_c_gatv2_context_edge_film_interaction,gatv2_graph_c_sprint8a_context_edge_film,gatv2,graph_c_context_observation,S5F2_energy,val,1438,9584,,0,0.545333743095398
sprint9_multiseed_S8A_R2_seed2024_S8A_R2_context_edge_film,S8A_R2_context_edge_film,graph_c_gatv2_context_edge_film_interaction,gatv2_graph_c_sprint8a_context_edge_film,gatv2,graph_c_context_observation,S5F2_energy,val,1439,9584,,0,0.3713306784629822
sprint9_multiseed_S8A_R2_seed2024_S8A_R2_context_edge_film,S8A_R2_context_edge_film,graph_c_gatv2_context_edge_film_interaction,gatv2_graph_c_sprint8a_context_edge_film,gatv2,graph_c_context_observation,S5F2_energy,val,1440,9584,,0,0.5389987826347351
sprint9_multiseed_S8A_R2_seed2024_S8A_R2_context_edge_film,S8A_R2_context_edge_film,graph_c_gatv2_context_edge_film_interaction,gatv2_graph_c_sprint8a_context_edge_film,gatv2,graph_c_context_observation,S5F2_energy,val,1441,9584,,0,0.5520798563957214
sprint9_multiseed_S8A_R2_seed2024_S8A_R2_context_edge_film,S8A_R2_context_edge_film,graph_c_gatv2_context_edge_film_interaction,gatv2_graph_c_sprint8a_context_edge_film,gatv2,graph_c_context_observation,S5F2_energy,val,1442,9584,,0,0.48476365208625793
sprint9_multiseed_S8A_R2_seed2024_S8A_R2_context_edge_film,S8A_R2_context_edge_film,graph_c_gatv2_context_edge_film_interaction,gatv2_graph_c_sprint8a_context_edge_film,gatv2,graph_c_context_observation,S5F2_energy,val,1443,9584,,0,0.33554285764694214
sprint9_multiseed_S8A_R2_seed2024_S8A_R2_context_edge_film,S8A_R2_context_edge_film,graph_c_gatv2_context_edge_film_interaction,gatv2_graph_c_sprint8a_context_edge_film,gatv2,graph_c_context_observation,S5F2_energy,val,1444,9584,,0,0.5547089576721191
sprint9_multiseed_S8A_R2_seed2024_S8A_R2_context_edge_film,S8A_R2_context_edge_film,graph_c_gatv2_context_edge_film_interaction,gatv2_graph_c_sprint8a_context_edge_film,gatv2,graph_c_context_observation,S5F2_energy,val,1445,9584,,0,0.39527246356010437
sprint9_multiseed_S8A_R2_seed2024_S8A_R2_context_edge_film,S8A_R2_context_edge_film,graph_c_gatv2_context_edge_film_interaction,gatv2_graph_c_sprint8a_context_edge_film,gatv2,graph_c_context_observation,S5F2_energy,val,1446,9584,,0,0.27954548597335815
sprint9_multiseed_S8A_R2_seed2024_S8A_R2_context_edge_film,S8A_R2_context_edge_film,graph_c_gatv2_context_edge_film_interaction,gatv2_graph_c_sprint8a_context_edge_film,gatv2,graph_c_context_observation,S5F2_energy,val,1447,9584,,0,0.543617844581604
sprint9_multiseed_S8A_R2_seed2024_S8A_R2_context_edge_film,S8A_R2_context_edge_film,graph_c_gatv2_context_edge_film_interaction,gatv2_graph_c_sprint8a_context_edge_film,gatv2,graph_c_context_observation,S5F2_energy,val,1448,9584,,0,0.40033185482025146
sprint9_multiseed_S8A_R2_seed2024_S8A_R2_context_edge_film,S8A_R2_context_edge_film,graph_c_gatv2_context_edge_film_interaction,gatv2_graph_c_sprint8a_context_edge_film,gatv2,graph_c_context_observation,S5F2_energy,val,1449,9584,,0,0.23316776752471924
sprint9_multiseed_S8A_R2_seed2024_S8A_R2_context_edge_film,S8A_R2_context_edge_film,graph_c_gatv2_context_edge_film_interaction,gatv2_graph_c_sprint8a_context_edge_film,gatv2,graph_c_context_observation,S5F2_energy,val,1450,9584,,0,0.4329078495502472
sprint9_multiseed_S8A_R2_seed2024_S8A_R2_context_edge_film,S8A_R2_context_edge_film,graph_c_gatv2_context_edge_film_interaction,gatv2_graph_c_sprint8a_context_edge_film,gatv2,graph_c_context_observation,S5F2_energy,val,1451,9584,,0,0.3968654274940491
sprint9_multiseed_S8A_R2_seed2024_S8A_R2_context_edge_film,S8A_R2_context_edge_film,graph_c_gatv2_context_edge_film_interaction,gatv2_graph_c_sprint8a_context_edge_film,gatv2,graph_c_context_observation,S5F2_energy,val,1452,9584,,0,0.5532044768333435
sprint9_multiseed_S8A_R2_seed2024_S8A_R2_context_edge_film,S8A_R2_context_edge_film,graph_c_gatv2_context_edge_film_interaction,gatv2_graph_c_sprint8a_context_edge_film,gatv2,graph_c_context_observation,S5F2_energy,val,1453,9584,,0,0.5547077059745789
sprint9_multiseed_S8A_R2_seed2024_S8A_R2_context_edge_film,S8A_R2_context_edge_film,graph_c_gatv2_context_edge_film_interaction,gatv2_graph_c_sprint8a_context_edge_film,gatv2,graph_c_context_observation,S5F2_energy,val,1454,9584,,0,0.46334871649742126
sprint9_multiseed_S8A_R2_seed2024_S8A_R2_context_edge_film,S8A_R2_context_edge_film,graph_c_gatv2_context_edge_film_interaction,gatv2_graph_c_sprint8a_context_edge_film,gatv2,graph_c_context_observation,S5F2_energy,val,1455,9584,,0,0.20891952514648438
sprint9_multiseed_S8A_R2_seed2024_S8A_R2_context_edge_film,S8A_R2_context_edge_film,graph_c_gatv2_context_edge_film_interaction,gatv2_graph_c_sprint8a_context_edge_film,gatv2,graph_c_context_observation,S5F2_energy,val,1456,9584,,0,0.310274600982666
sprint9_multiseed_S8A_R2_seed2024_S8A_R2_context_edge_film,S8A_R2_context_edge_film,graph_c_gatv2_context_edge_film_interaction,gatv2_graph_c_sprint8a_context_edge_film,gatv2,graph_c_context_observation,S5F2_energy,val,1457,9584,,0,0.3462587893009186
sprint9_multiseed_S8A_R2_seed2024_S8A_R2_context_edge_film,S8A_R2_context_edge_film,graph_c_gatv2_context_edge_film_interaction,gatv2_graph_c_sprint8a_context_edge_film,gatv2,graph_c_context_observation,S5F2_energy,val,1458,9584,,0,0.26450711488723755
sprint9_multiseed_S8A_R2_seed2024_S8A_R2_context_edge_film,S8A_R2_context_edge_film,graph_c_gatv2_context_edge_film_interaction,gatv2_graph_c_sprint8a_context_edge_film,gatv2,graph_c_context_observation,S5F2_energy,val,1459,9584,,0,0.48278069496154785
sprint9_multiseed_S8A_R2_seed2024_S8A_R2_context_edge_film,S8A_R2_context_edge_film,graph_c_gatv2_context_edge_film_interaction,gatv2_graph_c_sprint8a_context_edge_film,gatv2,graph_c_context_observation,S5F2_energy,val,1460,9584,,0,0.3923678398132324
sprint9_multiseed_S8A_R2_seed2024_S8A_R2_context_edge_film,S8A_R2_context_edge_film,graph_c_gatv2_context_edge_film_interaction,gatv2_graph_c_sprint8a_context_edge_film,gatv2,graph_c_context_observation,S5F2_energy,val,1461,9584,,0,0.44466063380241394
sprint9_multiseed_S8A_R2_seed2024_S8A_R2_context_edge_film,S8A_R2_context_edge_film,graph_c_gatv2_context_edge_film_interaction,gatv2_graph_c_sprint8a_context_edge_film,gatv2,graph_c_context_observation,S5F2_energy,val,1462,9584,,0,0.22906896471977234
sprint9_multiseed_S8A_R2_seed2024_S8A_R2_context_edge_film,S8A_R2_context_edge_film,graph_c_gatv2_context_edge_film_interaction,gatv2_graph_c_sprint8a_context_edge_film,gatv2,graph_c_context_observation,S5F2_energy,val,1463,9584,,0,0.39285019040107727
sprint9_multiseed_S8A_R2_seed2024_S8A_R2_context_edge_film,S8A_R2_context_edge_film,graph_c_gatv2_context_edge_film_interaction,gatv2_graph_c_sprint8a_context_edge_film,gatv2,graph_c_context_observation,S5F2_energy,val,1464,9584,,0,0.37397947907447815
sprint9_multiseed_S8A_R2_seed2024_S8A_R2_context_edge_film,S8A_R2_context_edge_film,graph_c_gatv2_context_edge_film_interaction,gatv2_graph_c_sprint8a_context_edge_film,gatv2,graph_c_context_observation,S5F2_energy,val,1465,9584,,0,0.41671958565711975
sprint9_multiseed_S8A_R2_seed2024_S8A_R2_context_edge_film,S8A_R2_context_edge_film,graph_c_gatv2_context_edge_film_interaction,gatv2_graph_c_sprint8a_context_edge_film,gatv2,graph_c_context_observation,S5F2_energy,val,1466,9584,,0,0.3968217968940735
sprint9_multiseed_S8A_R2_seed2024_S8A_R2_context_edge_film,S8A_R2_context_edge_film,graph_c_gatv2_context_edge_film_interaction,gatv2_graph_c_sprint8a_context_edge_film,gatv2,graph_c_context_observation,S5F2_energy,val,1467,9584,,0,0.30507174134254456
sprint9_multiseed_S8A_R2_seed2024_S8A_R2_context_edge_film,S8A_R2_context_edge_film,graph_c_gatv2_context_edge_film_interaction,gatv2_graph_c_sprint8a_context_edge_film,gatv2,graph_c_context_observation,S5F2_energy,val,1468,9584,,0,0.35566580295562744
sprint9_multiseed_S8A_R2_seed2024_S8A_R2_context_edge_film,S8A_R2_context_edge_film,graph_c_gatv2_context_edge_film_interaction,gatv2_graph_c_sprint8a_context_edge_film,gatv2,graph_c_context_observation,S5F2_energy,val,1469,9584,,0,0.49454179406166077
sprint9_multiseed_S8A_R2_seed2024_S8A_R2_context_edge_film,S8A_R2_context_edge_film,graph_c_gatv2_context_edge_film_interaction,gatv2_graph_c_sprint8a_context_edge_film,gatv2,graph_c_context_observation,S5F2_energy,val,1470,9584,,0,0.4085876941680908
sprint9_multiseed_S8A_R2_seed2024_S8A_R2_context_edge_film,S8A_R2_context_edge_film,graph_c_gatv2_context_edge_film_interaction,gatv2_graph_c_sprint8a_context_edge_film,gatv2,graph_c_context_observation,S5F2_energy,val,1471,9584,,0,0.4498783349990845
sprint9_multiseed_S8A_R2_seed2024_S8A_R2_context_edge_film,S8A_R2_context_edge_film,graph_c_gatv2_context_edge_film_interaction,gatv2_graph_c_sprint8a_context_edge_film,gatv2,graph_c_context_observation,S5F2_energy,val,1472,9584,,0,0.3106106221675873
sprint9_multiseed_S8A_R2_seed2024_S8A_R2_context_edge_film,S8A_R2_context_edge_film,graph_c_gatv2_context_edge_film_interaction,gatv2_graph_c_sprint8a_context_edge_film,gatv2,graph_c_context_observation,S5F2_energy,val,1473,9584,,0,0.499529093503952
sprint9_multiseed_S8A_R2_seed2024_S8A_R2_context_edge_film,S8A_R2_context_edge_film,graph_c_gatv2_context_edge_film_interaction,gatv2_graph_c_sprint8a_context_edge_film,gatv2,graph_c_context_observation,S5F2_energy,val,1474,9584,,0,0.4712781012058258
sprint9_multiseed_S8A_R2_seed2024_S8A_R2_context_edge_film,S8A_R2_context_edge_film,graph_c_gatv2_context_edge_film_interaction,gatv2_graph_c_sprint8a_context_edge_film,gatv2,graph_c_context_observation,S5F2_energy,val,1475,9584,,0,0.3730742037296295
sprint9_multiseed_S8A_R2_seed2024_S8A_R2_context_edge_film,S8A_R2_context_edge_film,graph_c_gatv2_context_edge_film_interaction,gatv2_graph_c_sprint8a_context_edge_film,gatv2,graph_c_context_observation,S5F2_energy,val,1476,9584,,0,0.33693090081214905
sprint9_multiseed_S8A_R2_seed2024_S8A_R2_context_edge_film,S8A_R2_context_edge_film,graph_c_gatv2_context_edge_film_interaction,gatv2_graph_c_sprint8a_context_edge_film,gatv2,graph_c_context_observation,S5F2_energy,val,1477,9584,,0,0.43205612897872925
sprint9_multiseed_S8A_R2_seed2024_S8A_R2_context_edge_film,S8A_R2_context_edge_film,graph_c_gatv2_context_edge_film_interaction,gatv2_graph_c_sprint8a_context_edge_film,gatv2,graph_c_context_observation,S5F2_energy,val,1478,9584,,0,0.5190063714981079
sprint9_multiseed_S8A_R2_seed2024_S8A_R2_context_edge_film,S8A_R2_context_edge_film,graph_c_gatv2_context_edge_film_interaction,gatv2_graph_c_sprint8a_context_edge_film,gatv2,graph_c_context_observation,S5F2_energy,val,1479,9584,,0,0.40442222356796265
sprint9_multiseed_S8A_R2_seed2024_S8A_R2_context_edge_film,S8A_R2_context_edge_film,graph_c_gatv2_context_edge_film_interaction,gatv2_graph_c_sprint8a_context_edge_film,gatv2,graph_c_context_observation,S5F2_energy,val,1480,9584,,0,0.5040831565856934
sprint9_multiseed_S8A_R2_seed2024_S8A_R2_context_edge_film,S8A_R2_context_edge_film,graph_c_gatv2_context_edge_film_interaction,gatv2_graph_c_sprint8a_context_edge_film,gatv2,graph_c_context_observation,S5F2_energy,val,1481,9584,,0,0.5209623575210571
sprint9_multiseed_S8A_R2_seed2024_S8A_R2_context_edge_film,S8A_R2_context_edge_film,graph_c_gatv2_context_edge_film_interaction,gatv2_graph_c_sprint8a_context_edge_film,gatv2,graph_c_context_observation,S5F2_energy,val,1482,9584,,0,0.4944622814655304
sprint9_multiseed_S8A_R2_seed2024_S8A_R2_context_edge_film,S8A_R2_context_edge_film,graph_c_gatv2_context_edge_film_interaction,gatv2_graph_c_sprint8a_context_edge_film,gatv2,graph_c_context_observation,S5F2_energy,val,1483,9584,,0,0.3885747194290161
sprint9_multiseed_S8A_R2_seed2024_S8A_R2_context_edge_film,S8A_R2_context_edge_film,graph_c_gatv2_context_edge_film_interaction,gatv2_graph_c_sprint8a_context_edge_film,gatv2,graph_c_context_observation,S5F2_energy,val,1484,9584,,0,0.4318527281284332
sprint9_multiseed_S8A_R2_seed2024_S8A_R2_context_edge_film,S8A_R2_context_edge_film,graph_c_gatv2_context_edge_film_interaction,gatv2_graph_c_sprint8a_context_edge_film,gatv2,graph_c_context_observation,S5F2_energy,val,1485,9584,,0,0.3023548424243927
sprint9_multiseed_S8A_R2_seed2024_S8A_R2_context_edge_film,S8A_R2_context_edge_film,graph_c_gatv2_context_edge_film_interaction,gatv2_graph_c_sprint8a_context_edge_film,gatv2,graph_c_context_observation,S5F2_energy,val,1486,9584,,0,0.31147557497024536
sprint9_multiseed_S8A_R2_seed2024_S8A_R2_context_edge_film,S8A_R2_context_edge_film,graph_c_gatv2_context_edge_film_interaction,gatv2_graph_c_sprint8a_context_edge_film,gatv2,graph_c_context_observation,S5F2_energy,val,1487,9584,,0,0.26937100291252136
sprint9_multiseed_S8A_R2_seed2024_S8A_R2_context_edge_film,S8A_R2_context_edge_film,graph_c_gatv2_context_edge_film_interaction,gatv2_graph_c_sprint8a_context_edge_film,gatv2,graph_c_context_observation,S5F2_energy,val,1488,9584,,0,0.5424361228942871
sprint9_multiseed_S8A_R2_seed2024_S8A_R2_context_edge_film,S8A_R2_context_edge_film,graph_c_gatv2_context_edge_film_interaction,gatv2_graph_c_sprint8a_context_edge_film,gatv2,graph_c_context_observation,S5F2_energy,val,1489,9584,,0,0.3175510764122009
sprint9_multiseed_S8A_R2_seed2024_S8A_R2_context_edge_film,S8A_R2_context_edge_film,graph_c_gatv2_context_edge_film_interaction,gatv2_graph_c_sprint8a_context_edge_film,gatv2,graph_c_context_observation,S5F2_energy,val,1490,9584,,0,0.35122501850128174
sprint9_multiseed_S8A_R2_seed2024_S8A_R2_context_edge_film,S8A_R2_context_edge_film,graph_c_gatv2_context_edge_film_interaction,gatv2_graph_c_sprint8a_context_edge_film,gatv2,graph_c_context_observation,S5F2_energy,val,1491,9584,,0,0.6061736345291138
sprint9_multiseed_S8A_R2_seed2024_S8A_R2_context_edge_film,S8A_R2_context_edge_film,graph_c_gatv2_context_edge_film_interaction,gatv2_graph_c_sprint8a_context_edge_film,gatv2,graph_c_context_observation,S5F2_energy,val,1492,9584,,0,0.4275134801864624
sprint9_multiseed_S8A_R2_seed2024_S8A_R2_context_edge_film,S8A_R2_context_edge_film,graph_c_gatv2_context_edge_film_interaction,gatv2_graph_c_sprint8a_context_edge_film,gatv2,graph_c_context_observation,S5F2_energy,val,1493,9584,,0,0.34526869654655457
sprint9_multiseed_S8A_R2_seed2024_S8A_R2_context_edge_film,S8A_R2_context_edge_film,graph_c_gatv2_context_edge_film_interaction,gatv2_graph_c_sprint8a_context_edge_film,gatv2,graph_c_context_observation,S5F2_energy,val,1494,9584,,0,0.5514668226242065
sprint9_multiseed_S8A_R2_seed2024_S8A_R2_context_edge_film,S8A_R2_context_edge_film,graph_c_gatv2_context_edge_film_interaction,gatv2_graph_c_sprint8a_context_edge_film,gatv2,graph_c_context_observation,S5F2_energy,val,1495,9584,,0,0.5120927691459656
sprint9_multiseed_S8A_R2_seed2024_S8A_R2_context_edge_film,S8A_R2_context_edge_film,graph_c_gatv2_context_edge_film_interaction,gatv2_graph_c_sprint8a_context_edge_film,gatv2,graph_c_context_observation,S5F2_energy,val,1496,9584,,0,0.4502153992652893
sprint9_multiseed_S8A_R2_seed2024_S8A_R2_context_edge_film,S8A_R2_context_edge_film,graph_c_gatv2_context_edge_film_interaction,gatv2_graph_c_sprint8a_context_edge_film,gatv2,graph_c_context_observation,S5F2_energy,val,1497,9584,,0,0.45649296045303345
sprint9_multiseed_S8A_R2_seed2024_S8A_R2_context_edge_film,S8A_R2_context_edge_film,graph_c_gatv2_context_edge_film_interaction,gatv2_graph_c_sprint8a_context_edge_film,gatv2,graph_c_context_observation,S5F2_energy,val,1498,9584,,0,0.29447677731513977
sprint9_multiseed_S8A_R2_seed2024_S8A_R2_context_edge_film,S8A_R2_context_edge_film,graph_c_gatv2_context_edge_film_interaction,gatv2_graph_c_sprint8a_context_edge_film,gatv2,graph_c_context_observation,S5F2_energy,val,1499,9584,,0,0.2238287627696991
sprint9_multiseed_S8A_R2_seed2024_S8A_R2_context_edge_film,S8A_R2_context_edge_film,graph_c_gatv2_context_edge_film_interaction,gatv2_graph_c_sprint8a_context_edge_film,gatv2,graph_c_context_observation,S5F2_energy,val,1500,9584,,0,0.1759607344865799
sprint9_multiseed_S8A_R2_seed2024_S8A_R2_context_edge_film,S8A_R2_context_edge_film,graph_c_gatv2_context_edge_film_interaction,gatv2_graph_c_sprint8a_context_edge_film,gatv2,graph_c_context_observation,S5F2_energy,val,1501,9584,,0,0.4008752405643463
sprint9_multiseed_S8A_R2_seed2024_S8A_R2_context_edge_film,S8A_R2_context_edge_film,graph_c_gatv2_context_edge_film_interaction,gatv2_graph_c_sprint8a_context_edge_film,gatv2,graph_c_context_observation,S5F2_energy,val,1502,9584,,0,0.358554869890213
sprint9_multiseed_S8A_R2_seed2024_S8A_R2_context_edge_film,S8A_R2_context_edge_film,graph_c_gatv2_context_edge_film_interaction,gatv2_graph_c_sprint8a_context_edge_film,gatv2,graph_c_context_observation,S5F2_energy,val,1503,9584,,0,0.48271289467811584
sprint9_multiseed_S8A_R2_seed2024_S8A_R2_context_edge_film,S8A_R2_context_edge_film,graph_c_gatv2_context_edge_film_interaction,gatv2_graph_c_sprint8a_context_edge_film,gatv2,graph_c_context_observation,S5F2_energy,val,1504,9584,,0,0.42516380548477173
sprint9_multiseed_S8A_R2_seed2024_S8A_R2_context_edge_film,S8A_R2_context_edge_film,graph_c_gatv2_context_edge_film_interaction,gatv2_graph_c_sprint8a_context_edge_film,gatv2,graph_c_context_observation,S5F2_energy,val,1505,9584,,0,0.34429898858070374
sprint9_multiseed_S8A_R2_seed2024_S8A_R2_context_edge_film,S8A_R2_context_edge_film,graph_c_gatv2_context_edge_film_interaction,gatv2_graph_c_sprint8a_context_edge_film,gatv2,graph_c_context_observation,S5F2_energy,val,1506,9584,,0,0.5256751179695129
sprint9_multiseed_S8A_R2_seed2024_S8A_R2_context_edge_film,S8A_R2_context_edge_film,graph_c_gatv2_context_edge_film_interaction,gatv2_graph_c_sprint8a_context_edge_film,gatv2,graph_c_context_observation,S5F2_energy,val,1507,9584,,0,0.37049445509910583
sprint9_multiseed_S8A_R2_seed2024_S8A_R2_context_edge_film,S8A_R2_context_edge_film,graph_c_gatv2_context_edge_film_interaction,gatv2_graph_c_sprint8a_context_edge_film,gatv2,graph_c_context_observation,S5F2_energy,val,1508,10151,,1,0.5191566348075867
sprint9_multiseed_S8A_R2_seed2024_S8A_R2_context_edge_film,S8A_R2_context_edge_film,graph_c_gatv2_context_edge_film_interaction,gatv2_graph_c_sprint8a_context_edge_film,gatv2,graph_c_context_observation,S5F2_energy,val,1509,10151,,0,0.29454362392425537
sprint9_multiseed_S8A_R2_seed2024_S8A_R2_context_edge_film,S8A_R2_context_edge_film,graph_c_gatv2_context_edge_film_interaction,gatv2_graph_c_sprint8a_context_edge_film,gatv2,graph_c_context_observation,S5F2_energy,val,1510,10151,,0,0.271692156791687
sprint9_multiseed_S8A_R2_seed2024_S8A_R2_context_edge_film,S8A_R2_context_edge_film,graph_c_gatv2_context_edge_film_interaction,gatv2_graph_c_sprint8a_context_edge_film,gatv2,graph_c_context_observation,S5F2_energy,val,1511,10151,,0,0.4242885112762451
sprint9_multiseed_S8A_R2_seed2024_S8A_R2_context_edge_film,S8A_R2_context_edge_film,graph_c_gatv2_context_edge_film_interaction,gatv2_graph_c_sprint8a_context_edge_film,gatv2,graph_c_context_observation,S5F2_energy,val,1512,10151,,1,0.1831720620393753
sprint9_multiseed_S8A_R2_seed2024_S8A_R2_context_edge_film,S8A_R2_context_edge_film,graph_c_gatv2_context_edge_film_interaction,gatv2_graph_c_sprint8a_context_edge_film,gatv2,graph_c_context_observation,S5F2_energy,val,1513,10151,,0,0.27132514119148254
sprint9_multiseed_S8A_R2_seed2024_S8A_R2_context_edge_film,S8A_R2_context_edge_film,graph_c_gatv2_context_edge_film_interaction,gatv2_graph_c_sprint8a_context_edge_film,gatv2,graph_c_context_observation,S5F2_energy,val,1514,10151,,0,0.20932459831237793
sprint9_multiseed_S8A_R2_seed2024_S8A_R2_context_edge_film,S8A_R2_context_edge_film,graph_c_gatv2_context_edge_film_interaction,gatv2_graph_c_sprint8a_context_edge_film,gatv2,graph_c_context_observation,S5F2_energy,val,1515,10151,,0,0.3332729935646057
sprint9_multiseed_S8A_R2_seed2024_S8A_R2_context_edge_film,S8A_R2_context_edge_film,graph_c_gatv2_context_edge_film_interaction,gatv2_graph_c_sprint8a_context_edge_film,gatv2,graph_c_context_observation,S5F2_energy,val,1516,10151,,0,0.3285245895385742
sprint9_multiseed_S8A_R2_seed2024_S8A_R2_context_edge_film,S8A_R2_context_edge_film,graph_c_gatv2_context_edge_film_interaction,gatv2_graph_c_sprint8a_context_edge_film,gatv2,graph_c_context_observation,S5F2_energy,val,1517,10151,,0,0.2954041659832001
sprint9_multiseed_S8A_R2_seed2024_S8A_R2_context_edge_film,S8A_R2_context_edge_film,graph_c_gatv2_context_edge_film_interaction,gatv2_graph_c_sprint8a_context_edge_film,gatv2,graph_c_context_observation,S5F2_energy,val,1518,10151,,1,0.29617881774902344
sprint9_multiseed_S8A_R2_seed2024_S8A_R2_context_edge_film,S8A_R2_context_edge_film,graph_c_gatv2_context_edge_film_interaction,gatv2_graph_c_sprint8a_context_edge_film,gatv2,graph_c_context_observation,S5F2_energy,val,1519,10151,,0,0.3028201460838318
sprint9_multiseed_S8A_R2_seed2024_S8A_R2_context_edge_film,S8A_R2_context_edge_film,graph_c_gatv2_context_edge_film_interaction,gatv2_graph_c_sprint8a_context_edge_film,gatv2,graph_c_context_observation,S5F2_energy,val,1520,10151,,0,0.24437791109085083
sprint9_multiseed_S8A_R2_seed2024_S8A_R2_context_edge_film,S8A_R2_context_edge_film,graph_c_gatv2_context_edge_film_interaction,gatv2_graph_c_sprint8a_context_edge_film,gatv2,graph_c_context_observation,S5F2_energy,val,1521,10151,,0,0.362264484167099
sprint9_multiseed_S8A_R2_seed2024_S8A_R2_context_edge_film,S8A_R2_context_edge_film,graph_c_gatv2_context_edge_film_interaction,gatv2_graph_c_sprint8a_context_edge_film,gatv2,graph_c_context_observation,S5F2_energy,val,1522,10151,,0,0.17373162508010864
sprint9_multiseed_S8A_R2_seed2024_S8A_R2_context_edge_film,S8A_R2_context_edge_film,graph_c_gatv2_context_edge_film_interaction,gatv2_graph_c_sprint8a_context_edge_film,gatv2,graph_c_context_observation,S5F2_energy,val,1523,10151,,0,0.21956484019756317
sprint9_multiseed_S8A_R2_seed2024_S8A_R2_context_edge_film,S8A_R2_context_edge_film,graph_c_gatv2_context_edge_film_interaction,gatv2_graph_c_sprint8a_context_edge_film,gatv2,graph_c_context_observation,S5F2_energy,val,1524,10151,,0,0.20447897911071777
sprint9_multiseed_S8A_R2_seed2024_S8A_R2_context_edge_film,S8A_R2_context_edge_film,graph_c_gatv2_context_edge_film_interaction,gatv2_graph_c_sprint8a_context_edge_film,gatv2,graph_c_context_observation,S5F2_energy,val,1525,10151,,1,0.3032821714878082
sprint9_multiseed_S8A_R2_seed2024_S8A_R2_context_edge_film,S8A_R2_context_edge_film,graph_c_gatv2_context_edge_film_interaction,gatv2_graph_c_sprint8a_context_edge_film,gatv2,graph_c_context_observation,S5F2_energy,val,1526,10151,,1,0.235167995095253
sprint9_multiseed_S8A_R2_seed2024_S8A_R2_context_edge_film,S8A_R2_context_edge_film,graph_c_gatv2_context_edge_film_interaction,gatv2_graph_c_sprint8a_context_edge_film,gatv2,graph_c_context_observation,S5F2_energy,val,1527,10151,,0,0.31627148389816284
sprint9_multiseed_S8A_R2_seed2024_S8A_R2_context_edge_film,S8A_R2_context_edge_film,graph_c_gatv2_context_edge_film_interaction,gatv2_graph_c_sprint8a_context_edge_film,gatv2,graph_c_context_observation,S5F2_energy,val,1528,10151,,1,0.24967467784881592
sprint9_multiseed_S8A_R2_seed2024_S8A_R2_context_edge_film,S8A_R2_context_edge_film,graph_c_gatv2_context_edge_film_interaction,gatv2_graph_c_sprint8a_context_edge_film,gatv2,graph_c_context_observation,S5F2_energy,val,1529,10151,,0,0.3606398105621338
sprint9_multiseed_S8A_R2_seed2024_S8A_R2_context_edge_film,S8A_R2_context_edge_film,graph_c_gatv2_context_edge_film_interaction,gatv2_graph_c_sprint8a_context_edge_film,gatv2,graph_c_context_observation,S5F2_energy,val,1530,10151,,1,0.18960747122764587
sprint9_multiseed_S8A_R2_seed2024_S8A_R2_context_edge_film,S8A_R2_context_edge_film,graph_c_gatv2_context_edge_film_interaction,gatv2_graph_c_sprint8a_context_edge_film,gatv2,graph_c_context_observation,S5F2_energy,val,1531,10151,,1,0.17493514716625214
sprint9_multiseed_S8A_R2_seed2024_S8A_R2_context_edge_film,S8A_R2_context_edge_film,graph_c_gatv2_context_edge_film_interaction,gatv2_graph_c_sprint8a_context_edge_film,gatv2,graph_c_context_observation,S5F2_energy,val,1532,10151,,1,0.34800443053245544
sprint9_multiseed_S8A_R2_seed2024_S8A_R2_context_edge_film,S8A_R2_context_edge_film,graph_c_gatv2_context_edge_film_interaction,gatv2_graph_c_sprint8a_context_edge_film,gatv2,graph_c_context_observation,S5F2_energy,val,1533,10151,,0,0.20635642111301422
sprint9_multiseed_S8A_R2_seed2024_S8A_R2_context_edge_film,S8A_R2_context_edge_film,graph_c_gatv2_context_edge_film_interaction,gatv2_graph_c_sprint8a_context_edge_film,gatv2,graph_c_context_observation,S5F2_energy,val,1534,10151,,0,0.180989608168602
sprint9_multiseed_S8A_R2_seed2024_S8A_R2_context_edge_film,S8A_R2_context_edge_film,graph_c_gatv2_context_edge_film_interaction,gatv2_graph_c_sprint8a_context_edge_film,gatv2,graph_c_context_observation,S5F2_energy,val,1535,10151,,1,0.21694964170455933
sprint9_multiseed_S8A_R2_seed2024_S8A_R2_context_edge_film,S8A_R2_context_edge_film,graph_c_gatv2_context_edge_film_interaction,gatv2_graph_c_sprint8a_context_edge_film,gatv2,graph_c_context_observation,S5F2_energy,val,1536,10151,,0,0.20322123169898987
sprint9_multiseed_S8A_R2_seed2024_S8A_R2_context_edge_film,S8A_R2_context_edge_film,graph_c_gatv2_context_edge_film_interaction,gatv2_graph_c_sprint8a_context_edge_film,gatv2,graph_c_context_observation,S5F2_energy,val,1537,10151,,1,0.14205706119537354
sprint9_multiseed_S8A_R2_seed2024_S8A_R2_context_edge_film,S8A_R2_context_edge_film,graph_c_gatv2_context_edge_film_interaction,gatv2_graph_c_sprint8a_context_edge_film,gatv2,graph_c_context_observation,S5F2_energy,val,1538,10151,,1,0.29258158802986145
sprint9_multiseed_S8A_R2_seed2024_S8A_R2_context_edge_film,S8A_R2_context_edge_film,graph_c_gatv2_context_edge_film_interaction,gatv2_graph_c_sprint8a_context_edge_film,gatv2,graph_c_context_observation,S5F2_energy,val,1539,10151,,1,0.20710188150405884
sprint9_multiseed_S8A_R2_seed2024_S8A_R2_context_edge_film,S8A_R2_context_edge_film,graph_c_gatv2_context_edge_film_interaction,gatv2_graph_c_sprint8a_context_edge_film,gatv2,graph_c_context_observation,S5F2_energy,val,1540,10151,,0,0.3218664526939392
sprint9_multiseed_S8A_R2_seed2024_S8A_R2_context_edge_film,S8A_R2_context_edge_film,graph_c_gatv2_context_edge_film_interaction,gatv2_graph_c_sprint8a_context_edge_film,gatv2,graph_c_context_observation,S5F2_energy,val,1541,10151,,0,0.34959012269973755
sprint9_multiseed_S8A_R2_seed2024_S8A_R2_context_edge_film,S8A_R2_context_edge_film,graph_c_gatv2_context_edge_film_interaction,gatv2_graph_c_sprint8a_context_edge_film,gatv2,graph_c_context_observation,S5F2_energy,val,1542,10151,,0,0.13676604628562927
sprint9_multiseed_S8A_R2_seed2024_S8A_R2_context_edge_film,S8A_R2_context_edge_film,graph_c_gatv2_context_edge_film_interaction,gatv2_graph_c_sprint8a_context_edge_film,gatv2,graph_c_context_observation,S5F2_energy,val,1543,10151,,0,0.3111346960067749
sprint9_multiseed_S8A_R2_seed2024_S8A_R2_context_edge_film,S8A_R2_context_edge_film,graph_c_gatv2_context_edge_film_interaction,gatv2_graph_c_sprint8a_context_edge_film,gatv2,graph_c_context_observation,S5F2_energy,val,1544,10151,,0,0.36166253685951233
sprint9_multiseed_S8A_R2_seed2024_S8A_R2_context_edge_film,S8A_R2_context_edge_film,graph_c_gatv2_context_edge_film_interaction,gatv2_graph_c_sprint8a_context_edge_film,gatv2,graph_c_context_observation,S5F2_energy,val,1545,10151,,0,0.2790423631668091
sprint9_multiseed_S8A_R2_seed2024_S8A_R2_context_edge_film,S8A_R2_context_edge_film,graph_c_gatv2_context_edge_film_interaction,gatv2_graph_c_sprint8a_context_edge_film,gatv2,graph_c_context_observation,S5F2_energy,val,1546,10151,,1,0.4034790098667145
sprint9_multiseed_S8A_R2_seed2024_S8A_R2_context_edge_film,S8A_R2_context_edge_film,graph_c_gatv2_context_edge_film_interaction,gatv2_graph_c_sprint8a_context_edge_film,gatv2,graph_c_context_observation,S5F2_energy,val,1547,10151,,1,0.12943261861801147
sprint9_multiseed_S8A_R2_seed2024_S8A_R2_context_edge_film,S8A_R2_context_edge_film,graph_c_gatv2_context_edge_film_interaction,gatv2_graph_c_sprint8a_context_edge_film,gatv2,graph_c_context_observation,S5F2_energy,val,1548,10151,,1,0.39668962359428406
sprint9_multiseed_S8A_R2_seed2024_S8A_R2_context_edge_film,S8A_R2_context_edge_film,graph_c_gatv2_context_edge_film_interaction,gatv2_graph_c_sprint8a_context_edge_film,gatv2,graph_c_context_observation,S5F2_energy,val,1549,10151,,1,0.4139622747898102
sprint9_multiseed_S8A_R2_seed2024_S8A_R2_context_edge_film,S8A_R2_context_edge_film,graph_c_gatv2_context_edge_film_interaction,gatv2_graph_c_sprint8a_context_edge_film,gatv2,graph_c_context_observation,S5F2_energy,val,1550,10151,,0,0.2180517613887787
sprint9_multiseed_S8A_R2_seed2024_S8A_R2_context_edge_film,S8A_R2_context_edge_film,graph_c_gatv2_context_edge_film_interaction,gatv2_graph_c_sprint8a_context_edge_film,gatv2,graph_c_context_observation,S5F2_energy,val,1551,10151,,1,0.26504313945770264
sprint9_multiseed_S8A_R2_seed2024_S8A_R2_context_edge_film,S8A_R2_context_edge_film,graph_c_gatv2_context_edge_film_interaction,gatv2_graph_c_sprint8a_context_edge_film,gatv2,graph_c_context_observation,S5F2_energy,val,1552,10151,,1,0.12197739630937576
sprint9_multiseed_S8A_R2_seed2024_S8A_R2_context_edge_film,S8A_R2_context_edge_film,graph_c_gatv2_context_edge_film_interaction,gatv2_graph_c_sprint8a_context_edge_film,gatv2,graph_c_context_observation,S5F2_energy,val,1553,10151,,0,0.31638988852500916
sprint9_multiseed_S8A_R2_seed2024_S8A_R2_context_edge_film,S8A_R2_context_edge_film,graph_c_gatv2_context_edge_film_interaction,gatv2_graph_c_sprint8a_context_edge_film,gatv2,graph_c_context_observation,S5F2_energy,val,1554,10151,,0,0.3429475426673889
sprint9_multiseed_S8A_R2_seed2024_S8A_R2_context_edge_film,S8A_R2_context_edge_film,graph_c_gatv2_context_edge_film_interaction,gatv2_graph_c_sprint8a_context_edge_film,gatv2,graph_c_context_observation,S5F2_energy,val,1555,10151,,0,0.11950144916772842
sprint9_multiseed_S8A_R2_seed2024_S8A_R2_context_edge_film,S8A_R2_context_edge_film,graph_c_gatv2_context_edge_film_interaction,gatv2_graph_c_sprint8a_context_edge_film,gatv2,graph_c_context_observation,S5F2_energy,val,1556,10151,,1,0.2797742187976837
sprint9_multiseed_S8A_R2_seed2024_S8A_R2_context_edge_film,S8A_R2_context_edge_film,graph_c_gatv2_context_edge_film_interaction,gatv2_graph_c_sprint8a_context_edge_film,gatv2,graph_c_context_observation,S5F2_energy,val,1557,10151,,0,0.3533247113227844
sprint9_multiseed_S8A_R2_seed2024_S8A_R2_context_edge_film,S8A_R2_context_edge_film,graph_c_gatv2_context_edge_film_interaction,gatv2_graph_c_sprint8a_context_edge_film,gatv2,graph_c_context_observation,S5F2_energy,val,1558,10151,,1,0.33419573307037354
sprint9_multiseed_S8A_R2_seed2024_S8A_R2_context_edge_film,S8A_R2_context_edge_film,graph_c_gatv2_context_edge_film_interaction,gatv2_graph_c_sprint8a_context_edge_film,gatv2,graph_c_context_observation,S5F2_energy,val,1559,10151,,1,0.3725258409976959
sprint9_multiseed_S8A_R2_seed2024_S8A_R2_context_edge_film,S8A_R2_context_edge_film,graph_c_gatv2_context_edge_film_interaction,gatv2_graph_c_sprint8a_context_edge_film,gatv2,graph_c_context_observation,S5F2_energy,val,1560,10151,,1,0.33469584584236145
sprint9_multiseed_S8A_R2_seed2024_S8A_R2_context_edge_film,S8A_R2_context_edge_film,graph_c_gatv2_context_edge_film_interaction,gatv2_graph_c_sprint8a_context_edge_film,gatv2,graph_c_context_observation,S5F2_energy,val,1561,10151,,1,0.15985363721847534
sprint9_multiseed_S8A_R2_seed2024_S8A_R2_context_edge_film,S8A_R2_context_edge_film,graph_c_gatv2_context_edge_film_interaction,gatv2_graph_c_sprint8a_context_edge_film,gatv2,graph_c_context_observation,S5F2_energy,val,1562,10151,,1,0.1946897655725479
sprint9_multiseed_S8A_R2_seed2024_S8A_R2_context_edge_film,S8A_R2_context_edge_film,graph_c_gatv2_context_edge_film_interaction,gatv2_graph_c_sprint8a_context_edge_film,gatv2,graph_c_context_observation,S5F2_energy,val,1563,10151,,1,0.2619185149669647
sprint9_multiseed_S8A_R2_seed2024_S8A_R2_context_edge_film,S8A_R2_context_edge_film,graph_c_gatv2_context_edge_film_interaction,gatv2_graph_c_sprint8a_context_edge_film,gatv2,graph_c_context_observation,S5F2_energy,val,1564,10151,,1,0.11774415522813797
sprint9_multiseed_S8A_R2_seed2024_S8A_R2_context_edge_film,S8A_R2_context_edge_film,graph_c_gatv2_context_edge_film_interaction,gatv2_graph_c_sprint8a_context_edge_film,gatv2,graph_c_context_observation,S5F2_energy,val,1565,10151,,1,0.2792641818523407
sprint9_multiseed_S8A_R2_seed2024_S8A_R2_context_edge_film,S8A_R2_context_edge_film,graph_c_gatv2_context_edge_film_interaction,gatv2_graph_c_sprint8a_context_edge_film,gatv2,graph_c_context_observation,S5F2_energy,val,1566,10151,,0,0.23086422681808472
sprint9_multiseed_S8A_R2_seed2024_S8A_R2_context_edge_film,S8A_R2_context_edge_film,graph_c_gatv2_context_edge_film_interaction,gatv2_graph_c_sprint8a_context_edge_film,gatv2,graph_c_context_observation,S5F2_energy,val,1567,10151,,1,0.28330013155937195
sprint9_multiseed_S8A_R2_seed2024_S8A_R2_context_edge_film,S8A_R2_context_edge_film,graph_c_gatv2_context_edge_film_interaction,gatv2_graph_c_sprint8a_context_edge_film,gatv2,graph_c_context_observation,S5F2_energy,val,1568,10151,,0,0.24720899760723114
sprint9_multiseed_S8A_R2_seed2024_S8A_R2_context_edge_film,S8A_R2_context_edge_film,graph_c_gatv2_context_edge_film_interaction,gatv2_graph_c_sprint8a_context_edge_film,gatv2,graph_c_context_observation,S5F2_energy,val,1569,10151,,0,0.3718533217906952
sprint9_multiseed_S8A_R2_seed2024_S8A_R2_context_edge_film,S8A_R2_context_edge_film,graph_c_gatv2_context_edge_film_interaction,gatv2_graph_c_sprint8a_context_edge_film,gatv2,graph_c_context_observation,S5F2_energy,val,1570,10151,,0,0.26343655586242676
sprint9_multiseed_S8A_R2_seed2024_S8A_R2_context_edge_film,S8A_R2_context_edge_film,graph_c_gatv2_context_edge_film_interaction,gatv2_graph_c_sprint8a_context_edge_film,gatv2,graph_c_context_observation,S5F2_energy,val,1571,10151,,0,0.34554263949394226
sprint9_multiseed_S8A_R2_seed2024_S8A_R2_context_edge_film,S8A_R2_context_edge_film,graph_c_gatv2_context_edge_film_interaction,gatv2_graph_c_sprint8a_context_edge_film,gatv2,graph_c_context_observation,S5F2_energy,val,1572,10151,,0,0.14999043941497803
sprint9_multiseed_S8A_R2_seed2024_S8A_R2_context_edge_film,S8A_R2_context_edge_film,graph_c_gatv2_context_edge_film_interaction,gatv2_graph_c_sprint8a_context_edge_film,gatv2,graph_c_context_observation,S5F2_energy,val,1573,10151,,0,0.22938032448291779
sprint9_multiseed_S8A_R2_seed2024_S8A_R2_context_edge_film,S8A_R2_context_edge_film,graph_c_gatv2_context_edge_film_interaction,gatv2_graph_c_sprint8a_context_edge_film,gatv2,graph_c_context_observation,S5F2_energy,val,1574,10151,,1,0.37633016705513
sprint9_multiseed_S8A_R2_seed2024_S8A_R2_context_edge_film,S8A_R2_context_edge_film,graph_c_gatv2_context_edge_film_interaction,gatv2_graph_c_sprint8a_context_edge_film,gatv2,graph_c_context_observation,S5F2_energy,val,1575,10151,,1,0.13203071057796478
sprint9_multiseed_S8A_R2_seed2024_S8A_R2_context_edge_film,S8A_R2_context_edge_film,graph_c_gatv2_context_edge_film_interaction,gatv2_graph_c_sprint8a_context_edge_film,gatv2,graph_c_context_observation,S5F2_energy,val,1576,10151,,1,0.1717587560415268
sprint9_multiseed_S8A_R2_seed2024_S8A_R2_context_edge_film,S8A_R2_context_edge_film,graph_c_gatv2_context_edge_film_interaction,gatv2_graph_c_sprint8a_context_edge_film,gatv2,graph_c_context_observation,S5F2_energy,val,1577,10151,,1,0.16954879462718964
sprint9_multiseed_S8A_R2_seed2024_S8A_R2_context_edge_film,S8A_R2_context_edge_film,graph_c_gatv2_context_edge_film_interaction,gatv2_graph_c_sprint8a_context_edge_film,gatv2,graph_c_context_observation,S5F2_energy,val,1578,10151,,0,0.26267343759536743
sprint9_multiseed_S8A_R2_seed2024_S8A_R2_context_edge_film,S8A_R2_context_edge_film,graph_c_gatv2_context_edge_film_interaction,gatv2_graph_c_sprint8a_context_edge_film,gatv2,graph_c_context_observation,S5F2_energy,val,1579,10151,,1,0.15012268722057343
sprint9_multiseed_S8A_R2_seed2024_S8A_R2_context_edge_film,S8A_R2_context_edge_film,graph_c_gatv2_context_edge_film_interaction,gatv2_graph_c_sprint8a_context_edge_film,gatv2,graph_c_context_observation,S5F2_energy,val,1580,10151,,0,0.33901217579841614
sprint9_multiseed_S8A_R2_seed2024_S8A_R2_context_edge_film,S8A_R2_context_edge_film,graph_c_gatv2_context_edge_film_interaction,gatv2_graph_c_sprint8a_context_edge_film,gatv2,graph_c_context_observation,S5F2_energy,val,1581,10151,,1,0.2373664379119873
sprint9_multiseed_S8A_R2_seed2024_S8A_R2_context_edge_film,S8A_R2_context_edge_film,graph_c_gatv2_context_edge_film_interaction,gatv2_graph_c_sprint8a_context_edge_film,gatv2,graph_c_context_observation,S5F2_energy,val,1582,10151,,0,0.13578127324581146
sprint9_multiseed_S8A_R2_seed2024_S8A_R2_context_edge_film,S8A_R2_context_edge_film,graph_c_gatv2_context_edge_film_interaction,gatv2_graph_c_sprint8a_context_edge_film,gatv2,graph_c_context_observation,S5F2_energy,val,1583,10151,,0,0.2615050971508026
sprint9_multiseed_S8A_R2_seed2024_S8A_R2_context_edge_film,S8A_R2_context_edge_film,graph_c_gatv2_context_edge_film_interaction,gatv2_graph_c_sprint8a_context_edge_film,gatv2,graph_c_context_observation,S5F2_energy,val,1584,10151,,0,0.295523077249527
sprint9_multiseed_S8A_R2_seed2024_S8A_R2_context_edge_film,S8A_R2_context_edge_film,graph_c_gatv2_context_edge_film_interaction,gatv2_graph_c_sprint8a_context_edge_film,gatv2,graph_c_context_observation,S5F2_energy,val,1585,10151,,0,0.17773030698299408
sprint9_multiseed_S8A_R2_seed2024_S8A_R2_context_edge_film,S8A_R2_context_edge_film,graph_c_gatv2_context_edge_film_interaction,gatv2_graph_c_sprint8a_context_edge_film,gatv2,graph_c_context_observation,S5F2_energy,val,1586,10151,,0,0.2128438800573349
sprint9_multiseed_S8A_R2_seed2024_S8A_R2_context_edge_film,S8A_R2_context_edge_film,graph_c_gatv2_context_edge_film_interaction,gatv2_graph_c_sprint8a_context_edge_film,gatv2,graph_c_context_observation,S5F2_energy,val,1587,10151,,1,0.2934362292289734
sprint9_multiseed_S8A_R2_seed2024_S8A_R2_context_edge_film,S8A_R2_context_edge_film,graph_c_gatv2_context_edge_film_interaction,gatv2_graph_c_sprint8a_context_edge_film,gatv2,graph_c_context_observation,S5F2_energy,val,1588,10151,,1,0.2284722775220871
sprint9_multiseed_S8A_R2_seed2024_S8A_R2_context_edge_film,S8A_R2_context_edge_film,graph_c_gatv2_context_edge_film_interaction,gatv2_graph_c_sprint8a_context_edge_film,gatv2,graph_c_context_observation,S5F2_energy,val,1589,10151,,1,0.2833603322505951
sprint9_multiseed_S8A_R2_seed2024_S8A_R2_context_edge_film,S8A_R2_context_edge_film,graph_c_gatv2_context_edge_film_interaction,gatv2_graph_c_sprint8a_context_edge_film,gatv2,graph_c_context_observation,S5F2_energy,val,1590,10151,,0,0.3608613610267639
sprint9_multiseed_S8A_R2_seed2024_S8A_R2_context_edge_film,S8A_R2_context_edge_film,graph_c_gatv2_context_edge_film_interaction,gatv2_graph_c_sprint8a_context_edge_film,gatv2,graph_c_context_observation,S5F2_energy,val,1591,10151,,0,0.345537394285202
sprint9_multiseed_S8A_R2_seed2024_S8A_R2_context_edge_film,S8A_R2_context_edge_film,graph_c_gatv2_context_edge_film_interaction,gatv2_graph_c_sprint8a_context_edge_film,gatv2,graph_c_context_observation,S5F2_energy,val,1592,10151,,0,0.24269862473011017
sprint9_multiseed_S8A_R2_seed2024_S8A_R2_context_edge_film,S8A_R2_context_edge_film,graph_c_gatv2_context_edge_film_interaction,gatv2_graph_c_sprint8a_context_edge_film,gatv2,graph_c_context_observation,S5F2_energy,val,1593,10151,,1,0.23737773299217224
sprint9_multiseed_S8A_R2_seed2024_S8A_R2_context_edge_film,S8A_R2_context_edge_film,graph_c_gatv2_context_edge_film_interaction,gatv2_graph_c_sprint8a_context_edge_film,gatv2,graph_c_context_observation,S5F2_energy,val,1594,10151,,1,0.36731764674186707
sprint9_multiseed_S8A_R2_seed2024_S8A_R2_context_edge_film,S8A_R2_context_edge_film,graph_c_gatv2_context_edge_film_interaction,gatv2_graph_c_sprint8a_context_edge_film,gatv2,graph_c_context_observation,S5F2_energy,val,1595,10151,,0,0.23930175602436066
sprint9_multiseed_S8A_R2_seed2024_S8A_R2_context_edge_film,S8A_R2_context_edge_film,graph_c_gatv2_context_edge_film_interaction,gatv2_graph_c_sprint8a_context_edge_film,gatv2,graph_c_context_observation,S5F2_energy,val,1596,10151,,0,0.2568477392196655
sprint9_multiseed_S8A_R2_seed2024_S8A_R2_context_edge_film,S8A_R2_context_edge_film,graph_c_gatv2_context_edge_film_interaction,gatv2_graph_c_sprint8a_context_edge_film,gatv2,graph_c_context_observation,S5F2_energy,val,1597,10151,,0,0.09505521506071091
sprint9_multiseed_S8A_R2_seed2024_S8A_R2_context_edge_film,S8A_R2_context_edge_film,graph_c_gatv2_context_edge_film_interaction,gatv2_graph_c_sprint8a_context_edge_film,gatv2,graph_c_context_observation,S5F2_energy,val,1598,10151,,0,0.27084288001060486
sprint9_multiseed_S8A_R2_seed2024_S8A_R2_context_edge_film,S8A_R2_context_edge_film,graph_c_gatv2_context_edge_film_interaction,gatv2_graph_c_sprint8a_context_edge_film,gatv2,graph_c_context_observation,S5F2_energy,val,1599,10151,,1,0.28263962268829346
sprint9_multiseed_S8A_R2_seed2024_S8A_R2_context_edge_film,S8A_R2_context_edge_film,graph_c_gatv2_context_edge_film_interaction,gatv2_graph_c_sprint8a_context_edge_film,gatv2,graph_c_context_observation,S5F2_energy,val,1600,10151,,1,0.2133011519908905
sprint9_multiseed_S8A_R2_seed2024_S8A_R2_context_edge_film,S8A_R2_context_edge_film,graph_c_gatv2_context_edge_film_interaction,gatv2_graph_c_sprint8a_context_edge_film,gatv2,graph_c_context_observation,S5F2_energy,val,1601,10151,,1,0.16616712510585785
sprint9_multiseed_S8A_R2_seed2024_S8A_R2_context_edge_film,S8A_R2_context_edge_film,graph_c_gatv2_context_edge_film_interaction,gatv2_graph_c_sprint8a_context_edge_film,gatv2,graph_c_context_observation,S5F2_energy,val,1602,10151,,0,0.11881162226200104
sprint9_multiseed_S8A_R2_seed2024_S8A_R2_context_edge_film,S8A_R2_context_edge_film,graph_c_gatv2_context_edge_film_interaction,gatv2_graph_c_sprint8a_context_edge_film,gatv2,graph_c_context_observation,S5F2_energy,val,1603,10151,,1,0.19272999465465546
sprint9_multiseed_S8A_R2_seed2024_S8A_R2_context_edge_film,S8A_R2_context_edge_film,graph_c_gatv2_context_edge_film_interaction,gatv2_graph_c_sprint8a_context_edge_film,gatv2,graph_c_context_observation,S5F2_energy,val,1604,10151,,1,0.15319736301898956
sprint9_multiseed_S8A_R2_seed2024_S8A_R2_context_edge_film,S8A_R2_context_edge_film,graph_c_gatv2_context_edge_film_interaction,gatv2_graph_c_sprint8a_context_edge_film,gatv2,graph_c_context_observation,S5F2_energy,val,1605,10151,,1,0.27996718883514404
sprint9_multiseed_S8A_R2_seed2024_S8A_R2_context_edge_film,S8A_R2_context_edge_film,graph_c_gatv2_context_edge_film_interaction,gatv2_graph_c_sprint8a_context_edge_film,gatv2,graph_c_context_observation,S5F2_energy,val,1606,10151,,0,0.333304226398468
sprint9_multiseed_S8A_R2_seed2024_S8A_R2_context_edge_film,S8A_R2_context_edge_film,graph_c_gatv2_context_edge_film_interaction,gatv2_graph_c_sprint8a_context_edge_film,gatv2,graph_c_context_observation,S5F2_energy,val,1607,10151,,0,0.2659912109375
sprint9_multiseed_S8A_R2_seed2024_S8A_R2_context_edge_film,S8A_R2_context_edge_film,graph_c_gatv2_context_edge_film_interaction,gatv2_graph_c_sprint8a_context_edge_film,gatv2,graph_c_context_observation,S5F2_energy,val,1608,10151,,1,0.2525237500667572
sprint9_multiseed_S8A_R2_seed2024_S8A_R2_context_edge_film,S8A_R2_context_edge_film,graph_c_gatv2_context_edge_film_interaction,gatv2_graph_c_sprint8a_context_edge_film,gatv2,graph_c_context_observation,S5F2_energy,val,1609,10151,,1,0.1618567705154419
sprint9_multiseed_S8A_R2_seed2024_S8A_R2_context_edge_film,S8A_R2_context_edge_film,graph_c_gatv2_context_edge_film_interaction,gatv2_graph_c_sprint8a_context_edge_film,gatv2,graph_c_context_observation,S5F2_energy,val,1610,10151,,1,0.4451507329940796
sprint9_multiseed_S8A_R2_seed2024_S8A_R2_context_edge_film,S8A_R2_context_edge_film,graph_c_gatv2_context_edge_film_interaction,gatv2_graph_c_sprint8a_context_edge_film,gatv2,graph_c_context_observation,S5F2_energy,val,1611,10151,,0,0.26397138833999634
sprint9_multiseed_S8A_R2_seed2024_S8A_R2_context_edge_film,S8A_R2_context_edge_film,graph_c_gatv2_context_edge_film_interaction,gatv2_graph_c_sprint8a_context_edge_film,gatv2,graph_c_context_observation,S5F2_energy,val,1612,10151,,1,0.17120768129825592
sprint9_multiseed_S8A_R2_seed2024_S8A_R2_context_edge_film,S8A_R2_context_edge_film,graph_c_gatv2_context_edge_film_interaction,gatv2_graph_c_sprint8a_context_edge_film,gatv2,graph_c_context_observation,S5F2_energy,val,1613,10151,,0,0.35497429966926575
sprint9_multiseed_S8A_R2_seed2024_S8A_R2_context_edge_film,S8A_R2_context_edge_film,graph_c_gatv2_context_edge_film_interaction,gatv2_graph_c_sprint8a_context_edge_film,gatv2,graph_c_context_observation,S5F2_energy,val,1614,10151,,0,0.2446296215057373
sprint9_multiseed_S8A_R2_seed2024_S8A_R2_context_edge_film,S8A_R2_context_edge_film,graph_c_gatv2_context_edge_film_interaction,gatv2_graph_c_sprint8a_context_edge_film,gatv2,graph_c_context_observation,S5F2_energy,val,1615,10151,,1,0.32612505555152893
sprint9_multiseed_S8A_R2_seed2024_S8A_R2_context_edge_film,S8A_R2_context_edge_film,graph_c_gatv2_context_edge_film_interaction,gatv2_graph_c_sprint8a_context_edge_film,gatv2,graph_c_context_observation,S5F2_energy,val,1616,10151,,1,0.15779080986976624
sprint9_multiseed_S8A_R2_seed2024_S8A_R2_context_edge_film,S8A_R2_context_edge_film,graph_c_gatv2_context_edge_film_interaction,gatv2_graph_c_sprint8a_context_edge_film,gatv2,graph_c_context_observation,S5F2_energy,val,1617,10151,,1,0.17583265900611877
sprint9_multiseed_S8A_R2_seed2024_S8A_R2_context_edge_film,S8A_R2_context_edge_film,graph_c_gatv2_context_edge_film_interaction,gatv2_graph_c_sprint8a_context_edge_film,gatv2,graph_c_context_observation,S5F2_energy,val,1618,10151,,0,0.11628840118646622
sprint9_multiseed_S8A_R2_seed2024_S8A_R2_context_edge_film,S8A_R2_context_edge_film,graph_c_gatv2_context_edge_film_interaction,gatv2_graph_c_sprint8a_context_edge_film,gatv2,graph_c_context_observation,S5F2_energy,val,1619,10151,,0,0.13752664625644684
sprint9_multiseed_S8A_R2_seed2024_S8A_R2_context_edge_film,S8A_R2_context_edge_film,graph_c_gatv2_context_edge_film_interaction,gatv2_graph_c_sprint8a_context_edge_film,gatv2,graph_c_context_observation,S5F2_energy,val,1620,10151,,0,0.19912737607955933
sprint9_multiseed_S8A_R2_seed2024_S8A_R2_context_edge_film,S8A_R2_context_edge_film,graph_c_gatv2_context_edge_film_interaction,gatv2_graph_c_sprint8a_context_edge_film,gatv2,graph_c_context_observation,S5F2_energy,val,1621,10151,,1,0.2381121665239334
sprint9_multiseed_S8A_R2_seed2024_S8A_R2_context_edge_film,S8A_R2_context_edge_film,graph_c_gatv2_context_edge_film_interaction,gatv2_graph_c_sprint8a_context_edge_film,gatv2,graph_c_context_observation,S5F2_energy,val,1622,10151,,0,0.22400975227355957
sprint9_multiseed_S8A_R2_seed2024_S8A_R2_context_edge_film,S8A_R2_context_edge_film,graph_c_gatv2_context_edge_film_interaction,gatv2_graph_c_sprint8a_context_edge_film,gatv2,graph_c_context_observation,S5F2_energy,val,1623,10151,,0,0.28095901012420654
sprint9_multiseed_S8A_R2_seed2024_S8A_R2_context_edge_film,S8A_R2_context_edge_film,graph_c_gatv2_context_edge_film_interaction,gatv2_graph_c_sprint8a_context_edge_film,gatv2,graph_c_context_observation,S5F2_energy,val,1624,10151,,0,0.15920278429985046
sprint9_multiseed_S8A_R2_seed2024_S8A_R2_context_edge_film,S8A_R2_context_edge_film,graph_c_gatv2_context_edge_film_interaction,gatv2_graph_c_sprint8a_context_edge_film,gatv2,graph_c_context_observation,S5F2_energy,val,1625,10151,,1,0.2652948498725891
sprint9_multiseed_S8A_R2_seed2024_S8A_R2_context_edge_film,S8A_R2_context_edge_film,graph_c_gatv2_context_edge_film_interaction,gatv2_graph_c_sprint8a_context_edge_film,gatv2,graph_c_context_observation,S5F2_energy,val,1626,10151,,1,0.3427381217479706
sprint9_multiseed_S8A_R2_seed2024_S8A_R2_context_edge_film,S8A_R2_context_edge_film,graph_c_gatv2_context_edge_film_interaction,gatv2_graph_c_sprint8a_context_edge_film,gatv2,graph_c_context_observation,S5F2_energy,val,1627,10151,,0,0.24899518489837646
sprint9_multiseed_S8A_R2_seed2024_S8A_R2_context_edge_film,S8A_R2_context_edge_film,graph_c_gatv2_context_edge_film_interaction,gatv2_graph_c_sprint8a_context_edge_film,gatv2,graph_c_context_observation,S5F2_energy,val,1628,10151,,0,0.08749018609523773
sprint9_multiseed_S8A_R2_seed2024_S8A_R2_context_edge_film,S8A_R2_context_edge_film,graph_c_gatv2_context_edge_film_interaction,gatv2_graph_c_sprint8a_context_edge_film,gatv2,graph_c_context_observation,S5F2_energy,val,1629,10151,,1,0.1631612628698349
sprint9_multiseed_S8A_R2_seed2024_S8A_R2_context_edge_film,S8A_R2_context_edge_film,graph_c_gatv2_context_edge_film_interaction,gatv2_graph_c_sprint8a_context_edge_film,gatv2,graph_c_context_observation,S5F2_energy,val,1630,10151,,0,0.10572774708271027
sprint9_multiseed_S8A_R2_seed2024_S8A_R2_context_edge_film,S8A_R2_context_edge_film,graph_c_gatv2_context_edge_film_interaction,gatv2_graph_c_sprint8a_context_edge_film,gatv2,graph_c_context_observation,S5F2_energy,val,1631,10151,,0,0.3799581527709961
sprint9_multiseed_S8A_R2_seed2024_S8A_R2_context_edge_film,S8A_R2_context_edge_film,graph_c_gatv2_context_edge_film_interaction,gatv2_graph_c_sprint8a_context_edge_film,gatv2,graph_c_context_observation,S5F2_energy,val,1632,10151,,0,0.22778937220573425
sprint9_multiseed_S8A_R2_seed2024_S8A_R2_context_edge_film,S8A_R2_context_edge_film,graph_c_gatv2_context_edge_film_interaction,gatv2_graph_c_sprint8a_context_edge_film,gatv2,graph_c_context_observation,S5F2_energy,val,1633,10151,,0,0.13755564391613007
sprint9_multiseed_S8A_R2_seed2024_S8A_R2_context_edge_film,S8A_R2_context_edge_film,graph_c_gatv2_context_edge_film_interaction,gatv2_graph_c_sprint8a_context_edge_film,gatv2,graph_c_context_observation,S5F2_energy,val,1634,10151,,0,0.23476804792881012
sprint9_multiseed_S8A_R2_seed2024_S8A_R2_context_edge_film,S8A_R2_context_edge_film,graph_c_gatv2_context_edge_film_interaction,gatv2_graph_c_sprint8a_context_edge_film,gatv2,graph_c_context_observation,S5F2_energy,val,1635,10151,,1,0.29493698477745056
sprint9_multiseed_S8A_R2_seed2024_S8A_R2_context_edge_film,S8A_R2_context_edge_film,graph_c_gatv2_context_edge_film_interaction,gatv2_graph_c_sprint8a_context_edge_film,gatv2,graph_c_context_observation,S5F2_energy,val,1636,10575,,1,0.4744914174079895
sprint9_multiseed_S8A_R2_seed2024_S8A_R2_context_edge_film,S8A_R2_context_edge_film,graph_c_gatv2_context_edge_film_interaction,gatv2_graph_c_sprint8a_context_edge_film,gatv2,graph_c_context_observation,S5F2_energy,val,1637,10575,,1,0.45098811388015747
sprint9_multiseed_S8A_R2_seed2024_S8A_R2_context_edge_film,S8A_R2_context_edge_film,graph_c_gatv2_context_edge_film_interaction,gatv2_graph_c_sprint8a_context_edge_film,gatv2,graph_c_context_observation,S5F2_energy,val,1638,10575,,0,0.4425075352191925
sprint9_multiseed_S8A_R2_seed2024_S8A_R2_context_edge_film,S8A_R2_context_edge_film,graph_c_gatv2_context_edge_film_interaction,gatv2_graph_c_sprint8a_context_edge_film,gatv2,graph_c_context_observation,S5F2_energy,val,1639,10575,,1,0.48582082986831665
sprint9_multiseed_S8A_R2_seed2024_S8A_R2_context_edge_film,S8A_R2_context_edge_film,graph_c_gatv2_context_edge_film_interaction,gatv2_graph_c_sprint8a_context_edge_film,gatv2,graph_c_context_observation,S5F2_energy,val,1640,10799,,1,0.6163510680198669
sprint9_multiseed_S8A_R2_seed2024_S8A_R2_context_edge_film,S8A_R2_context_edge_film,graph_c_gatv2_context_edge_film_interaction,gatv2_graph_c_sprint8a_context_edge_film,gatv2,graph_c_context_observation,S5F2_energy,val,1641,10799,,1,0.5512981414794922
sprint9_multiseed_S8A_R2_seed2024_S8A_R2_context_edge_film,S8A_R2_context_edge_film,graph_c_gatv2_context_edge_film_interaction,gatv2_graph_c_sprint8a_context_edge_film,gatv2,graph_c_context_observation,S5F2_energy,val,1642,10799,,1,0.5231449007987976
sprint9_multiseed_S8A_R2_seed2024_S8A_R2_context_edge_film,S8A_R2_context_edge_film,graph_c_gatv2_context_edge_film_interaction,gatv2_graph_c_sprint8a_context_edge_film,gatv2,graph_c_context_observation,S5F2_energy,val,1643,10799,,1,0.5893719792366028
sprint9_multiseed_S8A_R2_seed2024_S8A_R2_context_edge_film,S8A_R2_context_edge_film,graph_c_gatv2_context_edge_film_interaction,gatv2_graph_c_sprint8a_context_edge_film,gatv2,graph_c_context_observation,S5F2_energy,val,1644,10799,,1,0.5537322163581848
sprint9_multiseed_S8A_R2_seed2024_S8A_R2_context_edge_film,S8A_R2_context_edge_film,graph_c_gatv2_context_edge_film_interaction,gatv2_graph_c_sprint8a_context_edge_film,gatv2,graph_c_context_observation,S5F2_energy,val,1645,10799,,1,0.494236558675766
sprint9_multiseed_S8A_R2_seed2024_S8A_R2_context_edge_film,S8A_R2_context_edge_film,graph_c_gatv2_context_edge_film_interaction,gatv2_graph_c_sprint8a_context_edge_film,gatv2,graph_c_context_observation,S5F2_energy,val,1646,10799,,1,0.5658276081085205
sprint9_multiseed_S8A_R2_seed2024_S8A_R2_context_edge_film,S8A_R2_context_edge_film,graph_c_gatv2_context_edge_film_interaction,gatv2_graph_c_sprint8a_context_edge_film,gatv2,graph_c_context_observation,S5F2_energy,val,1647,10799,,1,0.5901039242744446
sprint9_multiseed_S8A_R2_seed2024_S8A_R2_context_edge_film,S8A_R2_context_edge_film,graph_c_gatv2_context_edge_film_interaction,gatv2_graph_c_sprint8a_context_edge_film,gatv2,graph_c_context_observation,S5F2_energy,val,1648,10799,,1,0.5132007598876953
sprint9_multiseed_S8A_R2_seed2024_S8A_R2_context_edge_film,S8A_R2_context_edge_film,graph_c_gatv2_context_edge_film_interaction,gatv2_graph_c_sprint8a_context_edge_film,gatv2,graph_c_context_observation,S5F2_energy,val,1649,10799,,0,0.5250066518783569
sprint9_multiseed_S8A_R2_seed2024_S8A_R2_context_edge_film,S8A_R2_context_edge_film,graph_c_gatv2_context_edge_film_interaction,gatv2_graph_c_sprint8a_context_edge_film,gatv2,graph_c_context_observation,S5F2_energy,val,1650,10799,,1,0.4169911742210388
sprint9_multiseed_S8A_R2_seed2024_S8A_R2_context_edge_film,S8A_R2_context_edge_film,graph_c_gatv2_context_edge_film_interaction,gatv2_graph_c_sprint8a_context_edge_film,gatv2,graph_c_context_observation,S5F2_energy,val,1651,10799,,1,0.5860245823860168
sprint9_multiseed_S8A_R2_seed2024_S8A_R2_context_edge_film,S8A_R2_context_edge_film,graph_c_gatv2_context_edge_film_interaction,gatv2_graph_c_sprint8a_context_edge_film,gatv2,graph_c_context_observation,S5F2_energy,val,1652,10799,,1,0.5544489622116089
sprint9_multiseed_S8A_R2_seed2024_S8A_R2_context_edge_film,S8A_R2_context_edge_film,graph_c_gatv2_context_edge_film_interaction,gatv2_graph_c_sprint8a_context_edge_film,gatv2,graph_c_context_observation,S5F2_energy,val,1653,10799,,1,0.5465528964996338
sprint9_multiseed_S8A_R2_seed2024_S8A_R2_context_edge_film,S8A_R2_context_edge_film,graph_c_gatv2_context_edge_film_interaction,gatv2_graph_c_sprint8a_context_edge_film,gatv2,graph_c_context_observation,S5F2_energy,val,1654,10799,,0,0.44427186250686646
sprint9_multiseed_S8A_R2_seed2024_S8A_R2_context_edge_film,S8A_R2_context_edge_film,graph_c_gatv2_context_edge_film_interaction,gatv2_graph_c_sprint8a_context_edge_film,gatv2,graph_c_context_observation,S5F2_energy,val,1655,10799,,1,0.48185479640960693
sprint9_multiseed_S8A_R2_seed2024_S8A_R2_context_edge_film,S8A_R2_context_edge_film,graph_c_gatv2_context_edge_film_interaction,gatv2_graph_c_sprint8a_context_edge_film,gatv2,graph_c_context_observation,S5F2_energy,val,1656,10799,,1,0.5513991117477417
sprint9_multiseed_S8A_R2_seed2024_S8A_R2_context_edge_film,S8A_R2_context_edge_film,graph_c_gatv2_context_edge_film_interaction,gatv2_graph_c_sprint8a_context_edge_film,gatv2,graph_c_context_observation,S5F2_energy,val,1657,10799,,1,0.5539115071296692
sprint9_multiseed_S8A_R2_seed2024_S8A_R2_context_edge_film,S8A_R2_context_edge_film,graph_c_gatv2_context_edge_film_interaction,gatv2_graph_c_sprint8a_context_edge_film,gatv2,graph_c_context_observation,S5F2_energy,val,1658,10799,,1,0.3783096969127655
sprint9_multiseed_S8A_R2_seed2024_S8A_R2_context_edge_film,S8A_R2_context_edge_film,graph_c_gatv2_context_edge_film_interaction,gatv2_graph_c_sprint8a_context_edge_film,gatv2,graph_c_context_observation,S5F2_energy,val,1659,10799,,1,0.5281988978385925
sprint9_multiseed_S8A_R2_seed2024_S8A_R2_context_edge_film,S8A_R2_context_edge_film,graph_c_gatv2_context_edge_film_interaction,gatv2_graph_c_sprint8a_context_edge_film,gatv2,graph_c_context_observation,S5F2_energy,val,1660,10799,,1,0.461606502532959
sprint9_multiseed_S8A_R2_seed2024_S8A_R2_context_edge_film,S8A_R2_context_edge_film,graph_c_gatv2_context_edge_film_interaction,gatv2_graph_c_sprint8a_context_edge_film,gatv2,graph_c_context_observation,S5F2_energy,val,1661,10799,,1,0.35200315713882446
sprint9_multiseed_S8A_R2_seed2024_S8A_R2_context_edge_film,S8A_R2_context_edge_film,graph_c_gatv2_context_edge_film_interaction,gatv2_graph_c_sprint8a_context_edge_film,gatv2,graph_c_context_observation,S5F2_energy,val,1662,10799,,1,0.5314443707466125
sprint9_multiseed_S8A_R2_seed2024_S8A_R2_context_edge_film,S8A_R2_context_edge_film,graph_c_gatv2_context_edge_film_interaction,gatv2_graph_c_sprint8a_context_edge_film,gatv2,graph_c_context_observation,S5F2_energy,val,1663,10799,,1,0.5085194706916809
sprint9_multiseed_S8A_R2_seed2024_S8A_R2_context_edge_film,S8A_R2_context_edge_film,graph_c_gatv2_context_edge_film_interaction,gatv2_graph_c_sprint8a_context_edge_film,gatv2,graph_c_context_observation,S5F2_energy,val,1664,10799,,1,0.5210835337638855
sprint9_multiseed_S8A_R2_seed2024_S8A_R2_context_edge_film,S8A_R2_context_edge_film,graph_c_gatv2_context_edge_film_interaction,gatv2_graph_c_sprint8a_context_edge_film,gatv2,graph_c_context_observation,S5F2_energy,val,1665,10799,,1,0.49450618028640747
sprint9_multiseed_S8A_R2_seed2024_S8A_R2_context_edge_film,S8A_R2_context_edge_film,graph_c_gatv2_context_edge_film_interaction,gatv2_graph_c_sprint8a_context_edge_film,gatv2,graph_c_context_observation,S5F2_energy,val,1666,10799,,1,0.5264893770217896
sprint9_multiseed_S8A_R2_seed2024_S8A_R2_context_edge_film,S8A_R2_context_edge_film,graph_c_gatv2_context_edge_film_interaction,gatv2_graph_c_sprint8a_context_edge_film,gatv2,graph_c_context_observation,S5F2_energy,val,1667,10799,,1,0.4649813175201416
sprint9_multiseed_S8A_R2_seed2024_S8A_R2_context_edge_film,S8A_R2_context_edge_film,graph_c_gatv2_context_edge_film_interaction,gatv2_graph_c_sprint8a_context_edge_film,gatv2,graph_c_context_observation,S5F2_energy,val,1668,10843,,1,0.5971783399581909
sprint9_multiseed_S8A_R2_seed2024_S8A_R2_context_edge_film,S8A_R2_context_edge_film,graph_c_gatv2_context_edge_film_interaction,gatv2_graph_c_sprint8a_context_edge_film,gatv2,graph_c_context_observation,S5F2_energy,val,1669,10843,,1,0.5890514850616455
sprint9_multiseed_S8A_R2_seed2024_S8A_R2_context_edge_film,S8A_R2_context_edge_film,graph_c_gatv2_context_edge_film_interaction,gatv2_graph_c_sprint8a_context_edge_film,gatv2,graph_c_context_observation,S5F2_energy,val,1670,10843,,1,0.42675209045410156
sprint9_multiseed_S8A_R2_seed2024_S8A_R2_context_edge_film,S8A_R2_context_edge_film,graph_c_gatv2_context_edge_film_interaction,gatv2_graph_c_sprint8a_context_edge_film,gatv2,graph_c_context_observation,S5F2_energy,val,1671,10843,,1,0.5888274908065796
sprint9_multiseed_S8A_R2_seed2024_S8A_R2_context_edge_film,S8A_R2_context_edge_film,graph_c_gatv2_context_edge_film_interaction,gatv2_graph_c_sprint8a_context_edge_film,gatv2,graph_c_context_observation,S5F2_energy,val,1672,10843,,1,0.5923106670379639
sprint9_multiseed_S8A_R2_seed2024_S8A_R2_context_edge_film,S8A_R2_context_edge_film,graph_c_gatv2_context_edge_film_interaction,gatv2_graph_c_sprint8a_context_edge_film,gatv2,graph_c_context_observation,S5F2_energy,val,1673,10843,,1,0.44934648275375366
sprint9_multiseed_S8A_R2_seed2024_S8A_R2_context_edge_film,S8A_R2_context_edge_film,graph_c_gatv2_context_edge_film_interaction,gatv2_graph_c_sprint8a_context_edge_film,gatv2,graph_c_context_observation,S5F2_energy,val,1674,10843,,1,0.5674368143081665
sprint9_multiseed_S8A_R2_seed2024_S8A_R2_context_edge_film,S8A_R2_context_edge_film,graph_c_gatv2_context_edge_film_interaction,gatv2_graph_c_sprint8a_context_edge_film,gatv2,graph_c_context_observation,S5F2_energy,val,1675,10843,,1,0.5426784157752991
sprint9_multiseed_S8A_R2_seed2024_S8A_R2_context_edge_film,S8A_R2_context_edge_film,graph_c_gatv2_context_edge_film_interaction,gatv2_graph_c_sprint8a_context_edge_film,gatv2,graph_c_context_observation,S5F2_energy,val,1676,10843,,1,0.507919430732727
sprint9_multiseed_S8A_R2_seed2024_S8A_R2_context_edge_film,S8A_R2_context_edge_film,graph_c_gatv2_context_edge_film_interaction,gatv2_graph_c_sprint8a_context_edge_film,gatv2,graph_c_context_observation,S5F2_energy,val,1677,10843,,1,0.5535251498222351
sprint9_multiseed_S8A_R2_seed2024_S8A_R2_context_edge_film,S8A_R2_context_edge_film,graph_c_gatv2_context_edge_film_interaction,gatv2_graph_c_sprint8a_context_edge_film,gatv2,graph_c_context_observation,S5F2_energy,val,1678,10843,,1,0.5284302830696106
sprint9_multiseed_S8A_R2_seed2024_S8A_R2_context_edge_film,S8A_R2_context_edge_film,graph_c_gatv2_context_edge_film_interaction,gatv2_graph_c_sprint8a_context_edge_film,gatv2,graph_c_context_observation,S5F2_energy,val,1679,10843,,1,0.5205874443054199
sprint9_multiseed_S8A_R2_seed2024_S8A_R2_context_edge_film,S8A_R2_context_edge_film,graph_c_gatv2_context_edge_film_interaction,gatv2_graph_c_sprint8a_context_edge_film,gatv2,graph_c_context_observation,S5F2_energy,val,1680,10843,,0,0.34434714913368225
sprint9_multiseed_S8A_R2_seed2024_S8A_R2_context_edge_film,S8A_R2_context_edge_film,graph_c_gatv2_context_edge_film_interaction,gatv2_graph_c_sprint8a_context_edge_film,gatv2,graph_c_context_observation,S5F2_energy,val,1681,10856,,1,0.6410412192344666
sprint9_multiseed_S8A_R2_seed2024_S8A_R2_context_edge_film,S8A_R2_context_edge_film,graph_c_gatv2_context_edge_film_interaction,gatv2_graph_c_sprint8a_context_edge_film,gatv2,graph_c_context_observation,S5F2_energy,val,1682,10856,,1,0.6363710165023804
sprint9_multiseed_S8A_R2_seed2024_S8A_R2_context_edge_film,S8A_R2_context_edge_film,graph_c_gatv2_context_edge_film_interaction,gatv2_graph_c_sprint8a_context_edge_film,gatv2,graph_c_context_observation,S5F2_energy,val,1683,10856,,1,0.600213885307312
sprint9_multiseed_S8A_R2_seed2024_S8A_R2_context_edge_film,S8A_R2_context_edge_film,graph_c_gatv2_context_edge_film_interaction,gatv2_graph_c_sprint8a_context_edge_film,gatv2,graph_c_context_observation,S5F2_energy,val,1684,10856,,1,0.5677418112754822
sprint9_multiseed_S8A_R2_seed2024_S8A_R2_context_edge_film,S8A_R2_context_edge_film,graph_c_gatv2_context_edge_film_interaction,gatv2_graph_c_sprint8a_context_edge_film,gatv2,graph_c_context_observation,S5F2_energy,val,1685,10856,,1,0.6575626730918884
sprint9_multiseed_S8A_R2_seed2024_S8A_R2_context_edge_film,S8A_R2_context_edge_film,graph_c_gatv2_context_edge_film_interaction,gatv2_graph_c_sprint8a_context_edge_film,gatv2,graph_c_context_observation,S5F2_energy,val,1686,10856,,1,0.6487631797790527
sprint9_multiseed_S8A_R2_seed2024_S8A_R2_context_edge_film,S8A_R2_context_edge_film,graph_c_gatv2_context_edge_film_interaction,gatv2_graph_c_sprint8a_context_edge_film,gatv2,graph_c_context_observation,S5F2_energy,val,1687,10856,,1,0.5678628087043762
sprint9_multiseed_S8A_R2_seed2024_S8A_R2_context_edge_film,S8A_R2_context_edge_film,graph_c_gatv2_context_edge_film_interaction,gatv2_graph_c_sprint8a_context_edge_film,gatv2,graph_c_context_observation,S5F2_energy,val,1688,10856,,1,0.663088321685791
sprint9_multiseed_S8A_R2_seed2024_S8A_R2_context_edge_film,S8A_R2_context_edge_film,graph_c_gatv2_context_edge_film_interaction,gatv2_graph_c_sprint8a_context_edge_film,gatv2,graph_c_context_observation,S5F2_energy,val,1689,10856,,1,0.6302953362464905
sprint9_multiseed_S8A_R2_seed2024_S8A_R2_context_edge_film,S8A_R2_context_edge_film,graph_c_gatv2_context_edge_film_interaction,gatv2_graph_c_sprint8a_context_edge_film,gatv2,graph_c_context_observation,S5F2_energy,val,1690,10856,,1,0.6096577644348145
sprint9_multiseed_S8A_R2_seed2024_S8A_R2_context_edge_film,S8A_R2_context_edge_film,graph_c_gatv2_context_edge_film_interaction,gatv2_graph_c_sprint8a_context_edge_film,gatv2,graph_c_context_observation,S5F2_energy,val,1691,10856,,1,0.6715852618217468
sprint9_multiseed_S8A_R2_seed2024_S8A_R2_context_edge_film,S8A_R2_context_edge_film,graph_c_gatv2_context_edge_film_interaction,gatv2_graph_c_sprint8a_context_edge_film,gatv2,graph_c_context_observation,S5F2_energy,val,1692,10962,,1,0.3838866353034973
sprint9_multiseed_S8A_R2_seed2024_S8A_R2_context_edge_film,S8A_R2_context_edge_film,graph_c_gatv2_context_edge_film_interaction,gatv2_graph_c_sprint8a_context_edge_film,gatv2,graph_c_context_observation,S5F2_energy,val,1693,10962,,1,0.4007011950016022
sprint9_multiseed_S8A_R2_seed2024_S8A_R2_context_edge_film,S8A_R2_context_edge_film,graph_c_gatv2_context_edge_film_interaction,gatv2_graph_c_sprint8a_context_edge_film,gatv2,graph_c_context_observation,S5F2_energy,val,1694,10962,,1,0.31923454999923706
sprint9_multiseed_S8A_R2_seed2024_S8A_R2_context_edge_film,S8A_R2_context_edge_film,graph_c_gatv2_context_edge_film_interaction,gatv2_graph_c_sprint8a_context_edge_film,gatv2,graph_c_context_observation,S5F2_energy,val,1695,10962,,1,0.3215225040912628
sprint9_multiseed_S8A_R2_seed2024_S8A_R2_context_edge_film,S8A_R2_context_edge_film,graph_c_gatv2_context_edge_film_interaction,gatv2_graph_c_sprint8a_context_edge_film,gatv2,graph_c_context_observation,S5F2_energy,val,1696,10962,,1,0.2554929852485657
sprint9_multiseed_S8A_R2_seed2024_S8A_R2_context_edge_film,S8A_R2_context_edge_film,graph_c_gatv2_context_edge_film_interaction,gatv2_graph_c_sprint8a_context_edge_film,gatv2,graph_c_context_observation,S5F2_energy,val,1697,10962,,1,0.33599284291267395
sprint9_multiseed_S8A_R2_seed2024_S8A_R2_context_edge_film,S8A_R2_context_edge_film,graph_c_gatv2_context_edge_film_interaction,gatv2_graph_c_sprint8a_context_edge_film,gatv2,graph_c_context_observation,S5F2_energy,val,1698,10962,,1,0.2994840741157532
sprint9_multiseed_S8A_R2_seed2024_S8A_R2_context_edge_film,S8A_R2_context_edge_film,graph_c_gatv2_context_edge_film_interaction,gatv2_graph_c_sprint8a_context_edge_film,gatv2,graph_c_context_observation,S5F2_energy,val,1699,11040,,1,0.42487770318984985
sprint9_multiseed_S8A_R2_seed2024_S8A_R2_context_edge_film,S8A_R2_context_edge_film,graph_c_gatv2_context_edge_film_interaction,gatv2_graph_c_sprint8a_context_edge_film,gatv2,graph_c_context_observation,S5F2_energy,val,1700,11040,,1,0.3939758539199829
sprint9_multiseed_S8A_R2_seed2024_S8A_R2_context_edge_film,S8A_R2_context_edge_film,graph_c_gatv2_context_edge_film_interaction,gatv2_graph_c_sprint8a_context_edge_film,gatv2,graph_c_context_observation,S5F2_energy,val,1701,11040,,1,0.34414365887641907
sprint9_multiseed_S8A_R2_seed2024_S8A_R2_context_edge_film,S8A_R2_context_edge_film,graph_c_gatv2_context_edge_film_interaction,gatv2_graph_c_sprint8a_context_edge_film,gatv2,graph_c_context_observation,S5F2_energy,val,1702,11040,,1,0.37215694785118103
sprint9_multiseed_S8A_R2_seed2024_S8A_R2_context_edge_film,S8A_R2_context_edge_film,graph_c_gatv2_context_edge_film_interaction,gatv2_graph_c_sprint8a_context_edge_film,gatv2,graph_c_context_observation,S5F2_energy,val,1703,11040,,1,0.2814948260784149
sprint9_multiseed_S8A_R2_seed2024_S8A_R2_context_edge_film,S8A_R2_context_edge_film,graph_c_gatv2_context_edge_film_interaction,gatv2_graph_c_sprint8a_context_edge_film,gatv2,graph_c_context_observation,S5F2_energy,val,1704,11040,,1,0.29737138748168945
sprint9_multiseed_S8A_R2_seed2024_S8A_R2_context_edge_film,S8A_R2_context_edge_film,graph_c_gatv2_context_edge_film_interaction,gatv2_graph_c_sprint8a_context_edge_film,gatv2,graph_c_context_observation,S5F2_energy,val,1705,11040,,1,0.35842809081077576
sprint9_multiseed_S8A_R2_seed2024_S8A_R2_context_edge_film,S8A_R2_context_edge_film,graph_c_gatv2_context_edge_film_interaction,gatv2_graph_c_sprint8a_context_edge_film,gatv2,graph_c_context_observation,S5F2_energy,val,1706,11040,,1,0.31983181834220886
sprint9_multiseed_S8A_R2_seed2024_S8A_R2_context_edge_film,S8A_R2_context_edge_film,graph_c_gatv2_context_edge_film_interaction,gatv2_graph_c_sprint8a_context_edge_film,gatv2,graph_c_context_observation,S5F2_energy,val,1707,11040,,1,0.38162991404533386
sprint9_multiseed_S8A_R2_seed2024_S8A_R2_context_edge_film,S8A_R2_context_edge_film,graph_c_gatv2_context_edge_film_interaction,gatv2_graph_c_sprint8a_context_edge_film,gatv2,graph_c_context_observation,S5F2_energy,val,1708,11065,,1,0.6766310930252075
sprint9_multiseed_S8A_R2_seed2024_S8A_R2_context_edge_film,S8A_R2_context_edge_film,graph_c_gatv2_context_edge_film_interaction,gatv2_graph_c_sprint8a_context_edge_film,gatv2,graph_c_context_observation,S5F2_energy,val,1709,11065,,1,0.6035041213035583
sprint9_multiseed_S8A_R2_seed2024_S8A_R2_context_edge_film,S8A_R2_context_edge_film,graph_c_gatv2_context_edge_film_interaction,gatv2_graph_c_sprint8a_context_edge_film,gatv2,graph_c_context_observation,S5F2_energy,val,1710,11065,,1,0.5096450448036194
sprint9_multiseed_S8A_R2_seed2024_S8A_R2_context_edge_film,S8A_R2_context_edge_film,graph_c_gatv2_context_edge_film_interaction,gatv2_graph_c_sprint8a_context_edge_film,gatv2,graph_c_context_observation,S5F2_energy,val,1711,11065,,1,0.5255293250083923
sprint9_multiseed_S8A_R2_seed2024_S8A_R2_context_edge_film,S8A_R2_context_edge_film,graph_c_gatv2_context_edge_film_interaction,gatv2_graph_c_sprint8a_context_edge_film,gatv2,graph_c_context_observation,S5F2_energy,val,1712,11065,,1,0.44753459095954895
sprint9_multiseed_S8A_R2_seed2024_S8A_R2_context_edge_film,S8A_R2_context_edge_film,graph_c_gatv2_context_edge_film_interaction,gatv2_graph_c_sprint8a_context_edge_film,gatv2,graph_c_context_observation,S5F2_energy,val,1713,11065,,1,0.5028432607650757
sprint9_multiseed_S8A_R2_seed2024_S8A_R2_context_edge_film,S8A_R2_context_edge_film,graph_c_gatv2_context_edge_film_interaction,gatv2_graph_c_sprint8a_context_edge_film,gatv2,graph_c_context_observation,S5F2_energy,val,1714,11065,,1,0.4479360580444336
sprint9_multiseed_S8A_R2_seed2024_S8A_R2_context_edge_film,S8A_R2_context_edge_film,graph_c_gatv2_context_edge_film_interaction,gatv2_graph_c_sprint8a_context_edge_film,gatv2,graph_c_context_observation,S5F2_energy,val,1715,11065,,1,0.5164909362792969
sprint9_multiseed_S8A_R2_seed2024_S8A_R2_context_edge_film,S8A_R2_context_edge_film,graph_c_gatv2_context_edge_film_interaction,gatv2_graph_c_sprint8a_context_edge_film,gatv2,graph_c_context_observation,S5F2_energy,val,1716,11065,,1,0.5745877027511597
sprint9_multiseed_S8A_R2_seed2024_S8A_R2_context_edge_film,S8A_R2_context_edge_film,graph_c_gatv2_context_edge_film_interaction,gatv2_graph_c_sprint8a_context_edge_film,gatv2,graph_c_context_observation,S5F2_energy,val,1717,11065,,1,0.5947635173797607
sprint9_multiseed_S8A_R2_seed2024_S8A_R2_context_edge_film,S8A_R2_context_edge_film,graph_c_gatv2_context_edge_film_interaction,gatv2_graph_c_sprint8a_context_edge_film,gatv2,graph_c_context_observation,S5F2_energy,val,1718,11065,,1,0.5423106551170349
sprint9_multiseed_S8A_R2_seed2024_S8A_R2_context_edge_film,S8A_R2_context_edge_film,graph_c_gatv2_context_edge_film_interaction,gatv2_graph_c_sprint8a_context_edge_film,gatv2,graph_c_context_observation,S5F2_energy,val,1719,11065,,1,0.5621628165245056
sprint9_multiseed_S8A_R2_seed2024_S8A_R2_context_edge_film,S8A_R2_context_edge_film,graph_c_gatv2_context_edge_film_interaction,gatv2_graph_c_sprint8a_context_edge_film,gatv2,graph_c_context_observation,S5F2_energy,val,1720,11065,,1,0.6262282729148865
sprint9_multiseed_S8A_R2_seed2024_S8A_R2_context_edge_film,S8A_R2_context_edge_film,graph_c_gatv2_context_edge_film_interaction,gatv2_graph_c_sprint8a_context_edge_film,gatv2,graph_c_context_observation,S5F2_energy,val,1721,11065,,1,0.4667617082595825
sprint9_multiseed_S8A_R2_seed2024_S8A_R2_context_edge_film,S8A_R2_context_edge_film,graph_c_gatv2_context_edge_film_interaction,gatv2_graph_c_sprint8a_context_edge_film,gatv2,graph_c_context_observation,S5F2_energy,val,1722,11065,,1,0.5539020895957947
sprint9_multiseed_S8A_R2_seed2024_S8A_R2_context_edge_film,S8A_R2_context_edge_film,graph_c_gatv2_context_edge_film_interaction,gatv2_graph_c_sprint8a_context_edge_film,gatv2,graph_c_context_observation,S5F2_energy,val,1723,11065,,1,0.5057001113891602
sprint9_multiseed_S8A_R2_seed2024_S8A_R2_context_edge_film,S8A_R2_context_edge_film,graph_c_gatv2_context_edge_film_interaction,gatv2_graph_c_sprint8a_context_edge_film,gatv2,graph_c_context_observation,S5F2_energy,val,1724,11065,,1,0.5014999508857727
sprint9_multiseed_S8A_R2_seed2024_S8A_R2_context_edge_film,S8A_R2_context_edge_film,graph_c_gatv2_context_edge_film_interaction,gatv2_graph_c_sprint8a_context_edge_film,gatv2,graph_c_context_observation,S5F2_energy,val,1725,11065,,1,0.49524393677711487
sprint9_multiseed_S8A_R2_seed2024_S8A_R2_context_edge_film,S8A_R2_context_edge_film,graph_c_gatv2_context_edge_film_interaction,gatv2_graph_c_sprint8a_context_edge_film,gatv2,graph_c_context_observation,S5F2_energy,val,1726,11065,,1,0.5322728753089905
sprint9_multiseed_S8A_R2_seed2024_S8A_R2_context_edge_film,S8A_R2_context_edge_film,graph_c_gatv2_context_edge_film_interaction,gatv2_graph_c_sprint8a_context_edge_film,gatv2,graph_c_context_observation,S5F2_energy,val,1727,11065,,1,0.4224196672439575
sprint9_multiseed_S8A_R2_seed2024_S8A_R2_context_edge_film,S8A_R2_context_edge_film,graph_c_gatv2_context_edge_film_interaction,gatv2_graph_c_sprint8a_context_edge_film,gatv2,graph_c_context_observation,S5F2_energy,val,1728,11065,,1,0.44404077529907227
sprint9_multiseed_S8A_R2_seed2024_S8A_R2_context_edge_film,S8A_R2_context_edge_film,graph_c_gatv2_context_edge_film_interaction,gatv2_graph_c_sprint8a_context_edge_film,gatv2,graph_c_context_observation,S5F2_energy,val,1729,11065,,1,0.3944263458251953
sprint9_multiseed_S8A_R2_seed2024_S8A_R2_context_edge_film,S8A_R2_context_edge_film,graph_c_gatv2_context_edge_film_interaction,gatv2_graph_c_sprint8a_context_edge_film,gatv2,graph_c_context_observation,S5F2_energy,val,1730,11065,,1,0.4837797284126282
sprint9_multiseed_S8A_R2_seed2024_S8A_R2_context_edge_film,S8A_R2_context_edge_film,graph_c_gatv2_context_edge_film_interaction,gatv2_graph_c_sprint8a_context_edge_film,gatv2,graph_c_context_observation,S5F2_energy,val,1731,11065,,1,0.5605580806732178
sprint9_multiseed_S8A_R2_seed2024_S8A_R2_context_edge_film,S8A_R2_context_edge_film,graph_c_gatv2_context_edge_film_interaction,gatv2_graph_c_sprint8a_context_edge_film,gatv2,graph_c_context_observation,S5F2_energy,val,1732,11065,,1,0.38088560104370117
sprint9_multiseed_S8A_R2_seed2024_S8A_R2_context_edge_film,S8A_R2_context_edge_film,graph_c_gatv2_context_edge_film_interaction,gatv2_graph_c_sprint8a_context_edge_film,gatv2,graph_c_context_observation,S5F2_energy,val,1733,11065,,1,0.5031054019927979
sprint9_multiseed_S8A_R2_seed2024_S8A_R2_context_edge_film,S8A_R2_context_edge_film,graph_c_gatv2_context_edge_film_interaction,gatv2_graph_c_sprint8a_context_edge_film,gatv2,graph_c_context_observation,S5F2_energy,test,0,228,,1,0.5845670104026794
sprint9_multiseed_S8A_R2_seed2024_S8A_R2_context_edge_film,S8A_R2_context_edge_film,graph_c_gatv2_context_edge_film_interaction,gatv2_graph_c_sprint8a_context_edge_film,gatv2,graph_c_context_observation,S5F2_energy,test,1,228,,1,0.5665407776832581
sprint9_multiseed_S8A_R2_seed2024_S8A_R2_context_edge_film,S8A_R2_context_edge_film,graph_c_gatv2_context_edge_film_interaction,gatv2_graph_c_sprint8a_context_edge_film,gatv2,graph_c_context_observation,S5F2_energy,test,2,228,,0,0.5201622843742371
sprint9_multiseed_S8A_R2_seed2024_S8A_R2_context_edge_film,S8A_R2_context_edge_film,graph_c_gatv2_context_edge_film_interaction,gatv2_graph_c_sprint8a_context_edge_film,gatv2,graph_c_context_observation,S5F2_energy,test,3,228,,0,0.5464979410171509
sprint9_multiseed_S8A_R2_seed2024_S8A_R2_context_edge_film,S8A_R2_context_edge_film,graph_c_gatv2_context_edge_film_interaction,gatv2_graph_c_sprint8a_context_edge_film,gatv2,graph_c_context_observation,S5F2_energy,test,4,228,,1,0.48179954290390015
sprint9_multiseed_S8A_R2_seed2024_S8A_R2_context_edge_film,S8A_R2_context_edge_film,graph_c_gatv2_context_edge_film_interaction,gatv2_graph_c_sprint8a_context_edge_film,gatv2,graph_c_context_observation,S5F2_energy,test,5,228,,0,0.5220264196395874
sprint9_multiseed_S8A_R2_seed2024_S8A_R2_context_edge_film,S8A_R2_context_edge_film,graph_c_gatv2_context_edge_film_interaction,gatv2_graph_c_sprint8a_context_edge_film,gatv2,graph_c_context_observation,S5F2_energy,test,6,228,,0,0.5229799747467041
sprint9_multiseed_S8A_R2_seed2024_S8A_R2_context_edge_film,S8A_R2_context_edge_film,graph_c_gatv2_context_edge_film_interaction,gatv2_graph_c_sprint8a_context_edge_film,gatv2,graph_c_context_observation,S5F2_energy,test,7,228,,1,0.5541094541549683
sprint9_multiseed_S8A_R2_seed2024_S8A_R2_context_edge_film,S8A_R2_context_edge_film,graph_c_gatv2_context_edge_film_interaction,gatv2_graph_c_sprint8a_context_edge_film,gatv2,graph_c_context_observation,S5F2_energy,test,8,228,,0,0.5430766344070435
sprint9_multiseed_S8A_R2_seed2024_S8A_R2_context_edge_film,S8A_R2_context_edge_film,graph_c_gatv2_context_edge_film_interaction,gatv2_graph_c_sprint8a_context_edge_film,gatv2,graph_c_context_observation,S5F2_energy,test,9,228,,0,0.5289814472198486
sprint9_multiseed_S8A_R2_seed2024_S8A_R2_context_edge_film,S8A_R2_context_edge_film,graph_c_gatv2_context_edge_film_interaction,gatv2_graph_c_sprint8a_context_edge_film,gatv2,graph_c_context_observation,S5F2_energy,test,10,228,,1,0.5233136415481567
sprint9_multiseed_S8A_R2_seed2024_S8A_R2_context_edge_film,S8A_R2_context_edge_film,graph_c_gatv2_context_edge_film_interaction,gatv2_graph_c_sprint8a_context_edge_film,gatv2,graph_c_context_observation,S5F2_energy,test,11,228,,0,0.5836107730865479
sprint9_multiseed_S8A_R2_seed2024_S8A_R2_context_edge_film,S8A_R2_context_edge_film,graph_c_gatv2_context_edge_film_interaction,gatv2_graph_c_sprint8a_context_edge_film,gatv2,graph_c_context_observation,S5F2_energy,test,12,278,,1,0.7923404574394226
sprint9_multiseed_S8A_R2_seed2024_S8A_R2_context_edge_film,S8A_R2_context_edge_film,graph_c_gatv2_context_edge_film_interaction,gatv2_graph_c_sprint8a_context_edge_film,gatv2,graph_c_context_observation,S5F2_energy,test,13,278,,1,0.7113834023475647
sprint9_multiseed_S8A_R2_seed2024_S8A_R2_context_edge_film,S8A_R2_context_edge_film,graph_c_gatv2_context_edge_film_interaction,gatv2_graph_c_sprint8a_context_edge_film,gatv2,graph_c_context_observation,S5F2_energy,test,14,278,,1,0.2756078243255615
sprint9_multiseed_S8A_R2_seed2024_S8A_R2_context_edge_film,S8A_R2_context_edge_film,graph_c_gatv2_context_edge_film_interaction,gatv2_graph_c_sprint8a_context_edge_film,gatv2,graph_c_context_observation,S5F2_energy,test,15,278,,1,0.586502194404602
sprint9_multiseed_S8A_R2_seed2024_S8A_R2_context_edge_film,S8A_R2_context_edge_film,graph_c_gatv2_context_edge_film_interaction,gatv2_graph_c_sprint8a_context_edge_film,gatv2,graph_c_context_observation,S5F2_energy,test,16,278,,1,0.19779756665229797
sprint9_multiseed_S8A_R2_seed2024_S8A_R2_context_edge_film,S8A_R2_context_edge_film,graph_c_gatv2_context_edge_film_interaction,gatv2_graph_c_sprint8a_context_edge_film,gatv2,graph_c_context_observation,S5F2_energy,test,17,278,,1,0.2209002673625946
sprint9_multiseed_S8A_R2_seed2024_S8A_R2_context_edge_film,S8A_R2_context_edge_film,graph_c_gatv2_context_edge_film_interaction,gatv2_graph_c_sprint8a_context_edge_film,gatv2,graph_c_context_observation,S5F2_energy,test,18,278,,1,0.24185000360012054
sprint9_multiseed_S8A_R2_seed2024_S8A_R2_context_edge_film,S8A_R2_context_edge_film,graph_c_gatv2_context_edge_film_interaction,gatv2_graph_c_sprint8a_context_edge_film,gatv2,graph_c_context_observation,S5F2_energy,test,19,278,,1,0.48229676485061646
sprint9_multiseed_S8A_R2_seed2024_S8A_R2_context_edge_film,S8A_R2_context_edge_film,graph_c_gatv2_context_edge_film_interaction,gatv2_graph_c_sprint8a_context_edge_film,gatv2,graph_c_context_observation,S5F2_energy,test,20,278,,1,0.41125914454460144
sprint9_multiseed_S8A_R2_seed2024_S8A_R2_context_edge_film,S8A_R2_context_edge_film,graph_c_gatv2_context_edge_film_interaction,gatv2_graph_c_sprint8a_context_edge_film,gatv2,graph_c_context_observation,S5F2_energy,test,21,278,,1,0.6178217530250549
sprint9_multiseed_S8A_R2_seed2024_S8A_R2_context_edge_film,S8A_R2_context_edge_film,graph_c_gatv2_context_edge_film_interaction,gatv2_graph_c_sprint8a_context_edge_film,gatv2,graph_c_context_observation,S5F2_energy,test,22,278,,1,0.25429314374923706
sprint9_multiseed_S8A_R2_seed2024_S8A_R2_context_edge_film,S8A_R2_context_edge_film,graph_c_gatv2_context_edge_film_interaction,gatv2_graph_c_sprint8a_context_edge_film,gatv2,graph_c_context_observation,S5F2_energy,test,23,278,,1,0.23977327346801758
sprint9_multiseed_S8A_R2_seed2024_S8A_R2_context_edge_film,S8A_R2_context_edge_film,graph_c_gatv2_context_edge_film_interaction,gatv2_graph_c_sprint8a_context_edge_film,gatv2,graph_c_context_observation,S5F2_energy,test,24,278,,1,0.5417946577072144
sprint9_multiseed_S8A_R2_seed2024_S8A_R2_context_edge_film,S8A_R2_context_edge_film,graph_c_gatv2_context_edge_film_interaction,gatv2_graph_c_sprint8a_context_edge_film,gatv2,graph_c_context_observation,S5F2_energy,test,25,278,,1,0.26669034361839294
sprint9_multiseed_S8A_R2_seed2024_S8A_R2_context_edge_film,S8A_R2_context_edge_film,graph_c_gatv2_context_edge_film_interaction,gatv2_graph_c_sprint8a_context_edge_film,gatv2,graph_c_context_observation,S5F2_energy,test,26,635,,1,0.489111989736557
sprint9_multiseed_S8A_R2_seed2024_S8A_R2_context_edge_film,S8A_R2_context_edge_film,graph_c_gatv2_context_edge_film_interaction,gatv2_graph_c_sprint8a_context_edge_film,gatv2,graph_c_context_observation,S5F2_energy,test,27,635,,1,0.4249267280101776
sprint9_multiseed_S8A_R2_seed2024_S8A_R2_context_edge_film,S8A_R2_context_edge_film,graph_c_gatv2_context_edge_film_interaction,gatv2_graph_c_sprint8a_context_edge_film,gatv2,graph_c_context_observation,S5F2_energy,test,28,635,,1,0.39123472571372986
sprint9_multiseed_S8A_R2_seed2024_S8A_R2_context_edge_film,S8A_R2_context_edge_film,graph_c_gatv2_context_edge_film_interaction,gatv2_graph_c_sprint8a_context_edge_film,gatv2,graph_c_context_observation,S5F2_energy,test,29,804,,1,0.5007469654083252
sprint9_multiseed_S8A_R2_seed2024_S8A_R2_context_edge_film,S8A_R2_context_edge_film,graph_c_gatv2_context_edge_film_interaction,gatv2_graph_c_sprint8a_context_edge_film,gatv2,graph_c_context_observation,S5F2_energy,test,30,804,,1,0.40003684163093567
sprint9_multiseed_S8A_R2_seed2024_S8A_R2_context_edge_film,S8A_R2_context_edge_film,graph_c_gatv2_context_edge_film_interaction,gatv2_graph_c_sprint8a_context_edge_film,gatv2,graph_c_context_observation,S5F2_energy,test,31,804,,1,0.42251598834991455
sprint9_multiseed_S8A_R2_seed2024_S8A_R2_context_edge_film,S8A_R2_context_edge_film,graph_c_gatv2_context_edge_film_interaction,gatv2_graph_c_sprint8a_context_edge_film,gatv2,graph_c_context_observation,S5F2_energy,test,32,804,,1,0.468496710062027
sprint9_multiseed_S8A_R2_seed2024_S8A_R2_context_edge_film,S8A_R2_context_edge_film,graph_c_gatv2_context_edge_film_interaction,gatv2_graph_c_sprint8a_context_edge_film,gatv2,graph_c_context_observation,S5F2_energy,test,33,1018,,1,0.6203107237815857
sprint9_multiseed_S8A_R2_seed2024_S8A_R2_context_edge_film,S8A_R2_context_edge_film,graph_c_gatv2_context_edge_film_interaction,gatv2_graph_c_sprint8a_context_edge_film,gatv2,graph_c_context_observation,S5F2_energy,test,34,1018,,1,0.6002499461174011
sprint9_multiseed_S8A_R2_seed2024_S8A_R2_context_edge_film,S8A_R2_context_edge_film,graph_c_gatv2_context_edge_film_interaction,gatv2_graph_c_sprint8a_context_edge_film,gatv2,graph_c_context_observation,S5F2_energy,test,35,1018,,1,0.6300094127655029
sprint9_multiseed_S8A_R2_seed2024_S8A_R2_context_edge_film,S8A_R2_context_edge_film,graph_c_gatv2_context_edge_film_interaction,gatv2_graph_c_sprint8a_context_edge_film,gatv2,graph_c_context_observation,S5F2_energy,test,36,1018,,1,0.6220075488090515
sprint9_multiseed_S8A_R2_seed2024_S8A_R2_context_edge_film,S8A_R2_context_edge_film,graph_c_gatv2_context_edge_film_interaction,gatv2_graph_c_sprint8a_context_edge_film,gatv2,graph_c_context_observation,S5F2_energy,test,37,1026,,1,0.5061896443367004
sprint9_multiseed_S8A_R2_seed2024_S8A_R2_context_edge_film,S8A_R2_context_edge_film,graph_c_gatv2_context_edge_film_interaction,gatv2_graph_c_sprint8a_context_edge_film,gatv2,graph_c_context_observation,S5F2_energy,test,38,1026,,1,0.49184343218803406
sprint9_multiseed_S8A_R2_seed2024_S8A_R2_context_edge_film,S8A_R2_context_edge_film,graph_c_gatv2_context_edge_film_interaction,gatv2_graph_c_sprint8a_context_edge_film,gatv2,graph_c_context_observation,S5F2_energy,test,39,1028,,0,0.09287793934345245
sprint9_multiseed_S8A_R2_seed2024_S8A_R2_context_edge_film,S8A_R2_context_edge_film,graph_c_gatv2_context_edge_film_interaction,gatv2_graph_c_sprint8a_context_edge_film,gatv2,graph_c_context_observation,S5F2_energy,test,40,1028,,0,0.1487848162651062
sprint9_multiseed_S8A_R2_seed2024_S8A_R2_context_edge_film,S8A_R2_context_edge_film,graph_c_gatv2_context_edge_film_interaction,gatv2_graph_c_sprint8a_context_edge_film,gatv2,graph_c_context_observation,S5F2_energy,test,41,1028,,0,0.12786369025707245
sprint9_multiseed_S8A_R2_seed2024_S8A_R2_context_edge_film,S8A_R2_context_edge_film,graph_c_gatv2_context_edge_film_interaction,gatv2_graph_c_sprint8a_context_edge_film,gatv2,graph_c_context_observation,S5F2_energy,test,42,1028,,0,0.18682096898555756
sprint9_multiseed_S8A_R2_seed2024_S8A_R2_context_edge_film,S8A_R2_context_edge_film,graph_c_gatv2_context_edge_film_interaction,gatv2_graph_c_sprint8a_context_edge_film,gatv2,graph_c_context_observation,S5F2_energy,test,43,1028,,0,0.11055932193994522
sprint9_multiseed_S8A_R2_seed2024_S8A_R2_context_edge_film,S8A_R2_context_edge_film,graph_c_gatv2_context_edge_film_interaction,gatv2_graph_c_sprint8a_context_edge_film,gatv2,graph_c_context_observation,S5F2_energy,test,44,1028,,0,0.13143140077590942
sprint9_multiseed_S8A_R2_seed2024_S8A_R2_context_edge_film,S8A_R2_context_edge_film,graph_c_gatv2_context_edge_film_interaction,gatv2_graph_c_sprint8a_context_edge_film,gatv2,graph_c_context_observation,S5F2_energy,test,45,1028,,1,0.1279577761888504
sprint9_multiseed_S8A_R2_seed2024_S8A_R2_context_edge_film,S8A_R2_context_edge_film,graph_c_gatv2_context_edge_film_interaction,gatv2_graph_c_sprint8a_context_edge_film,gatv2,graph_c_context_observation,S5F2_energy,test,46,1028,,0,0.1363496482372284
sprint9_multiseed_S8A_R2_seed2024_S8A_R2_context_edge_film,S8A_R2_context_edge_film,graph_c_gatv2_context_edge_film_interaction,gatv2_graph_c_sprint8a_context_edge_film,gatv2,graph_c_context_observation,S5F2_energy,test,47,1028,,0,0.12744587659835815
sprint9_multiseed_S8A_R2_seed2024_S8A_R2_context_edge_film,S8A_R2_context_edge_film,graph_c_gatv2_context_edge_film_interaction,gatv2_graph_c_sprint8a_context_edge_film,gatv2,graph_c_context_observation,S5F2_energy,test,48,1028,,0,0.11990072578191757
sprint9_multiseed_S8A_R2_seed2024_S8A_R2_context_edge_film,S8A_R2_context_edge_film,graph_c_gatv2_context_edge_film_interaction,gatv2_graph_c_sprint8a_context_edge_film,gatv2,graph_c_context_observation,S5F2_energy,test,49,1028,,0,0.15071097016334534
sprint9_multiseed_S8A_R2_seed2024_S8A_R2_context_edge_film,S8A_R2_context_edge_film,graph_c_gatv2_context_edge_film_interaction,gatv2_graph_c_sprint8a_context_edge_film,gatv2,graph_c_context_observation,S5F2_energy,test,50,1028,,0,0.13520783185958862
sprint9_multiseed_S8A_R2_seed2024_S8A_R2_context_edge_film,S8A_R2_context_edge_film,graph_c_gatv2_context_edge_film_interaction,gatv2_graph_c_sprint8a_context_edge_film,gatv2,graph_c_context_observation,S5F2_energy,test,51,1028,,0,0.18836571276187897
sprint9_multiseed_S8A_R2_seed2024_S8A_R2_context_edge_film,S8A_R2_context_edge_film,graph_c_gatv2_context_edge_film_interaction,gatv2_graph_c_sprint8a_context_edge_film,gatv2,graph_c_context_observation,S5F2_energy,test,52,1028,,0,0.15264956653118134
sprint9_multiseed_S8A_R2_seed2024_S8A_R2_context_edge_film,S8A_R2_context_edge_film,graph_c_gatv2_context_edge_film_interaction,gatv2_graph_c_sprint8a_context_edge_film,gatv2,graph_c_context_observation,S5F2_energy,test,53,1028,,0,0.11874479055404663
sprint9_multiseed_S8A_R2_seed2024_S8A_R2_context_edge_film,S8A_R2_context_edge_film,graph_c_gatv2_context_edge_film_interaction,gatv2_graph_c_sprint8a_context_edge_film,gatv2,graph_c_context_observation,S5F2_energy,test,54,1044,,0,0.2796567976474762
sprint9_multiseed_S8A_R2_seed2024_S8A_R2_context_edge_film,S8A_R2_context_edge_film,graph_c_gatv2_context_edge_film_interaction,gatv2_graph_c_sprint8a_context_edge_film,gatv2,graph_c_context_observation,S5F2_energy,test,55,1044,,0,0.18914976716041565
sprint9_multiseed_S8A_R2_seed2024_S8A_R2_context_edge_film,S8A_R2_context_edge_film,graph_c_gatv2_context_edge_film_interaction,gatv2_graph_c_sprint8a_context_edge_film,gatv2,graph_c_context_observation,S5F2_energy,test,56,1044,,0,0.2040405422449112
sprint9_multiseed_S8A_R2_seed2024_S8A_R2_context_edge_film,S8A_R2_context_edge_film,graph_c_gatv2_context_edge_film_interaction,gatv2_graph_c_sprint8a_context_edge_film,gatv2,graph_c_context_observation,S5F2_energy,test,57,1044,,0,0.2685226500034332
sprint9_multiseed_S8A_R2_seed2024_S8A_R2_context_edge_film,S8A_R2_context_edge_film,graph_c_gatv2_context_edge_film_interaction,gatv2_graph_c_sprint8a_context_edge_film,gatv2,graph_c_context_observation,S5F2_energy,test,58,1044,,1,0.210611030459404
sprint9_multiseed_S8A_R2_seed2024_S8A_R2_context_edge_film,S8A_R2_context_edge_film,graph_c_gatv2_context_edge_film_interaction,gatv2_graph_c_sprint8a_context_edge_film,gatv2,graph_c_context_observation,S5F2_energy,test,59,1044,,0,0.25035804510116577
sprint9_multiseed_S8A_R2_seed2024_S8A_R2_context_edge_film,S8A_R2_context_edge_film,graph_c_gatv2_context_edge_film_interaction,gatv2_graph_c_sprint8a_context_edge_film,gatv2,graph_c_context_observation,S5F2_energy,test,60,1044,,0,0.23116950690746307
sprint9_multiseed_S8A_R2_seed2024_S8A_R2_context_edge_film,S8A_R2_context_edge_film,graph_c_gatv2_context_edge_film_interaction,gatv2_graph_c_sprint8a_context_edge_film,gatv2,graph_c_context_observation,S5F2_energy,test,61,1044,,0,0.27472758293151855
sprint9_multiseed_S8A_R2_seed2024_S8A_R2_context_edge_film,S8A_R2_context_edge_film,graph_c_gatv2_context_edge_film_interaction,gatv2_graph_c_sprint8a_context_edge_film,gatv2,graph_c_context_observation,S5F2_energy,test,62,1044,,0,0.2402508407831192
sprint9_multiseed_S8A_R2_seed2024_S8A_R2_context_edge_film,S8A_R2_context_edge_film,graph_c_gatv2_context_edge_film_interaction,gatv2_graph_c_sprint8a_context_edge_film,gatv2,graph_c_context_observation,S5F2_energy,test,63,1044,,0,0.22296294569969177
sprint9_multiseed_S8A_R2_seed2024_S8A_R2_context_edge_film,S8A_R2_context_edge_film,graph_c_gatv2_context_edge_film_interaction,gatv2_graph_c_sprint8a_context_edge_film,gatv2,graph_c_context_observation,S5F2_energy,test,64,1044,,0,0.2056724578142166
sprint9_multiseed_S8A_R2_seed2024_S8A_R2_context_edge_film,S8A_R2_context_edge_film,graph_c_gatv2_context_edge_film_interaction,gatv2_graph_c_sprint8a_context_edge_film,gatv2,graph_c_context_observation,S5F2_energy,test,65,1044,,0,0.2091340720653534
sprint9_multiseed_S8A_R2_seed2024_S8A_R2_context_edge_film,S8A_R2_context_edge_film,graph_c_gatv2_context_edge_film_interaction,gatv2_graph_c_sprint8a_context_edge_film,gatv2,graph_c_context_observation,S5F2_energy,test,66,1044,,0,0.29049187898635864
sprint9_multiseed_S8A_R2_seed2024_S8A_R2_context_edge_film,S8A_R2_context_edge_film,graph_c_gatv2_context_edge_film_interaction,gatv2_graph_c_sprint8a_context_edge_film,gatv2,graph_c_context_observation,S5F2_energy,test,67,1060,,1,0.2597504258155823
sprint9_multiseed_S8A_R2_seed2024_S8A_R2_context_edge_film,S8A_R2_context_edge_film,graph_c_gatv2_context_edge_film_interaction,gatv2_graph_c_sprint8a_context_edge_film,gatv2,graph_c_context_observation,S5F2_energy,test,68,1060,,0,0.2362043410539627
sprint9_multiseed_S8A_R2_seed2024_S8A_R2_context_edge_film,S8A_R2_context_edge_film,graph_c_gatv2_context_edge_film_interaction,gatv2_graph_c_sprint8a_context_edge_film,gatv2,graph_c_context_observation,S5F2_energy,test,69,1060,,0,0.318649023771286
sprint9_multiseed_S8A_R2_seed2024_S8A_R2_context_edge_film,S8A_R2_context_edge_film,graph_c_gatv2_context_edge_film_interaction,gatv2_graph_c_sprint8a_context_edge_film,gatv2,graph_c_context_observation,S5F2_energy,test,70,1060,,0,0.2235361933708191
sprint9_multiseed_S8A_R2_seed2024_S8A_R2_context_edge_film,S8A_R2_context_edge_film,graph_c_gatv2_context_edge_film_interaction,gatv2_graph_c_sprint8a_context_edge_film,gatv2,graph_c_context_observation,S5F2_energy,test,71,1060,,0,0.26796019077301025
sprint9_multiseed_S8A_R2_seed2024_S8A_R2_context_edge_film,S8A_R2_context_edge_film,graph_c_gatv2_context_edge_film_interaction,gatv2_graph_c_sprint8a_context_edge_film,gatv2,graph_c_context_observation,S5F2_energy,test,72,1060,,0,0.2674776613712311
sprint9_multiseed_S8A_R2_seed2024_S8A_R2_context_edge_film,S8A_R2_context_edge_film,graph_c_gatv2_context_edge_film_interaction,gatv2_graph_c_sprint8a_context_edge_film,gatv2,graph_c_context_observation,S5F2_energy,test,73,1060,,1,0.2267916053533554
sprint9_multiseed_S8A_R2_seed2024_S8A_R2_context_edge_film,S8A_R2_context_edge_film,graph_c_gatv2_context_edge_film_interaction,gatv2_graph_c_sprint8a_context_edge_film,gatv2,graph_c_context_observation,S5F2_energy,test,74,1060,,0,0.32955804467201233
sprint9_multiseed_S8A_R2_seed2024_S8A_R2_context_edge_film,S8A_R2_context_edge_film,graph_c_gatv2_context_edge_film_interaction,gatv2_graph_c_sprint8a_context_edge_film,gatv2,graph_c_context_observation,S5F2_energy,test,75,1060,,0,0.24449925124645233
sprint9_multiseed_S8A_R2_seed2024_S8A_R2_context_edge_film,S8A_R2_context_edge_film,graph_c_gatv2_context_edge_film_interaction,gatv2_graph_c_sprint8a_context_edge_film,gatv2,graph_c_context_observation,S5F2_energy,test,76,1060,,0,0.2987671494483948
sprint9_multiseed_S8A_R2_seed2024_S8A_R2_context_edge_film,S8A_R2_context_edge_film,graph_c_gatv2_context_edge_film_interaction,gatv2_graph_c_sprint8a_context_edge_film,gatv2,graph_c_context_observation,S5F2_energy,test,77,1060,,0,0.23257598280906677
sprint9_multiseed_S8A_R2_seed2024_S8A_R2_context_edge_film,S8A_R2_context_edge_film,graph_c_gatv2_context_edge_film_interaction,gatv2_graph_c_sprint8a_context_edge_film,gatv2,graph_c_context_observation,S5F2_energy,test,78,1060,,0,0.27403873205184937
sprint9_multiseed_S8A_R2_seed2024_S8A_R2_context_edge_film,S8A_R2_context_edge_film,graph_c_gatv2_context_edge_film_interaction,gatv2_graph_c_sprint8a_context_edge_film,gatv2,graph_c_context_observation,S5F2_energy,test,79,1060,,0,0.2762485146522522
sprint9_multiseed_S8A_R2_seed2024_S8A_R2_context_edge_film,S8A_R2_context_edge_film,graph_c_gatv2_context_edge_film_interaction,gatv2_graph_c_sprint8a_context_edge_film,gatv2,graph_c_context_observation,S5F2_energy,test,80,1060,,0,0.3216000497341156
sprint9_multiseed_S8A_R2_seed2024_S8A_R2_context_edge_film,S8A_R2_context_edge_film,graph_c_gatv2_context_edge_film_interaction,gatv2_graph_c_sprint8a_context_edge_film,gatv2,graph_c_context_observation,S5F2_energy,test,81,1060,,0,0.2769588232040405
sprint9_multiseed_S8A_R2_seed2024_S8A_R2_context_edge_film,S8A_R2_context_edge_film,graph_c_gatv2_context_edge_film_interaction,gatv2_graph_c_sprint8a_context_edge_film,gatv2,graph_c_context_observation,S5F2_energy,test,82,1088,,1,0.4407472312450409
sprint9_multiseed_S8A_R2_seed2024_S8A_R2_context_edge_film,S8A_R2_context_edge_film,graph_c_gatv2_context_edge_film_interaction,gatv2_graph_c_sprint8a_context_edge_film,gatv2,graph_c_context_observation,S5F2_energy,test,83,1088,,0,0.2356817126274109
sprint9_multiseed_S8A_R2_seed2024_S8A_R2_context_edge_film,S8A_R2_context_edge_film,graph_c_gatv2_context_edge_film_interaction,gatv2_graph_c_sprint8a_context_edge_film,gatv2,graph_c_context_observation,S5F2_energy,test,84,1088,,0,0.374846875667572
sprint9_multiseed_S8A_R2_seed2024_S8A_R2_context_edge_film,S8A_R2_context_edge_film,graph_c_gatv2_context_edge_film_interaction,gatv2_graph_c_sprint8a_context_edge_film,gatv2,graph_c_context_observation,S5F2_energy,test,85,1088,,0,0.38652122020721436
sprint9_multiseed_S8A_R2_seed2024_S8A_R2_context_edge_film,S8A_R2_context_edge_film,graph_c_gatv2_context_edge_film_interaction,gatv2_graph_c_sprint8a_context_edge_film,gatv2,graph_c_context_observation,S5F2_energy,test,86,1088,,0,0.4041135907173157
sprint9_multiseed_S8A_R2_seed2024_S8A_R2_context_edge_film,S8A_R2_context_edge_film,graph_c_gatv2_context_edge_film_interaction,gatv2_graph_c_sprint8a_context_edge_film,gatv2,graph_c_context_observation,S5F2_energy,test,87,1088,,0,0.27417638897895813
sprint9_multiseed_S8A_R2_seed2024_S8A_R2_context_edge_film,S8A_R2_context_edge_film,graph_c_gatv2_context_edge_film_interaction,gatv2_graph_c_sprint8a_context_edge_film,gatv2,graph_c_context_observation,S5F2_energy,test,88,1088,,0,0.28506872057914734
sprint9_multiseed_S8A_R2_seed2024_S8A_R2_context_edge_film,S8A_R2_context_edge_film,graph_c_gatv2_context_edge_film_interaction,gatv2_graph_c_sprint8a_context_edge_film,gatv2,graph_c_context_observation,S5F2_energy,test,89,1088,,0,0.43970704078674316
sprint9_multiseed_S8A_R2_seed2024_S8A_R2_context_edge_film,S8A_R2_context_edge_film,graph_c_gatv2_context_edge_film_interaction,gatv2_graph_c_sprint8a_context_edge_film,gatv2,graph_c_context_observation,S5F2_energy,test,90,1088,,0,0.437661349773407
sprint9_multiseed_S8A_R2_seed2024_S8A_R2_context_edge_film,S8A_R2_context_edge_film,graph_c_gatv2_context_edge_film_interaction,gatv2_graph_c_sprint8a_context_edge_film,gatv2,graph_c_context_observation,S5F2_energy,test,91,1088,,0,0.24518194794654846
sprint9_multiseed_S8A_R2_seed2024_S8A_R2_context_edge_film,S8A_R2_context_edge_film,graph_c_gatv2_context_edge_film_interaction,gatv2_graph_c_sprint8a_context_edge_film,gatv2,graph_c_context_observation,S5F2_energy,test,92,1088,,0,0.34729671478271484
sprint9_multiseed_S8A_R2_seed2024_S8A_R2_context_edge_film,S8A_R2_context_edge_film,graph_c_gatv2_context_edge_film_interaction,gatv2_graph_c_sprint8a_context_edge_film,gatv2,graph_c_context_observation,S5F2_energy,test,93,1088,,0,0.33893388509750366
sprint9_multiseed_S8A_R2_seed2024_S8A_R2_context_edge_film,S8A_R2_context_edge_film,graph_c_gatv2_context_edge_film_interaction,gatv2_graph_c_sprint8a_context_edge_film,gatv2,graph_c_context_observation,S5F2_energy,test,94,1088,,0,0.33891263604164124
sprint9_multiseed_S8A_R2_seed2024_S8A_R2_context_edge_film,S8A_R2_context_edge_film,graph_c_gatv2_context_edge_film_interaction,gatv2_graph_c_sprint8a_context_edge_film,gatv2,graph_c_context_observation,S5F2_energy,test,95,1120,,1,0.3836004436016083
sprint9_multiseed_S8A_R2_seed2024_S8A_R2_context_edge_film,S8A_R2_context_edge_film,graph_c_gatv2_context_edge_film_interaction,gatv2_graph_c_sprint8a_context_edge_film,gatv2,graph_c_context_observation,S5F2_energy,test,96,1120,,0,0.35910746455192566
sprint9_multiseed_S8A_R2_seed2024_S8A_R2_context_edge_film,S8A_R2_context_edge_film,graph_c_gatv2_context_edge_film_interaction,gatv2_graph_c_sprint8a_context_edge_film,gatv2,graph_c_context_observation,S5F2_energy,test,97,1120,,0,0.3509969413280487
sprint9_multiseed_S8A_R2_seed2024_S8A_R2_context_edge_film,S8A_R2_context_edge_film,graph_c_gatv2_context_edge_film_interaction,gatv2_graph_c_sprint8a_context_edge_film,gatv2,graph_c_context_observation,S5F2_energy,test,98,1120,,0,0.24467431008815765
sprint9_multiseed_S8A_R2_seed2024_S8A_R2_context_edge_film,S8A_R2_context_edge_film,graph_c_gatv2_context_edge_film_interaction,gatv2_graph_c_sprint8a_context_edge_film,gatv2,graph_c_context_observation,S5F2_energy,test,99,1120,,0,0.23409515619277954
sprint9_multiseed_S8A_R2_seed2024_S8A_R2_context_edge_film,S8A_R2_context_edge_film,graph_c_gatv2_context_edge_film_interaction,gatv2_graph_c_sprint8a_context_edge_film,gatv2,graph_c_context_observation,S5F2_energy,test,100,1120,,0,0.27164626121520996
sprint9_multiseed_S8A_R2_seed2024_S8A_R2_context_edge_film,S8A_R2_context_edge_film,graph_c_gatv2_context_edge_film_interaction,gatv2_graph_c_sprint8a_context_edge_film,gatv2,graph_c_context_observation,S5F2_energy,test,101,1120,,0,0.3133176565170288
sprint9_multiseed_S8A_R2_seed2024_S8A_R2_context_edge_film,S8A_R2_context_edge_film,graph_c_gatv2_context_edge_film_interaction,gatv2_graph_c_sprint8a_context_edge_film,gatv2,graph_c_context_observation,S5F2_energy,test,102,1120,,0,0.4340677857398987
sprint9_multiseed_S8A_R2_seed2024_S8A_R2_context_edge_film,S8A_R2_context_edge_film,graph_c_gatv2_context_edge_film_interaction,gatv2_graph_c_sprint8a_context_edge_film,gatv2,graph_c_context_observation,S5F2_energy,test,103,1120,,0,0.2622421681880951
sprint9_multiseed_S8A_R2_seed2024_S8A_R2_context_edge_film,S8A_R2_context_edge_film,graph_c_gatv2_context_edge_film_interaction,gatv2_graph_c_sprint8a_context_edge_film,gatv2,graph_c_context_observation,S5F2_energy,test,104,1120,,0,0.30774691700935364
sprint9_multiseed_S8A_R2_seed2024_S8A_R2_context_edge_film,S8A_R2_context_edge_film,graph_c_gatv2_context_edge_film_interaction,gatv2_graph_c_sprint8a_context_edge_film,gatv2,graph_c_context_observation,S5F2_energy,test,105,1120,,0,0.30561068654060364
sprint9_multiseed_S8A_R2_seed2024_S8A_R2_context_edge_film,S8A_R2_context_edge_film,graph_c_gatv2_context_edge_film_interaction,gatv2_graph_c_sprint8a_context_edge_film,gatv2,graph_c_context_observation,S5F2_energy,test,106,1120,,0,0.19334174692630768
sprint9_multiseed_S8A_R2_seed2024_S8A_R2_context_edge_film,S8A_R2_context_edge_film,graph_c_gatv2_context_edge_film_interaction,gatv2_graph_c_sprint8a_context_edge_film,gatv2,graph_c_context_observation,S5F2_energy,test,107,1120,,0,0.35012948513031006
sprint9_multiseed_S8A_R2_seed2024_S8A_R2_context_edge_film,S8A_R2_context_edge_film,graph_c_gatv2_context_edge_film_interaction,gatv2_graph_c_sprint8a_context_edge_film,gatv2,graph_c_context_observation,S5F2_energy,test,108,1120,,0,0.26117047667503357
sprint9_multiseed_S8A_R2_seed2024_S8A_R2_context_edge_film,S8A_R2_context_edge_film,graph_c_gatv2_context_edge_film_interaction,gatv2_graph_c_sprint8a_context_edge_film,gatv2,graph_c_context_observation,S5F2_energy,test,109,1120,,0,0.32667848467826843
sprint9_multiseed_S8A_R2_seed2024_S8A_R2_context_edge_film,S8A_R2_context_edge_film,graph_c_gatv2_context_edge_film_interaction,gatv2_graph_c_sprint8a_context_edge_film,gatv2,graph_c_context_observation,S5F2_energy,test,110,1408,,0,0.2327636480331421
sprint9_multiseed_S8A_R2_seed2024_S8A_R2_context_edge_film,S8A_R2_context_edge_film,graph_c_gatv2_context_edge_film_interaction,gatv2_graph_c_sprint8a_context_edge_film,gatv2,graph_c_context_observation,S5F2_energy,test,111,1408,,0,0.2112511694431305
sprint9_multiseed_S8A_R2_seed2024_S8A_R2_context_edge_film,S8A_R2_context_edge_film,graph_c_gatv2_context_edge_film_interaction,gatv2_graph_c_sprint8a_context_edge_film,gatv2,graph_c_context_observation,S5F2_energy,test,112,1408,,0,0.17458881437778473
sprint9_multiseed_S8A_R2_seed2024_S8A_R2_context_edge_film,S8A_R2_context_edge_film,graph_c_gatv2_context_edge_film_interaction,gatv2_graph_c_sprint8a_context_edge_film,gatv2,graph_c_context_observation,S5F2_energy,test,113,1408,,0,0.17070817947387695
sprint9_multiseed_S8A_R2_seed2024_S8A_R2_context_edge_film,S8A_R2_context_edge_film,graph_c_gatv2_context_edge_film_interaction,gatv2_graph_c_sprint8a_context_edge_film,gatv2,graph_c_context_observation,S5F2_energy,test,114,1408,,0,0.17401374876499176
sprint9_multiseed_S8A_R2_seed2024_S8A_R2_context_edge_film,S8A_R2_context_edge_film,graph_c_gatv2_context_edge_film_interaction,gatv2_graph_c_sprint8a_context_edge_film,gatv2,graph_c_context_observation,S5F2_energy,test,115,1408,,0,0.15941868722438812
sprint9_multiseed_S8A_R2_seed2024_S8A_R2_context_edge_film,S8A_R2_context_edge_film,graph_c_gatv2_context_edge_film_interaction,gatv2_graph_c_sprint8a_context_edge_film,gatv2,graph_c_context_observation,S5F2_energy,test,116,1408,,0,0.14359761774539948
sprint9_multiseed_S8A_R2_seed2024_S8A_R2_context_edge_film,S8A_R2_context_edge_film,graph_c_gatv2_context_edge_film_interaction,gatv2_graph_c_sprint8a_context_edge_film,gatv2,graph_c_context_observation,S5F2_energy,test,117,1408,,0,0.1443202644586563
sprint9_multiseed_S8A_R2_seed2024_S8A_R2_context_edge_film,S8A_R2_context_edge_film,graph_c_gatv2_context_edge_film_interaction,gatv2_graph_c_sprint8a_context_edge_film,gatv2,graph_c_context_observation,S5F2_energy,test,118,1408,,0,0.17078392207622528
sprint9_multiseed_S8A_R2_seed2024_S8A_R2_context_edge_film,S8A_R2_context_edge_film,graph_c_gatv2_context_edge_film_interaction,gatv2_graph_c_sprint8a_context_edge_film,gatv2,graph_c_context_observation,S5F2_energy,test,119,1505,,1,0.46846216917037964
sprint9_multiseed_S8A_R2_seed2024_S8A_R2_context_edge_film,S8A_R2_context_edge_film,graph_c_gatv2_context_edge_film_interaction,gatv2_graph_c_sprint8a_context_edge_film,gatv2,graph_c_context_observation,S5F2_energy,test,120,1505,,1,0.401589572429657
sprint9_multiseed_S8A_R2_seed2024_S8A_R2_context_edge_film,S8A_R2_context_edge_film,graph_c_gatv2_context_edge_film_interaction,gatv2_graph_c_sprint8a_context_edge_film,gatv2,graph_c_context_observation,S5F2_energy,test,121,1505,,1,0.4013602137565613
sprint9_multiseed_S8A_R2_seed2024_S8A_R2_context_edge_film,S8A_R2_context_edge_film,graph_c_gatv2_context_edge_film_interaction,gatv2_graph_c_sprint8a_context_edge_film,gatv2,graph_c_context_observation,S5F2_energy,test,122,1505,,1,0.3672198951244354
sprint9_multiseed_S8A_R2_seed2024_S8A_R2_context_edge_film,S8A_R2_context_edge_film,graph_c_gatv2_context_edge_film_interaction,gatv2_graph_c_sprint8a_context_edge_film,gatv2,graph_c_context_observation,S5F2_energy,test,123,1505,,1,0.2931962311267853
sprint9_multiseed_S8A_R2_seed2024_S8A_R2_context_edge_film,S8A_R2_context_edge_film,graph_c_gatv2_context_edge_film_interaction,gatv2_graph_c_sprint8a_context_edge_film,gatv2,graph_c_context_observation,S5F2_energy,test,124,1505,,1,0.3778451979160309
sprint9_multiseed_S8A_R2_seed2024_S8A_R2_context_edge_film,S8A_R2_context_edge_film,graph_c_gatv2_context_edge_film_interaction,gatv2_graph_c_sprint8a_context_edge_film,gatv2,graph_c_context_observation,S5F2_energy,test,125,1505,,1,0.30260324478149414
sprint9_multiseed_S8A_R2_seed2024_S8A_R2_context_edge_film,S8A_R2_context_edge_film,graph_c_gatv2_context_edge_film_interaction,gatv2_graph_c_sprint8a_context_edge_film,gatv2,graph_c_context_observation,S5F2_energy,test,126,1505,,1,0.2911497950553894
sprint9_multiseed_S8A_R2_seed2024_S8A_R2_context_edge_film,S8A_R2_context_edge_film,graph_c_gatv2_context_edge_film_interaction,gatv2_graph_c_sprint8a_context_edge_film,gatv2,graph_c_context_observation,S5F2_energy,test,127,1505,,1,0.34422314167022705
sprint9_multiseed_S8A_R2_seed2024_S8A_R2_context_edge_film,S8A_R2_context_edge_film,graph_c_gatv2_context_edge_film_interaction,gatv2_graph_c_sprint8a_context_edge_film,gatv2,graph_c_context_observation,S5F2_energy,test,128,1505,,1,0.35345908999443054
sprint9_multiseed_S8A_R2_seed2024_S8A_R2_context_edge_film,S8A_R2_context_edge_film,graph_c_gatv2_context_edge_film_interaction,gatv2_graph_c_sprint8a_context_edge_film,gatv2,graph_c_context_observation,S5F2_energy,test,129,1505,,1,0.36946120858192444
sprint9_multiseed_S8A_R2_seed2024_S8A_R2_context_edge_film,S8A_R2_context_edge_film,graph_c_gatv2_context_edge_film_interaction,gatv2_graph_c_sprint8a_context_edge_film,gatv2,graph_c_context_observation,S5F2_energy,test,130,1505,,1,0.345778226852417
sprint9_multiseed_S8A_R2_seed2024_S8A_R2_context_edge_film,S8A_R2_context_edge_film,graph_c_gatv2_context_edge_film_interaction,gatv2_graph_c_sprint8a_context_edge_film,gatv2,graph_c_context_observation,S5F2_energy,test,131,1505,,1,0.5119916796684265
sprint9_multiseed_S8A_R2_seed2024_S8A_R2_context_edge_film,S8A_R2_context_edge_film,graph_c_gatv2_context_edge_film_interaction,gatv2_graph_c_sprint8a_context_edge_film,gatv2,graph_c_context_observation,S5F2_energy,test,132,1505,,1,0.2932703197002411
sprint9_multiseed_S8A_R2_seed2024_S8A_R2_context_edge_film,S8A_R2_context_edge_film,graph_c_gatv2_context_edge_film_interaction,gatv2_graph_c_sprint8a_context_edge_film,gatv2,graph_c_context_observation,S5F2_energy,test,133,1505,,1,0.4613282382488251
sprint9_multiseed_S8A_R2_seed2024_S8A_R2_context_edge_film,S8A_R2_context_edge_film,graph_c_gatv2_context_edge_film_interaction,gatv2_graph_c_sprint8a_context_edge_film,gatv2,graph_c_context_observation,S5F2_energy,test,134,1505,,1,0.3532247245311737
sprint9_multiseed_S8A_R2_seed2024_S8A_R2_context_edge_film,S8A_R2_context_edge_film,graph_c_gatv2_context_edge_film_interaction,gatv2_graph_c_sprint8a_context_edge_film,gatv2,graph_c_context_observation,S5F2_energy,test,135,1505,,1,0.3099736273288727
sprint9_multiseed_S8A_R2_seed2024_S8A_R2_context_edge_film,S8A_R2_context_edge_film,graph_c_gatv2_context_edge_film_interaction,gatv2_graph_c_sprint8a_context_edge_film,gatv2,graph_c_context_observation,S5F2_energy,test,136,1505,,1,0.3645894527435303
sprint9_multiseed_S8A_R2_seed2024_S8A_R2_context_edge_film,S8A_R2_context_edge_film,graph_c_gatv2_context_edge_film_interaction,gatv2_graph_c_sprint8a_context_edge_film,gatv2,graph_c_context_observation,S5F2_energy,test,137,1505,,1,0.3794291317462921
sprint9_multiseed_S8A_R2_seed2024_S8A_R2_context_edge_film,S8A_R2_context_edge_film,graph_c_gatv2_context_edge_film_interaction,gatv2_graph_c_sprint8a_context_edge_film,gatv2,graph_c_context_observation,S5F2_energy,test,138,1505,,1,0.40439102053642273
sprint9_multiseed_S8A_R2_seed2024_S8A_R2_context_edge_film,S8A_R2_context_edge_film,graph_c_gatv2_context_edge_film_interaction,gatv2_graph_c_sprint8a_context_edge_film,gatv2,graph_c_context_observation,S5F2_energy,test,139,1505,,1,0.31875312328338623
sprint9_multiseed_S8A_R2_seed2024_S8A_R2_context_edge_film,S8A_R2_context_edge_film,graph_c_gatv2_context_edge_film_interaction,gatv2_graph_c_sprint8a_context_edge_film,gatv2,graph_c_context_observation,S5F2_energy,test,140,1505,,1,0.29842591285705566
sprint9_multiseed_S8A_R2_seed2024_S8A_R2_context_edge_film,S8A_R2_context_edge_film,graph_c_gatv2_context_edge_film_interaction,gatv2_graph_c_sprint8a_context_edge_film,gatv2,graph_c_context_observation,S5F2_energy,test,141,1505,,1,0.5421170592308044
sprint9_multiseed_S8A_R2_seed2024_S8A_R2_context_edge_film,S8A_R2_context_edge_film,graph_c_gatv2_context_edge_film_interaction,gatv2_graph_c_sprint8a_context_edge_film,gatv2,graph_c_context_observation,S5F2_energy,test,142,1505,,1,0.28276315331459045
sprint9_multiseed_S8A_R2_seed2024_S8A_R2_context_edge_film,S8A_R2_context_edge_film,graph_c_gatv2_context_edge_film_interaction,gatv2_graph_c_sprint8a_context_edge_film,gatv2,graph_c_context_observation,S5F2_energy,test,143,1505,,1,0.32448846101760864
sprint9_multiseed_S8A_R2_seed2024_S8A_R2_context_edge_film,S8A_R2_context_edge_film,graph_c_gatv2_context_edge_film_interaction,gatv2_graph_c_sprint8a_context_edge_film,gatv2,graph_c_context_observation,S5F2_energy,test,144,1505,,1,0.2974183261394501
sprint9_multiseed_S8A_R2_seed2024_S8A_R2_context_edge_film,S8A_R2_context_edge_film,graph_c_gatv2_context_edge_film_interaction,gatv2_graph_c_sprint8a_context_edge_film,gatv2,graph_c_context_observation,S5F2_energy,test,145,1505,,1,0.30297955870628357
sprint9_multiseed_S8A_R2_seed2024_S8A_R2_context_edge_film,S8A_R2_context_edge_film,graph_c_gatv2_context_edge_film_interaction,gatv2_graph_c_sprint8a_context_edge_film,gatv2,graph_c_context_observation,S5F2_energy,test,146,1505,,1,0.37831422686576843
sprint9_multiseed_S8A_R2_seed2024_S8A_R2_context_edge_film,S8A_R2_context_edge_film,graph_c_gatv2_context_edge_film_interaction,gatv2_graph_c_sprint8a_context_edge_film,gatv2,graph_c_context_observation,S5F2_energy,test,147,1505,,1,0.32823193073272705
sprint9_multiseed_S8A_R2_seed2024_S8A_R2_context_edge_film,S8A_R2_context_edge_film,graph_c_gatv2_context_edge_film_interaction,gatv2_graph_c_sprint8a_context_edge_film,gatv2,graph_c_context_observation,S5F2_energy,test,148,1505,,1,0.2208128273487091
sprint9_multiseed_S8A_R2_seed2024_S8A_R2_context_edge_film,S8A_R2_context_edge_film,graph_c_gatv2_context_edge_film_interaction,gatv2_graph_c_sprint8a_context_edge_film,gatv2,graph_c_context_observation,S5F2_energy,test,149,1505,,1,0.3458547592163086
sprint9_multiseed_S8A_R2_seed2024_S8A_R2_context_edge_film,S8A_R2_context_edge_film,graph_c_gatv2_context_edge_film_interaction,gatv2_graph_c_sprint8a_context_edge_film,gatv2,graph_c_context_observation,S5F2_energy,test,150,1505,,1,0.34524059295654297
sprint9_multiseed_S8A_R2_seed2024_S8A_R2_context_edge_film,S8A_R2_context_edge_film,graph_c_gatv2_context_edge_film_interaction,gatv2_graph_c_sprint8a_context_edge_film,gatv2,graph_c_context_observation,S5F2_energy,test,151,1505,,1,0.41127869486808777
sprint9_multiseed_S8A_R2_seed2024_S8A_R2_context_edge_film,S8A_R2_context_edge_film,graph_c_gatv2_context_edge_film_interaction,gatv2_graph_c_sprint8a_context_edge_film,gatv2,graph_c_context_observation,S5F2_energy,test,152,1505,,1,0.4082385301589966
sprint9_multiseed_S8A_R2_seed2024_S8A_R2_context_edge_film,S8A_R2_context_edge_film,graph_c_gatv2_context_edge_film_interaction,gatv2_graph_c_sprint8a_context_edge_film,gatv2,graph_c_context_observation,S5F2_energy,test,153,1505,,1,0.3488411009311676
sprint9_multiseed_S8A_R2_seed2024_S8A_R2_context_edge_film,S8A_R2_context_edge_film,graph_c_gatv2_context_edge_film_interaction,gatv2_graph_c_sprint8a_context_edge_film,gatv2,graph_c_context_observation,S5F2_energy,test,154,1505,,1,0.30557361245155334
sprint9_multiseed_S8A_R2_seed2024_S8A_R2_context_edge_film,S8A_R2_context_edge_film,graph_c_gatv2_context_edge_film_interaction,gatv2_graph_c_sprint8a_context_edge_film,gatv2,graph_c_context_observation,S5F2_energy,test,155,1505,,1,0.4130427837371826
sprint9_multiseed_S8A_R2_seed2024_S8A_R2_context_edge_film,S8A_R2_context_edge_film,graph_c_gatv2_context_edge_film_interaction,gatv2_graph_c_sprint8a_context_edge_film,gatv2,graph_c_context_observation,S5F2_energy,test,156,1505,,1,0.3221402168273926
sprint9_multiseed_S8A_R2_seed2024_S8A_R2_context_edge_film,S8A_R2_context_edge_film,graph_c_gatv2_context_edge_film_interaction,gatv2_graph_c_sprint8a_context_edge_film,gatv2,graph_c_context_observation,S5F2_energy,test,157,1505,,1,0.27141377329826355
sprint9_multiseed_S8A_R2_seed2024_S8A_R2_context_edge_film,S8A_R2_context_edge_film,graph_c_gatv2_context_edge_film_interaction,gatv2_graph_c_sprint8a_context_edge_film,gatv2,graph_c_context_observation,S5F2_energy,test,158,1505,,1,0.40274778008461
sprint9_multiseed_S8A_R2_seed2024_S8A_R2_context_edge_film,S8A_R2_context_edge_film,graph_c_gatv2_context_edge_film_interaction,gatv2_graph_c_sprint8a_context_edge_film,gatv2,graph_c_context_observation,S5F2_energy,test,159,1505,,1,0.3787901997566223
sprint9_multiseed_S8A_R2_seed2024_S8A_R2_context_edge_film,S8A_R2_context_edge_film,graph_c_gatv2_context_edge_film_interaction,gatv2_graph_c_sprint8a_context_edge_film,gatv2,graph_c_context_observation,S5F2_energy,test,160,1505,,1,0.28445711731910706
sprint9_multiseed_S8A_R2_seed2024_S8A_R2_context_edge_film,S8A_R2_context_edge_film,graph_c_gatv2_context_edge_film_interaction,gatv2_graph_c_sprint8a_context_edge_film,gatv2,graph_c_context_observation,S5F2_energy,test,161,1505,,1,0.33988916873931885
sprint9_multiseed_S8A_R2_seed2024_S8A_R2_context_edge_film,S8A_R2_context_edge_film,graph_c_gatv2_context_edge_film_interaction,gatv2_graph_c_sprint8a_context_edge_film,gatv2,graph_c_context_observation,S5F2_energy,test,162,1505,,1,0.44326141476631165
sprint9_multiseed_S8A_R2_seed2024_S8A_R2_context_edge_film,S8A_R2_context_edge_film,graph_c_gatv2_context_edge_film_interaction,gatv2_graph_c_sprint8a_context_edge_film,gatv2,graph_c_context_observation,S5F2_energy,test,163,1505,,1,0.2875443696975708
sprint9_multiseed_S8A_R2_seed2024_S8A_R2_context_edge_film,S8A_R2_context_edge_film,graph_c_gatv2_context_edge_film_interaction,gatv2_graph_c_sprint8a_context_edge_film,gatv2,graph_c_context_observation,S5F2_energy,test,164,1505,,1,0.25539466738700867
sprint9_multiseed_S8A_R2_seed2024_S8A_R2_context_edge_film,S8A_R2_context_edge_film,graph_c_gatv2_context_edge_film_interaction,gatv2_graph_c_sprint8a_context_edge_film,gatv2,graph_c_context_observation,S5F2_energy,test,165,1505,,1,0.31685754656791687
sprint9_multiseed_S8A_R2_seed2024_S8A_R2_context_edge_film,S8A_R2_context_edge_film,graph_c_gatv2_context_edge_film_interaction,gatv2_graph_c_sprint8a_context_edge_film,gatv2,graph_c_context_observation,S5F2_energy,test,166,1505,,1,0.3878485858440399
sprint9_multiseed_S8A_R2_seed2024_S8A_R2_context_edge_film,S8A_R2_context_edge_film,graph_c_gatv2_context_edge_film_interaction,gatv2_graph_c_sprint8a_context_edge_film,gatv2,graph_c_context_observation,S5F2_energy,test,167,3265,,1,0.7997871041297913
sprint9_multiseed_S8A_R2_seed2024_S8A_R2_context_edge_film,S8A_R2_context_edge_film,graph_c_gatv2_context_edge_film_interaction,gatv2_graph_c_sprint8a_context_edge_film,gatv2,graph_c_context_observation,S5F2_energy,test,168,3265,,1,0.5923707485198975
sprint9_multiseed_S8A_R2_seed2024_S8A_R2_context_edge_film,S8A_R2_context_edge_film,graph_c_gatv2_context_edge_film_interaction,gatv2_graph_c_sprint8a_context_edge_film,gatv2,graph_c_context_observation,S5F2_energy,test,169,3265,,1,0.7907075881958008
sprint9_multiseed_S8A_R2_seed2024_S8A_R2_context_edge_film,S8A_R2_context_edge_film,graph_c_gatv2_context_edge_film_interaction,gatv2_graph_c_sprint8a_context_edge_film,gatv2,graph_c_context_observation,S5F2_energy,test,170,3265,,1,0.7356539964675903
sprint9_multiseed_S8A_R2_seed2024_S8A_R2_context_edge_film,S8A_R2_context_edge_film,graph_c_gatv2_context_edge_film_interaction,gatv2_graph_c_sprint8a_context_edge_film,gatv2,graph_c_context_observation,S5F2_energy,test,171,3265,,1,0.798302948474884
sprint9_multiseed_S8A_R2_seed2024_S8A_R2_context_edge_film,S8A_R2_context_edge_film,graph_c_gatv2_context_edge_film_interaction,gatv2_graph_c_sprint8a_context_edge_film,gatv2,graph_c_context_observation,S5F2_energy,test,172,3265,,1,0.7085502743721008
sprint9_multiseed_S8A_R2_seed2024_S8A_R2_context_edge_film,S8A_R2_context_edge_film,graph_c_gatv2_context_edge_film_interaction,gatv2_graph_c_sprint8a_context_edge_film,gatv2,graph_c_context_observation,S5F2_energy,test,173,3265,,1,0.6569209098815918
sprint9_multiseed_S8A_R2_seed2024_S8A_R2_context_edge_film,S8A_R2_context_edge_film,graph_c_gatv2_context_edge_film_interaction,gatv2_graph_c_sprint8a_context_edge_film,gatv2,graph_c_context_observation,S5F2_energy,test,174,3265,,1,0.7817041277885437
sprint9_multiseed_S8A_R2_seed2024_S8A_R2_context_edge_film,S8A_R2_context_edge_film,graph_c_gatv2_context_edge_film_interaction,gatv2_graph_c_sprint8a_context_edge_film,gatv2,graph_c_context_observation,S5F2_energy,test,175,3265,,1,0.6685945987701416
sprint9_multiseed_S8A_R2_seed2024_S8A_R2_context_edge_film,S8A_R2_context_edge_film,graph_c_gatv2_context_edge_film_interaction,gatv2_graph_c_sprint8a_context_edge_film,gatv2,graph_c_context_observation,S5F2_energy,test,176,3265,,1,0.7539020776748657
sprint9_multiseed_S8A_R2_seed2024_S8A_R2_context_edge_film,S8A_R2_context_edge_film,graph_c_gatv2_context_edge_film_interaction,gatv2_graph_c_sprint8a_context_edge_film,gatv2,graph_c_context_observation,S5F2_energy,test,177,3265,,1,0.5379223227500916
sprint9_multiseed_S8A_R2_seed2024_S8A_R2_context_edge_film,S8A_R2_context_edge_film,graph_c_gatv2_context_edge_film_interaction,gatv2_graph_c_sprint8a_context_edge_film,gatv2,graph_c_context_observation,S5F2_energy,test,178,3265,,1,0.7999380826950073
sprint9_multiseed_S8A_R2_seed2024_S8A_R2_context_edge_film,S8A_R2_context_edge_film,graph_c_gatv2_context_edge_film_interaction,gatv2_graph_c_sprint8a_context_edge_film,gatv2,graph_c_context_observation,S5F2_energy,test,179,3265,,1,0.563945472240448
sprint9_multiseed_S8A_R2_seed2024_S8A_R2_context_edge_film,S8A_R2_context_edge_film,graph_c_gatv2_context_edge_film_interaction,gatv2_graph_c_sprint8a_context_edge_film,gatv2,graph_c_context_observation,S5F2_energy,test,180,3265,,1,0.6779963374137878
sprint9_multiseed_S8A_R2_seed2024_S8A_R2_context_edge_film,S8A_R2_context_edge_film,graph_c_gatv2_context_edge_film_interaction,gatv2_graph_c_sprint8a_context_edge_film,gatv2,graph_c_context_observation,S5F2_energy,test,181,3265,,1,0.6245033144950867
sprint9_multiseed_S8A_R2_seed2024_S8A_R2_context_edge_film,S8A_R2_context_edge_film,graph_c_gatv2_context_edge_film_interaction,gatv2_graph_c_sprint8a_context_edge_film,gatv2,graph_c_context_observation,S5F2_energy,test,182,3265,,1,0.5516316890716553
sprint9_multiseed_S8A_R2_seed2024_S8A_R2_context_edge_film,S8A_R2_context_edge_film,graph_c_gatv2_context_edge_film_interaction,gatv2_graph_c_sprint8a_context_edge_film,gatv2,graph_c_context_observation,S5F2_energy,test,183,3265,,1,0.5720934867858887
sprint9_multiseed_S8A_R2_seed2024_S8A_R2_context_edge_film,S8A_R2_context_edge_film,graph_c_gatv2_context_edge_film_interaction,gatv2_graph_c_sprint8a_context_edge_film,gatv2,graph_c_context_observation,S5F2_energy,test,184,3265,,1,0.7425344586372375
sprint9_multiseed_S8A_R2_seed2024_S8A_R2_context_edge_film,S8A_R2_context_edge_film,graph_c_gatv2_context_edge_film_interaction,gatv2_graph_c_sprint8a_context_edge_film,gatv2,graph_c_context_observation,S5F2_energy,test,185,3265,,1,0.720249593257904
sprint9_multiseed_S8A_R2_seed2024_S8A_R2_context_edge_film,S8A_R2_context_edge_film,graph_c_gatv2_context_edge_film_interaction,gatv2_graph_c_sprint8a_context_edge_film,gatv2,graph_c_context_observation,S5F2_energy,test,186,3265,,1,0.41799792647361755
sprint9_multiseed_S8A_R2_seed2024_S8A_R2_context_edge_film,S8A_R2_context_edge_film,graph_c_gatv2_context_edge_film_interaction,gatv2_graph_c_sprint8a_context_edge_film,gatv2,graph_c_context_observation,S5F2_energy,test,187,3265,,1,0.7360596060752869
sprint9_multiseed_S8A_R2_seed2024_S8A_R2_context_edge_film,S8A_R2_context_edge_film,graph_c_gatv2_context_edge_film_interaction,gatv2_graph_c_sprint8a_context_edge_film,gatv2,graph_c_context_observation,S5F2_energy,test,188,3265,,1,0.5495140552520752
sprint9_multiseed_S8A_R2_seed2024_S8A_R2_context_edge_film,S8A_R2_context_edge_film,graph_c_gatv2_context_edge_film_interaction,gatv2_graph_c_sprint8a_context_edge_film,gatv2,graph_c_context_observation,S5F2_energy,test,189,3265,,1,0.7599319219589233
sprint9_multiseed_S8A_R2_seed2024_S8A_R2_context_edge_film,S8A_R2_context_edge_film,graph_c_gatv2_context_edge_film_interaction,gatv2_graph_c_sprint8a_context_edge_film,gatv2,graph_c_context_observation,S5F2_energy,test,190,3265,,1,0.5346181392669678
sprint9_multiseed_S8A_R2_seed2024_S8A_R2_context_edge_film,S8A_R2_context_edge_film,graph_c_gatv2_context_edge_film_interaction,gatv2_graph_c_sprint8a_context_edge_film,gatv2,graph_c_context_observation,S5F2_energy,test,191,3265,,1,0.7526459693908691
sprint9_multiseed_S8A_R2_seed2024_S8A_R2_context_edge_film,S8A_R2_context_edge_film,graph_c_gatv2_context_edge_film_interaction,gatv2_graph_c_sprint8a_context_edge_film,gatv2,graph_c_context_observation,S5F2_energy,test,192,3265,,1,0.7130484580993652
sprint9_multiseed_S8A_R2_seed2024_S8A_R2_context_edge_film,S8A_R2_context_edge_film,graph_c_gatv2_context_edge_film_interaction,gatv2_graph_c_sprint8a_context_edge_film,gatv2,graph_c_context_observation,S5F2_energy,test,193,3265,,1,0.6102488040924072
sprint9_multiseed_S8A_R2_seed2024_S8A_R2_context_edge_film,S8A_R2_context_edge_film,graph_c_gatv2_context_edge_film_interaction,gatv2_graph_c_sprint8a_context_edge_film,gatv2,graph_c_context_observation,S5F2_energy,test,194,3265,,1,0.7367324829101562
sprint9_multiseed_S8A_R2_seed2024_S8A_R2_context_edge_film,S8A_R2_context_edge_film,graph_c_gatv2_context_edge_film_interaction,gatv2_graph_c_sprint8a_context_edge_film,gatv2,graph_c_context_observation,S5F2_energy,test,195,3265,,1,0.503336489200592
sprint9_multiseed_S8A_R2_seed2024_S8A_R2_context_edge_film,S8A_R2_context_edge_film,graph_c_gatv2_context_edge_film_interaction,gatv2_graph_c_sprint8a_context_edge_film,gatv2,graph_c_context_observation,S5F2_energy,test,196,3265,,1,0.6841563582420349
sprint9_multiseed_S8A_R2_seed2024_S8A_R2_context_edge_film,S8A_R2_context_edge_film,graph_c_gatv2_context_edge_film_interaction,gatv2_graph_c_sprint8a_context_edge_film,gatv2,graph_c_context_observation,S5F2_energy,test,197,3265,,1,0.7149765491485596
sprint9_multiseed_S8A_R2_seed2024_S8A_R2_context_edge_film,S8A_R2_context_edge_film,graph_c_gatv2_context_edge_film_interaction,gatv2_graph_c_sprint8a_context_edge_film,gatv2,graph_c_context_observation,S5F2_energy,test,198,3265,,1,0.5112708806991577
sprint9_multiseed_S8A_R2_seed2024_S8A_R2_context_edge_film,S8A_R2_context_edge_film,graph_c_gatv2_context_edge_film_interaction,gatv2_graph_c_sprint8a_context_edge_film,gatv2,graph_c_context_observation,S5F2_energy,test,199,3265,,1,0.5450707077980042
sprint9_multiseed_S8A_R2_seed2024_S8A_R2_context_edge_film,S8A_R2_context_edge_film,graph_c_gatv2_context_edge_film_interaction,gatv2_graph_c_sprint8a_context_edge_film,gatv2,graph_c_context_observation,S5F2_energy,test,200,3265,,1,0.4858993887901306
sprint9_multiseed_S8A_R2_seed2024_S8A_R2_context_edge_film,S8A_R2_context_edge_film,graph_c_gatv2_context_edge_film_interaction,gatv2_graph_c_sprint8a_context_edge_film,gatv2,graph_c_context_observation,S5F2_energy,test,201,3265,,1,0.6901501417160034
sprint9_multiseed_S8A_R2_seed2024_S8A_R2_context_edge_film,S8A_R2_context_edge_film,graph_c_gatv2_context_edge_film_interaction,gatv2_graph_c_sprint8a_context_edge_film,gatv2,graph_c_context_observation,S5F2_energy,test,202,3300,,1,0.8383590579032898
sprint9_multiseed_S8A_R2_seed2024_S8A_R2_context_edge_film,S8A_R2_context_edge_film,graph_c_gatv2_context_edge_film_interaction,gatv2_graph_c_sprint8a_context_edge_film,gatv2,graph_c_context_observation,S5F2_energy,test,203,3300,,1,0.8474509119987488
sprint9_multiseed_S8A_R2_seed2024_S8A_R2_context_edge_film,S8A_R2_context_edge_film,graph_c_gatv2_context_edge_film_interaction,gatv2_graph_c_sprint8a_context_edge_film,gatv2,graph_c_context_observation,S5F2_energy,test,204,3300,,1,0.832415759563446
sprint9_multiseed_S8A_R2_seed2024_S8A_R2_context_edge_film,S8A_R2_context_edge_film,graph_c_gatv2_context_edge_film_interaction,gatv2_graph_c_sprint8a_context_edge_film,gatv2,graph_c_context_observation,S5F2_energy,test,205,3300,,1,0.8794242143630981
sprint9_multiseed_S8A_R2_seed2024_S8A_R2_context_edge_film,S8A_R2_context_edge_film,graph_c_gatv2_context_edge_film_interaction,gatv2_graph_c_sprint8a_context_edge_film,gatv2,graph_c_context_observation,S5F2_energy,test,206,3300,,1,0.6084775924682617
sprint9_multiseed_S8A_R2_seed2024_S8A_R2_context_edge_film,S8A_R2_context_edge_film,graph_c_gatv2_context_edge_film_interaction,gatv2_graph_c_sprint8a_context_edge_film,gatv2,graph_c_context_observation,S5F2_energy,test,207,3300,,1,0.8224884867668152
sprint9_multiseed_S8A_R2_seed2024_S8A_R2_context_edge_film,S8A_R2_context_edge_film,graph_c_gatv2_context_edge_film_interaction,gatv2_graph_c_sprint8a_context_edge_film,gatv2,graph_c_context_observation,S5F2_energy,test,208,3300,,1,0.833339273929596
sprint9_multiseed_S8A_R2_seed2024_S8A_R2_context_edge_film,S8A_R2_context_edge_film,graph_c_gatv2_context_edge_film_interaction,gatv2_graph_c_sprint8a_context_edge_film,gatv2,graph_c_context_observation,S5F2_energy,test,209,3300,,1,0.7547447085380554
sprint9_multiseed_S8A_R2_seed2024_S8A_R2_context_edge_film,S8A_R2_context_edge_film,graph_c_gatv2_context_edge_film_interaction,gatv2_graph_c_sprint8a_context_edge_film,gatv2,graph_c_context_observation,S5F2_energy,test,210,3300,,1,0.833929717540741
sprint9_multiseed_S8A_R2_seed2024_S8A_R2_context_edge_film,S8A_R2_context_edge_film,graph_c_gatv2_context_edge_film_interaction,gatv2_graph_c_sprint8a_context_edge_film,gatv2,graph_c_context_observation,S5F2_energy,test,211,3300,,1,0.8537462949752808
sprint9_multiseed_S8A_R2_seed2024_S8A_R2_context_edge_film,S8A_R2_context_edge_film,graph_c_gatv2_context_edge_film_interaction,gatv2_graph_c_sprint8a_context_edge_film,gatv2,graph_c_context_observation,S5F2_energy,test,212,3300,,1,0.8478800654411316
sprint9_multiseed_S8A_R2_seed2024_S8A_R2_context_edge_film,S8A_R2_context_edge_film,graph_c_gatv2_context_edge_film_interaction,gatv2_graph_c_sprint8a_context_edge_film,gatv2,graph_c_context_observation,S5F2_energy,test,213,3300,,1,0.8282821178436279
sprint9_multiseed_S8A_R2_seed2024_S8A_R2_context_edge_film,S8A_R2_context_edge_film,graph_c_gatv2_context_edge_film_interaction,gatv2_graph_c_sprint8a_context_edge_film,gatv2,graph_c_context_observation,S5F2_energy,test,214,3300,,1,0.7974987030029297
sprint9_multiseed_S8A_R2_seed2024_S8A_R2_context_edge_film,S8A_R2_context_edge_film,graph_c_gatv2_context_edge_film_interaction,gatv2_graph_c_sprint8a_context_edge_film,gatv2,graph_c_context_observation,S5F2_energy,test,215,3300,,1,0.8570797443389893
sprint9_multiseed_S8A_R2_seed2024_S8A_R2_context_edge_film,S8A_R2_context_edge_film,graph_c_gatv2_context_edge_film_interaction,gatv2_graph_c_sprint8a_context_edge_film,gatv2,graph_c_context_observation,S5F2_energy,test,216,3300,,1,0.834717333316803
sprint9_multiseed_S8A_R2_seed2024_S8A_R2_context_edge_film,S8A_R2_context_edge_film,graph_c_gatv2_context_edge_film_interaction,gatv2_graph_c_sprint8a_context_edge_film,gatv2,graph_c_context_observation,S5F2_energy,test,217,3300,,1,0.8107162117958069
sprint9_multiseed_S8A_R2_seed2024_S8A_R2_context_edge_film,S8A_R2_context_edge_film,graph_c_gatv2_context_edge_film_interaction,gatv2_graph_c_sprint8a_context_edge_film,gatv2,graph_c_context_observation,S5F2_energy,test,218,3300,,1,0.8588149547576904
sprint9_multiseed_S8A_R2_seed2024_S8A_R2_context_edge_film,S8A_R2_context_edge_film,graph_c_gatv2_context_edge_film_interaction,gatv2_graph_c_sprint8a_context_edge_film,gatv2,graph_c_context_observation,S5F2_energy,test,219,3300,,1,0.8056972622871399
sprint9_multiseed_S8A_R2_seed2024_S8A_R2_context_edge_film,S8A_R2_context_edge_film,graph_c_gatv2_context_edge_film_interaction,gatv2_graph_c_sprint8a_context_edge_film,gatv2,graph_c_context_observation,S5F2_energy,test,220,3300,,1,0.8531756401062012
sprint9_multiseed_S8A_R2_seed2024_S8A_R2_context_edge_film,S8A_R2_context_edge_film,graph_c_gatv2_context_edge_film_interaction,gatv2_graph_c_sprint8a_context_edge_film,gatv2,graph_c_context_observation,S5F2_energy,test,221,3300,,1,0.8458184003829956
sprint9_multiseed_S8A_R2_seed2024_S8A_R2_context_edge_film,S8A_R2_context_edge_film,graph_c_gatv2_context_edge_film_interaction,gatv2_graph_c_sprint8a_context_edge_film,gatv2,graph_c_context_observation,S5F2_energy,test,222,3300,,1,0.842847466468811
sprint9_multiseed_S8A_R2_seed2024_S8A_R2_context_edge_film,S8A_R2_context_edge_film,graph_c_gatv2_context_edge_film_interaction,gatv2_graph_c_sprint8a_context_edge_film,gatv2,graph_c_context_observation,S5F2_energy,test,223,3300,,1,0.868456244468689
sprint9_multiseed_S8A_R2_seed2024_S8A_R2_context_edge_film,S8A_R2_context_edge_film,graph_c_gatv2_context_edge_film_interaction,gatv2_graph_c_sprint8a_context_edge_film,gatv2,graph_c_context_observation,S5F2_energy,test,224,3300,,1,0.8561340570449829
sprint9_multiseed_S8A_R2_seed2024_S8A_R2_context_edge_film,S8A_R2_context_edge_film,graph_c_gatv2_context_edge_film_interaction,gatv2_graph_c_sprint8a_context_edge_film,gatv2,graph_c_context_observation,S5F2_energy,test,225,3300,,1,0.8203045129776001
sprint9_multiseed_S8A_R2_seed2024_S8A_R2_context_edge_film,S8A_R2_context_edge_film,graph_c_gatv2_context_edge_film_interaction,gatv2_graph_c_sprint8a_context_edge_film,gatv2,graph_c_context_observation,S5F2_energy,test,226,3300,,1,0.8425050377845764
sprint9_multiseed_S8A_R2_seed2024_S8A_R2_context_edge_film,S8A_R2_context_edge_film,graph_c_gatv2_context_edge_film_interaction,gatv2_graph_c_sprint8a_context_edge_film,gatv2,graph_c_context_observation,S5F2_energy,test,227,3300,,1,0.8206897974014282
sprint9_multiseed_S8A_R2_seed2024_S8A_R2_context_edge_film,S8A_R2_context_edge_film,graph_c_gatv2_context_edge_film_interaction,gatv2_graph_c_sprint8a_context_edge_film,gatv2,graph_c_context_observation,S5F2_energy,test,228,3300,,1,0.8294373154640198
sprint9_multiseed_S8A_R2_seed2024_S8A_R2_context_edge_film,S8A_R2_context_edge_film,graph_c_gatv2_context_edge_film_interaction,gatv2_graph_c_sprint8a_context_edge_film,gatv2,graph_c_context_observation,S5F2_energy,test,229,3300,,1,0.8718050122261047
sprint9_multiseed_S8A_R2_seed2024_S8A_R2_context_edge_film,S8A_R2_context_edge_film,graph_c_gatv2_context_edge_film_interaction,gatv2_graph_c_sprint8a_context_edge_film,gatv2,graph_c_context_observation,S5F2_energy,test,230,3300,,1,0.8039921522140503
sprint9_multiseed_S8A_R2_seed2024_S8A_R2_context_edge_film,S8A_R2_context_edge_film,graph_c_gatv2_context_edge_film_interaction,gatv2_graph_c_sprint8a_context_edge_film,gatv2,graph_c_context_observation,S5F2_energy,test,231,3300,,1,0.8411134481430054
sprint9_multiseed_S8A_R2_seed2024_S8A_R2_context_edge_film,S8A_R2_context_edge_film,graph_c_gatv2_context_edge_film_interaction,gatv2_graph_c_sprint8a_context_edge_film,gatv2,graph_c_context_observation,S5F2_energy,test,232,3300,,1,0.7954401969909668
sprint9_multiseed_S8A_R2_seed2024_S8A_R2_context_edge_film,S8A_R2_context_edge_film,graph_c_gatv2_context_edge_film_interaction,gatv2_graph_c_sprint8a_context_edge_film,gatv2,graph_c_context_observation,S5F2_energy,test,233,3300,,1,0.8723192811012268
sprint9_multiseed_S8A_R2_seed2024_S8A_R2_context_edge_film,S8A_R2_context_edge_film,graph_c_gatv2_context_edge_film_interaction,gatv2_graph_c_sprint8a_context_edge_film,gatv2,graph_c_context_observation,S5F2_energy,test,234,3300,,1,0.8586198091506958
sprint9_multiseed_S8A_R2_seed2024_S8A_R2_context_edge_film,S8A_R2_context_edge_film,graph_c_gatv2_context_edge_film_interaction,gatv2_graph_c_sprint8a_context_edge_film,gatv2,graph_c_context_observation,S5F2_energy,test,235,3300,,1,0.771364688873291
sprint9_multiseed_S8A_R2_seed2024_S8A_R2_context_edge_film,S8A_R2_context_edge_film,graph_c_gatv2_context_edge_film_interaction,gatv2_graph_c_sprint8a_context_edge_film,gatv2,graph_c_context_observation,S5F2_energy,test,236,3300,,1,0.840483546257019
sprint9_multiseed_S8A_R2_seed2024_S8A_R2_context_edge_film,S8A_R2_context_edge_film,graph_c_gatv2_context_edge_film_interaction,gatv2_graph_c_sprint8a_context_edge_film,gatv2,graph_c_context_observation,S5F2_energy,test,237,3300,,1,0.8394084572792053
sprint9_multiseed_S8A_R2_seed2024_S8A_R2_context_edge_film,S8A_R2_context_edge_film,graph_c_gatv2_context_edge_film_interaction,gatv2_graph_c_sprint8a_context_edge_film,gatv2,graph_c_context_observation,S5F2_energy,test,238,3300,,1,0.8349006772041321
sprint9_multiseed_S8A_R2_seed2024_S8A_R2_context_edge_film,S8A_R2_context_edge_film,graph_c_gatv2_context_edge_film_interaction,gatv2_graph_c_sprint8a_context_edge_film,gatv2,graph_c_context_observation,S5F2_energy,test,239,3300,,1,0.8303302526473999
sprint9_multiseed_S8A_R2_seed2024_S8A_R2_context_edge_film,S8A_R2_context_edge_film,graph_c_gatv2_context_edge_film_interaction,gatv2_graph_c_sprint8a_context_edge_film,gatv2,graph_c_context_observation,S5F2_energy,test,240,3300,,1,0.8160855770111084
sprint9_multiseed_S8A_R2_seed2024_S8A_R2_context_edge_film,S8A_R2_context_edge_film,graph_c_gatv2_context_edge_film_interaction,gatv2_graph_c_sprint8a_context_edge_film,gatv2,graph_c_context_observation,S5F2_energy,test,241,3300,,1,0.82948899269104
sprint9_multiseed_S8A_R2_seed2024_S8A_R2_context_edge_film,S8A_R2_context_edge_film,graph_c_gatv2_context_edge_film_interaction,gatv2_graph_c_sprint8a_context_edge_film,gatv2,graph_c_context_observation,S5F2_energy,test,242,3300,,1,0.8408231139183044
sprint9_multiseed_S8A_R2_seed2024_S8A_R2_context_edge_film,S8A_R2_context_edge_film,graph_c_gatv2_context_edge_film_interaction,gatv2_graph_c_sprint8a_context_edge_film,gatv2,graph_c_context_observation,S5F2_energy,test,243,3300,,1,0.8113307952880859
sprint9_multiseed_S8A_R2_seed2024_S8A_R2_context_edge_film,S8A_R2_context_edge_film,graph_c_gatv2_context_edge_film_interaction,gatv2_graph_c_sprint8a_context_edge_film,gatv2,graph_c_context_observation,S5F2_energy,test,244,3300,,1,0.8547577261924744
sprint9_multiseed_S8A_R2_seed2024_S8A_R2_context_edge_film,S8A_R2_context_edge_film,graph_c_gatv2_context_edge_film_interaction,gatv2_graph_c_sprint8a_context_edge_film,gatv2,graph_c_context_observation,S5F2_energy,test,245,3300,,1,0.8411197066307068
sprint9_multiseed_S8A_R2_seed2024_S8A_R2_context_edge_film,S8A_R2_context_edge_film,graph_c_gatv2_context_edge_film_interaction,gatv2_graph_c_sprint8a_context_edge_film,gatv2,graph_c_context_observation,S5F2_energy,test,246,3300,,1,0.7786610126495361
sprint9_multiseed_S8A_R2_seed2024_S8A_R2_context_edge_film,S8A_R2_context_edge_film,graph_c_gatv2_context_edge_film_interaction,gatv2_graph_c_sprint8a_context_edge_film,gatv2,graph_c_context_observation,S5F2_energy,test,247,3300,,1,0.7898228168487549
sprint9_multiseed_S8A_R2_seed2024_S8A_R2_context_edge_film,S8A_R2_context_edge_film,graph_c_gatv2_context_edge_film_interaction,gatv2_graph_c_sprint8a_context_edge_film,gatv2,graph_c_context_observation,S5F2_energy,test,248,3300,,1,0.7371104955673218
sprint9_multiseed_S8A_R2_seed2024_S8A_R2_context_edge_film,S8A_R2_context_edge_film,graph_c_gatv2_context_edge_film_interaction,gatv2_graph_c_sprint8a_context_edge_film,gatv2,graph_c_context_observation,S5F2_energy,test,249,3300,,1,0.8570194244384766
sprint9_multiseed_S8A_R2_seed2024_S8A_R2_context_edge_film,S8A_R2_context_edge_film,graph_c_gatv2_context_edge_film_interaction,gatv2_graph_c_sprint8a_context_edge_film,gatv2,graph_c_context_observation,S5F2_energy,test,250,3300,,1,0.8556050062179565
sprint9_multiseed_S8A_R2_seed2024_S8A_R2_context_edge_film,S8A_R2_context_edge_film,graph_c_gatv2_context_edge_film_interaction,gatv2_graph_c_sprint8a_context_edge_film,gatv2,graph_c_context_observation,S5F2_energy,test,251,3300,,1,0.7980497479438782
sprint9_multiseed_S8A_R2_seed2024_S8A_R2_context_edge_film,S8A_R2_context_edge_film,graph_c_gatv2_context_edge_film_interaction,gatv2_graph_c_sprint8a_context_edge_film,gatv2,graph_c_context_observation,S5F2_energy,test,252,3300,,1,0.8597825765609741
sprint9_multiseed_S8A_R2_seed2024_S8A_R2_context_edge_film,S8A_R2_context_edge_film,graph_c_gatv2_context_edge_film_interaction,gatv2_graph_c_sprint8a_context_edge_film,gatv2,graph_c_context_observation,S5F2_energy,test,253,3300,,1,0.8209137320518494
sprint9_multiseed_S8A_R2_seed2024_S8A_R2_context_edge_film,S8A_R2_context_edge_film,graph_c_gatv2_context_edge_film_interaction,gatv2_graph_c_sprint8a_context_edge_film,gatv2,graph_c_context_observation,S5F2_energy,test,254,3300,,1,0.7751965522766113
sprint9_multiseed_S8A_R2_seed2024_S8A_R2_context_edge_film,S8A_R2_context_edge_film,graph_c_gatv2_context_edge_film_interaction,gatv2_graph_c_sprint8a_context_edge_film,gatv2,graph_c_context_observation,S5F2_energy,test,255,3300,,1,0.7441474199295044
sprint9_multiseed_S8A_R2_seed2024_S8A_R2_context_edge_film,S8A_R2_context_edge_film,graph_c_gatv2_context_edge_film_interaction,gatv2_graph_c_sprint8a_context_edge_film,gatv2,graph_c_context_observation,S5F2_energy,test,256,3300,,1,0.689594030380249
sprint9_multiseed_S8A_R2_seed2024_S8A_R2_context_edge_film,S8A_R2_context_edge_film,graph_c_gatv2_context_edge_film_interaction,gatv2_graph_c_sprint8a_context_edge_film,gatv2,graph_c_context_observation,S5F2_energy,test,257,3300,,1,0.7940859198570251
sprint9_multiseed_S8A_R2_seed2024_S8A_R2_context_edge_film,S8A_R2_context_edge_film,graph_c_gatv2_context_edge_film_interaction,gatv2_graph_c_sprint8a_context_edge_film,gatv2,graph_c_context_observation,S5F2_energy,test,258,3300,,1,0.8598442673683167
sprint9_multiseed_S8A_R2_seed2024_S8A_R2_context_edge_film,S8A_R2_context_edge_film,graph_c_gatv2_context_edge_film_interaction,gatv2_graph_c_sprint8a_context_edge_film,gatv2,graph_c_context_observation,S5F2_energy,test,259,3300,,1,0.8064792156219482
sprint9_multiseed_S8A_R2_seed2024_S8A_R2_context_edge_film,S8A_R2_context_edge_film,graph_c_gatv2_context_edge_film_interaction,gatv2_graph_c_sprint8a_context_edge_film,gatv2,graph_c_context_observation,S5F2_energy,test,260,3300,,1,0.7806544303894043
sprint9_multiseed_S8A_R2_seed2024_S8A_R2_context_edge_film,S8A_R2_context_edge_film,graph_c_gatv2_context_edge_film_interaction,gatv2_graph_c_sprint8a_context_edge_film,gatv2,graph_c_context_observation,S5F2_energy,test,261,3300,,1,0.8312779664993286
sprint9_multiseed_S8A_R2_seed2024_S8A_R2_context_edge_film,S8A_R2_context_edge_film,graph_c_gatv2_context_edge_film_interaction,gatv2_graph_c_sprint8a_context_edge_film,gatv2,graph_c_context_observation,S5F2_energy,test,262,3300,,1,0.6407146453857422
sprint9_multiseed_S8A_R2_seed2024_S8A_R2_context_edge_film,S8A_R2_context_edge_film,graph_c_gatv2_context_edge_film_interaction,gatv2_graph_c_sprint8a_context_edge_film,gatv2,graph_c_context_observation,S5F2_energy,test,263,3300,,1,0.8217137455940247
sprint9_multiseed_S8A_R2_seed2024_S8A_R2_context_edge_film,S8A_R2_context_edge_film,graph_c_gatv2_context_edge_film_interaction,gatv2_graph_c_sprint8a_context_edge_film,gatv2,graph_c_context_observation,S5F2_energy,test,264,3300,,1,0.8449007272720337
sprint9_multiseed_S8A_R2_seed2024_S8A_R2_context_edge_film,S8A_R2_context_edge_film,graph_c_gatv2_context_edge_film_interaction,gatv2_graph_c_sprint8a_context_edge_film,gatv2,graph_c_context_observation,S5F2_energy,test,265,3300,,1,0.7993777990341187
sprint9_multiseed_S8A_R2_seed2024_S8A_R2_context_edge_film,S8A_R2_context_edge_film,graph_c_gatv2_context_edge_film_interaction,gatv2_graph_c_sprint8a_context_edge_film,gatv2,graph_c_context_observation,S5F2_energy,test,266,3300,,1,0.7885395884513855
sprint9_multiseed_S8A_R2_seed2024_S8A_R2_context_edge_film,S8A_R2_context_edge_film,graph_c_gatv2_context_edge_film_interaction,gatv2_graph_c_sprint8a_context_edge_film,gatv2,graph_c_context_observation,S5F2_energy,test,267,3300,,1,0.8206908702850342
sprint9_multiseed_S8A_R2_seed2024_S8A_R2_context_edge_film,S8A_R2_context_edge_film,graph_c_gatv2_context_edge_film_interaction,gatv2_graph_c_sprint8a_context_edge_film,gatv2,graph_c_context_observation,S5F2_energy,test,268,3300,,1,0.726345419883728
sprint9_multiseed_S8A_R2_seed2024_S8A_R2_context_edge_film,S8A_R2_context_edge_film,graph_c_gatv2_context_edge_film_interaction,gatv2_graph_c_sprint8a_context_edge_film,gatv2,graph_c_context_observation,S5F2_energy,test,269,3300,,1,0.8473004102706909
sprint9_multiseed_S8A_R2_seed2024_S8A_R2_context_edge_film,S8A_R2_context_edge_film,graph_c_gatv2_context_edge_film_interaction,gatv2_graph_c_sprint8a_context_edge_film,gatv2,graph_c_context_observation,S5F2_energy,test,270,3300,,1,0.651293158531189
sprint9_multiseed_S8A_R2_seed2024_S8A_R2_context_edge_film,S8A_R2_context_edge_film,graph_c_gatv2_context_edge_film_interaction,gatv2_graph_c_sprint8a_context_edge_film,gatv2,graph_c_context_observation,S5F2_energy,test,271,3300,,1,0.714824378490448
sprint9_multiseed_S8A_R2_seed2024_S8A_R2_context_edge_film,S8A_R2_context_edge_film,graph_c_gatv2_context_edge_film_interaction,gatv2_graph_c_sprint8a_context_edge_film,gatv2,graph_c_context_observation,S5F2_energy,test,272,3300,,1,0.8573455214500427
sprint9_multiseed_S8A_R2_seed2024_S8A_R2_context_edge_film,S8A_R2_context_edge_film,graph_c_gatv2_context_edge_film_interaction,gatv2_graph_c_sprint8a_context_edge_film,gatv2,graph_c_context_observation,S5F2_energy,test,273,3300,,1,0.5813651084899902
sprint9_multiseed_S8A_R2_seed2024_S8A_R2_context_edge_film,S8A_R2_context_edge_film,graph_c_gatv2_context_edge_film_interaction,gatv2_graph_c_sprint8a_context_edge_film,gatv2,graph_c_context_observation,S5F2_energy,test,274,3300,,1,0.7574301362037659
sprint9_multiseed_S8A_R2_seed2024_S8A_R2_context_edge_film,S8A_R2_context_edge_film,graph_c_gatv2_context_edge_film_interaction,gatv2_graph_c_sprint8a_context_edge_film,gatv2,graph_c_context_observation,S5F2_energy,test,275,3300,,1,0.8294316530227661
sprint9_multiseed_S8A_R2_seed2024_S8A_R2_context_edge_film,S8A_R2_context_edge_film,graph_c_gatv2_context_edge_film_interaction,gatv2_graph_c_sprint8a_context_edge_film,gatv2,graph_c_context_observation,S5F2_energy,test,276,3300,,1,0.8469625115394592
sprint9_multiseed_S8A_R2_seed2024_S8A_R2_context_edge_film,S8A_R2_context_edge_film,graph_c_gatv2_context_edge_film_interaction,gatv2_graph_c_sprint8a_context_edge_film,gatv2,graph_c_context_observation,S5F2_energy,test,277,3300,,1,0.8287881016731262
sprint9_multiseed_S8A_R2_seed2024_S8A_R2_context_edge_film,S8A_R2_context_edge_film,graph_c_gatv2_context_edge_film_interaction,gatv2_graph_c_sprint8a_context_edge_film,gatv2,graph_c_context_observation,S5F2_energy,test,278,3300,,1,0.8359395861625671
sprint9_multiseed_S8A_R2_seed2024_S8A_R2_context_edge_film,S8A_R2_context_edge_film,graph_c_gatv2_context_edge_film_interaction,gatv2_graph_c_sprint8a_context_edge_film,gatv2,graph_c_context_observation,S5F2_energy,test,279,3300,,1,0.7716700434684753
sprint9_multiseed_S8A_R2_seed2024_S8A_R2_context_edge_film,S8A_R2_context_edge_film,graph_c_gatv2_context_edge_film_interaction,gatv2_graph_c_sprint8a_context_edge_film,gatv2,graph_c_context_observation,S5F2_energy,test,280,3300,,1,0.823329508304596
sprint9_multiseed_S8A_R2_seed2024_S8A_R2_context_edge_film,S8A_R2_context_edge_film,graph_c_gatv2_context_edge_film_interaction,gatv2_graph_c_sprint8a_context_edge_film,gatv2,graph_c_context_observation,S5F2_energy,test,281,3300,,1,0.8119446635246277
sprint9_multiseed_S8A_R2_seed2024_S8A_R2_context_edge_film,S8A_R2_context_edge_film,graph_c_gatv2_context_edge_film_interaction,gatv2_graph_c_sprint8a_context_edge_film,gatv2,graph_c_context_observation,S5F2_energy,test,282,3300,,1,0.8249954581260681
sprint9_multiseed_S8A_R2_seed2024_S8A_R2_context_edge_film,S8A_R2_context_edge_film,graph_c_gatv2_context_edge_film_interaction,gatv2_graph_c_sprint8a_context_edge_film,gatv2,graph_c_context_observation,S5F2_energy,test,283,3300,,1,0.8366157412528992
sprint9_multiseed_S8A_R2_seed2024_S8A_R2_context_edge_film,S8A_R2_context_edge_film,graph_c_gatv2_context_edge_film_interaction,gatv2_graph_c_sprint8a_context_edge_film,gatv2,graph_c_context_observation,S5F2_energy,test,284,3300,,1,0.8548973202705383
sprint9_multiseed_S8A_R2_seed2024_S8A_R2_context_edge_film,S8A_R2_context_edge_film,graph_c_gatv2_context_edge_film_interaction,gatv2_graph_c_sprint8a_context_edge_film,gatv2,graph_c_context_observation,S5F2_energy,test,285,3300,,1,0.7090330719947815
sprint9_multiseed_S8A_R2_seed2024_S8A_R2_context_edge_film,S8A_R2_context_edge_film,graph_c_gatv2_context_edge_film_interaction,gatv2_graph_c_sprint8a_context_edge_film,gatv2,graph_c_context_observation,S5F2_energy,test,286,3300,,1,0.8157173991203308
sprint9_multiseed_S8A_R2_seed2024_S8A_R2_context_edge_film,S8A_R2_context_edge_film,graph_c_gatv2_context_edge_film_interaction,gatv2_graph_c_sprint8a_context_edge_film,gatv2,graph_c_context_observation,S5F2_energy,test,287,3300,,1,0.8295193314552307
sprint9_multiseed_S8A_R2_seed2024_S8A_R2_context_edge_film,S8A_R2_context_edge_film,graph_c_gatv2_context_edge_film_interaction,gatv2_graph_c_sprint8a_context_edge_film,gatv2,graph_c_context_observation,S5F2_energy,test,288,3300,,1,0.7364966869354248
sprint9_multiseed_S8A_R2_seed2024_S8A_R2_context_edge_film,S8A_R2_context_edge_film,graph_c_gatv2_context_edge_film_interaction,gatv2_graph_c_sprint8a_context_edge_film,gatv2,graph_c_context_observation,S5F2_energy,test,289,3300,,1,0.8266777396202087
sprint9_multiseed_S8A_R2_seed2024_S8A_R2_context_edge_film,S8A_R2_context_edge_film,graph_c_gatv2_context_edge_film_interaction,gatv2_graph_c_sprint8a_context_edge_film,gatv2,graph_c_context_observation,S5F2_energy,test,290,3300,,1,0.8064408302307129
sprint9_multiseed_S8A_R2_seed2024_S8A_R2_context_edge_film,S8A_R2_context_edge_film,graph_c_gatv2_context_edge_film_interaction,gatv2_graph_c_sprint8a_context_edge_film,gatv2,graph_c_context_observation,S5F2_energy,test,291,3300,,1,0.845812201499939
sprint9_multiseed_S8A_R2_seed2024_S8A_R2_context_edge_film,S8A_R2_context_edge_film,graph_c_gatv2_context_edge_film_interaction,gatv2_graph_c_sprint8a_context_edge_film,gatv2,graph_c_context_observation,S5F2_energy,test,292,3300,,1,0.8060792684555054
sprint9_multiseed_S8A_R2_seed2024_S8A_R2_context_edge_film,S8A_R2_context_edge_film,graph_c_gatv2_context_edge_film_interaction,gatv2_graph_c_sprint8a_context_edge_film,gatv2,graph_c_context_observation,S5F2_energy,test,293,3300,,1,0.799772322177887
sprint9_multiseed_S8A_R2_seed2024_S8A_R2_context_edge_film,S8A_R2_context_edge_film,graph_c_gatv2_context_edge_film_interaction,gatv2_graph_c_sprint8a_context_edge_film,gatv2,graph_c_context_observation,S5F2_energy,test,294,3300,,1,0.8440961241722107
sprint9_multiseed_S8A_R2_seed2024_S8A_R2_context_edge_film,S8A_R2_context_edge_film,graph_c_gatv2_context_edge_film_interaction,gatv2_graph_c_sprint8a_context_edge_film,gatv2,graph_c_context_observation,S5F2_energy,test,295,3300,,1,0.8363726139068604
sprint9_multiseed_S8A_R2_seed2024_S8A_R2_context_edge_film,S8A_R2_context_edge_film,graph_c_gatv2_context_edge_film_interaction,gatv2_graph_c_sprint8a_context_edge_film,gatv2,graph_c_context_observation,S5F2_energy,test,296,3300,,1,0.8481783866882324
sprint9_multiseed_S8A_R2_seed2024_S8A_R2_context_edge_film,S8A_R2_context_edge_film,graph_c_gatv2_context_edge_film_interaction,gatv2_graph_c_sprint8a_context_edge_film,gatv2,graph_c_context_observation,S5F2_energy,test,297,3300,,1,0.730112612247467
sprint9_multiseed_S8A_R2_seed2024_S8A_R2_context_edge_film,S8A_R2_context_edge_film,graph_c_gatv2_context_edge_film_interaction,gatv2_graph_c_sprint8a_context_edge_film,gatv2,graph_c_context_observation,S5F2_energy,test,298,3300,,1,0.7908134460449219
sprint9_multiseed_S8A_R2_seed2024_S8A_R2_context_edge_film,S8A_R2_context_edge_film,graph_c_gatv2_context_edge_film_interaction,gatv2_graph_c_sprint8a_context_edge_film,gatv2,graph_c_context_observation,S5F2_energy,test,299,3300,,1,0.808072566986084
sprint9_multiseed_S8A_R2_seed2024_S8A_R2_context_edge_film,S8A_R2_context_edge_film,graph_c_gatv2_context_edge_film_interaction,gatv2_graph_c_sprint8a_context_edge_film,gatv2,graph_c_context_observation,S5F2_energy,test,300,3300,,1,0.8547642827033997
sprint9_multiseed_S8A_R2_seed2024_S8A_R2_context_edge_film,S8A_R2_context_edge_film,graph_c_gatv2_context_edge_film_interaction,gatv2_graph_c_sprint8a_context_edge_film,gatv2,graph_c_context_observation,S5F2_energy,test,301,3300,,1,0.8586287498474121
sprint9_multiseed_S8A_R2_seed2024_S8A_R2_context_edge_film,S8A_R2_context_edge_film,graph_c_gatv2_context_edge_film_interaction,gatv2_graph_c_sprint8a_context_edge_film,gatv2,graph_c_context_observation,S5F2_energy,test,302,3300,,1,0.7737363576889038
sprint9_multiseed_S8A_R2_seed2024_S8A_R2_context_edge_film,S8A_R2_context_edge_film,graph_c_gatv2_context_edge_film_interaction,gatv2_graph_c_sprint8a_context_edge_film,gatv2,graph_c_context_observation,S5F2_energy,test,303,3300,,1,0.8144910931587219
sprint9_multiseed_S8A_R2_seed2024_S8A_R2_context_edge_film,S8A_R2_context_edge_film,graph_c_gatv2_context_edge_film_interaction,gatv2_graph_c_sprint8a_context_edge_film,gatv2,graph_c_context_observation,S5F2_energy,test,304,3300,,1,0.712824821472168
sprint9_multiseed_S8A_R2_seed2024_S8A_R2_context_edge_film,S8A_R2_context_edge_film,graph_c_gatv2_context_edge_film_interaction,gatv2_graph_c_sprint8a_context_edge_film,gatv2,graph_c_context_observation,S5F2_energy,test,305,3300,,1,0.7577812671661377
sprint9_multiseed_S8A_R2_seed2024_S8A_R2_context_edge_film,S8A_R2_context_edge_film,graph_c_gatv2_context_edge_film_interaction,gatv2_graph_c_sprint8a_context_edge_film,gatv2,graph_c_context_observation,S5F2_energy,test,306,3300,,1,0.7505430579185486
sprint9_multiseed_S8A_R2_seed2024_S8A_R2_context_edge_film,S8A_R2_context_edge_film,graph_c_gatv2_context_edge_film_interaction,gatv2_graph_c_sprint8a_context_edge_film,gatv2,graph_c_context_observation,S5F2_energy,test,307,3300,,1,0.8451671004295349
sprint9_multiseed_S8A_R2_seed2024_S8A_R2_context_edge_film,S8A_R2_context_edge_film,graph_c_gatv2_context_edge_film_interaction,gatv2_graph_c_sprint8a_context_edge_film,gatv2,graph_c_context_observation,S5F2_energy,test,308,3300,,1,0.752572774887085
sprint9_multiseed_S8A_R2_seed2024_S8A_R2_context_edge_film,S8A_R2_context_edge_film,graph_c_gatv2_context_edge_film_interaction,gatv2_graph_c_sprint8a_context_edge_film,gatv2,graph_c_context_observation,S5F2_energy,test,309,3300,,1,0.8727542757987976
sprint9_multiseed_S8A_R2_seed2024_S8A_R2_context_edge_film,S8A_R2_context_edge_film,graph_c_gatv2_context_edge_film_interaction,gatv2_graph_c_sprint8a_context_edge_film,gatv2,graph_c_context_observation,S5F2_energy,test,310,3300,,1,0.8527417182922363
sprint9_multiseed_S8A_R2_seed2024_S8A_R2_context_edge_film,S8A_R2_context_edge_film,graph_c_gatv2_context_edge_film_interaction,gatv2_graph_c_sprint8a_context_edge_film,gatv2,graph_c_context_observation,S5F2_energy,test,311,3300,,1,0.7211835384368896
sprint9_multiseed_S8A_R2_seed2024_S8A_R2_context_edge_film,S8A_R2_context_edge_film,graph_c_gatv2_context_edge_film_interaction,gatv2_graph_c_sprint8a_context_edge_film,gatv2,graph_c_context_observation,S5F2_energy,test,312,3300,,1,0.7949569225311279
sprint9_multiseed_S8A_R2_seed2024_S8A_R2_context_edge_film,S8A_R2_context_edge_film,graph_c_gatv2_context_edge_film_interaction,gatv2_graph_c_sprint8a_context_edge_film,gatv2,graph_c_context_observation,S5F2_energy,test,313,3300,,1,0.8201395273208618
sprint9_multiseed_S8A_R2_seed2024_S8A_R2_context_edge_film,S8A_R2_context_edge_film,graph_c_gatv2_context_edge_film_interaction,gatv2_graph_c_sprint8a_context_edge_film,gatv2,graph_c_context_observation,S5F2_energy,test,314,3300,,1,0.6819722056388855
sprint9_multiseed_S8A_R2_seed2024_S8A_R2_context_edge_film,S8A_R2_context_edge_film,graph_c_gatv2_context_edge_film_interaction,gatv2_graph_c_sprint8a_context_edge_film,gatv2,graph_c_context_observation,S5F2_energy,test,315,3300,,1,0.881166398525238
sprint9_multiseed_S8A_R2_seed2024_S8A_R2_context_edge_film,S8A_R2_context_edge_film,graph_c_gatv2_context_edge_film_interaction,gatv2_graph_c_sprint8a_context_edge_film,gatv2,graph_c_context_observation,S5F2_energy,test,316,3300,,1,0.756554126739502
sprint9_multiseed_S8A_R2_seed2024_S8A_R2_context_edge_film,S8A_R2_context_edge_film,graph_c_gatv2_context_edge_film_interaction,gatv2_graph_c_sprint8a_context_edge_film,gatv2,graph_c_context_observation,S5F2_energy,test,317,3300,,1,0.623687744140625
sprint9_multiseed_S8A_R2_seed2024_S8A_R2_context_edge_film,S8A_R2_context_edge_film,graph_c_gatv2_context_edge_film_interaction,gatv2_graph_c_sprint8a_context_edge_film,gatv2,graph_c_context_observation,S5F2_energy,test,318,3300,,1,0.7820205092430115
sprint9_multiseed_S8A_R2_seed2024_S8A_R2_context_edge_film,S8A_R2_context_edge_film,graph_c_gatv2_context_edge_film_interaction,gatv2_graph_c_sprint8a_context_edge_film,gatv2,graph_c_context_observation,S5F2_energy,test,319,3300,,1,0.8446866273880005
sprint9_multiseed_S8A_R2_seed2024_S8A_R2_context_edge_film,S8A_R2_context_edge_film,graph_c_gatv2_context_edge_film_interaction,gatv2_graph_c_sprint8a_context_edge_film,gatv2,graph_c_context_observation,S5F2_energy,test,320,3300,,1,0.6479675769805908
sprint9_multiseed_S8A_R2_seed2024_S8A_R2_context_edge_film,S8A_R2_context_edge_film,graph_c_gatv2_context_edge_film_interaction,gatv2_graph_c_sprint8a_context_edge_film,gatv2,graph_c_context_observation,S5F2_energy,test,321,3300,,1,0.7870623469352722
sprint9_multiseed_S8A_R2_seed2024_S8A_R2_context_edge_film,S8A_R2_context_edge_film,graph_c_gatv2_context_edge_film_interaction,gatv2_graph_c_sprint8a_context_edge_film,gatv2,graph_c_context_observation,S5F2_energy,test,322,3420,,1,0.7628610134124756
sprint9_multiseed_S8A_R2_seed2024_S8A_R2_context_edge_film,S8A_R2_context_edge_film,graph_c_gatv2_context_edge_film_interaction,gatv2_graph_c_sprint8a_context_edge_film,gatv2,graph_c_context_observation,S5F2_energy,test,323,3420,,1,0.7574671506881714
sprint9_multiseed_S8A_R2_seed2024_S8A_R2_context_edge_film,S8A_R2_context_edge_film,graph_c_gatv2_context_edge_film_interaction,gatv2_graph_c_sprint8a_context_edge_film,gatv2,graph_c_context_observation,S5F2_energy,test,324,3420,,1,0.690963089466095
sprint9_multiseed_S8A_R2_seed2024_S8A_R2_context_edge_film,S8A_R2_context_edge_film,graph_c_gatv2_context_edge_film_interaction,gatv2_graph_c_sprint8a_context_edge_film,gatv2,graph_c_context_observation,S5F2_energy,test,325,3420,,1,0.7227009534835815
sprint9_multiseed_S8A_R2_seed2024_S8A_R2_context_edge_film,S8A_R2_context_edge_film,graph_c_gatv2_context_edge_film_interaction,gatv2_graph_c_sprint8a_context_edge_film,gatv2,graph_c_context_observation,S5F2_energy,test,326,3420,,1,0.793383777141571
sprint9_multiseed_S8A_R2_seed2024_S8A_R2_context_edge_film,S8A_R2_context_edge_film,graph_c_gatv2_context_edge_film_interaction,gatv2_graph_c_sprint8a_context_edge_film,gatv2,graph_c_context_observation,S5F2_energy,test,327,3420,,1,0.7325908541679382
sprint9_multiseed_S8A_R2_seed2024_S8A_R2_context_edge_film,S8A_R2_context_edge_film,graph_c_gatv2_context_edge_film_interaction,gatv2_graph_c_sprint8a_context_edge_film,gatv2,graph_c_context_observation,S5F2_energy,test,328,3420,,1,0.7139994502067566
sprint9_multiseed_S8A_R2_seed2024_S8A_R2_context_edge_film,S8A_R2_context_edge_film,graph_c_gatv2_context_edge_film_interaction,gatv2_graph_c_sprint8a_context_edge_film,gatv2,graph_c_context_observation,S5F2_energy,test,329,3420,,1,0.7481067180633545
sprint9_multiseed_S8A_R2_seed2024_S8A_R2_context_edge_film,S8A_R2_context_edge_film,graph_c_gatv2_context_edge_film_interaction,gatv2_graph_c_sprint8a_context_edge_film,gatv2,graph_c_context_observation,S5F2_energy,test,330,3420,,1,0.7322437763214111
sprint9_multiseed_S8A_R2_seed2024_S8A_R2_context_edge_film,S8A_R2_context_edge_film,graph_c_gatv2_context_edge_film_interaction,gatv2_graph_c_sprint8a_context_edge_film,gatv2,graph_c_context_observation,S5F2_energy,test,331,3420,,1,0.6777182221412659
sprint9_multiseed_S8A_R2_seed2024_S8A_R2_context_edge_film,S8A_R2_context_edge_film,graph_c_gatv2_context_edge_film_interaction,gatv2_graph_c_sprint8a_context_edge_film,gatv2,graph_c_context_observation,S5F2_energy,test,332,3420,,1,0.7098546624183655
sprint9_multiseed_S8A_R2_seed2024_S8A_R2_context_edge_film,S8A_R2_context_edge_film,graph_c_gatv2_context_edge_film_interaction,gatv2_graph_c_sprint8a_context_edge_film,gatv2,graph_c_context_observation,S5F2_energy,test,333,3420,,1,0.6322829127311707
sprint9_multiseed_S8A_R2_seed2024_S8A_R2_context_edge_film,S8A_R2_context_edge_film,graph_c_gatv2_context_edge_film_interaction,gatv2_graph_c_sprint8a_context_edge_film,gatv2,graph_c_context_observation,S5F2_energy,test,334,3420,,1,0.6866289377212524
sprint9_multiseed_S8A_R2_seed2024_S8A_R2_context_edge_film,S8A_R2_context_edge_film,graph_c_gatv2_context_edge_film_interaction,gatv2_graph_c_sprint8a_context_edge_film,gatv2,graph_c_context_observation,S5F2_energy,test,335,3420,,1,0.7349273562431335
sprint9_multiseed_S8A_R2_seed2024_S8A_R2_context_edge_film,S8A_R2_context_edge_film,graph_c_gatv2_context_edge_film_interaction,gatv2_graph_c_sprint8a_context_edge_film,gatv2,graph_c_context_observation,S5F2_energy,test,336,3420,,1,0.6878831386566162
sprint9_multiseed_S8A_R2_seed2024_S8A_R2_context_edge_film,S8A_R2_context_edge_film,graph_c_gatv2_context_edge_film_interaction,gatv2_graph_c_sprint8a_context_edge_film,gatv2,graph_c_context_observation,S5F2_energy,test,337,3420,,1,0.6976057887077332
sprint9_multiseed_S8A_R2_seed2024_S8A_R2_context_edge_film,S8A_R2_context_edge_film,graph_c_gatv2_context_edge_film_interaction,gatv2_graph_c_sprint8a_context_edge_film,gatv2,graph_c_context_observation,S5F2_energy,test,338,3420,,1,0.7552806735038757
sprint9_multiseed_S8A_R2_seed2024_S8A_R2_context_edge_film,S8A_R2_context_edge_film,graph_c_gatv2_context_edge_film_interaction,gatv2_graph_c_sprint8a_context_edge_film,gatv2,graph_c_context_observation,S5F2_energy,test,339,3420,,1,0.7651888132095337
sprint9_multiseed_S8A_R2_seed2024_S8A_R2_context_edge_film,S8A_R2_context_edge_film,graph_c_gatv2_context_edge_film_interaction,gatv2_graph_c_sprint8a_context_edge_film,gatv2,graph_c_context_observation,S5F2_energy,test,340,3420,,1,0.7880270481109619
sprint9_multiseed_S8A_R2_seed2024_S8A_R2_context_edge_film,S8A_R2_context_edge_film,graph_c_gatv2_context_edge_film_interaction,gatv2_graph_c_sprint8a_context_edge_film,gatv2,graph_c_context_observation,S5F2_energy,test,341,3420,,1,0.6824790835380554
sprint9_multiseed_S8A_R2_seed2024_S8A_R2_context_edge_film,S8A_R2_context_edge_film,graph_c_gatv2_context_edge_film_interaction,gatv2_graph_c_sprint8a_context_edge_film,gatv2,graph_c_context_observation,S5F2_energy,test,342,3420,,1,0.7837072014808655
sprint9_multiseed_S8A_R2_seed2024_S8A_R2_context_edge_film,S8A_R2_context_edge_film,graph_c_gatv2_context_edge_film_interaction,gatv2_graph_c_sprint8a_context_edge_film,gatv2,graph_c_context_observation,S5F2_energy,test,343,3420,,1,0.6872181296348572
sprint9_multiseed_S8A_R2_seed2024_S8A_R2_context_edge_film,S8A_R2_context_edge_film,graph_c_gatv2_context_edge_film_interaction,gatv2_graph_c_sprint8a_context_edge_film,gatv2,graph_c_context_observation,S5F2_energy,test,344,3420,,1,0.6864242553710938
sprint9_multiseed_S8A_R2_seed2024_S8A_R2_context_edge_film,S8A_R2_context_edge_film,graph_c_gatv2_context_edge_film_interaction,gatv2_graph_c_sprint8a_context_edge_film,gatv2,graph_c_context_observation,S5F2_energy,test,345,3420,,1,0.7619953155517578
sprint9_multiseed_S8A_R2_seed2024_S8A_R2_context_edge_film,S8A_R2_context_edge_film,graph_c_gatv2_context_edge_film_interaction,gatv2_graph_c_sprint8a_context_edge_film,gatv2,graph_c_context_observation,S5F2_energy,test,346,3420,,1,0.7395448088645935
sprint9_multiseed_S8A_R2_seed2024_S8A_R2_context_edge_film,S8A_R2_context_edge_film,graph_c_gatv2_context_edge_film_interaction,gatv2_graph_c_sprint8a_context_edge_film,gatv2,graph_c_context_observation,S5F2_energy,test,347,3420,,1,0.6639100909233093
sprint9_multiseed_S8A_R2_seed2024_S8A_R2_context_edge_film,S8A_R2_context_edge_film,graph_c_gatv2_context_edge_film_interaction,gatv2_graph_c_sprint8a_context_edge_film,gatv2,graph_c_context_observation,S5F2_energy,test,348,3420,,1,0.7458800673484802
sprint9_multiseed_S8A_R2_seed2024_S8A_R2_context_edge_film,S8A_R2_context_edge_film,graph_c_gatv2_context_edge_film_interaction,gatv2_graph_c_sprint8a_context_edge_film,gatv2,graph_c_context_observation,S5F2_energy,test,349,3420,,1,0.682299017906189
sprint9_multiseed_S8A_R2_seed2024_S8A_R2_context_edge_film,S8A_R2_context_edge_film,graph_c_gatv2_context_edge_film_interaction,gatv2_graph_c_sprint8a_context_edge_film,gatv2,graph_c_context_observation,S5F2_energy,test,350,3420,,1,0.7152469754219055
sprint9_multiseed_S8A_R2_seed2024_S8A_R2_context_edge_film,S8A_R2_context_edge_film,graph_c_gatv2_context_edge_film_interaction,gatv2_graph_c_sprint8a_context_edge_film,gatv2,graph_c_context_observation,S5F2_energy,test,351,3420,,1,0.6305322051048279
sprint9_multiseed_S8A_R2_seed2024_S8A_R2_context_edge_film,S8A_R2_context_edge_film,graph_c_gatv2_context_edge_film_interaction,gatv2_graph_c_sprint8a_context_edge_film,gatv2,graph_c_context_observation,S5F2_energy,test,352,3420,,1,0.626908004283905
sprint9_multiseed_S8A_R2_seed2024_S8A_R2_context_edge_film,S8A_R2_context_edge_film,graph_c_gatv2_context_edge_film_interaction,gatv2_graph_c_sprint8a_context_edge_film,gatv2,graph_c_context_observation,S5F2_energy,test,353,3420,,1,0.7601040005683899
sprint9_multiseed_S8A_R2_seed2024_S8A_R2_context_edge_film,S8A_R2_context_edge_film,graph_c_gatv2_context_edge_film_interaction,gatv2_graph_c_sprint8a_context_edge_film,gatv2,graph_c_context_observation,S5F2_energy,test,354,3420,,1,0.7462503910064697
sprint9_multiseed_S8A_R2_seed2024_S8A_R2_context_edge_film,S8A_R2_context_edge_film,graph_c_gatv2_context_edge_film_interaction,gatv2_graph_c_sprint8a_context_edge_film,gatv2,graph_c_context_observation,S5F2_energy,test,355,3420,,1,0.7518777251243591
sprint9_multiseed_S8A_R2_seed2024_S8A_R2_context_edge_film,S8A_R2_context_edge_film,graph_c_gatv2_context_edge_film_interaction,gatv2_graph_c_sprint8a_context_edge_film,gatv2,graph_c_context_observation,S5F2_energy,test,356,3420,,1,0.5903732776641846
sprint9_multiseed_S8A_R2_seed2024_S8A_R2_context_edge_film,S8A_R2_context_edge_film,graph_c_gatv2_context_edge_film_interaction,gatv2_graph_c_sprint8a_context_edge_film,gatv2,graph_c_context_observation,S5F2_energy,test,357,3420,,1,0.6992564797401428
sprint9_multiseed_S8A_R2_seed2024_S8A_R2_context_edge_film,S8A_R2_context_edge_film,graph_c_gatv2_context_edge_film_interaction,gatv2_graph_c_sprint8a_context_edge_film,gatv2,graph_c_context_observation,S5F2_energy,test,358,3420,,1,0.7376536130905151
sprint9_multiseed_S8A_R2_seed2024_S8A_R2_context_edge_film,S8A_R2_context_edge_film,graph_c_gatv2_context_edge_film_interaction,gatv2_graph_c_sprint8a_context_edge_film,gatv2,graph_c_context_observation,S5F2_energy,test,359,3420,,1,0.45244768261909485
sprint9_multiseed_S8A_R2_seed2024_S8A_R2_context_edge_film,S8A_R2_context_edge_film,graph_c_gatv2_context_edge_film_interaction,gatv2_graph_c_sprint8a_context_edge_film,gatv2,graph_c_context_observation,S5F2_energy,test,360,3420,,1,0.7228279113769531
sprint9_multiseed_S8A_R2_seed2024_S8A_R2_context_edge_film,S8A_R2_context_edge_film,graph_c_gatv2_context_edge_film_interaction,gatv2_graph_c_sprint8a_context_edge_film,gatv2,graph_c_context_observation,S5F2_energy,test,361,3420,,1,0.6950655579566956
sprint9_multiseed_S8A_R2_seed2024_S8A_R2_context_edge_film,S8A_R2_context_edge_film,graph_c_gatv2_context_edge_film_interaction,gatv2_graph_c_sprint8a_context_edge_film,gatv2,graph_c_context_observation,S5F2_energy,test,362,3420,,1,0.7795781493186951
sprint9_multiseed_S8A_R2_seed2024_S8A_R2_context_edge_film,S8A_R2_context_edge_film,graph_c_gatv2_context_edge_film_interaction,gatv2_graph_c_sprint8a_context_edge_film,gatv2,graph_c_context_observation,S5F2_energy,test,363,3420,,1,0.6033334732055664
sprint9_multiseed_S8A_R2_seed2024_S8A_R2_context_edge_film,S8A_R2_context_edge_film,graph_c_gatv2_context_edge_film_interaction,gatv2_graph_c_sprint8a_context_edge_film,gatv2,graph_c_context_observation,S5F2_energy,test,364,3420,,1,0.6407953500747681
sprint9_multiseed_S8A_R2_seed2024_S8A_R2_context_edge_film,S8A_R2_context_edge_film,graph_c_gatv2_context_edge_film_interaction,gatv2_graph_c_sprint8a_context_edge_film,gatv2,graph_c_context_observation,S5F2_energy,test,365,3420,,1,0.749575674533844
sprint9_multiseed_S8A_R2_seed2024_S8A_R2_context_edge_film,S8A_R2_context_edge_film,graph_c_gatv2_context_edge_film_interaction,gatv2_graph_c_sprint8a_context_edge_film,gatv2,graph_c_context_observation,S5F2_energy,test,366,3420,,1,0.5130127668380737
sprint9_multiseed_S8A_R2_seed2024_S8A_R2_context_edge_film,S8A_R2_context_edge_film,graph_c_gatv2_context_edge_film_interaction,gatv2_graph_c_sprint8a_context_edge_film,gatv2,graph_c_context_observation,S5F2_energy,test,367,3420,,1,0.6257376670837402
sprint9_multiseed_S8A_R2_seed2024_S8A_R2_context_edge_film,S8A_R2_context_edge_film,graph_c_gatv2_context_edge_film_interaction,gatv2_graph_c_sprint8a_context_edge_film,gatv2,graph_c_context_observation,S5F2_energy,test,368,3420,,1,0.7395002245903015
sprint9_multiseed_S8A_R2_seed2024_S8A_R2_context_edge_film,S8A_R2_context_edge_film,graph_c_gatv2_context_edge_film_interaction,gatv2_graph_c_sprint8a_context_edge_film,gatv2,graph_c_context_observation,S5F2_energy,test,369,3420,,1,0.6551559567451477
sprint9_multiseed_S8A_R2_seed2024_S8A_R2_context_edge_film,S8A_R2_context_edge_film,graph_c_gatv2_context_edge_film_interaction,gatv2_graph_c_sprint8a_context_edge_film,gatv2,graph_c_context_observation,S5F2_energy,test,370,3420,,1,0.537375271320343
sprint9_multiseed_S8A_R2_seed2024_S8A_R2_context_edge_film,S8A_R2_context_edge_film,graph_c_gatv2_context_edge_film_interaction,gatv2_graph_c_sprint8a_context_edge_film,gatv2,graph_c_context_observation,S5F2_energy,test,371,3420,,1,0.5916468501091003
sprint9_multiseed_S8A_R2_seed2024_S8A_R2_context_edge_film,S8A_R2_context_edge_film,graph_c_gatv2_context_edge_film_interaction,gatv2_graph_c_sprint8a_context_edge_film,gatv2,graph_c_context_observation,S5F2_energy,test,372,3420,,1,0.6904485821723938
sprint9_multiseed_S8A_R2_seed2024_S8A_R2_context_edge_film,S8A_R2_context_edge_film,graph_c_gatv2_context_edge_film_interaction,gatv2_graph_c_sprint8a_context_edge_film,gatv2,graph_c_context_observation,S5F2_energy,test,373,3420,,1,0.7770876288414001
sprint9_multiseed_S8A_R2_seed2024_S8A_R2_context_edge_film,S8A_R2_context_edge_film,graph_c_gatv2_context_edge_film_interaction,gatv2_graph_c_sprint8a_context_edge_film,gatv2,graph_c_context_observation,S5F2_energy,test,374,3420,,1,0.6268011927604675
sprint9_multiseed_S8A_R2_seed2024_S8A_R2_context_edge_film,S8A_R2_context_edge_film,graph_c_gatv2_context_edge_film_interaction,gatv2_graph_c_sprint8a_context_edge_film,gatv2,graph_c_context_observation,S5F2_energy,test,375,3420,,1,0.6384962201118469
sprint9_multiseed_S8A_R2_seed2024_S8A_R2_context_edge_film,S8A_R2_context_edge_film,graph_c_gatv2_context_edge_film_interaction,gatv2_graph_c_sprint8a_context_edge_film,gatv2,graph_c_context_observation,S5F2_energy,test,376,3420,,1,0.6448633074760437
sprint9_multiseed_S8A_R2_seed2024_S8A_R2_context_edge_film,S8A_R2_context_edge_film,graph_c_gatv2_context_edge_film_interaction,gatv2_graph_c_sprint8a_context_edge_film,gatv2,graph_c_context_observation,S5F2_energy,test,377,3420,,1,0.7510988116264343
sprint9_multiseed_S8A_R2_seed2024_S8A_R2_context_edge_film,S8A_R2_context_edge_film,graph_c_gatv2_context_edge_film_interaction,gatv2_graph_c_sprint8a_context_edge_film,gatv2,graph_c_context_observation,S5F2_energy,test,378,3420,,1,0.7429103851318359
sprint9_multiseed_S8A_R2_seed2024_S8A_R2_context_edge_film,S8A_R2_context_edge_film,graph_c_gatv2_context_edge_film_interaction,gatv2_graph_c_sprint8a_context_edge_film,gatv2,graph_c_context_observation,S5F2_energy,test,379,3420,,1,0.6414524912834167
sprint9_multiseed_S8A_R2_seed2024_S8A_R2_context_edge_film,S8A_R2_context_edge_film,graph_c_gatv2_context_edge_film_interaction,gatv2_graph_c_sprint8a_context_edge_film,gatv2,graph_c_context_observation,S5F2_energy,test,380,3420,,1,0.6118687391281128
sprint9_multiseed_S8A_R2_seed2024_S8A_R2_context_edge_film,S8A_R2_context_edge_film,graph_c_gatv2_context_edge_film_interaction,gatv2_graph_c_sprint8a_context_edge_film,gatv2,graph_c_context_observation,S5F2_energy,test,381,3420,,1,0.6796643733978271
sprint9_multiseed_S8A_R2_seed2024_S8A_R2_context_edge_film,S8A_R2_context_edge_film,graph_c_gatv2_context_edge_film_interaction,gatv2_graph_c_sprint8a_context_edge_film,gatv2,graph_c_context_observation,S5F2_energy,test,382,3420,,1,0.711576521396637
sprint9_multiseed_S8A_R2_seed2024_S8A_R2_context_edge_film,S8A_R2_context_edge_film,graph_c_gatv2_context_edge_film_interaction,gatv2_graph_c_sprint8a_context_edge_film,gatv2,graph_c_context_observation,S5F2_energy,test,383,3420,,1,0.6625146269798279
sprint9_multiseed_S8A_R2_seed2024_S8A_R2_context_edge_film,S8A_R2_context_edge_film,graph_c_gatv2_context_edge_film_interaction,gatv2_graph_c_sprint8a_context_edge_film,gatv2,graph_c_context_observation,S5F2_energy,test,384,3420,,1,0.6952226758003235
sprint9_multiseed_S8A_R2_seed2024_S8A_R2_context_edge_film,S8A_R2_context_edge_film,graph_c_gatv2_context_edge_film_interaction,gatv2_graph_c_sprint8a_context_edge_film,gatv2,graph_c_context_observation,S5F2_energy,test,385,3420,,1,0.6680824160575867
sprint9_multiseed_S8A_R2_seed2024_S8A_R2_context_edge_film,S8A_R2_context_edge_film,graph_c_gatv2_context_edge_film_interaction,gatv2_graph_c_sprint8a_context_edge_film,gatv2,graph_c_context_observation,S5F2_energy,test,386,3420,,1,0.6971316337585449
sprint9_multiseed_S8A_R2_seed2024_S8A_R2_context_edge_film,S8A_R2_context_edge_film,graph_c_gatv2_context_edge_film_interaction,gatv2_graph_c_sprint8a_context_edge_film,gatv2,graph_c_context_observation,S5F2_energy,test,387,3420,,1,0.7858099937438965
sprint9_multiseed_S8A_R2_seed2024_S8A_R2_context_edge_film,S8A_R2_context_edge_film,graph_c_gatv2_context_edge_film_interaction,gatv2_graph_c_sprint8a_context_edge_film,gatv2,graph_c_context_observation,S5F2_energy,test,388,3420,,1,0.6707947850227356
sprint9_multiseed_S8A_R2_seed2024_S8A_R2_context_edge_film,S8A_R2_context_edge_film,graph_c_gatv2_context_edge_film_interaction,gatv2_graph_c_sprint8a_context_edge_film,gatv2,graph_c_context_observation,S5F2_energy,test,389,3420,,1,0.5784918069839478
sprint9_multiseed_S8A_R2_seed2024_S8A_R2_context_edge_film,S8A_R2_context_edge_film,graph_c_gatv2_context_edge_film_interaction,gatv2_graph_c_sprint8a_context_edge_film,gatv2,graph_c_context_observation,S5F2_energy,test,390,3420,,1,0.7499648332595825
sprint9_multiseed_S8A_R2_seed2024_S8A_R2_context_edge_film,S8A_R2_context_edge_film,graph_c_gatv2_context_edge_film_interaction,gatv2_graph_c_sprint8a_context_edge_film,gatv2,graph_c_context_observation,S5F2_energy,test,391,3420,,1,0.6778773069381714
sprint9_multiseed_S8A_R2_seed2024_S8A_R2_context_edge_film,S8A_R2_context_edge_film,graph_c_gatv2_context_edge_film_interaction,gatv2_graph_c_sprint8a_context_edge_film,gatv2,graph_c_context_observation,S5F2_energy,test,392,3420,,1,0.7333683967590332
sprint9_multiseed_S8A_R2_seed2024_S8A_R2_context_edge_film,S8A_R2_context_edge_film,graph_c_gatv2_context_edge_film_interaction,gatv2_graph_c_sprint8a_context_edge_film,gatv2,graph_c_context_observation,S5F2_energy,test,393,3420,,1,0.6698659062385559
sprint9_multiseed_S8A_R2_seed2024_S8A_R2_context_edge_film,S8A_R2_context_edge_film,graph_c_gatv2_context_edge_film_interaction,gatv2_graph_c_sprint8a_context_edge_film,gatv2,graph_c_context_observation,S5F2_energy,test,394,3420,,1,0.7122257351875305
sprint9_multiseed_S8A_R2_seed2024_S8A_R2_context_edge_film,S8A_R2_context_edge_film,graph_c_gatv2_context_edge_film_interaction,gatv2_graph_c_sprint8a_context_edge_film,gatv2,graph_c_context_observation,S5F2_energy,test,395,3420,,1,0.609607994556427
sprint9_multiseed_S8A_R2_seed2024_S8A_R2_context_edge_film,S8A_R2_context_edge_film,graph_c_gatv2_context_edge_film_interaction,gatv2_graph_c_sprint8a_context_edge_film,gatv2,graph_c_context_observation,S5F2_energy,test,396,3420,,1,0.7296672463417053
sprint9_multiseed_S8A_R2_seed2024_S8A_R2_context_edge_film,S8A_R2_context_edge_film,graph_c_gatv2_context_edge_film_interaction,gatv2_graph_c_sprint8a_context_edge_film,gatv2,graph_c_context_observation,S5F2_energy,test,397,3420,,1,0.6921669840812683
sprint9_multiseed_S8A_R2_seed2024_S8A_R2_context_edge_film,S8A_R2_context_edge_film,graph_c_gatv2_context_edge_film_interaction,gatv2_graph_c_sprint8a_context_edge_film,gatv2,graph_c_context_observation,S5F2_energy,test,398,3420,,1,0.6379666328430176
sprint9_multiseed_S8A_R2_seed2024_S8A_R2_context_edge_film,S8A_R2_context_edge_film,graph_c_gatv2_context_edge_film_interaction,gatv2_graph_c_sprint8a_context_edge_film,gatv2,graph_c_context_observation,S5F2_energy,test,399,3420,,1,0.7402855753898621
sprint9_multiseed_S8A_R2_seed2024_S8A_R2_context_edge_film,S8A_R2_context_edge_film,graph_c_gatv2_context_edge_film_interaction,gatv2_graph_c_sprint8a_context_edge_film,gatv2,graph_c_context_observation,S5F2_energy,test,400,3420,,1,0.6887973546981812
sprint9_multiseed_S8A_R2_seed2024_S8A_R2_context_edge_film,S8A_R2_context_edge_film,graph_c_gatv2_context_edge_film_interaction,gatv2_graph_c_sprint8a_context_edge_film,gatv2,graph_c_context_observation,S5F2_energy,test,401,3420,,1,0.7744333148002625
sprint9_multiseed_S8A_R2_seed2024_S8A_R2_context_edge_film,S8A_R2_context_edge_film,graph_c_gatv2_context_edge_film_interaction,gatv2_graph_c_sprint8a_context_edge_film,gatv2,graph_c_context_observation,S5F2_energy,test,402,3420,,1,0.6994602680206299
sprint9_multiseed_S8A_R2_seed2024_S8A_R2_context_edge_film,S8A_R2_context_edge_film,graph_c_gatv2_context_edge_film_interaction,gatv2_graph_c_sprint8a_context_edge_film,gatv2,graph_c_context_observation,S5F2_energy,test,403,3420,,1,0.732685387134552
sprint9_multiseed_S8A_R2_seed2024_S8A_R2_context_edge_film,S8A_R2_context_edge_film,graph_c_gatv2_context_edge_film_interaction,gatv2_graph_c_sprint8a_context_edge_film,gatv2,graph_c_context_observation,S5F2_energy,test,404,3420,,1,0.7454093098640442
sprint9_multiseed_S8A_R2_seed2024_S8A_R2_context_edge_film,S8A_R2_context_edge_film,graph_c_gatv2_context_edge_film_interaction,gatv2_graph_c_sprint8a_context_edge_film,gatv2,graph_c_context_observation,S5F2_energy,test,405,3420,,1,0.7657607197761536
sprint9_multiseed_S8A_R2_seed2024_S8A_R2_context_edge_film,S8A_R2_context_edge_film,graph_c_gatv2_context_edge_film_interaction,gatv2_graph_c_sprint8a_context_edge_film,gatv2,graph_c_context_observation,S5F2_energy,test,406,3420,,1,0.602318525314331
sprint9_multiseed_S8A_R2_seed2024_S8A_R2_context_edge_film,S8A_R2_context_edge_film,graph_c_gatv2_context_edge_film_interaction,gatv2_graph_c_sprint8a_context_edge_film,gatv2,graph_c_context_observation,S5F2_energy,test,407,3420,,1,0.7085342407226562
sprint9_multiseed_S8A_R2_seed2024_S8A_R2_context_edge_film,S8A_R2_context_edge_film,graph_c_gatv2_context_edge_film_interaction,gatv2_graph_c_sprint8a_context_edge_film,gatv2,graph_c_context_observation,S5F2_energy,test,408,3420,,1,0.5757157802581787
sprint9_multiseed_S8A_R2_seed2024_S8A_R2_context_edge_film,S8A_R2_context_edge_film,graph_c_gatv2_context_edge_film_interaction,gatv2_graph_c_sprint8a_context_edge_film,gatv2,graph_c_context_observation,S5F2_energy,test,409,3420,,1,0.5775789618492126
sprint9_multiseed_S8A_R2_seed2024_S8A_R2_context_edge_film,S8A_R2_context_edge_film,graph_c_gatv2_context_edge_film_interaction,gatv2_graph_c_sprint8a_context_edge_film,gatv2,graph_c_context_observation,S5F2_energy,test,410,3420,,1,0.5854698419570923
sprint9_multiseed_S8A_R2_seed2024_S8A_R2_context_edge_film,S8A_R2_context_edge_film,graph_c_gatv2_context_edge_film_interaction,gatv2_graph_c_sprint8a_context_edge_film,gatv2,graph_c_context_observation,S5F2_energy,test,411,3420,,1,0.6900038719177246
sprint9_multiseed_S8A_R2_seed2024_S8A_R2_context_edge_film,S8A_R2_context_edge_film,graph_c_gatv2_context_edge_film_interaction,gatv2_graph_c_sprint8a_context_edge_film,gatv2,graph_c_context_observation,S5F2_energy,test,412,3420,,1,0.5844717621803284
sprint9_multiseed_S8A_R2_seed2024_S8A_R2_context_edge_film,S8A_R2_context_edge_film,graph_c_gatv2_context_edge_film_interaction,gatv2_graph_c_sprint8a_context_edge_film,gatv2,graph_c_context_observation,S5F2_energy,test,413,3420,,1,0.6950831413269043
sprint9_multiseed_S8A_R2_seed2024_S8A_R2_context_edge_film,S8A_R2_context_edge_film,graph_c_gatv2_context_edge_film_interaction,gatv2_graph_c_sprint8a_context_edge_film,gatv2,graph_c_context_observation,S5F2_energy,test,414,3420,,1,0.7141313552856445
sprint9_multiseed_S8A_R2_seed2024_S8A_R2_context_edge_film,S8A_R2_context_edge_film,graph_c_gatv2_context_edge_film_interaction,gatv2_graph_c_sprint8a_context_edge_film,gatv2,graph_c_context_observation,S5F2_energy,test,415,3420,,1,0.7260698080062866
sprint9_multiseed_S8A_R2_seed2024_S8A_R2_context_edge_film,S8A_R2_context_edge_film,graph_c_gatv2_context_edge_film_interaction,gatv2_graph_c_sprint8a_context_edge_film,gatv2,graph_c_context_observation,S5F2_energy,test,416,3420,,1,0.7752754092216492
sprint9_multiseed_S8A_R2_seed2024_S8A_R2_context_edge_film,S8A_R2_context_edge_film,graph_c_gatv2_context_edge_film_interaction,gatv2_graph_c_sprint8a_context_edge_film,gatv2,graph_c_context_observation,S5F2_energy,test,417,3420,,1,0.6432782411575317
sprint9_multiseed_S8A_R2_seed2024_S8A_R2_context_edge_film,S8A_R2_context_edge_film,graph_c_gatv2_context_edge_film_interaction,gatv2_graph_c_sprint8a_context_edge_film,gatv2,graph_c_context_observation,S5F2_energy,test,418,3420,,1,0.732735812664032
sprint9_multiseed_S8A_R2_seed2024_S8A_R2_context_edge_film,S8A_R2_context_edge_film,graph_c_gatv2_context_edge_film_interaction,gatv2_graph_c_sprint8a_context_edge_film,gatv2,graph_c_context_observation,S5F2_energy,test,419,3420,,1,0.6952176094055176
sprint9_multiseed_S8A_R2_seed2024_S8A_R2_context_edge_film,S8A_R2_context_edge_film,graph_c_gatv2_context_edge_film_interaction,gatv2_graph_c_sprint8a_context_edge_film,gatv2,graph_c_context_observation,S5F2_energy,test,420,3420,,1,0.6638462543487549
sprint9_multiseed_S8A_R2_seed2024_S8A_R2_context_edge_film,S8A_R2_context_edge_film,graph_c_gatv2_context_edge_film_interaction,gatv2_graph_c_sprint8a_context_edge_film,gatv2,graph_c_context_observation,S5F2_energy,test,421,3420,,1,0.6029346585273743
sprint9_multiseed_S8A_R2_seed2024_S8A_R2_context_edge_film,S8A_R2_context_edge_film,graph_c_gatv2_context_edge_film_interaction,gatv2_graph_c_sprint8a_context_edge_film,gatv2,graph_c_context_observation,S5F2_energy,test,422,3420,,1,0.770662784576416
sprint9_multiseed_S8A_R2_seed2024_S8A_R2_context_edge_film,S8A_R2_context_edge_film,graph_c_gatv2_context_edge_film_interaction,gatv2_graph_c_sprint8a_context_edge_film,gatv2,graph_c_context_observation,S5F2_energy,test,423,3420,,1,0.6986091136932373
sprint9_multiseed_S8A_R2_seed2024_S8A_R2_context_edge_film,S8A_R2_context_edge_film,graph_c_gatv2_context_edge_film_interaction,gatv2_graph_c_sprint8a_context_edge_film,gatv2,graph_c_context_observation,S5F2_energy,test,424,3420,,1,0.751477837562561
sprint9_multiseed_S8A_R2_seed2024_S8A_R2_context_edge_film,S8A_R2_context_edge_film,graph_c_gatv2_context_edge_film_interaction,gatv2_graph_c_sprint8a_context_edge_film,gatv2,graph_c_context_observation,S5F2_energy,test,425,3420,,1,0.6573479771614075
sprint9_multiseed_S8A_R2_seed2024_S8A_R2_context_edge_film,S8A_R2_context_edge_film,graph_c_gatv2_context_edge_film_interaction,gatv2_graph_c_sprint8a_context_edge_film,gatv2,graph_c_context_observation,S5F2_energy,test,426,3420,,1,0.6572571396827698
sprint9_multiseed_S8A_R2_seed2024_S8A_R2_context_edge_film,S8A_R2_context_edge_film,graph_c_gatv2_context_edge_film_interaction,gatv2_graph_c_sprint8a_context_edge_film,gatv2,graph_c_context_observation,S5F2_energy,test,427,3420,,1,0.7343800663948059
sprint9_multiseed_S8A_R2_seed2024_S8A_R2_context_edge_film,S8A_R2_context_edge_film,graph_c_gatv2_context_edge_film_interaction,gatv2_graph_c_sprint8a_context_edge_film,gatv2,graph_c_context_observation,S5F2_energy,test,428,3420,,1,0.6528447866439819
sprint9_multiseed_S8A_R2_seed2024_S8A_R2_context_edge_film,S8A_R2_context_edge_film,graph_c_gatv2_context_edge_film_interaction,gatv2_graph_c_sprint8a_context_edge_film,gatv2,graph_c_context_observation,S5F2_energy,test,429,3420,,1,0.6779395937919617
sprint9_multiseed_S8A_R2_seed2024_S8A_R2_context_edge_film,S8A_R2_context_edge_film,graph_c_gatv2_context_edge_film_interaction,gatv2_graph_c_sprint8a_context_edge_film,gatv2,graph_c_context_observation,S5F2_energy,test,430,3420,,1,0.6228677034378052
sprint9_multiseed_S8A_R2_seed2024_S8A_R2_context_edge_film,S8A_R2_context_edge_film,graph_c_gatv2_context_edge_film_interaction,gatv2_graph_c_sprint8a_context_edge_film,gatv2,graph_c_context_observation,S5F2_energy,test,431,3420,,1,0.6266453266143799
sprint9_multiseed_S8A_R2_seed2024_S8A_R2_context_edge_film,S8A_R2_context_edge_film,graph_c_gatv2_context_edge_film_interaction,gatv2_graph_c_sprint8a_context_edge_film,gatv2,graph_c_context_observation,S5F2_energy,test,432,3420,,1,0.7667730450630188
sprint9_multiseed_S8A_R2_seed2024_S8A_R2_context_edge_film,S8A_R2_context_edge_film,graph_c_gatv2_context_edge_film_interaction,gatv2_graph_c_sprint8a_context_edge_film,gatv2,graph_c_context_observation,S5F2_energy,test,433,3420,,1,0.8108085989952087
sprint9_multiseed_S8A_R2_seed2024_S8A_R2_context_edge_film,S8A_R2_context_edge_film,graph_c_gatv2_context_edge_film_interaction,gatv2_graph_c_sprint8a_context_edge_film,gatv2,graph_c_context_observation,S5F2_energy,test,434,3420,,1,0.6457640528678894
sprint9_multiseed_S8A_R2_seed2024_S8A_R2_context_edge_film,S8A_R2_context_edge_film,graph_c_gatv2_context_edge_film_interaction,gatv2_graph_c_sprint8a_context_edge_film,gatv2,graph_c_context_observation,S5F2_energy,test,435,3420,,1,0.5893849730491638
sprint9_multiseed_S8A_R2_seed2024_S8A_R2_context_edge_film,S8A_R2_context_edge_film,graph_c_gatv2_context_edge_film_interaction,gatv2_graph_c_sprint8a_context_edge_film,gatv2,graph_c_context_observation,S5F2_energy,test,436,3420,,1,0.6347270011901855
sprint9_multiseed_S8A_R2_seed2024_S8A_R2_context_edge_film,S8A_R2_context_edge_film,graph_c_gatv2_context_edge_film_interaction,gatv2_graph_c_sprint8a_context_edge_film,gatv2,graph_c_context_observation,S5F2_energy,test,437,3420,,1,0.6905125379562378
sprint9_multiseed_S8A_R2_seed2024_S8A_R2_context_edge_film,S8A_R2_context_edge_film,graph_c_gatv2_context_edge_film_interaction,gatv2_graph_c_sprint8a_context_edge_film,gatv2,graph_c_context_observation,S5F2_energy,test,438,3420,,1,0.7046112418174744
sprint9_multiseed_S8A_R2_seed2024_S8A_R2_context_edge_film,S8A_R2_context_edge_film,graph_c_gatv2_context_edge_film_interaction,gatv2_graph_c_sprint8a_context_edge_film,gatv2,graph_c_context_observation,S5F2_energy,test,439,3420,,1,0.747347354888916
sprint9_multiseed_S8A_R2_seed2024_S8A_R2_context_edge_film,S8A_R2_context_edge_film,graph_c_gatv2_context_edge_film_interaction,gatv2_graph_c_sprint8a_context_edge_film,gatv2,graph_c_context_observation,S5F2_energy,test,440,3420,,1,0.5553589463233948
sprint9_multiseed_S8A_R2_seed2024_S8A_R2_context_edge_film,S8A_R2_context_edge_film,graph_c_gatv2_context_edge_film_interaction,gatv2_graph_c_sprint8a_context_edge_film,gatv2,graph_c_context_observation,S5F2_energy,test,441,3420,,1,0.573724627494812
sprint9_multiseed_S8A_R2_seed2024_S8A_R2_context_edge_film,S8A_R2_context_edge_film,graph_c_gatv2_context_edge_film_interaction,gatv2_graph_c_sprint8a_context_edge_film,gatv2,graph_c_context_observation,S5F2_energy,test,442,3420,,1,0.5995808243751526
sprint9_multiseed_S8A_R2_seed2024_S8A_R2_context_edge_film,S8A_R2_context_edge_film,graph_c_gatv2_context_edge_film_interaction,gatv2_graph_c_sprint8a_context_edge_film,gatv2,graph_c_context_observation,S5F2_energy,test,443,3420,,1,0.686837911605835
sprint9_multiseed_S8A_R2_seed2024_S8A_R2_context_edge_film,S8A_R2_context_edge_film,graph_c_gatv2_context_edge_film_interaction,gatv2_graph_c_sprint8a_context_edge_film,gatv2,graph_c_context_observation,S5F2_energy,test,444,3420,,1,0.6248300075531006
sprint9_multiseed_S8A_R2_seed2024_S8A_R2_context_edge_film,S8A_R2_context_edge_film,graph_c_gatv2_context_edge_film_interaction,gatv2_graph_c_sprint8a_context_edge_film,gatv2,graph_c_context_observation,S5F2_energy,test,445,3420,,1,0.6842696666717529
sprint9_multiseed_S8A_R2_seed2024_S8A_R2_context_edge_film,S8A_R2_context_edge_film,graph_c_gatv2_context_edge_film_interaction,gatv2_graph_c_sprint8a_context_edge_film,gatv2,graph_c_context_observation,S5F2_energy,test,446,3420,,1,0.628888726234436
sprint9_multiseed_S8A_R2_seed2024_S8A_R2_context_edge_film,S8A_R2_context_edge_film,graph_c_gatv2_context_edge_film_interaction,gatv2_graph_c_sprint8a_context_edge_film,gatv2,graph_c_context_observation,S5F2_energy,test,447,3420,,1,0.765329897403717
sprint9_multiseed_S8A_R2_seed2024_S8A_R2_context_edge_film,S8A_R2_context_edge_film,graph_c_gatv2_context_edge_film_interaction,gatv2_graph_c_sprint8a_context_edge_film,gatv2,graph_c_context_observation,S5F2_energy,test,448,3420,,1,0.6629537343978882
sprint9_multiseed_S8A_R2_seed2024_S8A_R2_context_edge_film,S8A_R2_context_edge_film,graph_c_gatv2_context_edge_film_interaction,gatv2_graph_c_sprint8a_context_edge_film,gatv2,graph_c_context_observation,S5F2_energy,test,449,3420,,1,0.6847823262214661
sprint9_multiseed_S8A_R2_seed2024_S8A_R2_context_edge_film,S8A_R2_context_edge_film,graph_c_gatv2_context_edge_film_interaction,gatv2_graph_c_sprint8a_context_edge_film,gatv2,graph_c_context_observation,S5F2_energy,test,450,3420,,1,0.635441780090332
sprint9_multiseed_S8A_R2_seed2024_S8A_R2_context_edge_film,S8A_R2_context_edge_film,graph_c_gatv2_context_edge_film_interaction,gatv2_graph_c_sprint8a_context_edge_film,gatv2,graph_c_context_observation,S5F2_energy,test,451,3420,,1,0.7281343340873718
sprint9_multiseed_S8A_R2_seed2024_S8A_R2_context_edge_film,S8A_R2_context_edge_film,graph_c_gatv2_context_edge_film_interaction,gatv2_graph_c_sprint8a_context_edge_film,gatv2,graph_c_context_observation,S5F2_energy,test,452,3420,,1,0.6445496678352356
sprint9_multiseed_S8A_R2_seed2024_S8A_R2_context_edge_film,S8A_R2_context_edge_film,graph_c_gatv2_context_edge_film_interaction,gatv2_graph_c_sprint8a_context_edge_film,gatv2,graph_c_context_observation,S5F2_energy,test,453,3420,,1,0.716170072555542
sprint9_multiseed_S8A_R2_seed2024_S8A_R2_context_edge_film,S8A_R2_context_edge_film,graph_c_gatv2_context_edge_film_interaction,gatv2_graph_c_sprint8a_context_edge_film,gatv2,graph_c_context_observation,S5F2_energy,test,454,3420,,1,0.5611128807067871
sprint9_multiseed_S8A_R2_seed2024_S8A_R2_context_edge_film,S8A_R2_context_edge_film,graph_c_gatv2_context_edge_film_interaction,gatv2_graph_c_sprint8a_context_edge_film,gatv2,graph_c_context_observation,S5F2_energy,test,455,3420,,1,0.7505872249603271
sprint9_multiseed_S8A_R2_seed2024_S8A_R2_context_edge_film,S8A_R2_context_edge_film,graph_c_gatv2_context_edge_film_interaction,gatv2_graph_c_sprint8a_context_edge_film,gatv2,graph_c_context_observation,S5F2_energy,test,456,3420,,1,0.7061848044395447
sprint9_multiseed_S8A_R2_seed2024_S8A_R2_context_edge_film,S8A_R2_context_edge_film,graph_c_gatv2_context_edge_film_interaction,gatv2_graph_c_sprint8a_context_edge_film,gatv2,graph_c_context_observation,S5F2_energy,test,457,3420,,1,0.749897837638855
sprint9_multiseed_S8A_R2_seed2024_S8A_R2_context_edge_film,S8A_R2_context_edge_film,graph_c_gatv2_context_edge_film_interaction,gatv2_graph_c_sprint8a_context_edge_film,gatv2,graph_c_context_observation,S5F2_energy,test,458,3420,,1,0.5849544405937195
sprint9_multiseed_S8A_R2_seed2024_S8A_R2_context_edge_film,S8A_R2_context_edge_film,graph_c_gatv2_context_edge_film_interaction,gatv2_graph_c_sprint8a_context_edge_film,gatv2,graph_c_context_observation,S5F2_energy,test,459,3420,,1,0.7140440940856934
sprint9_multiseed_S8A_R2_seed2024_S8A_R2_context_edge_film,S8A_R2_context_edge_film,graph_c_gatv2_context_edge_film_interaction,gatv2_graph_c_sprint8a_context_edge_film,gatv2,graph_c_context_observation,S5F2_energy,test,460,3420,,1,0.5077844262123108
sprint9_multiseed_S8A_R2_seed2024_S8A_R2_context_edge_film,S8A_R2_context_edge_film,graph_c_gatv2_context_edge_film_interaction,gatv2_graph_c_sprint8a_context_edge_film,gatv2,graph_c_context_observation,S5F2_energy,test,461,3420,,1,0.6723389029502869
sprint9_multiseed_S8A_R2_seed2024_S8A_R2_context_edge_film,S8A_R2_context_edge_film,graph_c_gatv2_context_edge_film_interaction,gatv2_graph_c_sprint8a_context_edge_film,gatv2,graph_c_context_observation,S5F2_energy,test,462,3420,,1,0.5171256065368652
sprint9_multiseed_S8A_R2_seed2024_S8A_R2_context_edge_film,S8A_R2_context_edge_film,graph_c_gatv2_context_edge_film_interaction,gatv2_graph_c_sprint8a_context_edge_film,gatv2,graph_c_context_observation,S5F2_energy,test,463,3420,,1,0.7254734635353088
sprint9_multiseed_S8A_R2_seed2024_S8A_R2_context_edge_film,S8A_R2_context_edge_film,graph_c_gatv2_context_edge_film_interaction,gatv2_graph_c_sprint8a_context_edge_film,gatv2,graph_c_context_observation,S5F2_energy,test,464,3420,,1,0.7124148011207581
sprint9_multiseed_S8A_R2_seed2024_S8A_R2_context_edge_film,S8A_R2_context_edge_film,graph_c_gatv2_context_edge_film_interaction,gatv2_graph_c_sprint8a_context_edge_film,gatv2,graph_c_context_observation,S5F2_energy,test,465,3420,,1,0.7436888813972473
sprint9_multiseed_S8A_R2_seed2024_S8A_R2_context_edge_film,S8A_R2_context_edge_film,graph_c_gatv2_context_edge_film_interaction,gatv2_graph_c_sprint8a_context_edge_film,gatv2,graph_c_context_observation,S5F2_energy,test,466,3420,,1,0.765612006187439
sprint9_multiseed_S8A_R2_seed2024_S8A_R2_context_edge_film,S8A_R2_context_edge_film,graph_c_gatv2_context_edge_film_interaction,gatv2_graph_c_sprint8a_context_edge_film,gatv2,graph_c_context_observation,S5F2_energy,test,467,3420,,1,0.6913992762565613
sprint9_multiseed_S8A_R2_seed2024_S8A_R2_context_edge_film,S8A_R2_context_edge_film,graph_c_gatv2_context_edge_film_interaction,gatv2_graph_c_sprint8a_context_edge_film,gatv2,graph_c_context_observation,S5F2_energy,test,468,3420,,1,0.6742885708808899
sprint9_multiseed_S8A_R2_seed2024_S8A_R2_context_edge_film,S8A_R2_context_edge_film,graph_c_gatv2_context_edge_film_interaction,gatv2_graph_c_sprint8a_context_edge_film,gatv2,graph_c_context_observation,S5F2_energy,test,469,3420,,1,0.6889608502388
sprint9_multiseed_S8A_R2_seed2024_S8A_R2_context_edge_film,S8A_R2_context_edge_film,graph_c_gatv2_context_edge_film_interaction,gatv2_graph_c_sprint8a_context_edge_film,gatv2,graph_c_context_observation,S5F2_energy,test,470,3420,,1,0.7809630036354065
sprint9_multiseed_S8A_R2_seed2024_S8A_R2_context_edge_film,S8A_R2_context_edge_film,graph_c_gatv2_context_edge_film_interaction,gatv2_graph_c_sprint8a_context_edge_film,gatv2,graph_c_context_observation,S5F2_energy,test,471,3420,,1,0.70649653673172
sprint9_multiseed_S8A_R2_seed2024_S8A_R2_context_edge_film,S8A_R2_context_edge_film,graph_c_gatv2_context_edge_film_interaction,gatv2_graph_c_sprint8a_context_edge_film,gatv2,graph_c_context_observation,S5F2_energy,test,472,3420,,1,0.6156256198883057
sprint9_multiseed_S8A_R2_seed2024_S8A_R2_context_edge_film,S8A_R2_context_edge_film,graph_c_gatv2_context_edge_film_interaction,gatv2_graph_c_sprint8a_context_edge_film,gatv2,graph_c_context_observation,S5F2_energy,test,473,3420,,1,0.6848859190940857
sprint9_multiseed_S8A_R2_seed2024_S8A_R2_context_edge_film,S8A_R2_context_edge_film,graph_c_gatv2_context_edge_film_interaction,gatv2_graph_c_sprint8a_context_edge_film,gatv2,graph_c_context_observation,S5F2_energy,test,474,3420,,1,0.6004173159599304
sprint9_multiseed_S8A_R2_seed2024_S8A_R2_context_edge_film,S8A_R2_context_edge_film,graph_c_gatv2_context_edge_film_interaction,gatv2_graph_c_sprint8a_context_edge_film,gatv2,graph_c_context_observation,S5F2_energy,test,475,3420,,1,0.681986927986145
sprint9_multiseed_S8A_R2_seed2024_S8A_R2_context_edge_film,S8A_R2_context_edge_film,graph_c_gatv2_context_edge_film_interaction,gatv2_graph_c_sprint8a_context_edge_film,gatv2,graph_c_context_observation,S5F2_energy,test,476,3420,,1,0.743812620639801
sprint9_multiseed_S8A_R2_seed2024_S8A_R2_context_edge_film,S8A_R2_context_edge_film,graph_c_gatv2_context_edge_film_interaction,gatv2_graph_c_sprint8a_context_edge_film,gatv2,graph_c_context_observation,S5F2_energy,test,477,3420,,1,0.7066569924354553
sprint9_multiseed_S8A_R2_seed2024_S8A_R2_context_edge_film,S8A_R2_context_edge_film,graph_c_gatv2_context_edge_film_interaction,gatv2_graph_c_sprint8a_context_edge_film,gatv2,graph_c_context_observation,S5F2_energy,test,478,3420,,1,0.6374425292015076
sprint9_multiseed_S8A_R2_seed2024_S8A_R2_context_edge_film,S8A_R2_context_edge_film,graph_c_gatv2_context_edge_film_interaction,gatv2_graph_c_sprint8a_context_edge_film,gatv2,graph_c_context_observation,S5F2_energy,test,479,3420,,1,0.5894349813461304
sprint9_multiseed_S8A_R2_seed2024_S8A_R2_context_edge_film,S8A_R2_context_edge_film,graph_c_gatv2_context_edge_film_interaction,gatv2_graph_c_sprint8a_context_edge_film,gatv2,graph_c_context_observation,S5F2_energy,test,480,3420,,1,0.6907038688659668
sprint9_multiseed_S8A_R2_seed2024_S8A_R2_context_edge_film,S8A_R2_context_edge_film,graph_c_gatv2_context_edge_film_interaction,gatv2_graph_c_sprint8a_context_edge_film,gatv2,graph_c_context_observation,S5F2_energy,test,481,3420,,1,0.7537203431129456
sprint9_multiseed_S8A_R2_seed2024_S8A_R2_context_edge_film,S8A_R2_context_edge_film,graph_c_gatv2_context_edge_film_interaction,gatv2_graph_c_sprint8a_context_edge_film,gatv2,graph_c_context_observation,S5F2_energy,test,482,3420,,1,0.6595779061317444
sprint9_multiseed_S8A_R2_seed2024_S8A_R2_context_edge_film,S8A_R2_context_edge_film,graph_c_gatv2_context_edge_film_interaction,gatv2_graph_c_sprint8a_context_edge_film,gatv2,graph_c_context_observation,S5F2_energy,test,483,3420,,1,0.7369492053985596
sprint9_multiseed_S8A_R2_seed2024_S8A_R2_context_edge_film,S8A_R2_context_edge_film,graph_c_gatv2_context_edge_film_interaction,gatv2_graph_c_sprint8a_context_edge_film,gatv2,graph_c_context_observation,S5F2_energy,test,484,3420,,1,0.6430085301399231
sprint9_multiseed_S8A_R2_seed2024_S8A_R2_context_edge_film,S8A_R2_context_edge_film,graph_c_gatv2_context_edge_film_interaction,gatv2_graph_c_sprint8a_context_edge_film,gatv2,graph_c_context_observation,S5F2_energy,test,485,3420,,1,0.7199264764785767
sprint9_multiseed_S8A_R2_seed2024_S8A_R2_context_edge_film,S8A_R2_context_edge_film,graph_c_gatv2_context_edge_film_interaction,gatv2_graph_c_sprint8a_context_edge_film,gatv2,graph_c_context_observation,S5F2_energy,test,486,3420,,1,0.642139196395874
sprint9_multiseed_S8A_R2_seed2024_S8A_R2_context_edge_film,S8A_R2_context_edge_film,graph_c_gatv2_context_edge_film_interaction,gatv2_graph_c_sprint8a_context_edge_film,gatv2,graph_c_context_observation,S5F2_energy,test,487,3420,,1,0.6184302568435669
sprint9_multiseed_S8A_R2_seed2024_S8A_R2_context_edge_film,S8A_R2_context_edge_film,graph_c_gatv2_context_edge_film_interaction,gatv2_graph_c_sprint8a_context_edge_film,gatv2,graph_c_context_observation,S5F2_energy,test,488,3420,,1,0.7117517590522766
sprint9_multiseed_S8A_R2_seed2024_S8A_R2_context_edge_film,S8A_R2_context_edge_film,graph_c_gatv2_context_edge_film_interaction,gatv2_graph_c_sprint8a_context_edge_film,gatv2,graph_c_context_observation,S5F2_energy,test,489,3420,,1,0.6703681349754333
sprint9_multiseed_S8A_R2_seed2024_S8A_R2_context_edge_film,S8A_R2_context_edge_film,graph_c_gatv2_context_edge_film_interaction,gatv2_graph_c_sprint8a_context_edge_film,gatv2,graph_c_context_observation,S5F2_energy,test,490,3420,,1,0.6760703325271606
sprint9_multiseed_S8A_R2_seed2024_S8A_R2_context_edge_film,S8A_R2_context_edge_film,graph_c_gatv2_context_edge_film_interaction,gatv2_graph_c_sprint8a_context_edge_film,gatv2,graph_c_context_observation,S5F2_energy,test,491,3420,,1,0.6779076457023621
sprint9_multiseed_S8A_R2_seed2024_S8A_R2_context_edge_film,S8A_R2_context_edge_film,graph_c_gatv2_context_edge_film_interaction,gatv2_graph_c_sprint8a_context_edge_film,gatv2,graph_c_context_observation,S5F2_energy,test,492,3420,,1,0.6707936525344849
sprint9_multiseed_S8A_R2_seed2024_S8A_R2_context_edge_film,S8A_R2_context_edge_film,graph_c_gatv2_context_edge_film_interaction,gatv2_graph_c_sprint8a_context_edge_film,gatv2,graph_c_context_observation,S5F2_energy,test,493,3420,,1,0.6413976550102234
sprint9_multiseed_S8A_R2_seed2024_S8A_R2_context_edge_film,S8A_R2_context_edge_film,graph_c_gatv2_context_edge_film_interaction,gatv2_graph_c_sprint8a_context_edge_film,gatv2,graph_c_context_observation,S5F2_energy,test,494,3420,,1,0.649236798286438
sprint9_multiseed_S8A_R2_seed2024_S8A_R2_context_edge_film,S8A_R2_context_edge_film,graph_c_gatv2_context_edge_film_interaction,gatv2_graph_c_sprint8a_context_edge_film,gatv2,graph_c_context_observation,S5F2_energy,test,495,3420,,1,0.6252768635749817
sprint9_multiseed_S8A_R2_seed2024_S8A_R2_context_edge_film,S8A_R2_context_edge_film,graph_c_gatv2_context_edge_film_interaction,gatv2_graph_c_sprint8a_context_edge_film,gatv2,graph_c_context_observation,S5F2_energy,test,496,3420,,1,0.6713280081748962
sprint9_multiseed_S8A_R2_seed2024_S8A_R2_context_edge_film,S8A_R2_context_edge_film,graph_c_gatv2_context_edge_film_interaction,gatv2_graph_c_sprint8a_context_edge_film,gatv2,graph_c_context_observation,S5F2_energy,test,497,3420,,1,0.6401920318603516
sprint9_multiseed_S8A_R2_seed2024_S8A_R2_context_edge_film,S8A_R2_context_edge_film,graph_c_gatv2_context_edge_film_interaction,gatv2_graph_c_sprint8a_context_edge_film,gatv2,graph_c_context_observation,S5F2_energy,test,498,3420,,1,0.6768495440483093
sprint9_multiseed_S8A_R2_seed2024_S8A_R2_context_edge_film,S8A_R2_context_edge_film,graph_c_gatv2_context_edge_film_interaction,gatv2_graph_c_sprint8a_context_edge_film,gatv2,graph_c_context_observation,S5F2_energy,test,499,3420,,1,0.6933727860450745
sprint9_multiseed_S8A_R2_seed2024_S8A_R2_context_edge_film,S8A_R2_context_edge_film,graph_c_gatv2_context_edge_film_interaction,gatv2_graph_c_sprint8a_context_edge_film,gatv2,graph_c_context_observation,S5F2_energy,test,500,3420,,1,0.5632456541061401
sprint9_multiseed_S8A_R2_seed2024_S8A_R2_context_edge_film,S8A_R2_context_edge_film,graph_c_gatv2_context_edge_film_interaction,gatv2_graph_c_sprint8a_context_edge_film,gatv2,graph_c_context_observation,S5F2_energy,test,501,3420,,1,0.663880467414856
sprint9_multiseed_S8A_R2_seed2024_S8A_R2_context_edge_film,S8A_R2_context_edge_film,graph_c_gatv2_context_edge_film_interaction,gatv2_graph_c_sprint8a_context_edge_film,gatv2,graph_c_context_observation,S5F2_energy,test,502,3420,,1,0.5639674663543701
sprint9_multiseed_S8A_R2_seed2024_S8A_R2_context_edge_film,S8A_R2_context_edge_film,graph_c_gatv2_context_edge_film_interaction,gatv2_graph_c_sprint8a_context_edge_film,gatv2,graph_c_context_observation,S5F2_energy,test,503,3420,,1,0.6930471658706665
sprint9_multiseed_S8A_R2_seed2024_S8A_R2_context_edge_film,S8A_R2_context_edge_film,graph_c_gatv2_context_edge_film_interaction,gatv2_graph_c_sprint8a_context_edge_film,gatv2,graph_c_context_observation,S5F2_energy,test,504,3420,,1,0.6488547325134277
sprint9_multiseed_S8A_R2_seed2024_S8A_R2_context_edge_film,S8A_R2_context_edge_film,graph_c_gatv2_context_edge_film_interaction,gatv2_graph_c_sprint8a_context_edge_film,gatv2,graph_c_context_observation,S5F2_energy,test,505,3420,,1,0.7194280624389648
sprint9_multiseed_S8A_R2_seed2024_S8A_R2_context_edge_film,S8A_R2_context_edge_film,graph_c_gatv2_context_edge_film_interaction,gatv2_graph_c_sprint8a_context_edge_film,gatv2,graph_c_context_observation,S5F2_energy,test,506,3420,,1,0.6564742922782898
sprint9_multiseed_S8A_R2_seed2024_S8A_R2_context_edge_film,S8A_R2_context_edge_film,graph_c_gatv2_context_edge_film_interaction,gatv2_graph_c_sprint8a_context_edge_film,gatv2,graph_c_context_observation,S5F2_energy,test,507,3420,,1,0.6871480345726013
sprint9_multiseed_S8A_R2_seed2024_S8A_R2_context_edge_film,S8A_R2_context_edge_film,graph_c_gatv2_context_edge_film_interaction,gatv2_graph_c_sprint8a_context_edge_film,gatv2,graph_c_context_observation,S5F2_energy,test,508,3420,,1,0.5313981175422668
sprint9_multiseed_S8A_R2_seed2024_S8A_R2_context_edge_film,S8A_R2_context_edge_film,graph_c_gatv2_context_edge_film_interaction,gatv2_graph_c_sprint8a_context_edge_film,gatv2,graph_c_context_observation,S5F2_energy,test,509,3420,,1,0.6798267364501953
sprint9_multiseed_S8A_R2_seed2024_S8A_R2_context_edge_film,S8A_R2_context_edge_film,graph_c_gatv2_context_edge_film_interaction,gatv2_graph_c_sprint8a_context_edge_film,gatv2,graph_c_context_observation,S5F2_energy,test,510,3420,,1,0.7294245362281799
sprint9_multiseed_S8A_R2_seed2024_S8A_R2_context_edge_film,S8A_R2_context_edge_film,graph_c_gatv2_context_edge_film_interaction,gatv2_graph_c_sprint8a_context_edge_film,gatv2,graph_c_context_observation,S5F2_energy,test,511,3420,,1,0.7026607990264893
sprint9_multiseed_S8A_R2_seed2024_S8A_R2_context_edge_film,S8A_R2_context_edge_film,graph_c_gatv2_context_edge_film_interaction,gatv2_graph_c_sprint8a_context_edge_film,gatv2,graph_c_context_observation,S5F2_energy,test,512,3420,,1,0.6565596461296082
sprint9_multiseed_S8A_R2_seed2024_S8A_R2_context_edge_film,S8A_R2_context_edge_film,graph_c_gatv2_context_edge_film_interaction,gatv2_graph_c_sprint8a_context_edge_film,gatv2,graph_c_context_observation,S5F2_energy,test,513,3420,,1,0.6634601950645447
sprint9_multiseed_S8A_R2_seed2024_S8A_R2_context_edge_film,S8A_R2_context_edge_film,graph_c_gatv2_context_edge_film_interaction,gatv2_graph_c_sprint8a_context_edge_film,gatv2,graph_c_context_observation,S5F2_energy,test,514,3420,,1,0.6388990879058838
sprint9_multiseed_S8A_R2_seed2024_S8A_R2_context_edge_film,S8A_R2_context_edge_film,graph_c_gatv2_context_edge_film_interaction,gatv2_graph_c_sprint8a_context_edge_film,gatv2,graph_c_context_observation,S5F2_energy,test,515,3420,,1,0.7544770240783691
sprint9_multiseed_S8A_R2_seed2024_S8A_R2_context_edge_film,S8A_R2_context_edge_film,graph_c_gatv2_context_edge_film_interaction,gatv2_graph_c_sprint8a_context_edge_film,gatv2,graph_c_context_observation,S5F2_energy,test,516,3420,,1,0.7273069024085999
sprint9_multiseed_S8A_R2_seed2024_S8A_R2_context_edge_film,S8A_R2_context_edge_film,graph_c_gatv2_context_edge_film_interaction,gatv2_graph_c_sprint8a_context_edge_film,gatv2,graph_c_context_observation,S5F2_energy,test,517,3420,,1,0.63284832239151
sprint9_multiseed_S8A_R2_seed2024_S8A_R2_context_edge_film,S8A_R2_context_edge_film,graph_c_gatv2_context_edge_film_interaction,gatv2_graph_c_sprint8a_context_edge_film,gatv2,graph_c_context_observation,S5F2_energy,test,518,3420,,1,0.7410534024238586
sprint9_multiseed_S8A_R2_seed2024_S8A_R2_context_edge_film,S8A_R2_context_edge_film,graph_c_gatv2_context_edge_film_interaction,gatv2_graph_c_sprint8a_context_edge_film,gatv2,graph_c_context_observation,S5F2_energy,test,519,3420,,1,0.7848799228668213
sprint9_multiseed_S8A_R2_seed2024_S8A_R2_context_edge_film,S8A_R2_context_edge_film,graph_c_gatv2_context_edge_film_interaction,gatv2_graph_c_sprint8a_context_edge_film,gatv2,graph_c_context_observation,S5F2_energy,test,520,3420,,1,0.7505464553833008
sprint9_multiseed_S8A_R2_seed2024_S8A_R2_context_edge_film,S8A_R2_context_edge_film,graph_c_gatv2_context_edge_film_interaction,gatv2_graph_c_sprint8a_context_edge_film,gatv2,graph_c_context_observation,S5F2_energy,test,521,3420,,1,0.7150672674179077
sprint9_multiseed_S8A_R2_seed2024_S8A_R2_context_edge_film,S8A_R2_context_edge_film,graph_c_gatv2_context_edge_film_interaction,gatv2_graph_c_sprint8a_context_edge_film,gatv2,graph_c_context_observation,S5F2_energy,test,522,3420,,1,0.6868339776992798
sprint9_multiseed_S8A_R2_seed2024_S8A_R2_context_edge_film,S8A_R2_context_edge_film,graph_c_gatv2_context_edge_film_interaction,gatv2_graph_c_sprint8a_context_edge_film,gatv2,graph_c_context_observation,S5F2_energy,test,523,3420,,1,0.741300642490387
sprint9_multiseed_S8A_R2_seed2024_S8A_R2_context_edge_film,S8A_R2_context_edge_film,graph_c_gatv2_context_edge_film_interaction,gatv2_graph_c_sprint8a_context_edge_film,gatv2,graph_c_context_observation,S5F2_energy,test,524,3420,,1,0.6451483964920044
sprint9_multiseed_S8A_R2_seed2024_S8A_R2_context_edge_film,S8A_R2_context_edge_film,graph_c_gatv2_context_edge_film_interaction,gatv2_graph_c_sprint8a_context_edge_film,gatv2,graph_c_context_observation,S5F2_energy,test,525,3420,,1,0.7552894949913025
sprint9_multiseed_S8A_R2_seed2024_S8A_R2_context_edge_film,S8A_R2_context_edge_film,graph_c_gatv2_context_edge_film_interaction,gatv2_graph_c_sprint8a_context_edge_film,gatv2,graph_c_context_observation,S5F2_energy,test,526,3420,,1,0.5582347512245178
sprint9_multiseed_S8A_R2_seed2024_S8A_R2_context_edge_film,S8A_R2_context_edge_film,graph_c_gatv2_context_edge_film_interaction,gatv2_graph_c_sprint8a_context_edge_film,gatv2,graph_c_context_observation,S5F2_energy,test,527,3420,,1,0.6228967905044556
sprint9_multiseed_S8A_R2_seed2024_S8A_R2_context_edge_film,S8A_R2_context_edge_film,graph_c_gatv2_context_edge_film_interaction,gatv2_graph_c_sprint8a_context_edge_film,gatv2,graph_c_context_observation,S5F2_energy,test,528,3420,,1,0.6361818313598633
sprint9_multiseed_S8A_R2_seed2024_S8A_R2_context_edge_film,S8A_R2_context_edge_film,graph_c_gatv2_context_edge_film_interaction,gatv2_graph_c_sprint8a_context_edge_film,gatv2,graph_c_context_observation,S5F2_energy,test,529,3420,,1,0.6365899443626404
sprint9_multiseed_S8A_R2_seed2024_S8A_R2_context_edge_film,S8A_R2_context_edge_film,graph_c_gatv2_context_edge_film_interaction,gatv2_graph_c_sprint8a_context_edge_film,gatv2,graph_c_context_observation,S5F2_energy,test,530,3420,,1,0.6574702858924866
sprint9_multiseed_S8A_R2_seed2024_S8A_R2_context_edge_film,S8A_R2_context_edge_film,graph_c_gatv2_context_edge_film_interaction,gatv2_graph_c_sprint8a_context_edge_film,gatv2,graph_c_context_observation,S5F2_energy,test,531,3420,,1,0.6770051717758179
sprint9_multiseed_S8A_R2_seed2024_S8A_R2_context_edge_film,S8A_R2_context_edge_film,graph_c_gatv2_context_edge_film_interaction,gatv2_graph_c_sprint8a_context_edge_film,gatv2,graph_c_context_observation,S5F2_energy,test,532,3420,,1,0.6649657487869263
sprint9_multiseed_S8A_R2_seed2024_S8A_R2_context_edge_film,S8A_R2_context_edge_film,graph_c_gatv2_context_edge_film_interaction,gatv2_graph_c_sprint8a_context_edge_film,gatv2,graph_c_context_observation,S5F2_energy,test,533,3420,,1,0.7527165412902832
sprint9_multiseed_S8A_R2_seed2024_S8A_R2_context_edge_film,S8A_R2_context_edge_film,graph_c_gatv2_context_edge_film_interaction,gatv2_graph_c_sprint8a_context_edge_film,gatv2,graph_c_context_observation,S5F2_energy,test,534,3420,,1,0.6483203768730164
sprint9_multiseed_S8A_R2_seed2024_S8A_R2_context_edge_film,S8A_R2_context_edge_film,graph_c_gatv2_context_edge_film_interaction,gatv2_graph_c_sprint8a_context_edge_film,gatv2,graph_c_context_observation,S5F2_energy,test,535,3420,,1,0.6240957975387573
sprint9_multiseed_S8A_R2_seed2024_S8A_R2_context_edge_film,S8A_R2_context_edge_film,graph_c_gatv2_context_edge_film_interaction,gatv2_graph_c_sprint8a_context_edge_film,gatv2,graph_c_context_observation,S5F2_energy,test,536,3420,,1,0.6444758176803589
sprint9_multiseed_S8A_R2_seed2024_S8A_R2_context_edge_film,S8A_R2_context_edge_film,graph_c_gatv2_context_edge_film_interaction,gatv2_graph_c_sprint8a_context_edge_film,gatv2,graph_c_context_observation,S5F2_energy,test,537,3420,,1,0.7721374034881592
sprint9_multiseed_S8A_R2_seed2024_S8A_R2_context_edge_film,S8A_R2_context_edge_film,graph_c_gatv2_context_edge_film_interaction,gatv2_graph_c_sprint8a_context_edge_film,gatv2,graph_c_context_observation,S5F2_energy,test,538,3420,,1,0.6712523102760315
sprint9_multiseed_S8A_R2_seed2024_S8A_R2_context_edge_film,S8A_R2_context_edge_film,graph_c_gatv2_context_edge_film_interaction,gatv2_graph_c_sprint8a_context_edge_film,gatv2,graph_c_context_observation,S5F2_energy,test,539,3420,,1,0.6148611903190613
sprint9_multiseed_S8A_R2_seed2024_S8A_R2_context_edge_film,S8A_R2_context_edge_film,graph_c_gatv2_context_edge_film_interaction,gatv2_graph_c_sprint8a_context_edge_film,gatv2,graph_c_context_observation,S5F2_energy,test,540,3420,,1,0.7564142942428589
sprint9_multiseed_S8A_R2_seed2024_S8A_R2_context_edge_film,S8A_R2_context_edge_film,graph_c_gatv2_context_edge_film_interaction,gatv2_graph_c_sprint8a_context_edge_film,gatv2,graph_c_context_observation,S5F2_energy,test,541,3420,,1,0.585833728313446
sprint9_multiseed_S8A_R2_seed2024_S8A_R2_context_edge_film,S8A_R2_context_edge_film,graph_c_gatv2_context_edge_film_interaction,gatv2_graph_c_sprint8a_context_edge_film,gatv2,graph_c_context_observation,S5F2_energy,test,542,3420,,1,0.6365658640861511
sprint9_multiseed_S8A_R2_seed2024_S8A_R2_context_edge_film,S8A_R2_context_edge_film,graph_c_gatv2_context_edge_film_interaction,gatv2_graph_c_sprint8a_context_edge_film,gatv2,graph_c_context_observation,S5F2_energy,test,543,3420,,1,0.6288954615592957
sprint9_multiseed_S8A_R2_seed2024_S8A_R2_context_edge_film,S8A_R2_context_edge_film,graph_c_gatv2_context_edge_film_interaction,gatv2_graph_c_sprint8a_context_edge_film,gatv2,graph_c_context_observation,S5F2_energy,test,544,3420,,1,0.7219581007957458
sprint9_multiseed_S8A_R2_seed2024_S8A_R2_context_edge_film,S8A_R2_context_edge_film,graph_c_gatv2_context_edge_film_interaction,gatv2_graph_c_sprint8a_context_edge_film,gatv2,graph_c_context_observation,S5F2_energy,test,545,3420,,1,0.7574508190155029
sprint9_multiseed_S8A_R2_seed2024_S8A_R2_context_edge_film,S8A_R2_context_edge_film,graph_c_gatv2_context_edge_film_interaction,gatv2_graph_c_sprint8a_context_edge_film,gatv2,graph_c_context_observation,S5F2_energy,test,546,3420,,1,0.7287815809249878
sprint9_multiseed_S8A_R2_seed2024_S8A_R2_context_edge_film,S8A_R2_context_edge_film,graph_c_gatv2_context_edge_film_interaction,gatv2_graph_c_sprint8a_context_edge_film,gatv2,graph_c_context_observation,S5F2_energy,test,547,3420,,1,0.7184362411499023
sprint9_multiseed_S8A_R2_seed2024_S8A_R2_context_edge_film,S8A_R2_context_edge_film,graph_c_gatv2_context_edge_film_interaction,gatv2_graph_c_sprint8a_context_edge_film,gatv2,graph_c_context_observation,S5F2_energy,test,548,3420,,1,0.7235680818557739
sprint9_multiseed_S8A_R2_seed2024_S8A_R2_context_edge_film,S8A_R2_context_edge_film,graph_c_gatv2_context_edge_film_interaction,gatv2_graph_c_sprint8a_context_edge_film,gatv2,graph_c_context_observation,S5F2_energy,test,549,3420,,1,0.6784811019897461
sprint9_multiseed_S8A_R2_seed2024_S8A_R2_context_edge_film,S8A_R2_context_edge_film,graph_c_gatv2_context_edge_film_interaction,gatv2_graph_c_sprint8a_context_edge_film,gatv2,graph_c_context_observation,S5F2_energy,test,550,3420,,1,0.6991281509399414
sprint9_multiseed_S8A_R2_seed2024_S8A_R2_context_edge_film,S8A_R2_context_edge_film,graph_c_gatv2_context_edge_film_interaction,gatv2_graph_c_sprint8a_context_edge_film,gatv2,graph_c_context_observation,S5F2_energy,test,551,3420,,1,0.5858985185623169
sprint9_multiseed_S8A_R2_seed2024_S8A_R2_context_edge_film,S8A_R2_context_edge_film,graph_c_gatv2_context_edge_film_interaction,gatv2_graph_c_sprint8a_context_edge_film,gatv2,graph_c_context_observation,S5F2_energy,test,552,3420,,1,0.7175541520118713
sprint9_multiseed_S8A_R2_seed2024_S8A_R2_context_edge_film,S8A_R2_context_edge_film,graph_c_gatv2_context_edge_film_interaction,gatv2_graph_c_sprint8a_context_edge_film,gatv2,graph_c_context_observation,S5F2_energy,test,553,3420,,1,0.7209101319313049
sprint9_multiseed_S8A_R2_seed2024_S8A_R2_context_edge_film,S8A_R2_context_edge_film,graph_c_gatv2_context_edge_film_interaction,gatv2_graph_c_sprint8a_context_edge_film,gatv2,graph_c_context_observation,S5F2_energy,test,554,3420,,1,0.6784371137619019
sprint9_multiseed_S8A_R2_seed2024_S8A_R2_context_edge_film,S8A_R2_context_edge_film,graph_c_gatv2_context_edge_film_interaction,gatv2_graph_c_sprint8a_context_edge_film,gatv2,graph_c_context_observation,S5F2_energy,test,555,3420,,1,0.7714462876319885
sprint9_multiseed_S8A_R2_seed2024_S8A_R2_context_edge_film,S8A_R2_context_edge_film,graph_c_gatv2_context_edge_film_interaction,gatv2_graph_c_sprint8a_context_edge_film,gatv2,graph_c_context_observation,S5F2_energy,test,556,3420,,1,0.6678898334503174
sprint9_multiseed_S8A_R2_seed2024_S8A_R2_context_edge_film,S8A_R2_context_edge_film,graph_c_gatv2_context_edge_film_interaction,gatv2_graph_c_sprint8a_context_edge_film,gatv2,graph_c_context_observation,S5F2_energy,test,557,3420,,1,0.5724804997444153
sprint9_multiseed_S8A_R2_seed2024_S8A_R2_context_edge_film,S8A_R2_context_edge_film,graph_c_gatv2_context_edge_film_interaction,gatv2_graph_c_sprint8a_context_edge_film,gatv2,graph_c_context_observation,S5F2_energy,test,558,3420,,1,0.7426995038986206
sprint9_multiseed_S8A_R2_seed2024_S8A_R2_context_edge_film,S8A_R2_context_edge_film,graph_c_gatv2_context_edge_film_interaction,gatv2_graph_c_sprint8a_context_edge_film,gatv2,graph_c_context_observation,S5F2_energy,test,559,3420,,1,0.7277663946151733
sprint9_multiseed_S8A_R2_seed2024_S8A_R2_context_edge_film,S8A_R2_context_edge_film,graph_c_gatv2_context_edge_film_interaction,gatv2_graph_c_sprint8a_context_edge_film,gatv2,graph_c_context_observation,S5F2_energy,test,560,3420,,1,0.6269886493682861
sprint9_multiseed_S8A_R2_seed2024_S8A_R2_context_edge_film,S8A_R2_context_edge_film,graph_c_gatv2_context_edge_film_interaction,gatv2_graph_c_sprint8a_context_edge_film,gatv2,graph_c_context_observation,S5F2_energy,test,561,3420,,1,0.5027675032615662
sprint9_multiseed_S8A_R2_seed2024_S8A_R2_context_edge_film,S8A_R2_context_edge_film,graph_c_gatv2_context_edge_film_interaction,gatv2_graph_c_sprint8a_context_edge_film,gatv2,graph_c_context_observation,S5F2_energy,test,562,3420,,1,0.6210846900939941
sprint9_multiseed_S8A_R2_seed2024_S8A_R2_context_edge_film,S8A_R2_context_edge_film,graph_c_gatv2_context_edge_film_interaction,gatv2_graph_c_sprint8a_context_edge_film,gatv2,graph_c_context_observation,S5F2_energy,test,563,3420,,1,0.7441086769104004
sprint9_multiseed_S8A_R2_seed2024_S8A_R2_context_edge_film,S8A_R2_context_edge_film,graph_c_gatv2_context_edge_film_interaction,gatv2_graph_c_sprint8a_context_edge_film,gatv2,graph_c_context_observation,S5F2_energy,test,564,3420,,1,0.5726150870323181
sprint9_multiseed_S8A_R2_seed2024_S8A_R2_context_edge_film,S8A_R2_context_edge_film,graph_c_gatv2_context_edge_film_interaction,gatv2_graph_c_sprint8a_context_edge_film,gatv2,graph_c_context_observation,S5F2_energy,test,565,3420,,1,0.6137053966522217
sprint9_multiseed_S8A_R2_seed2024_S8A_R2_context_edge_film,S8A_R2_context_edge_film,graph_c_gatv2_context_edge_film_interaction,gatv2_graph_c_sprint8a_context_edge_film,gatv2,graph_c_context_observation,S5F2_energy,test,566,3420,,1,0.6654942631721497
sprint9_multiseed_S8A_R2_seed2024_S8A_R2_context_edge_film,S8A_R2_context_edge_film,graph_c_gatv2_context_edge_film_interaction,gatv2_graph_c_sprint8a_context_edge_film,gatv2,graph_c_context_observation,S5F2_energy,test,567,3420,,1,0.7566912174224854
sprint9_multiseed_S8A_R2_seed2024_S8A_R2_context_edge_film,S8A_R2_context_edge_film,graph_c_gatv2_context_edge_film_interaction,gatv2_graph_c_sprint8a_context_edge_film,gatv2,graph_c_context_observation,S5F2_energy,test,568,3420,,1,0.6478645205497742
sprint9_multiseed_S8A_R2_seed2024_S8A_R2_context_edge_film,S8A_R2_context_edge_film,graph_c_gatv2_context_edge_film_interaction,gatv2_graph_c_sprint8a_context_edge_film,gatv2,graph_c_context_observation,S5F2_energy,test,569,3420,,1,0.6127027273178101
sprint9_multiseed_S8A_R2_seed2024_S8A_R2_context_edge_film,S8A_R2_context_edge_film,graph_c_gatv2_context_edge_film_interaction,gatv2_graph_c_sprint8a_context_edge_film,gatv2,graph_c_context_observation,S5F2_energy,test,570,3420,,1,0.7410520315170288
sprint9_multiseed_S8A_R2_seed2024_S8A_R2_context_edge_film,S8A_R2_context_edge_film,graph_c_gatv2_context_edge_film_interaction,gatv2_graph_c_sprint8a_context_edge_film,gatv2,graph_c_context_observation,S5F2_energy,test,571,3420,,1,0.6868470907211304
sprint9_multiseed_S8A_R2_seed2024_S8A_R2_context_edge_film,S8A_R2_context_edge_film,graph_c_gatv2_context_edge_film_interaction,gatv2_graph_c_sprint8a_context_edge_film,gatv2,graph_c_context_observation,S5F2_energy,test,572,3420,,1,0.7264174222946167
sprint9_multiseed_S8A_R2_seed2024_S8A_R2_context_edge_film,S8A_R2_context_edge_film,graph_c_gatv2_context_edge_film_interaction,gatv2_graph_c_sprint8a_context_edge_film,gatv2,graph_c_context_observation,S5F2_energy,test,573,3420,,1,0.6653944849967957
sprint9_multiseed_S8A_R2_seed2024_S8A_R2_context_edge_film,S8A_R2_context_edge_film,graph_c_gatv2_context_edge_film_interaction,gatv2_graph_c_sprint8a_context_edge_film,gatv2,graph_c_context_observation,S5F2_energy,test,574,3420,,1,0.7643526196479797
sprint9_multiseed_S8A_R2_seed2024_S8A_R2_context_edge_film,S8A_R2_context_edge_film,graph_c_gatv2_context_edge_film_interaction,gatv2_graph_c_sprint8a_context_edge_film,gatv2,graph_c_context_observation,S5F2_energy,test,575,3420,,1,0.7521032094955444
sprint9_multiseed_S8A_R2_seed2024_S8A_R2_context_edge_film,S8A_R2_context_edge_film,graph_c_gatv2_context_edge_film_interaction,gatv2_graph_c_sprint8a_context_edge_film,gatv2,graph_c_context_observation,S5F2_energy,test,576,3420,,1,0.640109121799469
sprint9_multiseed_S8A_R2_seed2024_S8A_R2_context_edge_film,S8A_R2_context_edge_film,graph_c_gatv2_context_edge_film_interaction,gatv2_graph_c_sprint8a_context_edge_film,gatv2,graph_c_context_observation,S5F2_energy,test,577,3420,,1,0.6724744439125061
sprint9_multiseed_S8A_R2_seed2024_S8A_R2_context_edge_film,S8A_R2_context_edge_film,graph_c_gatv2_context_edge_film_interaction,gatv2_graph_c_sprint8a_context_edge_film,gatv2,graph_c_context_observation,S5F2_energy,test,578,3420,,1,0.6565920114517212
sprint9_multiseed_S8A_R2_seed2024_S8A_R2_context_edge_film,S8A_R2_context_edge_film,graph_c_gatv2_context_edge_film_interaction,gatv2_graph_c_sprint8a_context_edge_film,gatv2,graph_c_context_observation,S5F2_energy,test,579,3420,,1,0.7147101759910583
sprint9_multiseed_S8A_R2_seed2024_S8A_R2_context_edge_film,S8A_R2_context_edge_film,graph_c_gatv2_context_edge_film_interaction,gatv2_graph_c_sprint8a_context_edge_film,gatv2,graph_c_context_observation,S5F2_energy,test,580,3420,,1,0.6322718262672424
sprint9_multiseed_S8A_R2_seed2024_S8A_R2_context_edge_film,S8A_R2_context_edge_film,graph_c_gatv2_context_edge_film_interaction,gatv2_graph_c_sprint8a_context_edge_film,gatv2,graph_c_context_observation,S5F2_energy,test,581,3420,,1,0.5995407700538635
sprint9_multiseed_S8A_R2_seed2024_S8A_R2_context_edge_film,S8A_R2_context_edge_film,graph_c_gatv2_context_edge_film_interaction,gatv2_graph_c_sprint8a_context_edge_film,gatv2,graph_c_context_observation,S5F2_energy,test,582,3420,,1,0.706916093826294
sprint9_multiseed_S8A_R2_seed2024_S8A_R2_context_edge_film,S8A_R2_context_edge_film,graph_c_gatv2_context_edge_film_interaction,gatv2_graph_c_sprint8a_context_edge_film,gatv2,graph_c_context_observation,S5F2_energy,test,583,3420,,1,0.6324476003646851
sprint9_multiseed_S8A_R2_seed2024_S8A_R2_context_edge_film,S8A_R2_context_edge_film,graph_c_gatv2_context_edge_film_interaction,gatv2_graph_c_sprint8a_context_edge_film,gatv2,graph_c_context_observation,S5F2_energy,test,584,3420,,1,0.6378600001335144
sprint9_multiseed_S8A_R2_seed2024_S8A_R2_context_edge_film,S8A_R2_context_edge_film,graph_c_gatv2_context_edge_film_interaction,gatv2_graph_c_sprint8a_context_edge_film,gatv2,graph_c_context_observation,S5F2_energy,test,585,3420,,1,0.552773118019104
sprint9_multiseed_S8A_R2_seed2024_S8A_R2_context_edge_film,S8A_R2_context_edge_film,graph_c_gatv2_context_edge_film_interaction,gatv2_graph_c_sprint8a_context_edge_film,gatv2,graph_c_context_observation,S5F2_energy,test,586,3420,,1,0.6345616579055786
sprint9_multiseed_S8A_R2_seed2024_S8A_R2_context_edge_film,S8A_R2_context_edge_film,graph_c_gatv2_context_edge_film_interaction,gatv2_graph_c_sprint8a_context_edge_film,gatv2,graph_c_context_observation,S5F2_energy,test,587,3420,,1,0.6524280309677124
sprint9_multiseed_S8A_R2_seed2024_S8A_R2_context_edge_film,S8A_R2_context_edge_film,graph_c_gatv2_context_edge_film_interaction,gatv2_graph_c_sprint8a_context_edge_film,gatv2,graph_c_context_observation,S5F2_energy,test,588,3420,,1,0.744032621383667
sprint9_multiseed_S8A_R2_seed2024_S8A_R2_context_edge_film,S8A_R2_context_edge_film,graph_c_gatv2_context_edge_film_interaction,gatv2_graph_c_sprint8a_context_edge_film,gatv2,graph_c_context_observation,S5F2_energy,test,589,3420,,1,0.5689895749092102
sprint9_multiseed_S8A_R2_seed2024_S8A_R2_context_edge_film,S8A_R2_context_edge_film,graph_c_gatv2_context_edge_film_interaction,gatv2_graph_c_sprint8a_context_edge_film,gatv2,graph_c_context_observation,S5F2_energy,test,590,3420,,1,0.6286801695823669
sprint9_multiseed_S8A_R2_seed2024_S8A_R2_context_edge_film,S8A_R2_context_edge_film,graph_c_gatv2_context_edge_film_interaction,gatv2_graph_c_sprint8a_context_edge_film,gatv2,graph_c_context_observation,S5F2_energy,test,591,3420,,1,0.5705448389053345
sprint9_multiseed_S8A_R2_seed2024_S8A_R2_context_edge_film,S8A_R2_context_edge_film,graph_c_gatv2_context_edge_film_interaction,gatv2_graph_c_sprint8a_context_edge_film,gatv2,graph_c_context_observation,S5F2_energy,test,592,3420,,1,0.7042503952980042
sprint9_multiseed_S8A_R2_seed2024_S8A_R2_context_edge_film,S8A_R2_context_edge_film,graph_c_gatv2_context_edge_film_interaction,gatv2_graph_c_sprint8a_context_edge_film,gatv2,graph_c_context_observation,S5F2_energy,test,593,3420,,1,0.7832146286964417
sprint9_multiseed_S8A_R2_seed2024_S8A_R2_context_edge_film,S8A_R2_context_edge_film,graph_c_gatv2_context_edge_film_interaction,gatv2_graph_c_sprint8a_context_edge_film,gatv2,graph_c_context_observation,S5F2_energy,test,594,3420,,1,0.6612617373466492
sprint9_multiseed_S8A_R2_seed2024_S8A_R2_context_edge_film,S8A_R2_context_edge_film,graph_c_gatv2_context_edge_film_interaction,gatv2_graph_c_sprint8a_context_edge_film,gatv2,graph_c_context_observation,S5F2_energy,test,595,3420,,1,0.7097736597061157
sprint9_multiseed_S8A_R2_seed2024_S8A_R2_context_edge_film,S8A_R2_context_edge_film,graph_c_gatv2_context_edge_film_interaction,gatv2_graph_c_sprint8a_context_edge_film,gatv2,graph_c_context_observation,S5F2_energy,test,596,3420,,1,0.5304173231124878
sprint9_multiseed_S8A_R2_seed2024_S8A_R2_context_edge_film,S8A_R2_context_edge_film,graph_c_gatv2_context_edge_film_interaction,gatv2_graph_c_sprint8a_context_edge_film,gatv2,graph_c_context_observation,S5F2_energy,test,597,3420,,1,0.6120268702507019
sprint9_multiseed_S8A_R2_seed2024_S8A_R2_context_edge_film,S8A_R2_context_edge_film,graph_c_gatv2_context_edge_film_interaction,gatv2_graph_c_sprint8a_context_edge_film,gatv2,graph_c_context_observation,S5F2_energy,test,598,3420,,1,0.6684640049934387
sprint9_multiseed_S8A_R2_seed2024_S8A_R2_context_edge_film,S8A_R2_context_edge_film,graph_c_gatv2_context_edge_film_interaction,gatv2_graph_c_sprint8a_context_edge_film,gatv2,graph_c_context_observation,S5F2_energy,test,599,3420,,1,0.6980129480361938
sprint9_multiseed_S8A_R2_seed2024_S8A_R2_context_edge_film,S8A_R2_context_edge_film,graph_c_gatv2_context_edge_film_interaction,gatv2_graph_c_sprint8a_context_edge_film,gatv2,graph_c_context_observation,S5F2_energy,test,600,3420,,1,0.582362711429596
sprint9_multiseed_S8A_R2_seed2024_S8A_R2_context_edge_film,S8A_R2_context_edge_film,graph_c_gatv2_context_edge_film_interaction,gatv2_graph_c_sprint8a_context_edge_film,gatv2,graph_c_context_observation,S5F2_energy,test,601,3420,,1,0.6671112775802612
sprint9_multiseed_S8A_R2_seed2024_S8A_R2_context_edge_film,S8A_R2_context_edge_film,graph_c_gatv2_context_edge_film_interaction,gatv2_graph_c_sprint8a_context_edge_film,gatv2,graph_c_context_observation,S5F2_energy,test,602,3420,,1,0.5681860446929932
sprint9_multiseed_S8A_R2_seed2024_S8A_R2_context_edge_film,S8A_R2_context_edge_film,graph_c_gatv2_context_edge_film_interaction,gatv2_graph_c_sprint8a_context_edge_film,gatv2,graph_c_context_observation,S5F2_energy,test,603,3420,,1,0.6379907727241516
sprint9_multiseed_S8A_R2_seed2024_S8A_R2_context_edge_film,S8A_R2_context_edge_film,graph_c_gatv2_context_edge_film_interaction,gatv2_graph_c_sprint8a_context_edge_film,gatv2,graph_c_context_observation,S5F2_energy,test,604,3420,,1,0.6318212747573853
sprint9_multiseed_S8A_R2_seed2024_S8A_R2_context_edge_film,S8A_R2_context_edge_film,graph_c_gatv2_context_edge_film_interaction,gatv2_graph_c_sprint8a_context_edge_film,gatv2,graph_c_context_observation,S5F2_energy,test,605,3420,,1,0.7426090836524963
sprint9_multiseed_S8A_R2_seed2024_S8A_R2_context_edge_film,S8A_R2_context_edge_film,graph_c_gatv2_context_edge_film_interaction,gatv2_graph_c_sprint8a_context_edge_film,gatv2,graph_c_context_observation,S5F2_energy,test,606,3420,,1,0.6352102756500244
sprint9_multiseed_S8A_R2_seed2024_S8A_R2_context_edge_film,S8A_R2_context_edge_film,graph_c_gatv2_context_edge_film_interaction,gatv2_graph_c_sprint8a_context_edge_film,gatv2,graph_c_context_observation,S5F2_energy,test,607,3420,,1,0.682235598564148
sprint9_multiseed_S8A_R2_seed2024_S8A_R2_context_edge_film,S8A_R2_context_edge_film,graph_c_gatv2_context_edge_film_interaction,gatv2_graph_c_sprint8a_context_edge_film,gatv2,graph_c_context_observation,S5F2_energy,test,608,3420,,1,0.6343903541564941
sprint9_multiseed_S8A_R2_seed2024_S8A_R2_context_edge_film,S8A_R2_context_edge_film,graph_c_gatv2_context_edge_film_interaction,gatv2_graph_c_sprint8a_context_edge_film,gatv2,graph_c_context_observation,S5F2_energy,test,609,3420,,1,0.7120232582092285
sprint9_multiseed_S8A_R2_seed2024_S8A_R2_context_edge_film,S8A_R2_context_edge_film,graph_c_gatv2_context_edge_film_interaction,gatv2_graph_c_sprint8a_context_edge_film,gatv2,graph_c_context_observation,S5F2_energy,test,610,3420,,1,0.7331966161727905
sprint9_multiseed_S8A_R2_seed2024_S8A_R2_context_edge_film,S8A_R2_context_edge_film,graph_c_gatv2_context_edge_film_interaction,gatv2_graph_c_sprint8a_context_edge_film,gatv2,graph_c_context_observation,S5F2_energy,test,611,3420,,1,0.6230408549308777
sprint9_multiseed_S8A_R2_seed2024_S8A_R2_context_edge_film,S8A_R2_context_edge_film,graph_c_gatv2_context_edge_film_interaction,gatv2_graph_c_sprint8a_context_edge_film,gatv2,graph_c_context_observation,S5F2_energy,test,612,3420,,1,0.7133219838142395
sprint9_multiseed_S8A_R2_seed2024_S8A_R2_context_edge_film,S8A_R2_context_edge_film,graph_c_gatv2_context_edge_film_interaction,gatv2_graph_c_sprint8a_context_edge_film,gatv2,graph_c_context_observation,S5F2_energy,test,613,3420,,1,0.6764256358146667
sprint9_multiseed_S8A_R2_seed2024_S8A_R2_context_edge_film,S8A_R2_context_edge_film,graph_c_gatv2_context_edge_film_interaction,gatv2_graph_c_sprint8a_context_edge_film,gatv2,graph_c_context_observation,S5F2_energy,test,614,3420,,1,0.5887234210968018
sprint9_multiseed_S8A_R2_seed2024_S8A_R2_context_edge_film,S8A_R2_context_edge_film,graph_c_gatv2_context_edge_film_interaction,gatv2_graph_c_sprint8a_context_edge_film,gatv2,graph_c_context_observation,S5F2_energy,test,615,3420,,1,0.6981256604194641
sprint9_multiseed_S8A_R2_seed2024_S8A_R2_context_edge_film,S8A_R2_context_edge_film,graph_c_gatv2_context_edge_film_interaction,gatv2_graph_c_sprint8a_context_edge_film,gatv2,graph_c_context_observation,S5F2_energy,test,616,3420,,1,0.6438353061676025
sprint9_multiseed_S8A_R2_seed2024_S8A_R2_context_edge_film,S8A_R2_context_edge_film,graph_c_gatv2_context_edge_film_interaction,gatv2_graph_c_sprint8a_context_edge_film,gatv2,graph_c_context_observation,S5F2_energy,test,617,3420,,1,0.5511277318000793
sprint9_multiseed_S8A_R2_seed2024_S8A_R2_context_edge_film,S8A_R2_context_edge_film,graph_c_gatv2_context_edge_film_interaction,gatv2_graph_c_sprint8a_context_edge_film,gatv2,graph_c_context_observation,S5F2_energy,test,618,3420,,1,0.5991896390914917
sprint9_multiseed_S8A_R2_seed2024_S8A_R2_context_edge_film,S8A_R2_context_edge_film,graph_c_gatv2_context_edge_film_interaction,gatv2_graph_c_sprint8a_context_edge_film,gatv2,graph_c_context_observation,S5F2_energy,test,619,3420,,1,0.679302453994751
sprint9_multiseed_S8A_R2_seed2024_S8A_R2_context_edge_film,S8A_R2_context_edge_film,graph_c_gatv2_context_edge_film_interaction,gatv2_graph_c_sprint8a_context_edge_film,gatv2,graph_c_context_observation,S5F2_energy,test,620,3420,,1,0.7472684979438782
sprint9_multiseed_S8A_R2_seed2024_S8A_R2_context_edge_film,S8A_R2_context_edge_film,graph_c_gatv2_context_edge_film_interaction,gatv2_graph_c_sprint8a_context_edge_film,gatv2,graph_c_context_observation,S5F2_energy,test,621,3420,,1,0.7347576022148132
sprint9_multiseed_S8A_R2_seed2024_S8A_R2_context_edge_film,S8A_R2_context_edge_film,graph_c_gatv2_context_edge_film_interaction,gatv2_graph_c_sprint8a_context_edge_film,gatv2,graph_c_context_observation,S5F2_energy,test,622,3420,,1,0.6721799373626709
sprint9_multiseed_S8A_R2_seed2024_S8A_R2_context_edge_film,S8A_R2_context_edge_film,graph_c_gatv2_context_edge_film_interaction,gatv2_graph_c_sprint8a_context_edge_film,gatv2,graph_c_context_observation,S5F2_energy,test,623,3420,,1,0.5909343957901001
sprint9_multiseed_S8A_R2_seed2024_S8A_R2_context_edge_film,S8A_R2_context_edge_film,graph_c_gatv2_context_edge_film_interaction,gatv2_graph_c_sprint8a_context_edge_film,gatv2,graph_c_context_observation,S5F2_energy,test,624,3420,,1,0.6462159156799316
sprint9_multiseed_S8A_R2_seed2024_S8A_R2_context_edge_film,S8A_R2_context_edge_film,graph_c_gatv2_context_edge_film_interaction,gatv2_graph_c_sprint8a_context_edge_film,gatv2,graph_c_context_observation,S5F2_energy,test,625,3420,,1,0.6761142611503601
sprint9_multiseed_S8A_R2_seed2024_S8A_R2_context_edge_film,S8A_R2_context_edge_film,graph_c_gatv2_context_edge_film_interaction,gatv2_graph_c_sprint8a_context_edge_film,gatv2,graph_c_context_observation,S5F2_energy,test,626,3420,,1,0.5563487410545349
sprint9_multiseed_S8A_R2_seed2024_S8A_R2_context_edge_film,S8A_R2_context_edge_film,graph_c_gatv2_context_edge_film_interaction,gatv2_graph_c_sprint8a_context_edge_film,gatv2,graph_c_context_observation,S5F2_energy,test,627,3420,,1,0.5671109557151794
sprint9_multiseed_S8A_R2_seed2024_S8A_R2_context_edge_film,S8A_R2_context_edge_film,graph_c_gatv2_context_edge_film_interaction,gatv2_graph_c_sprint8a_context_edge_film,gatv2,graph_c_context_observation,S5F2_energy,test,628,3420,,1,0.6590849757194519
sprint9_multiseed_S8A_R2_seed2024_S8A_R2_context_edge_film,S8A_R2_context_edge_film,graph_c_gatv2_context_edge_film_interaction,gatv2_graph_c_sprint8a_context_edge_film,gatv2,graph_c_context_observation,S5F2_energy,test,629,3420,,1,0.7782215476036072
sprint9_multiseed_S8A_R2_seed2024_S8A_R2_context_edge_film,S8A_R2_context_edge_film,graph_c_gatv2_context_edge_film_interaction,gatv2_graph_c_sprint8a_context_edge_film,gatv2,graph_c_context_observation,S5F2_energy,test,630,3420,,1,0.6054278016090393
sprint9_multiseed_S8A_R2_seed2024_S8A_R2_context_edge_film,S8A_R2_context_edge_film,graph_c_gatv2_context_edge_film_interaction,gatv2_graph_c_sprint8a_context_edge_film,gatv2,graph_c_context_observation,S5F2_energy,test,631,3420,,1,0.6010187268257141
sprint9_multiseed_S8A_R2_seed2024_S8A_R2_context_edge_film,S8A_R2_context_edge_film,graph_c_gatv2_context_edge_film_interaction,gatv2_graph_c_sprint8a_context_edge_film,gatv2,graph_c_context_observation,S5F2_energy,test,632,3420,,1,0.6833766102790833
sprint9_multiseed_S8A_R2_seed2024_S8A_R2_context_edge_film,S8A_R2_context_edge_film,graph_c_gatv2_context_edge_film_interaction,gatv2_graph_c_sprint8a_context_edge_film,gatv2,graph_c_context_observation,S5F2_energy,test,633,3420,,1,0.7016133666038513
sprint9_multiseed_S8A_R2_seed2024_S8A_R2_context_edge_film,S8A_R2_context_edge_film,graph_c_gatv2_context_edge_film_interaction,gatv2_graph_c_sprint8a_context_edge_film,gatv2,graph_c_context_observation,S5F2_energy,test,634,3420,,1,0.7070314884185791
sprint9_multiseed_S8A_R2_seed2024_S8A_R2_context_edge_film,S8A_R2_context_edge_film,graph_c_gatv2_context_edge_film_interaction,gatv2_graph_c_sprint8a_context_edge_film,gatv2,graph_c_context_observation,S5F2_energy,test,635,3420,,1,0.5566840171813965
sprint9_multiseed_S8A_R2_seed2024_S8A_R2_context_edge_film,S8A_R2_context_edge_film,graph_c_gatv2_context_edge_film_interaction,gatv2_graph_c_sprint8a_context_edge_film,gatv2,graph_c_context_observation,S5F2_energy,test,636,3420,,1,0.682065486907959
sprint9_multiseed_S8A_R2_seed2024_S8A_R2_context_edge_film,S8A_R2_context_edge_film,graph_c_gatv2_context_edge_film_interaction,gatv2_graph_c_sprint8a_context_edge_film,gatv2,graph_c_context_observation,S5F2_energy,test,637,3420,,1,0.7292331457138062
sprint9_multiseed_S8A_R2_seed2024_S8A_R2_context_edge_film,S8A_R2_context_edge_film,graph_c_gatv2_context_edge_film_interaction,gatv2_graph_c_sprint8a_context_edge_film,gatv2,graph_c_context_observation,S5F2_energy,test,638,3420,,1,0.7957042455673218
sprint9_multiseed_S8A_R2_seed2024_S8A_R2_context_edge_film,S8A_R2_context_edge_film,graph_c_gatv2_context_edge_film_interaction,gatv2_graph_c_sprint8a_context_edge_film,gatv2,graph_c_context_observation,S5F2_energy,test,639,3420,,1,0.6640508770942688
sprint9_multiseed_S8A_R2_seed2024_S8A_R2_context_edge_film,S8A_R2_context_edge_film,graph_c_gatv2_context_edge_film_interaction,gatv2_graph_c_sprint8a_context_edge_film,gatv2,graph_c_context_observation,S5F2_energy,test,640,3420,,1,0.6238634586334229
sprint9_multiseed_S8A_R2_seed2024_S8A_R2_context_edge_film,S8A_R2_context_edge_film,graph_c_gatv2_context_edge_film_interaction,gatv2_graph_c_sprint8a_context_edge_film,gatv2,graph_c_context_observation,S5F2_energy,test,641,3420,,1,0.625394344329834
sprint9_multiseed_S8A_R2_seed2024_S8A_R2_context_edge_film,S8A_R2_context_edge_film,graph_c_gatv2_context_edge_film_interaction,gatv2_graph_c_sprint8a_context_edge_film,gatv2,graph_c_context_observation,S5F2_energy,test,642,7696,,1,0.6123416423797607
sprint9_multiseed_S8A_R2_seed2024_S8A_R2_context_edge_film,S8A_R2_context_edge_film,graph_c_gatv2_context_edge_film_interaction,gatv2_graph_c_sprint8a_context_edge_film,gatv2,graph_c_context_observation,S5F2_energy,test,643,7696,,1,0.38442742824554443
sprint9_multiseed_S8A_R2_seed2024_S8A_R2_context_edge_film,S8A_R2_context_edge_film,graph_c_gatv2_context_edge_film_interaction,gatv2_graph_c_sprint8a_context_edge_film,gatv2,graph_c_context_observation,S5F2_energy,test,644,7696,,1,0.45004168152809143
sprint9_multiseed_S8A_R2_seed2024_S8A_R2_context_edge_film,S8A_R2_context_edge_film,graph_c_gatv2_context_edge_film_interaction,gatv2_graph_c_sprint8a_context_edge_film,gatv2,graph_c_context_observation,S5F2_energy,test,645,7696,,1,0.44866716861724854
sprint9_multiseed_S8A_R2_seed2024_S8A_R2_context_edge_film,S8A_R2_context_edge_film,graph_c_gatv2_context_edge_film_interaction,gatv2_graph_c_sprint8a_context_edge_film,gatv2,graph_c_context_observation,S5F2_energy,test,646,7696,,1,0.49070775508880615
sprint9_multiseed_S8A_R2_seed2024_S8A_R2_context_edge_film,S8A_R2_context_edge_film,graph_c_gatv2_context_edge_film_interaction,gatv2_graph_c_sprint8a_context_edge_film,gatv2,graph_c_context_observation,S5F2_energy,test,647,7696,,1,0.5325745940208435
sprint9_multiseed_S8A_R2_seed2024_S8A_R2_context_edge_film,S8A_R2_context_edge_film,graph_c_gatv2_context_edge_film_interaction,gatv2_graph_c_sprint8a_context_edge_film,gatv2,graph_c_context_observation,S5F2_energy,test,648,7696,,1,0.38299551606178284
sprint9_multiseed_S8A_R2_seed2024_S8A_R2_context_edge_film,S8A_R2_context_edge_film,graph_c_gatv2_context_edge_film_interaction,gatv2_graph_c_sprint8a_context_edge_film,gatv2,graph_c_context_observation,S5F2_energy,test,649,7696,,1,0.45472443103790283
sprint9_multiseed_S8A_R2_seed2024_S8A_R2_context_edge_film,S8A_R2_context_edge_film,graph_c_gatv2_context_edge_film_interaction,gatv2_graph_c_sprint8a_context_edge_film,gatv2,graph_c_context_observation,S5F2_energy,test,650,7696,,1,0.45199960470199585
sprint9_multiseed_S8A_R2_seed2024_S8A_R2_context_edge_film,S8A_R2_context_edge_film,graph_c_gatv2_context_edge_film_interaction,gatv2_graph_c_sprint8a_context_edge_film,gatv2,graph_c_context_observation,S5F2_energy,test,651,7696,,1,0.46756821870803833
sprint9_multiseed_S8A_R2_seed2024_S8A_R2_context_edge_film,S8A_R2_context_edge_film,graph_c_gatv2_context_edge_film_interaction,gatv2_graph_c_sprint8a_context_edge_film,gatv2,graph_c_context_observation,S5F2_energy,test,652,7696,,1,0.5117767453193665
sprint9_multiseed_S8A_R2_seed2024_S8A_R2_context_edge_film,S8A_R2_context_edge_film,graph_c_gatv2_context_edge_film_interaction,gatv2_graph_c_sprint8a_context_edge_film,gatv2,graph_c_context_observation,S5F2_energy,test,653,7696,,1,0.3866185247898102
sprint9_multiseed_S8A_R2_seed2024_S8A_R2_context_edge_film,S8A_R2_context_edge_film,graph_c_gatv2_context_edge_film_interaction,gatv2_graph_c_sprint8a_context_edge_film,gatv2,graph_c_context_observation,S5F2_energy,test,654,7696,,1,0.5899949073791504
sprint9_multiseed_S8A_R2_seed2024_S8A_R2_context_edge_film,S8A_R2_context_edge_film,graph_c_gatv2_context_edge_film_interaction,gatv2_graph_c_sprint8a_context_edge_film,gatv2,graph_c_context_observation,S5F2_energy,test,655,7696,,1,0.5069177746772766
sprint9_multiseed_S8A_R2_seed2024_S8A_R2_context_edge_film,S8A_R2_context_edge_film,graph_c_gatv2_context_edge_film_interaction,gatv2_graph_c_sprint8a_context_edge_film,gatv2,graph_c_context_observation,S5F2_energy,test,656,7696,,1,0.3641837239265442
sprint9_multiseed_S8A_R2_seed2024_S8A_R2_context_edge_film,S8A_R2_context_edge_film,graph_c_gatv2_context_edge_film_interaction,gatv2_graph_c_sprint8a_context_edge_film,gatv2,graph_c_context_observation,S5F2_energy,test,657,7696,,1,0.4887690842151642
sprint9_multiseed_S8A_R2_seed2024_S8A_R2_context_edge_film,S8A_R2_context_edge_film,graph_c_gatv2_context_edge_film_interaction,gatv2_graph_c_sprint8a_context_edge_film,gatv2,graph_c_context_observation,S5F2_energy,test,658,7696,,1,0.49691930413246155
sprint9_multiseed_S8A_R2_seed2024_S8A_R2_context_edge_film,S8A_R2_context_edge_film,graph_c_gatv2_context_edge_film_interaction,gatv2_graph_c_sprint8a_context_edge_film,gatv2,graph_c_context_observation,S5F2_energy,test,659,7696,,1,0.4292692542076111
sprint9_multiseed_S8A_R2_seed2024_S8A_R2_context_edge_film,S8A_R2_context_edge_film,graph_c_gatv2_context_edge_film_interaction,gatv2_graph_c_sprint8a_context_edge_film,gatv2,graph_c_context_observation,S5F2_energy,test,660,7696,,1,0.5438121557235718
sprint9_multiseed_S8A_R2_seed2024_S8A_R2_context_edge_film,S8A_R2_context_edge_film,graph_c_gatv2_context_edge_film_interaction,gatv2_graph_c_sprint8a_context_edge_film,gatv2,graph_c_context_observation,S5F2_energy,test,661,7696,,1,0.5355721116065979
sprint9_multiseed_S8A_R2_seed2024_S8A_R2_context_edge_film,S8A_R2_context_edge_film,graph_c_gatv2_context_edge_film_interaction,gatv2_graph_c_sprint8a_context_edge_film,gatv2,graph_c_context_observation,S5F2_energy,test,662,7696,,1,0.3546341359615326
sprint9_multiseed_S8A_R2_seed2024_S8A_R2_context_edge_film,S8A_R2_context_edge_film,graph_c_gatv2_context_edge_film_interaction,gatv2_graph_c_sprint8a_context_edge_film,gatv2,graph_c_context_observation,S5F2_energy,test,663,7696,,1,0.33672723174095154
sprint9_multiseed_S8A_R2_seed2024_S8A_R2_context_edge_film,S8A_R2_context_edge_film,graph_c_gatv2_context_edge_film_interaction,gatv2_graph_c_sprint8a_context_edge_film,gatv2,graph_c_context_observation,S5F2_energy,test,664,7696,,1,0.4125775992870331
sprint9_multiseed_S8A_R2_seed2024_S8A_R2_context_edge_film,S8A_R2_context_edge_film,graph_c_gatv2_context_edge_film_interaction,gatv2_graph_c_sprint8a_context_edge_film,gatv2,graph_c_context_observation,S5F2_energy,test,665,7696,,1,0.5352126359939575
sprint9_multiseed_S8A_R2_seed2024_S8A_R2_context_edge_film,S8A_R2_context_edge_film,graph_c_gatv2_context_edge_film_interaction,gatv2_graph_c_sprint8a_context_edge_film,gatv2,graph_c_context_observation,S5F2_energy,test,666,7696,,1,0.41575488448143005
sprint9_multiseed_S8A_R2_seed2024_S8A_R2_context_edge_film,S8A_R2_context_edge_film,graph_c_gatv2_context_edge_film_interaction,gatv2_graph_c_sprint8a_context_edge_film,gatv2,graph_c_context_observation,S5F2_energy,test,667,7696,,1,0.4658544361591339
sprint9_multiseed_S8A_R2_seed2024_S8A_R2_context_edge_film,S8A_R2_context_edge_film,graph_c_gatv2_context_edge_film_interaction,gatv2_graph_c_sprint8a_context_edge_film,gatv2,graph_c_context_observation,S5F2_energy,test,668,7696,,1,0.3102473318576813
sprint9_multiseed_S8A_R2_seed2024_S8A_R2_context_edge_film,S8A_R2_context_edge_film,graph_c_gatv2_context_edge_film_interaction,gatv2_graph_c_sprint8a_context_edge_film,gatv2,graph_c_context_observation,S5F2_energy,test,669,7696,,1,0.44718480110168457
sprint9_multiseed_S8A_R2_seed2024_S8A_R2_context_edge_film,S8A_R2_context_edge_film,graph_c_gatv2_context_edge_film_interaction,gatv2_graph_c_sprint8a_context_edge_film,gatv2,graph_c_context_observation,S5F2_energy,test,670,7696,,1,0.4831305742263794
sprint9_multiseed_S8A_R2_seed2024_S8A_R2_context_edge_film,S8A_R2_context_edge_film,graph_c_gatv2_context_edge_film_interaction,gatv2_graph_c_sprint8a_context_edge_film,gatv2,graph_c_context_observation,S5F2_energy,test,671,7696,,1,0.48093441128730774
sprint9_multiseed_S8A_R2_seed2024_S8A_R2_context_edge_film,S8A_R2_context_edge_film,graph_c_gatv2_context_edge_film_interaction,gatv2_graph_c_sprint8a_context_edge_film,gatv2,graph_c_context_observation,S5F2_energy,test,672,7696,,1,0.43251216411590576
sprint9_multiseed_S8A_R2_seed2024_S8A_R2_context_edge_film,S8A_R2_context_edge_film,graph_c_gatv2_context_edge_film_interaction,gatv2_graph_c_sprint8a_context_edge_film,gatv2,graph_c_context_observation,S5F2_energy,test,673,7696,,1,0.3630417287349701
sprint9_multiseed_S8A_R2_seed2024_S8A_R2_context_edge_film,S8A_R2_context_edge_film,graph_c_gatv2_context_edge_film_interaction,gatv2_graph_c_sprint8a_context_edge_film,gatv2,graph_c_context_observation,S5F2_energy,test,674,7696,,1,0.4660383462905884
sprint9_multiseed_S8A_R2_seed2024_S8A_R2_context_edge_film,S8A_R2_context_edge_film,graph_c_gatv2_context_edge_film_interaction,gatv2_graph_c_sprint8a_context_edge_film,gatv2,graph_c_context_observation,S5F2_energy,test,675,7696,,1,0.40946388244628906
sprint9_multiseed_S8A_R2_seed2024_S8A_R2_context_edge_film,S8A_R2_context_edge_film,graph_c_gatv2_context_edge_film_interaction,gatv2_graph_c_sprint8a_context_edge_film,gatv2,graph_c_context_observation,S5F2_energy,test,676,7696,,1,0.3796245753765106
sprint9_multiseed_S8A_R2_seed2024_S8A_R2_context_edge_film,S8A_R2_context_edge_film,graph_c_gatv2_context_edge_film_interaction,gatv2_graph_c_sprint8a_context_edge_film,gatv2,graph_c_context_observation,S5F2_energy,test,677,7696,,1,0.3051580786705017
sprint9_multiseed_S8A_R2_seed2024_S8A_R2_context_edge_film,S8A_R2_context_edge_film,graph_c_gatv2_context_edge_film_interaction,gatv2_graph_c_sprint8a_context_edge_film,gatv2,graph_c_context_observation,S5F2_energy,test,678,7696,,1,0.4694414436817169
sprint9_multiseed_S8A_R2_seed2024_S8A_R2_context_edge_film,S8A_R2_context_edge_film,graph_c_gatv2_context_edge_film_interaction,gatv2_graph_c_sprint8a_context_edge_film,gatv2,graph_c_context_observation,S5F2_energy,test,679,7696,,1,0.3937550187110901
sprint9_multiseed_S8A_R2_seed2024_S8A_R2_context_edge_film,S8A_R2_context_edge_film,graph_c_gatv2_context_edge_film_interaction,gatv2_graph_c_sprint8a_context_edge_film,gatv2,graph_c_context_observation,S5F2_energy,test,680,7696,,1,0.4378759264945984
sprint9_multiseed_S8A_R2_seed2024_S8A_R2_context_edge_film,S8A_R2_context_edge_film,graph_c_gatv2_context_edge_film_interaction,gatv2_graph_c_sprint8a_context_edge_film,gatv2,graph_c_context_observation,S5F2_energy,test,681,7696,,1,0.5196489095687866
sprint9_multiseed_S8A_R2_seed2024_S8A_R2_context_edge_film,S8A_R2_context_edge_film,graph_c_gatv2_context_edge_film_interaction,gatv2_graph_c_sprint8a_context_edge_film,gatv2,graph_c_context_observation,S5F2_energy,test,682,7696,,1,0.5019223690032959
sprint9_multiseed_S8A_R2_seed2024_S8A_R2_context_edge_film,S8A_R2_context_edge_film,graph_c_gatv2_context_edge_film_interaction,gatv2_graph_c_sprint8a_context_edge_film,gatv2,graph_c_context_observation,S5F2_energy,test,683,7696,,1,0.315173476934433
sprint9_multiseed_S8A_R2_seed2024_S8A_R2_context_edge_film,S8A_R2_context_edge_film,graph_c_gatv2_context_edge_film_interaction,gatv2_graph_c_sprint8a_context_edge_film,gatv2,graph_c_context_observation,S5F2_energy,test,684,7696,,1,0.5115389227867126
sprint9_multiseed_S8A_R2_seed2024_S8A_R2_context_edge_film,S8A_R2_context_edge_film,graph_c_gatv2_context_edge_film_interaction,gatv2_graph_c_sprint8a_context_edge_film,gatv2,graph_c_context_observation,S5F2_energy,test,685,7696,,1,0.44501012563705444
sprint9_multiseed_S8A_R2_seed2024_S8A_R2_context_edge_film,S8A_R2_context_edge_film,graph_c_gatv2_context_edge_film_interaction,gatv2_graph_c_sprint8a_context_edge_film,gatv2,graph_c_context_observation,S5F2_energy,test,686,7696,,1,0.36401259899139404
sprint9_multiseed_S8A_R2_seed2024_S8A_R2_context_edge_film,S8A_R2_context_edge_film,graph_c_gatv2_context_edge_film_interaction,gatv2_graph_c_sprint8a_context_edge_film,gatv2,graph_c_context_observation,S5F2_energy,test,687,7696,,1,0.4185010492801666
sprint9_multiseed_S8A_R2_seed2024_S8A_R2_context_edge_film,S8A_R2_context_edge_film,graph_c_gatv2_context_edge_film_interaction,gatv2_graph_c_sprint8a_context_edge_film,gatv2,graph_c_context_observation,S5F2_energy,test,688,7696,,1,0.25027433037757874
sprint9_multiseed_S8A_R2_seed2024_S8A_R2_context_edge_film,S8A_R2_context_edge_film,graph_c_gatv2_context_edge_film_interaction,gatv2_graph_c_sprint8a_context_edge_film,gatv2,graph_c_context_observation,S5F2_energy,test,689,7696,,1,0.39533281326293945
sprint9_multiseed_S8A_R2_seed2024_S8A_R2_context_edge_film,S8A_R2_context_edge_film,graph_c_gatv2_context_edge_film_interaction,gatv2_graph_c_sprint8a_context_edge_film,gatv2,graph_c_context_observation,S5F2_energy,test,690,7696,,1,0.4193838834762573
sprint9_multiseed_S8A_R2_seed2024_S8A_R2_context_edge_film,S8A_R2_context_edge_film,graph_c_gatv2_context_edge_film_interaction,gatv2_graph_c_sprint8a_context_edge_film,gatv2,graph_c_context_observation,S5F2_energy,test,691,7696,,1,0.4206012785434723
sprint9_multiseed_S8A_R2_seed2024_S8A_R2_context_edge_film,S8A_R2_context_edge_film,graph_c_gatv2_context_edge_film_interaction,gatv2_graph_c_sprint8a_context_edge_film,gatv2,graph_c_context_observation,S5F2_energy,test,692,7696,,1,0.5309531092643738
sprint9_multiseed_S8A_R2_seed2024_S8A_R2_context_edge_film,S8A_R2_context_edge_film,graph_c_gatv2_context_edge_film_interaction,gatv2_graph_c_sprint8a_context_edge_film,gatv2,graph_c_context_observation,S5F2_energy,test,693,7696,,1,0.5049268007278442
sprint9_multiseed_S8A_R2_seed2024_S8A_R2_context_edge_film,S8A_R2_context_edge_film,graph_c_gatv2_context_edge_film_interaction,gatv2_graph_c_sprint8a_context_edge_film,gatv2,graph_c_context_observation,S5F2_energy,test,694,7696,,1,0.3659391701221466
sprint9_multiseed_S8A_R2_seed2024_S8A_R2_context_edge_film,S8A_R2_context_edge_film,graph_c_gatv2_context_edge_film_interaction,gatv2_graph_c_sprint8a_context_edge_film,gatv2,graph_c_context_observation,S5F2_energy,test,695,7696,,1,0.4152574837207794
sprint9_multiseed_S8A_R2_seed2024_S8A_R2_context_edge_film,S8A_R2_context_edge_film,graph_c_gatv2_context_edge_film_interaction,gatv2_graph_c_sprint8a_context_edge_film,gatv2,graph_c_context_observation,S5F2_energy,test,696,7696,,1,0.3673352003097534
sprint9_multiseed_S8A_R2_seed2024_S8A_R2_context_edge_film,S8A_R2_context_edge_film,graph_c_gatv2_context_edge_film_interaction,gatv2_graph_c_sprint8a_context_edge_film,gatv2,graph_c_context_observation,S5F2_energy,test,697,7696,,1,0.3376029431819916
sprint9_multiseed_S8A_R2_seed2024_S8A_R2_context_edge_film,S8A_R2_context_edge_film,graph_c_gatv2_context_edge_film_interaction,gatv2_graph_c_sprint8a_context_edge_film,gatv2,graph_c_context_observation,S5F2_energy,test,698,7696,,1,0.564322292804718
sprint9_multiseed_S8A_R2_seed2024_S8A_R2_context_edge_film,S8A_R2_context_edge_film,graph_c_gatv2_context_edge_film_interaction,gatv2_graph_c_sprint8a_context_edge_film,gatv2,graph_c_context_observation,S5F2_energy,test,699,7696,,1,0.29296594858169556
sprint9_multiseed_S8A_R2_seed2024_S8A_R2_context_edge_film,S8A_R2_context_edge_film,graph_c_gatv2_context_edge_film_interaction,gatv2_graph_c_sprint8a_context_edge_film,gatv2,graph_c_context_observation,S5F2_energy,test,700,7696,,1,0.4123500883579254
sprint9_multiseed_S8A_R2_seed2024_S8A_R2_context_edge_film,S8A_R2_context_edge_film,graph_c_gatv2_context_edge_film_interaction,gatv2_graph_c_sprint8a_context_edge_film,gatv2,graph_c_context_observation,S5F2_energy,test,701,7696,,1,0.35301458835601807
sprint9_multiseed_S8A_R2_seed2024_S8A_R2_context_edge_film,S8A_R2_context_edge_film,graph_c_gatv2_context_edge_film_interaction,gatv2_graph_c_sprint8a_context_edge_film,gatv2,graph_c_context_observation,S5F2_energy,test,702,7696,,1,0.4085078537464142
sprint9_multiseed_S8A_R2_seed2024_S8A_R2_context_edge_film,S8A_R2_context_edge_film,graph_c_gatv2_context_edge_film_interaction,gatv2_graph_c_sprint8a_context_edge_film,gatv2,graph_c_context_observation,S5F2_energy,test,703,7696,,1,0.4291223883628845
sprint9_multiseed_S8A_R2_seed2024_S8A_R2_context_edge_film,S8A_R2_context_edge_film,graph_c_gatv2_context_edge_film_interaction,gatv2_graph_c_sprint8a_context_edge_film,gatv2,graph_c_context_observation,S5F2_energy,test,704,7696,,1,0.478722482919693
sprint9_multiseed_S8A_R2_seed2024_S8A_R2_context_edge_film,S8A_R2_context_edge_film,graph_c_gatv2_context_edge_film_interaction,gatv2_graph_c_sprint8a_context_edge_film,gatv2,graph_c_context_observation,S5F2_energy,test,705,7696,,1,0.4354103207588196
sprint9_multiseed_S8A_R2_seed2024_S8A_R2_context_edge_film,S8A_R2_context_edge_film,graph_c_gatv2_context_edge_film_interaction,gatv2_graph_c_sprint8a_context_edge_film,gatv2,graph_c_context_observation,S5F2_energy,test,706,7696,,1,0.47819972038269043
sprint9_multiseed_S8A_R2_seed2024_S8A_R2_context_edge_film,S8A_R2_context_edge_film,graph_c_gatv2_context_edge_film_interaction,gatv2_graph_c_sprint8a_context_edge_film,gatv2,graph_c_context_observation,S5F2_energy,test,707,7696,,1,0.4188677668571472
sprint9_multiseed_S8A_R2_seed2024_S8A_R2_context_edge_film,S8A_R2_context_edge_film,graph_c_gatv2_context_edge_film_interaction,gatv2_graph_c_sprint8a_context_edge_film,gatv2,graph_c_context_observation,S5F2_energy,test,708,7696,,1,0.332984983921051
sprint9_multiseed_S8A_R2_seed2024_S8A_R2_context_edge_film,S8A_R2_context_edge_film,graph_c_gatv2_context_edge_film_interaction,gatv2_graph_c_sprint8a_context_edge_film,gatv2,graph_c_context_observation,S5F2_energy,test,709,7696,,1,0.3925493359565735
sprint9_multiseed_S8A_R2_seed2024_S8A_R2_context_edge_film,S8A_R2_context_edge_film,graph_c_gatv2_context_edge_film_interaction,gatv2_graph_c_sprint8a_context_edge_film,gatv2,graph_c_context_observation,S5F2_energy,test,710,7696,,1,0.47709280252456665
sprint9_multiseed_S8A_R2_seed2024_S8A_R2_context_edge_film,S8A_R2_context_edge_film,graph_c_gatv2_context_edge_film_interaction,gatv2_graph_c_sprint8a_context_edge_film,gatv2,graph_c_context_observation,S5F2_energy,test,711,7696,,1,0.45789283514022827
sprint9_multiseed_S8A_R2_seed2024_S8A_R2_context_edge_film,S8A_R2_context_edge_film,graph_c_gatv2_context_edge_film_interaction,gatv2_graph_c_sprint8a_context_edge_film,gatv2,graph_c_context_observation,S5F2_energy,test,712,7696,,1,0.4171949028968811
sprint9_multiseed_S8A_R2_seed2024_S8A_R2_context_edge_film,S8A_R2_context_edge_film,graph_c_gatv2_context_edge_film_interaction,gatv2_graph_c_sprint8a_context_edge_film,gatv2,graph_c_context_observation,S5F2_energy,test,713,7696,,1,0.5102119445800781
sprint9_multiseed_S8A_R2_seed2024_S8A_R2_context_edge_film,S8A_R2_context_edge_film,graph_c_gatv2_context_edge_film_interaction,gatv2_graph_c_sprint8a_context_edge_film,gatv2,graph_c_context_observation,S5F2_energy,test,714,7696,,1,0.4566456377506256
sprint9_multiseed_S8A_R2_seed2024_S8A_R2_context_edge_film,S8A_R2_context_edge_film,graph_c_gatv2_context_edge_film_interaction,gatv2_graph_c_sprint8a_context_edge_film,gatv2,graph_c_context_observation,S5F2_energy,test,715,7696,,1,0.4396364986896515
sprint9_multiseed_S8A_R2_seed2024_S8A_R2_context_edge_film,S8A_R2_context_edge_film,graph_c_gatv2_context_edge_film_interaction,gatv2_graph_c_sprint8a_context_edge_film,gatv2,graph_c_context_observation,S5F2_energy,test,716,7696,,1,0.46211734414100647
sprint9_multiseed_S8A_R2_seed2024_S8A_R2_context_edge_film,S8A_R2_context_edge_film,graph_c_gatv2_context_edge_film_interaction,gatv2_graph_c_sprint8a_context_edge_film,gatv2,graph_c_context_observation,S5F2_energy,test,717,7696,,1,0.435513436794281
sprint9_multiseed_S8A_R2_seed2024_S8A_R2_context_edge_film,S8A_R2_context_edge_film,graph_c_gatv2_context_edge_film_interaction,gatv2_graph_c_sprint8a_context_edge_film,gatv2,graph_c_context_observation,S5F2_energy,test,718,7696,,1,0.5059034824371338
sprint9_multiseed_S8A_R2_seed2024_S8A_R2_context_edge_film,S8A_R2_context_edge_film,graph_c_gatv2_context_edge_film_interaction,gatv2_graph_c_sprint8a_context_edge_film,gatv2,graph_c_context_observation,S5F2_energy,test,719,7696,,1,0.3963657319545746
sprint9_multiseed_S8A_R2_seed2024_S8A_R2_context_edge_film,S8A_R2_context_edge_film,graph_c_gatv2_context_edge_film_interaction,gatv2_graph_c_sprint8a_context_edge_film,gatv2,graph_c_context_observation,S5F2_energy,test,720,7696,,1,0.45174717903137207
sprint9_multiseed_S8A_R2_seed2024_S8A_R2_context_edge_film,S8A_R2_context_edge_film,graph_c_gatv2_context_edge_film_interaction,gatv2_graph_c_sprint8a_context_edge_film,gatv2,graph_c_context_observation,S5F2_energy,test,721,7696,,1,0.42347025871276855
sprint9_multiseed_S8A_R2_seed2024_S8A_R2_context_edge_film,S8A_R2_context_edge_film,graph_c_gatv2_context_edge_film_interaction,gatv2_graph_c_sprint8a_context_edge_film,gatv2,graph_c_context_observation,S5F2_energy,test,722,7696,,1,0.4172120690345764
sprint9_multiseed_S8A_R2_seed2024_S8A_R2_context_edge_film,S8A_R2_context_edge_film,graph_c_gatv2_context_edge_film_interaction,gatv2_graph_c_sprint8a_context_edge_film,gatv2,graph_c_context_observation,S5F2_energy,test,723,7696,,1,0.4024485945701599
sprint9_multiseed_S8A_R2_seed2024_S8A_R2_context_edge_film,S8A_R2_context_edge_film,graph_c_gatv2_context_edge_film_interaction,gatv2_graph_c_sprint8a_context_edge_film,gatv2,graph_c_context_observation,S5F2_energy,test,724,7696,,1,0.38064274191856384
sprint9_multiseed_S8A_R2_seed2024_S8A_R2_context_edge_film,S8A_R2_context_edge_film,graph_c_gatv2_context_edge_film_interaction,gatv2_graph_c_sprint8a_context_edge_film,gatv2,graph_c_context_observation,S5F2_energy,test,725,7696,,1,0.46424806118011475
sprint9_multiseed_S8A_R2_seed2024_S8A_R2_context_edge_film,S8A_R2_context_edge_film,graph_c_gatv2_context_edge_film_interaction,gatv2_graph_c_sprint8a_context_edge_film,gatv2,graph_c_context_observation,S5F2_energy,test,726,7696,,1,0.3133995532989502
sprint9_multiseed_S8A_R2_seed2024_S8A_R2_context_edge_film,S8A_R2_context_edge_film,graph_c_gatv2_context_edge_film_interaction,gatv2_graph_c_sprint8a_context_edge_film,gatv2,graph_c_context_observation,S5F2_energy,test,727,7696,,1,0.4850063621997833
sprint9_multiseed_S8A_R2_seed2024_S8A_R2_context_edge_film,S8A_R2_context_edge_film,graph_c_gatv2_context_edge_film_interaction,gatv2_graph_c_sprint8a_context_edge_film,gatv2,graph_c_context_observation,S5F2_energy,test,728,7696,,1,0.47416970133781433
sprint9_multiseed_S8A_R2_seed2024_S8A_R2_context_edge_film,S8A_R2_context_edge_film,graph_c_gatv2_context_edge_film_interaction,gatv2_graph_c_sprint8a_context_edge_film,gatv2,graph_c_context_observation,S5F2_energy,test,729,7696,,1,0.5636870265007019
sprint9_multiseed_S8A_R2_seed2024_S8A_R2_context_edge_film,S8A_R2_context_edge_film,graph_c_gatv2_context_edge_film_interaction,gatv2_graph_c_sprint8a_context_edge_film,gatv2,graph_c_context_observation,S5F2_energy,test,730,7696,,1,0.40672338008880615
sprint9_multiseed_S8A_R2_seed2024_S8A_R2_context_edge_film,S8A_R2_context_edge_film,graph_c_gatv2_context_edge_film_interaction,gatv2_graph_c_sprint8a_context_edge_film,gatv2,graph_c_context_observation,S5F2_energy,test,731,7696,,1,0.4342775344848633
sprint9_multiseed_S8A_R2_seed2024_S8A_R2_context_edge_film,S8A_R2_context_edge_film,graph_c_gatv2_context_edge_film_interaction,gatv2_graph_c_sprint8a_context_edge_film,gatv2,graph_c_context_observation,S5F2_energy,test,732,7696,,1,0.42378154397010803
sprint9_multiseed_S8A_R2_seed2024_S8A_R2_context_edge_film,S8A_R2_context_edge_film,graph_c_gatv2_context_edge_film_interaction,gatv2_graph_c_sprint8a_context_edge_film,gatv2,graph_c_context_observation,S5F2_energy,test,733,7696,,1,0.32311534881591797
sprint9_multiseed_S8A_R2_seed2024_S8A_R2_context_edge_film,S8A_R2_context_edge_film,graph_c_gatv2_context_edge_film_interaction,gatv2_graph_c_sprint8a_context_edge_film,gatv2,graph_c_context_observation,S5F2_energy,test,734,7696,,1,0.4527360200881958
sprint9_multiseed_S8A_R2_seed2024_S8A_R2_context_edge_film,S8A_R2_context_edge_film,graph_c_gatv2_context_edge_film_interaction,gatv2_graph_c_sprint8a_context_edge_film,gatv2,graph_c_context_observation,S5F2_energy,test,735,7696,,1,0.44009774923324585
sprint9_multiseed_S8A_R2_seed2024_S8A_R2_context_edge_film,S8A_R2_context_edge_film,graph_c_gatv2_context_edge_film_interaction,gatv2_graph_c_sprint8a_context_edge_film,gatv2,graph_c_context_observation,S5F2_energy,test,736,7696,,1,0.499550998210907
sprint9_multiseed_S8A_R2_seed2024_S8A_R2_context_edge_film,S8A_R2_context_edge_film,graph_c_gatv2_context_edge_film_interaction,gatv2_graph_c_sprint8a_context_edge_film,gatv2,graph_c_context_observation,S5F2_energy,test,737,7696,,1,0.4801813066005707
sprint9_multiseed_S8A_R2_seed2024_S8A_R2_context_edge_film,S8A_R2_context_edge_film,graph_c_gatv2_context_edge_film_interaction,gatv2_graph_c_sprint8a_context_edge_film,gatv2,graph_c_context_observation,S5F2_energy,test,738,7696,,1,0.3371625244617462
sprint9_multiseed_S8A_R2_seed2024_S8A_R2_context_edge_film,S8A_R2_context_edge_film,graph_c_gatv2_context_edge_film_interaction,gatv2_graph_c_sprint8a_context_edge_film,gatv2,graph_c_context_observation,S5F2_energy,test,739,7696,,1,0.5020186305046082
sprint9_multiseed_S8A_R2_seed2024_S8A_R2_context_edge_film,S8A_R2_context_edge_film,graph_c_gatv2_context_edge_film_interaction,gatv2_graph_c_sprint8a_context_edge_film,gatv2,graph_c_context_observation,S5F2_energy,test,740,7696,,1,0.42842695116996765
sprint9_multiseed_S8A_R2_seed2024_S8A_R2_context_edge_film,S8A_R2_context_edge_film,graph_c_gatv2_context_edge_film_interaction,gatv2_graph_c_sprint8a_context_edge_film,gatv2,graph_c_context_observation,S5F2_energy,test,741,7696,,1,0.37662118673324585
sprint9_multiseed_S8A_R2_seed2024_S8A_R2_context_edge_film,S8A_R2_context_edge_film,graph_c_gatv2_context_edge_film_interaction,gatv2_graph_c_sprint8a_context_edge_film,gatv2,graph_c_context_observation,S5F2_energy,test,742,7696,,1,0.4240208566188812
sprint9_multiseed_S8A_R2_seed2024_S8A_R2_context_edge_film,S8A_R2_context_edge_film,graph_c_gatv2_context_edge_film_interaction,gatv2_graph_c_sprint8a_context_edge_film,gatv2,graph_c_context_observation,S5F2_energy,test,743,7696,,1,0.4401332139968872
sprint9_multiseed_S8A_R2_seed2024_S8A_R2_context_edge_film,S8A_R2_context_edge_film,graph_c_gatv2_context_edge_film_interaction,gatv2_graph_c_sprint8a_context_edge_film,gatv2,graph_c_context_observation,S5F2_energy,test,744,7696,,1,0.27141502499580383
sprint9_multiseed_S8A_R2_seed2024_S8A_R2_context_edge_film,S8A_R2_context_edge_film,graph_c_gatv2_context_edge_film_interaction,gatv2_graph_c_sprint8a_context_edge_film,gatv2,graph_c_context_observation,S5F2_energy,test,745,7696,,1,0.3973822295665741
sprint9_multiseed_S8A_R2_seed2024_S8A_R2_context_edge_film,S8A_R2_context_edge_film,graph_c_gatv2_context_edge_film_interaction,gatv2_graph_c_sprint8a_context_edge_film,gatv2,graph_c_context_observation,S5F2_energy,test,746,7696,,1,0.43030232191085815
sprint9_multiseed_S8A_R2_seed2024_S8A_R2_context_edge_film,S8A_R2_context_edge_film,graph_c_gatv2_context_edge_film_interaction,gatv2_graph_c_sprint8a_context_edge_film,gatv2,graph_c_context_observation,S5F2_energy,test,747,7696,,1,0.3094536364078522
sprint9_multiseed_S8A_R2_seed2024_S8A_R2_context_edge_film,S8A_R2_context_edge_film,graph_c_gatv2_context_edge_film_interaction,gatv2_graph_c_sprint8a_context_edge_film,gatv2,graph_c_context_observation,S5F2_energy,test,748,7696,,1,0.2931269705295563
sprint9_multiseed_S8A_R2_seed2024_S8A_R2_context_edge_film,S8A_R2_context_edge_film,graph_c_gatv2_context_edge_film_interaction,gatv2_graph_c_sprint8a_context_edge_film,gatv2,graph_c_context_observation,S5F2_energy,test,749,7696,,1,0.4170171916484833
sprint9_multiseed_S8A_R2_seed2024_S8A_R2_context_edge_film,S8A_R2_context_edge_film,graph_c_gatv2_context_edge_film_interaction,gatv2_graph_c_sprint8a_context_edge_film,gatv2,graph_c_context_observation,S5F2_energy,test,750,7696,,1,0.35934552550315857
sprint9_multiseed_S8A_R2_seed2024_S8A_R2_context_edge_film,S8A_R2_context_edge_film,graph_c_gatv2_context_edge_film_interaction,gatv2_graph_c_sprint8a_context_edge_film,gatv2,graph_c_context_observation,S5F2_energy,test,751,7696,,1,0.4386283755302429
sprint9_multiseed_S8A_R2_seed2024_S8A_R2_context_edge_film,S8A_R2_context_edge_film,graph_c_gatv2_context_edge_film_interaction,gatv2_graph_c_sprint8a_context_edge_film,gatv2,graph_c_context_observation,S5F2_energy,test,752,7696,,1,0.4406232237815857
sprint9_multiseed_S8A_R2_seed2024_S8A_R2_context_edge_film,S8A_R2_context_edge_film,graph_c_gatv2_context_edge_film_interaction,gatv2_graph_c_sprint8a_context_edge_film,gatv2,graph_c_context_observation,S5F2_energy,test,753,7696,,1,0.3523148000240326
sprint9_multiseed_S8A_R2_seed2024_S8A_R2_context_edge_film,S8A_R2_context_edge_film,graph_c_gatv2_context_edge_film_interaction,gatv2_graph_c_sprint8a_context_edge_film,gatv2,graph_c_context_observation,S5F2_energy,test,754,7696,,1,0.5534188151359558
sprint9_multiseed_S8A_R2_seed2024_S8A_R2_context_edge_film,S8A_R2_context_edge_film,graph_c_gatv2_context_edge_film_interaction,gatv2_graph_c_sprint8a_context_edge_film,gatv2,graph_c_context_observation,S5F2_energy,test,755,7696,,1,0.33309659361839294
sprint9_multiseed_S8A_R2_seed2024_S8A_R2_context_edge_film,S8A_R2_context_edge_film,graph_c_gatv2_context_edge_film_interaction,gatv2_graph_c_sprint8a_context_edge_film,gatv2,graph_c_context_observation,S5F2_energy,test,756,7696,,1,0.2446412891149521
sprint9_multiseed_S8A_R2_seed2024_S8A_R2_context_edge_film,S8A_R2_context_edge_film,graph_c_gatv2_context_edge_film_interaction,gatv2_graph_c_sprint8a_context_edge_film,gatv2,graph_c_context_observation,S5F2_energy,test,757,7696,,1,0.4154745936393738
sprint9_multiseed_S8A_R2_seed2024_S8A_R2_context_edge_film,S8A_R2_context_edge_film,graph_c_gatv2_context_edge_film_interaction,gatv2_graph_c_sprint8a_context_edge_film,gatv2,graph_c_context_observation,S5F2_energy,test,758,7696,,1,0.43198660016059875
sprint9_multiseed_S8A_R2_seed2024_S8A_R2_context_edge_film,S8A_R2_context_edge_film,graph_c_gatv2_context_edge_film_interaction,gatv2_graph_c_sprint8a_context_edge_film,gatv2,graph_c_context_observation,S5F2_energy,test,759,7696,,1,0.32080307602882385
sprint9_multiseed_S8A_R2_seed2024_S8A_R2_context_edge_film,S8A_R2_context_edge_film,graph_c_gatv2_context_edge_film_interaction,gatv2_graph_c_sprint8a_context_edge_film,gatv2,graph_c_context_observation,S5F2_energy,test,760,7696,,1,0.5419420599937439
sprint9_multiseed_S8A_R2_seed2024_S8A_R2_context_edge_film,S8A_R2_context_edge_film,graph_c_gatv2_context_edge_film_interaction,gatv2_graph_c_sprint8a_context_edge_film,gatv2,graph_c_context_observation,S5F2_energy,test,761,7696,,1,0.4284207224845886
sprint9_multiseed_S8A_R2_seed2024_S8A_R2_context_edge_film,S8A_R2_context_edge_film,graph_c_gatv2_context_edge_film_interaction,gatv2_graph_c_sprint8a_context_edge_film,gatv2,graph_c_context_observation,S5F2_energy,test,762,7696,,1,0.45102769136428833
sprint9_multiseed_S8A_R2_seed2024_S8A_R2_context_edge_film,S8A_R2_context_edge_film,graph_c_gatv2_context_edge_film_interaction,gatv2_graph_c_sprint8a_context_edge_film,gatv2,graph_c_context_observation,S5F2_energy,test,763,7696,,1,0.3974364399909973
sprint9_multiseed_S8A_R2_seed2024_S8A_R2_context_edge_film,S8A_R2_context_edge_film,graph_c_gatv2_context_edge_film_interaction,gatv2_graph_c_sprint8a_context_edge_film,gatv2,graph_c_context_observation,S5F2_energy,test,764,7696,,1,0.25805866718292236
sprint9_multiseed_S8A_R2_seed2024_S8A_R2_context_edge_film,S8A_R2_context_edge_film,graph_c_gatv2_context_edge_film_interaction,gatv2_graph_c_sprint8a_context_edge_film,gatv2,graph_c_context_observation,S5F2_energy,test,765,7696,,1,0.41282910108566284
sprint9_multiseed_S8A_R2_seed2024_S8A_R2_context_edge_film,S8A_R2_context_edge_film,graph_c_gatv2_context_edge_film_interaction,gatv2_graph_c_sprint8a_context_edge_film,gatv2,graph_c_context_observation,S5F2_energy,test,766,7696,,1,0.4555725157260895
sprint9_multiseed_S8A_R2_seed2024_S8A_R2_context_edge_film,S8A_R2_context_edge_film,graph_c_gatv2_context_edge_film_interaction,gatv2_graph_c_sprint8a_context_edge_film,gatv2,graph_c_context_observation,S5F2_energy,test,767,7696,,1,0.18934880197048187
sprint9_multiseed_S8A_R2_seed2024_S8A_R2_context_edge_film,S8A_R2_context_edge_film,graph_c_gatv2_context_edge_film_interaction,gatv2_graph_c_sprint8a_context_edge_film,gatv2,graph_c_context_observation,S5F2_energy,test,768,8319,,1,0.6350153088569641
sprint9_multiseed_S8A_R2_seed2024_S8A_R2_context_edge_film,S8A_R2_context_edge_film,graph_c_gatv2_context_edge_film_interaction,gatv2_graph_c_sprint8a_context_edge_film,gatv2,graph_c_context_observation,S5F2_energy,test,769,8319,,1,0.4740672707557678
sprint9_multiseed_S8A_R2_seed2024_S8A_R2_context_edge_film,S8A_R2_context_edge_film,graph_c_gatv2_context_edge_film_interaction,gatv2_graph_c_sprint8a_context_edge_film,gatv2,graph_c_context_observation,S5F2_energy,test,770,8319,,1,0.5058651566505432
sprint9_multiseed_S8A_R2_seed2024_S8A_R2_context_edge_film,S8A_R2_context_edge_film,graph_c_gatv2_context_edge_film_interaction,gatv2_graph_c_sprint8a_context_edge_film,gatv2,graph_c_context_observation,S5F2_energy,test,771,8319,,1,0.3711259663105011
sprint9_multiseed_S8A_R2_seed2024_S8A_R2_context_edge_film,S8A_R2_context_edge_film,graph_c_gatv2_context_edge_film_interaction,gatv2_graph_c_sprint8a_context_edge_film,gatv2,graph_c_context_observation,S5F2_energy,test,772,8319,,1,0.5338539481163025
sprint9_multiseed_S8A_R2_seed2024_S8A_R2_context_edge_film,S8A_R2_context_edge_film,graph_c_gatv2_context_edge_film_interaction,gatv2_graph_c_sprint8a_context_edge_film,gatv2,graph_c_context_observation,S5F2_energy,test,773,8319,,1,0.47365960478782654
sprint9_multiseed_S8A_R2_seed2024_S8A_R2_context_edge_film,S8A_R2_context_edge_film,graph_c_gatv2_context_edge_film_interaction,gatv2_graph_c_sprint8a_context_edge_film,gatv2,graph_c_context_observation,S5F2_energy,test,774,8319,,1,0.5059401392936707
sprint9_multiseed_S8A_R2_seed2024_S8A_R2_context_edge_film,S8A_R2_context_edge_film,graph_c_gatv2_context_edge_film_interaction,gatv2_graph_c_sprint8a_context_edge_film,gatv2,graph_c_context_observation,S5F2_energy,test,775,8319,,1,0.5544211864471436
sprint9_multiseed_S8A_R2_seed2024_S8A_R2_context_edge_film,S8A_R2_context_edge_film,graph_c_gatv2_context_edge_film_interaction,gatv2_graph_c_sprint8a_context_edge_film,gatv2,graph_c_context_observation,S5F2_energy,test,776,8319,,1,0.5249509215354919
sprint9_multiseed_S8A_R2_seed2024_S8A_R2_context_edge_film,S8A_R2_context_edge_film,graph_c_gatv2_context_edge_film_interaction,gatv2_graph_c_sprint8a_context_edge_film,gatv2,graph_c_context_observation,S5F2_energy,test,777,8319,,1,0.5033528208732605
sprint9_multiseed_S8A_R2_seed2024_S8A_R2_context_edge_film,S8A_R2_context_edge_film,graph_c_gatv2_context_edge_film_interaction,gatv2_graph_c_sprint8a_context_edge_film,gatv2,graph_c_context_observation,S5F2_energy,test,778,8319,,1,0.4200132191181183
sprint9_multiseed_S8A_R2_seed2024_S8A_R2_context_edge_film,S8A_R2_context_edge_film,graph_c_gatv2_context_edge_film_interaction,gatv2_graph_c_sprint8a_context_edge_film,gatv2,graph_c_context_observation,S5F2_energy,test,779,8319,,1,0.3811997175216675
sprint9_multiseed_S8A_R2_seed2024_S8A_R2_context_edge_film,S8A_R2_context_edge_film,graph_c_gatv2_context_edge_film_interaction,gatv2_graph_c_sprint8a_context_edge_film,gatv2,graph_c_context_observation,S5F2_energy,test,780,8319,,1,0.5515799522399902
sprint9_multiseed_S8A_R2_seed2024_S8A_R2_context_edge_film,S8A_R2_context_edge_film,graph_c_gatv2_context_edge_film_interaction,gatv2_graph_c_sprint8a_context_edge_film,gatv2,graph_c_context_observation,S5F2_energy,test,781,8319,,1,0.49388161301612854
sprint9_multiseed_S8A_R2_seed2024_S8A_R2_context_edge_film,S8A_R2_context_edge_film,graph_c_gatv2_context_edge_film_interaction,gatv2_graph_c_sprint8a_context_edge_film,gatv2,graph_c_context_observation,S5F2_energy,test,782,8319,,1,0.507809042930603
sprint9_multiseed_S8A_R2_seed2024_S8A_R2_context_edge_film,S8A_R2_context_edge_film,graph_c_gatv2_context_edge_film_interaction,gatv2_graph_c_sprint8a_context_edge_film,gatv2,graph_c_context_observation,S5F2_energy,test,783,8319,,1,0.5098031759262085
sprint9_multiseed_S8A_R2_seed2024_S8A_R2_context_edge_film,S8A_R2_context_edge_film,graph_c_gatv2_context_edge_film_interaction,gatv2_graph_c_sprint8a_context_edge_film,gatv2,graph_c_context_observation,S5F2_energy,test,784,8319,,1,0.4777030646800995
sprint9_multiseed_S8A_R2_seed2024_S8A_R2_context_edge_film,S8A_R2_context_edge_film,graph_c_gatv2_context_edge_film_interaction,gatv2_graph_c_sprint8a_context_edge_film,gatv2,graph_c_context_observation,S5F2_energy,test,785,8319,,1,0.38270264863967896
sprint9_multiseed_S8A_R2_seed2024_S8A_R2_context_edge_film,S8A_R2_context_edge_film,graph_c_gatv2_context_edge_film_interaction,gatv2_graph_c_sprint8a_context_edge_film,gatv2,graph_c_context_observation,S5F2_energy,test,786,8319,,1,0.4847283363342285
sprint9_multiseed_S8A_R2_seed2024_S8A_R2_context_edge_film,S8A_R2_context_edge_film,graph_c_gatv2_context_edge_film_interaction,gatv2_graph_c_sprint8a_context_edge_film,gatv2,graph_c_context_observation,S5F2_energy,test,787,8319,,1,0.38673484325408936
sprint9_multiseed_S8A_R2_seed2024_S8A_R2_context_edge_film,S8A_R2_context_edge_film,graph_c_gatv2_context_edge_film_interaction,gatv2_graph_c_sprint8a_context_edge_film,gatv2,graph_c_context_observation,S5F2_energy,test,788,8319,,1,0.5322282910346985
sprint9_multiseed_S8A_R2_seed2024_S8A_R2_context_edge_film,S8A_R2_context_edge_film,graph_c_gatv2_context_edge_film_interaction,gatv2_graph_c_sprint8a_context_edge_film,gatv2,graph_c_context_observation,S5F2_energy,test,789,8319,,1,0.4981653392314911
sprint9_multiseed_S8A_R2_seed2024_S8A_R2_context_edge_film,S8A_R2_context_edge_film,graph_c_gatv2_context_edge_film_interaction,gatv2_graph_c_sprint8a_context_edge_film,gatv2,graph_c_context_observation,S5F2_energy,test,790,8319,,1,0.356949120759964
sprint9_multiseed_S8A_R2_seed2024_S8A_R2_context_edge_film,S8A_R2_context_edge_film,graph_c_gatv2_context_edge_film_interaction,gatv2_graph_c_sprint8a_context_edge_film,gatv2,graph_c_context_observation,S5F2_energy,test,791,8319,,1,0.4862765967845917
sprint9_multiseed_S8A_R2_seed2024_S8A_R2_context_edge_film,S8A_R2_context_edge_film,graph_c_gatv2_context_edge_film_interaction,gatv2_graph_c_sprint8a_context_edge_film,gatv2,graph_c_context_observation,S5F2_energy,test,792,8319,,1,0.5035733580589294
sprint9_multiseed_S8A_R2_seed2024_S8A_R2_context_edge_film,S8A_R2_context_edge_film,graph_c_gatv2_context_edge_film_interaction,gatv2_graph_c_sprint8a_context_edge_film,gatv2,graph_c_context_observation,S5F2_energy,test,793,8319,,1,0.5306705236434937
sprint9_multiseed_S8A_R2_seed2024_S8A_R2_context_edge_film,S8A_R2_context_edge_film,graph_c_gatv2_context_edge_film_interaction,gatv2_graph_c_sprint8a_context_edge_film,gatv2,graph_c_context_observation,S5F2_energy,test,794,8319,,1,0.4818129241466522
sprint9_multiseed_S8A_R2_seed2024_S8A_R2_context_edge_film,S8A_R2_context_edge_film,graph_c_gatv2_context_edge_film_interaction,gatv2_graph_c_sprint8a_context_edge_film,gatv2,graph_c_context_observation,S5F2_energy,test,795,8319,,1,0.5634214878082275
sprint9_multiseed_S8A_R2_seed2024_S8A_R2_context_edge_film,S8A_R2_context_edge_film,graph_c_gatv2_context_edge_film_interaction,gatv2_graph_c_sprint8a_context_edge_film,gatv2,graph_c_context_observation,S5F2_energy,test,796,8319,,1,0.43423745036125183
sprint9_multiseed_S8A_R2_seed2024_S8A_R2_context_edge_film,S8A_R2_context_edge_film,graph_c_gatv2_context_edge_film_interaction,gatv2_graph_c_sprint8a_context_edge_film,gatv2,graph_c_context_observation,S5F2_energy,test,797,8319,,1,0.5135436058044434
sprint9_multiseed_S8A_R2_seed2024_S8A_R2_context_edge_film,S8A_R2_context_edge_film,graph_c_gatv2_context_edge_film_interaction,gatv2_graph_c_sprint8a_context_edge_film,gatv2,graph_c_context_observation,S5F2_energy,test,798,8319,,1,0.5084395408630371
sprint9_multiseed_S8A_R2_seed2024_S8A_R2_context_edge_film,S8A_R2_context_edge_film,graph_c_gatv2_context_edge_film_interaction,gatv2_graph_c_sprint8a_context_edge_film,gatv2,graph_c_context_observation,S5F2_energy,test,799,8319,,1,0.3136897385120392
sprint9_multiseed_S8A_R2_seed2024_S8A_R2_context_edge_film,S8A_R2_context_edge_film,graph_c_gatv2_context_edge_film_interaction,gatv2_graph_c_sprint8a_context_edge_film,gatv2,graph_c_context_observation,S5F2_energy,test,800,8319,,1,0.27640923857688904
sprint9_multiseed_S8A_R2_seed2024_S8A_R2_context_edge_film,S8A_R2_context_edge_film,graph_c_gatv2_context_edge_film_interaction,gatv2_graph_c_sprint8a_context_edge_film,gatv2,graph_c_context_observation,S5F2_energy,test,801,8319,,1,0.3581461012363434
sprint9_multiseed_S8A_R2_seed2024_S8A_R2_context_edge_film,S8A_R2_context_edge_film,graph_c_gatv2_context_edge_film_interaction,gatv2_graph_c_sprint8a_context_edge_film,gatv2,graph_c_context_observation,S5F2_energy,test,802,8319,,1,0.5404716730117798
sprint9_multiseed_S8A_R2_seed2024_S8A_R2_context_edge_film,S8A_R2_context_edge_film,graph_c_gatv2_context_edge_film_interaction,gatv2_graph_c_sprint8a_context_edge_film,gatv2,graph_c_context_observation,S5F2_energy,test,803,8319,,1,0.43758711218833923
sprint9_multiseed_S8A_R2_seed2024_S8A_R2_context_edge_film,S8A_R2_context_edge_film,graph_c_gatv2_context_edge_film_interaction,gatv2_graph_c_sprint8a_context_edge_film,gatv2,graph_c_context_observation,S5F2_energy,test,804,8319,,1,0.3607523441314697
sprint9_multiseed_S8A_R2_seed2024_S8A_R2_context_edge_film,S8A_R2_context_edge_film,graph_c_gatv2_context_edge_film_interaction,gatv2_graph_c_sprint8a_context_edge_film,gatv2,graph_c_context_observation,S5F2_energy,test,805,8319,,1,0.3856775462627411
sprint9_multiseed_S8A_R2_seed2024_S8A_R2_context_edge_film,S8A_R2_context_edge_film,graph_c_gatv2_context_edge_film_interaction,gatv2_graph_c_sprint8a_context_edge_film,gatv2,graph_c_context_observation,S5F2_energy,test,806,8319,,1,0.40985366702079773
sprint9_multiseed_S8A_R2_seed2024_S8A_R2_context_edge_film,S8A_R2_context_edge_film,graph_c_gatv2_context_edge_film_interaction,gatv2_graph_c_sprint8a_context_edge_film,gatv2,graph_c_context_observation,S5F2_energy,test,807,8319,,1,0.39363399147987366
sprint9_multiseed_S8A_R2_seed2024_S8A_R2_context_edge_film,S8A_R2_context_edge_film,graph_c_gatv2_context_edge_film_interaction,gatv2_graph_c_sprint8a_context_edge_film,gatv2,graph_c_context_observation,S5F2_energy,test,808,8319,,1,0.4308319389820099
sprint9_multiseed_S8A_R2_seed2024_S8A_R2_context_edge_film,S8A_R2_context_edge_film,graph_c_gatv2_context_edge_film_interaction,gatv2_graph_c_sprint8a_context_edge_film,gatv2,graph_c_context_observation,S5F2_energy,test,809,8319,,1,0.4581466317176819
sprint9_multiseed_S8A_R2_seed2024_S8A_R2_context_edge_film,S8A_R2_context_edge_film,graph_c_gatv2_context_edge_film_interaction,gatv2_graph_c_sprint8a_context_edge_film,gatv2,graph_c_context_observation,S5F2_energy,test,810,8319,,1,0.39850884675979614
sprint9_multiseed_S8A_R2_seed2024_S8A_R2_context_edge_film,S8A_R2_context_edge_film,graph_c_gatv2_context_edge_film_interaction,gatv2_graph_c_sprint8a_context_edge_film,gatv2,graph_c_context_observation,S5F2_energy,test,811,8319,,1,0.4471731185913086
sprint9_multiseed_S8A_R2_seed2024_S8A_R2_context_edge_film,S8A_R2_context_edge_film,graph_c_gatv2_context_edge_film_interaction,gatv2_graph_c_sprint8a_context_edge_film,gatv2,graph_c_context_observation,S5F2_energy,test,812,8319,,1,0.31964874267578125
sprint9_multiseed_S8A_R2_seed2024_S8A_R2_context_edge_film,S8A_R2_context_edge_film,graph_c_gatv2_context_edge_film_interaction,gatv2_graph_c_sprint8a_context_edge_film,gatv2,graph_c_context_observation,S5F2_energy,test,813,8319,,1,0.39257127046585083
sprint9_multiseed_S8A_R2_seed2024_S8A_R2_context_edge_film,S8A_R2_context_edge_film,graph_c_gatv2_context_edge_film_interaction,gatv2_graph_c_sprint8a_context_edge_film,gatv2,graph_c_context_observation,S5F2_energy,test,814,8319,,1,0.5155655145645142
sprint9_multiseed_S8A_R2_seed2024_S8A_R2_context_edge_film,S8A_R2_context_edge_film,graph_c_gatv2_context_edge_film_interaction,gatv2_graph_c_sprint8a_context_edge_film,gatv2,graph_c_context_observation,S5F2_energy,test,815,8319,,1,0.43529829382896423
sprint9_multiseed_S8A_R2_seed2024_S8A_R2_context_edge_film,S8A_R2_context_edge_film,graph_c_gatv2_context_edge_film_interaction,gatv2_graph_c_sprint8a_context_edge_film,gatv2,graph_c_context_observation,S5F2_energy,test,816,8319,,1,0.37306830286979675
sprint9_multiseed_S8A_R2_seed2024_S8A_R2_context_edge_film,S8A_R2_context_edge_film,graph_c_gatv2_context_edge_film_interaction,gatv2_graph_c_sprint8a_context_edge_film,gatv2,graph_c_context_observation,S5F2_energy,test,817,8319,,1,0.4126679301261902
sprint9_multiseed_S8A_R2_seed2024_S8A_R2_context_edge_film,S8A_R2_context_edge_film,graph_c_gatv2_context_edge_film_interaction,gatv2_graph_c_sprint8a_context_edge_film,gatv2,graph_c_context_observation,S5F2_energy,test,818,8319,,1,0.42229023575782776
sprint9_multiseed_S8A_R2_seed2024_S8A_R2_context_edge_film,S8A_R2_context_edge_film,graph_c_gatv2_context_edge_film_interaction,gatv2_graph_c_sprint8a_context_edge_film,gatv2,graph_c_context_observation,S5F2_energy,test,819,8319,,1,0.4390715956687927
sprint9_multiseed_S8A_R2_seed2024_S8A_R2_context_edge_film,S8A_R2_context_edge_film,graph_c_gatv2_context_edge_film_interaction,gatv2_graph_c_sprint8a_context_edge_film,gatv2,graph_c_context_observation,S5F2_energy,test,820,8319,,1,0.3765183687210083
sprint9_multiseed_S8A_R2_seed2024_S8A_R2_context_edge_film,S8A_R2_context_edge_film,graph_c_gatv2_context_edge_film_interaction,gatv2_graph_c_sprint8a_context_edge_film,gatv2,graph_c_context_observation,S5F2_energy,test,821,8319,,1,0.42222774028778076
sprint9_multiseed_S8A_R2_seed2024_S8A_R2_context_edge_film,S8A_R2_context_edge_film,graph_c_gatv2_context_edge_film_interaction,gatv2_graph_c_sprint8a_context_edge_film,gatv2,graph_c_context_observation,S5F2_energy,test,822,8319,,1,0.37299007177352905
sprint9_multiseed_S8A_R2_seed2024_S8A_R2_context_edge_film,S8A_R2_context_edge_film,graph_c_gatv2_context_edge_film_interaction,gatv2_graph_c_sprint8a_context_edge_film,gatv2,graph_c_context_observation,S5F2_energy,test,823,8319,,1,0.5147597193717957
sprint9_multiseed_S8A_R2_seed2024_S8A_R2_context_edge_film,S8A_R2_context_edge_film,graph_c_gatv2_context_edge_film_interaction,gatv2_graph_c_sprint8a_context_edge_film,gatv2,graph_c_context_observation,S5F2_energy,test,824,8319,,1,0.43645453453063965
sprint9_multiseed_S8A_R2_seed2024_S8A_R2_context_edge_film,S8A_R2_context_edge_film,graph_c_gatv2_context_edge_film_interaction,gatv2_graph_c_sprint8a_context_edge_film,gatv2,graph_c_context_observation,S5F2_energy,test,825,8319,,1,0.41916021704673767
sprint9_multiseed_S8A_R2_seed2024_S8A_R2_context_edge_film,S8A_R2_context_edge_film,graph_c_gatv2_context_edge_film_interaction,gatv2_graph_c_sprint8a_context_edge_film,gatv2,graph_c_context_observation,S5F2_energy,test,826,8319,,1,0.4062826335430145
sprint9_multiseed_S8A_R2_seed2024_S8A_R2_context_edge_film,S8A_R2_context_edge_film,graph_c_gatv2_context_edge_film_interaction,gatv2_graph_c_sprint8a_context_edge_film,gatv2,graph_c_context_observation,S5F2_energy,test,827,8319,,1,0.4947890341281891
sprint9_multiseed_S8A_R2_seed2024_S8A_R2_context_edge_film,S8A_R2_context_edge_film,graph_c_gatv2_context_edge_film_interaction,gatv2_graph_c_sprint8a_context_edge_film,gatv2,graph_c_context_observation,S5F2_energy,test,828,8319,,1,0.39758074283599854
sprint9_multiseed_S8A_R2_seed2024_S8A_R2_context_edge_film,S8A_R2_context_edge_film,graph_c_gatv2_context_edge_film_interaction,gatv2_graph_c_sprint8a_context_edge_film,gatv2,graph_c_context_observation,S5F2_energy,test,829,8319,,1,0.4118773937225342
sprint9_multiseed_S8A_R2_seed2024_S8A_R2_context_edge_film,S8A_R2_context_edge_film,graph_c_gatv2_context_edge_film_interaction,gatv2_graph_c_sprint8a_context_edge_film,gatv2,graph_c_context_observation,S5F2_energy,test,830,8319,,1,0.4395686984062195
sprint9_multiseed_S8A_R2_seed2024_S8A_R2_context_edge_film,S8A_R2_context_edge_film,graph_c_gatv2_context_edge_film_interaction,gatv2_graph_c_sprint8a_context_edge_film,gatv2,graph_c_context_observation,S5F2_energy,test,831,8319,,1,0.5271734595298767
sprint9_multiseed_S8A_R2_seed2024_S8A_R2_context_edge_film,S8A_R2_context_edge_film,graph_c_gatv2_context_edge_film_interaction,gatv2_graph_c_sprint8a_context_edge_film,gatv2,graph_c_context_observation,S5F2_energy,test,832,8319,,1,0.4708643853664398
sprint9_multiseed_S8A_R2_seed2024_S8A_R2_context_edge_film,S8A_R2_context_edge_film,graph_c_gatv2_context_edge_film_interaction,gatv2_graph_c_sprint8a_context_edge_film,gatv2,graph_c_context_observation,S5F2_energy,test,833,8319,,1,0.450471967458725
sprint9_multiseed_S8A_R2_seed2024_S8A_R2_context_edge_film,S8A_R2_context_edge_film,graph_c_gatv2_context_edge_film_interaction,gatv2_graph_c_sprint8a_context_edge_film,gatv2,graph_c_context_observation,S5F2_energy,test,834,8319,,1,0.4101037383079529
sprint9_multiseed_S8A_R2_seed2024_S8A_R2_context_edge_film,S8A_R2_context_edge_film,graph_c_gatv2_context_edge_film_interaction,gatv2_graph_c_sprint8a_context_edge_film,gatv2,graph_c_context_observation,S5F2_energy,test,835,8319,,1,0.33080148696899414
sprint9_multiseed_S8A_R2_seed2024_S8A_R2_context_edge_film,S8A_R2_context_edge_film,graph_c_gatv2_context_edge_film_interaction,gatv2_graph_c_sprint8a_context_edge_film,gatv2,graph_c_context_observation,S5F2_energy,test,836,8319,,1,0.4968905746936798
sprint9_multiseed_S8A_R2_seed2024_S8A_R2_context_edge_film,S8A_R2_context_edge_film,graph_c_gatv2_context_edge_film_interaction,gatv2_graph_c_sprint8a_context_edge_film,gatv2,graph_c_context_observation,S5F2_energy,test,837,8319,,1,0.4136345386505127
sprint9_multiseed_S8A_R2_seed2024_S8A_R2_context_edge_film,S8A_R2_context_edge_film,graph_c_gatv2_context_edge_film_interaction,gatv2_graph_c_sprint8a_context_edge_film,gatv2,graph_c_context_observation,S5F2_energy,test,838,8319,,1,0.5217441320419312
sprint9_multiseed_S8A_R2_seed2024_S8A_R2_context_edge_film,S8A_R2_context_edge_film,graph_c_gatv2_context_edge_film_interaction,gatv2_graph_c_sprint8a_context_edge_film,gatv2,graph_c_context_observation,S5F2_energy,test,839,8319,,1,0.5047534704208374
sprint9_multiseed_S8A_R2_seed2024_S8A_R2_context_edge_film,S8A_R2_context_edge_film,graph_c_gatv2_context_edge_film_interaction,gatv2_graph_c_sprint8a_context_edge_film,gatv2,graph_c_context_observation,S5F2_energy,test,840,8319,,1,0.4211537539958954
sprint9_multiseed_S8A_R2_seed2024_S8A_R2_context_edge_film,S8A_R2_context_edge_film,graph_c_gatv2_context_edge_film_interaction,gatv2_graph_c_sprint8a_context_edge_film,gatv2,graph_c_context_observation,S5F2_energy,test,841,8319,,1,0.5108246803283691
sprint9_multiseed_S8A_R2_seed2024_S8A_R2_context_edge_film,S8A_R2_context_edge_film,graph_c_gatv2_context_edge_film_interaction,gatv2_graph_c_sprint8a_context_edge_film,gatv2,graph_c_context_observation,S5F2_energy,test,842,8319,,1,0.4687649607658386
sprint9_multiseed_S8A_R2_seed2024_S8A_R2_context_edge_film,S8A_R2_context_edge_film,graph_c_gatv2_context_edge_film_interaction,gatv2_graph_c_sprint8a_context_edge_film,gatv2,graph_c_context_observation,S5F2_energy,test,843,8319,,1,0.49864766001701355
sprint9_multiseed_S8A_R2_seed2024_S8A_R2_context_edge_film,S8A_R2_context_edge_film,graph_c_gatv2_context_edge_film_interaction,gatv2_graph_c_sprint8a_context_edge_film,gatv2,graph_c_context_observation,S5F2_energy,test,844,8319,,1,0.4758300483226776
sprint9_multiseed_S8A_R2_seed2024_S8A_R2_context_edge_film,S8A_R2_context_edge_film,graph_c_gatv2_context_edge_film_interaction,gatv2_graph_c_sprint8a_context_edge_film,gatv2,graph_c_context_observation,S5F2_energy,test,845,8319,,1,0.4248404800891876
sprint9_multiseed_S8A_R2_seed2024_S8A_R2_context_edge_film,S8A_R2_context_edge_film,graph_c_gatv2_context_edge_film_interaction,gatv2_graph_c_sprint8a_context_edge_film,gatv2,graph_c_context_observation,S5F2_energy,test,846,8319,,1,0.5168826580047607
sprint9_multiseed_S8A_R2_seed2024_S8A_R2_context_edge_film,S8A_R2_context_edge_film,graph_c_gatv2_context_edge_film_interaction,gatv2_graph_c_sprint8a_context_edge_film,gatv2,graph_c_context_observation,S5F2_energy,test,847,8319,,1,0.49701234698295593
sprint9_multiseed_S8A_R2_seed2024_S8A_R2_context_edge_film,S8A_R2_context_edge_film,graph_c_gatv2_context_edge_film_interaction,gatv2_graph_c_sprint8a_context_edge_film,gatv2,graph_c_context_observation,S5F2_energy,test,848,8319,,1,0.47550973296165466
sprint9_multiseed_S8A_R2_seed2024_S8A_R2_context_edge_film,S8A_R2_context_edge_film,graph_c_gatv2_context_edge_film_interaction,gatv2_graph_c_sprint8a_context_edge_film,gatv2,graph_c_context_observation,S5F2_energy,test,849,8319,,1,0.5101897120475769
sprint9_multiseed_S8A_R2_seed2024_S8A_R2_context_edge_film,S8A_R2_context_edge_film,graph_c_gatv2_context_edge_film_interaction,gatv2_graph_c_sprint8a_context_edge_film,gatv2,graph_c_context_observation,S5F2_energy,test,850,8319,,1,0.35918065905570984
sprint9_multiseed_S8A_R2_seed2024_S8A_R2_context_edge_film,S8A_R2_context_edge_film,graph_c_gatv2_context_edge_film_interaction,gatv2_graph_c_sprint8a_context_edge_film,gatv2,graph_c_context_observation,S5F2_energy,test,851,8319,,1,0.5005761384963989
sprint9_multiseed_S8A_R2_seed2024_S8A_R2_context_edge_film,S8A_R2_context_edge_film,graph_c_gatv2_context_edge_film_interaction,gatv2_graph_c_sprint8a_context_edge_film,gatv2,graph_c_context_observation,S5F2_energy,test,852,8319,,1,0.5172930359840393
sprint9_multiseed_S8A_R2_seed2024_S8A_R2_context_edge_film,S8A_R2_context_edge_film,graph_c_gatv2_context_edge_film_interaction,gatv2_graph_c_sprint8a_context_edge_film,gatv2,graph_c_context_observation,S5F2_energy,test,853,8319,,1,0.3793879747390747
sprint9_multiseed_S8A_R2_seed2024_S8A_R2_context_edge_film,S8A_R2_context_edge_film,graph_c_gatv2_context_edge_film_interaction,gatv2_graph_c_sprint8a_context_edge_film,gatv2,graph_c_context_observation,S5F2_energy,test,854,8319,,1,0.4717761278152466
sprint9_multiseed_S8A_R2_seed2024_S8A_R2_context_edge_film,S8A_R2_context_edge_film,graph_c_gatv2_context_edge_film_interaction,gatv2_graph_c_sprint8a_context_edge_film,gatv2,graph_c_context_observation,S5F2_energy,test,855,8319,,1,0.4011211693286896
sprint9_multiseed_S8A_R2_seed2024_S8A_R2_context_edge_film,S8A_R2_context_edge_film,graph_c_gatv2_context_edge_film_interaction,gatv2_graph_c_sprint8a_context_edge_film,gatv2,graph_c_context_observation,S5F2_energy,test,856,8319,,1,0.3873384892940521
sprint9_multiseed_S8A_R2_seed2024_S8A_R2_context_edge_film,S8A_R2_context_edge_film,graph_c_gatv2_context_edge_film_interaction,gatv2_graph_c_sprint8a_context_edge_film,gatv2,graph_c_context_observation,S5F2_energy,test,857,8319,,1,0.46379217505455017
sprint9_multiseed_S8A_R2_seed2024_S8A_R2_context_edge_film,S8A_R2_context_edge_film,graph_c_gatv2_context_edge_film_interaction,gatv2_graph_c_sprint8a_context_edge_film,gatv2,graph_c_context_observation,S5F2_energy,test,858,8319,,1,0.43308648467063904
sprint9_multiseed_S8A_R2_seed2024_S8A_R2_context_edge_film,S8A_R2_context_edge_film,graph_c_gatv2_context_edge_film_interaction,gatv2_graph_c_sprint8a_context_edge_film,gatv2,graph_c_context_observation,S5F2_energy,test,859,8319,,1,0.4180118441581726
sprint9_multiseed_S8A_R2_seed2024_S8A_R2_context_edge_film,S8A_R2_context_edge_film,graph_c_gatv2_context_edge_film_interaction,gatv2_graph_c_sprint8a_context_edge_film,gatv2,graph_c_context_observation,S5F2_energy,test,860,8319,,1,0.44269993901252747
sprint9_multiseed_S8A_R2_seed2024_S8A_R2_context_edge_film,S8A_R2_context_edge_film,graph_c_gatv2_context_edge_film_interaction,gatv2_graph_c_sprint8a_context_edge_film,gatv2,graph_c_context_observation,S5F2_energy,test,861,8319,,1,0.4516756534576416
sprint9_multiseed_S8A_R2_seed2024_S8A_R2_context_edge_film,S8A_R2_context_edge_film,graph_c_gatv2_context_edge_film_interaction,gatv2_graph_c_sprint8a_context_edge_film,gatv2,graph_c_context_observation,S5F2_energy,test,862,8319,,1,0.39204928278923035
sprint9_multiseed_S8A_R2_seed2024_S8A_R2_context_edge_film,S8A_R2_context_edge_film,graph_c_gatv2_context_edge_film_interaction,gatv2_graph_c_sprint8a_context_edge_film,gatv2,graph_c_context_observation,S5F2_energy,test,863,8319,,1,0.4851897656917572
sprint9_multiseed_S8A_R2_seed2024_S8A_R2_context_edge_film,S8A_R2_context_edge_film,graph_c_gatv2_context_edge_film_interaction,gatv2_graph_c_sprint8a_context_edge_film,gatv2,graph_c_context_observation,S5F2_energy,test,864,8319,,1,0.41693389415740967
sprint9_multiseed_S8A_R2_seed2024_S8A_R2_context_edge_film,S8A_R2_context_edge_film,graph_c_gatv2_context_edge_film_interaction,gatv2_graph_c_sprint8a_context_edge_film,gatv2,graph_c_context_observation,S5F2_energy,test,865,8319,,1,0.31948158144950867
sprint9_multiseed_S8A_R2_seed2024_S8A_R2_context_edge_film,S8A_R2_context_edge_film,graph_c_gatv2_context_edge_film_interaction,gatv2_graph_c_sprint8a_context_edge_film,gatv2,graph_c_context_observation,S5F2_energy,test,866,8319,,1,0.4991210699081421
sprint9_multiseed_S8A_R2_seed2024_S8A_R2_context_edge_film,S8A_R2_context_edge_film,graph_c_gatv2_context_edge_film_interaction,gatv2_graph_c_sprint8a_context_edge_film,gatv2,graph_c_context_observation,S5F2_energy,test,867,8319,,1,0.26981911063194275
sprint9_multiseed_S8A_R2_seed2024_S8A_R2_context_edge_film,S8A_R2_context_edge_film,graph_c_gatv2_context_edge_film_interaction,gatv2_graph_c_sprint8a_context_edge_film,gatv2,graph_c_context_observation,S5F2_energy,test,868,8319,,1,0.19350677728652954
sprint9_multiseed_S8A_R2_seed2024_S8A_R2_context_edge_film,S8A_R2_context_edge_film,graph_c_gatv2_context_edge_film_interaction,gatv2_graph_c_sprint8a_context_edge_film,gatv2,graph_c_context_observation,S5F2_energy,test,869,8420,,1,0.7156497836112976
sprint9_multiseed_S8A_R2_seed2024_S8A_R2_context_edge_film,S8A_R2_context_edge_film,graph_c_gatv2_context_edge_film_interaction,gatv2_graph_c_sprint8a_context_edge_film,gatv2,graph_c_context_observation,S5F2_energy,test,870,8420,,1,0.6601337790489197
sprint9_multiseed_S8A_R2_seed2024_S8A_R2_context_edge_film,S8A_R2_context_edge_film,graph_c_gatv2_context_edge_film_interaction,gatv2_graph_c_sprint8a_context_edge_film,gatv2,graph_c_context_observation,S5F2_energy,test,871,8420,,1,0.6673229336738586
sprint9_multiseed_S8A_R2_seed2024_S8A_R2_context_edge_film,S8A_R2_context_edge_film,graph_c_gatv2_context_edge_film_interaction,gatv2_graph_c_sprint8a_context_edge_film,gatv2,graph_c_context_observation,S5F2_energy,test,872,8420,,1,0.5859702825546265
sprint9_multiseed_S8A_R2_seed2024_S8A_R2_context_edge_film,S8A_R2_context_edge_film,graph_c_gatv2_context_edge_film_interaction,gatv2_graph_c_sprint8a_context_edge_film,gatv2,graph_c_context_observation,S5F2_energy,test,873,8420,,1,0.5940269231796265
sprint9_multiseed_S8A_R2_seed2024_S8A_R2_context_edge_film,S8A_R2_context_edge_film,graph_c_gatv2_context_edge_film_interaction,gatv2_graph_c_sprint8a_context_edge_film,gatv2,graph_c_context_observation,S5F2_energy,test,874,8420,,1,0.6417056918144226
sprint9_multiseed_S8A_R2_seed2024_S8A_R2_context_edge_film,S8A_R2_context_edge_film,graph_c_gatv2_context_edge_film_interaction,gatv2_graph_c_sprint8a_context_edge_film,gatv2,graph_c_context_observation,S5F2_energy,test,875,8420,,1,0.5884753465652466
sprint9_multiseed_S8A_R2_seed2024_S8A_R2_context_edge_film,S8A_R2_context_edge_film,graph_c_gatv2_context_edge_film_interaction,gatv2_graph_c_sprint8a_context_edge_film,gatv2,graph_c_context_observation,S5F2_energy,test,876,8420,,1,0.5668274164199829
sprint9_multiseed_S8A_R2_seed2024_S8A_R2_context_edge_film,S8A_R2_context_edge_film,graph_c_gatv2_context_edge_film_interaction,gatv2_graph_c_sprint8a_context_edge_film,gatv2,graph_c_context_observation,S5F2_energy,test,877,8420,,1,0.6358032822608948
sprint9_multiseed_S8A_R2_seed2024_S8A_R2_context_edge_film,S8A_R2_context_edge_film,graph_c_gatv2_context_edge_film_interaction,gatv2_graph_c_sprint8a_context_edge_film,gatv2,graph_c_context_observation,S5F2_energy,test,878,8420,,1,0.5755056738853455
sprint9_multiseed_S8A_R2_seed2024_S8A_R2_context_edge_film,S8A_R2_context_edge_film,graph_c_gatv2_context_edge_film_interaction,gatv2_graph_c_sprint8a_context_edge_film,gatv2,graph_c_context_observation,S5F2_energy,test,879,8420,,1,0.6853305697441101
sprint9_multiseed_S8A_R2_seed2024_S8A_R2_context_edge_film,S8A_R2_context_edge_film,graph_c_gatv2_context_edge_film_interaction,gatv2_graph_c_sprint8a_context_edge_film,gatv2,graph_c_context_observation,S5F2_energy,test,880,8420,,1,0.6157135367393494
sprint9_multiseed_S8A_R2_seed2024_S8A_R2_context_edge_film,S8A_R2_context_edge_film,graph_c_gatv2_context_edge_film_interaction,gatv2_graph_c_sprint8a_context_edge_film,gatv2,graph_c_context_observation,S5F2_energy,test,881,8420,,1,0.5962096452713013
sprint9_multiseed_S8A_R2_seed2024_S8A_R2_context_edge_film,S8A_R2_context_edge_film,graph_c_gatv2_context_edge_film_interaction,gatv2_graph_c_sprint8a_context_edge_film,gatv2,graph_c_context_observation,S5F2_energy,test,882,8420,,1,0.5523856282234192
sprint9_multiseed_S8A_R2_seed2024_S8A_R2_context_edge_film,S8A_R2_context_edge_film,graph_c_gatv2_context_edge_film_interaction,gatv2_graph_c_sprint8a_context_edge_film,gatv2,graph_c_context_observation,S5F2_energy,test,883,8420,,1,0.6225168108940125
sprint9_multiseed_S8A_R2_seed2024_S8A_R2_context_edge_film,S8A_R2_context_edge_film,graph_c_gatv2_context_edge_film_interaction,gatv2_graph_c_sprint8a_context_edge_film,gatv2,graph_c_context_observation,S5F2_energy,test,884,8420,,1,0.6203773021697998
sprint9_multiseed_S8A_R2_seed2024_S8A_R2_context_edge_film,S8A_R2_context_edge_film,graph_c_gatv2_context_edge_film_interaction,gatv2_graph_c_sprint8a_context_edge_film,gatv2,graph_c_context_observation,S5F2_energy,test,885,8420,,1,0.6163997054100037
sprint9_multiseed_S8A_R2_seed2024_S8A_R2_context_edge_film,S8A_R2_context_edge_film,graph_c_gatv2_context_edge_film_interaction,gatv2_graph_c_sprint8a_context_edge_film,gatv2,graph_c_context_observation,S5F2_energy,test,886,8420,,1,0.6066393852233887
sprint9_multiseed_S8A_R2_seed2024_S8A_R2_context_edge_film,S8A_R2_context_edge_film,graph_c_gatv2_context_edge_film_interaction,gatv2_graph_c_sprint8a_context_edge_film,gatv2,graph_c_context_observation,S5F2_energy,test,887,8420,,1,0.5711033940315247
sprint9_multiseed_S8A_R2_seed2024_S8A_R2_context_edge_film,S8A_R2_context_edge_film,graph_c_gatv2_context_edge_film_interaction,gatv2_graph_c_sprint8a_context_edge_film,gatv2,graph_c_context_observation,S5F2_energy,test,888,8420,,1,0.7067663073539734
sprint9_multiseed_S8A_R2_seed2024_S8A_R2_context_edge_film,S8A_R2_context_edge_film,graph_c_gatv2_context_edge_film_interaction,gatv2_graph_c_sprint8a_context_edge_film,gatv2,graph_c_context_observation,S5F2_energy,test,889,8420,,1,0.5734982490539551
sprint9_multiseed_S8A_R2_seed2024_S8A_R2_context_edge_film,S8A_R2_context_edge_film,graph_c_gatv2_context_edge_film_interaction,gatv2_graph_c_sprint8a_context_edge_film,gatv2,graph_c_context_observation,S5F2_energy,test,890,8420,,1,0.4444950819015503
sprint9_multiseed_S8A_R2_seed2024_S8A_R2_context_edge_film,S8A_R2_context_edge_film,graph_c_gatv2_context_edge_film_interaction,gatv2_graph_c_sprint8a_context_edge_film,gatv2,graph_c_context_observation,S5F2_energy,test,891,8420,,1,0.5559424161911011
sprint9_multiseed_S8A_R2_seed2024_S8A_R2_context_edge_film,S8A_R2_context_edge_film,graph_c_gatv2_context_edge_film_interaction,gatv2_graph_c_sprint8a_context_edge_film,gatv2,graph_c_context_observation,S5F2_energy,test,892,8420,,1,0.5771517753601074
sprint9_multiseed_S8A_R2_seed2024_S8A_R2_context_edge_film,S8A_R2_context_edge_film,graph_c_gatv2_context_edge_film_interaction,gatv2_graph_c_sprint8a_context_edge_film,gatv2,graph_c_context_observation,S5F2_energy,test,893,8420,,1,0.6100374460220337
sprint9_multiseed_S8A_R2_seed2024_S8A_R2_context_edge_film,S8A_R2_context_edge_film,graph_c_gatv2_context_edge_film_interaction,gatv2_graph_c_sprint8a_context_edge_film,gatv2,graph_c_context_observation,S5F2_energy,test,894,8420,,1,0.6010805368423462
sprint9_multiseed_S8A_R2_seed2024_S8A_R2_context_edge_film,S8A_R2_context_edge_film,graph_c_gatv2_context_edge_film_interaction,gatv2_graph_c_sprint8a_context_edge_film,gatv2,graph_c_context_observation,S5F2_energy,test,895,8420,,1,0.5419432520866394
sprint9_multiseed_S8A_R2_seed2024_S8A_R2_context_edge_film,S8A_R2_context_edge_film,graph_c_gatv2_context_edge_film_interaction,gatv2_graph_c_sprint8a_context_edge_film,gatv2,graph_c_context_observation,S5F2_energy,test,896,8420,,1,0.6118395924568176
sprint9_multiseed_S8A_R2_seed2024_S8A_R2_context_edge_film,S8A_R2_context_edge_film,graph_c_gatv2_context_edge_film_interaction,gatv2_graph_c_sprint8a_context_edge_film,gatv2,graph_c_context_observation,S5F2_energy,test,897,8420,,1,0.5697041153907776
sprint9_multiseed_S8A_R2_seed2024_S8A_R2_context_edge_film,S8A_R2_context_edge_film,graph_c_gatv2_context_edge_film_interaction,gatv2_graph_c_sprint8a_context_edge_film,gatv2,graph_c_context_observation,S5F2_energy,test,898,8420,,1,0.606177806854248
sprint9_multiseed_S8A_R2_seed2024_S8A_R2_context_edge_film,S8A_R2_context_edge_film,graph_c_gatv2_context_edge_film_interaction,gatv2_graph_c_sprint8a_context_edge_film,gatv2,graph_c_context_observation,S5F2_energy,test,899,8420,,1,0.5458111763000488
sprint9_multiseed_S8A_R2_seed2024_S8A_R2_context_edge_film,S8A_R2_context_edge_film,graph_c_gatv2_context_edge_film_interaction,gatv2_graph_c_sprint8a_context_edge_film,gatv2,graph_c_context_observation,S5F2_energy,test,900,8420,,1,0.6344631910324097
sprint9_multiseed_S8A_R2_seed2024_S8A_R2_context_edge_film,S8A_R2_context_edge_film,graph_c_gatv2_context_edge_film_interaction,gatv2_graph_c_sprint8a_context_edge_film,gatv2,graph_c_context_observation,S5F2_energy,test,901,8420,,1,0.5978168845176697
sprint9_multiseed_S8A_R2_seed2024_S8A_R2_context_edge_film,S8A_R2_context_edge_film,graph_c_gatv2_context_edge_film_interaction,gatv2_graph_c_sprint8a_context_edge_film,gatv2,graph_c_context_observation,S5F2_energy,test,902,8420,,1,0.5639006495475769
sprint9_multiseed_S8A_R2_seed2024_S8A_R2_context_edge_film,S8A_R2_context_edge_film,graph_c_gatv2_context_edge_film_interaction,gatv2_graph_c_sprint8a_context_edge_film,gatv2,graph_c_context_observation,S5F2_energy,test,903,8420,,1,0.641669750213623
sprint9_multiseed_S8A_R2_seed2024_S8A_R2_context_edge_film,S8A_R2_context_edge_film,graph_c_gatv2_context_edge_film_interaction,gatv2_graph_c_sprint8a_context_edge_film,gatv2,graph_c_context_observation,S5F2_energy,test,904,8420,,1,0.6024693250656128
sprint9_multiseed_S8A_R2_seed2024_S8A_R2_context_edge_film,S8A_R2_context_edge_film,graph_c_gatv2_context_edge_film_interaction,gatv2_graph_c_sprint8a_context_edge_film,gatv2,graph_c_context_observation,S5F2_energy,test,905,8420,,1,0.5895702838897705
sprint9_multiseed_S8A_R2_seed2024_S8A_R2_context_edge_film,S8A_R2_context_edge_film,graph_c_gatv2_context_edge_film_interaction,gatv2_graph_c_sprint8a_context_edge_film,gatv2,graph_c_context_observation,S5F2_energy,test,906,8420,,1,0.5668563842773438
sprint9_multiseed_S8A_R2_seed2024_S8A_R2_context_edge_film,S8A_R2_context_edge_film,graph_c_gatv2_context_edge_film_interaction,gatv2_graph_c_sprint8a_context_edge_film,gatv2,graph_c_context_observation,S5F2_energy,test,907,8420,,1,0.6230669021606445
sprint9_multiseed_S8A_R2_seed2024_S8A_R2_context_edge_film,S8A_R2_context_edge_film,graph_c_gatv2_context_edge_film_interaction,gatv2_graph_c_sprint8a_context_edge_film,gatv2,graph_c_context_observation,S5F2_energy,test,908,8420,,1,0.5729139447212219
sprint9_multiseed_S8A_R2_seed2024_S8A_R2_context_edge_film,S8A_R2_context_edge_film,graph_c_gatv2_context_edge_film_interaction,gatv2_graph_c_sprint8a_context_edge_film,gatv2,graph_c_context_observation,S5F2_energy,test,909,8420,,1,0.5903277397155762
sprint9_multiseed_S8A_R2_seed2024_S8A_R2_context_edge_film,S8A_R2_context_edge_film,graph_c_gatv2_context_edge_film_interaction,gatv2_graph_c_sprint8a_context_edge_film,gatv2,graph_c_context_observation,S5F2_energy,test,910,8420,,1,0.5096122622489929
sprint9_multiseed_S8A_R2_seed2024_S8A_R2_context_edge_film,S8A_R2_context_edge_film,graph_c_gatv2_context_edge_film_interaction,gatv2_graph_c_sprint8a_context_edge_film,gatv2,graph_c_context_observation,S5F2_energy,test,911,8420,,1,0.5862624049186707
sprint9_multiseed_S8A_R2_seed2024_S8A_R2_context_edge_film,S8A_R2_context_edge_film,graph_c_gatv2_context_edge_film_interaction,gatv2_graph_c_sprint8a_context_edge_film,gatv2,graph_c_context_observation,S5F2_energy,test,912,8420,,1,0.6858438849449158
sprint9_multiseed_S8A_R2_seed2024_S8A_R2_context_edge_film,S8A_R2_context_edge_film,graph_c_gatv2_context_edge_film_interaction,gatv2_graph_c_sprint8a_context_edge_film,gatv2,graph_c_context_observation,S5F2_energy,test,913,8420,,1,0.5533940196037292
sprint9_multiseed_S8A_R2_seed2024_S8A_R2_context_edge_film,S8A_R2_context_edge_film,graph_c_gatv2_context_edge_film_interaction,gatv2_graph_c_sprint8a_context_edge_film,gatv2,graph_c_context_observation,S5F2_energy,test,914,8420,,1,0.5181329250335693
sprint9_multiseed_S8A_R2_seed2024_S8A_R2_context_edge_film,S8A_R2_context_edge_film,graph_c_gatv2_context_edge_film_interaction,gatv2_graph_c_sprint8a_context_edge_film,gatv2,graph_c_context_observation,S5F2_energy,test,915,8420,,1,0.5755857825279236
sprint9_multiseed_S8A_R2_seed2024_S8A_R2_context_edge_film,S8A_R2_context_edge_film,graph_c_gatv2_context_edge_film_interaction,gatv2_graph_c_sprint8a_context_edge_film,gatv2,graph_c_context_observation,S5F2_energy,test,916,8420,,1,0.6855593323707581
sprint9_multiseed_S8A_R2_seed2024_S8A_R2_context_edge_film,S8A_R2_context_edge_film,graph_c_gatv2_context_edge_film_interaction,gatv2_graph_c_sprint8a_context_edge_film,gatv2,graph_c_context_observation,S5F2_energy,test,917,8420,,1,0.6254703402519226
sprint9_multiseed_S8A_R2_seed2024_S8A_R2_context_edge_film,S8A_R2_context_edge_film,graph_c_gatv2_context_edge_film_interaction,gatv2_graph_c_sprint8a_context_edge_film,gatv2,graph_c_context_observation,S5F2_energy,test,918,8420,,1,0.6512678861618042
sprint9_multiseed_S8A_R2_seed2024_S8A_R2_context_edge_film,S8A_R2_context_edge_film,graph_c_gatv2_context_edge_film_interaction,gatv2_graph_c_sprint8a_context_edge_film,gatv2,graph_c_context_observation,S5F2_energy,test,919,8420,,1,0.5316811800003052
sprint9_multiseed_S8A_R2_seed2024_S8A_R2_context_edge_film,S8A_R2_context_edge_film,graph_c_gatv2_context_edge_film_interaction,gatv2_graph_c_sprint8a_context_edge_film,gatv2,graph_c_context_observation,S5F2_energy,test,920,8420,,1,0.5834081768989563
sprint9_multiseed_S8A_R2_seed2024_S8A_R2_context_edge_film,S8A_R2_context_edge_film,graph_c_gatv2_context_edge_film_interaction,gatv2_graph_c_sprint8a_context_edge_film,gatv2,graph_c_context_observation,S5F2_energy,test,921,8420,,1,0.44508615136146545
sprint9_multiseed_S8A_R2_seed2024_S8A_R2_context_edge_film,S8A_R2_context_edge_film,graph_c_gatv2_context_edge_film_interaction,gatv2_graph_c_sprint8a_context_edge_film,gatv2,graph_c_context_observation,S5F2_energy,test,922,8420,,1,0.6281301379203796
sprint9_multiseed_S8A_R2_seed2024_S8A_R2_context_edge_film,S8A_R2_context_edge_film,graph_c_gatv2_context_edge_film_interaction,gatv2_graph_c_sprint8a_context_edge_film,gatv2,graph_c_context_observation,S5F2_energy,test,923,8420,,1,0.5420541167259216
sprint9_multiseed_S8A_R2_seed2024_S8A_R2_context_edge_film,S8A_R2_context_edge_film,graph_c_gatv2_context_edge_film_interaction,gatv2_graph_c_sprint8a_context_edge_film,gatv2,graph_c_context_observation,S5F2_energy,test,924,8420,,1,0.5787281394004822
sprint9_multiseed_S8A_R2_seed2024_S8A_R2_context_edge_film,S8A_R2_context_edge_film,graph_c_gatv2_context_edge_film_interaction,gatv2_graph_c_sprint8a_context_edge_film,gatv2,graph_c_context_observation,S5F2_energy,test,925,8420,,1,0.506781280040741
sprint9_multiseed_S8A_R2_seed2024_S8A_R2_context_edge_film,S8A_R2_context_edge_film,graph_c_gatv2_context_edge_film_interaction,gatv2_graph_c_sprint8a_context_edge_film,gatv2,graph_c_context_observation,S5F2_energy,test,926,8420,,1,0.5753285884857178
sprint9_multiseed_S8A_R2_seed2024_S8A_R2_context_edge_film,S8A_R2_context_edge_film,graph_c_gatv2_context_edge_film_interaction,gatv2_graph_c_sprint8a_context_edge_film,gatv2,graph_c_context_observation,S5F2_energy,test,927,8420,,1,0.5113412141799927
sprint9_multiseed_S8A_R2_seed2024_S8A_R2_context_edge_film,S8A_R2_context_edge_film,graph_c_gatv2_context_edge_film_interaction,gatv2_graph_c_sprint8a_context_edge_film,gatv2,graph_c_context_observation,S5F2_energy,test,928,8420,,1,0.6089805364608765
sprint9_multiseed_S8A_R2_seed2024_S8A_R2_context_edge_film,S8A_R2_context_edge_film,graph_c_gatv2_context_edge_film_interaction,gatv2_graph_c_sprint8a_context_edge_film,gatv2,graph_c_context_observation,S5F2_energy,test,929,8420,,1,0.4714055061340332
sprint9_multiseed_S8A_R2_seed2024_S8A_R2_context_edge_film,S8A_R2_context_edge_film,graph_c_gatv2_context_edge_film_interaction,gatv2_graph_c_sprint8a_context_edge_film,gatv2,graph_c_context_observation,S5F2_energy,test,930,8420,,1,0.5321742296218872
sprint9_multiseed_S8A_R2_seed2024_S8A_R2_context_edge_film,S8A_R2_context_edge_film,graph_c_gatv2_context_edge_film_interaction,gatv2_graph_c_sprint8a_context_edge_film,gatv2,graph_c_context_observation,S5F2_energy,test,931,8420,,1,0.5498207807540894
sprint9_multiseed_S8A_R2_seed2024_S8A_R2_context_edge_film,S8A_R2_context_edge_film,graph_c_gatv2_context_edge_film_interaction,gatv2_graph_c_sprint8a_context_edge_film,gatv2,graph_c_context_observation,S5F2_energy,test,932,8420,,1,0.594238817691803
sprint9_multiseed_S8A_R2_seed2024_S8A_R2_context_edge_film,S8A_R2_context_edge_film,graph_c_gatv2_context_edge_film_interaction,gatv2_graph_c_sprint8a_context_edge_film,gatv2,graph_c_context_observation,S5F2_energy,test,933,8420,,1,0.49434107542037964
sprint9_multiseed_S8A_R2_seed2024_S8A_R2_context_edge_film,S8A_R2_context_edge_film,graph_c_gatv2_context_edge_film_interaction,gatv2_graph_c_sprint8a_context_edge_film,gatv2,graph_c_context_observation,S5F2_energy,test,934,8420,,1,0.6691368222236633
sprint9_multiseed_S8A_R2_seed2024_S8A_R2_context_edge_film,S8A_R2_context_edge_film,graph_c_gatv2_context_edge_film_interaction,gatv2_graph_c_sprint8a_context_edge_film,gatv2,graph_c_context_observation,S5F2_energy,test,935,8420,,1,0.543917715549469
sprint9_multiseed_S8A_R2_seed2024_S8A_R2_context_edge_film,S8A_R2_context_edge_film,graph_c_gatv2_context_edge_film_interaction,gatv2_graph_c_sprint8a_context_edge_film,gatv2,graph_c_context_observation,S5F2_energy,test,936,8420,,1,0.4881365895271301
sprint9_multiseed_S8A_R2_seed2024_S8A_R2_context_edge_film,S8A_R2_context_edge_film,graph_c_gatv2_context_edge_film_interaction,gatv2_graph_c_sprint8a_context_edge_film,gatv2,graph_c_context_observation,S5F2_energy,test,937,8420,,1,0.6423133611679077
sprint9_multiseed_S8A_R2_seed2024_S8A_R2_context_edge_film,S8A_R2_context_edge_film,graph_c_gatv2_context_edge_film_interaction,gatv2_graph_c_sprint8a_context_edge_film,gatv2,graph_c_context_observation,S5F2_energy,test,938,8420,,1,0.5600987672805786
sprint9_multiseed_S8A_R2_seed2024_S8A_R2_context_edge_film,S8A_R2_context_edge_film,graph_c_gatv2_context_edge_film_interaction,gatv2_graph_c_sprint8a_context_edge_film,gatv2,graph_c_context_observation,S5F2_energy,test,939,8420,,1,0.5139469504356384
sprint9_multiseed_S8A_R2_seed2024_S8A_R2_context_edge_film,S8A_R2_context_edge_film,graph_c_gatv2_context_edge_film_interaction,gatv2_graph_c_sprint8a_context_edge_film,gatv2,graph_c_context_observation,S5F2_energy,test,940,8420,,1,0.5853167176246643
sprint9_multiseed_S8A_R2_seed2024_S8A_R2_context_edge_film,S8A_R2_context_edge_film,graph_c_gatv2_context_edge_film_interaction,gatv2_graph_c_sprint8a_context_edge_film,gatv2,graph_c_context_observation,S5F2_energy,test,941,8420,,1,0.5864803791046143
sprint9_multiseed_S8A_R2_seed2024_S8A_R2_context_edge_film,S8A_R2_context_edge_film,graph_c_gatv2_context_edge_film_interaction,gatv2_graph_c_sprint8a_context_edge_film,gatv2,graph_c_context_observation,S5F2_energy,test,942,8420,,1,0.5526440739631653
sprint9_multiseed_S8A_R2_seed2024_S8A_R2_context_edge_film,S8A_R2_context_edge_film,graph_c_gatv2_context_edge_film_interaction,gatv2_graph_c_sprint8a_context_edge_film,gatv2,graph_c_context_observation,S5F2_energy,test,943,8420,,1,0.509936511516571
sprint9_multiseed_S8A_R2_seed2024_S8A_R2_context_edge_film,S8A_R2_context_edge_film,graph_c_gatv2_context_edge_film_interaction,gatv2_graph_c_sprint8a_context_edge_film,gatv2,graph_c_context_observation,S5F2_energy,test,944,8420,,1,0.6605021953582764
sprint9_multiseed_S8A_R2_seed2024_S8A_R2_context_edge_film,S8A_R2_context_edge_film,graph_c_gatv2_context_edge_film_interaction,gatv2_graph_c_sprint8a_context_edge_film,gatv2,graph_c_context_observation,S5F2_energy,test,945,8420,,1,0.5264036059379578
sprint9_multiseed_S8A_R2_seed2024_S8A_R2_context_edge_film,S8A_R2_context_edge_film,graph_c_gatv2_context_edge_film_interaction,gatv2_graph_c_sprint8a_context_edge_film,gatv2,graph_c_context_observation,S5F2_energy,test,946,8420,,1,0.475253164768219
sprint9_multiseed_S8A_R2_seed2024_S8A_R2_context_edge_film,S8A_R2_context_edge_film,graph_c_gatv2_context_edge_film_interaction,gatv2_graph_c_sprint8a_context_edge_film,gatv2,graph_c_context_observation,S5F2_energy,test,947,8420,,1,0.5692887306213379
sprint9_multiseed_S8A_R2_seed2024_S8A_R2_context_edge_film,S8A_R2_context_edge_film,graph_c_gatv2_context_edge_film_interaction,gatv2_graph_c_sprint8a_context_edge_film,gatv2,graph_c_context_observation,S5F2_energy,test,948,8420,,1,0.6043708324432373
sprint9_multiseed_S8A_R2_seed2024_S8A_R2_context_edge_film,S8A_R2_context_edge_film,graph_c_gatv2_context_edge_film_interaction,gatv2_graph_c_sprint8a_context_edge_film,gatv2,graph_c_context_observation,S5F2_energy,test,949,8420,,1,0.5989760160446167
sprint9_multiseed_S8A_R2_seed2024_S8A_R2_context_edge_film,S8A_R2_context_edge_film,graph_c_gatv2_context_edge_film_interaction,gatv2_graph_c_sprint8a_context_edge_film,gatv2,graph_c_context_observation,S5F2_energy,test,950,8420,,1,0.3692532777786255
sprint9_multiseed_S8A_R2_seed2024_S8A_R2_context_edge_film,S8A_R2_context_edge_film,graph_c_gatv2_context_edge_film_interaction,gatv2_graph_c_sprint8a_context_edge_film,gatv2,graph_c_context_observation,S5F2_energy,test,951,8420,,1,0.5444793701171875
sprint9_multiseed_S8A_R2_seed2024_S8A_R2_context_edge_film,S8A_R2_context_edge_film,graph_c_gatv2_context_edge_film_interaction,gatv2_graph_c_sprint8a_context_edge_film,gatv2,graph_c_context_observation,S5F2_energy,test,952,8420,,1,0.4850667119026184
sprint9_multiseed_S8A_R2_seed2024_S8A_R2_context_edge_film,S8A_R2_context_edge_film,graph_c_gatv2_context_edge_film_interaction,gatv2_graph_c_sprint8a_context_edge_film,gatv2,graph_c_context_observation,S5F2_energy,test,953,8420,,1,0.5040658712387085
sprint9_multiseed_S8A_R2_seed2024_S8A_R2_context_edge_film,S8A_R2_context_edge_film,graph_c_gatv2_context_edge_film_interaction,gatv2_graph_c_sprint8a_context_edge_film,gatv2,graph_c_context_observation,S5F2_energy,test,954,8420,,1,0.5462175607681274
sprint9_multiseed_S8A_R2_seed2024_S8A_R2_context_edge_film,S8A_R2_context_edge_film,graph_c_gatv2_context_edge_film_interaction,gatv2_graph_c_sprint8a_context_edge_film,gatv2,graph_c_context_observation,S5F2_energy,test,955,8420,,1,0.5699809789657593
sprint9_multiseed_S8A_R2_seed2024_S8A_R2_context_edge_film,S8A_R2_context_edge_film,graph_c_gatv2_context_edge_film_interaction,gatv2_graph_c_sprint8a_context_edge_film,gatv2,graph_c_context_observation,S5F2_energy,test,956,8420,,1,0.6449798345565796
sprint9_multiseed_S8A_R2_seed2024_S8A_R2_context_edge_film,S8A_R2_context_edge_film,graph_c_gatv2_context_edge_film_interaction,gatv2_graph_c_sprint8a_context_edge_film,gatv2,graph_c_context_observation,S5F2_energy,test,957,8420,,1,0.41019222140312195
sprint9_multiseed_S8A_R2_seed2024_S8A_R2_context_edge_film,S8A_R2_context_edge_film,graph_c_gatv2_context_edge_film_interaction,gatv2_graph_c_sprint8a_context_edge_film,gatv2,graph_c_context_observation,S5F2_energy,test,958,8420,,1,0.5648833513259888
sprint9_multiseed_S8A_R2_seed2024_S8A_R2_context_edge_film,S8A_R2_context_edge_film,graph_c_gatv2_context_edge_film_interaction,gatv2_graph_c_sprint8a_context_edge_film,gatv2,graph_c_context_observation,S5F2_energy,test,959,8420,,1,0.6335394382476807
sprint9_multiseed_S8A_R2_seed2024_S8A_R2_context_edge_film,S8A_R2_context_edge_film,graph_c_gatv2_context_edge_film_interaction,gatv2_graph_c_sprint8a_context_edge_film,gatv2,graph_c_context_observation,S5F2_energy,test,960,8420,,1,0.48912933468818665
sprint9_multiseed_S8A_R2_seed2024_S8A_R2_context_edge_film,S8A_R2_context_edge_film,graph_c_gatv2_context_edge_film_interaction,gatv2_graph_c_sprint8a_context_edge_film,gatv2,graph_c_context_observation,S5F2_energy,test,961,8420,,1,0.632295548915863
sprint9_multiseed_S8A_R2_seed2024_S8A_R2_context_edge_film,S8A_R2_context_edge_film,graph_c_gatv2_context_edge_film_interaction,gatv2_graph_c_sprint8a_context_edge_film,gatv2,graph_c_context_observation,S5F2_energy,test,962,8420,,1,0.5548855662345886
sprint9_multiseed_S8A_R2_seed2024_S8A_R2_context_edge_film,S8A_R2_context_edge_film,graph_c_gatv2_context_edge_film_interaction,gatv2_graph_c_sprint8a_context_edge_film,gatv2,graph_c_context_observation,S5F2_energy,test,963,8420,,1,0.5449926853179932
sprint9_multiseed_S8A_R2_seed2024_S8A_R2_context_edge_film,S8A_R2_context_edge_film,graph_c_gatv2_context_edge_film_interaction,gatv2_graph_c_sprint8a_context_edge_film,gatv2,graph_c_context_observation,S5F2_energy,test,964,8420,,1,0.4818180799484253
sprint9_multiseed_S8A_R2_seed2024_S8A_R2_context_edge_film,S8A_R2_context_edge_film,graph_c_gatv2_context_edge_film_interaction,gatv2_graph_c_sprint8a_context_edge_film,gatv2,graph_c_context_observation,S5F2_energy,test,965,8420,,1,0.538844108581543
sprint9_multiseed_S8A_R2_seed2024_S8A_R2_context_edge_film,S8A_R2_context_edge_film,graph_c_gatv2_context_edge_film_interaction,gatv2_graph_c_sprint8a_context_edge_film,gatv2,graph_c_context_observation,S5F2_energy,test,966,8420,,1,0.5822523832321167
sprint9_multiseed_S8A_R2_seed2024_S8A_R2_context_edge_film,S8A_R2_context_edge_film,graph_c_gatv2_context_edge_film_interaction,gatv2_graph_c_sprint8a_context_edge_film,gatv2,graph_c_context_observation,S5F2_energy,test,967,8420,,1,0.5842442512512207
sprint9_multiseed_S8A_R2_seed2024_S8A_R2_context_edge_film,S8A_R2_context_edge_film,graph_c_gatv2_context_edge_film_interaction,gatv2_graph_c_sprint8a_context_edge_film,gatv2,graph_c_context_observation,S5F2_energy,test,968,8420,,1,0.5607630014419556
sprint9_multiseed_S8A_R2_seed2024_S8A_R2_context_edge_film,S8A_R2_context_edge_film,graph_c_gatv2_context_edge_film_interaction,gatv2_graph_c_sprint8a_context_edge_film,gatv2,graph_c_context_observation,S5F2_energy,test,969,8420,,1,0.5967035889625549
sprint9_multiseed_S8A_R2_seed2024_S8A_R2_context_edge_film,S8A_R2_context_edge_film,graph_c_gatv2_context_edge_film_interaction,gatv2_graph_c_sprint8a_context_edge_film,gatv2,graph_c_context_observation,S5F2_energy,test,970,8420,,1,0.6228475570678711
sprint9_multiseed_S8A_R2_seed2024_S8A_R2_context_edge_film,S8A_R2_context_edge_film,graph_c_gatv2_context_edge_film_interaction,gatv2_graph_c_sprint8a_context_edge_film,gatv2,graph_c_context_observation,S5F2_energy,test,971,8420,,1,0.47075483202934265
sprint9_multiseed_S8A_R2_seed2024_S8A_R2_context_edge_film,S8A_R2_context_edge_film,graph_c_gatv2_context_edge_film_interaction,gatv2_graph_c_sprint8a_context_edge_film,gatv2,graph_c_context_observation,S5F2_energy,test,972,8420,,1,0.6524662375450134
sprint9_multiseed_S8A_R2_seed2024_S8A_R2_context_edge_film,S8A_R2_context_edge_film,graph_c_gatv2_context_edge_film_interaction,gatv2_graph_c_sprint8a_context_edge_film,gatv2,graph_c_context_observation,S5F2_energy,test,973,8420,,1,0.6052553653717041
sprint9_multiseed_S8A_R2_seed2024_S8A_R2_context_edge_film,S8A_R2_context_edge_film,graph_c_gatv2_context_edge_film_interaction,gatv2_graph_c_sprint8a_context_edge_film,gatv2,graph_c_context_observation,S5F2_energy,test,974,8420,,1,0.5818837285041809
sprint9_multiseed_S8A_R2_seed2024_S8A_R2_context_edge_film,S8A_R2_context_edge_film,graph_c_gatv2_context_edge_film_interaction,gatv2_graph_c_sprint8a_context_edge_film,gatv2,graph_c_context_observation,S5F2_energy,test,975,8420,,1,0.559711217880249
sprint9_multiseed_S8A_R2_seed2024_S8A_R2_context_edge_film,S8A_R2_context_edge_film,graph_c_gatv2_context_edge_film_interaction,gatv2_graph_c_sprint8a_context_edge_film,gatv2,graph_c_context_observation,S5F2_energy,test,976,8420,,1,0.49125728011131287
sprint9_multiseed_S8A_R2_seed2024_S8A_R2_context_edge_film,S8A_R2_context_edge_film,graph_c_gatv2_context_edge_film_interaction,gatv2_graph_c_sprint8a_context_edge_film,gatv2,graph_c_context_observation,S5F2_energy,test,977,8420,,1,0.5244998931884766
sprint9_multiseed_S8A_R2_seed2024_S8A_R2_context_edge_film,S8A_R2_context_edge_film,graph_c_gatv2_context_edge_film_interaction,gatv2_graph_c_sprint8a_context_edge_film,gatv2,graph_c_context_observation,S5F2_energy,test,978,8420,,1,0.5699930191040039
sprint9_multiseed_S8A_R2_seed2024_S8A_R2_context_edge_film,S8A_R2_context_edge_film,graph_c_gatv2_context_edge_film_interaction,gatv2_graph_c_sprint8a_context_edge_film,gatv2,graph_c_context_observation,S5F2_energy,test,979,8420,,1,0.5604148507118225
sprint9_multiseed_S8A_R2_seed2024_S8A_R2_context_edge_film,S8A_R2_context_edge_film,graph_c_gatv2_context_edge_film_interaction,gatv2_graph_c_sprint8a_context_edge_film,gatv2,graph_c_context_observation,S5F2_energy,test,980,8420,,1,0.583331286907196
sprint9_multiseed_S8A_R2_seed2024_S8A_R2_context_edge_film,S8A_R2_context_edge_film,graph_c_gatv2_context_edge_film_interaction,gatv2_graph_c_sprint8a_context_edge_film,gatv2,graph_c_context_observation,S5F2_energy,test,981,8420,,1,0.5655574798583984
sprint9_multiseed_S8A_R2_seed2024_S8A_R2_context_edge_film,S8A_R2_context_edge_film,graph_c_gatv2_context_edge_film_interaction,gatv2_graph_c_sprint8a_context_edge_film,gatv2,graph_c_context_observation,S5F2_energy,test,982,8420,,1,0.5199133157730103
sprint9_multiseed_S8A_R2_seed2024_S8A_R2_context_edge_film,S8A_R2_context_edge_film,graph_c_gatv2_context_edge_film_interaction,gatv2_graph_c_sprint8a_context_edge_film,gatv2,graph_c_context_observation,S5F2_energy,test,983,8420,,1,0.3372831642627716
sprint9_multiseed_S8A_R2_seed2024_S8A_R2_context_edge_film,S8A_R2_context_edge_film,graph_c_gatv2_context_edge_film_interaction,gatv2_graph_c_sprint8a_context_edge_film,gatv2,graph_c_context_observation,S5F2_energy,test,984,8420,,1,0.5568332672119141
sprint9_multiseed_S8A_R2_seed2024_S8A_R2_context_edge_film,S8A_R2_context_edge_film,graph_c_gatv2_context_edge_film_interaction,gatv2_graph_c_sprint8a_context_edge_film,gatv2,graph_c_context_observation,S5F2_energy,test,985,8420,,1,0.49223384261131287
sprint9_multiseed_S8A_R2_seed2024_S8A_R2_context_edge_film,S8A_R2_context_edge_film,graph_c_gatv2_context_edge_film_interaction,gatv2_graph_c_sprint8a_context_edge_film,gatv2,graph_c_context_observation,S5F2_energy,test,986,8420,,1,0.5424469113349915
sprint9_multiseed_S8A_R2_seed2024_S8A_R2_context_edge_film,S8A_R2_context_edge_film,graph_c_gatv2_context_edge_film_interaction,gatv2_graph_c_sprint8a_context_edge_film,gatv2,graph_c_context_observation,S5F2_energy,test,987,8420,,1,0.5310424566268921
sprint9_multiseed_S8A_R2_seed2024_S8A_R2_context_edge_film,S8A_R2_context_edge_film,graph_c_gatv2_context_edge_film_interaction,gatv2_graph_c_sprint8a_context_edge_film,gatv2,graph_c_context_observation,S5F2_energy,test,988,8420,,1,0.6434740424156189
sprint9_multiseed_S8A_R2_seed2024_S8A_R2_context_edge_film,S8A_R2_context_edge_film,graph_c_gatv2_context_edge_film_interaction,gatv2_graph_c_sprint8a_context_edge_film,gatv2,graph_c_context_observation,S5F2_energy,test,989,8420,,1,0.4412700831890106
sprint9_multiseed_S8A_R2_seed2024_S8A_R2_context_edge_film,S8A_R2_context_edge_film,graph_c_gatv2_context_edge_film_interaction,gatv2_graph_c_sprint8a_context_edge_film,gatv2,graph_c_context_observation,S5F2_energy,test,990,8420,,1,0.5873233675956726
sprint9_multiseed_S8A_R2_seed2024_S8A_R2_context_edge_film,S8A_R2_context_edge_film,graph_c_gatv2_context_edge_film_interaction,gatv2_graph_c_sprint8a_context_edge_film,gatv2,graph_c_context_observation,S5F2_energy,test,991,8420,,1,0.5851168036460876
sprint9_multiseed_S8A_R2_seed2024_S8A_R2_context_edge_film,S8A_R2_context_edge_film,graph_c_gatv2_context_edge_film_interaction,gatv2_graph_c_sprint8a_context_edge_film,gatv2,graph_c_context_observation,S5F2_energy,test,992,8420,,1,0.5493002533912659
sprint9_multiseed_S8A_R2_seed2024_S8A_R2_context_edge_film,S8A_R2_context_edge_film,graph_c_gatv2_context_edge_film_interaction,gatv2_graph_c_sprint8a_context_edge_film,gatv2,graph_c_context_observation,S5F2_energy,test,993,8420,,1,0.5478276014328003
sprint9_multiseed_S8A_R2_seed2024_S8A_R2_context_edge_film,S8A_R2_context_edge_film,graph_c_gatv2_context_edge_film_interaction,gatv2_graph_c_sprint8a_context_edge_film,gatv2,graph_c_context_observation,S5F2_energy,test,994,8420,,1,0.5185108184814453
sprint9_multiseed_S8A_R2_seed2024_S8A_R2_context_edge_film,S8A_R2_context_edge_film,graph_c_gatv2_context_edge_film_interaction,gatv2_graph_c_sprint8a_context_edge_film,gatv2,graph_c_context_observation,S5F2_energy,test,995,8420,,1,0.5674479603767395
sprint9_multiseed_S8A_R2_seed2024_S8A_R2_context_edge_film,S8A_R2_context_edge_film,graph_c_gatv2_context_edge_film_interaction,gatv2_graph_c_sprint8a_context_edge_film,gatv2,graph_c_context_observation,S5F2_energy,test,996,8420,,1,0.47629496455192566
sprint9_multiseed_S8A_R2_seed2024_S8A_R2_context_edge_film,S8A_R2_context_edge_film,graph_c_gatv2_context_edge_film_interaction,gatv2_graph_c_sprint8a_context_edge_film,gatv2,graph_c_context_observation,S5F2_energy,test,997,8420,,1,0.565534770488739
sprint9_multiseed_S8A_R2_seed2024_S8A_R2_context_edge_film,S8A_R2_context_edge_film,graph_c_gatv2_context_edge_film_interaction,gatv2_graph_c_sprint8a_context_edge_film,gatv2,graph_c_context_observation,S5F2_energy,test,998,8420,,1,0.5188547372817993
sprint9_multiseed_S8A_R2_seed2024_S8A_R2_context_edge_film,S8A_R2_context_edge_film,graph_c_gatv2_context_edge_film_interaction,gatv2_graph_c_sprint8a_context_edge_film,gatv2,graph_c_context_observation,S5F2_energy,test,999,8420,,1,0.5627642869949341
sprint9_multiseed_S8A_R2_seed2024_S8A_R2_context_edge_film,S8A_R2_context_edge_film,graph_c_gatv2_context_edge_film_interaction,gatv2_graph_c_sprint8a_context_edge_film,gatv2,graph_c_context_observation,S5F2_energy,test,1000,8420,,1,0.7083089351654053
sprint9_multiseed_S8A_R2_seed2024_S8A_R2_context_edge_film,S8A_R2_context_edge_film,graph_c_gatv2_context_edge_film_interaction,gatv2_graph_c_sprint8a_context_edge_film,gatv2,graph_c_context_observation,S5F2_energy,test,1001,8420,,1,0.513831377029419
sprint9_multiseed_S8A_R2_seed2024_S8A_R2_context_edge_film,S8A_R2_context_edge_film,graph_c_gatv2_context_edge_film_interaction,gatv2_graph_c_sprint8a_context_edge_film,gatv2,graph_c_context_observation,S5F2_energy,test,1002,8420,,1,0.6799423694610596
sprint9_multiseed_S8A_R2_seed2024_S8A_R2_context_edge_film,S8A_R2_context_edge_film,graph_c_gatv2_context_edge_film_interaction,gatv2_graph_c_sprint8a_context_edge_film,gatv2,graph_c_context_observation,S5F2_energy,test,1003,8420,,1,0.5826614499092102
sprint9_multiseed_S8A_R2_seed2024_S8A_R2_context_edge_film,S8A_R2_context_edge_film,graph_c_gatv2_context_edge_film_interaction,gatv2_graph_c_sprint8a_context_edge_film,gatv2,graph_c_context_observation,S5F2_energy,test,1004,8420,,1,0.5733845829963684
sprint9_multiseed_S8A_R2_seed2024_S8A_R2_context_edge_film,S8A_R2_context_edge_film,graph_c_gatv2_context_edge_film_interaction,gatv2_graph_c_sprint8a_context_edge_film,gatv2,graph_c_context_observation,S5F2_energy,test,1005,8420,,1,0.6664272546768188
sprint9_multiseed_S8A_R2_seed2024_S8A_R2_context_edge_film,S8A_R2_context_edge_film,graph_c_gatv2_context_edge_film_interaction,gatv2_graph_c_sprint8a_context_edge_film,gatv2,graph_c_context_observation,S5F2_energy,test,1006,8420,,1,0.34165486693382263
sprint9_multiseed_S8A_R2_seed2024_S8A_R2_context_edge_film,S8A_R2_context_edge_film,graph_c_gatv2_context_edge_film_interaction,gatv2_graph_c_sprint8a_context_edge_film,gatv2,graph_c_context_observation,S5F2_energy,test,1007,8420,,1,0.6134579181671143
sprint9_multiseed_S8A_R2_seed2024_S8A_R2_context_edge_film,S8A_R2_context_edge_film,graph_c_gatv2_context_edge_film_interaction,gatv2_graph_c_sprint8a_context_edge_film,gatv2,graph_c_context_observation,S5F2_energy,test,1008,8420,,1,0.5453698039054871
sprint9_multiseed_S8A_R2_seed2024_S8A_R2_context_edge_film,S8A_R2_context_edge_film,graph_c_gatv2_context_edge_film_interaction,gatv2_graph_c_sprint8a_context_edge_film,gatv2,graph_c_context_observation,S5F2_energy,test,1009,8420,,1,0.5301369428634644
sprint9_multiseed_S8A_R2_seed2024_S8A_R2_context_edge_film,S8A_R2_context_edge_film,graph_c_gatv2_context_edge_film_interaction,gatv2_graph_c_sprint8a_context_edge_film,gatv2,graph_c_context_observation,S5F2_energy,test,1010,8420,,1,0.5829624533653259
sprint9_multiseed_S8A_R2_seed2024_S8A_R2_context_edge_film,S8A_R2_context_edge_film,graph_c_gatv2_context_edge_film_interaction,gatv2_graph_c_sprint8a_context_edge_film,gatv2,graph_c_context_observation,S5F2_energy,test,1011,8420,,1,0.48434537649154663
sprint9_multiseed_S8A_R2_seed2024_S8A_R2_context_edge_film,S8A_R2_context_edge_film,graph_c_gatv2_context_edge_film_interaction,gatv2_graph_c_sprint8a_context_edge_film,gatv2,graph_c_context_observation,S5F2_energy,test,1012,8420,,1,0.5621711015701294
sprint9_multiseed_S8A_R2_seed2024_S8A_R2_context_edge_film,S8A_R2_context_edge_film,graph_c_gatv2_context_edge_film_interaction,gatv2_graph_c_sprint8a_context_edge_film,gatv2,graph_c_context_observation,S5F2_energy,test,1013,8420,,1,0.6335257291793823
sprint9_multiseed_S8A_R2_seed2024_S8A_R2_context_edge_film,S8A_R2_context_edge_film,graph_c_gatv2_context_edge_film_interaction,gatv2_graph_c_sprint8a_context_edge_film,gatv2,graph_c_context_observation,S5F2_energy,test,1014,8420,,1,0.6285922527313232
sprint9_multiseed_S8A_R2_seed2024_S8A_R2_context_edge_film,S8A_R2_context_edge_film,graph_c_gatv2_context_edge_film_interaction,gatv2_graph_c_sprint8a_context_edge_film,gatv2,graph_c_context_observation,S5F2_energy,test,1015,8420,,1,0.6151719689369202
sprint9_multiseed_S8A_R2_seed2024_S8A_R2_context_edge_film,S8A_R2_context_edge_film,graph_c_gatv2_context_edge_film_interaction,gatv2_graph_c_sprint8a_context_edge_film,gatv2,graph_c_context_observation,S5F2_energy,test,1016,8420,,1,0.524552047252655
sprint9_multiseed_S8A_R2_seed2024_S8A_R2_context_edge_film,S8A_R2_context_edge_film,graph_c_gatv2_context_edge_film_interaction,gatv2_graph_c_sprint8a_context_edge_film,gatv2,graph_c_context_observation,S5F2_energy,test,1017,8420,,1,0.5045607686042786
sprint9_multiseed_S8A_R2_seed2024_S8A_R2_context_edge_film,S8A_R2_context_edge_film,graph_c_gatv2_context_edge_film_interaction,gatv2_graph_c_sprint8a_context_edge_film,gatv2,graph_c_context_observation,S5F2_energy,test,1018,8420,,1,0.6138637661933899
sprint9_multiseed_S8A_R2_seed2024_S8A_R2_context_edge_film,S8A_R2_context_edge_film,graph_c_gatv2_context_edge_film_interaction,gatv2_graph_c_sprint8a_context_edge_film,gatv2,graph_c_context_observation,S5F2_energy,test,1019,8420,,1,0.4761766493320465
sprint9_multiseed_S8A_R2_seed2024_S8A_R2_context_edge_film,S8A_R2_context_edge_film,graph_c_gatv2_context_edge_film_interaction,gatv2_graph_c_sprint8a_context_edge_film,gatv2,graph_c_context_observation,S5F2_energy,test,1020,8420,,1,0.517501711845398
sprint9_multiseed_S8A_R2_seed2024_S8A_R2_context_edge_film,S8A_R2_context_edge_film,graph_c_gatv2_context_edge_film_interaction,gatv2_graph_c_sprint8a_context_edge_film,gatv2,graph_c_context_observation,S5F2_energy,test,1021,8420,,1,0.5630407333374023
sprint9_multiseed_S8A_R2_seed2024_S8A_R2_context_edge_film,S8A_R2_context_edge_film,graph_c_gatv2_context_edge_film_interaction,gatv2_graph_c_sprint8a_context_edge_film,gatv2,graph_c_context_observation,S5F2_energy,test,1022,8420,,1,0.510635256767273
sprint9_multiseed_S8A_R2_seed2024_S8A_R2_context_edge_film,S8A_R2_context_edge_film,graph_c_gatv2_context_edge_film_interaction,gatv2_graph_c_sprint8a_context_edge_film,gatv2,graph_c_context_observation,S5F2_energy,test,1023,8420,,1,0.46379467844963074
sprint9_multiseed_S8A_R2_seed2024_S8A_R2_context_edge_film,S8A_R2_context_edge_film,graph_c_gatv2_context_edge_film_interaction,gatv2_graph_c_sprint8a_context_edge_film,gatv2,graph_c_context_observation,S5F2_energy,test,1024,8420,,1,0.5030418634414673
sprint9_multiseed_S8A_R2_seed2024_S8A_R2_context_edge_film,S8A_R2_context_edge_film,graph_c_gatv2_context_edge_film_interaction,gatv2_graph_c_sprint8a_context_edge_film,gatv2,graph_c_context_observation,S5F2_energy,test,1025,8420,,1,0.504887044429779
sprint9_multiseed_S8A_R2_seed2024_S8A_R2_context_edge_film,S8A_R2_context_edge_film,graph_c_gatv2_context_edge_film_interaction,gatv2_graph_c_sprint8a_context_edge_film,gatv2,graph_c_context_observation,S5F2_energy,test,1026,8420,,1,0.4824162721633911
sprint9_multiseed_S8A_R2_seed2024_S8A_R2_context_edge_film,S8A_R2_context_edge_film,graph_c_gatv2_context_edge_film_interaction,gatv2_graph_c_sprint8a_context_edge_film,gatv2,graph_c_context_observation,S5F2_energy,test,1027,8420,,1,0.6225576400756836
sprint9_multiseed_S8A_R2_seed2024_S8A_R2_context_edge_film,S8A_R2_context_edge_film,graph_c_gatv2_context_edge_film_interaction,gatv2_graph_c_sprint8a_context_edge_film,gatv2,graph_c_context_observation,S5F2_energy,test,1028,8420,,1,0.531331479549408
sprint9_multiseed_S8A_R2_seed2024_S8A_R2_context_edge_film,S8A_R2_context_edge_film,graph_c_gatv2_context_edge_film_interaction,gatv2_graph_c_sprint8a_context_edge_film,gatv2,graph_c_context_observation,S5F2_energy,test,1029,8420,,1,0.6217664480209351
sprint9_multiseed_S8A_R2_seed2024_S8A_R2_context_edge_film,S8A_R2_context_edge_film,graph_c_gatv2_context_edge_film_interaction,gatv2_graph_c_sprint8a_context_edge_film,gatv2,graph_c_context_observation,S5F2_energy,test,1030,8420,,1,0.5648771524429321
sprint9_multiseed_S8A_R2_seed2024_S8A_R2_context_edge_film,S8A_R2_context_edge_film,graph_c_gatv2_context_edge_film_interaction,gatv2_graph_c_sprint8a_context_edge_film,gatv2,graph_c_context_observation,S5F2_energy,test,1031,8420,,1,0.563733696937561
sprint9_multiseed_S8A_R2_seed2024_S8A_R2_context_edge_film,S8A_R2_context_edge_film,graph_c_gatv2_context_edge_film_interaction,gatv2_graph_c_sprint8a_context_edge_film,gatv2,graph_c_context_observation,S5F2_energy,test,1032,8420,,1,0.67191481590271
sprint9_multiseed_S8A_R2_seed2024_S8A_R2_context_edge_film,S8A_R2_context_edge_film,graph_c_gatv2_context_edge_film_interaction,gatv2_graph_c_sprint8a_context_edge_film,gatv2,graph_c_context_observation,S5F2_energy,test,1033,8420,,1,0.6442434787750244
sprint9_multiseed_S8A_R2_seed2024_S8A_R2_context_edge_film,S8A_R2_context_edge_film,graph_c_gatv2_context_edge_film_interaction,gatv2_graph_c_sprint8a_context_edge_film,gatv2,graph_c_context_observation,S5F2_energy,test,1034,8420,,1,0.5689045786857605
sprint9_multiseed_S8A_R2_seed2024_S8A_R2_context_edge_film,S8A_R2_context_edge_film,graph_c_gatv2_context_edge_film_interaction,gatv2_graph_c_sprint8a_context_edge_film,gatv2,graph_c_context_observation,S5F2_energy,test,1035,8420,,1,0.5541921257972717
sprint9_multiseed_S8A_R2_seed2024_S8A_R2_context_edge_film,S8A_R2_context_edge_film,graph_c_gatv2_context_edge_film_interaction,gatv2_graph_c_sprint8a_context_edge_film,gatv2,graph_c_context_observation,S5F2_energy,test,1036,8420,,1,0.6202033758163452
sprint9_multiseed_S8A_R2_seed2024_S8A_R2_context_edge_film,S8A_R2_context_edge_film,graph_c_gatv2_context_edge_film_interaction,gatv2_graph_c_sprint8a_context_edge_film,gatv2,graph_c_context_observation,S5F2_energy,test,1037,8420,,1,0.570081889629364
sprint9_multiseed_S8A_R2_seed2024_S8A_R2_context_edge_film,S8A_R2_context_edge_film,graph_c_gatv2_context_edge_film_interaction,gatv2_graph_c_sprint8a_context_edge_film,gatv2,graph_c_context_observation,S5F2_energy,test,1038,8420,,1,0.5606590509414673
sprint9_multiseed_S8A_R2_seed2024_S8A_R2_context_edge_film,S8A_R2_context_edge_film,graph_c_gatv2_context_edge_film_interaction,gatv2_graph_c_sprint8a_context_edge_film,gatv2,graph_c_context_observation,S5F2_energy,test,1039,8420,,1,0.5967525839805603
sprint9_multiseed_S8A_R2_seed2024_S8A_R2_context_edge_film,S8A_R2_context_edge_film,graph_c_gatv2_context_edge_film_interaction,gatv2_graph_c_sprint8a_context_edge_film,gatv2,graph_c_context_observation,S5F2_energy,test,1040,8420,,1,0.16108207404613495
sprint9_multiseed_S8A_R2_seed2024_S8A_R2_context_edge_film,S8A_R2_context_edge_film,graph_c_gatv2_context_edge_film_interaction,gatv2_graph_c_sprint8a_context_edge_film,gatv2,graph_c_context_observation,S5F2_energy,test,1041,8420,,1,0.5356786251068115
sprint9_multiseed_S8A_R2_seed2024_S8A_R2_context_edge_film,S8A_R2_context_edge_film,graph_c_gatv2_context_edge_film_interaction,gatv2_graph_c_sprint8a_context_edge_film,gatv2,graph_c_context_observation,S5F2_energy,test,1042,8420,,1,0.5327376127243042
sprint9_multiseed_S8A_R2_seed2024_S8A_R2_context_edge_film,S8A_R2_context_edge_film,graph_c_gatv2_context_edge_film_interaction,gatv2_graph_c_sprint8a_context_edge_film,gatv2,graph_c_context_observation,S5F2_energy,test,1043,8420,,1,0.5375784039497375
sprint9_multiseed_S8A_R2_seed2024_S8A_R2_context_edge_film,S8A_R2_context_edge_film,graph_c_gatv2_context_edge_film_interaction,gatv2_graph_c_sprint8a_context_edge_film,gatv2,graph_c_context_observation,S5F2_energy,test,1044,8420,,1,0.5456380844116211
sprint9_multiseed_S8A_R2_seed2024_S8A_R2_context_edge_film,S8A_R2_context_edge_film,graph_c_gatv2_context_edge_film_interaction,gatv2_graph_c_sprint8a_context_edge_film,gatv2,graph_c_context_observation,S5F2_energy,test,1045,8420,,1,0.6084150075912476
sprint9_multiseed_S8A_R2_seed2024_S8A_R2_context_edge_film,S8A_R2_context_edge_film,graph_c_gatv2_context_edge_film_interaction,gatv2_graph_c_sprint8a_context_edge_film,gatv2,graph_c_context_observation,S5F2_energy,test,1046,8420,,1,0.5629918575286865
sprint9_multiseed_S8A_R2_seed2024_S8A_R2_context_edge_film,S8A_R2_context_edge_film,graph_c_gatv2_context_edge_film_interaction,gatv2_graph_c_sprint8a_context_edge_film,gatv2,graph_c_context_observation,S5F2_energy,test,1047,8420,,1,0.580716609954834
sprint9_multiseed_S8A_R2_seed2024_S8A_R2_context_edge_film,S8A_R2_context_edge_film,graph_c_gatv2_context_edge_film_interaction,gatv2_graph_c_sprint8a_context_edge_film,gatv2,graph_c_context_observation,S5F2_energy,test,1048,8420,,1,0.5185956954956055
sprint9_multiseed_S8A_R2_seed2024_S8A_R2_context_edge_film,S8A_R2_context_edge_film,graph_c_gatv2_context_edge_film_interaction,gatv2_graph_c_sprint8a_context_edge_film,gatv2,graph_c_context_observation,S5F2_energy,test,1049,8420,,1,0.527748703956604
sprint9_multiseed_S8A_R2_seed2024_S8A_R2_context_edge_film,S8A_R2_context_edge_film,graph_c_gatv2_context_edge_film_interaction,gatv2_graph_c_sprint8a_context_edge_film,gatv2,graph_c_context_observation,S5F2_energy,test,1050,8420,,1,0.5827327370643616
sprint9_multiseed_S8A_R2_seed2024_S8A_R2_context_edge_film,S8A_R2_context_edge_film,graph_c_gatv2_context_edge_film_interaction,gatv2_graph_c_sprint8a_context_edge_film,gatv2,graph_c_context_observation,S5F2_energy,test,1051,8420,,1,0.5771237015724182
sprint9_multiseed_S8A_R2_seed2024_S8A_R2_context_edge_film,S8A_R2_context_edge_film,graph_c_gatv2_context_edge_film_interaction,gatv2_graph_c_sprint8a_context_edge_film,gatv2,graph_c_context_observation,S5F2_energy,test,1052,8420,,1,0.5335860848426819
sprint9_multiseed_S8A_R2_seed2024_S8A_R2_context_edge_film,S8A_R2_context_edge_film,graph_c_gatv2_context_edge_film_interaction,gatv2_graph_c_sprint8a_context_edge_film,gatv2,graph_c_context_observation,S5F2_energy,test,1053,8420,,1,0.4197087585926056
sprint9_multiseed_S8A_R2_seed2024_S8A_R2_context_edge_film,S8A_R2_context_edge_film,graph_c_gatv2_context_edge_film_interaction,gatv2_graph_c_sprint8a_context_edge_film,gatv2,graph_c_context_observation,S5F2_energy,test,1054,8420,,1,0.449102520942688
sprint9_multiseed_S8A_R2_seed2024_S8A_R2_context_edge_film,S8A_R2_context_edge_film,graph_c_gatv2_context_edge_film_interaction,gatv2_graph_c_sprint8a_context_edge_film,gatv2,graph_c_context_observation,S5F2_energy,test,1055,8420,,1,0.5303266048431396
sprint9_multiseed_S8A_R2_seed2024_S8A_R2_context_edge_film,S8A_R2_context_edge_film,graph_c_gatv2_context_edge_film_interaction,gatv2_graph_c_sprint8a_context_edge_film,gatv2,graph_c_context_observation,S5F2_energy,test,1056,8420,,1,0.4501706063747406
sprint9_multiseed_S8A_R2_seed2024_S8A_R2_context_edge_film,S8A_R2_context_edge_film,graph_c_gatv2_context_edge_film_interaction,gatv2_graph_c_sprint8a_context_edge_film,gatv2,graph_c_context_observation,S5F2_energy,test,1057,8420,,1,0.5241001844406128
sprint9_multiseed_S8A_R2_seed2024_S8A_R2_context_edge_film,S8A_R2_context_edge_film,graph_c_gatv2_context_edge_film_interaction,gatv2_graph_c_sprint8a_context_edge_film,gatv2,graph_c_context_observation,S5F2_energy,test,1058,8420,,1,0.39265552163124084
sprint9_multiseed_S8A_R2_seed2024_S8A_R2_context_edge_film,S8A_R2_context_edge_film,graph_c_gatv2_context_edge_film_interaction,gatv2_graph_c_sprint8a_context_edge_film,gatv2,graph_c_context_observation,S5F2_energy,test,1059,8420,,1,0.6098954677581787
sprint9_multiseed_S8A_R2_seed2024_S8A_R2_context_edge_film,S8A_R2_context_edge_film,graph_c_gatv2_context_edge_film_interaction,gatv2_graph_c_sprint8a_context_edge_film,gatv2,graph_c_context_observation,S5F2_energy,test,1060,8420,,1,0.5722284317016602
sprint9_multiseed_S8A_R2_seed2024_S8A_R2_context_edge_film,S8A_R2_context_edge_film,graph_c_gatv2_context_edge_film_interaction,gatv2_graph_c_sprint8a_context_edge_film,gatv2,graph_c_context_observation,S5F2_energy,test,1061,8420,,1,0.52951580286026
sprint9_multiseed_S8A_R2_seed2024_S8A_R2_context_edge_film,S8A_R2_context_edge_film,graph_c_gatv2_context_edge_film_interaction,gatv2_graph_c_sprint8a_context_edge_film,gatv2,graph_c_context_observation,S5F2_energy,test,1062,8420,,1,0.5250269770622253
sprint9_multiseed_S8A_R2_seed2024_S8A_R2_context_edge_film,S8A_R2_context_edge_film,graph_c_gatv2_context_edge_film_interaction,gatv2_graph_c_sprint8a_context_edge_film,gatv2,graph_c_context_observation,S5F2_energy,test,1063,8420,,1,0.6351374983787537
sprint9_multiseed_S8A_R2_seed2024_S8A_R2_context_edge_film,S8A_R2_context_edge_film,graph_c_gatv2_context_edge_film_interaction,gatv2_graph_c_sprint8a_context_edge_film,gatv2,graph_c_context_observation,S5F2_energy,test,1064,8420,,1,0.5467287302017212
sprint9_multiseed_S8A_R2_seed2024_S8A_R2_context_edge_film,S8A_R2_context_edge_film,graph_c_gatv2_context_edge_film_interaction,gatv2_graph_c_sprint8a_context_edge_film,gatv2,graph_c_context_observation,S5F2_energy,test,1065,8420,,1,0.5777286291122437
sprint9_multiseed_S8A_R2_seed2024_S8A_R2_context_edge_film,S8A_R2_context_edge_film,graph_c_gatv2_context_edge_film_interaction,gatv2_graph_c_sprint8a_context_edge_film,gatv2,graph_c_context_observation,S5F2_energy,test,1066,8420,,1,0.5275841355323792
sprint9_multiseed_S8A_R2_seed2024_S8A_R2_context_edge_film,S8A_R2_context_edge_film,graph_c_gatv2_context_edge_film_interaction,gatv2_graph_c_sprint8a_context_edge_film,gatv2,graph_c_context_observation,S5F2_energy,test,1067,8420,,1,0.5779178142547607
sprint9_multiseed_S8A_R2_seed2024_S8A_R2_context_edge_film,S8A_R2_context_edge_film,graph_c_gatv2_context_edge_film_interaction,gatv2_graph_c_sprint8a_context_edge_film,gatv2,graph_c_context_observation,S5F2_energy,test,1068,8420,,1,0.6339336633682251
sprint9_multiseed_S8A_R2_seed2024_S8A_R2_context_edge_film,S8A_R2_context_edge_film,graph_c_gatv2_context_edge_film_interaction,gatv2_graph_c_sprint8a_context_edge_film,gatv2,graph_c_context_observation,S5F2_energy,test,1069,8420,,1,0.46429556608200073
sprint9_multiseed_S8A_R2_seed2024_S8A_R2_context_edge_film,S8A_R2_context_edge_film,graph_c_gatv2_context_edge_film_interaction,gatv2_graph_c_sprint8a_context_edge_film,gatv2,graph_c_context_observation,S5F2_energy,test,1070,8420,,1,0.5181758999824524
sprint9_multiseed_S8A_R2_seed2024_S8A_R2_context_edge_film,S8A_R2_context_edge_film,graph_c_gatv2_context_edge_film_interaction,gatv2_graph_c_sprint8a_context_edge_film,gatv2,graph_c_context_observation,S5F2_energy,test,1071,8420,,1,0.5729449391365051
sprint9_multiseed_S8A_R2_seed2024_S8A_R2_context_edge_film,S8A_R2_context_edge_film,graph_c_gatv2_context_edge_film_interaction,gatv2_graph_c_sprint8a_context_edge_film,gatv2,graph_c_context_observation,S5F2_energy,test,1072,8420,,1,0.530973494052887
sprint9_multiseed_S8A_R2_seed2024_S8A_R2_context_edge_film,S8A_R2_context_edge_film,graph_c_gatv2_context_edge_film_interaction,gatv2_graph_c_sprint8a_context_edge_film,gatv2,graph_c_context_observation,S5F2_energy,test,1073,8420,,1,0.5686395764350891
sprint9_multiseed_S8A_R2_seed2024_S8A_R2_context_edge_film,S8A_R2_context_edge_film,graph_c_gatv2_context_edge_film_interaction,gatv2_graph_c_sprint8a_context_edge_film,gatv2,graph_c_context_observation,S5F2_energy,test,1074,8420,,1,0.5519081354141235
sprint9_multiseed_S8A_R2_seed2024_S8A_R2_context_edge_film,S8A_R2_context_edge_film,graph_c_gatv2_context_edge_film_interaction,gatv2_graph_c_sprint8a_context_edge_film,gatv2,graph_c_context_observation,S5F2_energy,test,1075,8420,,1,0.5287476778030396
sprint9_multiseed_S8A_R2_seed2024_S8A_R2_context_edge_film,S8A_R2_context_edge_film,graph_c_gatv2_context_edge_film_interaction,gatv2_graph_c_sprint8a_context_edge_film,gatv2,graph_c_context_observation,S5F2_energy,test,1076,8420,,1,0.5059654116630554
sprint9_multiseed_S8A_R2_seed2024_S8A_R2_context_edge_film,S8A_R2_context_edge_film,graph_c_gatv2_context_edge_film_interaction,gatv2_graph_c_sprint8a_context_edge_film,gatv2,graph_c_context_observation,S5F2_energy,test,1077,8420,,1,0.6117752194404602
sprint9_multiseed_S8A_R2_seed2024_S8A_R2_context_edge_film,S8A_R2_context_edge_film,graph_c_gatv2_context_edge_film_interaction,gatv2_graph_c_sprint8a_context_edge_film,gatv2,graph_c_context_observation,S5F2_energy,test,1078,8420,,1,0.5007901787757874
sprint9_multiseed_S8A_R2_seed2024_S8A_R2_context_edge_film,S8A_R2_context_edge_film,graph_c_gatv2_context_edge_film_interaction,gatv2_graph_c_sprint8a_context_edge_film,gatv2,graph_c_context_observation,S5F2_energy,test,1079,8420,,1,0.6005010604858398
sprint9_multiseed_S8A_R2_seed2024_S8A_R2_context_edge_film,S8A_R2_context_edge_film,graph_c_gatv2_context_edge_film_interaction,gatv2_graph_c_sprint8a_context_edge_film,gatv2,graph_c_context_observation,S5F2_energy,test,1080,8420,,1,0.5687379240989685
sprint9_multiseed_S8A_R2_seed2024_S8A_R2_context_edge_film,S8A_R2_context_edge_film,graph_c_gatv2_context_edge_film_interaction,gatv2_graph_c_sprint8a_context_edge_film,gatv2,graph_c_context_observation,S5F2_energy,test,1081,8420,,1,0.5993548035621643
sprint9_multiseed_S8A_R2_seed2024_S8A_R2_context_edge_film,S8A_R2_context_edge_film,graph_c_gatv2_context_edge_film_interaction,gatv2_graph_c_sprint8a_context_edge_film,gatv2,graph_c_context_observation,S5F2_energy,test,1082,8420,,1,0.46202391386032104
sprint9_multiseed_S8A_R2_seed2024_S8A_R2_context_edge_film,S8A_R2_context_edge_film,graph_c_gatv2_context_edge_film_interaction,gatv2_graph_c_sprint8a_context_edge_film,gatv2,graph_c_context_observation,S5F2_energy,test,1083,8420,,1,0.524573564529419
sprint9_multiseed_S8A_R2_seed2024_S8A_R2_context_edge_film,S8A_R2_context_edge_film,graph_c_gatv2_context_edge_film_interaction,gatv2_graph_c_sprint8a_context_edge_film,gatv2,graph_c_context_observation,S5F2_energy,test,1084,8420,,1,0.5508710145950317
sprint9_multiseed_S8A_R2_seed2024_S8A_R2_context_edge_film,S8A_R2_context_edge_film,graph_c_gatv2_context_edge_film_interaction,gatv2_graph_c_sprint8a_context_edge_film,gatv2,graph_c_context_observation,S5F2_energy,test,1085,8420,,1,0.5981615781784058
sprint9_multiseed_S8A_R2_seed2024_S8A_R2_context_edge_film,S8A_R2_context_edge_film,graph_c_gatv2_context_edge_film_interaction,gatv2_graph_c_sprint8a_context_edge_film,gatv2,graph_c_context_observation,S5F2_energy,test,1086,8420,,1,0.6433488726615906
sprint9_multiseed_S8A_R2_seed2024_S8A_R2_context_edge_film,S8A_R2_context_edge_film,graph_c_gatv2_context_edge_film_interaction,gatv2_graph_c_sprint8a_context_edge_film,gatv2,graph_c_context_observation,S5F2_energy,test,1087,8420,,1,0.49779921770095825
sprint9_multiseed_S8A_R2_seed2024_S8A_R2_context_edge_film,S8A_R2_context_edge_film,graph_c_gatv2_context_edge_film_interaction,gatv2_graph_c_sprint8a_context_edge_film,gatv2,graph_c_context_observation,S5F2_energy,test,1088,8420,,1,0.6016514897346497
sprint9_multiseed_S8A_R2_seed2024_S8A_R2_context_edge_film,S8A_R2_context_edge_film,graph_c_gatv2_context_edge_film_interaction,gatv2_graph_c_sprint8a_context_edge_film,gatv2,graph_c_context_observation,S5F2_energy,test,1089,8420,,1,0.5790406465530396
sprint9_multiseed_S8A_R2_seed2024_S8A_R2_context_edge_film,S8A_R2_context_edge_film,graph_c_gatv2_context_edge_film_interaction,gatv2_graph_c_sprint8a_context_edge_film,gatv2,graph_c_context_observation,S5F2_energy,test,1090,8420,,1,0.6240453124046326
sprint9_multiseed_S8A_R2_seed2024_S8A_R2_context_edge_film,S8A_R2_context_edge_film,graph_c_gatv2_context_edge_film_interaction,gatv2_graph_c_sprint8a_context_edge_film,gatv2,graph_c_context_observation,S5F2_energy,test,1091,8420,,1,0.5827938914299011
sprint9_multiseed_S8A_R2_seed2024_S8A_R2_context_edge_film,S8A_R2_context_edge_film,graph_c_gatv2_context_edge_film_interaction,gatv2_graph_c_sprint8a_context_edge_film,gatv2,graph_c_context_observation,S5F2_energy,test,1092,8420,,1,0.6179907917976379
sprint9_multiseed_S8A_R2_seed2024_S8A_R2_context_edge_film,S8A_R2_context_edge_film,graph_c_gatv2_context_edge_film_interaction,gatv2_graph_c_sprint8a_context_edge_film,gatv2,graph_c_context_observation,S5F2_energy,test,1093,8420,,1,0.3191588521003723
sprint9_multiseed_S8A_R2_seed2024_S8A_R2_context_edge_film,S8A_R2_context_edge_film,graph_c_gatv2_context_edge_film_interaction,gatv2_graph_c_sprint8a_context_edge_film,gatv2,graph_c_context_observation,S5F2_energy,test,1094,8420,,1,0.5333494544029236
sprint9_multiseed_S8A_R2_seed2024_S8A_R2_context_edge_film,S8A_R2_context_edge_film,graph_c_gatv2_context_edge_film_interaction,gatv2_graph_c_sprint8a_context_edge_film,gatv2,graph_c_context_observation,S5F2_energy,test,1095,8420,,1,0.5636258721351624
sprint9_multiseed_S8A_R2_seed2024_S8A_R2_context_edge_film,S8A_R2_context_edge_film,graph_c_gatv2_context_edge_film_interaction,gatv2_graph_c_sprint8a_context_edge_film,gatv2,graph_c_context_observation,S5F2_energy,test,1096,8420,,1,0.5066524147987366
sprint9_multiseed_S8A_R2_seed2024_S8A_R2_context_edge_film,S8A_R2_context_edge_film,graph_c_gatv2_context_edge_film_interaction,gatv2_graph_c_sprint8a_context_edge_film,gatv2,graph_c_context_observation,S5F2_energy,test,1097,8420,,1,0.5351945161819458
sprint9_multiseed_S8A_R2_seed2024_S8A_R2_context_edge_film,S8A_R2_context_edge_film,graph_c_gatv2_context_edge_film_interaction,gatv2_graph_c_sprint8a_context_edge_film,gatv2,graph_c_context_observation,S5F2_energy,test,1098,8420,,1,0.5717657208442688
sprint9_multiseed_S8A_R2_seed2024_S8A_R2_context_edge_film,S8A_R2_context_edge_film,graph_c_gatv2_context_edge_film_interaction,gatv2_graph_c_sprint8a_context_edge_film,gatv2,graph_c_context_observation,S5F2_energy,test,1099,8420,,1,0.5185060501098633
sprint9_multiseed_S8A_R2_seed2024_S8A_R2_context_edge_film,S8A_R2_context_edge_film,graph_c_gatv2_context_edge_film_interaction,gatv2_graph_c_sprint8a_context_edge_film,gatv2,graph_c_context_observation,S5F2_energy,test,1100,8420,,1,0.5662123560905457
sprint9_multiseed_S8A_R2_seed2024_S8A_R2_context_edge_film,S8A_R2_context_edge_film,graph_c_gatv2_context_edge_film_interaction,gatv2_graph_c_sprint8a_context_edge_film,gatv2,graph_c_context_observation,S5F2_energy,test,1101,8420,,1,0.6471735835075378
sprint9_multiseed_S8A_R2_seed2024_S8A_R2_context_edge_film,S8A_R2_context_edge_film,graph_c_gatv2_context_edge_film_interaction,gatv2_graph_c_sprint8a_context_edge_film,gatv2,graph_c_context_observation,S5F2_energy,test,1102,8420,,1,0.6050339341163635
sprint9_multiseed_S8A_R2_seed2024_S8A_R2_context_edge_film,S8A_R2_context_edge_film,graph_c_gatv2_context_edge_film_interaction,gatv2_graph_c_sprint8a_context_edge_film,gatv2,graph_c_context_observation,S5F2_energy,test,1103,8420,,1,0.67729651927948
sprint9_multiseed_S8A_R2_seed2024_S8A_R2_context_edge_film,S8A_R2_context_edge_film,graph_c_gatv2_context_edge_film_interaction,gatv2_graph_c_sprint8a_context_edge_film,gatv2,graph_c_context_observation,S5F2_energy,test,1104,8420,,1,0.6164589524269104
sprint9_multiseed_S8A_R2_seed2024_S8A_R2_context_edge_film,S8A_R2_context_edge_film,graph_c_gatv2_context_edge_film_interaction,gatv2_graph_c_sprint8a_context_edge_film,gatv2,graph_c_context_observation,S5F2_energy,test,1105,8420,,1,0.5008556246757507
sprint9_multiseed_S8A_R2_seed2024_S8A_R2_context_edge_film,S8A_R2_context_edge_film,graph_c_gatv2_context_edge_film_interaction,gatv2_graph_c_sprint8a_context_edge_film,gatv2,graph_c_context_observation,S5F2_energy,test,1106,8420,,1,0.672132670879364
sprint9_multiseed_S8A_R2_seed2024_S8A_R2_context_edge_film,S8A_R2_context_edge_film,graph_c_gatv2_context_edge_film_interaction,gatv2_graph_c_sprint8a_context_edge_film,gatv2,graph_c_context_observation,S5F2_energy,test,1107,8420,,1,0.458105206489563
sprint9_multiseed_S8A_R2_seed2024_S8A_R2_context_edge_film,S8A_R2_context_edge_film,graph_c_gatv2_context_edge_film_interaction,gatv2_graph_c_sprint8a_context_edge_film,gatv2,graph_c_context_observation,S5F2_energy,test,1108,8420,,1,0.46507129073143005
sprint9_multiseed_S8A_R2_seed2024_S8A_R2_context_edge_film,S8A_R2_context_edge_film,graph_c_gatv2_context_edge_film_interaction,gatv2_graph_c_sprint8a_context_edge_film,gatv2,graph_c_context_observation,S5F2_energy,test,1109,8420,,1,0.5869201421737671
sprint9_multiseed_S8A_R2_seed2024_S8A_R2_context_edge_film,S8A_R2_context_edge_film,graph_c_gatv2_context_edge_film_interaction,gatv2_graph_c_sprint8a_context_edge_film,gatv2,graph_c_context_observation,S5F2_energy,test,1110,8420,,1,0.5518308877944946
sprint9_multiseed_S8A_R2_seed2024_S8A_R2_context_edge_film,S8A_R2_context_edge_film,graph_c_gatv2_context_edge_film_interaction,gatv2_graph_c_sprint8a_context_edge_film,gatv2,graph_c_context_observation,S5F2_energy,test,1111,8420,,1,0.5730706453323364
sprint9_multiseed_S8A_R2_seed2024_S8A_R2_context_edge_film,S8A_R2_context_edge_film,graph_c_gatv2_context_edge_film_interaction,gatv2_graph_c_sprint8a_context_edge_film,gatv2,graph_c_context_observation,S5F2_energy,test,1112,8420,,1,0.5927037000656128
sprint9_multiseed_S8A_R2_seed2024_S8A_R2_context_edge_film,S8A_R2_context_edge_film,graph_c_gatv2_context_edge_film_interaction,gatv2_graph_c_sprint8a_context_edge_film,gatv2,graph_c_context_observation,S5F2_energy,test,1113,8420,,1,0.6513800621032715
sprint9_multiseed_S8A_R2_seed2024_S8A_R2_context_edge_film,S8A_R2_context_edge_film,graph_c_gatv2_context_edge_film_interaction,gatv2_graph_c_sprint8a_context_edge_film,gatv2,graph_c_context_observation,S5F2_energy,test,1114,8420,,1,0.5803630352020264
sprint9_multiseed_S8A_R2_seed2024_S8A_R2_context_edge_film,S8A_R2_context_edge_film,graph_c_gatv2_context_edge_film_interaction,gatv2_graph_c_sprint8a_context_edge_film,gatv2,graph_c_context_observation,S5F2_energy,test,1115,8420,,1,0.5864537358283997
sprint9_multiseed_S8A_R2_seed2024_S8A_R2_context_edge_film,S8A_R2_context_edge_film,graph_c_gatv2_context_edge_film_interaction,gatv2_graph_c_sprint8a_context_edge_film,gatv2,graph_c_context_observation,S5F2_energy,test,1116,8420,,1,0.6704423427581787
sprint9_multiseed_S8A_R2_seed2024_S8A_R2_context_edge_film,S8A_R2_context_edge_film,graph_c_gatv2_context_edge_film_interaction,gatv2_graph_c_sprint8a_context_edge_film,gatv2,graph_c_context_observation,S5F2_energy,test,1117,8420,,1,0.6390218138694763
sprint9_multiseed_S8A_R2_seed2024_S8A_R2_context_edge_film,S8A_R2_context_edge_film,graph_c_gatv2_context_edge_film_interaction,gatv2_graph_c_sprint8a_context_edge_film,gatv2,graph_c_context_observation,S5F2_energy,test,1118,8420,,1,0.6063605546951294
sprint9_multiseed_S8A_R2_seed2024_S8A_R2_context_edge_film,S8A_R2_context_edge_film,graph_c_gatv2_context_edge_film_interaction,gatv2_graph_c_sprint8a_context_edge_film,gatv2,graph_c_context_observation,S5F2_energy,test,1119,8420,,1,0.5341179370880127
sprint9_multiseed_S8A_R2_seed2024_S8A_R2_context_edge_film,S8A_R2_context_edge_film,graph_c_gatv2_context_edge_film_interaction,gatv2_graph_c_sprint8a_context_edge_film,gatv2,graph_c_context_observation,S5F2_energy,test,1120,8420,,1,0.528998613357544
sprint9_multiseed_S8A_R2_seed2024_S8A_R2_context_edge_film,S8A_R2_context_edge_film,graph_c_gatv2_context_edge_film_interaction,gatv2_graph_c_sprint8a_context_edge_film,gatv2,graph_c_context_observation,S5F2_energy,test,1121,8420,,1,0.504598081111908
sprint9_multiseed_S8A_R2_seed2024_S8A_R2_context_edge_film,S8A_R2_context_edge_film,graph_c_gatv2_context_edge_film_interaction,gatv2_graph_c_sprint8a_context_edge_film,gatv2,graph_c_context_observation,S5F2_energy,test,1122,8420,,1,0.48048505187034607
sprint9_multiseed_S8A_R2_seed2024_S8A_R2_context_edge_film,S8A_R2_context_edge_film,graph_c_gatv2_context_edge_film_interaction,gatv2_graph_c_sprint8a_context_edge_film,gatv2,graph_c_context_observation,S5F2_energy,test,1123,8420,,1,0.6185784935951233
sprint9_multiseed_S8A_R2_seed2024_S8A_R2_context_edge_film,S8A_R2_context_edge_film,graph_c_gatv2_context_edge_film_interaction,gatv2_graph_c_sprint8a_context_edge_film,gatv2,graph_c_context_observation,S5F2_energy,test,1124,8420,,1,0.4939138889312744
sprint9_multiseed_S8A_R2_seed2024_S8A_R2_context_edge_film,S8A_R2_context_edge_film,graph_c_gatv2_context_edge_film_interaction,gatv2_graph_c_sprint8a_context_edge_film,gatv2,graph_c_context_observation,S5F2_energy,test,1125,8420,,1,0.5754067301750183
sprint9_multiseed_S8A_R2_seed2024_S8A_R2_context_edge_film,S8A_R2_context_edge_film,graph_c_gatv2_context_edge_film_interaction,gatv2_graph_c_sprint8a_context_edge_film,gatv2,graph_c_context_observation,S5F2_energy,test,1126,8420,,1,0.6384265422821045
sprint9_multiseed_S8A_R2_seed2024_S8A_R2_context_edge_film,S8A_R2_context_edge_film,graph_c_gatv2_context_edge_film_interaction,gatv2_graph_c_sprint8a_context_edge_film,gatv2,graph_c_context_observation,S5F2_energy,test,1127,8420,,1,0.3179258406162262
sprint9_multiseed_S8A_R2_seed2024_S8A_R2_context_edge_film,S8A_R2_context_edge_film,graph_c_gatv2_context_edge_film_interaction,gatv2_graph_c_sprint8a_context_edge_film,gatv2,graph_c_context_observation,S5F2_energy,test,1128,8420,,1,0.49420011043548584
sprint9_multiseed_S8A_R2_seed2024_S8A_R2_context_edge_film,S8A_R2_context_edge_film,graph_c_gatv2_context_edge_film_interaction,gatv2_graph_c_sprint8a_context_edge_film,gatv2,graph_c_context_observation,S5F2_energy,test,1129,8420,,1,0.6331815123558044
sprint9_multiseed_S8A_R2_seed2024_S8A_R2_context_edge_film,S8A_R2_context_edge_film,graph_c_gatv2_context_edge_film_interaction,gatv2_graph_c_sprint8a_context_edge_film,gatv2,graph_c_context_observation,S5F2_energy,test,1130,8420,,1,0.6112780570983887
sprint9_multiseed_S8A_R2_seed2024_S8A_R2_context_edge_film,S8A_R2_context_edge_film,graph_c_gatv2_context_edge_film_interaction,gatv2_graph_c_sprint8a_context_edge_film,gatv2,graph_c_context_observation,S5F2_energy,test,1131,8420,,1,0.576898455619812
sprint9_multiseed_S8A_R2_seed2024_S8A_R2_context_edge_film,S8A_R2_context_edge_film,graph_c_gatv2_context_edge_film_interaction,gatv2_graph_c_sprint8a_context_edge_film,gatv2,graph_c_context_observation,S5F2_energy,test,1132,8420,,1,0.4819048345088959
sprint9_multiseed_S8A_R2_seed2024_S8A_R2_context_edge_film,S8A_R2_context_edge_film,graph_c_gatv2_context_edge_film_interaction,gatv2_graph_c_sprint8a_context_edge_film,gatv2,graph_c_context_observation,S5F2_energy,test,1133,8420,,1,0.5097949504852295
sprint9_multiseed_S8A_R2_seed2024_S8A_R2_context_edge_film,S8A_R2_context_edge_film,graph_c_gatv2_context_edge_film_interaction,gatv2_graph_c_sprint8a_context_edge_film,gatv2,graph_c_context_observation,S5F2_energy,test,1134,8420,,1,0.5204686522483826
sprint9_multiseed_S8A_R2_seed2024_S8A_R2_context_edge_film,S8A_R2_context_edge_film,graph_c_gatv2_context_edge_film_interaction,gatv2_graph_c_sprint8a_context_edge_film,gatv2,graph_c_context_observation,S5F2_energy,test,1135,8420,,1,0.5053027868270874
sprint9_multiseed_S8A_R2_seed2024_S8A_R2_context_edge_film,S8A_R2_context_edge_film,graph_c_gatv2_context_edge_film_interaction,gatv2_graph_c_sprint8a_context_edge_film,gatv2,graph_c_context_observation,S5F2_energy,test,1136,8420,,1,0.555820107460022
sprint9_multiseed_S8A_R2_seed2024_S8A_R2_context_edge_film,S8A_R2_context_edge_film,graph_c_gatv2_context_edge_film_interaction,gatv2_graph_c_sprint8a_context_edge_film,gatv2,graph_c_context_observation,S5F2_energy,test,1137,8420,,1,0.5311356782913208
sprint9_multiseed_S8A_R2_seed2024_S8A_R2_context_edge_film,S8A_R2_context_edge_film,graph_c_gatv2_context_edge_film_interaction,gatv2_graph_c_sprint8a_context_edge_film,gatv2,graph_c_context_observation,S5F2_energy,test,1138,8420,,1,0.6482620239257812
sprint9_multiseed_S8A_R2_seed2024_S8A_R2_context_edge_film,S8A_R2_context_edge_film,graph_c_gatv2_context_edge_film_interaction,gatv2_graph_c_sprint8a_context_edge_film,gatv2,graph_c_context_observation,S5F2_energy,test,1139,8420,,1,0.4877201020717621
sprint9_multiseed_S8A_R2_seed2024_S8A_R2_context_edge_film,S8A_R2_context_edge_film,graph_c_gatv2_context_edge_film_interaction,gatv2_graph_c_sprint8a_context_edge_film,gatv2,graph_c_context_observation,S5F2_energy,test,1140,8420,,1,0.4187701344490051
sprint9_multiseed_S8A_R2_seed2024_S8A_R2_context_edge_film,S8A_R2_context_edge_film,graph_c_gatv2_context_edge_film_interaction,gatv2_graph_c_sprint8a_context_edge_film,gatv2,graph_c_context_observation,S5F2_energy,test,1141,8420,,1,0.4862447679042816
sprint9_multiseed_S8A_R2_seed2024_S8A_R2_context_edge_film,S8A_R2_context_edge_film,graph_c_gatv2_context_edge_film_interaction,gatv2_graph_c_sprint8a_context_edge_film,gatv2,graph_c_context_observation,S5F2_energy,test,1142,8420,,1,0.5955270528793335
sprint9_multiseed_S8A_R2_seed2024_S8A_R2_context_edge_film,S8A_R2_context_edge_film,graph_c_gatv2_context_edge_film_interaction,gatv2_graph_c_sprint8a_context_edge_film,gatv2,graph_c_context_observation,S5F2_energy,test,1143,8420,,1,0.4363570511341095
sprint9_multiseed_S8A_R2_seed2024_S8A_R2_context_edge_film,S8A_R2_context_edge_film,graph_c_gatv2_context_edge_film_interaction,gatv2_graph_c_sprint8a_context_edge_film,gatv2,graph_c_context_observation,S5F2_energy,test,1144,8420,,1,0.5678391456604004
sprint9_multiseed_S8A_R2_seed2024_S8A_R2_context_edge_film,S8A_R2_context_edge_film,graph_c_gatv2_context_edge_film_interaction,gatv2_graph_c_sprint8a_context_edge_film,gatv2,graph_c_context_observation,S5F2_energy,test,1145,8420,,1,0.4899848997592926
sprint9_multiseed_S8A_R2_seed2024_S8A_R2_context_edge_film,S8A_R2_context_edge_film,graph_c_gatv2_context_edge_film_interaction,gatv2_graph_c_sprint8a_context_edge_film,gatv2,graph_c_context_observation,S5F2_energy,test,1146,8420,,1,0.6016876101493835
sprint9_multiseed_S8A_R2_seed2024_S8A_R2_context_edge_film,S8A_R2_context_edge_film,graph_c_gatv2_context_edge_film_interaction,gatv2_graph_c_sprint8a_context_edge_film,gatv2,graph_c_context_observation,S5F2_energy,test,1147,8420,,1,0.608016312122345
sprint9_multiseed_S8A_R2_seed2024_S8A_R2_context_edge_film,S8A_R2_context_edge_film,graph_c_gatv2_context_edge_film_interaction,gatv2_graph_c_sprint8a_context_edge_film,gatv2,graph_c_context_observation,S5F2_energy,test,1148,8420,,1,0.5186842083930969
sprint9_multiseed_S8A_R2_seed2024_S8A_R2_context_edge_film,S8A_R2_context_edge_film,graph_c_gatv2_context_edge_film_interaction,gatv2_graph_c_sprint8a_context_edge_film,gatv2,graph_c_context_observation,S5F2_energy,test,1149,8420,,1,0.5591495037078857
sprint9_multiseed_S8A_R2_seed2024_S8A_R2_context_edge_film,S8A_R2_context_edge_film,graph_c_gatv2_context_edge_film_interaction,gatv2_graph_c_sprint8a_context_edge_film,gatv2,graph_c_context_observation,S5F2_energy,test,1150,8420,,1,0.6067891120910645
sprint9_multiseed_S8A_R2_seed2024_S8A_R2_context_edge_film,S8A_R2_context_edge_film,graph_c_gatv2_context_edge_film_interaction,gatv2_graph_c_sprint8a_context_edge_film,gatv2,graph_c_context_observation,S5F2_energy,test,1151,8420,,1,0.5519602298736572
sprint9_multiseed_S8A_R2_seed2024_S8A_R2_context_edge_film,S8A_R2_context_edge_film,graph_c_gatv2_context_edge_film_interaction,gatv2_graph_c_sprint8a_context_edge_film,gatv2,graph_c_context_observation,S5F2_energy,test,1152,8420,,1,0.5107623338699341
sprint9_multiseed_S8A_R2_seed2024_S8A_R2_context_edge_film,S8A_R2_context_edge_film,graph_c_gatv2_context_edge_film_interaction,gatv2_graph_c_sprint8a_context_edge_film,gatv2,graph_c_context_observation,S5F2_energy,test,1153,8420,,1,0.6948202252388
sprint9_multiseed_S8A_R2_seed2024_S8A_R2_context_edge_film,S8A_R2_context_edge_film,graph_c_gatv2_context_edge_film_interaction,gatv2_graph_c_sprint8a_context_edge_film,gatv2,graph_c_context_observation,S5F2_energy,test,1154,8420,,1,0.47368383407592773
sprint9_multiseed_S8A_R2_seed2024_S8A_R2_context_edge_film,S8A_R2_context_edge_film,graph_c_gatv2_context_edge_film_interaction,gatv2_graph_c_sprint8a_context_edge_film,gatv2,graph_c_context_observation,S5F2_energy,test,1155,8420,,1,0.5139885544776917
sprint9_multiseed_S8A_R2_seed2024_S8A_R2_context_edge_film,S8A_R2_context_edge_film,graph_c_gatv2_context_edge_film_interaction,gatv2_graph_c_sprint8a_context_edge_film,gatv2,graph_c_context_observation,S5F2_energy,test,1156,8420,,1,0.40611279010772705
sprint9_multiseed_S8A_R2_seed2024_S8A_R2_context_edge_film,S8A_R2_context_edge_film,graph_c_gatv2_context_edge_film_interaction,gatv2_graph_c_sprint8a_context_edge_film,gatv2,graph_c_context_observation,S5F2_energy,test,1157,8420,,1,0.5149689316749573
sprint9_multiseed_S8A_R2_seed2024_S8A_R2_context_edge_film,S8A_R2_context_edge_film,graph_c_gatv2_context_edge_film_interaction,gatv2_graph_c_sprint8a_context_edge_film,gatv2,graph_c_context_observation,S5F2_energy,test,1158,8420,,1,0.6550443768501282
sprint9_multiseed_S8A_R2_seed2024_S8A_R2_context_edge_film,S8A_R2_context_edge_film,graph_c_gatv2_context_edge_film_interaction,gatv2_graph_c_sprint8a_context_edge_film,gatv2,graph_c_context_observation,S5F2_energy,test,1159,8420,,1,0.5779345631599426
sprint9_multiseed_S8A_R2_seed2024_S8A_R2_context_edge_film,S8A_R2_context_edge_film,graph_c_gatv2_context_edge_film_interaction,gatv2_graph_c_sprint8a_context_edge_film,gatv2,graph_c_context_observation,S5F2_energy,test,1160,8420,,1,0.6515459418296814
sprint9_multiseed_S8A_R2_seed2024_S8A_R2_context_edge_film,S8A_R2_context_edge_film,graph_c_gatv2_context_edge_film_interaction,gatv2_graph_c_sprint8a_context_edge_film,gatv2,graph_c_context_observation,S5F2_energy,test,1161,8420,,1,0.575733482837677
sprint9_multiseed_S8A_R2_seed2024_S8A_R2_context_edge_film,S8A_R2_context_edge_film,graph_c_gatv2_context_edge_film_interaction,gatv2_graph_c_sprint8a_context_edge_film,gatv2,graph_c_context_observation,S5F2_energy,test,1162,8420,,1,0.5278642177581787
sprint9_multiseed_S8A_R2_seed2024_S8A_R2_context_edge_film,S8A_R2_context_edge_film,graph_c_gatv2_context_edge_film_interaction,gatv2_graph_c_sprint8a_context_edge_film,gatv2,graph_c_context_observation,S5F2_energy,test,1163,8420,,1,0.5148159265518188
sprint9_multiseed_S8A_R2_seed2024_S8A_R2_context_edge_film,S8A_R2_context_edge_film,graph_c_gatv2_context_edge_film_interaction,gatv2_graph_c_sprint8a_context_edge_film,gatv2,graph_c_context_observation,S5F2_energy,test,1164,8420,,1,0.6083340048789978
sprint9_multiseed_S8A_R2_seed2024_S8A_R2_context_edge_film,S8A_R2_context_edge_film,graph_c_gatv2_context_edge_film_interaction,gatv2_graph_c_sprint8a_context_edge_film,gatv2,graph_c_context_observation,S5F2_energy,test,1165,8420,,1,0.3381657898426056
sprint9_multiseed_S8A_R2_seed2024_S8A_R2_context_edge_film,S8A_R2_context_edge_film,graph_c_gatv2_context_edge_film_interaction,gatv2_graph_c_sprint8a_context_edge_film,gatv2,graph_c_context_observation,S5F2_energy,test,1166,8420,,1,0.5407607555389404
sprint9_multiseed_S8A_R2_seed2024_S8A_R2_context_edge_film,S8A_R2_context_edge_film,graph_c_gatv2_context_edge_film_interaction,gatv2_graph_c_sprint8a_context_edge_film,gatv2,graph_c_context_observation,S5F2_energy,test,1167,8420,,1,0.48717060685157776
sprint9_multiseed_S8A_R2_seed2024_S8A_R2_context_edge_film,S8A_R2_context_edge_film,graph_c_gatv2_context_edge_film_interaction,gatv2_graph_c_sprint8a_context_edge_film,gatv2,graph_c_context_observation,S5F2_energy,test,1168,8420,,1,0.5688256621360779
sprint9_multiseed_S8A_R2_seed2024_S8A_R2_context_edge_film,S8A_R2_context_edge_film,graph_c_gatv2_context_edge_film_interaction,gatv2_graph_c_sprint8a_context_edge_film,gatv2,graph_c_context_observation,S5F2_energy,test,1169,8420,,1,0.5116526484489441
sprint9_multiseed_S8A_R2_seed2024_S8A_R2_context_edge_film,S8A_R2_context_edge_film,graph_c_gatv2_context_edge_film_interaction,gatv2_graph_c_sprint8a_context_edge_film,gatv2,graph_c_context_observation,S5F2_energy,test,1170,8420,,1,0.5698004961013794
sprint9_multiseed_S8A_R2_seed2024_S8A_R2_context_edge_film,S8A_R2_context_edge_film,graph_c_gatv2_context_edge_film_interaction,gatv2_graph_c_sprint8a_context_edge_film,gatv2,graph_c_context_observation,S5F2_energy,test,1171,8420,,1,0.6027963757514954
sprint9_multiseed_S8A_R2_seed2024_S8A_R2_context_edge_film,S8A_R2_context_edge_film,graph_c_gatv2_context_edge_film_interaction,gatv2_graph_c_sprint8a_context_edge_film,gatv2,graph_c_context_observation,S5F2_energy,test,1172,8420,,1,0.5440574288368225
sprint9_multiseed_S8A_R2_seed2024_S8A_R2_context_edge_film,S8A_R2_context_edge_film,graph_c_gatv2_context_edge_film_interaction,gatv2_graph_c_sprint8a_context_edge_film,gatv2,graph_c_context_observation,S5F2_energy,test,1173,8420,,1,0.42410650849342346
sprint9_multiseed_S8A_R2_seed2024_S8A_R2_context_edge_film,S8A_R2_context_edge_film,graph_c_gatv2_context_edge_film_interaction,gatv2_graph_c_sprint8a_context_edge_film,gatv2,graph_c_context_observation,S5F2_energy,test,1174,8420,,1,0.5231302380561829
sprint9_multiseed_S8A_R2_seed2024_S8A_R2_context_edge_film,S8A_R2_context_edge_film,graph_c_gatv2_context_edge_film_interaction,gatv2_graph_c_sprint8a_context_edge_film,gatv2,graph_c_context_observation,S5F2_energy,test,1175,8420,,1,0.5833122730255127
sprint9_multiseed_S8A_R2_seed2024_S8A_R2_context_edge_film,S8A_R2_context_edge_film,graph_c_gatv2_context_edge_film_interaction,gatv2_graph_c_sprint8a_context_edge_film,gatv2,graph_c_context_observation,S5F2_energy,test,1176,8420,,1,0.5975516438484192
sprint9_multiseed_S8A_R2_seed2024_S8A_R2_context_edge_film,S8A_R2_context_edge_film,graph_c_gatv2_context_edge_film_interaction,gatv2_graph_c_sprint8a_context_edge_film,gatv2,graph_c_context_observation,S5F2_energy,test,1177,8420,,1,0.3966245651245117
sprint9_multiseed_S8A_R2_seed2024_S8A_R2_context_edge_film,S8A_R2_context_edge_film,graph_c_gatv2_context_edge_film_interaction,gatv2_graph_c_sprint8a_context_edge_film,gatv2,graph_c_context_observation,S5F2_energy,test,1178,8420,,1,0.5242494940757751
sprint9_multiseed_S8A_R2_seed2024_S8A_R2_context_edge_film,S8A_R2_context_edge_film,graph_c_gatv2_context_edge_film_interaction,gatv2_graph_c_sprint8a_context_edge_film,gatv2,graph_c_context_observation,S5F2_energy,test,1179,8420,,1,0.585115909576416
sprint9_multiseed_S8A_R2_seed2024_S8A_R2_context_edge_film,S8A_R2_context_edge_film,graph_c_gatv2_context_edge_film_interaction,gatv2_graph_c_sprint8a_context_edge_film,gatv2,graph_c_context_observation,S5F2_energy,test,1180,8420,,1,0.553259551525116
sprint9_multiseed_S8A_R2_seed2024_S8A_R2_context_edge_film,S8A_R2_context_edge_film,graph_c_gatv2_context_edge_film_interaction,gatv2_graph_c_sprint8a_context_edge_film,gatv2,graph_c_context_observation,S5F2_energy,test,1181,8420,,1,0.5491108298301697
sprint9_multiseed_S8A_R2_seed2024_S8A_R2_context_edge_film,S8A_R2_context_edge_film,graph_c_gatv2_context_edge_film_interaction,gatv2_graph_c_sprint8a_context_edge_film,gatv2,graph_c_context_observation,S5F2_energy,test,1182,8420,,1,0.5204728841781616
sprint9_multiseed_S8A_R2_seed2024_S8A_R2_context_edge_film,S8A_R2_context_edge_film,graph_c_gatv2_context_edge_film_interaction,gatv2_graph_c_sprint8a_context_edge_film,gatv2,graph_c_context_observation,S5F2_energy,test,1183,8420,,1,0.5612657070159912
sprint9_multiseed_S8A_R2_seed2024_S8A_R2_context_edge_film,S8A_R2_context_edge_film,graph_c_gatv2_context_edge_film_interaction,gatv2_graph_c_sprint8a_context_edge_film,gatv2,graph_c_context_observation,S5F2_energy,test,1184,8420,,1,0.5799373984336853
sprint9_multiseed_S8A_R2_seed2024_S8A_R2_context_edge_film,S8A_R2_context_edge_film,graph_c_gatv2_context_edge_film_interaction,gatv2_graph_c_sprint8a_context_edge_film,gatv2,graph_c_context_observation,S5F2_energy,test,1185,8420,,1,0.616115152835846
sprint9_multiseed_S8A_R2_seed2024_S8A_R2_context_edge_film,S8A_R2_context_edge_film,graph_c_gatv2_context_edge_film_interaction,gatv2_graph_c_sprint8a_context_edge_film,gatv2,graph_c_context_observation,S5F2_energy,test,1186,8420,,1,0.5222649574279785
sprint9_multiseed_S8A_R2_seed2024_S8A_R2_context_edge_film,S8A_R2_context_edge_film,graph_c_gatv2_context_edge_film_interaction,gatv2_graph_c_sprint8a_context_edge_film,gatv2,graph_c_context_observation,S5F2_energy,test,1187,8420,,1,0.456576943397522
sprint9_multiseed_S8A_R2_seed2024_S8A_R2_context_edge_film,S8A_R2_context_edge_film,graph_c_gatv2_context_edge_film_interaction,gatv2_graph_c_sprint8a_context_edge_film,gatv2,graph_c_context_observation,S5F2_energy,test,1188,8420,,1,0.5975840091705322
sprint9_multiseed_S8A_R2_seed2024_S8A_R2_context_edge_film,S8A_R2_context_edge_film,graph_c_gatv2_context_edge_film_interaction,gatv2_graph_c_sprint8a_context_edge_film,gatv2,graph_c_context_observation,S5F2_energy,test,1189,8420,,1,0.41768214106559753
sprint9_multiseed_S8A_R2_seed2024_S8A_R2_context_edge_film,S8A_R2_context_edge_film,graph_c_gatv2_context_edge_film_interaction,gatv2_graph_c_sprint8a_context_edge_film,gatv2,graph_c_context_observation,S5F2_energy,test,1190,8420,,1,0.5883111953735352
sprint9_multiseed_S8A_R2_seed2024_S8A_R2_context_edge_film,S8A_R2_context_edge_film,graph_c_gatv2_context_edge_film_interaction,gatv2_graph_c_sprint8a_context_edge_film,gatv2,graph_c_context_observation,S5F2_energy,test,1191,8420,,1,0.4833126962184906
sprint9_multiseed_S8A_R2_seed2024_S8A_R2_context_edge_film,S8A_R2_context_edge_film,graph_c_gatv2_context_edge_film_interaction,gatv2_graph_c_sprint8a_context_edge_film,gatv2,graph_c_context_observation,S5F2_energy,test,1192,8420,,1,0.5600736141204834
sprint9_multiseed_S8A_R2_seed2024_S8A_R2_context_edge_film,S8A_R2_context_edge_film,graph_c_gatv2_context_edge_film_interaction,gatv2_graph_c_sprint8a_context_edge_film,gatv2,graph_c_context_observation,S5F2_energy,test,1193,8420,,1,0.6009463667869568
sprint9_multiseed_S8A_R2_seed2024_S8A_R2_context_edge_film,S8A_R2_context_edge_film,graph_c_gatv2_context_edge_film_interaction,gatv2_graph_c_sprint8a_context_edge_film,gatv2,graph_c_context_observation,S5F2_energy,test,1194,8420,,1,0.5670797824859619
sprint9_multiseed_S8A_R2_seed2024_S8A_R2_context_edge_film,S8A_R2_context_edge_film,graph_c_gatv2_context_edge_film_interaction,gatv2_graph_c_sprint8a_context_edge_film,gatv2,graph_c_context_observation,S5F2_energy,test,1195,8420,,1,0.4715384244918823
sprint9_multiseed_S8A_R2_seed2024_S8A_R2_context_edge_film,S8A_R2_context_edge_film,graph_c_gatv2_context_edge_film_interaction,gatv2_graph_c_sprint8a_context_edge_film,gatv2,graph_c_context_observation,S5F2_energy,test,1196,8420,,1,0.6066198348999023
sprint9_multiseed_S8A_R2_seed2024_S8A_R2_context_edge_film,S8A_R2_context_edge_film,graph_c_gatv2_context_edge_film_interaction,gatv2_graph_c_sprint8a_context_edge_film,gatv2,graph_c_context_observation,S5F2_energy,test,1197,8420,,1,0.31247833371162415
sprint9_multiseed_S8A_R2_seed2024_S8A_R2_context_edge_film,S8A_R2_context_edge_film,graph_c_gatv2_context_edge_film_interaction,gatv2_graph_c_sprint8a_context_edge_film,gatv2,graph_c_context_observation,S5F2_energy,test,1198,8420,,1,0.46126237511634827
sprint9_multiseed_S8A_R2_seed2024_S8A_R2_context_edge_film,S8A_R2_context_edge_film,graph_c_gatv2_context_edge_film_interaction,gatv2_graph_c_sprint8a_context_edge_film,gatv2,graph_c_context_observation,S5F2_energy,test,1199,8420,,1,0.45507389307022095
sprint9_multiseed_S8A_R2_seed2024_S8A_R2_context_edge_film,S8A_R2_context_edge_film,graph_c_gatv2_context_edge_film_interaction,gatv2_graph_c_sprint8a_context_edge_film,gatv2,graph_c_context_observation,S5F2_energy,test,1200,8420,,1,0.4841805398464203
sprint9_multiseed_S8A_R2_seed2024_S8A_R2_context_edge_film,S8A_R2_context_edge_film,graph_c_gatv2_context_edge_film_interaction,gatv2_graph_c_sprint8a_context_edge_film,gatv2,graph_c_context_observation,S5F2_energy,test,1201,8420,,1,0.6645303964614868
sprint9_multiseed_S8A_R2_seed2024_S8A_R2_context_edge_film,S8A_R2_context_edge_film,graph_c_gatv2_context_edge_film_interaction,gatv2_graph_c_sprint8a_context_edge_film,gatv2,graph_c_context_observation,S5F2_energy,test,1202,8420,,1,0.4765036106109619
sprint9_multiseed_S8A_R2_seed2024_S8A_R2_context_edge_film,S8A_R2_context_edge_film,graph_c_gatv2_context_edge_film_interaction,gatv2_graph_c_sprint8a_context_edge_film,gatv2,graph_c_context_observation,S5F2_energy,test,1203,8420,,1,0.6442875862121582
sprint9_multiseed_S8A_R2_seed2024_S8A_R2_context_edge_film,S8A_R2_context_edge_film,graph_c_gatv2_context_edge_film_interaction,gatv2_graph_c_sprint8a_context_edge_film,gatv2,graph_c_context_observation,S5F2_energy,test,1204,8420,,1,0.5323532819747925
sprint9_multiseed_S8A_R2_seed2024_S8A_R2_context_edge_film,S8A_R2_context_edge_film,graph_c_gatv2_context_edge_film_interaction,gatv2_graph_c_sprint8a_context_edge_film,gatv2,graph_c_context_observation,S5F2_energy,test,1205,8420,,1,0.5597476363182068
sprint9_multiseed_S8A_R2_seed2024_S8A_R2_context_edge_film,S8A_R2_context_edge_film,graph_c_gatv2_context_edge_film_interaction,gatv2_graph_c_sprint8a_context_edge_film,gatv2,graph_c_context_observation,S5F2_energy,test,1206,8420,,1,0.5740614533424377
sprint9_multiseed_S8A_R2_seed2024_S8A_R2_context_edge_film,S8A_R2_context_edge_film,graph_c_gatv2_context_edge_film_interaction,gatv2_graph_c_sprint8a_context_edge_film,gatv2,graph_c_context_observation,S5F2_energy,test,1207,8420,,1,0.5921732783317566
sprint9_multiseed_S8A_R2_seed2024_S8A_R2_context_edge_film,S8A_R2_context_edge_film,graph_c_gatv2_context_edge_film_interaction,gatv2_graph_c_sprint8a_context_edge_film,gatv2,graph_c_context_observation,S5F2_energy,test,1208,8420,,1,0.6119551062583923
sprint9_multiseed_S8A_R2_seed2024_S8A_R2_context_edge_film,S8A_R2_context_edge_film,graph_c_gatv2_context_edge_film_interaction,gatv2_graph_c_sprint8a_context_edge_film,gatv2,graph_c_context_observation,S5F2_energy,test,1209,8420,,1,0.6129819750785828
sprint9_multiseed_S8A_R2_seed2024_S8A_R2_context_edge_film,S8A_R2_context_edge_film,graph_c_gatv2_context_edge_film_interaction,gatv2_graph_c_sprint8a_context_edge_film,gatv2,graph_c_context_observation,S5F2_energy,test,1210,8420,,1,0.6066591143608093
sprint9_multiseed_S8A_R2_seed2024_S8A_R2_context_edge_film,S8A_R2_context_edge_film,graph_c_gatv2_context_edge_film_interaction,gatv2_graph_c_sprint8a_context_edge_film,gatv2,graph_c_context_observation,S5F2_energy,test,1211,8420,,1,0.6048837900161743
sprint9_multiseed_S8A_R2_seed2024_S8A_R2_context_edge_film,S8A_R2_context_edge_film,graph_c_gatv2_context_edge_film_interaction,gatv2_graph_c_sprint8a_context_edge_film,gatv2,graph_c_context_observation,S5F2_energy,test,1212,8420,,1,0.5272090435028076
sprint9_multiseed_S8A_R2_seed2024_S8A_R2_context_edge_film,S8A_R2_context_edge_film,graph_c_gatv2_context_edge_film_interaction,gatv2_graph_c_sprint8a_context_edge_film,gatv2,graph_c_context_observation,S5F2_energy,test,1213,8420,,1,0.5230744481086731
sprint9_multiseed_S8A_R2_seed2024_S8A_R2_context_edge_film,S8A_R2_context_edge_film,graph_c_gatv2_context_edge_film_interaction,gatv2_graph_c_sprint8a_context_edge_film,gatv2,graph_c_context_observation,S5F2_energy,test,1214,8420,,1,0.47764620184898376
sprint9_multiseed_S8A_R2_seed2024_S8A_R2_context_edge_film,S8A_R2_context_edge_film,graph_c_gatv2_context_edge_film_interaction,gatv2_graph_c_sprint8a_context_edge_film,gatv2,graph_c_context_observation,S5F2_energy,test,1215,8420,,1,0.491014301776886
sprint9_multiseed_S8A_R2_seed2024_S8A_R2_context_edge_film,S8A_R2_context_edge_film,graph_c_gatv2_context_edge_film_interaction,gatv2_graph_c_sprint8a_context_edge_film,gatv2,graph_c_context_observation,S5F2_energy,test,1216,8420,,1,0.6003957986831665
sprint9_multiseed_S8A_R2_seed2024_S8A_R2_context_edge_film,S8A_R2_context_edge_film,graph_c_gatv2_context_edge_film_interaction,gatv2_graph_c_sprint8a_context_edge_film,gatv2,graph_c_context_observation,S5F2_energy,test,1217,8420,,1,0.5123353600502014
sprint9_multiseed_S8A_R2_seed2024_S8A_R2_context_edge_film,S8A_R2_context_edge_film,graph_c_gatv2_context_edge_film_interaction,gatv2_graph_c_sprint8a_context_edge_film,gatv2,graph_c_context_observation,S5F2_energy,test,1218,8420,,1,0.3727624714374542
sprint9_multiseed_S8A_R2_seed2024_S8A_R2_context_edge_film,S8A_R2_context_edge_film,graph_c_gatv2_context_edge_film_interaction,gatv2_graph_c_sprint8a_context_edge_film,gatv2,graph_c_context_observation,S5F2_energy,test,1219,8420,,1,0.5043973922729492
sprint9_multiseed_S8A_R2_seed2024_S8A_R2_context_edge_film,S8A_R2_context_edge_film,graph_c_gatv2_context_edge_film_interaction,gatv2_graph_c_sprint8a_context_edge_film,gatv2,graph_c_context_observation,S5F2_energy,test,1220,8420,,1,0.6021152138710022
sprint9_multiseed_S8A_R2_seed2024_S8A_R2_context_edge_film,S8A_R2_context_edge_film,graph_c_gatv2_context_edge_film_interaction,gatv2_graph_c_sprint8a_context_edge_film,gatv2,graph_c_context_observation,S5F2_energy,test,1221,8420,,1,0.41264665126800537
sprint9_multiseed_S8A_R2_seed2024_S8A_R2_context_edge_film,S8A_R2_context_edge_film,graph_c_gatv2_context_edge_film_interaction,gatv2_graph_c_sprint8a_context_edge_film,gatv2,graph_c_context_observation,S5F2_energy,test,1222,8420,,1,0.5009944438934326
sprint9_multiseed_S8A_R2_seed2024_S8A_R2_context_edge_film,S8A_R2_context_edge_film,graph_c_gatv2_context_edge_film_interaction,gatv2_graph_c_sprint8a_context_edge_film,gatv2,graph_c_context_observation,S5F2_energy,test,1223,8420,,1,0.49286606907844543
sprint9_multiseed_S8A_R2_seed2024_S8A_R2_context_edge_film,S8A_R2_context_edge_film,graph_c_gatv2_context_edge_film_interaction,gatv2_graph_c_sprint8a_context_edge_film,gatv2,graph_c_context_observation,S5F2_energy,test,1224,8420,,1,0.482111394405365
sprint9_multiseed_S8A_R2_seed2024_S8A_R2_context_edge_film,S8A_R2_context_edge_film,graph_c_gatv2_context_edge_film_interaction,gatv2_graph_c_sprint8a_context_edge_film,gatv2,graph_c_context_observation,S5F2_energy,test,1225,8420,,1,0.4815961718559265
sprint9_multiseed_S8A_R2_seed2024_S8A_R2_context_edge_film,S8A_R2_context_edge_film,graph_c_gatv2_context_edge_film_interaction,gatv2_graph_c_sprint8a_context_edge_film,gatv2,graph_c_context_observation,S5F2_energy,test,1226,8420,,1,0.3548646867275238
sprint9_multiseed_S8A_R2_seed2024_S8A_R2_context_edge_film,S8A_R2_context_edge_film,graph_c_gatv2_context_edge_film_interaction,gatv2_graph_c_sprint8a_context_edge_film,gatv2,graph_c_context_observation,S5F2_energy,test,1227,8420,,1,0.460092157125473
sprint9_multiseed_S8A_R2_seed2024_S8A_R2_context_edge_film,S8A_R2_context_edge_film,graph_c_gatv2_context_edge_film_interaction,gatv2_graph_c_sprint8a_context_edge_film,gatv2,graph_c_context_observation,S5F2_energy,test,1228,8420,,1,0.6033295392990112
sprint9_multiseed_S8A_R2_seed2024_S8A_R2_context_edge_film,S8A_R2_context_edge_film,graph_c_gatv2_context_edge_film_interaction,gatv2_graph_c_sprint8a_context_edge_film,gatv2,graph_c_context_observation,S5F2_energy,test,1229,8420,,1,0.5419012904167175
sprint9_multiseed_S8A_R2_seed2024_S8A_R2_context_edge_film,S8A_R2_context_edge_film,graph_c_gatv2_context_edge_film_interaction,gatv2_graph_c_sprint8a_context_edge_film,gatv2,graph_c_context_observation,S5F2_energy,test,1230,8420,,1,0.5608878135681152
sprint9_multiseed_S8A_R2_seed2024_S8A_R2_context_edge_film,S8A_R2_context_edge_film,graph_c_gatv2_context_edge_film_interaction,gatv2_graph_c_sprint8a_context_edge_film,gatv2,graph_c_context_observation,S5F2_energy,test,1231,8420,,1,0.49339354038238525
sprint9_multiseed_S8A_R2_seed2024_S8A_R2_context_edge_film,S8A_R2_context_edge_film,graph_c_gatv2_context_edge_film_interaction,gatv2_graph_c_sprint8a_context_edge_film,gatv2,graph_c_context_observation,S5F2_energy,test,1232,8420,,1,0.5247774720191956
sprint9_multiseed_S8A_R2_seed2024_S8A_R2_context_edge_film,S8A_R2_context_edge_film,graph_c_gatv2_context_edge_film_interaction,gatv2_graph_c_sprint8a_context_edge_film,gatv2,graph_c_context_observation,S5F2_energy,test,1233,8420,,1,0.5666908025741577
sprint9_multiseed_S8A_R2_seed2024_S8A_R2_context_edge_film,S8A_R2_context_edge_film,graph_c_gatv2_context_edge_film_interaction,gatv2_graph_c_sprint8a_context_edge_film,gatv2,graph_c_context_observation,S5F2_energy,test,1234,8420,,1,0.5447299480438232
sprint9_multiseed_S8A_R2_seed2024_S8A_R2_context_edge_film,S8A_R2_context_edge_film,graph_c_gatv2_context_edge_film_interaction,gatv2_graph_c_sprint8a_context_edge_film,gatv2,graph_c_context_observation,S5F2_energy,test,1235,8420,,1,0.6204774379730225
sprint9_multiseed_S8A_R2_seed2024_S8A_R2_context_edge_film,S8A_R2_context_edge_film,graph_c_gatv2_context_edge_film_interaction,gatv2_graph_c_sprint8a_context_edge_film,gatv2,graph_c_context_observation,S5F2_energy,test,1236,8420,,1,0.46439167857170105
sprint9_multiseed_S8A_R2_seed2024_S8A_R2_context_edge_film,S8A_R2_context_edge_film,graph_c_gatv2_context_edge_film_interaction,gatv2_graph_c_sprint8a_context_edge_film,gatv2,graph_c_context_observation,S5F2_energy,test,1237,8420,,1,0.3431244194507599
sprint9_multiseed_S8A_R2_seed2024_S8A_R2_context_edge_film,S8A_R2_context_edge_film,graph_c_gatv2_context_edge_film_interaction,gatv2_graph_c_sprint8a_context_edge_film,gatv2,graph_c_context_observation,S5F2_energy,test,1238,8420,,1,0.5728087425231934
sprint9_multiseed_S8A_R2_seed2024_S8A_R2_context_edge_film,S8A_R2_context_edge_film,graph_c_gatv2_context_edge_film_interaction,gatv2_graph_c_sprint8a_context_edge_film,gatv2,graph_c_context_observation,S5F2_energy,test,1239,8420,,1,0.5912947058677673
sprint9_multiseed_S8A_R2_seed2024_S8A_R2_context_edge_film,S8A_R2_context_edge_film,graph_c_gatv2_context_edge_film_interaction,gatv2_graph_c_sprint8a_context_edge_film,gatv2,graph_c_context_observation,S5F2_energy,test,1240,8420,,1,0.4519442617893219
sprint9_multiseed_S8A_R2_seed2024_S8A_R2_context_edge_film,S8A_R2_context_edge_film,graph_c_gatv2_context_edge_film_interaction,gatv2_graph_c_sprint8a_context_edge_film,gatv2,graph_c_context_observation,S5F2_energy,test,1241,8420,,1,0.6626853346824646
sprint9_multiseed_S8A_R2_seed2024_S8A_R2_context_edge_film,S8A_R2_context_edge_film,graph_c_gatv2_context_edge_film_interaction,gatv2_graph_c_sprint8a_context_edge_film,gatv2,graph_c_context_observation,S5F2_energy,test,1242,8420,,1,0.5901939272880554
sprint9_multiseed_S8A_R2_seed2024_S8A_R2_context_edge_film,S8A_R2_context_edge_film,graph_c_gatv2_context_edge_film_interaction,gatv2_graph_c_sprint8a_context_edge_film,gatv2,graph_c_context_observation,S5F2_energy,test,1243,8420,,1,0.5195542573928833
sprint9_multiseed_S8A_R2_seed2024_S8A_R2_context_edge_film,S8A_R2_context_edge_film,graph_c_gatv2_context_edge_film_interaction,gatv2_graph_c_sprint8a_context_edge_film,gatv2,graph_c_context_observation,S5F2_energy,test,1244,8420,,1,0.6360388994216919
sprint9_multiseed_S8A_R2_seed2024_S8A_R2_context_edge_film,S8A_R2_context_edge_film,graph_c_gatv2_context_edge_film_interaction,gatv2_graph_c_sprint8a_context_edge_film,gatv2,graph_c_context_observation,S5F2_energy,test,1245,8420,,1,0.6270465850830078
sprint9_multiseed_S8A_R2_seed2024_S8A_R2_context_edge_film,S8A_R2_context_edge_film,graph_c_gatv2_context_edge_film_interaction,gatv2_graph_c_sprint8a_context_edge_film,gatv2,graph_c_context_observation,S5F2_energy,test,1246,8420,,1,0.4902719557285309
sprint9_multiseed_S8A_R2_seed2024_S8A_R2_context_edge_film,S8A_R2_context_edge_film,graph_c_gatv2_context_edge_film_interaction,gatv2_graph_c_sprint8a_context_edge_film,gatv2,graph_c_context_observation,S5F2_energy,test,1247,8420,,1,0.4517225921154022
sprint9_multiseed_S8A_R2_seed2024_S8A_R2_context_edge_film,S8A_R2_context_edge_film,graph_c_gatv2_context_edge_film_interaction,gatv2_graph_c_sprint8a_context_edge_film,gatv2,graph_c_context_observation,S5F2_energy,test,1248,8420,,1,0.48616522550582886
sprint9_multiseed_S8A_R2_seed2024_S8A_R2_context_edge_film,S8A_R2_context_edge_film,graph_c_gatv2_context_edge_film_interaction,gatv2_graph_c_sprint8a_context_edge_film,gatv2,graph_c_context_observation,S5F2_energy,test,1249,8420,,1,0.637653648853302
sprint9_multiseed_S8A_R2_seed2024_S8A_R2_context_edge_film,S8A_R2_context_edge_film,graph_c_gatv2_context_edge_film_interaction,gatv2_graph_c_sprint8a_context_edge_film,gatv2,graph_c_context_observation,S5F2_energy,test,1250,8420,,1,0.5250566005706787
sprint9_multiseed_S8A_R2_seed2024_S8A_R2_context_edge_film,S8A_R2_context_edge_film,graph_c_gatv2_context_edge_film_interaction,gatv2_graph_c_sprint8a_context_edge_film,gatv2,graph_c_context_observation,S5F2_energy,test,1251,8420,,1,0.623712956905365
sprint9_multiseed_S8A_R2_seed2024_S8A_R2_context_edge_film,S8A_R2_context_edge_film,graph_c_gatv2_context_edge_film_interaction,gatv2_graph_c_sprint8a_context_edge_film,gatv2,graph_c_context_observation,S5F2_energy,test,1252,8420,,1,0.575490415096283
sprint9_multiseed_S8A_R2_seed2024_S8A_R2_context_edge_film,S8A_R2_context_edge_film,graph_c_gatv2_context_edge_film_interaction,gatv2_graph_c_sprint8a_context_edge_film,gatv2,graph_c_context_observation,S5F2_energy,test,1253,8420,,1,0.5236865878105164
sprint9_multiseed_S8A_R2_seed2024_S8A_R2_context_edge_film,S8A_R2_context_edge_film,graph_c_gatv2_context_edge_film_interaction,gatv2_graph_c_sprint8a_context_edge_film,gatv2,graph_c_context_observation,S5F2_energy,test,1254,8420,,1,0.4965805411338806
sprint9_multiseed_S8A_R2_seed2024_S8A_R2_context_edge_film,S8A_R2_context_edge_film,graph_c_gatv2_context_edge_film_interaction,gatv2_graph_c_sprint8a_context_edge_film,gatv2,graph_c_context_observation,S5F2_energy,test,1255,8420,,1,0.4221222698688507
sprint9_multiseed_S8A_R2_seed2024_S8A_R2_context_edge_film,S8A_R2_context_edge_film,graph_c_gatv2_context_edge_film_interaction,gatv2_graph_c_sprint8a_context_edge_film,gatv2,graph_c_context_observation,S5F2_energy,test,1256,8420,,1,0.5157995820045471
sprint9_multiseed_S8A_R2_seed2024_S8A_R2_context_edge_film,S8A_R2_context_edge_film,graph_c_gatv2_context_edge_film_interaction,gatv2_graph_c_sprint8a_context_edge_film,gatv2,graph_c_context_observation,S5F2_energy,test,1257,8420,,1,0.4338296353816986
sprint9_multiseed_S8A_R2_seed2024_S8A_R2_context_edge_film,S8A_R2_context_edge_film,graph_c_gatv2_context_edge_film_interaction,gatv2_graph_c_sprint8a_context_edge_film,gatv2,graph_c_context_observation,S5F2_energy,test,1258,8420,,1,0.48452436923980713
sprint9_multiseed_S8A_R2_seed2024_S8A_R2_context_edge_film,S8A_R2_context_edge_film,graph_c_gatv2_context_edge_film_interaction,gatv2_graph_c_sprint8a_context_edge_film,gatv2,graph_c_context_observation,S5F2_energy,test,1259,8420,,1,0.47472891211509705
sprint9_multiseed_S8A_R2_seed2024_S8A_R2_context_edge_film,S8A_R2_context_edge_film,graph_c_gatv2_context_edge_film_interaction,gatv2_graph_c_sprint8a_context_edge_film,gatv2,graph_c_context_observation,S5F2_energy,test,1260,8420,,1,0.507081925868988
sprint9_multiseed_S8A_R2_seed2024_S8A_R2_context_edge_film,S8A_R2_context_edge_film,graph_c_gatv2_context_edge_film_interaction,gatv2_graph_c_sprint8a_context_edge_film,gatv2,graph_c_context_observation,S5F2_energy,test,1261,8420,,1,0.6140838861465454
sprint9_multiseed_S8A_R2_seed2024_S8A_R2_context_edge_film,S8A_R2_context_edge_film,graph_c_gatv2_context_edge_film_interaction,gatv2_graph_c_sprint8a_context_edge_film,gatv2,graph_c_context_observation,S5F2_energy,test,1262,8420,,1,0.6602046489715576
sprint9_multiseed_S8A_R2_seed2024_S8A_R2_context_edge_film,S8A_R2_context_edge_film,graph_c_gatv2_context_edge_film_interaction,gatv2_graph_c_sprint8a_context_edge_film,gatv2,graph_c_context_observation,S5F2_energy,test,1263,8420,,1,0.590493381023407
sprint9_multiseed_S8A_R2_seed2024_S8A_R2_context_edge_film,S8A_R2_context_edge_film,graph_c_gatv2_context_edge_film_interaction,gatv2_graph_c_sprint8a_context_edge_film,gatv2,graph_c_context_observation,S5F2_energy,test,1264,8420,,1,0.5481714010238647
sprint9_multiseed_S8A_R2_seed2024_S8A_R2_context_edge_film,S8A_R2_context_edge_film,graph_c_gatv2_context_edge_film_interaction,gatv2_graph_c_sprint8a_context_edge_film,gatv2,graph_c_context_observation,S5F2_energy,test,1265,8420,,1,0.6111952066421509
sprint9_multiseed_S8A_R2_seed2024_S8A_R2_context_edge_film,S8A_R2_context_edge_film,graph_c_gatv2_context_edge_film_interaction,gatv2_graph_c_sprint8a_context_edge_film,gatv2,graph_c_context_observation,S5F2_energy,test,1266,8420,,1,0.5646197199821472
sprint9_multiseed_S8A_R2_seed2024_S8A_R2_context_edge_film,S8A_R2_context_edge_film,graph_c_gatv2_context_edge_film_interaction,gatv2_graph_c_sprint8a_context_edge_film,gatv2,graph_c_context_observation,S5F2_energy,test,1267,8420,,1,0.4107357859611511
sprint9_multiseed_S8A_R2_seed2024_S8A_R2_context_edge_film,S8A_R2_context_edge_film,graph_c_gatv2_context_edge_film_interaction,gatv2_graph_c_sprint8a_context_edge_film,gatv2,graph_c_context_observation,S5F2_energy,test,1268,8420,,1,0.5724177956581116
sprint9_multiseed_S8A_R2_seed2024_S8A_R2_context_edge_film,S8A_R2_context_edge_film,graph_c_gatv2_context_edge_film_interaction,gatv2_graph_c_sprint8a_context_edge_film,gatv2,graph_c_context_observation,S5F2_energy,test,1269,8420,,1,0.45870310068130493
sprint9_multiseed_S8A_R2_seed2024_S8A_R2_context_edge_film,S8A_R2_context_edge_film,graph_c_gatv2_context_edge_film_interaction,gatv2_graph_c_sprint8a_context_edge_film,gatv2,graph_c_context_observation,S5F2_energy,test,1270,8420,,1,0.614014208316803
sprint9_multiseed_S8A_R2_seed2024_S8A_R2_context_edge_film,S8A_R2_context_edge_film,graph_c_gatv2_context_edge_film_interaction,gatv2_graph_c_sprint8a_context_edge_film,gatv2,graph_c_context_observation,S5F2_energy,test,1271,8420,,1,0.5830169320106506
sprint9_multiseed_S8A_R2_seed2024_S8A_R2_context_edge_film,S8A_R2_context_edge_film,graph_c_gatv2_context_edge_film_interaction,gatv2_graph_c_sprint8a_context_edge_film,gatv2,graph_c_context_observation,S5F2_energy,test,1272,8420,,1,0.4885096848011017
sprint9_multiseed_S8A_R2_seed2024_S8A_R2_context_edge_film,S8A_R2_context_edge_film,graph_c_gatv2_context_edge_film_interaction,gatv2_graph_c_sprint8a_context_edge_film,gatv2,graph_c_context_observation,S5F2_energy,test,1273,8420,,1,0.4431172311306
sprint9_multiseed_S8A_R2_seed2024_S8A_R2_context_edge_film,S8A_R2_context_edge_film,graph_c_gatv2_context_edge_film_interaction,gatv2_graph_c_sprint8a_context_edge_film,gatv2,graph_c_context_observation,S5F2_energy,test,1274,8420,,1,0.5910990834236145
sprint9_multiseed_S8A_R2_seed2024_S8A_R2_context_edge_film,S8A_R2_context_edge_film,graph_c_gatv2_context_edge_film_interaction,gatv2_graph_c_sprint8a_context_edge_film,gatv2,graph_c_context_observation,S5F2_energy,test,1275,8420,,1,0.41747719049453735
sprint9_multiseed_S8A_R2_seed2024_S8A_R2_context_edge_film,S8A_R2_context_edge_film,graph_c_gatv2_context_edge_film_interaction,gatv2_graph_c_sprint8a_context_edge_film,gatv2,graph_c_context_observation,S5F2_energy,test,1276,8420,,1,0.5825328230857849
sprint9_multiseed_S8A_R2_seed2024_S8A_R2_context_edge_film,S8A_R2_context_edge_film,graph_c_gatv2_context_edge_film_interaction,gatv2_graph_c_sprint8a_context_edge_film,gatv2,graph_c_context_observation,S5F2_energy,test,1277,9251,,1,0.7829631567001343
sprint9_multiseed_S8A_R2_seed2024_S8A_R2_context_edge_film,S8A_R2_context_edge_film,graph_c_gatv2_context_edge_film_interaction,gatv2_graph_c_sprint8a_context_edge_film,gatv2,graph_c_context_observation,S5F2_energy,test,1278,9251,,1,0.7770677804946899
sprint9_multiseed_S8A_R2_seed2024_S8A_R2_context_edge_film,S8A_R2_context_edge_film,graph_c_gatv2_context_edge_film_interaction,gatv2_graph_c_sprint8a_context_edge_film,gatv2,graph_c_context_observation,S5F2_energy,test,1279,9251,,1,0.662601113319397
sprint9_multiseed_S8A_R2_seed2024_S8A_R2_context_edge_film,S8A_R2_context_edge_film,graph_c_gatv2_context_edge_film_interaction,gatv2_graph_c_sprint8a_context_edge_film,gatv2,graph_c_context_observation,S5F2_energy,test,1280,9251,,1,0.5953075289726257
sprint9_multiseed_S8A_R2_seed2024_S8A_R2_context_edge_film,S8A_R2_context_edge_film,graph_c_gatv2_context_edge_film_interaction,gatv2_graph_c_sprint8a_context_edge_film,gatv2,graph_c_context_observation,S5F2_energy,test,1281,9251,,1,0.7132132053375244
sprint9_multiseed_S8A_R2_seed2024_S8A_R2_context_edge_film,S8A_R2_context_edge_film,graph_c_gatv2_context_edge_film_interaction,gatv2_graph_c_sprint8a_context_edge_film,gatv2,graph_c_context_observation,S5F2_energy,test,1282,9251,,1,0.7022680044174194
sprint9_multiseed_S8A_R2_seed2024_S8A_R2_context_edge_film,S8A_R2_context_edge_film,graph_c_gatv2_context_edge_film_interaction,gatv2_graph_c_sprint8a_context_edge_film,gatv2,graph_c_context_observation,S5F2_energy,test,1283,9251,,1,0.7222061157226562
sprint9_multiseed_S8A_R2_seed2024_S8A_R2_context_edge_film,S8A_R2_context_edge_film,graph_c_gatv2_context_edge_film_interaction,gatv2_graph_c_sprint8a_context_edge_film,gatv2,graph_c_context_observation,S5F2_energy,test,1284,9251,,1,0.6776033043861389
sprint9_multiseed_S8A_R2_seed2024_S8A_R2_context_edge_film,S8A_R2_context_edge_film,graph_c_gatv2_context_edge_film_interaction,gatv2_graph_c_sprint8a_context_edge_film,gatv2,graph_c_context_observation,S5F2_energy,test,1285,9251,,1,0.7762863636016846
sprint9_multiseed_S8A_R2_seed2024_S8A_R2_context_edge_film,S8A_R2_context_edge_film,graph_c_gatv2_context_edge_film_interaction,gatv2_graph_c_sprint8a_context_edge_film,gatv2,graph_c_context_observation,S5F2_energy,test,1286,9251,,1,0.6413437724113464
sprint9_multiseed_S8A_R2_seed2024_S8A_R2_context_edge_film,S8A_R2_context_edge_film,graph_c_gatv2_context_edge_film_interaction,gatv2_graph_c_sprint8a_context_edge_film,gatv2,graph_c_context_observation,S5F2_energy,test,1287,9251,,1,0.5560690760612488
sprint9_multiseed_S8A_R2_seed2024_S8A_R2_context_edge_film,S8A_R2_context_edge_film,graph_c_gatv2_context_edge_film_interaction,gatv2_graph_c_sprint8a_context_edge_film,gatv2,graph_c_context_observation,S5F2_energy,test,1288,9251,,1,0.7181932330131531
sprint9_multiseed_S8A_R2_seed2024_S8A_R2_context_edge_film,S8A_R2_context_edge_film,graph_c_gatv2_context_edge_film_interaction,gatv2_graph_c_sprint8a_context_edge_film,gatv2,graph_c_context_observation,S5F2_energy,test,1289,9251,,1,0.6185798048973083
sprint9_multiseed_S8A_R2_seed2024_S8A_R2_context_edge_film,S8A_R2_context_edge_film,graph_c_gatv2_context_edge_film_interaction,gatv2_graph_c_sprint8a_context_edge_film,gatv2,graph_c_context_observation,S5F2_energy,test,1290,9251,,1,0.6913304328918457
sprint9_multiseed_S8A_R2_seed2024_S8A_R2_context_edge_film,S8A_R2_context_edge_film,graph_c_gatv2_context_edge_film_interaction,gatv2_graph_c_sprint8a_context_edge_film,gatv2,graph_c_context_observation,S5F2_energy,test,1291,9251,,1,0.598356306552887
sprint9_multiseed_S8A_R2_seed2024_S8A_R2_context_edge_film,S8A_R2_context_edge_film,graph_c_gatv2_context_edge_film_interaction,gatv2_graph_c_sprint8a_context_edge_film,gatv2,graph_c_context_observation,S5F2_energy,test,1292,9251,,1,0.6992221474647522
sprint9_multiseed_S8A_R2_seed2024_S8A_R2_context_edge_film,S8A_R2_context_edge_film,graph_c_gatv2_context_edge_film_interaction,gatv2_graph_c_sprint8a_context_edge_film,gatv2,graph_c_context_observation,S5F2_energy,test,1293,9251,,1,0.5351884961128235
sprint9_multiseed_S8A_R2_seed2024_S8A_R2_context_edge_film,S8A_R2_context_edge_film,graph_c_gatv2_context_edge_film_interaction,gatv2_graph_c_sprint8a_context_edge_film,gatv2,graph_c_context_observation,S5F2_energy,test,1294,9251,,1,0.5314010381698608
sprint9_multiseed_S8A_R2_seed2024_S8A_R2_context_edge_film,S8A_R2_context_edge_film,graph_c_gatv2_context_edge_film_interaction,gatv2_graph_c_sprint8a_context_edge_film,gatv2,graph_c_context_observation,S5F2_energy,test,1295,9251,,1,0.5893383026123047
sprint9_multiseed_S8A_R2_seed2024_S8A_R2_context_edge_film,S8A_R2_context_edge_film,graph_c_gatv2_context_edge_film_interaction,gatv2_graph_c_sprint8a_context_edge_film,gatv2,graph_c_context_observation,S5F2_energy,test,1296,9251,,1,0.625744640827179
sprint9_multiseed_S8A_R2_seed2024_S8A_R2_context_edge_film,S8A_R2_context_edge_film,graph_c_gatv2_context_edge_film_interaction,gatv2_graph_c_sprint8a_context_edge_film,gatv2,graph_c_context_observation,S5F2_energy,test,1297,9251,,1,0.6113132834434509
sprint9_multiseed_S8A_R2_seed2024_S8A_R2_context_edge_film,S8A_R2_context_edge_film,graph_c_gatv2_context_edge_film_interaction,gatv2_graph_c_sprint8a_context_edge_film,gatv2,graph_c_context_observation,S5F2_energy,test,1298,9251,,1,0.6139748096466064
sprint9_multiseed_S8A_R2_seed2024_S8A_R2_context_edge_film,S8A_R2_context_edge_film,graph_c_gatv2_context_edge_film_interaction,gatv2_graph_c_sprint8a_context_edge_film,gatv2,graph_c_context_observation,S5F2_energy,test,1299,9251,,1,0.6938103437423706
sprint9_multiseed_S8A_R2_seed2024_S8A_R2_context_edge_film,S8A_R2_context_edge_film,graph_c_gatv2_context_edge_film_interaction,gatv2_graph_c_sprint8a_context_edge_film,gatv2,graph_c_context_observation,S5F2_energy,test,1300,9251,,1,0.7008072733879089
sprint9_multiseed_S8A_R2_seed2024_S8A_R2_context_edge_film,S8A_R2_context_edge_film,graph_c_gatv2_context_edge_film_interaction,gatv2_graph_c_sprint8a_context_edge_film,gatv2,graph_c_context_observation,S5F2_energy,test,1301,9251,,1,0.6967543363571167
sprint9_multiseed_S8A_R2_seed2024_S8A_R2_context_edge_film,S8A_R2_context_edge_film,graph_c_gatv2_context_edge_film_interaction,gatv2_graph_c_sprint8a_context_edge_film,gatv2,graph_c_context_observation,S5F2_energy,test,1302,9251,,1,0.5417982935905457
sprint9_multiseed_S8A_R2_seed2024_S8A_R2_context_edge_film,S8A_R2_context_edge_film,graph_c_gatv2_context_edge_film_interaction,gatv2_graph_c_sprint8a_context_edge_film,gatv2,graph_c_context_observation,S5F2_energy,test,1303,9251,,1,0.6835561394691467
sprint9_multiseed_S8A_R2_seed2024_S8A_R2_context_edge_film,S8A_R2_context_edge_film,graph_c_gatv2_context_edge_film_interaction,gatv2_graph_c_sprint8a_context_edge_film,gatv2,graph_c_context_observation,S5F2_energy,test,1304,9251,,1,0.7048457860946655
sprint9_multiseed_S8A_R2_seed2024_S8A_R2_context_edge_film,S8A_R2_context_edge_film,graph_c_gatv2_context_edge_film_interaction,gatv2_graph_c_sprint8a_context_edge_film,gatv2,graph_c_context_observation,S5F2_energy,test,1305,9251,,1,0.6608703136444092
sprint9_multiseed_S8A_R2_seed2024_S8A_R2_context_edge_film,S8A_R2_context_edge_film,graph_c_gatv2_context_edge_film_interaction,gatv2_graph_c_sprint8a_context_edge_film,gatv2,graph_c_context_observation,S5F2_energy,test,1306,9251,,1,0.5237851142883301
sprint9_multiseed_S8A_R2_seed2024_S8A_R2_context_edge_film,S8A_R2_context_edge_film,graph_c_gatv2_context_edge_film_interaction,gatv2_graph_c_sprint8a_context_edge_film,gatv2,graph_c_context_observation,S5F2_energy,test,1307,9251,,1,0.712368905544281
sprint9_multiseed_S8A_R2_seed2024_S8A_R2_context_edge_film,S8A_R2_context_edge_film,graph_c_gatv2_context_edge_film_interaction,gatv2_graph_c_sprint8a_context_edge_film,gatv2,graph_c_context_observation,S5F2_energy,test,1308,9251,,1,0.5473424196243286
sprint9_multiseed_S8A_R2_seed2024_S8A_R2_context_edge_film,S8A_R2_context_edge_film,graph_c_gatv2_context_edge_film_interaction,gatv2_graph_c_sprint8a_context_edge_film,gatv2,graph_c_context_observation,S5F2_energy,test,1309,9251,,1,0.607286274433136
sprint9_multiseed_S8A_R2_seed2024_S8A_R2_context_edge_film,S8A_R2_context_edge_film,graph_c_gatv2_context_edge_film_interaction,gatv2_graph_c_sprint8a_context_edge_film,gatv2,graph_c_context_observation,S5F2_energy,test,1310,9251,,1,0.5684537291526794
sprint9_multiseed_S8A_R2_seed2024_S8A_R2_context_edge_film,S8A_R2_context_edge_film,graph_c_gatv2_context_edge_film_interaction,gatv2_graph_c_sprint8a_context_edge_film,gatv2,graph_c_context_observation,S5F2_energy,test,1311,9251,,1,0.6763335466384888
sprint9_multiseed_S8A_R2_seed2024_S8A_R2_context_edge_film,S8A_R2_context_edge_film,graph_c_gatv2_context_edge_film_interaction,gatv2_graph_c_sprint8a_context_edge_film,gatv2,graph_c_context_observation,S5F2_energy,test,1312,9251,,1,0.6549395322799683
sprint9_multiseed_S8A_R2_seed2024_S8A_R2_context_edge_film,S8A_R2_context_edge_film,graph_c_gatv2_context_edge_film_interaction,gatv2_graph_c_sprint8a_context_edge_film,gatv2,graph_c_context_observation,S5F2_energy,test,1313,9251,,1,0.5765503644943237
sprint9_multiseed_S8A_R2_seed2024_S8A_R2_context_edge_film,S8A_R2_context_edge_film,graph_c_gatv2_context_edge_film_interaction,gatv2_graph_c_sprint8a_context_edge_film,gatv2,graph_c_context_observation,S5F2_energy,test,1314,9251,,1,0.712239146232605
sprint9_multiseed_S8A_R2_seed2024_S8A_R2_context_edge_film,S8A_R2_context_edge_film,graph_c_gatv2_context_edge_film_interaction,gatv2_graph_c_sprint8a_context_edge_film,gatv2,graph_c_context_observation,S5F2_energy,test,1315,9251,,1,0.4432936906814575
sprint9_multiseed_S8A_R2_seed2024_S8A_R2_context_edge_film,S8A_R2_context_edge_film,graph_c_gatv2_context_edge_film_interaction,gatv2_graph_c_sprint8a_context_edge_film,gatv2,graph_c_context_observation,S5F2_energy,test,1316,9251,,1,0.609732985496521
sprint9_multiseed_S8A_R2_seed2024_S8A_R2_context_edge_film,S8A_R2_context_edge_film,graph_c_gatv2_context_edge_film_interaction,gatv2_graph_c_sprint8a_context_edge_film,gatv2,graph_c_context_observation,S5F2_energy,test,1317,9251,,1,0.5797832012176514
sprint9_multiseed_S8A_R2_seed2024_S8A_R2_context_edge_film,S8A_R2_context_edge_film,graph_c_gatv2_context_edge_film_interaction,gatv2_graph_c_sprint8a_context_edge_film,gatv2,graph_c_context_observation,S5F2_energy,test,1318,9251,,1,0.6851010918617249
sprint9_multiseed_S8A_R2_seed2024_S8A_R2_context_edge_film,S8A_R2_context_edge_film,graph_c_gatv2_context_edge_film_interaction,gatv2_graph_c_sprint8a_context_edge_film,gatv2,graph_c_context_observation,S5F2_energy,test,1319,9251,,1,0.4885781407356262
sprint9_multiseed_S8A_R2_seed2024_S8A_R2_context_edge_film,S8A_R2_context_edge_film,graph_c_gatv2_context_edge_film_interaction,gatv2_graph_c_sprint8a_context_edge_film,gatv2,graph_c_context_observation,S5F2_energy,test,1320,9251,,1,0.5975383520126343
sprint9_multiseed_S8A_R2_seed2024_S8A_R2_context_edge_film,S8A_R2_context_edge_film,graph_c_gatv2_context_edge_film_interaction,gatv2_graph_c_sprint8a_context_edge_film,gatv2,graph_c_context_observation,S5F2_energy,test,1321,9251,,1,0.45497485995292664
sprint9_multiseed_S8A_R2_seed2024_S8A_R2_context_edge_film,S8A_R2_context_edge_film,graph_c_gatv2_context_edge_film_interaction,gatv2_graph_c_sprint8a_context_edge_film,gatv2,graph_c_context_observation,S5F2_energy,test,1322,9251,,1,0.6659755110740662
sprint9_multiseed_S8A_R2_seed2024_S8A_R2_context_edge_film,S8A_R2_context_edge_film,graph_c_gatv2_context_edge_film_interaction,gatv2_graph_c_sprint8a_context_edge_film,gatv2,graph_c_context_observation,S5F2_energy,test,1323,9251,,1,0.5613850355148315
sprint9_multiseed_S8A_R2_seed2024_S8A_R2_context_edge_film,S8A_R2_context_edge_film,graph_c_gatv2_context_edge_film_interaction,gatv2_graph_c_sprint8a_context_edge_film,gatv2,graph_c_context_observation,S5F2_energy,test,1324,9251,,1,0.5596327781677246
sprint9_multiseed_S8A_R2_seed2024_S8A_R2_context_edge_film,S8A_R2_context_edge_film,graph_c_gatv2_context_edge_film_interaction,gatv2_graph_c_sprint8a_context_edge_film,gatv2,graph_c_context_observation,S5F2_energy,test,1325,9251,,1,0.6305484175682068
sprint9_multiseed_S8A_R2_seed2024_S8A_R2_context_edge_film,S8A_R2_context_edge_film,graph_c_gatv2_context_edge_film_interaction,gatv2_graph_c_sprint8a_context_edge_film,gatv2,graph_c_context_observation,S5F2_energy,test,1326,9251,,1,0.6386122107505798
sprint9_multiseed_S8A_R2_seed2024_S8A_R2_context_edge_film,S8A_R2_context_edge_film,graph_c_gatv2_context_edge_film_interaction,gatv2_graph_c_sprint8a_context_edge_film,gatv2,graph_c_context_observation,S5F2_energy,test,1327,9251,,1,0.6939595341682434
sprint9_multiseed_S8A_R2_seed2024_S8A_R2_context_edge_film,S8A_R2_context_edge_film,graph_c_gatv2_context_edge_film_interaction,gatv2_graph_c_sprint8a_context_edge_film,gatv2,graph_c_context_observation,S5F2_energy,test,1328,9251,,1,0.6167448163032532
sprint9_multiseed_S8A_R2_seed2024_S8A_R2_context_edge_film,S8A_R2_context_edge_film,graph_c_gatv2_context_edge_film_interaction,gatv2_graph_c_sprint8a_context_edge_film,gatv2,graph_c_context_observation,S5F2_energy,test,1329,9251,,1,0.35481730103492737
sprint9_multiseed_S8A_R2_seed2024_S8A_R2_context_edge_film,S8A_R2_context_edge_film,graph_c_gatv2_context_edge_film_interaction,gatv2_graph_c_sprint8a_context_edge_film,gatv2,graph_c_context_observation,S5F2_energy,test,1330,9251,,1,0.5628227591514587
sprint9_multiseed_S8A_R2_seed2024_S8A_R2_context_edge_film,S8A_R2_context_edge_film,graph_c_gatv2_context_edge_film_interaction,gatv2_graph_c_sprint8a_context_edge_film,gatv2,graph_c_context_observation,S5F2_energy,test,1331,9251,,1,0.6440359950065613
sprint9_multiseed_S8A_R2_seed2024_S8A_R2_context_edge_film,S8A_R2_context_edge_film,graph_c_gatv2_context_edge_film_interaction,gatv2_graph_c_sprint8a_context_edge_film,gatv2,graph_c_context_observation,S5F2_energy,test,1332,9251,,1,0.5335216522216797
sprint9_multiseed_S8A_R2_seed2024_S8A_R2_context_edge_film,S8A_R2_context_edge_film,graph_c_gatv2_context_edge_film_interaction,gatv2_graph_c_sprint8a_context_edge_film,gatv2,graph_c_context_observation,S5F2_energy,test,1333,9251,,1,0.7302013039588928
sprint9_multiseed_S8A_R2_seed2024_S8A_R2_context_edge_film,S8A_R2_context_edge_film,graph_c_gatv2_context_edge_film_interaction,gatv2_graph_c_sprint8a_context_edge_film,gatv2,graph_c_context_observation,S5F2_energy,test,1334,9251,,1,0.5739819407463074
sprint9_multiseed_S8A_R2_seed2024_S8A_R2_context_edge_film,S8A_R2_context_edge_film,graph_c_gatv2_context_edge_film_interaction,gatv2_graph_c_sprint8a_context_edge_film,gatv2,graph_c_context_observation,S5F2_energy,test,1335,9251,,1,0.6126843094825745
sprint9_multiseed_S8A_R2_seed2024_S8A_R2_context_edge_film,S8A_R2_context_edge_film,graph_c_gatv2_context_edge_film_interaction,gatv2_graph_c_sprint8a_context_edge_film,gatv2,graph_c_context_observation,S5F2_energy,test,1336,9251,,1,0.25745517015457153
sprint9_multiseed_S8A_R2_seed2024_S8A_R2_context_edge_film,S8A_R2_context_edge_film,graph_c_gatv2_context_edge_film_interaction,gatv2_graph_c_sprint8a_context_edge_film,gatv2,graph_c_context_observation,S5F2_energy,test,1337,9251,,1,0.47567981481552124
sprint9_multiseed_S8A_R2_seed2024_S8A_R2_context_edge_film,S8A_R2_context_edge_film,graph_c_gatv2_context_edge_film_interaction,gatv2_graph_c_sprint8a_context_edge_film,gatv2,graph_c_context_observation,S5F2_energy,test,1338,9251,,1,0.56114262342453
sprint9_multiseed_S8A_R2_seed2024_S8A_R2_context_edge_film,S8A_R2_context_edge_film,graph_c_gatv2_context_edge_film_interaction,gatv2_graph_c_sprint8a_context_edge_film,gatv2,graph_c_context_observation,S5F2_energy,test,1339,9251,,1,0.6860798597335815
sprint9_multiseed_S8A_R2_seed2024_S8A_R2_context_edge_film,S8A_R2_context_edge_film,graph_c_gatv2_context_edge_film_interaction,gatv2_graph_c_sprint8a_context_edge_film,gatv2,graph_c_context_observation,S5F2_energy,test,1340,9251,,1,0.7217636108398438
sprint9_multiseed_S8A_R2_seed2024_S8A_R2_context_edge_film,S8A_R2_context_edge_film,graph_c_gatv2_context_edge_film_interaction,gatv2_graph_c_sprint8a_context_edge_film,gatv2,graph_c_context_observation,S5F2_energy,test,1341,9251,,1,0.46914446353912354
sprint9_multiseed_S8A_R2_seed2024_S8A_R2_context_edge_film,S8A_R2_context_edge_film,graph_c_gatv2_context_edge_film_interaction,gatv2_graph_c_sprint8a_context_edge_film,gatv2,graph_c_context_observation,S5F2_energy,test,1342,9251,,1,0.6626297831535339
sprint9_multiseed_S8A_R2_seed2024_S8A_R2_context_edge_film,S8A_R2_context_edge_film,graph_c_gatv2_context_edge_film_interaction,gatv2_graph_c_sprint8a_context_edge_film,gatv2,graph_c_context_observation,S5F2_energy,test,1343,9251,,1,0.6157246232032776
sprint9_multiseed_S8A_R2_seed2024_S8A_R2_context_edge_film,S8A_R2_context_edge_film,graph_c_gatv2_context_edge_film_interaction,gatv2_graph_c_sprint8a_context_edge_film,gatv2,graph_c_context_observation,S5F2_energy,test,1344,9251,,1,0.6668415069580078
sprint9_multiseed_S8A_R2_seed2024_S8A_R2_context_edge_film,S8A_R2_context_edge_film,graph_c_gatv2_context_edge_film_interaction,gatv2_graph_c_sprint8a_context_edge_film,gatv2,graph_c_context_observation,S5F2_energy,test,1345,9251,,1,0.4467690885066986
sprint9_multiseed_S8A_R2_seed2024_S8A_R2_context_edge_film,S8A_R2_context_edge_film,graph_c_gatv2_context_edge_film_interaction,gatv2_graph_c_sprint8a_context_edge_film,gatv2,graph_c_context_observation,S5F2_energy,test,1346,9251,,1,0.6514725685119629
sprint9_multiseed_S8A_R2_seed2024_S8A_R2_context_edge_film,S8A_R2_context_edge_film,graph_c_gatv2_context_edge_film_interaction,gatv2_graph_c_sprint8a_context_edge_film,gatv2,graph_c_context_observation,S5F2_energy,test,1347,9251,,1,0.6663309931755066
sprint9_multiseed_S8A_R2_seed2024_S8A_R2_context_edge_film,S8A_R2_context_edge_film,graph_c_gatv2_context_edge_film_interaction,gatv2_graph_c_sprint8a_context_edge_film,gatv2,graph_c_context_observation,S5F2_energy,test,1348,9251,,1,0.7056610584259033
sprint9_multiseed_S8A_R2_seed2024_S8A_R2_context_edge_film,S8A_R2_context_edge_film,graph_c_gatv2_context_edge_film_interaction,gatv2_graph_c_sprint8a_context_edge_film,gatv2,graph_c_context_observation,S5F2_energy,test,1349,9251,,1,0.635931670665741
sprint9_multiseed_S8A_R2_seed2024_S8A_R2_context_edge_film,S8A_R2_context_edge_film,graph_c_gatv2_context_edge_film_interaction,gatv2_graph_c_sprint8a_context_edge_film,gatv2,graph_c_context_observation,S5F2_energy,test,1350,9251,,1,0.7025435566902161
sprint9_multiseed_S8A_R2_seed2024_S8A_R2_context_edge_film,S8A_R2_context_edge_film,graph_c_gatv2_context_edge_film_interaction,gatv2_graph_c_sprint8a_context_edge_film,gatv2,graph_c_context_observation,S5F2_energy,test,1351,9251,,1,0.4826885759830475
sprint9_multiseed_S8A_R2_seed2024_S8A_R2_context_edge_film,S8A_R2_context_edge_film,graph_c_gatv2_context_edge_film_interaction,gatv2_graph_c_sprint8a_context_edge_film,gatv2,graph_c_context_observation,S5F2_energy,test,1352,9251,,1,0.5470439791679382
sprint9_multiseed_S8A_R2_seed2024_S8A_R2_context_edge_film,S8A_R2_context_edge_film,graph_c_gatv2_context_edge_film_interaction,gatv2_graph_c_sprint8a_context_edge_film,gatv2,graph_c_context_observation,S5F2_energy,test,1353,9251,,1,0.6353724598884583
sprint9_multiseed_S8A_R2_seed2024_S8A_R2_context_edge_film,S8A_R2_context_edge_film,graph_c_gatv2_context_edge_film_interaction,gatv2_graph_c_sprint8a_context_edge_film,gatv2,graph_c_context_observation,S5F2_energy,test,1354,9251,,1,0.5723536014556885
sprint9_multiseed_S8A_R2_seed2024_S8A_R2_context_edge_film,S8A_R2_context_edge_film,graph_c_gatv2_context_edge_film_interaction,gatv2_graph_c_sprint8a_context_edge_film,gatv2,graph_c_context_observation,S5F2_energy,test,1355,9251,,1,0.5406554937362671
sprint9_multiseed_S8A_R2_seed2024_S8A_R2_context_edge_film,S8A_R2_context_edge_film,graph_c_gatv2_context_edge_film_interaction,gatv2_graph_c_sprint8a_context_edge_film,gatv2,graph_c_context_observation,S5F2_energy,test,1356,9251,,1,0.731577455997467
sprint9_multiseed_S8A_R2_seed2024_S8A_R2_context_edge_film,S8A_R2_context_edge_film,graph_c_gatv2_context_edge_film_interaction,gatv2_graph_c_sprint8a_context_edge_film,gatv2,graph_c_context_observation,S5F2_energy,test,1357,9251,,1,0.7375956773757935
sprint9_multiseed_S8A_R2_seed2024_S8A_R2_context_edge_film,S8A_R2_context_edge_film,graph_c_gatv2_context_edge_film_interaction,gatv2_graph_c_sprint8a_context_edge_film,gatv2,graph_c_context_observation,S5F2_energy,test,1358,9251,,1,0.4637126922607422
sprint9_multiseed_S8A_R2_seed2024_S8A_R2_context_edge_film,S8A_R2_context_edge_film,graph_c_gatv2_context_edge_film_interaction,gatv2_graph_c_sprint8a_context_edge_film,gatv2,graph_c_context_observation,S5F2_energy,test,1359,9251,,1,0.5947837829589844
sprint9_multiseed_S8A_R2_seed2024_S8A_R2_context_edge_film,S8A_R2_context_edge_film,graph_c_gatv2_context_edge_film_interaction,gatv2_graph_c_sprint8a_context_edge_film,gatv2,graph_c_context_observation,S5F2_energy,test,1360,9251,,1,0.4564014673233032
sprint9_multiseed_S8A_R2_seed2024_S8A_R2_context_edge_film,S8A_R2_context_edge_film,graph_c_gatv2_context_edge_film_interaction,gatv2_graph_c_sprint8a_context_edge_film,gatv2,graph_c_context_observation,S5F2_energy,test,1361,9251,,1,0.5979887247085571
sprint9_multiseed_S8A_R2_seed2024_S8A_R2_context_edge_film,S8A_R2_context_edge_film,graph_c_gatv2_context_edge_film_interaction,gatv2_graph_c_sprint8a_context_edge_film,gatv2,graph_c_context_observation,S5F2_energy,test,1362,9251,,1,0.4749991297721863
sprint9_multiseed_S8A_R2_seed2024_S8A_R2_context_edge_film,S8A_R2_context_edge_film,graph_c_gatv2_context_edge_film_interaction,gatv2_graph_c_sprint8a_context_edge_film,gatv2,graph_c_context_observation,S5F2_energy,test,1363,9251,,1,0.54849773645401
sprint9_multiseed_S8A_R2_seed2024_S8A_R2_context_edge_film,S8A_R2_context_edge_film,graph_c_gatv2_context_edge_film_interaction,gatv2_graph_c_sprint8a_context_edge_film,gatv2,graph_c_context_observation,S5F2_energy,test,1364,9251,,1,0.4413912892341614
sprint9_multiseed_S8A_R2_seed2024_S8A_R2_context_edge_film,S8A_R2_context_edge_film,graph_c_gatv2_context_edge_film_interaction,gatv2_graph_c_sprint8a_context_edge_film,gatv2,graph_c_context_observation,S5F2_energy,test,1365,9251,,1,0.6548991203308105
sprint9_multiseed_S8A_R2_seed2024_S8A_R2_context_edge_film,S8A_R2_context_edge_film,graph_c_gatv2_context_edge_film_interaction,gatv2_graph_c_sprint8a_context_edge_film,gatv2,graph_c_context_observation,S5F2_energy,test,1366,9251,,1,0.5399302244186401
sprint9_multiseed_S8A_R2_seed2024_S8A_R2_context_edge_film,S8A_R2_context_edge_film,graph_c_gatv2_context_edge_film_interaction,gatv2_graph_c_sprint8a_context_edge_film,gatv2,graph_c_context_observation,S5F2_energy,test,1367,9251,,1,0.6215903759002686
sprint9_multiseed_S8A_R2_seed2024_S8A_R2_context_edge_film,S8A_R2_context_edge_film,graph_c_gatv2_context_edge_film_interaction,gatv2_graph_c_sprint8a_context_edge_film,gatv2,graph_c_context_observation,S5F2_energy,test,1368,9251,,1,0.7032386660575867
sprint9_multiseed_S8A_R2_seed2024_S8A_R2_context_edge_film,S8A_R2_context_edge_film,graph_c_gatv2_context_edge_film_interaction,gatv2_graph_c_sprint8a_context_edge_film,gatv2,graph_c_context_observation,S5F2_energy,test,1369,9251,,1,0.6311257481575012
sprint9_multiseed_S8A_R2_seed2024_S8A_R2_context_edge_film,S8A_R2_context_edge_film,graph_c_gatv2_context_edge_film_interaction,gatv2_graph_c_sprint8a_context_edge_film,gatv2,graph_c_context_observation,S5F2_energy,test,1370,9251,,1,0.6558065414428711
sprint9_multiseed_S8A_R2_seed2024_S8A_R2_context_edge_film,S8A_R2_context_edge_film,graph_c_gatv2_context_edge_film_interaction,gatv2_graph_c_sprint8a_context_edge_film,gatv2,graph_c_context_observation,S5F2_energy,test,1371,9251,,1,0.6170913577079773
sprint9_multiseed_S8A_R2_seed2024_S8A_R2_context_edge_film,S8A_R2_context_edge_film,graph_c_gatv2_context_edge_film_interaction,gatv2_graph_c_sprint8a_context_edge_film,gatv2,graph_c_context_observation,S5F2_energy,test,1372,9251,,1,0.7068363428115845
sprint9_multiseed_S8A_R2_seed2024_S8A_R2_context_edge_film,S8A_R2_context_edge_film,graph_c_gatv2_context_edge_film_interaction,gatv2_graph_c_sprint8a_context_edge_film,gatv2,graph_c_context_observation,S5F2_energy,test,1373,9251,,0,0.4377528131008148
sprint9_multiseed_S8A_R2_seed2024_S8A_R2_context_edge_film,S8A_R2_context_edge_film,graph_c_gatv2_context_edge_film_interaction,gatv2_graph_c_sprint8a_context_edge_film,gatv2,graph_c_context_observation,S5F2_energy,test,1374,9251,,0,0.4715316891670227
sprint9_multiseed_S8A_R2_seed2024_S8A_R2_context_edge_film,S8A_R2_context_edge_film,graph_c_gatv2_context_edge_film_interaction,gatv2_graph_c_sprint8a_context_edge_film,gatv2,graph_c_context_observation,S5F2_energy,test,1375,9251,,0,0.6486855149269104
sprint9_multiseed_S8A_R2_seed2024_S8A_R2_context_edge_film,S8A_R2_context_edge_film,graph_c_gatv2_context_edge_film_interaction,gatv2_graph_c_sprint8a_context_edge_film,gatv2,graph_c_context_observation,S5F2_energy,test,1376,9251,,0,0.6208542585372925
sprint9_multiseed_S8A_R2_seed2024_S8A_R2_context_edge_film,S8A_R2_context_edge_film,graph_c_gatv2_context_edge_film_interaction,gatv2_graph_c_sprint8a_context_edge_film,gatv2,graph_c_context_observation,S5F2_energy,test,1377,9251,,0,0.5836630463600159
sprint9_multiseed_S8A_R2_seed2024_S8A_R2_context_edge_film,S8A_R2_context_edge_film,graph_c_gatv2_context_edge_film_interaction,gatv2_graph_c_sprint8a_context_edge_film,gatv2,graph_c_context_observation,S5F2_energy,test,1378,9251,,0,0.7244365811347961
sprint9_multiseed_S8A_R2_seed2024_S8A_R2_context_edge_film,S8A_R2_context_edge_film,graph_c_gatv2_context_edge_film_interaction,gatv2_graph_c_sprint8a_context_edge_film,gatv2,graph_c_context_observation,S5F2_energy,test,1379,9251,,0,0.6148226261138916
sprint9_multiseed_S8A_R2_seed2024_S8A_R2_context_edge_film,S8A_R2_context_edge_film,graph_c_gatv2_context_edge_film_interaction,gatv2_graph_c_sprint8a_context_edge_film,gatv2,graph_c_context_observation,S5F2_energy,test,1380,9251,,0,0.6593437790870667
sprint9_multiseed_S8A_R2_seed2024_S8A_R2_context_edge_film,S8A_R2_context_edge_film,graph_c_gatv2_context_edge_film_interaction,gatv2_graph_c_sprint8a_context_edge_film,gatv2,graph_c_context_observation,S5F2_energy,test,1381,9251,,0,0.5556932091712952
sprint9_multiseed_S8A_R2_seed2024_S8A_R2_context_edge_film,S8A_R2_context_edge_film,graph_c_gatv2_context_edge_film_interaction,gatv2_graph_c_sprint8a_context_edge_film,gatv2,graph_c_context_observation,S5F2_energy,test,1382,9251,,0,0.664448082447052
sprint9_multiseed_S8A_R2_seed2024_S8A_R2_context_edge_film,S8A_R2_context_edge_film,graph_c_gatv2_context_edge_film_interaction,gatv2_graph_c_sprint8a_context_edge_film,gatv2,graph_c_context_observation,S5F2_energy,test,1383,9251,,0,0.6701565980911255
sprint9_multiseed_S8A_R2_seed2024_S8A_R2_context_edge_film,S8A_R2_context_edge_film,graph_c_gatv2_context_edge_film_interaction,gatv2_graph_c_sprint8a_context_edge_film,gatv2,graph_c_context_observation,S5F2_energy,test,1384,9251,,0,0.6030482053756714
sprint9_multiseed_S8A_R2_seed2024_S8A_R2_context_edge_film,S8A_R2_context_edge_film,graph_c_gatv2_context_edge_film_interaction,gatv2_graph_c_sprint8a_context_edge_film,gatv2,graph_c_context_observation,S5F2_energy,test,1385,9251,,0,0.6891360878944397
sprint9_multiseed_S8A_R2_seed2024_S8A_R2_context_edge_film,S8A_R2_context_edge_film,graph_c_gatv2_context_edge_film_interaction,gatv2_graph_c_sprint8a_context_edge_film,gatv2,graph_c_context_observation,S5F2_energy,test,1386,9251,,0,0.4122004806995392
sprint9_multiseed_S8A_R2_seed2024_S8A_R2_context_edge_film,S8A_R2_context_edge_film,graph_c_gatv2_context_edge_film_interaction,gatv2_graph_c_sprint8a_context_edge_film,gatv2,graph_c_context_observation,S5F2_energy,test,1387,9251,,0,0.48838335275650024
sprint9_multiseed_S8A_R2_seed2024_S8A_R2_context_edge_film,S8A_R2_context_edge_film,graph_c_gatv2_context_edge_film_interaction,gatv2_graph_c_sprint8a_context_edge_film,gatv2,graph_c_context_observation,S5F2_energy,test,1388,9251,,0,0.673027753829956
sprint9_multiseed_S8A_R2_seed2024_S8A_R2_context_edge_film,S8A_R2_context_edge_film,graph_c_gatv2_context_edge_film_interaction,gatv2_graph_c_sprint8a_context_edge_film,gatv2,graph_c_context_observation,S5F2_energy,test,1389,9251,,0,0.541723370552063
sprint9_multiseed_S8A_R2_seed2024_S8A_R2_context_edge_film,S8A_R2_context_edge_film,graph_c_gatv2_context_edge_film_interaction,gatv2_graph_c_sprint8a_context_edge_film,gatv2,graph_c_context_observation,S5F2_energy,test,1390,9251,,0,0.6042504906654358
sprint9_multiseed_S8A_R2_seed2024_S8A_R2_context_edge_film,S8A_R2_context_edge_film,graph_c_gatv2_context_edge_film_interaction,gatv2_graph_c_sprint8a_context_edge_film,gatv2,graph_c_context_observation,S5F2_energy,test,1391,9251,,0,0.5673201084136963
sprint9_multiseed_S8A_R2_seed2024_S8A_R2_context_edge_film,S8A_R2_context_edge_film,graph_c_gatv2_context_edge_film_interaction,gatv2_graph_c_sprint8a_context_edge_film,gatv2,graph_c_context_observation,S5F2_energy,test,1392,9251,,0,0.6784876585006714
sprint9_multiseed_S8A_R2_seed2024_S8A_R2_context_edge_film,S8A_R2_context_edge_film,graph_c_gatv2_context_edge_film_interaction,gatv2_graph_c_sprint8a_context_edge_film,gatv2,graph_c_context_observation,S5F2_energy,test,1393,9251,,0,0.526641845703125
sprint9_multiseed_S8A_R2_seed2024_S8A_R2_context_edge_film,S8A_R2_context_edge_film,graph_c_gatv2_context_edge_film_interaction,gatv2_graph_c_sprint8a_context_edge_film,gatv2,graph_c_context_observation,S5F2_energy,test,1394,9251,,0,0.44568824768066406
sprint9_multiseed_S8A_R2_seed2024_S8A_R2_context_edge_film,S8A_R2_context_edge_film,graph_c_gatv2_context_edge_film_interaction,gatv2_graph_c_sprint8a_context_edge_film,gatv2,graph_c_context_observation,S5F2_energy,test,1395,9251,,0,0.6119326949119568
sprint9_multiseed_S8A_R2_seed2024_S8A_R2_context_edge_film,S8A_R2_context_edge_film,graph_c_gatv2_context_edge_film_interaction,gatv2_graph_c_sprint8a_context_edge_film,gatv2,graph_c_context_observation,S5F2_energy,test,1396,9251,,0,0.6830752491950989
sprint9_multiseed_S8A_R2_seed2024_S8A_R2_context_edge_film,S8A_R2_context_edge_film,graph_c_gatv2_context_edge_film_interaction,gatv2_graph_c_sprint8a_context_edge_film,gatv2,graph_c_context_observation,S5F2_energy,test,1397,9251,,0,0.6287851929664612
sprint9_multiseed_S8A_R2_seed2024_S8A_R2_context_edge_film,S8A_R2_context_edge_film,graph_c_gatv2_context_edge_film_interaction,gatv2_graph_c_sprint8a_context_edge_film,gatv2,graph_c_context_observation,S5F2_energy,test,1398,9251,,0,0.7235755324363708
sprint9_multiseed_S8A_R2_seed2024_S8A_R2_context_edge_film,S8A_R2_context_edge_film,graph_c_gatv2_context_edge_film_interaction,gatv2_graph_c_sprint8a_context_edge_film,gatv2,graph_c_context_observation,S5F2_energy,test,1399,9251,,0,0.722837507724762
sprint9_multiseed_S8A_R2_seed2024_S8A_R2_context_edge_film,S8A_R2_context_edge_film,graph_c_gatv2_context_edge_film_interaction,gatv2_graph_c_sprint8a_context_edge_film,gatv2,graph_c_context_observation,S5F2_energy,test,1400,9251,,0,0.643302321434021
sprint9_multiseed_S8A_R2_seed2024_S8A_R2_context_edge_film,S8A_R2_context_edge_film,graph_c_gatv2_context_edge_film_interaction,gatv2_graph_c_sprint8a_context_edge_film,gatv2,graph_c_context_observation,S5F2_energy,test,1401,9251,,0,0.6240538358688354
sprint9_multiseed_S8A_R2_seed2024_S8A_R2_context_edge_film,S8A_R2_context_edge_film,graph_c_gatv2_context_edge_film_interaction,gatv2_graph_c_sprint8a_context_edge_film,gatv2,graph_c_context_observation,S5F2_energy,test,1402,9251,,0,0.5928837060928345
sprint9_multiseed_S8A_R2_seed2024_S8A_R2_context_edge_film,S8A_R2_context_edge_film,graph_c_gatv2_context_edge_film_interaction,gatv2_graph_c_sprint8a_context_edge_film,gatv2,graph_c_context_observation,S5F2_energy,test,1403,9251,,0,0.6799755096435547
sprint9_multiseed_S8A_R2_seed2024_S8A_R2_context_edge_film,S8A_R2_context_edge_film,graph_c_gatv2_context_edge_film_interaction,gatv2_graph_c_sprint8a_context_edge_film,gatv2,graph_c_context_observation,S5F2_energy,test,1404,9251,,0,0.6271564960479736
sprint9_multiseed_S8A_R2_seed2024_S8A_R2_context_edge_film,S8A_R2_context_edge_film,graph_c_gatv2_context_edge_film_interaction,gatv2_graph_c_sprint8a_context_edge_film,gatv2,graph_c_context_observation,S5F2_energy,test,1405,9251,,0,0.600707471370697
sprint9_multiseed_S8A_R2_seed2024_S8A_R2_context_edge_film,S8A_R2_context_edge_film,graph_c_gatv2_context_edge_film_interaction,gatv2_graph_c_sprint8a_context_edge_film,gatv2,graph_c_context_observation,S5F2_energy,test,1406,9251,,0,0.4899596571922302
sprint9_multiseed_S8A_R2_seed2024_S8A_R2_context_edge_film,S8A_R2_context_edge_film,graph_c_gatv2_context_edge_film_interaction,gatv2_graph_c_sprint8a_context_edge_film,gatv2,graph_c_context_observation,S5F2_energy,test,1407,9251,,0,0.6436063051223755
sprint9_multiseed_S8A_R2_seed2024_S8A_R2_context_edge_film,S8A_R2_context_edge_film,graph_c_gatv2_context_edge_film_interaction,gatv2_graph_c_sprint8a_context_edge_film,gatv2,graph_c_context_observation,S5F2_energy,test,1408,9251,,0,0.6582896709442139
sprint9_multiseed_S8A_R2_seed2024_S8A_R2_context_edge_film,S8A_R2_context_edge_film,graph_c_gatv2_context_edge_film_interaction,gatv2_graph_c_sprint8a_context_edge_film,gatv2,graph_c_context_observation,S5F2_energy,test,1409,9251,,0,0.6483409404754639
sprint9_multiseed_S8A_R2_seed2024_S8A_R2_context_edge_film,S8A_R2_context_edge_film,graph_c_gatv2_context_edge_film_interaction,gatv2_graph_c_sprint8a_context_edge_film,gatv2,graph_c_context_observation,S5F2_energy,test,1410,9251,,0,0.38563305139541626
sprint9_multiseed_S8A_R2_seed2024_S8A_R2_context_edge_film,S8A_R2_context_edge_film,graph_c_gatv2_context_edge_film_interaction,gatv2_graph_c_sprint8a_context_edge_film,gatv2,graph_c_context_observation,S5F2_energy,test,1411,9251,,0,0.5415161848068237
sprint9_multiseed_S8A_R2_seed2024_S8A_R2_context_edge_film,S8A_R2_context_edge_film,graph_c_gatv2_context_edge_film_interaction,gatv2_graph_c_sprint8a_context_edge_film,gatv2,graph_c_context_observation,S5F2_energy,test,1412,9251,,0,0.7374603748321533
sprint9_multiseed_S8A_R2_seed2024_S8A_R2_context_edge_film,S8A_R2_context_edge_film,graph_c_gatv2_context_edge_film_interaction,gatv2_graph_c_sprint8a_context_edge_film,gatv2,graph_c_context_observation,S5F2_energy,test,1413,9251,,0,0.6358993053436279
sprint9_multiseed_S8A_R2_seed2024_S8A_R2_context_edge_film,S8A_R2_context_edge_film,graph_c_gatv2_context_edge_film_interaction,gatv2_graph_c_sprint8a_context_edge_film,gatv2,graph_c_context_observation,S5F2_energy,test,1414,9251,,0,0.6585904359817505
sprint9_multiseed_S8A_R2_seed2024_S8A_R2_context_edge_film,S8A_R2_context_edge_film,graph_c_gatv2_context_edge_film_interaction,gatv2_graph_c_sprint8a_context_edge_film,gatv2,graph_c_context_observation,S5F2_energy,test,1415,9251,,0,0.7264584898948669
sprint9_multiseed_S8A_R2_seed2024_S8A_R2_context_edge_film,S8A_R2_context_edge_film,graph_c_gatv2_context_edge_film_interaction,gatv2_graph_c_sprint8a_context_edge_film,gatv2,graph_c_context_observation,S5F2_energy,test,1416,9251,,0,0.5910648703575134
sprint9_multiseed_S8A_R2_seed2024_S8A_R2_context_edge_film,S8A_R2_context_edge_film,graph_c_gatv2_context_edge_film_interaction,gatv2_graph_c_sprint8a_context_edge_film,gatv2,graph_c_context_observation,S5F2_energy,test,1417,9251,,0,0.6900190711021423
sprint9_multiseed_S8A_R2_seed2024_S8A_R2_context_edge_film,S8A_R2_context_edge_film,graph_c_gatv2_context_edge_film_interaction,gatv2_graph_c_sprint8a_context_edge_film,gatv2,graph_c_context_observation,S5F2_energy,test,1418,9251,,0,0.6965636014938354
sprint9_multiseed_S8A_R2_seed2024_S8A_R2_context_edge_film,S8A_R2_context_edge_film,graph_c_gatv2_context_edge_film_interaction,gatv2_graph_c_sprint8a_context_edge_film,gatv2,graph_c_context_observation,S5F2_energy,test,1419,9251,,0,0.5034720301628113
sprint9_multiseed_S8A_R2_seed2024_S8A_R2_context_edge_film,S8A_R2_context_edge_film,graph_c_gatv2_context_edge_film_interaction,gatv2_graph_c_sprint8a_context_edge_film,gatv2,graph_c_context_observation,S5F2_energy,test,1420,9251,,0,0.5870918035507202
sprint9_multiseed_S8A_R2_seed2024_S8A_R2_context_edge_film,S8A_R2_context_edge_film,graph_c_gatv2_context_edge_film_interaction,gatv2_graph_c_sprint8a_context_edge_film,gatv2,graph_c_context_observation,S5F2_energy,test,1421,9251,,0,0.6172109246253967
sprint9_multiseed_S8A_R2_seed2024_S8A_R2_context_edge_film,S8A_R2_context_edge_film,graph_c_gatv2_context_edge_film_interaction,gatv2_graph_c_sprint8a_context_edge_film,gatv2,graph_c_context_observation,S5F2_energy,test,1422,9251,,0,0.6684290170669556
sprint9_multiseed_S8A_R2_seed2024_S8A_R2_context_edge_film,S8A_R2_context_edge_film,graph_c_gatv2_context_edge_film_interaction,gatv2_graph_c_sprint8a_context_edge_film,gatv2,graph_c_context_observation,S5F2_energy,test,1423,9251,,0,0.6174905896186829
sprint9_multiseed_S8A_R2_seed2024_S8A_R2_context_edge_film,S8A_R2_context_edge_film,graph_c_gatv2_context_edge_film_interaction,gatv2_graph_c_sprint8a_context_edge_film,gatv2,graph_c_context_observation,S5F2_energy,test,1424,9251,,0,0.48807293176651
sprint9_multiseed_S8A_R2_seed2024_S8A_R2_context_edge_film,S8A_R2_context_edge_film,graph_c_gatv2_context_edge_film_interaction,gatv2_graph_c_sprint8a_context_edge_film,gatv2,graph_c_context_observation,S5F2_energy,test,1425,9251,,0,0.7194579839706421
sprint9_multiseed_S8A_R2_seed2024_S8A_R2_context_edge_film,S8A_R2_context_edge_film,graph_c_gatv2_context_edge_film_interaction,gatv2_graph_c_sprint8a_context_edge_film,gatv2,graph_c_context_observation,S5F2_energy,test,1426,9251,,0,0.642673134803772
sprint9_multiseed_S8A_R2_seed2024_S8A_R2_context_edge_film,S8A_R2_context_edge_film,graph_c_gatv2_context_edge_film_interaction,gatv2_graph_c_sprint8a_context_edge_film,gatv2,graph_c_context_observation,S5F2_energy,test,1427,9251,,0,0.7145601511001587
sprint9_multiseed_S8A_R2_seed2024_S8A_R2_context_edge_film,S8A_R2_context_edge_film,graph_c_gatv2_context_edge_film_interaction,gatv2_graph_c_sprint8a_context_edge_film,gatv2,graph_c_context_observation,S5F2_energy,test,1428,9251,,0,0.6148386001586914
sprint9_multiseed_S8A_R2_seed2024_S8A_R2_context_edge_film,S8A_R2_context_edge_film,graph_c_gatv2_context_edge_film_interaction,gatv2_graph_c_sprint8a_context_edge_film,gatv2,graph_c_context_observation,S5F2_energy,test,1429,9251,,0,0.579338788986206
sprint9_multiseed_S8A_R2_seed2024_S8A_R2_context_edge_film,S8A_R2_context_edge_film,graph_c_gatv2_context_edge_film_interaction,gatv2_graph_c_sprint8a_context_edge_film,gatv2,graph_c_context_observation,S5F2_energy,test,1430,9251,,0,0.6098437309265137
sprint9_multiseed_S8A_R2_seed2024_S8A_R2_context_edge_film,S8A_R2_context_edge_film,graph_c_gatv2_context_edge_film_interaction,gatv2_graph_c_sprint8a_context_edge_film,gatv2,graph_c_context_observation,S5F2_energy,test,1431,9251,,0,0.6219905018806458
sprint9_multiseed_S8A_R2_seed2024_S8A_R2_context_edge_film,S8A_R2_context_edge_film,graph_c_gatv2_context_edge_film_interaction,gatv2_graph_c_sprint8a_context_edge_film,gatv2,graph_c_context_observation,S5F2_energy,test,1432,9251,,0,0.7040327787399292
sprint9_multiseed_S8A_R2_seed2024_S8A_R2_context_edge_film,S8A_R2_context_edge_film,graph_c_gatv2_context_edge_film_interaction,gatv2_graph_c_sprint8a_context_edge_film,gatv2,graph_c_context_observation,S5F2_energy,test,1433,9251,,0,0.6936171054840088
sprint9_multiseed_S8A_R2_seed2024_S8A_R2_context_edge_film,S8A_R2_context_edge_film,graph_c_gatv2_context_edge_film_interaction,gatv2_graph_c_sprint8a_context_edge_film,gatv2,graph_c_context_observation,S5F2_energy,test,1434,9251,,0,0.6939944624900818
sprint9_multiseed_S8A_R2_seed2024_S8A_R2_context_edge_film,S8A_R2_context_edge_film,graph_c_gatv2_context_edge_film_interaction,gatv2_graph_c_sprint8a_context_edge_film,gatv2,graph_c_context_observation,S5F2_energy,test,1435,9251,,0,0.622437596321106
sprint9_multiseed_S8A_R2_seed2024_S8A_R2_context_edge_film,S8A_R2_context_edge_film,graph_c_gatv2_context_edge_film_interaction,gatv2_graph_c_sprint8a_context_edge_film,gatv2,graph_c_context_observation,S5F2_energy,test,1436,9251,,0,0.5659152865409851
sprint9_multiseed_S8A_R2_seed2024_S8A_R2_context_edge_film,S8A_R2_context_edge_film,graph_c_gatv2_context_edge_film_interaction,gatv2_graph_c_sprint8a_context_edge_film,gatv2,graph_c_context_observation,S5F2_energy,test,1437,9251,,0,0.6562848091125488
sprint9_multiseed_S8A_R2_seed2024_S8A_R2_context_edge_film,S8A_R2_context_edge_film,graph_c_gatv2_context_edge_film_interaction,gatv2_graph_c_sprint8a_context_edge_film,gatv2,graph_c_context_observation,S5F2_energy,test,1438,9251,,0,0.5457332730293274
sprint9_multiseed_S8A_R2_seed2024_S8A_R2_context_edge_film,S8A_R2_context_edge_film,graph_c_gatv2_context_edge_film_interaction,gatv2_graph_c_sprint8a_context_edge_film,gatv2,graph_c_context_observation,S5F2_energy,test,1439,9251,,0,0.5557238459587097
sprint9_multiseed_S8A_R2_seed2024_S8A_R2_context_edge_film,S8A_R2_context_edge_film,graph_c_gatv2_context_edge_film_interaction,gatv2_graph_c_sprint8a_context_edge_film,gatv2,graph_c_context_observation,S5F2_energy,test,1440,9251,,0,0.5818703174591064
sprint9_multiseed_S8A_R2_seed2024_S8A_R2_context_edge_film,S8A_R2_context_edge_film,graph_c_gatv2_context_edge_film_interaction,gatv2_graph_c_sprint8a_context_edge_film,gatv2,graph_c_context_observation,S5F2_energy,test,1441,9251,,0,0.5628936290740967
sprint9_multiseed_S8A_R2_seed2024_S8A_R2_context_edge_film,S8A_R2_context_edge_film,graph_c_gatv2_context_edge_film_interaction,gatv2_graph_c_sprint8a_context_edge_film,gatv2,graph_c_context_observation,S5F2_energy,test,1442,9251,,0,0.5257309675216675
sprint9_multiseed_S8A_R2_seed2024_S8A_R2_context_edge_film,S8A_R2_context_edge_film,graph_c_gatv2_context_edge_film_interaction,gatv2_graph_c_sprint8a_context_edge_film,gatv2,graph_c_context_observation,S5F2_energy,test,1443,9251,,0,0.6359901428222656
sprint9_multiseed_S8A_R2_seed2024_S8A_R2_context_edge_film,S8A_R2_context_edge_film,graph_c_gatv2_context_edge_film_interaction,gatv2_graph_c_sprint8a_context_edge_film,gatv2,graph_c_context_observation,S5F2_energy,test,1444,9251,,0,0.6775290966033936
sprint9_multiseed_S8A_R2_seed2024_S8A_R2_context_edge_film,S8A_R2_context_edge_film,graph_c_gatv2_context_edge_film_interaction,gatv2_graph_c_sprint8a_context_edge_film,gatv2,graph_c_context_observation,S5F2_energy,test,1445,9251,,0,0.6964744925498962
sprint9_multiseed_S8A_R2_seed2024_S8A_R2_context_edge_film,S8A_R2_context_edge_film,graph_c_gatv2_context_edge_film_interaction,gatv2_graph_c_sprint8a_context_edge_film,gatv2,graph_c_context_observation,S5F2_energy,test,1446,9251,,0,0.5191939473152161
sprint9_multiseed_S8A_R2_seed2024_S8A_R2_context_edge_film,S8A_R2_context_edge_film,graph_c_gatv2_context_edge_film_interaction,gatv2_graph_c_sprint8a_context_edge_film,gatv2,graph_c_context_observation,S5F2_energy,test,1447,9251,,0,0.527160108089447
sprint9_multiseed_S8A_R2_seed2024_S8A_R2_context_edge_film,S8A_R2_context_edge_film,graph_c_gatv2_context_edge_film_interaction,gatv2_graph_c_sprint8a_context_edge_film,gatv2,graph_c_context_observation,S5F2_energy,test,1448,9251,,0,0.5735551714897156
sprint9_multiseed_S8A_R2_seed2024_S8A_R2_context_edge_film,S8A_R2_context_edge_film,graph_c_gatv2_context_edge_film_interaction,gatv2_graph_c_sprint8a_context_edge_film,gatv2,graph_c_context_observation,S5F2_energy,test,1449,9251,,0,0.5136747360229492
sprint9_multiseed_S8A_R2_seed2024_S8A_R2_context_edge_film,S8A_R2_context_edge_film,graph_c_gatv2_context_edge_film_interaction,gatv2_graph_c_sprint8a_context_edge_film,gatv2,graph_c_context_observation,S5F2_energy,test,1450,9251,,0,0.6299118399620056
sprint9_multiseed_S8A_R2_seed2024_S8A_R2_context_edge_film,S8A_R2_context_edge_film,graph_c_gatv2_context_edge_film_interaction,gatv2_graph_c_sprint8a_context_edge_film,gatv2,graph_c_context_observation,S5F2_energy,test,1451,9251,,0,0.45532217621803284
sprint9_multiseed_S8A_R2_seed2024_S8A_R2_context_edge_film,S8A_R2_context_edge_film,graph_c_gatv2_context_edge_film_interaction,gatv2_graph_c_sprint8a_context_edge_film,gatv2,graph_c_context_observation,S5F2_energy,test,1452,9251,,0,0.6424578428268433
sprint9_multiseed_S8A_R2_seed2024_S8A_R2_context_edge_film,S8A_R2_context_edge_film,graph_c_gatv2_context_edge_film_interaction,gatv2_graph_c_sprint8a_context_edge_film,gatv2,graph_c_context_observation,S5F2_energy,test,1453,10597,,1,0.5035737752914429
sprint9_multiseed_S8A_R2_seed2024_S8A_R2_context_edge_film,S8A_R2_context_edge_film,graph_c_gatv2_context_edge_film_interaction,gatv2_graph_c_sprint8a_context_edge_film,gatv2,graph_c_context_observation,S5F2_energy,test,1454,10597,,1,0.47833627462387085
sprint9_multiseed_S8A_R2_seed2024_S8A_R2_context_edge_film,S8A_R2_context_edge_film,graph_c_gatv2_context_edge_film_interaction,gatv2_graph_c_sprint8a_context_edge_film,gatv2,graph_c_context_observation,S5F2_energy,test,1455,10599,,1,0.48900243639945984
sprint9_multiseed_S8A_R2_seed2024_S8A_R2_context_edge_film,S8A_R2_context_edge_film,graph_c_gatv2_context_edge_film_interaction,gatv2_graph_c_sprint8a_context_edge_film,gatv2,graph_c_context_observation,S5F2_energy,test,1456,10599,,1,0.4569380581378937
sprint9_multiseed_S8A_R2_seed2024_S8A_R2_context_edge_film,S8A_R2_context_edge_film,graph_c_gatv2_context_edge_film_interaction,gatv2_graph_c_sprint8a_context_edge_film,gatv2,graph_c_context_observation,S5F2_energy,test,1457,10599,,1,0.5364968180656433
sprint9_multiseed_S8A_R2_seed2024_S8A_R2_context_edge_film,S8A_R2_context_edge_film,graph_c_gatv2_context_edge_film_interaction,gatv2_graph_c_sprint8a_context_edge_film,gatv2,graph_c_context_observation,S5F2_energy,test,1458,10599,,1,0.5412433743476868
sprint9_multiseed_S8A_R2_seed2024_S8A_R2_context_edge_film,S8A_R2_context_edge_film,graph_c_gatv2_context_edge_film_interaction,gatv2_graph_c_sprint8a_context_edge_film,gatv2,graph_c_context_observation,S5F2_energy,test,1459,10599,,1,0.40526682138442993
sprint9_multiseed_S8A_R2_seed2024_S8A_R2_context_edge_film,S8A_R2_context_edge_film,graph_c_gatv2_context_edge_film_interaction,gatv2_graph_c_sprint8a_context_edge_film,gatv2,graph_c_context_observation,S5F2_energy,test,1460,10599,,1,0.464641809463501
sprint9_multiseed_S8A_R2_seed2024_S8A_R2_context_edge_film,S8A_R2_context_edge_film,graph_c_gatv2_context_edge_film_interaction,gatv2_graph_c_sprint8a_context_edge_film,gatv2,graph_c_context_observation,S5F2_energy,test,1461,10599,,1,0.4685603678226471
sprint9_multiseed_S8A_R2_seed2024_S8A_R2_context_edge_film,S8A_R2_context_edge_film,graph_c_gatv2_context_edge_film_interaction,gatv2_graph_c_sprint8a_context_edge_film,gatv2,graph_c_context_observation,S5F2_energy,test,1462,10599,,1,0.3643852770328522
sprint9_multiseed_S8A_R2_seed2024_S8A_R2_context_edge_film,S8A_R2_context_edge_film,graph_c_gatv2_context_edge_film_interaction,gatv2_graph_c_sprint8a_context_edge_film,gatv2,graph_c_context_observation,S5F2_energy,test,1463,10599,,1,0.43312570452690125
sprint9_multiseed_S8A_R2_seed2024_S8A_R2_context_edge_film,S8A_R2_context_edge_film,graph_c_gatv2_context_edge_film_interaction,gatv2_graph_c_sprint8a_context_edge_film,gatv2,graph_c_context_observation,S5F2_energy,test,1464,10599,,1,0.42631542682647705
sprint9_multiseed_S8A_R2_seed2024_S8A_R2_context_edge_film,S8A_R2_context_edge_film,graph_c_gatv2_context_edge_film_interaction,gatv2_graph_c_sprint8a_context_edge_film,gatv2,graph_c_context_observation,S5F2_energy,test,1465,10599,,1,0.3055013418197632
sprint9_multiseed_S8A_R2_seed2024_S8A_R2_context_edge_film,S8A_R2_context_edge_film,graph_c_gatv2_context_edge_film_interaction,gatv2_graph_c_sprint8a_context_edge_film,gatv2,graph_c_context_observation,S5F2_energy,test,1466,10599,,1,0.4405381381511688
sprint9_multiseed_S8A_R2_seed2024_S8A_R2_context_edge_film,S8A_R2_context_edge_film,graph_c_gatv2_context_edge_film_interaction,gatv2_graph_c_sprint8a_context_edge_film,gatv2,graph_c_context_observation,S5F2_energy,test,1467,10599,,1,0.41768497228622437
sprint9_multiseed_S8A_R2_seed2024_S8A_R2_context_edge_film,S8A_R2_context_edge_film,graph_c_gatv2_context_edge_film_interaction,gatv2_graph_c_sprint8a_context_edge_film,gatv2,graph_c_context_observation,S5F2_energy,test,1468,10599,,1,0.41044920682907104
sprint9_multiseed_S8A_R2_seed2024_S8A_R2_context_edge_film,S8A_R2_context_edge_film,graph_c_gatv2_context_edge_film_interaction,gatv2_graph_c_sprint8a_context_edge_film,gatv2,graph_c_context_observation,S5F2_energy,test,1469,10599,,1,0.48703911900520325
sprint9_multiseed_S8A_R2_seed2024_S8A_R2_context_edge_film,S8A_R2_context_edge_film,graph_c_gatv2_context_edge_film_interaction,gatv2_graph_c_sprint8a_context_edge_film,gatv2,graph_c_context_observation,S5F2_energy,test,1470,10599,,1,0.4408302307128906
sprint9_multiseed_S8A_R2_seed2024_S8A_R2_context_edge_film,S8A_R2_context_edge_film,graph_c_gatv2_context_edge_film_interaction,gatv2_graph_c_sprint8a_context_edge_film,gatv2,graph_c_context_observation,S5F2_energy,test,1471,10599,,1,0.4437499940395355
sprint9_multiseed_S8A_R2_seed2024_S8A_R2_context_edge_film,S8A_R2_context_edge_film,graph_c_gatv2_context_edge_film_interaction,gatv2_graph_c_sprint8a_context_edge_film,gatv2,graph_c_context_observation,S5F2_energy,test,1472,10599,,1,0.5150468945503235
sprint9_multiseed_S8A_R2_seed2024_S8A_R2_context_edge_film,S8A_R2_context_edge_film,graph_c_gatv2_context_edge_film_interaction,gatv2_graph_c_sprint8a_context_edge_film,gatv2,graph_c_context_observation,S5F2_energy,test,1473,10599,,1,0.4706764221191406
sprint9_multiseed_S8A_R2_seed2024_S8A_R2_context_edge_film,S8A_R2_context_edge_film,graph_c_gatv2_context_edge_film_interaction,gatv2_graph_c_sprint8a_context_edge_film,gatv2,graph_c_context_observation,S5F2_energy,test,1474,10599,,1,0.4380008578300476
sprint9_multiseed_S8A_R2_seed2024_S8A_R2_context_edge_film,S8A_R2_context_edge_film,graph_c_gatv2_context_edge_film_interaction,gatv2_graph_c_sprint8a_context_edge_film,gatv2,graph_c_context_observation,S5F2_energy,test,1475,10599,,1,0.4511999189853668
sprint9_multiseed_S8A_R2_seed2024_S8A_R2_context_edge_film,S8A_R2_context_edge_film,graph_c_gatv2_context_edge_film_interaction,gatv2_graph_c_sprint8a_context_edge_film,gatv2,graph_c_context_observation,S5F2_energy,test,1476,10599,,1,0.5881670713424683
sprint9_multiseed_S8A_R2_seed2024_S8A_R2_context_edge_film,S8A_R2_context_edge_film,graph_c_gatv2_context_edge_film_interaction,gatv2_graph_c_sprint8a_context_edge_film,gatv2,graph_c_context_observation,S5F2_energy,test,1477,10599,,1,0.47954851388931274
sprint9_multiseed_S8A_R2_seed2024_S8A_R2_context_edge_film,S8A_R2_context_edge_film,graph_c_gatv2_context_edge_film_interaction,gatv2_graph_c_sprint8a_context_edge_film,gatv2,graph_c_context_observation,S5F2_energy,test,1478,10599,,1,0.4311002790927887
sprint9_multiseed_S8A_R2_seed2024_S8A_R2_context_edge_film,S8A_R2_context_edge_film,graph_c_gatv2_context_edge_film_interaction,gatv2_graph_c_sprint8a_context_edge_film,gatv2,graph_c_context_observation,S5F2_energy,test,1479,10599,,1,0.4393065571784973
sprint9_multiseed_S8A_R2_seed2024_S8A_R2_context_edge_film,S8A_R2_context_edge_film,graph_c_gatv2_context_edge_film_interaction,gatv2_graph_c_sprint8a_context_edge_film,gatv2,graph_c_context_observation,S5F2_energy,test,1480,10599,,1,0.45019134879112244
sprint9_multiseed_S8A_R2_seed2024_S8A_R2_context_edge_film,S8A_R2_context_edge_film,graph_c_gatv2_context_edge_film_interaction,gatv2_graph_c_sprint8a_context_edge_film,gatv2,graph_c_context_observation,S5F2_energy,test,1481,10599,,1,0.3997041583061218
sprint9_multiseed_S8A_R2_seed2024_S8A_R2_context_edge_film,S8A_R2_context_edge_film,graph_c_gatv2_context_edge_film_interaction,gatv2_graph_c_sprint8a_context_edge_film,gatv2,graph_c_context_observation,S5F2_energy,test,1482,10599,,1,0.4227418303489685
sprint9_multiseed_S8A_R2_seed2024_S8A_R2_context_edge_film,S8A_R2_context_edge_film,graph_c_gatv2_context_edge_film_interaction,gatv2_graph_c_sprint8a_context_edge_film,gatv2,graph_c_context_observation,S5F2_energy,test,1483,10599,,1,0.3161158859729767
sprint9_multiseed_S8A_R2_seed2024_S8A_R2_context_edge_film,S8A_R2_context_edge_film,graph_c_gatv2_context_edge_film_interaction,gatv2_graph_c_sprint8a_context_edge_film,gatv2,graph_c_context_observation,S5F2_energy,test,1484,10599,,1,0.5212180614471436
sprint9_multiseed_S8A_R2_seed2024_S8A_R2_context_edge_film,S8A_R2_context_edge_film,graph_c_gatv2_context_edge_film_interaction,gatv2_graph_c_sprint8a_context_edge_film,gatv2,graph_c_context_observation,S5F2_energy,test,1485,10599,,1,0.47428667545318604
sprint9_multiseed_S8A_R2_seed2024_S8A_R2_context_edge_film,S8A_R2_context_edge_film,graph_c_gatv2_context_edge_film_interaction,gatv2_graph_c_sprint8a_context_edge_film,gatv2,graph_c_context_observation,S5F2_energy,test,1486,10599,,1,0.5211980938911438
sprint9_multiseed_S8A_R2_seed2024_S8A_R2_context_edge_film,S8A_R2_context_edge_film,graph_c_gatv2_context_edge_film_interaction,gatv2_graph_c_sprint8a_context_edge_film,gatv2,graph_c_context_observation,S5F2_energy,test,1487,10599,,1,0.5038126707077026
sprint9_multiseed_S8A_R2_seed2024_S8A_R2_context_edge_film,S8A_R2_context_edge_film,graph_c_gatv2_context_edge_film_interaction,gatv2_graph_c_sprint8a_context_edge_film,gatv2,graph_c_context_observation,S5F2_energy,test,1488,10957,,1,0.5323688387870789
sprint9_multiseed_S8A_R2_seed2024_S8A_R2_context_edge_film,S8A_R2_context_edge_film,graph_c_gatv2_context_edge_film_interaction,gatv2_graph_c_sprint8a_context_edge_film,gatv2,graph_c_context_observation,S5F2_energy,test,1489,10957,,1,0.4175570011138916
sprint9_multiseed_S8A_R2_seed2024_S8A_R2_context_edge_film,S8A_R2_context_edge_film,graph_c_gatv2_context_edge_film_interaction,gatv2_graph_c_sprint8a_context_edge_film,gatv2,graph_c_context_observation,S5F2_energy,test,1490,10957,,1,0.4501943290233612
sprint9_multiseed_S8A_R2_seed2024_S8A_R2_context_edge_film,S8A_R2_context_edge_film,graph_c_gatv2_context_edge_film_interaction,gatv2_graph_c_sprint8a_context_edge_film,gatv2,graph_c_context_observation,S5F2_energy,test,1491,10957,,1,0.36819586157798767
sprint9_multiseed_S8A_R2_seed2024_S8A_R2_context_edge_film,S8A_R2_context_edge_film,graph_c_gatv2_context_edge_film_interaction,gatv2_graph_c_sprint8a_context_edge_film,gatv2,graph_c_context_observation,S5F2_energy,test,1492,10990,,1,0.5130265951156616
sprint9_multiseed_S8A_R2_seed2024_S8A_R2_context_edge_film,S8A_R2_context_edge_film,graph_c_gatv2_context_edge_film_interaction,gatv2_graph_c_sprint8a_context_edge_film,gatv2,graph_c_context_observation,S5F2_energy,test,1493,10990,,1,0.451745867729187
sprint9_multiseed_S8A_R2_seed2024_S8A_R2_context_edge_film,S8A_R2_context_edge_film,graph_c_gatv2_context_edge_film_interaction,gatv2_graph_c_sprint8a_context_edge_film,gatv2,graph_c_context_observation,S5F2_energy,test,1494,10990,,1,0.50465327501297
sprint9_multiseed_S8A_R2_seed2024_S8A_R2_context_edge_film,S8A_R2_context_edge_film,graph_c_gatv2_context_edge_film_interaction,gatv2_graph_c_sprint8a_context_edge_film,gatv2,graph_c_context_observation,S5F2_energy,test,1495,10990,,1,0.45924612879753113
sprint9_multiseed_S8A_R2_seed2024_S8A_R2_context_edge_film,S8A_R2_context_edge_film,graph_c_gatv2_context_edge_film_interaction,gatv2_graph_c_sprint8a_context_edge_film,gatv2,graph_c_context_observation,S5F2_energy,test,1496,10990,,1,0.4648613929748535
sprint9_multiseed_S8A_R2_seed2024_S8A_R2_context_edge_film,S8A_R2_context_edge_film,graph_c_gatv2_context_edge_film_interaction,gatv2_graph_c_sprint8a_context_edge_film,gatv2,graph_c_context_observation,S5F2_energy,test,1497,10990,,1,0.4737221896648407
sprint9_multiseed_S8A_R2_seed2024_S8A_R2_context_edge_film,S8A_R2_context_edge_film,graph_c_gatv2_context_edge_film_interaction,gatv2_graph_c_sprint8a_context_edge_film,gatv2,graph_c_context_observation,S5F2_energy,test,1498,10990,,1,0.45784276723861694
sprint9_multiseed_S8A_R2_seed2024_S8A_R2_context_edge_film,S8A_R2_context_edge_film,graph_c_gatv2_context_edge_film_interaction,gatv2_graph_c_sprint8a_context_edge_film,gatv2,graph_c_context_observation,S5F2_energy,test,1499,10990,,1,0.3767463266849518
sprint9_multiseed_S8A_R2_seed2024_S8A_R2_context_edge_film,S8A_R2_context_edge_film,graph_c_gatv2_context_edge_film_interaction,gatv2_graph_c_sprint8a_context_edge_film,gatv2,graph_c_context_observation,S5F2_energy,test,1500,10990,,1,0.3786922097206116
sprint9_multiseed_S8A_R2_seed2024_S8A_R2_context_edge_film,S8A_R2_context_edge_film,graph_c_gatv2_context_edge_film_interaction,gatv2_graph_c_sprint8a_context_edge_film,gatv2,graph_c_context_observation,S5F2_energy,test,1501,10990,,1,0.3912074565887451
sprint9_multiseed_S8A_R2_seed2024_S8A_R2_context_edge_film,S8A_R2_context_edge_film,graph_c_gatv2_context_edge_film_interaction,gatv2_graph_c_sprint8a_context_edge_film,gatv2,graph_c_context_observation,S5F2_energy,test,1502,10990,,1,0.3483746647834778
sprint9_multiseed_S8A_R2_seed2024_S8A_R2_context_edge_film,S8A_R2_context_edge_film,graph_c_gatv2_context_edge_film_interaction,gatv2_graph_c_sprint8a_context_edge_film,gatv2,graph_c_context_observation,S5F2_energy,test,1503,10990,,1,0.3951237201690674
sprint9_multiseed_S8A_R2_seed2024_S8A_R2_context_edge_film,S8A_R2_context_edge_film,graph_c_gatv2_context_edge_film_interaction,gatv2_graph_c_sprint8a_context_edge_film,gatv2,graph_c_context_observation,S5F2_energy,test,1504,10990,,1,0.39111828804016113
sprint9_multiseed_S8A_R2_seed2024_S8A_R2_context_edge_film,S8A_R2_context_edge_film,graph_c_gatv2_context_edge_film_interaction,gatv2_graph_c_sprint8a_context_edge_film,gatv2,graph_c_context_observation,S5F2_energy,test,1505,10990,,1,0.42855939269065857
sprint9_multiseed_S8A_R2_seed2024_S8A_R2_context_edge_film,S8A_R2_context_edge_film,graph_c_gatv2_context_edge_film_interaction,gatv2_graph_c_sprint8a_context_edge_film,gatv2,graph_c_context_observation,S5F2_energy,test,1506,10990,,1,0.47923219203948975
sprint9_multiseed_S8A_R2_seed2024_S8A_R2_context_edge_film,S8A_R2_context_edge_film,graph_c_gatv2_context_edge_film_interaction,gatv2_graph_c_sprint8a_context_edge_film,gatv2,graph_c_context_observation,S5F2_energy,test,1507,10990,,1,0.4397720992565155
sprint9_multiseed_S8A_R2_seed2024_S8A_R2_context_edge_film,S8A_R2_context_edge_film,graph_c_gatv2_context_edge_film_interaction,gatv2_graph_c_sprint8a_context_edge_film,gatv2,graph_c_context_observation,S5F2_energy,test,1508,10990,,1,0.35756561160087585
sprint9_multiseed_S8A_R2_seed2024_S8A_R2_context_edge_film,S8A_R2_context_edge_film,graph_c_gatv2_context_edge_film_interaction,gatv2_graph_c_sprint8a_context_edge_film,gatv2,graph_c_context_observation,S5F2_energy,test,1509,10990,,1,0.387491911649704
sprint9_multiseed_S8A_R2_seed2024_S8A_R2_context_edge_film,S8A_R2_context_edge_film,graph_c_gatv2_context_edge_film_interaction,gatv2_graph_c_sprint8a_context_edge_film,gatv2,graph_c_context_observation,S5F2_energy,test,1510,10990,,1,0.312039315700531
sprint9_multiseed_S8A_R2_seed2024_S8A_R2_context_edge_film,S8A_R2_context_edge_film,graph_c_gatv2_context_edge_film_interaction,gatv2_graph_c_sprint8a_context_edge_film,gatv2,graph_c_context_observation,S5F2_energy,test,1511,10990,,1,0.4357205033302307
sprint9_multiseed_S8A_R2_seed2024_S8A_R2_context_edge_film,S8A_R2_context_edge_film,graph_c_gatv2_context_edge_film_interaction,gatv2_graph_c_sprint8a_context_edge_film,gatv2,graph_c_context_observation,S5F2_energy,test,1512,11012,,1,0.31124022603034973
sprint9_multiseed_S8A_R2_seed2024_S8A_R2_context_edge_film,S8A_R2_context_edge_film,graph_c_gatv2_context_edge_film_interaction,gatv2_graph_c_sprint8a_context_edge_film,gatv2,graph_c_context_observation,S5F2_energy,test,1513,11012,,1,0.3015047609806061
sprint9_multiseed_S8A_R2_seed2024_S8A_R2_context_edge_film,S8A_R2_context_edge_film,graph_c_gatv2_context_edge_film_interaction,gatv2_graph_c_sprint8a_context_edge_film,gatv2,graph_c_context_observation,S5F2_energy,test,1514,11012,,1,0.4200757145881653
sprint9_multiseed_S8A_R2_seed2024_S8A_R2_context_edge_film,S8A_R2_context_edge_film,graph_c_gatv2_context_edge_film_interaction,gatv2_graph_c_sprint8a_context_edge_film,gatv2,graph_c_context_observation,S5F2_energy,test,1515,11012,,1,0.3386792838573456
sprint9_multiseed_S8A_R2_seed2024_S8A_R2_context_edge_film,S8A_R2_context_edge_film,graph_c_gatv2_context_edge_film_interaction,gatv2_graph_c_sprint8a_context_edge_film,gatv2,graph_c_context_observation,S5F2_energy,test,1516,11012,,1,0.2786423861980438
sprint9_multiseed_S8A_R2_seed2024_S8A_R2_context_edge_film,S8A_R2_context_edge_film,graph_c_gatv2_context_edge_film_interaction,gatv2_graph_c_sprint8a_context_edge_film,gatv2,graph_c_context_observation,S5F2_energy,test,1517,11012,,1,0.3341384828090668
sprint9_multiseed_S8A_R2_seed2024_S8A_R2_context_edge_film,S8A_R2_context_edge_film,graph_c_gatv2_context_edge_film_interaction,gatv2_graph_c_sprint8a_context_edge_film,gatv2,graph_c_context_observation,S5F2_energy,test,1518,11012,,1,0.363864004611969
sprint9_multiseed_S8A_R2_seed2024_S8A_R2_context_edge_film,S8A_R2_context_edge_film,graph_c_gatv2_context_edge_film_interaction,gatv2_graph_c_sprint8a_context_edge_film,gatv2,graph_c_context_observation,S5F2_energy,test,1519,11012,,1,0.3097817003726959
sprint9_multiseed_S8A_R2_seed2024_S8A_R2_context_edge_film,S8A_R2_context_edge_film,graph_c_gatv2_context_edge_film_interaction,gatv2_graph_c_sprint8a_context_edge_film,gatv2,graph_c_context_observation,S5F2_energy,test,1520,11173,,1,0.9133681654930115
sprint9_multiseed_S8A_R2_seed2024_S8A_R2_context_edge_film,S8A_R2_context_edge_film,graph_c_gatv2_context_edge_film_interaction,gatv2_graph_c_sprint8a_context_edge_film,gatv2,graph_c_context_observation,S5F2_energy,test,1521,11173,,1,0.886451244354248
sprint9_multiseed_S8A_R2_seed2024_S8A_R2_context_edge_film,S8A_R2_context_edge_film,graph_c_gatv2_context_edge_film_interaction,gatv2_graph_c_sprint8a_context_edge_film,gatv2,graph_c_context_observation,S5F2_energy,test,1522,11173,,1,0.9179392457008362
sprint9_multiseed_S8A_R2_seed2024_S8A_R2_context_edge_film,S8A_R2_context_edge_film,graph_c_gatv2_context_edge_film_interaction,gatv2_graph_c_sprint8a_context_edge_film,gatv2,graph_c_context_observation,S5F2_energy,test,1523,11173,,1,0.9127010703086853
sprint9_multiseed_S8A_R2_seed2024_S8A_R2_context_edge_film,S8A_R2_context_edge_film,graph_c_gatv2_context_edge_film_interaction,gatv2_graph_c_sprint8a_context_edge_film,gatv2,graph_c_context_observation,S5F2_energy,test,1524,11173,,1,0.8966498970985413
sprint9_multiseed_S8A_R2_seed2024_S8A_R2_context_edge_film,S8A_R2_context_edge_film,graph_c_gatv2_context_edge_film_interaction,gatv2_graph_c_sprint8a_context_edge_film,gatv2,graph_c_context_observation,S5F2_energy,test,1525,11173,,1,0.916874349117279
sprint9_multiseed_S8A_R2_seed2024_S8A_R2_context_edge_film,S8A_R2_context_edge_film,graph_c_gatv2_context_edge_film_interaction,gatv2_graph_c_sprint8a_context_edge_film,gatv2,graph_c_context_observation,S5F2_energy,test,1526,11173,,1,0.9158549904823303
sprint9_multiseed_S8A_R2_seed2024_S8A_R2_context_edge_film,S8A_R2_context_edge_film,graph_c_gatv2_context_edge_film_interaction,gatv2_graph_c_sprint8a_context_edge_film,gatv2,graph_c_context_observation,S5F2_energy,test,1527,11173,,1,0.9209995865821838
sprint9_multiseed_S8A_R2_seed2024_S8A_R2_context_edge_film,S8A_R2_context_edge_film,graph_c_gatv2_context_edge_film_interaction,gatv2_graph_c_sprint8a_context_edge_film,gatv2,graph_c_context_observation,S5F2_energy,test,1528,11173,,1,0.9290528893470764
sprint9_multiseed_S8A_R2_seed2024_S8A_R2_context_edge_film,S8A_R2_context_edge_film,graph_c_gatv2_context_edge_film_interaction,gatv2_graph_c_sprint8a_context_edge_film,gatv2,graph_c_context_observation,S5F2_energy,test,1529,11173,,1,0.9227128624916077
sprint9_multiseed_S8A_R2_seed2024_S8A_R2_context_edge_film,S8A_R2_context_edge_film,graph_c_gatv2_context_edge_film_interaction,gatv2_graph_c_sprint8a_context_edge_film,gatv2,graph_c_context_observation,S5F2_energy,test,1530,11173,,1,0.9216110706329346
sprint9_multiseed_S8A_R2_seed2024_S8A_R2_context_edge_film,S8A_R2_context_edge_film,graph_c_gatv2_context_edge_film_interaction,gatv2_graph_c_sprint8a_context_edge_film,gatv2,graph_c_context_observation,S5F2_energy,test,1531,11173,,1,0.901288628578186
sprint9_multiseed_S8A_R2_seed2024_S8A_R2_context_edge_film,S8A_R2_context_edge_film,graph_c_gatv2_context_edge_film_interaction,gatv2_graph_c_sprint8a_context_edge_film,gatv2,graph_c_context_observation,S5F2_energy,test,1532,11173,,1,0.916410505771637
sprint9_multiseed_S8A_R2_seed2024_S8A_R2_context_edge_film,S8A_R2_context_edge_film,graph_c_gatv2_context_edge_film_interaction,gatv2_graph_c_sprint8a_context_edge_film,gatv2,graph_c_context_observation,S5F2_energy,test,1533,11173,,1,0.9176269769668579
sprint9_multiseed_S8A_R2_seed2024_S8A_R2_context_edge_film,S8A_R2_context_edge_film,graph_c_gatv2_context_edge_film_interaction,gatv2_graph_c_sprint8a_context_edge_film,gatv2,graph_c_context_observation,S5F2_energy,test,1534,11173,,1,0.9058511257171631
sprint9_multiseed_S8A_R2_seed2024_S8A_R2_context_edge_film,S8A_R2_context_edge_film,graph_c_gatv2_context_edge_film_interaction,gatv2_graph_c_sprint8a_context_edge_film,gatv2,graph_c_context_observation,S5F2_energy,test,1535,11173,,1,0.9075539112091064
sprint9_multiseed_S8A_R2_seed2024_S8A_R2_context_edge_film,S8A_R2_context_edge_film,graph_c_gatv2_context_edge_film_interaction,gatv2_graph_c_sprint8a_context_edge_film,gatv2,graph_c_context_observation,S5F2_energy,test,1536,11173,,1,0.9274501800537109
sprint9_multiseed_S8A_R2_seed2024_S8A_R2_context_edge_film,S8A_R2_context_edge_film,graph_c_gatv2_context_edge_film_interaction,gatv2_graph_c_sprint8a_context_edge_film,gatv2,graph_c_context_observation,S5F2_energy,test,1537,11173,,1,0.9075499773025513
sprint9_multiseed_S8A_R2_seed2024_S8A_R2_context_edge_film,S8A_R2_context_edge_film,graph_c_gatv2_context_edge_film_interaction,gatv2_graph_c_sprint8a_context_edge_film,gatv2,graph_c_context_observation,S5F2_energy,test,1538,11173,,1,0.9071981310844421
sprint9_multiseed_S8A_R2_seed2024_S8A_R2_context_edge_film,S8A_R2_context_edge_film,graph_c_gatv2_context_edge_film_interaction,gatv2_graph_c_sprint8a_context_edge_film,gatv2,graph_c_context_observation,S5F2_energy,test,1539,11173,,1,0.9170040488243103
sprint9_multiseed_S8A_R2_seed2024_S8A_R2_context_edge_film,S8A_R2_context_edge_film,graph_c_gatv2_context_edge_film_interaction,gatv2_graph_c_sprint8a_context_edge_film,gatv2,graph_c_context_observation,S5F2_energy,test,1540,11173,,1,0.9085891246795654
sprint9_multiseed_S8A_R2_seed2024_S8A_R2_context_edge_film,S8A_R2_context_edge_film,graph_c_gatv2_context_edge_film_interaction,gatv2_graph_c_sprint8a_context_edge_film,gatv2,graph_c_context_observation,S5F2_energy,test,1541,11173,,1,0.9043302536010742
sprint9_multiseed_S8A_R2_seed2024_S8A_R2_context_edge_film,S8A_R2_context_edge_film,graph_c_gatv2_context_edge_film_interaction,gatv2_graph_c_sprint8a_context_edge_film,gatv2,graph_c_context_observation,S5F2_energy,test,1542,11173,,1,0.9081695079803467
sprint9_multiseed_S8A_R2_seed2024_S8A_R2_context_edge_film,S8A_R2_context_edge_film,graph_c_gatv2_context_edge_film_interaction,gatv2_graph_c_sprint8a_context_edge_film,gatv2,graph_c_context_observation,S5F2_energy,test,1543,11173,,1,0.9077449440956116
sprint9_multiseed_S8A_R2_seed2024_S8A_R2_context_edge_film,S8A_R2_context_edge_film,graph_c_gatv2_context_edge_film_interaction,gatv2_graph_c_sprint8a_context_edge_film,gatv2,graph_c_context_observation,S5F2_energy,test,1544,11173,,1,0.907413125038147
sprint9_multiseed_S8A_R2_seed2024_S8A_R2_context_edge_film,S8A_R2_context_edge_film,graph_c_gatv2_context_edge_film_interaction,gatv2_graph_c_sprint8a_context_edge_film,gatv2,graph_c_context_observation,S5F2_energy,test,1545,11173,,1,0.9224847555160522
sprint9_multiseed_S8A_R2_seed2024_S8A_R2_context_edge_film,S8A_R2_context_edge_film,graph_c_gatv2_context_edge_film_interaction,gatv2_graph_c_sprint8a_context_edge_film,gatv2,graph_c_context_observation,S5F2_energy,test,1546,11173,,1,0.9231672883033752
sprint9_multiseed_S8A_R2_seed2024_S8A_R2_context_edge_film,S8A_R2_context_edge_film,graph_c_gatv2_context_edge_film_interaction,gatv2_graph_c_sprint8a_context_edge_film,gatv2,graph_c_context_observation,S5F2_energy,test,1547,11173,,1,0.9178681373596191
sprint9_multiseed_S8A_R2_seed2024_S8A_R2_context_edge_film,S8A_R2_context_edge_film,graph_c_gatv2_context_edge_film_interaction,gatv2_graph_c_sprint8a_context_edge_film,gatv2,graph_c_context_observation,S5F2_energy,test,1548,11173,,1,0.9030397534370422
sprint9_multiseed_S8A_R2_seed2024_S8A_R2_context_edge_film,S8A_R2_context_edge_film,graph_c_gatv2_context_edge_film_interaction,gatv2_graph_c_sprint8a_context_edge_film,gatv2,graph_c_context_observation,S5F2_energy,test,1549,11173,,1,0.8923046588897705
sprint9_multiseed_S8A_R2_seed2024_S8A_R2_context_edge_film,S8A_R2_context_edge_film,graph_c_gatv2_context_edge_film_interaction,gatv2_graph_c_sprint8a_context_edge_film,gatv2,graph_c_context_observation,S5F2_energy,test,1550,11173,,1,0.9213389754295349
sprint9_multiseed_S8A_R2_seed2024_S8A_R2_context_edge_film,S8A_R2_context_edge_film,graph_c_gatv2_context_edge_film_interaction,gatv2_graph_c_sprint8a_context_edge_film,gatv2,graph_c_context_observation,S5F2_energy,test,1551,11173,,1,0.9145321846008301
sprint9_multiseed_S8A_R2_seed2024_S8A_R2_context_edge_film,S8A_R2_context_edge_film,graph_c_gatv2_context_edge_film_interaction,gatv2_graph_c_sprint8a_context_edge_film,gatv2,graph_c_context_observation,S5F2_energy,test,1552,11173,,1,0.8981517553329468
sprint9_multiseed_S8A_R2_seed2024_S8A_R2_context_edge_film,S8A_R2_context_edge_film,graph_c_gatv2_context_edge_film_interaction,gatv2_graph_c_sprint8a_context_edge_film,gatv2,graph_c_context_observation,S5F2_energy,test,1553,11173,,1,0.9208728075027466
sprint9_multiseed_S8A_R2_seed2024_S8A_R2_context_edge_film,S8A_R2_context_edge_film,graph_c_gatv2_context_edge_film_interaction,gatv2_graph_c_sprint8a_context_edge_film,gatv2,graph_c_context_observation,S5F2_energy,test,1554,11173,,1,0.9166545271873474
sprint9_multiseed_S8A_R2_seed2024_S8A_R2_context_edge_film,S8A_R2_context_edge_film,graph_c_gatv2_context_edge_film_interaction,gatv2_graph_c_sprint8a_context_edge_film,gatv2,graph_c_context_observation,S5F2_energy,test,1555,11173,,1,0.8982102274894714
sprint9_multiseed_S8A_R2_seed2024_S8A_R2_context_edge_film,S8A_R2_context_edge_film,graph_c_gatv2_context_edge_film_interaction,gatv2_graph_c_sprint8a_context_edge_film,gatv2,graph_c_context_observation,S5F2_energy,test,1556,11173,,1,0.9155447483062744
sprint9_multiseed_S8A_R2_seed2024_S8A_R2_context_edge_film,S8A_R2_context_edge_film,graph_c_gatv2_context_edge_film_interaction,gatv2_graph_c_sprint8a_context_edge_film,gatv2,graph_c_context_observation,S5F2_energy,test,1557,11173,,1,0.9208803772926331
sprint9_multiseed_S8A_R2_seed2024_S8A_R2_context_edge_film,S8A_R2_context_edge_film,graph_c_gatv2_context_edge_film_interaction,gatv2_graph_c_sprint8a_context_edge_film,gatv2,graph_c_context_observation,S5F2_energy,test,1558,11173,,1,0.918773889541626
sprint9_multiseed_S8A_R2_seed2024_S8A_R2_context_edge_film,S8A_R2_context_edge_film,graph_c_gatv2_context_edge_film_interaction,gatv2_graph_c_sprint8a_context_edge_film,gatv2,graph_c_context_observation,S5F2_energy,test,1559,11173,,1,0.912367045879364
sprint9_multiseed_S8A_R2_seed2024_S8A_R2_context_edge_film,S8A_R2_context_edge_film,graph_c_gatv2_context_edge_film_interaction,gatv2_graph_c_sprint8a_context_edge_film,gatv2,graph_c_context_observation,S5F2_energy,test,1560,11173,,1,0.9150565266609192
sprint9_multiseed_S8A_R2_seed2024_S8A_R2_context_edge_film,S8A_R2_context_edge_film,graph_c_gatv2_context_edge_film_interaction,gatv2_graph_c_sprint8a_context_edge_film,gatv2,graph_c_context_observation,S5F2_energy,test,1561,11173,,1,0.9190388321876526
sprint9_multiseed_S8A_R2_seed2024_S8A_R2_context_edge_film,S8A_R2_context_edge_film,graph_c_gatv2_context_edge_film_interaction,gatv2_graph_c_sprint8a_context_edge_film,gatv2,graph_c_context_observation,S5F2_energy,test,1562,11173,,1,0.9189021587371826
sprint9_multiseed_S8A_R2_seed2024_S8A_R2_context_edge_film,S8A_R2_context_edge_film,graph_c_gatv2_context_edge_film_interaction,gatv2_graph_c_sprint8a_context_edge_film,gatv2,graph_c_context_observation,S5F2_energy,test,1563,11173,,1,0.924166738986969
sprint9_multiseed_S8A_R2_seed2024_S8A_R2_context_edge_film,S8A_R2_context_edge_film,graph_c_gatv2_context_edge_film_interaction,gatv2_graph_c_sprint8a_context_edge_film,gatv2,graph_c_context_observation,S5F2_energy,test,1564,11173,,1,0.8958543539047241
sprint9_multiseed_S8A_R2_seed2024_S8A_R2_context_edge_film,S8A_R2_context_edge_film,graph_c_gatv2_context_edge_film_interaction,gatv2_graph_c_sprint8a_context_edge_film,gatv2,graph_c_context_observation,S5F2_energy,test,1565,11173,,1,0.9168671369552612
sprint9_multiseed_S8A_R2_seed2024_S8A_R2_context_edge_film,S8A_R2_context_edge_film,graph_c_gatv2_context_edge_film_interaction,gatv2_graph_c_sprint8a_context_edge_film,gatv2,graph_c_context_observation,S5F2_energy,test,1566,11173,,1,0.8983728885650635
sprint9_multiseed_S8A_R2_seed2024_S8A_R2_context_edge_film,S8A_R2_context_edge_film,graph_c_gatv2_context_edge_film_interaction,gatv2_graph_c_sprint8a_context_edge_film,gatv2,graph_c_context_observation,S5F2_energy,test,1567,11173,,1,0.9059922695159912
sprint9_multiseed_S8A_R2_seed2024_S8A_R2_context_edge_film,S8A_R2_context_edge_film,graph_c_gatv2_context_edge_film_interaction,gatv2_graph_c_sprint8a_context_edge_film,gatv2,graph_c_context_observation,S5F2_energy,test,1568,11173,,1,0.9239240884780884
sprint9_multiseed_S8A_R2_seed2024_S8A_R2_context_edge_film,S8A_R2_context_edge_film,graph_c_gatv2_context_edge_film_interaction,gatv2_graph_c_sprint8a_context_edge_film,gatv2,graph_c_context_observation,S5F2_energy,test,1569,11173,,1,0.8933449387550354
sprint9_multiseed_S8A_R2_seed2024_S8A_R2_context_edge_film,S8A_R2_context_edge_film,graph_c_gatv2_context_edge_film_interaction,gatv2_graph_c_sprint8a_context_edge_film,gatv2,graph_c_context_observation,S5F2_energy,test,1570,11173,,1,0.8836956024169922
sprint9_multiseed_S8A_R2_seed2024_S8A_R2_context_edge_film,S8A_R2_context_edge_film,graph_c_gatv2_context_edge_film_interaction,gatv2_graph_c_sprint8a_context_edge_film,gatv2,graph_c_context_observation,S5F2_energy,test,1571,11173,,1,0.9006932377815247
sprint9_multiseed_S8A_R2_seed2024_S8A_R2_context_edge_film,S8A_R2_context_edge_film,graph_c_gatv2_context_edge_film_interaction,gatv2_graph_c_sprint8a_context_edge_film,gatv2,graph_c_context_observation,S5F2_energy,test,1572,11173,,1,0.8946654796600342
sprint9_multiseed_S8A_R2_seed2024_S8A_R2_context_edge_film,S8A_R2_context_edge_film,graph_c_gatv2_context_edge_film_interaction,gatv2_graph_c_sprint8a_context_edge_film,gatv2,graph_c_context_observation,S5F2_energy,test,1573,11173,,1,0.9186984300613403
sprint9_multiseed_S8A_R2_seed2024_S8A_R2_context_edge_film,S8A_R2_context_edge_film,graph_c_gatv2_context_edge_film_interaction,gatv2_graph_c_sprint8a_context_edge_film,gatv2,graph_c_context_observation,S5F2_energy,test,1574,11173,,1,0.9197102189064026
sprint9_multiseed_S8A_R2_seed2024_S8A_R2_context_edge_film,S8A_R2_context_edge_film,graph_c_gatv2_context_edge_film_interaction,gatv2_graph_c_sprint8a_context_edge_film,gatv2,graph_c_context_observation,S5F2_energy,test,1575,11173,,1,0.9041529297828674
sprint9_multiseed_S8A_R2_seed2024_S8A_R2_context_edge_film,S8A_R2_context_edge_film,graph_c_gatv2_context_edge_film_interaction,gatv2_graph_c_sprint8a_context_edge_film,gatv2,graph_c_context_observation,S5F2_energy,test,1576,11173,,1,0.9219378232955933
sprint9_multiseed_S8A_R2_seed2024_S8A_R2_context_edge_film,S8A_R2_context_edge_film,graph_c_gatv2_context_edge_film_interaction,gatv2_graph_c_sprint8a_context_edge_film,gatv2,graph_c_context_observation,S5F2_energy,test,1577,11173,,1,0.9103432297706604
sprint9_multiseed_S8A_R2_seed2024_S8A_R2_context_edge_film,S8A_R2_context_edge_film,graph_c_gatv2_context_edge_film_interaction,gatv2_graph_c_sprint8a_context_edge_film,gatv2,graph_c_context_observation,S5F2_energy,test,1578,11173,,1,0.8957662582397461
sprint9_multiseed_S8A_R2_seed2024_S8A_R2_context_edge_film,S8A_R2_context_edge_film,graph_c_gatv2_context_edge_film_interaction,gatv2_graph_c_sprint8a_context_edge_film,gatv2,graph_c_context_observation,S5F2_energy,test,1579,11173,,1,0.918655514717102
sprint9_multiseed_S8A_R2_seed2024_S8A_R2_context_edge_film,S8A_R2_context_edge_film,graph_c_gatv2_context_edge_film_interaction,gatv2_graph_c_sprint8a_context_edge_film,gatv2,graph_c_context_observation,S5F2_energy,test,1580,11173,,1,0.9087880253791809
sprint9_multiseed_S8A_R2_seed2024_S8A_R2_context_edge_film,S8A_R2_context_edge_film,graph_c_gatv2_context_edge_film_interaction,gatv2_graph_c_sprint8a_context_edge_film,gatv2,graph_c_context_observation,S5F2_energy,test,1581,11173,,1,0.9167422652244568
sprint9_multiseed_S8A_R2_seed2024_S8A_R2_context_edge_film,S8A_R2_context_edge_film,graph_c_gatv2_context_edge_film_interaction,gatv2_graph_c_sprint8a_context_edge_film,gatv2,graph_c_context_observation,S5F2_energy,test,1582,11173,,1,0.9091044664382935
sprint9_multiseed_S8A_R2_seed2024_S8A_R2_context_edge_film,S8A_R2_context_edge_film,graph_c_gatv2_context_edge_film_interaction,gatv2_graph_c_sprint8a_context_edge_film,gatv2,graph_c_context_observation,S5F2_energy,test,1583,11173,,1,0.9011147618293762
sprint9_multiseed_S8A_R2_seed2024_S8A_R2_context_edge_film,S8A_R2_context_edge_film,graph_c_gatv2_context_edge_film_interaction,gatv2_graph_c_sprint8a_context_edge_film,gatv2,graph_c_context_observation,S5F2_energy,test,1584,11173,,1,0.9239519834518433
sprint9_multiseed_S8A_R2_seed2024_S8A_R2_context_edge_film,S8A_R2_context_edge_film,graph_c_gatv2_context_edge_film_interaction,gatv2_graph_c_sprint8a_context_edge_film,gatv2,graph_c_context_observation,S5F2_energy,test,1585,11173,,1,0.9052905440330505
sprint9_multiseed_S8A_R2_seed2024_S8A_R2_context_edge_film,S8A_R2_context_edge_film,graph_c_gatv2_context_edge_film_interaction,gatv2_graph_c_sprint8a_context_edge_film,gatv2,graph_c_context_observation,S5F2_energy,test,1586,11173,,1,0.8777562975883484
sprint9_multiseed_S8A_R2_seed2024_S8A_R2_context_edge_film,S8A_R2_context_edge_film,graph_c_gatv2_context_edge_film_interaction,gatv2_graph_c_sprint8a_context_edge_film,gatv2,graph_c_context_observation,S5F2_energy,test,1587,11173,,1,0.9032301306724548
sprint9_multiseed_S8A_R2_seed2024_S8A_R2_context_edge_film,S8A_R2_context_edge_film,graph_c_gatv2_context_edge_film_interaction,gatv2_graph_c_sprint8a_context_edge_film,gatv2,graph_c_context_observation,S5F2_energy,test,1588,11173,,1,0.9223273396492004
sprint9_multiseed_S8A_R2_seed2024_S8A_R2_context_edge_film,S8A_R2_context_edge_film,graph_c_gatv2_context_edge_film_interaction,gatv2_graph_c_sprint8a_context_edge_film,gatv2,graph_c_context_observation,S5F2_energy,test,1589,11173,,1,0.9045925736427307
sprint9_multiseed_S8A_R2_seed2024_S8A_R2_context_edge_film,S8A_R2_context_edge_film,graph_c_gatv2_context_edge_film_interaction,gatv2_graph_c_sprint8a_context_edge_film,gatv2,graph_c_context_observation,S5F2_energy,test,1590,11173,,1,0.892096757888794
sprint9_multiseed_S8A_R2_seed2024_S8A_R2_context_edge_film,S8A_R2_context_edge_film,graph_c_gatv2_context_edge_film_interaction,gatv2_graph_c_sprint8a_context_edge_film,gatv2,graph_c_context_observation,S5F2_energy,test,1591,11173,,1,0.9068779349327087
sprint9_multiseed_S8A_R2_seed2024_S8A_R2_context_edge_film,S8A_R2_context_edge_film,graph_c_gatv2_context_edge_film_interaction,gatv2_graph_c_sprint8a_context_edge_film,gatv2,graph_c_context_observation,S5F2_energy,test,1592,11173,,1,0.9106991291046143
sprint9_multiseed_S8A_R2_seed2024_S8A_R2_context_edge_film,S8A_R2_context_edge_film,graph_c_gatv2_context_edge_film_interaction,gatv2_graph_c_sprint8a_context_edge_film,gatv2,graph_c_context_observation,S5F2_energy,test,1593,11173,,1,0.904015064239502
sprint9_multiseed_S8A_R2_seed2024_S8A_R2_context_edge_film,S8A_R2_context_edge_film,graph_c_gatv2_context_edge_film_interaction,gatv2_graph_c_sprint8a_context_edge_film,gatv2,graph_c_context_observation,S5F2_energy,test,1594,11173,,1,0.9189437031745911
sprint9_multiseed_S8A_R2_seed2024_S8A_R2_context_edge_film,S8A_R2_context_edge_film,graph_c_gatv2_context_edge_film_interaction,gatv2_graph_c_sprint8a_context_edge_film,gatv2,graph_c_context_observation,S5F2_energy,test,1595,11173,,1,0.9128810167312622
sprint9_multiseed_S8A_R2_seed2024_S8A_R2_context_edge_film,S8A_R2_context_edge_film,graph_c_gatv2_context_edge_film_interaction,gatv2_graph_c_sprint8a_context_edge_film,gatv2,graph_c_context_observation,S5F2_energy,test,1596,11173,,1,0.9001100659370422
sprint9_multiseed_S8A_R2_seed2024_S8A_R2_context_edge_film,S8A_R2_context_edge_film,graph_c_gatv2_context_edge_film_interaction,gatv2_graph_c_sprint8a_context_edge_film,gatv2,graph_c_context_observation,S5F2_energy,test,1597,11173,,1,0.910504162311554
sprint9_multiseed_S8A_R2_seed2024_S8A_R2_context_edge_film,S8A_R2_context_edge_film,graph_c_gatv2_context_edge_film_interaction,gatv2_graph_c_sprint8a_context_edge_film,gatv2,graph_c_context_observation,S5F2_energy,test,1598,11173,,1,0.9207212924957275
sprint9_multiseed_S8A_R2_seed2024_S8A_R2_context_edge_film,S8A_R2_context_edge_film,graph_c_gatv2_context_edge_film_interaction,gatv2_graph_c_sprint8a_context_edge_film,gatv2,graph_c_context_observation,S5F2_energy,test,1599,11173,,1,0.9001348614692688
sprint9_multiseed_S8A_R2_seed2024_S8A_R2_context_edge_film,S8A_R2_context_edge_film,graph_c_gatv2_context_edge_film_interaction,gatv2_graph_c_sprint8a_context_edge_film,gatv2,graph_c_context_observation,S5F2_energy,test,1600,11173,,1,0.9028509259223938
sprint9_multiseed_S8A_R2_seed2024_S8A_R2_context_edge_film,S8A_R2_context_edge_film,graph_c_gatv2_context_edge_film_interaction,gatv2_graph_c_sprint8a_context_edge_film,gatv2,graph_c_context_observation,S5F2_energy,test,1601,11173,,1,0.9239054918289185
sprint9_multiseed_S8A_R2_seed2024_S8A_R2_context_edge_film,S8A_R2_context_edge_film,graph_c_gatv2_context_edge_film_interaction,gatv2_graph_c_sprint8a_context_edge_film,gatv2,graph_c_context_observation,S5F2_energy,test,1602,11173,,1,0.9143679141998291
sprint9_multiseed_S8A_R2_seed2024_S8A_R2_context_edge_film,S8A_R2_context_edge_film,graph_c_gatv2_context_edge_film_interaction,gatv2_graph_c_sprint8a_context_edge_film,gatv2,graph_c_context_observation,S5F2_energy,test,1603,11173,,1,0.9220688343048096
sprint9_multiseed_S8A_R2_seed2024_S8A_R2_context_edge_film,S8A_R2_context_edge_film,graph_c_gatv2_context_edge_film_interaction,gatv2_graph_c_sprint8a_context_edge_film,gatv2,graph_c_context_observation,S5F2_energy,test,1604,11173,,1,0.9182628989219666
sprint9_multiseed_S8A_R2_seed2024_S8A_R2_context_edge_film,S8A_R2_context_edge_film,graph_c_gatv2_context_edge_film_interaction,gatv2_graph_c_sprint8a_context_edge_film,gatv2,graph_c_context_observation,S5F2_energy,test,1605,11173,,1,0.9025183320045471
sprint9_multiseed_S8A_R2_seed2024_S8A_R2_context_edge_film,S8A_R2_context_edge_film,graph_c_gatv2_context_edge_film_interaction,gatv2_graph_c_sprint8a_context_edge_film,gatv2,graph_c_context_observation,S5F2_energy,test,1606,11173,,1,0.8788719773292542
sprint9_multiseed_S8A_R2_seed2024_S8A_R2_context_edge_film,S8A_R2_context_edge_film,graph_c_gatv2_context_edge_film_interaction,gatv2_graph_c_sprint8a_context_edge_film,gatv2,graph_c_context_observation,S5F2_energy,test,1607,11173,,1,0.8998162150382996
sprint9_multiseed_S8A_R2_seed2024_S8A_R2_context_edge_film,S8A_R2_context_edge_film,graph_c_gatv2_context_edge_film_interaction,gatv2_graph_c_sprint8a_context_edge_film,gatv2,graph_c_context_observation,S5F2_energy,test,1608,11173,,1,0.9113558530807495
sprint9_multiseed_S8A_R2_seed2024_S8A_R2_context_edge_film,S8A_R2_context_edge_film,graph_c_gatv2_context_edge_film_interaction,gatv2_graph_c_sprint8a_context_edge_film,gatv2,graph_c_context_observation,S5F2_energy,test,1609,11173,,1,0.8917955756187439
sprint9_multiseed_S8A_R2_seed2024_S8A_R2_context_edge_film,S8A_R2_context_edge_film,graph_c_gatv2_context_edge_film_interaction,gatv2_graph_c_sprint8a_context_edge_film,gatv2,graph_c_context_observation,S5F2_energy,test,1610,11173,,1,0.9207252264022827
sprint9_multiseed_S8A_R2_seed2024_S8A_R2_context_edge_film,S8A_R2_context_edge_film,graph_c_gatv2_context_edge_film_interaction,gatv2_graph_c_sprint8a_context_edge_film,gatv2,graph_c_context_observation,S5F2_energy,test,1611,11173,,1,0.9231183528900146
sprint9_multiseed_S8A_R2_seed2024_S8A_R2_context_edge_film,S8A_R2_context_edge_film,graph_c_gatv2_context_edge_film_interaction,gatv2_graph_c_sprint8a_context_edge_film,gatv2,graph_c_context_observation,S5F2_energy,test,1612,11173,,1,0.8955836892127991
sprint9_multiseed_S8A_R2_seed2024_S8A_R2_context_edge_film,S8A_R2_context_edge_film,graph_c_gatv2_context_edge_film_interaction,gatv2_graph_c_sprint8a_context_edge_film,gatv2,graph_c_context_observation,S5F2_energy,test,1613,11173,,1,0.9191781282424927
sprint9_multiseed_S8A_R2_seed2024_S8A_R2_context_edge_film,S8A_R2_context_edge_film,graph_c_gatv2_context_edge_film_interaction,gatv2_graph_c_sprint8a_context_edge_film,gatv2,graph_c_context_observation,S5F2_energy,test,1614,11173,,1,0.903667688369751
sprint9_multiseed_S8A_R2_seed2024_S8A_R2_context_edge_film,S8A_R2_context_edge_film,graph_c_gatv2_context_edge_film_interaction,gatv2_graph_c_sprint8a_context_edge_film,gatv2,graph_c_context_observation,S5F2_energy,test,1615,11173,,1,0.9014183282852173
sprint9_multiseed_S8A_R2_seed2024_S8A_R2_context_edge_film,S8A_R2_context_edge_film,graph_c_gatv2_context_edge_film_interaction,gatv2_graph_c_sprint8a_context_edge_film,gatv2,graph_c_context_observation,S5F2_energy,test,1616,11173,,1,0.9164694547653198
sprint9_multiseed_S8A_R2_seed2024_S8A_R2_context_edge_film,S8A_R2_context_edge_film,graph_c_gatv2_context_edge_film_interaction,gatv2_graph_c_sprint8a_context_edge_film,gatv2,graph_c_context_observation,S5F2_energy,test,1617,11173,,1,0.9126161336898804
sprint9_multiseed_S8A_R2_seed2024_S8A_R2_context_edge_film,S8A_R2_context_edge_film,graph_c_gatv2_context_edge_film_interaction,gatv2_graph_c_sprint8a_context_edge_film,gatv2,graph_c_context_observation,S5F2_energy,test,1618,11173,,1,0.9066945910453796
sprint9_multiseed_S8A_R2_seed2024_S8A_R2_context_edge_film,S8A_R2_context_edge_film,graph_c_gatv2_context_edge_film_interaction,gatv2_graph_c_sprint8a_context_edge_film,gatv2,graph_c_context_observation,S5F2_energy,test,1619,11173,,1,0.909868597984314
sprint9_multiseed_S8A_R2_seed2024_S8A_R2_context_edge_film,S8A_R2_context_edge_film,graph_c_gatv2_context_edge_film_interaction,gatv2_graph_c_sprint8a_context_edge_film,gatv2,graph_c_context_observation,S5F2_energy,test,1620,11173,,1,0.9213330745697021
sprint9_multiseed_S8A_R2_seed2024_S8A_R2_context_edge_film,S8A_R2_context_edge_film,graph_c_gatv2_context_edge_film_interaction,gatv2_graph_c_sprint8a_context_edge_film,gatv2,graph_c_context_observation,S5F2_energy,test,1621,11173,,1,0.8929930329322815
sprint9_multiseed_S8A_R2_seed2024_S8A_R2_context_edge_film,S8A_R2_context_edge_film,graph_c_gatv2_context_edge_film_interaction,gatv2_graph_c_sprint8a_context_edge_film,gatv2,graph_c_context_observation,S5F2_energy,test,1622,11173,,1,0.9113278388977051
sprint9_multiseed_S8A_R2_seed2024_S8A_R2_context_edge_film,S8A_R2_context_edge_film,graph_c_gatv2_context_edge_film_interaction,gatv2_graph_c_sprint8a_context_edge_film,gatv2,graph_c_context_observation,S5F2_energy,test,1623,11173,,1,0.898310661315918
sprint9_multiseed_S8A_R2_seed2024_S8A_R2_context_edge_film,S8A_R2_context_edge_film,graph_c_gatv2_context_edge_film_interaction,gatv2_graph_c_sprint8a_context_edge_film,gatv2,graph_c_context_observation,S5F2_energy,test,1624,11173,,1,0.8973247408866882
sprint9_multiseed_S8A_R2_seed2024_S8A_R2_context_edge_film,S8A_R2_context_edge_film,graph_c_gatv2_context_edge_film_interaction,gatv2_graph_c_sprint8a_context_edge_film,gatv2,graph_c_context_observation,S5F2_energy,test,1625,11173,,1,0.9133638143539429
sprint9_multiseed_S8A_R2_seed2024_S8A_R2_context_edge_film,S8A_R2_context_edge_film,graph_c_gatv2_context_edge_film_interaction,gatv2_graph_c_sprint8a_context_edge_film,gatv2,graph_c_context_observation,S5F2_energy,test,1626,11173,,1,0.9169875979423523
sprint9_multiseed_S8A_R2_seed2024_S8A_R2_context_edge_film,S8A_R2_context_edge_film,graph_c_gatv2_context_edge_film_interaction,gatv2_graph_c_sprint8a_context_edge_film,gatv2,graph_c_context_observation,S5F2_energy,test,1627,11173,,1,0.9211853742599487
sprint9_multiseed_S8A_R2_seed2024_S8A_R2_context_edge_film,S8A_R2_context_edge_film,graph_c_gatv2_context_edge_film_interaction,gatv2_graph_c_sprint8a_context_edge_film,gatv2,graph_c_context_observation,S5F2_energy,test,1628,11173,,1,0.8872445225715637
sprint9_multiseed_S8A_R2_seed2024_S8A_R2_context_edge_film,S8A_R2_context_edge_film,graph_c_gatv2_context_edge_film_interaction,gatv2_graph_c_sprint8a_context_edge_film,gatv2,graph_c_context_observation,S5F2_energy,test,1629,11173,,1,0.9162279367446899
sprint9_multiseed_S8A_R2_seed2024_S8A_R2_context_edge_film,S8A_R2_context_edge_film,graph_c_gatv2_context_edge_film_interaction,gatv2_graph_c_sprint8a_context_edge_film,gatv2,graph_c_context_observation,S5F2_energy,test,1630,11173,,1,0.9174809455871582
sprint9_multiseed_S8A_R2_seed2024_S8A_R2_context_edge_film,S8A_R2_context_edge_film,graph_c_gatv2_context_edge_film_interaction,gatv2_graph_c_sprint8a_context_edge_film,gatv2,graph_c_context_observation,S5F2_energy,test,1631,11173,,1,0.8928772807121277
sprint9_multiseed_S8A_R2_seed2024_S8A_R2_context_edge_film,S8A_R2_context_edge_film,graph_c_gatv2_context_edge_film_interaction,gatv2_graph_c_sprint8a_context_edge_film,gatv2,graph_c_context_observation,S5F2_energy,test,1632,11173,,1,0.8898374438285828
sprint9_multiseed_S8A_R2_seed2024_S8A_R2_context_edge_film,S8A_R2_context_edge_film,graph_c_gatv2_context_edge_film_interaction,gatv2_graph_c_sprint8a_context_edge_film,gatv2,graph_c_context_observation,S5F2_energy,test,1633,11173,,1,0.8821291327476501
sprint9_multiseed_S8A_R2_seed2024_S8A_R2_context_edge_film,S8A_R2_context_edge_film,graph_c_gatv2_context_edge_film_interaction,gatv2_graph_c_sprint8a_context_edge_film,gatv2,graph_c_context_observation,S5F2_energy,test,1634,11173,,1,0.9022368788719177
sprint9_multiseed_S8A_R2_seed2024_S8A_R2_context_edge_film,S8A_R2_context_edge_film,graph_c_gatv2_context_edge_film_interaction,gatv2_graph_c_sprint8a_context_edge_film,gatv2,graph_c_context_observation,S5F2_energy,test,1635,11173,,1,0.7793214917182922
sprint9_multiseed_S8A_R2_seed2024_S8A_R2_context_edge_film,S8A_R2_context_edge_film,graph_c_gatv2_context_edge_film_interaction,gatv2_graph_c_sprint8a_context_edge_film,gatv2,graph_c_context_observation,S5F2_energy,test,1636,11173,,1,0.9023196697235107
sprint9_multiseed_S8A_R2_seed2024_S8A_R2_context_edge_film,S8A_R2_context_edge_film,graph_c_gatv2_context_edge_film_interaction,gatv2_graph_c_sprint8a_context_edge_film,gatv2,graph_c_context_observation,S5F2_energy,test,1637,11173,,1,0.8994362950325012
sprint9_multiseed_S8A_R2_seed2024_S8A_R2_context_edge_film,S8A_R2_context_edge_film,graph_c_gatv2_context_edge_film_interaction,gatv2_graph_c_sprint8a_context_edge_film,gatv2,graph_c_context_observation,S5F2_energy,test,1638,11173,,1,0.9052348136901855
sprint9_multiseed_S8A_R2_seed2024_S8A_R2_context_edge_film,S8A_R2_context_edge_film,graph_c_gatv2_context_edge_film_interaction,gatv2_graph_c_sprint8a_context_edge_film,gatv2,graph_c_context_observation,S5F2_energy,test,1639,11173,,1,0.9093223810195923
sprint9_multiseed_S8A_R2_seed2024_S8A_R2_context_edge_film,S8A_R2_context_edge_film,graph_c_gatv2_context_edge_film_interaction,gatv2_graph_c_sprint8a_context_edge_film,gatv2,graph_c_context_observation,S5F2_energy,test,1640,11173,,1,0.8938405513763428
sprint9_multiseed_S8A_R2_seed2024_S8A_R2_context_edge_film,S8A_R2_context_edge_film,graph_c_gatv2_context_edge_film_interaction,gatv2_graph_c_sprint8a_context_edge_film,gatv2,graph_c_context_observation,S5F2_energy,test,1641,11173,,1,0.9034420251846313
sprint9_multiseed_S8A_R2_seed2024_S8A_R2_context_edge_film,S8A_R2_context_edge_film,graph_c_gatv2_context_edge_film_interaction,gatv2_graph_c_sprint8a_context_edge_film,gatv2,graph_c_context_observation,S5F2_energy,test,1642,11173,,1,0.9005986452102661
sprint9_multiseed_S8A_R2_seed2024_S8A_R2_context_edge_film,S8A_R2_context_edge_film,graph_c_gatv2_context_edge_film_interaction,gatv2_graph_c_sprint8a_context_edge_film,gatv2,graph_c_context_observation,S5F2_energy,test,1643,11173,,1,0.9046922922134399
sprint9_multiseed_S8A_R2_seed2024_S8A_R2_context_edge_film,S8A_R2_context_edge_film,graph_c_gatv2_context_edge_film_interaction,gatv2_graph_c_sprint8a_context_edge_film,gatv2,graph_c_context_observation,S5F2_energy,test,1644,11173,,1,0.8963422179222107
sprint9_multiseed_S8A_R2_seed2024_S8A_R2_context_edge_film,S8A_R2_context_edge_film,graph_c_gatv2_context_edge_film_interaction,gatv2_graph_c_sprint8a_context_edge_film,gatv2,graph_c_context_observation,S5F2_energy,test,1645,11173,,1,0.9124426245689392
sprint9_multiseed_S8A_R2_seed2024_S8A_R2_context_edge_film,S8A_R2_context_edge_film,graph_c_gatv2_context_edge_film_interaction,gatv2_graph_c_sprint8a_context_edge_film,gatv2,graph_c_context_observation,S5F2_energy,test,1646,11173,,1,0.9051790833473206
sprint9_multiseed_S8A_R2_seed2024_S8A_R2_context_edge_film,S8A_R2_context_edge_film,graph_c_gatv2_context_edge_film_interaction,gatv2_graph_c_sprint8a_context_edge_film,gatv2,graph_c_context_observation,S5F2_energy,test,1647,11173,,1,0.9085079431533813
sprint9_multiseed_S8A_R2_seed2024_S8A_R2_context_edge_film,S8A_R2_context_edge_film,graph_c_gatv2_context_edge_film_interaction,gatv2_graph_c_sprint8a_context_edge_film,gatv2,graph_c_context_observation,S5F2_energy,test,1648,11173,,1,0.9111229777336121
sprint9_multiseed_S8A_R2_seed2024_S8A_R2_context_edge_film,S8A_R2_context_edge_film,graph_c_gatv2_context_edge_film_interaction,gatv2_graph_c_sprint8a_context_edge_film,gatv2,graph_c_context_observation,S5F2_energy,test,1649,11173,,1,0.9091569185256958
sprint9_multiseed_S8A_R2_seed2024_S8A_R2_context_edge_film,S8A_R2_context_edge_film,graph_c_gatv2_context_edge_film_interaction,gatv2_graph_c_sprint8a_context_edge_film,gatv2,graph_c_context_observation,S5F2_energy,test,1650,11173,,1,0.8667645454406738
sprint9_multiseed_S8A_R2_seed2024_S8A_R2_context_edge_film,S8A_R2_context_edge_film,graph_c_gatv2_context_edge_film_interaction,gatv2_graph_c_sprint8a_context_edge_film,gatv2,graph_c_context_observation,S5F2_energy,test,1651,11173,,1,0.9222754240036011
sprint9_multiseed_S8A_R2_seed2024_S8A_R2_context_edge_film,S8A_R2_context_edge_film,graph_c_gatv2_context_edge_film_interaction,gatv2_graph_c_sprint8a_context_edge_film,gatv2,graph_c_context_observation,S5F2_energy,test,1652,11173,,1,0.9181848168373108
sprint9_multiseed_S8A_R2_seed2024_S8A_R2_context_edge_film,S8A_R2_context_edge_film,graph_c_gatv2_context_edge_film_interaction,gatv2_graph_c_sprint8a_context_edge_film,gatv2,graph_c_context_observation,S5F2_energy,test,1653,11173,,1,0.9193734526634216
sprint9_multiseed_S8A_R2_seed2024_S8A_R2_context_edge_film,S8A_R2_context_edge_film,graph_c_gatv2_context_edge_film_interaction,gatv2_graph_c_sprint8a_context_edge_film,gatv2,graph_c_context_observation,S5F2_energy,test,1654,11173,,1,0.8922078013420105
sprint9_multiseed_S8A_R2_seed2024_S8A_R2_context_edge_film,S8A_R2_context_edge_film,graph_c_gatv2_context_edge_film_interaction,gatv2_graph_c_sprint8a_context_edge_film,gatv2,graph_c_context_observation,S5F2_energy,test,1655,11173,,1,0.9132475256919861
sprint9_multiseed_S8A_R2_seed2024_S8A_R2_context_edge_film,S8A_R2_context_edge_film,graph_c_gatv2_context_edge_film_interaction,gatv2_graph_c_sprint8a_context_edge_film,gatv2,graph_c_context_observation,S5F2_energy,test,1656,11173,,1,0.9191449880599976
sprint9_multiseed_S8A_R2_seed2024_S8A_R2_context_edge_film,S8A_R2_context_edge_film,graph_c_gatv2_context_edge_film_interaction,gatv2_graph_c_sprint8a_context_edge_film,gatv2,graph_c_context_observation,S5F2_energy,test,1657,11173,,1,0.9139183759689331
sprint9_multiseed_S8A_R2_seed2024_S8A_R2_context_edge_film,S8A_R2_context_edge_film,graph_c_gatv2_context_edge_film_interaction,gatv2_graph_c_sprint8a_context_edge_film,gatv2,graph_c_context_observation,S5F2_energy,test,1658,11173,,1,0.9180975556373596
sprint9_multiseed_S8A_R2_seed2024_S8A_R2_context_edge_film,S8A_R2_context_edge_film,graph_c_gatv2_context_edge_film_interaction,gatv2_graph_c_sprint8a_context_edge_film,gatv2,graph_c_context_observation,S5F2_energy,test,1659,11173,,1,0.9133409261703491
sprint9_multiseed_S8A_R2_seed2024_S8A_R2_context_edge_film,S8A_R2_context_edge_film,graph_c_gatv2_context_edge_film_interaction,gatv2_graph_c_sprint8a_context_edge_film,gatv2,graph_c_context_observation,S5F2_energy,test,1660,11173,,1,0.9074589014053345
sprint9_multiseed_S8A_R2_seed2024_S8A_R2_context_edge_film,S8A_R2_context_edge_film,graph_c_gatv2_context_edge_film_interaction,gatv2_graph_c_sprint8a_context_edge_film,gatv2,graph_c_context_observation,S5F2_energy,test,1661,11173,,1,0.8875294327735901
sprint9_multiseed_S8A_R2_seed2024_S8A_R2_context_edge_film,S8A_R2_context_edge_film,graph_c_gatv2_context_edge_film_interaction,gatv2_graph_c_sprint8a_context_edge_film,gatv2,graph_c_context_observation,S5F2_energy,test,1662,11173,,1,0.9045169949531555
sprint9_multiseed_S8A_R2_seed2024_S8A_R2_context_edge_film,S8A_R2_context_edge_film,graph_c_gatv2_context_edge_film_interaction,gatv2_graph_c_sprint8a_context_edge_film,gatv2,graph_c_context_observation,S5F2_energy,test,1663,11173,,1,0.8960438966751099
sprint9_multiseed_S8A_R2_seed2024_S8A_R2_context_edge_film,S8A_R2_context_edge_film,graph_c_gatv2_context_edge_film_interaction,gatv2_graph_c_sprint8a_context_edge_film,gatv2,graph_c_context_observation,S5F2_energy,test,1664,11173,,1,0.9173464179039001
sprint9_multiseed_S8A_R2_seed2024_S8A_R2_context_edge_film,S8A_R2_context_edge_film,graph_c_gatv2_context_edge_film_interaction,gatv2_graph_c_sprint8a_context_edge_film,gatv2,graph_c_context_observation,S5F2_energy,test,1665,11299,,1,0.7404919266700745
sprint9_multiseed_S8A_R2_seed2024_S8A_R2_context_edge_film,S8A_R2_context_edge_film,graph_c_gatv2_context_edge_film_interaction,gatv2_graph_c_sprint8a_context_edge_film,gatv2,graph_c_context_observation,S5F2_energy,test,1666,11299,,1,0.7771612405776978
sprint9_multiseed_S8A_R2_seed2024_S8A_R2_context_edge_film,S8A_R2_context_edge_film,graph_c_gatv2_context_edge_film_interaction,gatv2_graph_c_sprint8a_context_edge_film,gatv2,graph_c_context_observation,S5F2_energy,test,1667,11299,,1,0.7458100914955139
sprint9_multiseed_S8A_R2_seed2024_S8A_R2_context_edge_film,S8A_R2_context_edge_film,graph_c_gatv2_context_edge_film_interaction,gatv2_graph_c_sprint8a_context_edge_film,gatv2,graph_c_context_observation,S5F2_energy,test,1668,11299,,1,0.7266553044319153
sprint9_multiseed_S8A_R2_seed2024_S8A_R2_context_edge_film,S8A_R2_context_edge_film,graph_c_gatv2_context_edge_film_interaction,gatv2_graph_c_sprint8a_context_edge_film,gatv2,graph_c_context_observation,S5F2_energy,test,1669,11299,,1,0.7209131717681885
sprint9_multiseed_S8A_R2_seed2024_S8A_R2_context_edge_film,S8A_R2_context_edge_film,graph_c_gatv2_context_edge_film_interaction,gatv2_graph_c_sprint8a_context_edge_film,gatv2,graph_c_context_observation,S5F2_energy,test,1670,11299,,1,0.7132914662361145
sprint9_multiseed_S8A_R2_seed2024_S8A_R2_context_edge_film,S8A_R2_context_edge_film,graph_c_gatv2_context_edge_film_interaction,gatv2_graph_c_sprint8a_context_edge_film,gatv2,graph_c_context_observation,S5F2_energy,test,1671,11299,,1,0.7185478806495667
sprint9_multiseed_S8A_R2_seed2024_S8A_R2_context_edge_film,S8A_R2_context_edge_film,graph_c_gatv2_context_edge_film_interaction,gatv2_graph_c_sprint8a_context_edge_film,gatv2,graph_c_context_observation,S5F2_energy,test,1672,11299,,1,0.7632762789726257
sprint9_multiseed_S8A_R2_seed2024_S8A_R2_context_edge_film,S8A_R2_context_edge_film,graph_c_gatv2_context_edge_film_interaction,gatv2_graph_c_sprint8a_context_edge_film,gatv2,graph_c_context_observation,S5F2_energy,test,1673,11299,,1,0.7276379466056824
sprint9_multiseed_S8A_R2_seed2024_S8A_R2_context_edge_film,S8A_R2_context_edge_film,graph_c_gatv2_context_edge_film_interaction,gatv2_graph_c_sprint8a_context_edge_film,gatv2,graph_c_context_observation,S5F2_energy,test,1674,11299,,1,0.705531895160675
sprint9_multiseed_S8A_R2_seed2024_S8A_R2_context_edge_film,S8A_R2_context_edge_film,graph_c_gatv2_context_edge_film_interaction,gatv2_graph_c_sprint8a_context_edge_film,gatv2,graph_c_context_observation,S5F2_energy,test,1675,11299,,1,0.7111738324165344
sprint9_multiseed_S8A_R2_seed2024_S8A_R2_context_edge_film,S8A_R2_context_edge_film,graph_c_gatv2_context_edge_film_interaction,gatv2_graph_c_sprint8a_context_edge_film,gatv2,graph_c_context_observation,S5F2_energy,test,1676,11487,,1,0.8659024238586426
sprint9_multiseed_S8A_R2_seed2024_S8A_R2_context_edge_film,S8A_R2_context_edge_film,graph_c_gatv2_context_edge_film_interaction,gatv2_graph_c_sprint8a_context_edge_film,gatv2,graph_c_context_observation,S5F2_energy,test,1677,11487,,1,0.8440924882888794
sprint9_multiseed_S8A_R2_seed2024_S8A_R2_context_edge_film,S8A_R2_context_edge_film,graph_c_gatv2_context_edge_film_interaction,gatv2_graph_c_sprint8a_context_edge_film,gatv2,graph_c_context_observation,S5F2_energy,test,1678,11487,,1,0.8555070757865906
sprint9_multiseed_S8A_R2_seed2024_S8A_R2_context_edge_film,S8A_R2_context_edge_film,graph_c_gatv2_context_edge_film_interaction,gatv2_graph_c_sprint8a_context_edge_film,gatv2,graph_c_context_observation,S5F2_energy,test,1679,11487,,1,0.8581457138061523
sprint9_multiseed_S8A_R2_seed2024_S8A_R2_context_edge_film,S8A_R2_context_edge_film,graph_c_gatv2_context_edge_film_interaction,gatv2_graph_c_sprint8a_context_edge_film,gatv2,graph_c_context_observation,S5F2_energy,test,1680,11487,,1,0.859851598739624
sprint9_multiseed_S8A_R2_seed2024_S8A_R2_context_edge_film,S8A_R2_context_edge_film,graph_c_gatv2_context_edge_film_interaction,gatv2_graph_c_sprint8a_context_edge_film,gatv2,graph_c_context_observation,S5F2_energy,test,1681,11487,,1,0.8496537208557129
sprint9_multiseed_S8A_R2_seed2024_S8A_R2_context_edge_film,S8A_R2_context_edge_film,graph_c_gatv2_context_edge_film_interaction,gatv2_graph_c_sprint8a_context_edge_film,gatv2,graph_c_context_observation,S5F2_energy,test,1682,11487,,1,0.8275041580200195
sprint9_multiseed_S8A_R2_seed2024_S8A_R2_context_edge_film,S8A_R2_context_edge_film,graph_c_gatv2_context_edge_film_interaction,gatv2_graph_c_sprint8a_context_edge_film,gatv2,graph_c_context_observation,S5F2_energy,test,1683,11487,,1,0.8493760824203491
sprint9_multiseed_S8A_R2_seed2024_S8A_R2_context_edge_film,S8A_R2_context_edge_film,graph_c_gatv2_context_edge_film_interaction,gatv2_graph_c_sprint8a_context_edge_film,gatv2,graph_c_context_observation,S5F2_energy,test,1684,11487,,1,0.8713886737823486
sprint9_multiseed_S8A_R2_seed2024_S8A_R2_context_edge_film,S8A_R2_context_edge_film,graph_c_gatv2_context_edge_film_interaction,gatv2_graph_c_sprint8a_context_edge_film,gatv2,graph_c_context_observation,S5F2_energy,test,1685,11487,,1,0.8404391407966614
sprint9_multiseed_S8A_R2_seed2024_S8A_R2_context_edge_film,S8A_R2_context_edge_film,graph_c_gatv2_context_edge_film_interaction,gatv2_graph_c_sprint8a_context_edge_film,gatv2,graph_c_context_observation,S5F2_energy,test,1686,11487,,1,0.8547059297561646
sprint9_multiseed_S8A_R2_seed2024_S8A_R2_context_edge_film,S8A_R2_context_edge_film,graph_c_gatv2_context_edge_film_interaction,gatv2_graph_c_sprint8a_context_edge_film,gatv2,graph_c_context_observation,S5F2_energy,test,1687,11487,,1,0.848990261554718
sprint9_multiseed_S8A_R2_seed2024_S8A_R2_context_edge_film,S8A_R2_context_edge_film,graph_c_gatv2_context_edge_film_interaction,gatv2_graph_c_sprint8a_context_edge_film,gatv2,graph_c_context_observation,S5F2_energy,test,1688,11487,,1,0.8448674082756042
sprint9_multiseed_S8A_R2_seed2024_S8A_R2_context_edge_film,S8A_R2_context_edge_film,graph_c_gatv2_context_edge_film_interaction,gatv2_graph_c_sprint8a_context_edge_film,gatv2,graph_c_context_observation,S5F2_energy,test,1689,11506,,1,0.737031102180481
sprint9_multiseed_S8A_R2_seed2024_S8A_R2_context_edge_film,S8A_R2_context_edge_film,graph_c_gatv2_context_edge_film_interaction,gatv2_graph_c_sprint8a_context_edge_film,gatv2,graph_c_context_observation,S5F2_energy,test,1690,11506,,1,0.6572386622428894
sprint9_multiseed_S8A_R2_seed2024_S8A_R2_context_edge_film,S8A_R2_context_edge_film,graph_c_gatv2_context_edge_film_interaction,gatv2_graph_c_sprint8a_context_edge_film,gatv2,graph_c_context_observation,S5F2_energy,test,1691,11506,,1,0.5685252547264099
sprint9_multiseed_S8A_R2_seed2024_S8A_R2_context_edge_film,S8A_R2_context_edge_film,graph_c_gatv2_context_edge_film_interaction,gatv2_graph_c_sprint8a_context_edge_film,gatv2,graph_c_context_observation,S5F2_energy,test,1692,11506,,0,0.5801749229431152
sprint9_multiseed_S8A_R2_seed2024_S8A_R2_context_edge_film,S8A_R2_context_edge_film,graph_c_gatv2_context_edge_film_interaction,gatv2_graph_c_sprint8a_context_edge_film,gatv2,graph_c_context_observation,S5F2_energy,test,1693,11506,,1,0.67137610912323
sprint9_multiseed_S8A_R2_seed2024_S8A_R2_context_edge_film,S8A_R2_context_edge_film,graph_c_gatv2_context_edge_film_interaction,gatv2_graph_c_sprint8a_context_edge_film,gatv2,graph_c_context_observation,S5F2_energy,test,1694,11506,,1,0.6672365069389343
sprint9_multiseed_S8A_R2_seed2024_S8A_R2_context_edge_film,S8A_R2_context_edge_film,graph_c_gatv2_context_edge_film_interaction,gatv2_graph_c_sprint8a_context_edge_film,gatv2,graph_c_context_observation,S5F2_energy,test,1695,11506,,0,0.6811976432800293
sprint9_multiseed_S8A_R2_seed2024_S8A_R2_context_edge_film,S8A_R2_context_edge_film,graph_c_gatv2_context_edge_film_interaction,gatv2_graph_c_sprint8a_context_edge_film,gatv2,graph_c_context_observation,S5F2_energy,test,1696,11506,,0,0.6007147431373596
sprint9_multiseed_S8A_R2_seed2024_S8A_R2_context_edge_film,S8A_R2_context_edge_film,graph_c_gatv2_context_edge_film_interaction,gatv2_graph_c_sprint8a_context_edge_film,gatv2,graph_c_context_observation,S5F2_energy,test,1697,11506,,0,0.620797872543335
sprint9_multiseed_S8A_R2_seed2024_S8A_R2_context_edge_film,S8A_R2_context_edge_film,graph_c_gatv2_context_edge_film_interaction,gatv2_graph_c_sprint8a_context_edge_film,gatv2,graph_c_context_observation,S5F2_energy,test,1698,11506,,0,0.6048538684844971
sprint9_multiseed_S8A_R2_seed2024_S8A_R2_context_edge_film,S8A_R2_context_edge_film,graph_c_gatv2_context_edge_film_interaction,gatv2_graph_c_sprint8a_context_edge_film,gatv2,graph_c_context_observation,S5F2_energy,test,1699,11506,,0,0.6611314415931702
sprint9_multiseed_S8A_R2_seed2024_S8A_R2_context_edge_film,S8A_R2_context_edge_film,graph_c_gatv2_context_edge_film_interaction,gatv2_graph_c_sprint8a_context_edge_film,gatv2,graph_c_context_observation,S5F2_energy,test,1700,11506,,0,0.19761700928211212
sprint9_multiseed_S8A_R2_seed2024_S8A_R2_context_edge_film,S8A_R2_context_edge_film,graph_c_gatv2_context_edge_film_interaction,gatv2_graph_c_sprint8a_context_edge_film,gatv2,graph_c_context_observation,S5F2_energy,test,1701,11506,,0,0.6402204632759094
