model_name,graph_schema,feature_set,split,row_index,grna_target_id,genome,label,score
gcn_graph_b,graph_b_guide_similarity_control,S1_pair+F1,val,0,176,hg19,1,0.27794501185417175
gcn_graph_b,graph_b_guide_similarity_control,S1_pair+F1,val,1,176,hg19,1,0.2758212089538574
gcn_graph_b,graph_b_guide_similarity_control,S1_pair+F1,val,2,176,hg19,1,0.2703312933444977
gcn_graph_b,graph_b_guide_similarity_control,S1_pair+F1,val,3,176,hg19,1,0.2501147389411926
gcn_graph_b,graph_b_guide_similarity_control,S1_pair+F1,val,4,176,hg19,1,0.2405301183462143
gcn_graph_b,graph_b_guide_similarity_control,S1_pair+F1,val,5,176,hg19,1,0.2446579933166504
gcn_graph_b,graph_b_guide_similarity_control,S1_pair+F1,val,6,176,hg19,1,0.2569992244243622
gcn_graph_b,graph_b_guide_similarity_control,S1_pair+F1,val,7,176,hg19,0,0.23708458244800568
gcn_graph_b,graph_b_guide_similarity_control,S1_pair+F1,val,8,176,hg19,1,0.23863963782787323
gcn_graph_b,graph_b_guide_similarity_control,S1_pair+F1,val,9,176,hg19,1,0.23612768948078156
gcn_graph_b,graph_b_guide_similarity_control,S1_pair+F1,val,10,176,hg19,1,0.23403990268707275
gcn_graph_b,graph_b_guide_similarity_control,S1_pair+F1,val,11,176,hg19,0,0.2584707736968994
gcn_graph_b,graph_b_guide_similarity_control,S1_pair+F1,val,12,176,hg19,1,0.24157798290252686
gcn_graph_b,graph_b_guide_similarity_control,S1_pair+F1,val,13,176,hg19,1,0.26251354813575745
gcn_graph_b,graph_b_guide_similarity_control,S1_pair+F1,val,14,214,hg19,1,0.15998119115829468
gcn_graph_b,graph_b_guide_similarity_control,S1_pair+F1,val,15,214,hg19,1,0.15649747848510742
gcn_graph_b,graph_b_guide_similarity_control,S1_pair+F1,val,16,214,hg19,1,0.15530414879322052
gcn_graph_b,graph_b_guide_similarity_control,S1_pair+F1,val,17,214,hg19,1,0.1410471796989441
gcn_graph_b,graph_b_guide_similarity_control,S1_pair+F1,val,18,214,hg19,1,0.14690060913562775
gcn_graph_b,graph_b_guide_similarity_control,S1_pair+F1,val,19,214,hg19,0,0.14437289535999298
gcn_graph_b,graph_b_guide_similarity_control,S1_pair+F1,val,20,214,hg19,1,0.14665882289409637
gcn_graph_b,graph_b_guide_similarity_control,S1_pair+F1,val,21,214,hg19,0,0.15572667121887207
gcn_graph_b,graph_b_guide_similarity_control,S1_pair+F1,val,22,214,hg19,1,0.13250644505023956
gcn_graph_b,graph_b_guide_similarity_control,S1_pair+F1,val,23,214,hg19,1,0.1531936228275299
gcn_graph_b,graph_b_guide_similarity_control,S1_pair+F1,val,24,214,hg19,0,0.1506853848695755
gcn_graph_b,graph_b_guide_similarity_control,S1_pair+F1,val,25,214,hg19,1,0.14394667744636536
gcn_graph_b,graph_b_guide_similarity_control,S1_pair+F1,val,26,214,hg19,0,0.1424328237771988
gcn_graph_b,graph_b_guide_similarity_control,S1_pair+F1,val,27,214,hg19,0,0.14426985383033752
gcn_graph_b,graph_b_guide_similarity_control,S1_pair+F1,val,28,310,hg19,1,0.5803821682929993
gcn_graph_b,graph_b_guide_similarity_control,S1_pair+F1,val,29,310,hg19,1,0.572512686252594
gcn_graph_b,graph_b_guide_similarity_control,S1_pair+F1,val,30,310,hg19,1,0.542717456817627
gcn_graph_b,graph_b_guide_similarity_control,S1_pair+F1,val,31,310,hg19,1,0.4517594873905182
gcn_graph_b,graph_b_guide_similarity_control,S1_pair+F1,val,32,310,hg19,1,0.45894521474838257
gcn_graph_b,graph_b_guide_similarity_control,S1_pair+F1,val,33,310,hg19,1,0.4388834834098816
gcn_graph_b,graph_b_guide_similarity_control,S1_pair+F1,val,34,310,hg19,1,0.5046930909156799
gcn_graph_b,graph_b_guide_similarity_control,S1_pair+F1,val,35,310,hg19,1,0.441275954246521
gcn_graph_b,graph_b_guide_similarity_control,S1_pair+F1,val,36,310,hg19,0,0.431812584400177
gcn_graph_b,graph_b_guide_similarity_control,S1_pair+F1,val,37,310,hg19,1,0.5235515832901001
gcn_graph_b,graph_b_guide_similarity_control,S1_pair+F1,val,38,310,hg19,1,0.4925042390823364
gcn_graph_b,graph_b_guide_similarity_control,S1_pair+F1,val,39,310,hg19,0,0.4315573275089264
gcn_graph_b,graph_b_guide_similarity_control,S1_pair+F1,val,40,322,hg19,1,0.8149784207344055
gcn_graph_b,graph_b_guide_similarity_control,S1_pair+F1,val,41,322,hg19,1,0.7988899946212769
gcn_graph_b,graph_b_guide_similarity_control,S1_pair+F1,val,42,322,hg19,1,0.7899076342582703
gcn_graph_b,graph_b_guide_similarity_control,S1_pair+F1,val,43,322,hg19,1,0.7821804285049438
gcn_graph_b,graph_b_guide_similarity_control,S1_pair+F1,val,44,322,hg19,1,0.8077254891395569
gcn_graph_b,graph_b_guide_similarity_control,S1_pair+F1,val,45,322,hg19,1,0.765845775604248
gcn_graph_b,graph_b_guide_similarity_control,S1_pair+F1,val,46,322,hg19,1,0.776692271232605
gcn_graph_b,graph_b_guide_similarity_control,S1_pair+F1,val,47,322,hg19,1,0.7270811796188354
gcn_graph_b,graph_b_guide_similarity_control,S1_pair+F1,val,48,322,hg19,1,0.7911470532417297
gcn_graph_b,graph_b_guide_similarity_control,S1_pair+F1,val,49,541,hg19,1,0.8749098181724548
gcn_graph_b,graph_b_guide_similarity_control,S1_pair+F1,val,50,541,hg19,1,0.8565356731414795
gcn_graph_b,graph_b_guide_similarity_control,S1_pair+F1,val,51,541,hg19,1,0.8915311098098755
gcn_graph_b,graph_b_guide_similarity_control,S1_pair+F1,val,52,541,hg19,1,0.8763519525527954
gcn_graph_b,graph_b_guide_similarity_control,S1_pair+F1,val,53,541,hg19,1,0.8762381672859192
gcn_graph_b,graph_b_guide_similarity_control,S1_pair+F1,val,54,541,hg19,1,0.8896217942237854
gcn_graph_b,graph_b_guide_similarity_control,S1_pair+F1,val,55,541,hg19,1,0.871636688709259
gcn_graph_b,graph_b_guide_similarity_control,S1_pair+F1,val,56,541,hg19,1,0.8741900324821472
gcn_graph_b,graph_b_guide_similarity_control,S1_pair+F1,val,57,541,hg19,1,0.8828821778297424
gcn_graph_b,graph_b_guide_similarity_control,S1_pair+F1,val,58,541,hg19,1,0.869388222694397
gcn_graph_b,graph_b_guide_similarity_control,S1_pair+F1,val,59,541,hg19,1,0.8750369548797607
gcn_graph_b,graph_b_guide_similarity_control,S1_pair+F1,val,60,541,hg19,1,0.879727840423584
gcn_graph_b,graph_b_guide_similarity_control,S1_pair+F1,val,61,541,hg19,1,0.871039628982544
gcn_graph_b,graph_b_guide_similarity_control,S1_pair+F1,val,62,541,hg19,1,0.8725164532661438
gcn_graph_b,graph_b_guide_similarity_control,S1_pair+F1,val,63,541,hg19,1,0.885739266872406
gcn_graph_b,graph_b_guide_similarity_control,S1_pair+F1,val,64,541,hg19,1,0.8717714548110962
gcn_graph_b,graph_b_guide_similarity_control,S1_pair+F1,val,65,541,hg19,1,0.8738082647323608
gcn_graph_b,graph_b_guide_similarity_control,S1_pair+F1,val,66,541,hg19,1,0.8849595189094543
gcn_graph_b,graph_b_guide_similarity_control,S1_pair+F1,val,67,541,hg19,1,0.8881857395172119
gcn_graph_b,graph_b_guide_similarity_control,S1_pair+F1,val,68,541,hg19,1,0.8788101077079773
gcn_graph_b,graph_b_guide_similarity_control,S1_pair+F1,val,69,541,hg19,1,0.8664430379867554
gcn_graph_b,graph_b_guide_similarity_control,S1_pair+F1,val,70,541,hg19,1,0.8631947040557861
gcn_graph_b,graph_b_guide_similarity_control,S1_pair+F1,val,71,541,hg19,1,0.8594855070114136
gcn_graph_b,graph_b_guide_similarity_control,S1_pair+F1,val,72,541,hg19,1,0.8795586824417114
gcn_graph_b,graph_b_guide_similarity_control,S1_pair+F1,val,73,541,hg19,1,0.8750684857368469
gcn_graph_b,graph_b_guide_similarity_control,S1_pair+F1,val,74,541,hg19,1,0.8799375891685486
gcn_graph_b,graph_b_guide_similarity_control,S1_pair+F1,val,75,541,hg19,1,0.878307044506073
gcn_graph_b,graph_b_guide_similarity_control,S1_pair+F1,val,76,541,hg19,1,0.8682119250297546
gcn_graph_b,graph_b_guide_similarity_control,S1_pair+F1,val,77,541,hg19,1,0.8718170523643494
gcn_graph_b,graph_b_guide_similarity_control,S1_pair+F1,val,78,541,hg19,1,0.8788101077079773
gcn_graph_b,graph_b_guide_similarity_control,S1_pair+F1,val,79,541,hg19,1,0.8739251494407654
gcn_graph_b,graph_b_guide_similarity_control,S1_pair+F1,val,80,541,hg19,1,0.8747298717498779
gcn_graph_b,graph_b_guide_similarity_control,S1_pair+F1,val,81,541,hg19,1,0.8753793239593506
gcn_graph_b,graph_b_guide_similarity_control,S1_pair+F1,val,82,541,hg19,1,0.862535834312439
gcn_graph_b,graph_b_guide_similarity_control,S1_pair+F1,val,83,541,hg19,1,0.8781253099441528
gcn_graph_b,graph_b_guide_similarity_control,S1_pair+F1,val,84,541,hg19,1,0.8553016781806946
gcn_graph_b,graph_b_guide_similarity_control,S1_pair+F1,val,85,541,hg19,1,0.8717156052589417
gcn_graph_b,graph_b_guide_similarity_control,S1_pair+F1,val,86,541,hg19,1,0.8700646162033081
gcn_graph_b,graph_b_guide_similarity_control,S1_pair+F1,val,87,541,hg19,1,0.8862382173538208
gcn_graph_b,graph_b_guide_similarity_control,S1_pair+F1,val,88,541,hg19,1,0.8609015941619873
gcn_graph_b,graph_b_guide_similarity_control,S1_pair+F1,val,89,541,hg19,1,0.8711013197898865
gcn_graph_b,graph_b_guide_similarity_control,S1_pair+F1,val,90,541,hg19,1,0.8804681301116943
gcn_graph_b,graph_b_guide_similarity_control,S1_pair+F1,val,91,541,hg19,1,0.862388551235199
gcn_graph_b,graph_b_guide_similarity_control,S1_pair+F1,val,92,541,hg19,1,0.8769235014915466
gcn_graph_b,graph_b_guide_similarity_control,S1_pair+F1,val,93,541,hg19,1,0.851945161819458
gcn_graph_b,graph_b_guide_similarity_control,S1_pair+F1,val,94,541,hg19,1,0.878472089767456
gcn_graph_b,graph_b_guide_similarity_control,S1_pair+F1,val,95,541,hg19,1,0.873572826385498
gcn_graph_b,graph_b_guide_similarity_control,S1_pair+F1,val,96,541,hg19,1,0.8633514642715454
gcn_graph_b,graph_b_guide_similarity_control,S1_pair+F1,val,97,541,hg19,1,0.8788101077079773
gcn_graph_b,graph_b_guide_similarity_control,S1_pair+F1,val,98,541,hg19,1,0.8532396554946899
gcn_graph_b,graph_b_guide_similarity_control,S1_pair+F1,val,99,541,hg19,1,0.8700597286224365
gcn_graph_b,graph_b_guide_similarity_control,S1_pair+F1,val,100,541,hg19,1,0.8755229115486145
gcn_graph_b,graph_b_guide_similarity_control,S1_pair+F1,val,101,541,hg19,1,0.8788101077079773
gcn_graph_b,graph_b_guide_similarity_control,S1_pair+F1,val,102,541,hg19,1,0.8621929287910461
gcn_graph_b,graph_b_guide_similarity_control,S1_pair+F1,val,103,541,hg19,1,0.8769259452819824
gcn_graph_b,graph_b_guide_similarity_control,S1_pair+F1,val,104,541,hg19,1,0.8663679957389832
gcn_graph_b,graph_b_guide_similarity_control,S1_pair+F1,val,105,541,hg19,1,0.8623064756393433
gcn_graph_b,graph_b_guide_similarity_control,S1_pair+F1,val,106,541,hg19,1,0.8622600436210632
gcn_graph_b,graph_b_guide_similarity_control,S1_pair+F1,val,107,541,hg19,1,0.8755109310150146
gcn_graph_b,graph_b_guide_similarity_control,S1_pair+F1,val,108,541,hg19,1,0.869879961013794
gcn_graph_b,graph_b_guide_similarity_control,S1_pair+F1,val,109,625,hg19,1,0.8532159924507141
gcn_graph_b,graph_b_guide_similarity_control,S1_pair+F1,val,110,625,hg19,1,0.8481995463371277
gcn_graph_b,graph_b_guide_similarity_control,S1_pair+F1,val,111,625,hg19,1,0.8311784863471985
gcn_graph_b,graph_b_guide_similarity_control,S1_pair+F1,val,112,625,hg19,1,0.8415775895118713
gcn_graph_b,graph_b_guide_similarity_control,S1_pair+F1,val,113,625,hg19,1,0.8263694643974304
gcn_graph_b,graph_b_guide_similarity_control,S1_pair+F1,val,114,625,hg19,1,0.807601273059845
gcn_graph_b,graph_b_guide_similarity_control,S1_pair+F1,val,115,625,hg19,1,0.831699788570404
gcn_graph_b,graph_b_guide_similarity_control,S1_pair+F1,val,116,625,hg19,1,0.8240845799446106
gcn_graph_b,graph_b_guide_similarity_control,S1_pair+F1,val,117,625,hg19,1,0.8117055296897888
gcn_graph_b,graph_b_guide_similarity_control,S1_pair+F1,val,118,625,hg19,1,0.8376049995422363
gcn_graph_b,graph_b_guide_similarity_control,S1_pair+F1,val,119,779,hg19,1,0.32800522446632385
gcn_graph_b,graph_b_guide_similarity_control,S1_pair+F1,val,120,779,hg19,1,0.33869361877441406
gcn_graph_b,graph_b_guide_similarity_control,S1_pair+F1,val,121,779,hg19,1,0.20401474833488464
gcn_graph_b,graph_b_guide_similarity_control,S1_pair+F1,val,122,779,hg19,1,0.2104482352733612
gcn_graph_b,graph_b_guide_similarity_control,S1_pair+F1,val,123,779,hg19,1,0.25182387232780457
gcn_graph_b,graph_b_guide_similarity_control,S1_pair+F1,val,124,779,hg19,1,0.2532444894313812
gcn_graph_b,graph_b_guide_similarity_control,S1_pair+F1,val,125,779,hg19,1,0.19817401468753815
gcn_graph_b,graph_b_guide_similarity_control,S1_pair+F1,val,126,779,hg19,1,0.24373336136341095
gcn_graph_b,graph_b_guide_similarity_control,S1_pair+F1,val,127,779,hg19,1,0.2057034820318222
gcn_graph_b,graph_b_guide_similarity_control,S1_pair+F1,val,128,779,hg19,1,0.19396749138832092
gcn_graph_b,graph_b_guide_similarity_control,S1_pair+F1,val,129,541,hg19,1,0.7699351906776428
gcn_graph_b,graph_b_guide_similarity_control,S1_pair+F1,val,130,541,hg19,1,0.749346911907196
gcn_graph_b,graph_b_guide_similarity_control,S1_pair+F1,val,131,541,hg19,1,0.7451424598693848
gcn_graph_b,graph_b_guide_similarity_control,S1_pair+F1,val,132,541,hg19,1,0.7616404294967651
gcn_graph_b,graph_b_guide_similarity_control,S1_pair+F1,val,133,541,hg19,1,0.7198916673660278
gcn_graph_b,graph_b_guide_similarity_control,S1_pair+F1,val,134,541,hg19,1,0.7129137516021729
gcn_graph_b,graph_b_guide_similarity_control,S1_pair+F1,val,135,541,hg19,1,0.7569628953933716
gcn_graph_b,graph_b_guide_similarity_control,S1_pair+F1,val,136,541,hg19,1,0.7467422485351562
gcn_graph_b,graph_b_guide_similarity_control,S1_pair+F1,val,137,541,hg19,1,0.7294831275939941
gcn_graph_b,graph_b_guide_similarity_control,S1_pair+F1,val,138,541,hg19,1,0.7319090962409973
gcn_graph_b,graph_b_guide_similarity_control,S1_pair+F1,val,139,541,hg19,1,0.775447428226471
gcn_graph_b,graph_b_guide_similarity_control,S1_pair+F1,val,140,541,hg19,1,0.7711343765258789
gcn_graph_b,graph_b_guide_similarity_control,S1_pair+F1,val,141,541,hg19,1,0.749987781047821
gcn_graph_b,graph_b_guide_similarity_control,S1_pair+F1,val,142,541,hg19,1,0.7576791048049927
gcn_graph_b,graph_b_guide_similarity_control,S1_pair+F1,val,143,541,hg19,1,0.7794342637062073
gcn_graph_b,graph_b_guide_similarity_control,S1_pair+F1,val,144,541,hg19,1,0.7435348033905029
gcn_graph_b,graph_b_guide_similarity_control,S1_pair+F1,val,145,541,hg19,1,0.7448253631591797
gcn_graph_b,graph_b_guide_similarity_control,S1_pair+F1,val,146,541,hg19,0,0.7797576785087585
gcn_graph_b,graph_b_guide_similarity_control,S1_pair+F1,val,147,541,hg19,1,0.7294248938560486
gcn_graph_b,graph_b_guide_similarity_control,S1_pair+F1,val,148,541,hg19,1,0.7499131560325623
gcn_graph_b,graph_b_guide_similarity_control,S1_pair+F1,val,149,541,hg19,1,0.7427071332931519
gcn_graph_b,graph_b_guide_similarity_control,S1_pair+F1,val,150,541,hg19,1,0.7546135783195496
gcn_graph_b,graph_b_guide_similarity_control,S1_pair+F1,val,151,541,hg19,0,0.7416847944259644
gcn_graph_b,graph_b_guide_similarity_control,S1_pair+F1,val,152,541,hg19,1,0.751841127872467
gcn_graph_b,graph_b_guide_similarity_control,S1_pair+F1,val,153,1272,mm10,0,0.07595851272344589
gcn_graph_b,graph_b_guide_similarity_control,S1_pair+F1,val,154,1272,mm10,0,0.07593169808387756
gcn_graph_b,graph_b_guide_similarity_control,S1_pair+F1,val,155,1272,mm10,1,0.07846378535032272
gcn_graph_b,graph_b_guide_similarity_control,S1_pair+F1,val,156,1272,mm10,0,0.07402528822422028
gcn_graph_b,graph_b_guide_similarity_control,S1_pair+F1,val,157,1272,mm10,0,0.07009276747703552
gcn_graph_b,graph_b_guide_similarity_control,S1_pair+F1,val,158,1272,mm10,0,0.07581117749214172
gcn_graph_b,graph_b_guide_similarity_control,S1_pair+F1,val,159,1272,mm10,0,0.06852921098470688
gcn_graph_b,graph_b_guide_similarity_control,S1_pair+F1,val,160,1272,mm10,0,0.06991078704595566
gcn_graph_b,graph_b_guide_similarity_control,S1_pair+F1,val,161,1272,mm10,0,0.07038849592208862
gcn_graph_b,graph_b_guide_similarity_control,S1_pair+F1,val,162,1272,mm10,0,0.07296289503574371
gcn_graph_b,graph_b_guide_similarity_control,S1_pair+F1,val,163,1288,rn5,1,0.15014417469501495
gcn_graph_b,graph_b_guide_similarity_control,S1_pair+F1,val,164,1288,rn5,1,0.14301109313964844
gcn_graph_b,graph_b_guide_similarity_control,S1_pair+F1,val,165,1288,rn5,0,0.13555742800235748
gcn_graph_b,graph_b_guide_similarity_control,S1_pair+F1,val,166,1288,rn5,0,0.15099933743476868
gcn_graph_b,graph_b_guide_similarity_control,S1_pair+F1,val,167,1288,rn5,0,0.139069065451622
gcn_graph_b,graph_b_guide_similarity_control,S1_pair+F1,val,168,1288,rn5,0,0.12527331709861755
gcn_graph_b,graph_b_guide_similarity_control,S1_pair+F1,val,169,1288,rn5,0,0.12906305491924286
gcn_graph_b,graph_b_guide_similarity_control,S1_pair+F1,val,170,1288,rn5,0,0.13925790786743164
gcn_graph_b,graph_b_guide_similarity_control,S1_pair+F1,val,171,1288,rn5,0,0.14590568840503693
gcn_graph_b,graph_b_guide_similarity_control,S1_pair+F1,val,172,1288,rn5,0,0.13265979290008545
gcn_graph_b,graph_b_guide_similarity_control,S1_pair+F1,val,173,1288,rn5,0,0.13256777822971344
gcn_graph_b,graph_b_guide_similarity_control,S1_pair+F1,val,174,1359,mm10,0,0.07571085542440414
gcn_graph_b,graph_b_guide_similarity_control,S1_pair+F1,val,175,1359,mm10,0,0.07172562927007675
gcn_graph_b,graph_b_guide_similarity_control,S1_pair+F1,val,176,1359,mm10,0,0.07164090871810913
gcn_graph_b,graph_b_guide_similarity_control,S1_pair+F1,val,177,1359,mm10,0,0.07466906309127808
gcn_graph_b,graph_b_guide_similarity_control,S1_pair+F1,val,178,1359,mm10,0,0.07321490347385406
gcn_graph_b,graph_b_guide_similarity_control,S1_pair+F1,val,179,1359,mm10,0,0.07866574078798294
gcn_graph_b,graph_b_guide_similarity_control,S1_pair+F1,val,180,1359,mm10,0,0.07199427485466003
gcn_graph_b,graph_b_guide_similarity_control,S1_pair+F1,val,181,1359,mm10,0,0.06485456228256226
gcn_graph_b,graph_b_guide_similarity_control,S1_pair+F1,val,182,1359,mm10,0,0.07464855909347534
gcn_graph_b,graph_b_guide_similarity_control,S1_pair+F1,val,183,1359,mm10,0,0.07464855909347534
gcn_graph_b,graph_b_guide_similarity_control,S1_pair+F1,val,184,1359,mm10,0,0.07090053707361221
gcn_graph_b,graph_b_guide_similarity_control,S1_pair+F1,val,185,1359,mm10,0,0.07039377093315125
gcn_graph_b,graph_b_guide_similarity_control,S1_pair+F1,val,186,2711,hg19,1,0.8090206980705261
gcn_graph_b,graph_b_guide_similarity_control,S1_pair+F1,val,187,2711,hg19,1,0.6826989054679871
gcn_graph_b,graph_b_guide_similarity_control,S1_pair+F1,val,188,2711,hg19,1,0.7804883718490601
gcn_graph_b,graph_b_guide_similarity_control,S1_pair+F1,val,189,2711,hg19,1,0.7951679229736328
gcn_graph_b,graph_b_guide_similarity_control,S1_pair+F1,val,190,2711,hg19,1,0.7597351670265198
gcn_graph_b,graph_b_guide_similarity_control,S1_pair+F1,val,191,2711,hg19,1,0.7597351670265198
gcn_graph_b,graph_b_guide_similarity_control,S1_pair+F1,val,192,2711,hg19,1,0.8230170607566833
gcn_graph_b,graph_b_guide_similarity_control,S1_pair+F1,val,193,2711,hg19,1,0.8016282916069031
gcn_graph_b,graph_b_guide_similarity_control,S1_pair+F1,val,194,2711,hg19,1,0.8129681944847107
gcn_graph_b,graph_b_guide_similarity_control,S1_pair+F1,val,195,2711,hg19,1,0.8037161231040955
gcn_graph_b,graph_b_guide_similarity_control,S1_pair+F1,val,196,2711,hg19,1,0.783869743347168
gcn_graph_b,graph_b_guide_similarity_control,S1_pair+F1,val,197,2711,hg19,1,0.8091886639595032
gcn_graph_b,graph_b_guide_similarity_control,S1_pair+F1,val,198,2711,hg19,1,0.8011417388916016
gcn_graph_b,graph_b_guide_similarity_control,S1_pair+F1,val,199,2711,hg19,1,0.7848110198974609
gcn_graph_b,graph_b_guide_similarity_control,S1_pair+F1,val,200,2711,hg19,1,0.7745897769927979
gcn_graph_b,graph_b_guide_similarity_control,S1_pair+F1,val,201,2711,hg19,1,0.7766740322113037
gcn_graph_b,graph_b_guide_similarity_control,S1_pair+F1,val,202,2711,hg19,1,0.7767175436019897
gcn_graph_b,graph_b_guide_similarity_control,S1_pair+F1,val,203,2711,hg19,1,0.8053159117698669
gcn_graph_b,graph_b_guide_similarity_control,S1_pair+F1,val,204,2711,hg19,1,0.7906976938247681
gcn_graph_b,graph_b_guide_similarity_control,S1_pair+F1,val,205,2711,hg19,1,0.7888637185096741
gcn_graph_b,graph_b_guide_similarity_control,S1_pair+F1,val,206,2711,hg19,1,0.7800728678703308
gcn_graph_b,graph_b_guide_similarity_control,S1_pair+F1,val,207,2711,hg19,1,0.7840903401374817
gcn_graph_b,graph_b_guide_similarity_control,S1_pair+F1,val,208,2711,hg19,1,0.7813479900360107
gcn_graph_b,graph_b_guide_similarity_control,S1_pair+F1,val,209,2711,hg19,1,0.7805474996566772
gcn_graph_b,graph_b_guide_similarity_control,S1_pair+F1,val,210,2711,hg19,1,0.780522346496582
gcn_graph_b,graph_b_guide_similarity_control,S1_pair+F1,val,211,2711,hg19,1,0.8228484988212585
gcn_graph_b,graph_b_guide_similarity_control,S1_pair+F1,val,212,2711,hg19,1,0.8034844398498535
gcn_graph_b,graph_b_guide_similarity_control,S1_pair+F1,val,213,2711,hg19,1,0.7830858826637268
gcn_graph_b,graph_b_guide_similarity_control,S1_pair+F1,val,214,2711,hg19,1,0.8018776178359985
gcn_graph_b,graph_b_guide_similarity_control,S1_pair+F1,val,215,2711,hg19,1,0.7812229990959167
gcn_graph_b,graph_b_guide_similarity_control,S1_pair+F1,val,216,2711,hg19,1,0.7422656416893005
gcn_graph_b,graph_b_guide_similarity_control,S1_pair+F1,val,217,2711,hg19,1,0.7976450324058533
gcn_graph_b,graph_b_guide_similarity_control,S1_pair+F1,val,218,2711,hg19,1,0.8041546940803528
gcn_graph_b,graph_b_guide_similarity_control,S1_pair+F1,val,219,2711,hg19,1,0.7940875887870789
gcn_graph_b,graph_b_guide_similarity_control,S1_pair+F1,val,220,2711,hg19,1,0.7948893308639526
gcn_graph_b,graph_b_guide_similarity_control,S1_pair+F1,val,221,2711,hg19,1,0.7934515476226807
gcn_graph_b,graph_b_guide_similarity_control,S1_pair+F1,val,222,2711,hg19,1,0.8050190806388855
gcn_graph_b,graph_b_guide_similarity_control,S1_pair+F1,val,223,2711,hg19,1,0.7842655181884766
gcn_graph_b,graph_b_guide_similarity_control,S1_pair+F1,val,224,2711,hg19,1,0.7692278623580933
gcn_graph_b,graph_b_guide_similarity_control,S1_pair+F1,val,225,2711,hg19,1,0.8003106117248535
gcn_graph_b,graph_b_guide_similarity_control,S1_pair+F1,val,226,2711,hg19,1,0.7829751372337341
gcn_graph_b,graph_b_guide_similarity_control,S1_pair+F1,val,227,2711,hg19,1,0.816473126411438
gcn_graph_b,graph_b_guide_similarity_control,S1_pair+F1,val,228,2711,hg19,1,0.8191032409667969
gcn_graph_b,graph_b_guide_similarity_control,S1_pair+F1,val,229,2711,hg19,1,0.7950167655944824
gcn_graph_b,graph_b_guide_similarity_control,S1_pair+F1,val,230,2711,hg19,1,0.7847673892974854
gcn_graph_b,graph_b_guide_similarity_control,S1_pair+F1,val,231,2711,hg19,1,0.7880157232284546
gcn_graph_b,graph_b_guide_similarity_control,S1_pair+F1,val,232,2711,hg19,1,0.780403733253479
gcn_graph_b,graph_b_guide_similarity_control,S1_pair+F1,val,233,2711,hg19,1,0.7790297269821167
gcn_graph_b,graph_b_guide_similarity_control,S1_pair+F1,val,234,2711,hg19,1,0.7738990187644958
gcn_graph_b,graph_b_guide_similarity_control,S1_pair+F1,val,235,2711,hg19,1,0.7714501023292542
gcn_graph_b,graph_b_guide_similarity_control,S1_pair+F1,val,236,2711,hg19,1,0.7418547868728638
gcn_graph_b,graph_b_guide_similarity_control,S1_pair+F1,val,237,2711,hg19,1,0.8029241561889648
gcn_graph_b,graph_b_guide_similarity_control,S1_pair+F1,val,238,2711,hg19,1,0.7977536916732788
gcn_graph_b,graph_b_guide_similarity_control,S1_pair+F1,val,239,2711,hg19,1,0.7732434868812561
gcn_graph_b,graph_b_guide_similarity_control,S1_pair+F1,val,240,2711,hg19,1,0.8038820624351501
gcn_graph_b,graph_b_guide_similarity_control,S1_pair+F1,val,241,2711,hg19,1,0.787962019443512
gcn_graph_b,graph_b_guide_similarity_control,S1_pair+F1,val,242,2711,hg19,1,0.8368059396743774
gcn_graph_b,graph_b_guide_similarity_control,S1_pair+F1,val,243,2711,hg19,1,0.7754291296005249
gcn_graph_b,graph_b_guide_similarity_control,S1_pair+F1,val,244,2711,hg19,1,0.8086629509925842
gcn_graph_b,graph_b_guide_similarity_control,S1_pair+F1,val,245,2711,hg19,1,0.7797024250030518
gcn_graph_b,graph_b_guide_similarity_control,S1_pair+F1,val,246,2711,hg19,1,0.7859415411949158
gcn_graph_b,graph_b_guide_similarity_control,S1_pair+F1,val,247,2711,hg19,1,0.7918602228164673
gcn_graph_b,graph_b_guide_similarity_control,S1_pair+F1,val,248,2711,hg19,1,0.7925947308540344
gcn_graph_b,graph_b_guide_similarity_control,S1_pair+F1,val,249,2711,hg19,1,0.8062644004821777
gcn_graph_b,graph_b_guide_similarity_control,S1_pair+F1,val,250,2711,hg19,1,0.7918219566345215
gcn_graph_b,graph_b_guide_similarity_control,S1_pair+F1,val,251,2711,hg19,1,0.8081546425819397
gcn_graph_b,graph_b_guide_similarity_control,S1_pair+F1,val,252,2711,hg19,1,0.7922666668891907
gcn_graph_b,graph_b_guide_similarity_control,S1_pair+F1,val,253,2711,hg19,1,0.8056718111038208
gcn_graph_b,graph_b_guide_similarity_control,S1_pair+F1,val,254,2711,hg19,1,0.8178638815879822
gcn_graph_b,graph_b_guide_similarity_control,S1_pair+F1,val,255,2711,hg19,1,0.8017472624778748
gcn_graph_b,graph_b_guide_similarity_control,S1_pair+F1,val,256,2711,hg19,1,0.8284868001937866
gcn_graph_b,graph_b_guide_similarity_control,S1_pair+F1,val,257,2711,hg19,1,0.7972241640090942
gcn_graph_b,graph_b_guide_similarity_control,S1_pair+F1,val,258,2711,hg19,1,0.7852011919021606
gcn_graph_b,graph_b_guide_similarity_control,S1_pair+F1,val,259,2711,hg19,1,0.7910510301589966
gcn_graph_b,graph_b_guide_similarity_control,S1_pair+F1,val,260,2711,hg19,1,0.7840313911437988
gcn_graph_b,graph_b_guide_similarity_control,S1_pair+F1,val,261,2711,hg19,1,0.768949568271637
gcn_graph_b,graph_b_guide_similarity_control,S1_pair+F1,val,262,2711,hg19,1,0.7617546319961548
gcn_graph_b,graph_b_guide_similarity_control,S1_pair+F1,val,263,2711,hg19,1,0.7775254845619202
gcn_graph_b,graph_b_guide_similarity_control,S1_pair+F1,val,264,2711,hg19,1,0.772716224193573
gcn_graph_b,graph_b_guide_similarity_control,S1_pair+F1,val,265,2711,hg19,1,0.7935609817504883
gcn_graph_b,graph_b_guide_similarity_control,S1_pair+F1,val,266,2711,hg19,1,0.7852731347084045
gcn_graph_b,graph_b_guide_similarity_control,S1_pair+F1,val,267,2711,hg19,1,0.8042303323745728
gcn_graph_b,graph_b_guide_similarity_control,S1_pair+F1,val,268,2711,hg19,1,0.7740908265113831
gcn_graph_b,graph_b_guide_similarity_control,S1_pair+F1,val,269,2711,hg19,1,0.8137791752815247
gcn_graph_b,graph_b_guide_similarity_control,S1_pair+F1,val,270,2711,hg19,1,0.8028972148895264
gcn_graph_b,graph_b_guide_similarity_control,S1_pair+F1,val,271,2711,hg19,1,0.7769578695297241
gcn_graph_b,graph_b_guide_similarity_control,S1_pair+F1,val,272,2711,hg19,1,0.8155467510223389
gcn_graph_b,graph_b_guide_similarity_control,S1_pair+F1,val,273,2711,hg19,1,0.7863802909851074
gcn_graph_b,graph_b_guide_similarity_control,S1_pair+F1,val,274,2711,hg19,1,0.7891058325767517
gcn_graph_b,graph_b_guide_similarity_control,S1_pair+F1,val,275,2711,hg19,1,0.8143652081489563
gcn_graph_b,graph_b_guide_similarity_control,S1_pair+F1,val,276,2711,hg19,1,0.8175457715988159
gcn_graph_b,graph_b_guide_similarity_control,S1_pair+F1,val,277,2711,hg19,1,0.7902105450630188
gcn_graph_b,graph_b_guide_similarity_control,S1_pair+F1,val,278,2711,hg19,1,0.7784675359725952
gcn_graph_b,graph_b_guide_similarity_control,S1_pair+F1,val,279,2711,hg19,1,0.8077293634414673
gcn_graph_b,graph_b_guide_similarity_control,S1_pair+F1,val,280,2711,hg19,1,0.7835718393325806
gcn_graph_b,graph_b_guide_similarity_control,S1_pair+F1,val,281,2711,hg19,1,0.8041813373565674
gcn_graph_b,graph_b_guide_similarity_control,S1_pair+F1,val,282,2711,hg19,1,0.8032763004302979
gcn_graph_b,graph_b_guide_similarity_control,S1_pair+F1,val,283,2711,hg19,1,0.717714786529541
gcn_graph_b,graph_b_guide_similarity_control,S1_pair+F1,val,284,2711,hg19,1,0.788299560546875
gcn_graph_b,graph_b_guide_similarity_control,S1_pair+F1,val,285,2711,hg19,1,0.7942294478416443
gcn_graph_b,graph_b_guide_similarity_control,S1_pair+F1,val,286,2711,hg19,1,0.7933781743049622
gcn_graph_b,graph_b_guide_similarity_control,S1_pair+F1,val,287,2711,hg19,1,0.7843896746635437
gcn_graph_b,graph_b_guide_similarity_control,S1_pair+F1,val,288,2711,hg19,1,0.8225388526916504
gcn_graph_b,graph_b_guide_similarity_control,S1_pair+F1,val,289,2711,hg19,1,0.728996217250824
gcn_graph_b,graph_b_guide_similarity_control,S1_pair+F1,val,290,2711,hg19,1,0.7838186025619507
gcn_graph_b,graph_b_guide_similarity_control,S1_pair+F1,val,291,2711,hg19,1,0.8142374157905579
gcn_graph_b,graph_b_guide_similarity_control,S1_pair+F1,val,292,2711,hg19,1,0.7797542810440063
gcn_graph_b,graph_b_guide_similarity_control,S1_pair+F1,val,293,2711,hg19,1,0.8086920380592346
gcn_graph_b,graph_b_guide_similarity_control,S1_pair+F1,val,294,2711,hg19,1,0.7936943769454956
gcn_graph_b,graph_b_guide_similarity_control,S1_pair+F1,val,295,2711,hg19,1,0.8250035643577576
gcn_graph_b,graph_b_guide_similarity_control,S1_pair+F1,val,296,2711,hg19,1,0.7946807742118835
gcn_graph_b,graph_b_guide_similarity_control,S1_pair+F1,val,297,2711,hg19,1,0.7705885171890259
gcn_graph_b,graph_b_guide_similarity_control,S1_pair+F1,val,298,2711,hg19,1,0.7830719351768494
gcn_graph_b,graph_b_guide_similarity_control,S1_pair+F1,val,299,2711,hg19,1,0.7870831489562988
gcn_graph_b,graph_b_guide_similarity_control,S1_pair+F1,val,300,2711,hg19,1,0.7983184456825256
gcn_graph_b,graph_b_guide_similarity_control,S1_pair+F1,val,301,2711,hg19,1,0.797654390335083
gcn_graph_b,graph_b_guide_similarity_control,S1_pair+F1,val,302,2711,hg19,1,0.7786605358123779
gcn_graph_b,graph_b_guide_similarity_control,S1_pair+F1,val,303,2711,hg19,1,0.792985200881958
gcn_graph_b,graph_b_guide_similarity_control,S1_pair+F1,val,304,2711,hg19,1,0.7908215522766113
gcn_graph_b,graph_b_guide_similarity_control,S1_pair+F1,val,305,2711,hg19,1,0.7950525283813477
gcn_graph_b,graph_b_guide_similarity_control,S1_pair+F1,val,306,2711,hg19,1,0.7927474975585938
gcn_graph_b,graph_b_guide_similarity_control,S1_pair+F1,val,307,2711,hg19,1,0.7937133312225342
gcn_graph_b,graph_b_guide_similarity_control,S1_pair+F1,val,308,2711,hg19,1,0.7628488540649414
gcn_graph_b,graph_b_guide_similarity_control,S1_pair+F1,val,309,2711,hg19,1,0.7442541122436523
gcn_graph_b,graph_b_guide_similarity_control,S1_pair+F1,val,310,2711,hg19,1,0.8019744753837585
gcn_graph_b,graph_b_guide_similarity_control,S1_pair+F1,val,311,2711,hg19,1,0.7995532155036926
gcn_graph_b,graph_b_guide_similarity_control,S1_pair+F1,val,312,2711,hg19,1,0.7910915017127991
gcn_graph_b,graph_b_guide_similarity_control,S1_pair+F1,val,313,2711,hg19,1,0.7980722784996033
gcn_graph_b,graph_b_guide_similarity_control,S1_pair+F1,val,314,2711,hg19,1,0.8060573935508728
gcn_graph_b,graph_b_guide_similarity_control,S1_pair+F1,val,315,2711,hg19,1,0.807957112789154
gcn_graph_b,graph_b_guide_similarity_control,S1_pair+F1,val,316,2711,hg19,1,0.7813161015510559
gcn_graph_b,graph_b_guide_similarity_control,S1_pair+F1,val,317,2711,hg19,1,0.775736927986145
gcn_graph_b,graph_b_guide_similarity_control,S1_pair+F1,val,318,2711,hg19,1,0.8051427602767944
gcn_graph_b,graph_b_guide_similarity_control,S1_pair+F1,val,319,2711,hg19,1,0.7933948040008545
gcn_graph_b,graph_b_guide_similarity_control,S1_pair+F1,val,320,2711,hg19,1,0.7971184253692627
gcn_graph_b,graph_b_guide_similarity_control,S1_pair+F1,val,321,2711,hg19,1,0.7781607508659363
gcn_graph_b,graph_b_guide_similarity_control,S1_pair+F1,val,322,2711,hg19,1,0.8194823265075684
gcn_graph_b,graph_b_guide_similarity_control,S1_pair+F1,val,323,2711,hg19,1,0.7872051000595093
gcn_graph_b,graph_b_guide_similarity_control,S1_pair+F1,val,324,2711,hg19,1,0.8270596265792847
gcn_graph_b,graph_b_guide_similarity_control,S1_pair+F1,val,325,2711,hg19,1,0.7634022235870361
gcn_graph_b,graph_b_guide_similarity_control,S1_pair+F1,val,326,2711,hg19,1,0.7980548143386841
gcn_graph_b,graph_b_guide_similarity_control,S1_pair+F1,val,327,2711,hg19,1,0.8066692352294922
gcn_graph_b,graph_b_guide_similarity_control,S1_pair+F1,val,328,2711,hg19,1,0.7891659140586853
gcn_graph_b,graph_b_guide_similarity_control,S1_pair+F1,val,329,2711,hg19,1,0.7629474401473999
gcn_graph_b,graph_b_guide_similarity_control,S1_pair+F1,val,330,2711,hg19,1,0.776764988899231
gcn_graph_b,graph_b_guide_similarity_control,S1_pair+F1,val,331,2711,hg19,1,0.8204137682914734
gcn_graph_b,graph_b_guide_similarity_control,S1_pair+F1,val,332,2711,hg19,1,0.7957651615142822
gcn_graph_b,graph_b_guide_similarity_control,S1_pair+F1,val,333,2711,hg19,1,0.7804802060127258
gcn_graph_b,graph_b_guide_similarity_control,S1_pair+F1,val,334,2711,hg19,1,0.8142696022987366
gcn_graph_b,graph_b_guide_similarity_control,S1_pair+F1,val,335,2711,hg19,1,0.809532642364502
gcn_graph_b,graph_b_guide_similarity_control,S1_pair+F1,val,336,2711,hg19,1,0.8156228065490723
gcn_graph_b,graph_b_guide_similarity_control,S1_pair+F1,val,337,2711,hg19,1,0.7925277948379517
gcn_graph_b,graph_b_guide_similarity_control,S1_pair+F1,val,338,2711,hg19,1,0.7638043165206909
gcn_graph_b,graph_b_guide_similarity_control,S1_pair+F1,val,339,2711,hg19,1,0.7903833389282227
gcn_graph_b,graph_b_guide_similarity_control,S1_pair+F1,val,340,2711,hg19,1,0.7956961393356323
gcn_graph_b,graph_b_guide_similarity_control,S1_pair+F1,val,341,2711,hg19,1,0.7977943420410156
gcn_graph_b,graph_b_guide_similarity_control,S1_pair+F1,val,342,2711,hg19,1,0.8093835115432739
gcn_graph_b,graph_b_guide_similarity_control,S1_pair+F1,val,343,2711,hg19,1,0.7947515845298767
gcn_graph_b,graph_b_guide_similarity_control,S1_pair+F1,val,344,2869,hg19,1,0.4359300136566162
gcn_graph_b,graph_b_guide_similarity_control,S1_pair+F1,val,345,2869,hg19,1,0.37865740060806274
gcn_graph_b,graph_b_guide_similarity_control,S1_pair+F1,val,346,2869,hg19,1,0.4077437222003937
gcn_graph_b,graph_b_guide_similarity_control,S1_pair+F1,val,347,2869,hg19,1,0.41996586322784424
gcn_graph_b,graph_b_guide_similarity_control,S1_pair+F1,val,348,2869,hg19,1,0.37818288803100586
gcn_graph_b,graph_b_guide_similarity_control,S1_pair+F1,val,349,2869,hg19,1,0.40741589665412903
gcn_graph_b,graph_b_guide_similarity_control,S1_pair+F1,val,350,2869,hg19,1,0.41601020097732544
gcn_graph_b,graph_b_guide_similarity_control,S1_pair+F1,val,351,2869,hg19,1,0.4094730019569397
gcn_graph_b,graph_b_guide_similarity_control,S1_pair+F1,val,352,2869,hg19,1,0.40763524174690247
gcn_graph_b,graph_b_guide_similarity_control,S1_pair+F1,val,353,2869,hg19,1,0.3891719579696655
gcn_graph_b,graph_b_guide_similarity_control,S1_pair+F1,val,354,2869,hg19,1,0.43835341930389404
gcn_graph_b,graph_b_guide_similarity_control,S1_pair+F1,val,355,2869,hg19,1,0.3958958089351654
gcn_graph_b,graph_b_guide_similarity_control,S1_pair+F1,val,356,2869,hg19,1,0.4125857353210449
gcn_graph_b,graph_b_guide_similarity_control,S1_pair+F1,val,357,2869,hg19,1,0.39474979043006897
gcn_graph_b,graph_b_guide_similarity_control,S1_pair+F1,val,358,2869,hg19,1,0.41625335812568665
gcn_graph_b,graph_b_guide_similarity_control,S1_pair+F1,val,359,2869,hg19,1,0.39416542649269104
gcn_graph_b,graph_b_guide_similarity_control,S1_pair+F1,val,360,2869,hg19,1,0.3878664970397949
gcn_graph_b,graph_b_guide_similarity_control,S1_pair+F1,val,361,2869,hg19,1,0.4048035442829132
gcn_graph_b,graph_b_guide_similarity_control,S1_pair+F1,val,362,2869,hg19,1,0.3800565302371979
gcn_graph_b,graph_b_guide_similarity_control,S1_pair+F1,val,363,2869,hg19,1,0.3961951434612274
gcn_graph_b,graph_b_guide_similarity_control,S1_pair+F1,val,364,2869,hg19,1,0.4521266222000122
gcn_graph_b,graph_b_guide_similarity_control,S1_pair+F1,val,365,2869,hg19,1,0.4075446128845215
gcn_graph_b,graph_b_guide_similarity_control,S1_pair+F1,val,366,2869,hg19,1,0.40000441670417786
gcn_graph_b,graph_b_guide_similarity_control,S1_pair+F1,val,367,2869,hg19,1,0.399233341217041
gcn_graph_b,graph_b_guide_similarity_control,S1_pair+F1,val,368,2869,hg19,1,0.38786810636520386
gcn_graph_b,graph_b_guide_similarity_control,S1_pair+F1,val,369,2869,hg19,1,0.4139983355998993
gcn_graph_b,graph_b_guide_similarity_control,S1_pair+F1,val,370,2869,hg19,1,0.38475891947746277
gcn_graph_b,graph_b_guide_similarity_control,S1_pair+F1,val,371,2869,hg19,1,0.4829217791557312
gcn_graph_b,graph_b_guide_similarity_control,S1_pair+F1,val,372,2869,hg19,1,0.3966996669769287
gcn_graph_b,graph_b_guide_similarity_control,S1_pair+F1,val,373,2869,hg19,1,0.39799314737319946
gcn_graph_b,graph_b_guide_similarity_control,S1_pair+F1,val,374,2869,hg19,1,0.3933256268501282
gcn_graph_b,graph_b_guide_similarity_control,S1_pair+F1,val,375,2869,hg19,1,0.4144483506679535
gcn_graph_b,graph_b_guide_similarity_control,S1_pair+F1,val,376,2869,hg19,1,0.3897199332714081
gcn_graph_b,graph_b_guide_similarity_control,S1_pair+F1,val,377,2869,hg19,1,0.5287153720855713
gcn_graph_b,graph_b_guide_similarity_control,S1_pair+F1,val,378,2869,hg19,1,0.37978002429008484
gcn_graph_b,graph_b_guide_similarity_control,S1_pair+F1,val,379,2869,hg19,1,0.4601026475429535
gcn_graph_b,graph_b_guide_similarity_control,S1_pair+F1,val,380,2869,hg19,1,0.3796641528606415
gcn_graph_b,graph_b_guide_similarity_control,S1_pair+F1,val,381,2869,hg19,1,0.4106973707675934
gcn_graph_b,graph_b_guide_similarity_control,S1_pair+F1,val,382,2869,hg19,1,0.5069590210914612
gcn_graph_b,graph_b_guide_similarity_control,S1_pair+F1,val,383,2869,hg19,1,0.477634459733963
gcn_graph_b,graph_b_guide_similarity_control,S1_pair+F1,val,384,2869,hg19,1,0.4056493937969208
gcn_graph_b,graph_b_guide_similarity_control,S1_pair+F1,val,385,2869,hg19,1,0.4104878306388855
gcn_graph_b,graph_b_guide_similarity_control,S1_pair+F1,val,386,2869,hg19,1,0.5065776109695435
gcn_graph_b,graph_b_guide_similarity_control,S1_pair+F1,val,387,2869,hg19,1,0.4023272693157196
gcn_graph_b,graph_b_guide_similarity_control,S1_pair+F1,val,388,2869,hg19,1,0.3643334209918976
gcn_graph_b,graph_b_guide_similarity_control,S1_pair+F1,val,389,2869,hg19,1,0.36398330330848694
gcn_graph_b,graph_b_guide_similarity_control,S1_pair+F1,val,390,2869,hg19,1,0.405438095331192
gcn_graph_b,graph_b_guide_similarity_control,S1_pair+F1,val,391,2869,hg19,1,0.37027662992477417
gcn_graph_b,graph_b_guide_similarity_control,S1_pair+F1,val,392,2869,hg19,1,0.4800778031349182
gcn_graph_b,graph_b_guide_similarity_control,S1_pair+F1,val,393,2869,hg19,1,0.5410052537918091
gcn_graph_b,graph_b_guide_similarity_control,S1_pair+F1,val,394,2869,hg19,1,0.48066577315330505
gcn_graph_b,graph_b_guide_similarity_control,S1_pair+F1,val,395,2869,hg19,1,0.5113916993141174
gcn_graph_b,graph_b_guide_similarity_control,S1_pair+F1,val,396,2869,hg19,1,0.5040724873542786
gcn_graph_b,graph_b_guide_similarity_control,S1_pair+F1,val,397,2869,hg19,1,0.5154070258140564
gcn_graph_b,graph_b_guide_similarity_control,S1_pair+F1,val,398,2869,hg19,1,0.47035256028175354
gcn_graph_b,graph_b_guide_similarity_control,S1_pair+F1,val,399,2869,hg19,1,0.4439890682697296
gcn_graph_b,graph_b_guide_similarity_control,S1_pair+F1,val,400,2869,hg19,1,0.4495345652103424
gcn_graph_b,graph_b_guide_similarity_control,S1_pair+F1,val,401,2869,hg19,1,0.4699729382991791
gcn_graph_b,graph_b_guide_similarity_control,S1_pair+F1,val,402,2869,hg19,1,0.4769507646560669
gcn_graph_b,graph_b_guide_similarity_control,S1_pair+F1,val,403,2869,hg19,1,0.3977701961994171
gcn_graph_b,graph_b_guide_similarity_control,S1_pair+F1,val,404,2869,hg19,1,0.4002280831336975
gcn_graph_b,graph_b_guide_similarity_control,S1_pair+F1,val,405,2869,hg19,1,0.3825744688510895
gcn_graph_b,graph_b_guide_similarity_control,S1_pair+F1,val,406,2869,hg19,1,0.3972962200641632
gcn_graph_b,graph_b_guide_similarity_control,S1_pair+F1,val,407,2869,hg19,1,0.4340749979019165
gcn_graph_b,graph_b_guide_similarity_control,S1_pair+F1,val,408,2869,hg19,1,0.3925376534461975
gcn_graph_b,graph_b_guide_similarity_control,S1_pair+F1,val,409,2869,hg19,1,0.4733056426048279
gcn_graph_b,graph_b_guide_similarity_control,S1_pair+F1,val,410,2869,hg19,1,0.46948185563087463
gcn_graph_b,graph_b_guide_similarity_control,S1_pair+F1,val,411,2869,hg19,1,0.4673784673213959
gcn_graph_b,graph_b_guide_similarity_control,S1_pair+F1,val,412,2869,hg19,1,0.4847990572452545
gcn_graph_b,graph_b_guide_similarity_control,S1_pair+F1,val,413,2869,hg19,1,0.4625369906425476
gcn_graph_b,graph_b_guide_similarity_control,S1_pair+F1,val,414,2869,hg19,1,0.440506249666214
gcn_graph_b,graph_b_guide_similarity_control,S1_pair+F1,val,415,2869,hg19,1,0.4962908625602722
gcn_graph_b,graph_b_guide_similarity_control,S1_pair+F1,val,416,2869,hg19,1,0.417470782995224
gcn_graph_b,graph_b_guide_similarity_control,S1_pair+F1,val,417,2869,hg19,1,0.39960405230522156
gcn_graph_b,graph_b_guide_similarity_control,S1_pair+F1,val,418,2869,hg19,1,0.4533509314060211
gcn_graph_b,graph_b_guide_similarity_control,S1_pair+F1,val,419,2869,hg19,1,0.494220495223999
gcn_graph_b,graph_b_guide_similarity_control,S1_pair+F1,val,420,2869,hg19,1,0.46748974919319153
gcn_graph_b,graph_b_guide_similarity_control,S1_pair+F1,val,421,2869,hg19,1,0.4779640734195709
gcn_graph_b,graph_b_guide_similarity_control,S1_pair+F1,val,422,2869,hg19,1,0.47682973742485046
gcn_graph_b,graph_b_guide_similarity_control,S1_pair+F1,val,423,2869,hg19,1,0.48728933930397034
gcn_graph_b,graph_b_guide_similarity_control,S1_pair+F1,val,424,2869,hg19,1,0.4715719223022461
gcn_graph_b,graph_b_guide_similarity_control,S1_pair+F1,val,425,2869,hg19,1,0.47752419114112854
gcn_graph_b,graph_b_guide_similarity_control,S1_pair+F1,val,426,2869,hg19,1,0.49986913800239563
gcn_graph_b,graph_b_guide_similarity_control,S1_pair+F1,val,427,2869,hg19,1,0.43991410732269287
gcn_graph_b,graph_b_guide_similarity_control,S1_pair+F1,val,428,2869,hg19,1,0.4969047009944916
gcn_graph_b,graph_b_guide_similarity_control,S1_pair+F1,val,429,2869,hg19,1,0.438289612531662
gcn_graph_b,graph_b_guide_similarity_control,S1_pair+F1,val,430,2869,hg19,1,0.48712509870529175
gcn_graph_b,graph_b_guide_similarity_control,S1_pair+F1,val,431,2869,hg19,1,0.4080501198768616
gcn_graph_b,graph_b_guide_similarity_control,S1_pair+F1,val,432,2869,hg19,1,0.4840788245201111
gcn_graph_b,graph_b_guide_similarity_control,S1_pair+F1,val,433,2869,hg19,1,0.487598180770874
gcn_graph_b,graph_b_guide_similarity_control,S1_pair+F1,val,434,2869,hg19,1,0.46699532866477966
gcn_graph_b,graph_b_guide_similarity_control,S1_pair+F1,val,435,2869,hg19,1,0.5040537714958191
gcn_graph_b,graph_b_guide_similarity_control,S1_pair+F1,val,436,2869,hg19,1,0.4770887792110443
gcn_graph_b,graph_b_guide_similarity_control,S1_pair+F1,val,437,2869,hg19,1,0.4611290991306305
gcn_graph_b,graph_b_guide_similarity_control,S1_pair+F1,val,438,2869,hg19,1,0.47880375385284424
gcn_graph_b,graph_b_guide_similarity_control,S1_pair+F1,val,439,2869,hg19,1,0.47470206022262573
gcn_graph_b,graph_b_guide_similarity_control,S1_pair+F1,val,440,2869,hg19,1,0.39406299591064453
gcn_graph_b,graph_b_guide_similarity_control,S1_pair+F1,val,441,2869,hg19,1,0.47880449891090393
gcn_graph_b,graph_b_guide_similarity_control,S1_pair+F1,val,442,2869,hg19,1,0.49000459909439087
gcn_graph_b,graph_b_guide_similarity_control,S1_pair+F1,val,443,2869,hg19,1,0.47812578082084656
gcn_graph_b,graph_b_guide_similarity_control,S1_pair+F1,val,444,2869,hg19,1,0.40607601404190063
gcn_graph_b,graph_b_guide_similarity_control,S1_pair+F1,val,445,2869,hg19,1,0.38798096776008606
gcn_graph_b,graph_b_guide_similarity_control,S1_pair+F1,val,446,2869,hg19,1,0.4763096272945404
gcn_graph_b,graph_b_guide_similarity_control,S1_pair+F1,val,447,2869,hg19,1,0.4885772168636322
gcn_graph_b,graph_b_guide_similarity_control,S1_pair+F1,val,448,2869,hg19,1,0.44995683431625366
gcn_graph_b,graph_b_guide_similarity_control,S1_pair+F1,val,449,2869,hg19,1,0.44443511962890625
gcn_graph_b,graph_b_guide_similarity_control,S1_pair+F1,val,450,2869,hg19,1,0.47944721579551697
gcn_graph_b,graph_b_guide_similarity_control,S1_pair+F1,val,451,2869,hg19,1,0.5040724873542786
gcn_graph_b,graph_b_guide_similarity_control,S1_pair+F1,val,452,2869,hg19,1,0.411821573972702
gcn_graph_b,graph_b_guide_similarity_control,S1_pair+F1,val,453,2869,hg19,1,0.4846937358379364
gcn_graph_b,graph_b_guide_similarity_control,S1_pair+F1,val,454,2869,hg19,1,0.4760339856147766
gcn_graph_b,graph_b_guide_similarity_control,S1_pair+F1,val,455,2869,hg19,1,0.4770887792110443
gcn_graph_b,graph_b_guide_similarity_control,S1_pair+F1,val,456,2869,hg19,1,0.4680294692516327
gcn_graph_b,graph_b_guide_similarity_control,S1_pair+F1,val,457,2869,hg19,1,0.4645586609840393
gcn_graph_b,graph_b_guide_similarity_control,S1_pair+F1,val,458,2869,hg19,1,0.48245561122894287
gcn_graph_b,graph_b_guide_similarity_control,S1_pair+F1,val,459,2869,hg19,1,0.4367363452911377
gcn_graph_b,graph_b_guide_similarity_control,S1_pair+F1,val,460,2869,hg19,1,0.4750519394874573
gcn_graph_b,graph_b_guide_similarity_control,S1_pair+F1,val,461,2869,hg19,1,0.5317173600196838
gcn_graph_b,graph_b_guide_similarity_control,S1_pair+F1,val,462,2869,hg19,1,0.48535454273223877
gcn_graph_b,graph_b_guide_similarity_control,S1_pair+F1,val,463,2869,hg19,1,0.49272778630256653
gcn_graph_b,graph_b_guide_similarity_control,S1_pair+F1,val,464,2869,hg19,1,0.46772992610931396
gcn_graph_b,graph_b_guide_similarity_control,S1_pair+F1,val,465,2869,hg19,1,0.47745653986930847
gcn_graph_b,graph_b_guide_similarity_control,S1_pair+F1,val,466,2869,hg19,1,0.4640512466430664
gcn_graph_b,graph_b_guide_similarity_control,S1_pair+F1,val,467,2869,hg19,1,0.487598180770874
gcn_graph_b,graph_b_guide_similarity_control,S1_pair+F1,val,468,2869,hg19,1,0.519011378288269
gcn_graph_b,graph_b_guide_similarity_control,S1_pair+F1,val,469,2869,hg19,1,0.5301126837730408
gcn_graph_b,graph_b_guide_similarity_control,S1_pair+F1,val,470,2869,hg19,1,0.5439229011535645
gcn_graph_b,graph_b_guide_similarity_control,S1_pair+F1,val,471,2869,hg19,1,0.4720335900783539
gcn_graph_b,graph_b_guide_similarity_control,S1_pair+F1,val,472,2869,hg19,1,0.44909021258354187
gcn_graph_b,graph_b_guide_similarity_control,S1_pair+F1,val,473,2869,hg19,1,0.5032321810722351
gcn_graph_b,graph_b_guide_similarity_control,S1_pair+F1,val,474,2869,hg19,1,0.4561793804168701
gcn_graph_b,graph_b_guide_similarity_control,S1_pair+F1,val,475,2869,hg19,1,0.4589540660381317
gcn_graph_b,graph_b_guide_similarity_control,S1_pair+F1,val,476,2869,hg19,1,0.46206554770469666
gcn_graph_b,graph_b_guide_similarity_control,S1_pair+F1,val,477,2869,hg19,1,0.4573425054550171
gcn_graph_b,graph_b_guide_similarity_control,S1_pair+F1,val,478,2869,hg19,1,0.46211951971054077
gcn_graph_b,graph_b_guide_similarity_control,S1_pair+F1,val,479,2869,hg19,1,0.44795262813568115
gcn_graph_b,graph_b_guide_similarity_control,S1_pair+F1,val,480,2869,hg19,1,0.4442581534385681
gcn_graph_b,graph_b_guide_similarity_control,S1_pair+F1,val,481,2869,hg19,1,0.47244390845298767
gcn_graph_b,graph_b_guide_similarity_control,S1_pair+F1,val,482,2869,hg19,1,0.4824429452419281
gcn_graph_b,graph_b_guide_similarity_control,S1_pair+F1,val,483,2869,hg19,1,0.47064611315727234
gcn_graph_b,graph_b_guide_similarity_control,S1_pair+F1,val,484,2869,hg19,1,0.5082738995552063
gcn_graph_b,graph_b_guide_similarity_control,S1_pair+F1,val,485,2869,hg19,1,0.47944721579551697
gcn_graph_b,graph_b_guide_similarity_control,S1_pair+F1,val,486,2869,hg19,1,0.47096943855285645
gcn_graph_b,graph_b_guide_similarity_control,S1_pair+F1,val,487,2869,hg19,1,0.4391268193721771
gcn_graph_b,graph_b_guide_similarity_control,S1_pair+F1,val,488,2869,hg19,1,0.46414774656295776
gcn_graph_b,graph_b_guide_similarity_control,S1_pair+F1,val,489,2869,hg19,1,0.4770887792110443
gcn_graph_b,graph_b_guide_similarity_control,S1_pair+F1,val,490,2869,hg19,1,0.47604089975357056
gcn_graph_b,graph_b_guide_similarity_control,S1_pair+F1,val,491,2869,hg19,1,0.46114635467529297
gcn_graph_b,graph_b_guide_similarity_control,S1_pair+F1,val,492,2869,hg19,1,0.43090522289276123
gcn_graph_b,graph_b_guide_similarity_control,S1_pair+F1,val,493,2869,hg19,1,0.4562402367591858
gcn_graph_b,graph_b_guide_similarity_control,S1_pair+F1,val,494,2869,hg19,1,0.48932579159736633
gcn_graph_b,graph_b_guide_similarity_control,S1_pair+F1,val,495,2869,hg19,1,0.49630942940711975
gcn_graph_b,graph_b_guide_similarity_control,S1_pair+F1,val,496,2869,hg19,1,0.48347920179367065
gcn_graph_b,graph_b_guide_similarity_control,S1_pair+F1,val,497,2869,hg19,1,0.4569542109966278
gcn_graph_b,graph_b_guide_similarity_control,S1_pair+F1,val,498,2869,hg19,1,0.46038728952407837
gcn_graph_b,graph_b_guide_similarity_control,S1_pair+F1,val,499,2869,hg19,1,0.4674760401248932
gcn_graph_b,graph_b_guide_similarity_control,S1_pair+F1,val,500,2869,hg19,1,0.4751613736152649
gcn_graph_b,graph_b_guide_similarity_control,S1_pair+F1,val,501,2869,hg19,1,0.4270954728126526
gcn_graph_b,graph_b_guide_similarity_control,S1_pair+F1,val,502,2869,hg19,1,0.4683166742324829
gcn_graph_b,graph_b_guide_similarity_control,S1_pair+F1,val,503,2869,hg19,1,0.4420388340950012
gcn_graph_b,graph_b_guide_similarity_control,S1_pair+F1,val,504,2869,hg19,1,0.5008058547973633
gcn_graph_b,graph_b_guide_similarity_control,S1_pair+F1,val,505,2869,hg19,1,0.4760339856147766
gcn_graph_b,graph_b_guide_similarity_control,S1_pair+F1,val,506,2869,hg19,1,0.4930356442928314
gcn_graph_b,graph_b_guide_similarity_control,S1_pair+F1,val,507,2869,hg19,1,0.42502105236053467
gcn_graph_b,graph_b_guide_similarity_control,S1_pair+F1,val,508,2869,hg19,1,0.4584386348724365
gcn_graph_b,graph_b_guide_similarity_control,S1_pair+F1,val,509,2869,hg19,1,0.47944721579551697
gcn_graph_b,graph_b_guide_similarity_control,S1_pair+F1,val,510,2869,hg19,1,0.492293119430542
gcn_graph_b,graph_b_guide_similarity_control,S1_pair+F1,val,511,2869,hg19,1,0.46585148572921753
gcn_graph_b,graph_b_guide_similarity_control,S1_pair+F1,val,512,2869,hg19,1,0.47452041506767273
gcn_graph_b,graph_b_guide_similarity_control,S1_pair+F1,val,513,2869,hg19,1,0.43597233295440674
gcn_graph_b,graph_b_guide_similarity_control,S1_pair+F1,val,514,2869,hg19,1,0.448630690574646
gcn_graph_b,graph_b_guide_similarity_control,S1_pair+F1,val,515,2869,hg19,1,0.44576922059059143
gcn_graph_b,graph_b_guide_similarity_control,S1_pair+F1,val,516,2869,hg19,1,0.48895978927612305
gcn_graph_b,graph_b_guide_similarity_control,S1_pair+F1,val,517,2869,hg19,1,0.45230746269226074
gcn_graph_b,graph_b_guide_similarity_control,S1_pair+F1,val,518,2869,hg19,1,0.478132426738739
gcn_graph_b,graph_b_guide_similarity_control,S1_pair+F1,val,519,2869,hg19,1,0.47944721579551697
gcn_graph_b,graph_b_guide_similarity_control,S1_pair+F1,val,520,2869,hg19,1,0.4760339856147766
gcn_graph_b,graph_b_guide_similarity_control,S1_pair+F1,val,521,2869,hg19,1,0.4700159728527069
gcn_graph_b,graph_b_guide_similarity_control,S1_pair+F1,val,522,2869,hg19,1,0.4257741868495941
gcn_graph_b,graph_b_guide_similarity_control,S1_pair+F1,val,523,2869,hg19,1,0.5040724873542786
gcn_graph_b,graph_b_guide_similarity_control,S1_pair+F1,val,524,2869,hg19,1,0.4910464882850647
gcn_graph_b,graph_b_guide_similarity_control,S1_pair+F1,val,525,2869,hg19,1,0.4259510338306427
gcn_graph_b,graph_b_guide_similarity_control,S1_pair+F1,val,526,2869,hg19,1,0.4774838984012604
gcn_graph_b,graph_b_guide_similarity_control,S1_pair+F1,val,527,2869,hg19,1,0.4574015438556671
gcn_graph_b,graph_b_guide_similarity_control,S1_pair+F1,val,528,2869,hg19,1,0.4868486821651459
gcn_graph_b,graph_b_guide_similarity_control,S1_pair+F1,val,529,2869,hg19,1,0.45786556601524353
gcn_graph_b,graph_b_guide_similarity_control,S1_pair+F1,val,530,2869,hg19,1,0.48369553685188293
gcn_graph_b,graph_b_guide_similarity_control,S1_pair+F1,val,531,2869,hg19,1,0.4739583730697632
gcn_graph_b,graph_b_guide_similarity_control,S1_pair+F1,val,532,2869,hg19,1,0.44217798113822937
gcn_graph_b,graph_b_guide_similarity_control,S1_pair+F1,val,533,2869,hg19,1,0.48090076446533203
gcn_graph_b,graph_b_guide_similarity_control,S1_pair+F1,val,534,2869,hg19,1,0.43892544507980347
gcn_graph_b,graph_b_guide_similarity_control,S1_pair+F1,val,535,2869,hg19,1,0.4801083207130432
gcn_graph_b,graph_b_guide_similarity_control,S1_pair+F1,val,536,2869,hg19,1,0.47255411744117737
gcn_graph_b,graph_b_guide_similarity_control,S1_pair+F1,val,537,2869,hg19,1,0.4972120225429535
gcn_graph_b,graph_b_guide_similarity_control,S1_pair+F1,val,538,2869,hg19,1,0.4353075325489044
gcn_graph_b,graph_b_guide_similarity_control,S1_pair+F1,val,539,2869,hg19,1,0.5059738159179688
gcn_graph_b,graph_b_guide_similarity_control,S1_pair+F1,val,540,2869,hg19,1,0.4492573142051697
gcn_graph_b,graph_b_guide_similarity_control,S1_pair+F1,val,541,2869,hg19,1,0.4548144042491913
gcn_graph_b,graph_b_guide_similarity_control,S1_pair+F1,val,542,2869,hg19,1,0.45563220977783203
gcn_graph_b,graph_b_guide_similarity_control,S1_pair+F1,val,543,2869,hg19,1,0.46512162685394287
gcn_graph_b,graph_b_guide_similarity_control,S1_pair+F1,val,544,2869,hg19,1,0.4779660999774933
gcn_graph_b,graph_b_guide_similarity_control,S1_pair+F1,val,545,2869,hg19,1,0.47085142135620117
gcn_graph_b,graph_b_guide_similarity_control,S1_pair+F1,val,546,2869,hg19,1,0.49419206380844116
gcn_graph_b,graph_b_guide_similarity_control,S1_pair+F1,val,547,2869,hg19,1,0.5163226127624512
gcn_graph_b,graph_b_guide_similarity_control,S1_pair+F1,val,548,2869,hg19,1,0.49359217286109924
gcn_graph_b,graph_b_guide_similarity_control,S1_pair+F1,val,549,2869,hg19,1,0.4222276508808136
gcn_graph_b,graph_b_guide_similarity_control,S1_pair+F1,val,550,2869,hg19,1,0.4730786085128784
gcn_graph_b,graph_b_guide_similarity_control,S1_pair+F1,val,551,2869,hg19,1,0.452802449464798
gcn_graph_b,graph_b_guide_similarity_control,S1_pair+F1,val,552,2869,hg19,1,0.4818287193775177
gcn_graph_b,graph_b_guide_similarity_control,S1_pair+F1,val,553,2869,hg19,1,0.482480525970459
gcn_graph_b,graph_b_guide_similarity_control,S1_pair+F1,val,554,2869,hg19,1,0.484483003616333
gcn_graph_b,graph_b_guide_similarity_control,S1_pair+F1,val,555,2869,hg19,1,0.2470502257347107
gcn_graph_b,graph_b_guide_similarity_control,S1_pair+F1,val,556,2869,hg19,1,0.2432953268289566
gcn_graph_b,graph_b_guide_similarity_control,S1_pair+F1,val,557,2869,hg19,1,0.2585274577140808
gcn_graph_b,graph_b_guide_similarity_control,S1_pair+F1,val,558,2869,hg19,1,0.29064318537712097
gcn_graph_b,graph_b_guide_similarity_control,S1_pair+F1,val,559,2869,hg19,1,0.2460634410381317
gcn_graph_b,graph_b_guide_similarity_control,S1_pair+F1,val,560,2869,hg19,1,0.2680094242095947
gcn_graph_b,graph_b_guide_similarity_control,S1_pair+F1,val,561,2869,hg19,1,0.2715051770210266
gcn_graph_b,graph_b_guide_similarity_control,S1_pair+F1,val,562,2869,hg19,1,0.2976037561893463
gcn_graph_b,graph_b_guide_similarity_control,S1_pair+F1,val,563,2869,hg19,1,0.27977028489112854
gcn_graph_b,graph_b_guide_similarity_control,S1_pair+F1,val,564,2869,hg19,1,0.2520855665206909
gcn_graph_b,graph_b_guide_similarity_control,S1_pair+F1,val,565,2869,hg19,1,0.41237717866897583
gcn_graph_b,graph_b_guide_similarity_control,S1_pair+F1,val,566,2869,hg19,1,0.2679915726184845
gcn_graph_b,graph_b_guide_similarity_control,S1_pair+F1,val,567,2869,hg19,1,0.34726083278656006
gcn_graph_b,graph_b_guide_similarity_control,S1_pair+F1,val,568,2869,hg19,1,0.3438679575920105
gcn_graph_b,graph_b_guide_similarity_control,S1_pair+F1,val,569,2869,hg19,1,0.27169641852378845
gcn_graph_b,graph_b_guide_similarity_control,S1_pair+F1,val,570,2869,hg19,1,0.3984457850456238
gcn_graph_b,graph_b_guide_similarity_control,S1_pair+F1,val,571,2869,hg19,1,0.26215383410453796
gcn_graph_b,graph_b_guide_similarity_control,S1_pair+F1,val,572,2869,hg19,1,0.26362693309783936
gcn_graph_b,graph_b_guide_similarity_control,S1_pair+F1,val,573,2869,hg19,1,0.26002058386802673
gcn_graph_b,graph_b_guide_similarity_control,S1_pair+F1,val,574,2869,hg19,1,0.28492701053619385
gcn_graph_b,graph_b_guide_similarity_control,S1_pair+F1,val,575,2869,hg19,1,0.35880449414253235
gcn_graph_b,graph_b_guide_similarity_control,S1_pair+F1,val,576,2869,hg19,1,0.2655037045478821
gcn_graph_b,graph_b_guide_similarity_control,S1_pair+F1,val,577,2869,hg19,1,0.37665146589279175
gcn_graph_b,graph_b_guide_similarity_control,S1_pair+F1,val,578,2869,hg19,1,0.3411635160446167
gcn_graph_b,graph_b_guide_similarity_control,S1_pair+F1,val,579,2869,hg19,1,0.2552585005760193
gcn_graph_b,graph_b_guide_similarity_control,S1_pair+F1,val,580,2869,hg19,1,0.38930293917655945
gcn_graph_b,graph_b_guide_similarity_control,S1_pair+F1,val,581,2869,hg19,1,0.2599066495895386
gcn_graph_b,graph_b_guide_similarity_control,S1_pair+F1,val,582,2869,hg19,1,0.35629668831825256
gcn_graph_b,graph_b_guide_similarity_control,S1_pair+F1,val,583,2869,hg19,1,0.405818372964859
gcn_graph_b,graph_b_guide_similarity_control,S1_pair+F1,val,584,2869,hg19,1,0.3839111626148224
gcn_graph_b,graph_b_guide_similarity_control,S1_pair+F1,val,585,2869,hg19,1,0.29357412457466125
gcn_graph_b,graph_b_guide_similarity_control,S1_pair+F1,val,586,2869,hg19,1,0.32533949613571167
gcn_graph_b,graph_b_guide_similarity_control,S1_pair+F1,val,587,2869,hg19,1,0.2355956733226776
gcn_graph_b,graph_b_guide_similarity_control,S1_pair+F1,val,588,2869,hg19,1,0.24606676399707794
gcn_graph_b,graph_b_guide_similarity_control,S1_pair+F1,val,589,2869,hg19,1,0.39253172278404236
gcn_graph_b,graph_b_guide_similarity_control,S1_pair+F1,val,590,2869,hg19,1,0.38407638669013977
gcn_graph_b,graph_b_guide_similarity_control,S1_pair+F1,val,591,2869,hg19,1,0.281589150428772
gcn_graph_b,graph_b_guide_similarity_control,S1_pair+F1,val,592,2869,hg19,1,0.38533079624176025
gcn_graph_b,graph_b_guide_similarity_control,S1_pair+F1,val,593,2869,hg19,1,0.39235660433769226
gcn_graph_b,graph_b_guide_similarity_control,S1_pair+F1,val,594,2869,hg19,1,0.33233124017715454
gcn_graph_b,graph_b_guide_similarity_control,S1_pair+F1,val,595,2869,hg19,1,0.26204490661621094
gcn_graph_b,graph_b_guide_similarity_control,S1_pair+F1,val,596,2869,hg19,1,0.38108348846435547
gcn_graph_b,graph_b_guide_similarity_control,S1_pair+F1,val,597,2869,hg19,1,0.3492893874645233
gcn_graph_b,graph_b_guide_similarity_control,S1_pair+F1,val,598,2869,hg19,1,0.41211560368537903
gcn_graph_b,graph_b_guide_similarity_control,S1_pair+F1,val,599,2869,hg19,1,0.3927256762981415
gcn_graph_b,graph_b_guide_similarity_control,S1_pair+F1,val,600,2869,hg19,1,0.36302414536476135
gcn_graph_b,graph_b_guide_similarity_control,S1_pair+F1,val,601,2869,hg19,1,0.357177734375
gcn_graph_b,graph_b_guide_similarity_control,S1_pair+F1,val,602,2869,hg19,1,0.37751132249832153
gcn_graph_b,graph_b_guide_similarity_control,S1_pair+F1,val,603,2869,hg19,1,0.3711697459220886
gcn_graph_b,graph_b_guide_similarity_control,S1_pair+F1,val,604,2869,hg19,1,0.37688639760017395
gcn_graph_b,graph_b_guide_similarity_control,S1_pair+F1,val,605,2869,hg19,1,0.377421498298645
gcn_graph_b,graph_b_guide_similarity_control,S1_pair+F1,val,606,2869,hg19,1,0.3375699520111084
gcn_graph_b,graph_b_guide_similarity_control,S1_pair+F1,val,607,2869,hg19,1,0.3616860508918762
gcn_graph_b,graph_b_guide_similarity_control,S1_pair+F1,val,608,2869,hg19,1,0.3731050491333008
gcn_graph_b,graph_b_guide_similarity_control,S1_pair+F1,val,609,2869,hg19,1,0.3535076081752777
gcn_graph_b,graph_b_guide_similarity_control,S1_pair+F1,val,610,2869,hg19,1,0.2523528039455414
gcn_graph_b,graph_b_guide_similarity_control,S1_pair+F1,val,611,2869,hg19,1,0.36890074610710144
gcn_graph_b,graph_b_guide_similarity_control,S1_pair+F1,val,612,2869,hg19,1,0.36484143137931824
gcn_graph_b,graph_b_guide_similarity_control,S1_pair+F1,val,613,2869,hg19,1,0.3654053211212158
gcn_graph_b,graph_b_guide_similarity_control,S1_pair+F1,val,614,2869,hg19,1,0.4085731506347656
gcn_graph_b,graph_b_guide_similarity_control,S1_pair+F1,val,615,2869,hg19,1,0.41956180334091187
gcn_graph_b,graph_b_guide_similarity_control,S1_pair+F1,val,616,2869,hg19,1,0.4220500588417053
gcn_graph_b,graph_b_guide_similarity_control,S1_pair+F1,val,617,2869,hg19,1,0.38479331135749817
gcn_graph_b,graph_b_guide_similarity_control,S1_pair+F1,val,618,2869,hg19,1,0.3396298587322235
gcn_graph_b,graph_b_guide_similarity_control,S1_pair+F1,val,619,2869,hg19,1,0.36930882930755615
gcn_graph_b,graph_b_guide_similarity_control,S1_pair+F1,val,620,2869,hg19,1,0.3731045424938202
gcn_graph_b,graph_b_guide_similarity_control,S1_pair+F1,val,621,2869,hg19,1,0.3982836902141571
gcn_graph_b,graph_b_guide_similarity_control,S1_pair+F1,val,622,2869,hg19,1,0.3551977872848511
gcn_graph_b,graph_b_guide_similarity_control,S1_pair+F1,val,623,2869,hg19,1,0.3648449778556824
gcn_graph_b,graph_b_guide_similarity_control,S1_pair+F1,val,624,2869,hg19,1,0.39505600929260254
gcn_graph_b,graph_b_guide_similarity_control,S1_pair+F1,val,625,2869,hg19,1,0.36100876331329346
gcn_graph_b,graph_b_guide_similarity_control,S1_pair+F1,val,626,2869,hg19,1,0.3975863754749298
gcn_graph_b,graph_b_guide_similarity_control,S1_pair+F1,val,627,2869,hg19,1,0.33312180638313293
gcn_graph_b,graph_b_guide_similarity_control,S1_pair+F1,val,628,2869,hg19,1,0.38051098585128784
gcn_graph_b,graph_b_guide_similarity_control,S1_pair+F1,val,629,2869,hg19,1,0.345592200756073
gcn_graph_b,graph_b_guide_similarity_control,S1_pair+F1,val,630,2869,hg19,1,0.2718145549297333
gcn_graph_b,graph_b_guide_similarity_control,S1_pair+F1,val,631,2869,hg19,1,0.36251917481422424
gcn_graph_b,graph_b_guide_similarity_control,S1_pair+F1,val,632,2869,hg19,1,0.3818749785423279
gcn_graph_b,graph_b_guide_similarity_control,S1_pair+F1,val,633,2869,hg19,1,0.4051502048969269
gcn_graph_b,graph_b_guide_similarity_control,S1_pair+F1,val,634,2869,hg19,1,0.3788008391857147
gcn_graph_b,graph_b_guide_similarity_control,S1_pair+F1,val,635,2869,hg19,1,0.3968689441680908
gcn_graph_b,graph_b_guide_similarity_control,S1_pair+F1,val,636,2869,hg19,1,0.3833653926849365
gcn_graph_b,graph_b_guide_similarity_control,S1_pair+F1,val,637,2869,hg19,1,0.36643412709236145
gcn_graph_b,graph_b_guide_similarity_control,S1_pair+F1,val,638,2869,hg19,1,0.4057452082633972
gcn_graph_b,graph_b_guide_similarity_control,S1_pair+F1,val,639,2869,hg19,1,0.382281631231308
gcn_graph_b,graph_b_guide_similarity_control,S1_pair+F1,val,640,2869,hg19,1,0.38139960169792175
gcn_graph_b,graph_b_guide_similarity_control,S1_pair+F1,val,641,2869,hg19,1,0.40678495168685913
gcn_graph_b,graph_b_guide_similarity_control,S1_pair+F1,val,642,2869,hg19,1,0.35796549916267395
gcn_graph_b,graph_b_guide_similarity_control,S1_pair+F1,val,643,2869,hg19,1,0.3626689314842224
gcn_graph_b,graph_b_guide_similarity_control,S1_pair+F1,val,644,2869,hg19,1,0.37999477982521057
gcn_graph_b,graph_b_guide_similarity_control,S1_pair+F1,val,645,2869,hg19,1,0.2494870275259018
gcn_graph_b,graph_b_guide_similarity_control,S1_pair+F1,val,646,2869,hg19,1,0.42041105031967163
gcn_graph_b,graph_b_guide_similarity_control,S1_pair+F1,val,647,2869,hg19,1,0.3848441541194916
gcn_graph_b,graph_b_guide_similarity_control,S1_pair+F1,val,648,2869,hg19,1,0.4084205627441406
gcn_graph_b,graph_b_guide_similarity_control,S1_pair+F1,val,649,2869,hg19,1,0.38504281640052795
gcn_graph_b,graph_b_guide_similarity_control,S1_pair+F1,val,650,2869,hg19,1,0.3605377972126007
gcn_graph_b,graph_b_guide_similarity_control,S1_pair+F1,val,651,2869,hg19,1,0.3921220898628235
gcn_graph_b,graph_b_guide_similarity_control,S1_pair+F1,val,652,2869,hg19,1,0.3482099771499634
gcn_graph_b,graph_b_guide_similarity_control,S1_pair+F1,val,653,2869,hg19,1,0.3761691749095917
gcn_graph_b,graph_b_guide_similarity_control,S1_pair+F1,val,654,2869,hg19,1,0.3737143576145172
gcn_graph_b,graph_b_guide_similarity_control,S1_pair+F1,val,655,2869,hg19,1,0.3733815550804138
gcn_graph_b,graph_b_guide_similarity_control,S1_pair+F1,val,656,2869,hg19,1,0.38367390632629395
gcn_graph_b,graph_b_guide_similarity_control,S1_pair+F1,val,657,2869,hg19,1,0.3641430139541626
gcn_graph_b,graph_b_guide_similarity_control,S1_pair+F1,val,658,2869,hg19,1,0.35462984442710876
gcn_graph_b,graph_b_guide_similarity_control,S1_pair+F1,val,659,2869,hg19,1,0.3812199831008911
gcn_graph_b,graph_b_guide_similarity_control,S1_pair+F1,val,660,2869,hg19,1,0.3890203535556793
gcn_graph_b,graph_b_guide_similarity_control,S1_pair+F1,val,661,2869,hg19,1,0.3916415870189667
gcn_graph_b,graph_b_guide_similarity_control,S1_pair+F1,val,662,2869,hg19,1,0.3807598948478699
gcn_graph_b,graph_b_guide_similarity_control,S1_pair+F1,val,663,2869,hg19,1,0.3634030222892761
gcn_graph_b,graph_b_guide_similarity_control,S1_pair+F1,val,664,2869,hg19,1,0.4080565273761749
gcn_graph_b,graph_b_guide_similarity_control,S1_pair+F1,val,665,2869,hg19,1,0.380418062210083
gcn_graph_b,graph_b_guide_similarity_control,S1_pair+F1,val,666,2869,hg19,1,0.35469865798950195
gcn_graph_b,graph_b_guide_similarity_control,S1_pair+F1,val,667,2869,hg19,1,0.3756255507469177
gcn_graph_b,graph_b_guide_similarity_control,S1_pair+F1,val,668,2869,hg19,1,0.35673788189888
gcn_graph_b,graph_b_guide_similarity_control,S1_pair+F1,val,669,2869,hg19,1,0.35862740874290466
gcn_graph_b,graph_b_guide_similarity_control,S1_pair+F1,val,670,2869,hg19,1,0.3641538619995117
gcn_graph_b,graph_b_guide_similarity_control,S1_pair+F1,val,671,2869,hg19,1,0.36180058121681213
gcn_graph_b,graph_b_guide_similarity_control,S1_pair+F1,val,672,2869,hg19,1,0.36192572116851807
gcn_graph_b,graph_b_guide_similarity_control,S1_pair+F1,val,673,2869,hg19,1,0.35717886686325073
gcn_graph_b,graph_b_guide_similarity_control,S1_pair+F1,val,674,2869,hg19,1,0.40325728058815
gcn_graph_b,graph_b_guide_similarity_control,S1_pair+F1,val,675,2869,hg19,1,0.35812878608703613
gcn_graph_b,graph_b_guide_similarity_control,S1_pair+F1,val,676,2869,hg19,1,0.39503881335258484
gcn_graph_b,graph_b_guide_similarity_control,S1_pair+F1,val,677,2869,hg19,1,0.3458576500415802
gcn_graph_b,graph_b_guide_similarity_control,S1_pair+F1,val,678,2869,hg19,1,0.374081552028656
gcn_graph_b,graph_b_guide_similarity_control,S1_pair+F1,val,679,2869,hg19,1,0.3978421986103058
gcn_graph_b,graph_b_guide_similarity_control,S1_pair+F1,val,680,2869,hg19,1,0.3629990220069885
gcn_graph_b,graph_b_guide_similarity_control,S1_pair+F1,val,681,2869,hg19,1,0.4140007793903351
gcn_graph_b,graph_b_guide_similarity_control,S1_pair+F1,val,682,2869,hg19,1,0.4273873269557953
gcn_graph_b,graph_b_guide_similarity_control,S1_pair+F1,val,683,2869,hg19,1,0.3866731524467468
gcn_graph_b,graph_b_guide_similarity_control,S1_pair+F1,val,684,2869,hg19,1,0.3847759962081909
gcn_graph_b,graph_b_guide_similarity_control,S1_pair+F1,val,685,2869,hg19,1,0.4041421115398407
gcn_graph_b,graph_b_guide_similarity_control,S1_pair+F1,val,686,2869,hg19,1,0.40012919902801514
gcn_graph_b,graph_b_guide_similarity_control,S1_pair+F1,val,687,2869,hg19,1,0.37437596917152405
gcn_graph_b,graph_b_guide_similarity_control,S1_pair+F1,val,688,2869,hg19,1,0.22817185521125793
gcn_graph_b,graph_b_guide_similarity_control,S1_pair+F1,val,689,2869,hg19,1,0.42310482263565063
gcn_graph_b,graph_b_guide_similarity_control,S1_pair+F1,val,690,2869,hg19,1,0.3961147367954254
gcn_graph_b,graph_b_guide_similarity_control,S1_pair+F1,val,691,2869,hg19,1,0.4007948040962219
gcn_graph_b,graph_b_guide_similarity_control,S1_pair+F1,val,692,2869,hg19,1,0.3741455376148224
gcn_graph_b,graph_b_guide_similarity_control,S1_pair+F1,val,693,2869,hg19,1,0.35854268074035645
gcn_graph_b,graph_b_guide_similarity_control,S1_pair+F1,val,694,2869,hg19,1,0.3831964135169983
gcn_graph_b,graph_b_guide_similarity_control,S1_pair+F1,val,695,2869,hg19,1,0.405446857213974
gcn_graph_b,graph_b_guide_similarity_control,S1_pair+F1,val,696,2869,hg19,1,0.37929946184158325
gcn_graph_b,graph_b_guide_similarity_control,S1_pair+F1,val,697,2869,hg19,1,0.408291757106781
gcn_graph_b,graph_b_guide_similarity_control,S1_pair+F1,val,698,2869,hg19,1,0.3809182047843933
gcn_graph_b,graph_b_guide_similarity_control,S1_pair+F1,val,699,2869,hg19,1,0.3952350616455078
gcn_graph_b,graph_b_guide_similarity_control,S1_pair+F1,val,700,2869,hg19,1,0.4016505777835846
gcn_graph_b,graph_b_guide_similarity_control,S1_pair+F1,val,701,2869,hg19,1,0.39568030834198
gcn_graph_b,graph_b_guide_similarity_control,S1_pair+F1,val,702,2869,hg19,1,0.3834068477153778
gcn_graph_b,graph_b_guide_similarity_control,S1_pair+F1,val,703,2869,hg19,1,0.37741222977638245
gcn_graph_b,graph_b_guide_similarity_control,S1_pair+F1,val,704,2869,hg19,1,0.3428693115711212
gcn_graph_b,graph_b_guide_similarity_control,S1_pair+F1,val,705,2869,hg19,1,0.362452894449234
gcn_graph_b,graph_b_guide_similarity_control,S1_pair+F1,val,706,2869,hg19,1,0.3409680426120758
gcn_graph_b,graph_b_guide_similarity_control,S1_pair+F1,val,707,2869,hg19,1,0.3729839026927948
gcn_graph_b,graph_b_guide_similarity_control,S1_pair+F1,val,708,2869,hg19,1,0.3814079761505127
gcn_graph_b,graph_b_guide_similarity_control,S1_pair+F1,val,709,2869,hg19,1,0.3908419609069824
gcn_graph_b,graph_b_guide_similarity_control,S1_pair+F1,val,710,2869,hg19,1,0.3786655068397522
gcn_graph_b,graph_b_guide_similarity_control,S1_pair+F1,val,711,2869,hg19,1,0.4103284180164337
gcn_graph_b,graph_b_guide_similarity_control,S1_pair+F1,val,712,2869,hg19,1,0.3413262963294983
gcn_graph_b,graph_b_guide_similarity_control,S1_pair+F1,val,713,2869,hg19,1,0.33851802349090576
gcn_graph_b,graph_b_guide_similarity_control,S1_pair+F1,val,714,2869,hg19,1,0.40354812145233154
gcn_graph_b,graph_b_guide_similarity_control,S1_pair+F1,val,715,2869,hg19,1,0.3941381573677063
gcn_graph_b,graph_b_guide_similarity_control,S1_pair+F1,val,716,2869,hg19,1,0.3527694046497345
gcn_graph_b,graph_b_guide_similarity_control,S1_pair+F1,val,717,2869,hg19,1,0.3421105444431305
gcn_graph_b,graph_b_guide_similarity_control,S1_pair+F1,val,718,2869,hg19,1,0.34239551424980164
gcn_graph_b,graph_b_guide_similarity_control,S1_pair+F1,val,719,2869,hg19,1,0.4062669575214386
gcn_graph_b,graph_b_guide_similarity_control,S1_pair+F1,val,720,2869,hg19,1,0.3308425843715668
gcn_graph_b,graph_b_guide_similarity_control,S1_pair+F1,val,721,2869,hg19,1,0.3456673324108124
gcn_graph_b,graph_b_guide_similarity_control,S1_pair+F1,val,722,2869,hg19,1,0.38632866740226746
gcn_graph_b,graph_b_guide_similarity_control,S1_pair+F1,val,723,2869,hg19,1,0.39506733417510986
gcn_graph_b,graph_b_guide_similarity_control,S1_pair+F1,val,724,2869,hg19,1,0.35085543990135193
gcn_graph_b,graph_b_guide_similarity_control,S1_pair+F1,val,725,2869,hg19,1,0.3679327070713043
gcn_graph_b,graph_b_guide_similarity_control,S1_pair+F1,val,726,2869,hg19,1,0.3728383183479309
gcn_graph_b,graph_b_guide_similarity_control,S1_pair+F1,val,727,2869,hg19,1,0.3733598291873932
gcn_graph_b,graph_b_guide_similarity_control,S1_pair+F1,val,728,2869,hg19,1,0.3810821771621704
gcn_graph_b,graph_b_guide_similarity_control,S1_pair+F1,val,729,2869,hg19,1,0.4011588990688324
gcn_graph_b,graph_b_guide_similarity_control,S1_pair+F1,val,730,2869,hg19,1,0.36885735392570496
gcn_graph_b,graph_b_guide_similarity_control,S1_pair+F1,val,731,2869,hg19,1,0.4187285602092743
gcn_graph_b,graph_b_guide_similarity_control,S1_pair+F1,val,732,2869,hg19,1,0.36441776156425476
gcn_graph_b,graph_b_guide_similarity_control,S1_pair+F1,val,733,2869,hg19,1,0.365601509809494
gcn_graph_b,graph_b_guide_similarity_control,S1_pair+F1,val,734,2869,hg19,1,0.3892344534397125
gcn_graph_b,graph_b_guide_similarity_control,S1_pair+F1,val,735,2869,hg19,1,0.3418995440006256
gcn_graph_b,graph_b_guide_similarity_control,S1_pair+F1,val,736,2869,hg19,1,0.4168317914009094
gcn_graph_b,graph_b_guide_similarity_control,S1_pair+F1,val,737,2869,hg19,1,0.6290470361709595
gcn_graph_b,graph_b_guide_similarity_control,S1_pair+F1,val,738,2869,hg19,1,0.7016854882240295
gcn_graph_b,graph_b_guide_similarity_control,S1_pair+F1,val,739,2869,hg19,1,0.6859973073005676
gcn_graph_b,graph_b_guide_similarity_control,S1_pair+F1,val,740,3866,hg19,1,0.3315116763114929
gcn_graph_b,graph_b_guide_similarity_control,S1_pair+F1,val,741,3866,hg19,1,0.2899187505245209
gcn_graph_b,graph_b_guide_similarity_control,S1_pair+F1,val,742,3866,hg19,1,0.3259865641593933
gcn_graph_b,graph_b_guide_similarity_control,S1_pair+F1,val,743,3866,hg19,1,0.3141794800758362
gcn_graph_b,graph_b_guide_similarity_control,S1_pair+F1,val,744,3866,hg19,1,0.28832364082336426
gcn_graph_b,graph_b_guide_similarity_control,S1_pair+F1,val,745,3866,hg19,1,0.33584004640579224
gcn_graph_b,graph_b_guide_similarity_control,S1_pair+F1,val,746,3866,hg19,1,0.3140166997909546
gcn_graph_b,graph_b_guide_similarity_control,S1_pair+F1,val,747,3866,hg19,1,0.32759353518486023
gcn_graph_b,graph_b_guide_similarity_control,S1_pair+F1,val,748,3866,hg19,1,0.3117678463459015
gcn_graph_b,graph_b_guide_similarity_control,S1_pair+F1,val,749,3866,hg19,1,0.3164086937904358
gcn_graph_b,graph_b_guide_similarity_control,S1_pair+F1,val,750,3866,hg19,1,0.3290063738822937
gcn_graph_b,graph_b_guide_similarity_control,S1_pair+F1,val,751,3866,hg19,1,0.3217979967594147
gcn_graph_b,graph_b_guide_similarity_control,S1_pair+F1,val,752,3866,hg19,1,0.3416551351547241
gcn_graph_b,graph_b_guide_similarity_control,S1_pair+F1,val,753,3866,hg19,1,0.29354387521743774
gcn_graph_b,graph_b_guide_similarity_control,S1_pair+F1,val,754,3866,hg19,1,0.30510109663009644
gcn_graph_b,graph_b_guide_similarity_control,S1_pair+F1,val,755,3866,hg19,1,0.2917134761810303
gcn_graph_b,graph_b_guide_similarity_control,S1_pair+F1,val,756,3866,hg19,1,0.3158078193664551
gcn_graph_b,graph_b_guide_similarity_control,S1_pair+F1,val,757,3866,hg19,1,0.30997034907341003
gcn_graph_b,graph_b_guide_similarity_control,S1_pair+F1,val,758,3866,hg19,1,0.3105316758155823
gcn_graph_b,graph_b_guide_similarity_control,S1_pair+F1,val,759,3866,hg19,1,0.3222976624965668
gcn_graph_b,graph_b_guide_similarity_control,S1_pair+F1,val,760,3866,hg19,1,0.35831204056739807
gcn_graph_b,graph_b_guide_similarity_control,S1_pair+F1,val,761,3866,hg19,1,0.2988625168800354
gcn_graph_b,graph_b_guide_similarity_control,S1_pair+F1,val,762,3866,hg19,1,0.31827324628829956
gcn_graph_b,graph_b_guide_similarity_control,S1_pair+F1,val,763,3866,hg19,1,0.3095293343067169
gcn_graph_b,graph_b_guide_similarity_control,S1_pair+F1,val,764,3866,hg19,1,0.3200013339519501
gcn_graph_b,graph_b_guide_similarity_control,S1_pair+F1,val,765,3866,hg19,1,0.3064374625682831
gcn_graph_b,graph_b_guide_similarity_control,S1_pair+F1,val,766,3866,hg19,1,0.2853866219520569
gcn_graph_b,graph_b_guide_similarity_control,S1_pair+F1,val,767,3866,hg19,1,0.32855093479156494
gcn_graph_b,graph_b_guide_similarity_control,S1_pair+F1,val,768,3866,hg19,1,0.28799912333488464
gcn_graph_b,graph_b_guide_similarity_control,S1_pair+F1,val,769,3866,hg19,1,0.3232499361038208
gcn_graph_b,graph_b_guide_similarity_control,S1_pair+F1,val,770,3866,hg19,1,0.3046542704105377
gcn_graph_b,graph_b_guide_similarity_control,S1_pair+F1,val,771,3866,hg19,1,0.2851039469242096
gcn_graph_b,graph_b_guide_similarity_control,S1_pair+F1,val,772,3866,hg19,1,0.3239589035511017
gcn_graph_b,graph_b_guide_similarity_control,S1_pair+F1,val,773,3866,hg19,1,0.31030067801475525
gcn_graph_b,graph_b_guide_similarity_control,S1_pair+F1,val,774,3866,hg19,1,0.3191775381565094
gcn_graph_b,graph_b_guide_similarity_control,S1_pair+F1,val,775,3866,hg19,1,0.32795101404190063
gcn_graph_b,graph_b_guide_similarity_control,S1_pair+F1,val,776,3866,hg19,1,0.31678733229637146
gcn_graph_b,graph_b_guide_similarity_control,S1_pair+F1,val,777,3866,hg19,1,0.29983046650886536
gcn_graph_b,graph_b_guide_similarity_control,S1_pair+F1,val,778,3866,hg19,1,0.32059192657470703
gcn_graph_b,graph_b_guide_similarity_control,S1_pair+F1,val,779,3866,hg19,1,0.349582314491272
gcn_graph_b,graph_b_guide_similarity_control,S1_pair+F1,val,780,3866,hg19,1,0.3224811851978302
gcn_graph_b,graph_b_guide_similarity_control,S1_pair+F1,val,781,3866,hg19,1,0.3166811168193817
gcn_graph_b,graph_b_guide_similarity_control,S1_pair+F1,val,782,3866,hg19,1,0.35475632548332214
gcn_graph_b,graph_b_guide_similarity_control,S1_pair+F1,val,783,3866,hg19,1,0.31825265288352966
gcn_graph_b,graph_b_guide_similarity_control,S1_pair+F1,val,784,3866,hg19,1,0.3221150040626526
gcn_graph_b,graph_b_guide_similarity_control,S1_pair+F1,val,785,3866,hg19,1,0.33175715804100037
gcn_graph_b,graph_b_guide_similarity_control,S1_pair+F1,val,786,3866,hg19,1,0.3142247200012207
gcn_graph_b,graph_b_guide_similarity_control,S1_pair+F1,val,787,3866,hg19,1,0.3346073031425476
gcn_graph_b,graph_b_guide_similarity_control,S1_pair+F1,val,788,3866,hg19,1,0.3346841633319855
gcn_graph_b,graph_b_guide_similarity_control,S1_pair+F1,val,789,3866,hg19,1,0.3172304630279541
gcn_graph_b,graph_b_guide_similarity_control,S1_pair+F1,val,790,3866,hg19,1,0.3130984902381897
gcn_graph_b,graph_b_guide_similarity_control,S1_pair+F1,val,791,3866,hg19,1,0.32943353056907654
gcn_graph_b,graph_b_guide_similarity_control,S1_pair+F1,val,792,3866,hg19,1,0.3112536072731018
gcn_graph_b,graph_b_guide_similarity_control,S1_pair+F1,val,793,3866,hg19,1,0.32065582275390625
gcn_graph_b,graph_b_guide_similarity_control,S1_pair+F1,val,794,3866,hg19,1,0.32561424374580383
gcn_graph_b,graph_b_guide_similarity_control,S1_pair+F1,val,795,3866,hg19,1,0.2906442880630493
gcn_graph_b,graph_b_guide_similarity_control,S1_pair+F1,val,796,3866,hg19,1,0.3381524384021759
gcn_graph_b,graph_b_guide_similarity_control,S1_pair+F1,val,797,3866,hg19,1,0.3176945745944977
gcn_graph_b,graph_b_guide_similarity_control,S1_pair+F1,val,798,3866,hg19,1,0.28357794880867004
gcn_graph_b,graph_b_guide_similarity_control,S1_pair+F1,val,799,3866,hg19,1,0.31857383251190186
gcn_graph_b,graph_b_guide_similarity_control,S1_pair+F1,val,800,3866,hg19,1,0.3156028389930725
gcn_graph_b,graph_b_guide_similarity_control,S1_pair+F1,val,801,3866,hg19,1,0.31249454617500305
gcn_graph_b,graph_b_guide_similarity_control,S1_pair+F1,val,802,3866,hg19,1,0.3116546869277954
gcn_graph_b,graph_b_guide_similarity_control,S1_pair+F1,val,803,3866,hg19,1,0.29470115900039673
gcn_graph_b,graph_b_guide_similarity_control,S1_pair+F1,val,804,3866,hg19,1,0.3048555254936218
gcn_graph_b,graph_b_guide_similarity_control,S1_pair+F1,val,805,3866,hg19,1,0.3081011474132538
gcn_graph_b,graph_b_guide_similarity_control,S1_pair+F1,val,806,7822,hg19,1,0.23830817639827728
gcn_graph_b,graph_b_guide_similarity_control,S1_pair+F1,val,807,7822,hg19,1,0.2162085473537445
gcn_graph_b,graph_b_guide_similarity_control,S1_pair+F1,val,808,7822,hg19,1,0.21502938866615295
gcn_graph_b,graph_b_guide_similarity_control,S1_pair+F1,val,809,7822,hg19,1,0.1946810781955719
gcn_graph_b,graph_b_guide_similarity_control,S1_pair+F1,val,810,7822,hg19,1,0.14982350170612335
gcn_graph_b,graph_b_guide_similarity_control,S1_pair+F1,val,811,7822,hg19,1,0.22488217055797577
gcn_graph_b,graph_b_guide_similarity_control,S1_pair+F1,val,812,7822,hg19,1,0.2035513073205948
gcn_graph_b,graph_b_guide_similarity_control,S1_pair+F1,val,813,7822,hg19,1,0.19400286674499512
gcn_graph_b,graph_b_guide_similarity_control,S1_pair+F1,val,814,7822,hg19,1,0.13776685297489166
gcn_graph_b,graph_b_guide_similarity_control,S1_pair+F1,val,815,7822,hg19,1,0.2010372430086136
gcn_graph_b,graph_b_guide_similarity_control,S1_pair+F1,val,816,7822,hg19,1,0.1738322228193283
gcn_graph_b,graph_b_guide_similarity_control,S1_pair+F1,val,817,7822,hg19,1,0.1598159819841385
gcn_graph_b,graph_b_guide_similarity_control,S1_pair+F1,val,818,7822,hg19,1,0.17925146222114563
gcn_graph_b,graph_b_guide_similarity_control,S1_pair+F1,val,819,7822,hg19,1,0.21688853204250336
gcn_graph_b,graph_b_guide_similarity_control,S1_pair+F1,val,820,7822,hg19,1,0.19879284501075745
gcn_graph_b,graph_b_guide_similarity_control,S1_pair+F1,val,821,7822,hg19,1,0.15673069655895233
gcn_graph_b,graph_b_guide_similarity_control,S1_pair+F1,val,822,7822,hg19,1,0.1621408462524414
gcn_graph_b,graph_b_guide_similarity_control,S1_pair+F1,val,823,7822,hg19,1,0.1675102263689041
gcn_graph_b,graph_b_guide_similarity_control,S1_pair+F1,val,824,7822,hg19,1,0.13987188041210175
gcn_graph_b,graph_b_guide_similarity_control,S1_pair+F1,val,825,7822,hg19,1,0.22467033565044403
gcn_graph_b,graph_b_guide_similarity_control,S1_pair+F1,val,826,7822,hg19,1,0.15182039141654968
gcn_graph_b,graph_b_guide_similarity_control,S1_pair+F1,val,827,7822,hg19,1,0.14212891459465027
gcn_graph_b,graph_b_guide_similarity_control,S1_pair+F1,val,828,7822,hg19,1,0.14137986302375793
gcn_graph_b,graph_b_guide_similarity_control,S1_pair+F1,val,829,7822,hg19,1,0.2204141914844513
gcn_graph_b,graph_b_guide_similarity_control,S1_pair+F1,val,830,7822,hg19,1,0.1573820263147354
gcn_graph_b,graph_b_guide_similarity_control,S1_pair+F1,val,831,7822,hg19,1,0.20361505448818207
gcn_graph_b,graph_b_guide_similarity_control,S1_pair+F1,val,832,7822,hg19,1,0.1506749838590622
gcn_graph_b,graph_b_guide_similarity_control,S1_pair+F1,val,833,7822,hg19,1,0.1552969515323639
gcn_graph_b,graph_b_guide_similarity_control,S1_pair+F1,val,834,7822,hg19,1,0.21266262233257294
gcn_graph_b,graph_b_guide_similarity_control,S1_pair+F1,val,835,7822,hg19,1,0.17754481732845306
gcn_graph_b,graph_b_guide_similarity_control,S1_pair+F1,val,836,7822,hg19,1,0.1487015187740326
gcn_graph_b,graph_b_guide_similarity_control,S1_pair+F1,val,837,7822,hg19,1,0.14414922893047333
gcn_graph_b,graph_b_guide_similarity_control,S1_pair+F1,val,838,7822,hg19,1,0.23546655476093292
gcn_graph_b,graph_b_guide_similarity_control,S1_pair+F1,val,839,7822,hg19,1,0.21216070652008057
gcn_graph_b,graph_b_guide_similarity_control,S1_pair+F1,val,840,7822,hg19,1,0.1561584770679474
gcn_graph_b,graph_b_guide_similarity_control,S1_pair+F1,val,841,7822,hg19,1,0.20384691655635834
gcn_graph_b,graph_b_guide_similarity_control,S1_pair+F1,val,842,7822,hg19,1,0.2042117714881897
gcn_graph_b,graph_b_guide_similarity_control,S1_pair+F1,val,843,7822,hg19,1,0.19985844194889069
gcn_graph_b,graph_b_guide_similarity_control,S1_pair+F1,val,844,7822,hg19,1,0.24108187854290009
gcn_graph_b,graph_b_guide_similarity_control,S1_pair+F1,val,845,7822,hg19,1,0.14828118681907654
gcn_graph_b,graph_b_guide_similarity_control,S1_pair+F1,val,846,7822,hg19,1,0.14508695900440216
gcn_graph_b,graph_b_guide_similarity_control,S1_pair+F1,val,847,7822,hg19,1,0.15843334794044495
gcn_graph_b,graph_b_guide_similarity_control,S1_pair+F1,val,848,7822,hg19,1,0.1418418139219284
gcn_graph_b,graph_b_guide_similarity_control,S1_pair+F1,val,849,7822,hg19,1,0.15575015544891357
gcn_graph_b,graph_b_guide_similarity_control,S1_pair+F1,val,850,7822,hg19,1,0.14181791245937347
gcn_graph_b,graph_b_guide_similarity_control,S1_pair+F1,val,851,7822,hg19,1,0.12801311910152435
gcn_graph_b,graph_b_guide_similarity_control,S1_pair+F1,val,852,7822,hg19,1,0.15533038973808289
gcn_graph_b,graph_b_guide_similarity_control,S1_pair+F1,val,853,7822,hg19,1,0.15934249758720398
gcn_graph_b,graph_b_guide_similarity_control,S1_pair+F1,val,854,7822,hg19,1,0.15862144529819489
gcn_graph_b,graph_b_guide_similarity_control,S1_pair+F1,val,855,7822,hg19,1,0.22122187912464142
gcn_graph_b,graph_b_guide_similarity_control,S1_pair+F1,val,856,7822,hg19,1,0.1707657426595688
gcn_graph_b,graph_b_guide_similarity_control,S1_pair+F1,val,857,7822,hg19,1,0.1377352476119995
gcn_graph_b,graph_b_guide_similarity_control,S1_pair+F1,val,858,7822,hg19,1,0.18073943257331848
gcn_graph_b,graph_b_guide_similarity_control,S1_pair+F1,val,859,7822,hg19,1,0.13959528505802155
gcn_graph_b,graph_b_guide_similarity_control,S1_pair+F1,val,860,7822,hg19,1,0.14242485165596008
gcn_graph_b,graph_b_guide_similarity_control,S1_pair+F1,val,861,7822,hg19,1,0.1660706251859665
gcn_graph_b,graph_b_guide_similarity_control,S1_pair+F1,val,862,7822,hg19,1,0.19960452616214752
gcn_graph_b,graph_b_guide_similarity_control,S1_pair+F1,val,863,7822,hg19,1,0.18218006193637848
gcn_graph_b,graph_b_guide_similarity_control,S1_pair+F1,val,864,7822,hg19,1,0.17670471966266632
gcn_graph_b,graph_b_guide_similarity_control,S1_pair+F1,val,865,7822,hg19,1,0.1641252338886261
gcn_graph_b,graph_b_guide_similarity_control,S1_pair+F1,val,866,7822,hg19,1,0.15837204456329346
gcn_graph_b,graph_b_guide_similarity_control,S1_pair+F1,val,867,7822,hg19,1,0.1461818665266037
gcn_graph_b,graph_b_guide_similarity_control,S1_pair+F1,val,868,7822,hg19,1,0.16742172837257385
gcn_graph_b,graph_b_guide_similarity_control,S1_pair+F1,val,869,7822,hg19,1,0.1729222536087036
gcn_graph_b,graph_b_guide_similarity_control,S1_pair+F1,val,870,7822,hg19,1,0.16075237095355988
gcn_graph_b,graph_b_guide_similarity_control,S1_pair+F1,val,871,7822,hg19,1,0.15135647356510162
gcn_graph_b,graph_b_guide_similarity_control,S1_pair+F1,val,872,7822,hg19,1,0.21614810824394226
gcn_graph_b,graph_b_guide_similarity_control,S1_pair+F1,val,873,7822,hg19,1,0.15286925435066223
gcn_graph_b,graph_b_guide_similarity_control,S1_pair+F1,val,874,7822,hg19,1,0.20524685084819794
gcn_graph_b,graph_b_guide_similarity_control,S1_pair+F1,val,875,7822,hg19,1,0.1422274112701416
gcn_graph_b,graph_b_guide_similarity_control,S1_pair+F1,val,876,7822,hg19,1,0.21985352039337158
gcn_graph_b,graph_b_guide_similarity_control,S1_pair+F1,val,877,7822,hg19,1,0.21081137657165527
gcn_graph_b,graph_b_guide_similarity_control,S1_pair+F1,val,878,7822,hg19,1,0.17429304122924805
gcn_graph_b,graph_b_guide_similarity_control,S1_pair+F1,val,879,7822,hg19,1,0.16806544363498688
gcn_graph_b,graph_b_guide_similarity_control,S1_pair+F1,val,880,7822,hg19,1,0.15637348592281342
gcn_graph_b,graph_b_guide_similarity_control,S1_pair+F1,val,881,7822,hg19,1,0.1561884731054306
gcn_graph_b,graph_b_guide_similarity_control,S1_pair+F1,val,882,7822,hg19,1,0.1625388115644455
gcn_graph_b,graph_b_guide_similarity_control,S1_pair+F1,val,883,7822,hg19,1,0.1553952693939209
gcn_graph_b,graph_b_guide_similarity_control,S1_pair+F1,val,884,7822,hg19,1,0.16046415269374847
gcn_graph_b,graph_b_guide_similarity_control,S1_pair+F1,val,885,7822,hg19,1,0.15998777747154236
gcn_graph_b,graph_b_guide_similarity_control,S1_pair+F1,val,886,7822,hg19,1,0.1675102263689041
gcn_graph_b,graph_b_guide_similarity_control,S1_pair+F1,val,887,7822,hg19,1,0.16931642591953278
gcn_graph_b,graph_b_guide_similarity_control,S1_pair+F1,val,888,7822,hg19,1,0.1678817868232727
gcn_graph_b,graph_b_guide_similarity_control,S1_pair+F1,val,889,7822,hg19,1,0.14478111267089844
gcn_graph_b,graph_b_guide_similarity_control,S1_pair+F1,val,890,7822,hg19,1,0.16210585832595825
gcn_graph_b,graph_b_guide_similarity_control,S1_pair+F1,val,891,7822,hg19,1,0.15941016376018524
gcn_graph_b,graph_b_guide_similarity_control,S1_pair+F1,val,892,7822,hg19,1,0.16776016354560852
gcn_graph_b,graph_b_guide_similarity_control,S1_pair+F1,val,893,7822,hg19,1,0.16491879522800446
gcn_graph_b,graph_b_guide_similarity_control,S1_pair+F1,val,894,7822,hg19,1,0.20729677379131317
gcn_graph_b,graph_b_guide_similarity_control,S1_pair+F1,val,895,7822,hg19,1,0.14452479779720306
gcn_graph_b,graph_b_guide_similarity_control,S1_pair+F1,val,896,7822,hg19,1,0.14618001878261566
gcn_graph_b,graph_b_guide_similarity_control,S1_pair+F1,val,897,7822,hg19,1,0.13518893718719482
gcn_graph_b,graph_b_guide_similarity_control,S1_pair+F1,val,898,7822,hg19,1,0.14742623269557953
gcn_graph_b,graph_b_guide_similarity_control,S1_pair+F1,val,899,7822,hg19,1,0.19871069490909576
gcn_graph_b,graph_b_guide_similarity_control,S1_pair+F1,val,900,7822,hg19,1,0.1367136538028717
gcn_graph_b,graph_b_guide_similarity_control,S1_pair+F1,val,901,7822,hg19,1,0.15508966147899628
gcn_graph_b,graph_b_guide_similarity_control,S1_pair+F1,val,902,7822,hg19,1,0.14700081944465637
gcn_graph_b,graph_b_guide_similarity_control,S1_pair+F1,val,903,7822,hg19,1,0.15085914731025696
gcn_graph_b,graph_b_guide_similarity_control,S1_pair+F1,val,904,7822,hg19,1,0.20624367892742157
gcn_graph_b,graph_b_guide_similarity_control,S1_pair+F1,val,905,7822,hg19,1,0.2078481763601303
gcn_graph_b,graph_b_guide_similarity_control,S1_pair+F1,val,906,7822,hg19,1,0.14018306136131287
gcn_graph_b,graph_b_guide_similarity_control,S1_pair+F1,val,907,7822,hg19,1,0.160770982503891
gcn_graph_b,graph_b_guide_similarity_control,S1_pair+F1,val,908,7822,hg19,1,0.1486366093158722
gcn_graph_b,graph_b_guide_similarity_control,S1_pair+F1,val,909,7822,hg19,1,0.15777941048145294
gcn_graph_b,graph_b_guide_similarity_control,S1_pair+F1,val,910,7822,hg19,1,0.14513897895812988
gcn_graph_b,graph_b_guide_similarity_control,S1_pair+F1,val,911,7822,hg19,1,0.16931642591953278
gcn_graph_b,graph_b_guide_similarity_control,S1_pair+F1,val,912,7822,hg19,1,0.1558159589767456
gcn_graph_b,graph_b_guide_similarity_control,S1_pair+F1,val,913,7822,hg19,1,0.15872684121131897
gcn_graph_b,graph_b_guide_similarity_control,S1_pair+F1,val,914,7822,hg19,1,0.15275971591472626
gcn_graph_b,graph_b_guide_similarity_control,S1_pair+F1,val,915,7822,hg19,1,0.14808033406734467
gcn_graph_b,graph_b_guide_similarity_control,S1_pair+F1,val,916,7822,hg19,1,0.15129001438617706
gcn_graph_b,graph_b_guide_similarity_control,S1_pair+F1,val,917,7822,hg19,1,0.15998858213424683
gcn_graph_b,graph_b_guide_similarity_control,S1_pair+F1,val,918,7822,hg19,1,0.17785118520259857
gcn_graph_b,graph_b_guide_similarity_control,S1_pair+F1,val,919,7822,hg19,1,0.21900822222232819
gcn_graph_b,graph_b_guide_similarity_control,S1_pair+F1,val,920,7822,hg19,1,0.1658165156841278
gcn_graph_b,graph_b_guide_similarity_control,S1_pair+F1,val,921,7822,hg19,1,0.14265725016593933
gcn_graph_b,graph_b_guide_similarity_control,S1_pair+F1,val,922,7822,hg19,1,0.1403256058692932
gcn_graph_b,graph_b_guide_similarity_control,S1_pair+F1,val,923,7822,hg19,1,0.14267705380916595
gcn_graph_b,graph_b_guide_similarity_control,S1_pair+F1,val,924,7822,hg19,1,0.15026740729808807
gcn_graph_b,graph_b_guide_similarity_control,S1_pair+F1,val,925,7822,hg19,1,0.20591513812541962
gcn_graph_b,graph_b_guide_similarity_control,S1_pair+F1,val,926,7822,hg19,1,0.15284165740013123
gcn_graph_b,graph_b_guide_similarity_control,S1_pair+F1,val,927,7822,hg19,1,0.14546950161457062
gcn_graph_b,graph_b_guide_similarity_control,S1_pair+F1,val,928,7822,hg19,1,0.13851739466190338
gcn_graph_b,graph_b_guide_similarity_control,S1_pair+F1,val,929,7822,hg19,1,0.15272590517997742
gcn_graph_b,graph_b_guide_similarity_control,S1_pair+F1,val,930,7822,hg19,1,0.16117246448993683
gcn_graph_b,graph_b_guide_similarity_control,S1_pair+F1,val,931,7822,hg19,1,0.1594470590353012
gcn_graph_b,graph_b_guide_similarity_control,S1_pair+F1,val,932,7822,hg19,1,0.1409108191728592
gcn_graph_b,graph_b_guide_similarity_control,S1_pair+F1,val,933,7822,hg19,1,0.15944026410579681
gcn_graph_b,graph_b_guide_similarity_control,S1_pair+F1,val,934,7822,hg19,1,0.15029992163181305
gcn_graph_b,graph_b_guide_similarity_control,S1_pair+F1,val,935,7822,hg19,1,0.15155071020126343
gcn_graph_b,graph_b_guide_similarity_control,S1_pair+F1,val,936,7822,hg19,1,0.1527024507522583
gcn_graph_b,graph_b_guide_similarity_control,S1_pair+F1,val,937,7822,hg19,1,0.14619608223438263
gcn_graph_b,graph_b_guide_similarity_control,S1_pair+F1,val,938,7822,hg19,1,0.21909427642822266
gcn_graph_b,graph_b_guide_similarity_control,S1_pair+F1,val,939,7822,hg19,1,0.1595468372106552
gcn_graph_b,graph_b_guide_similarity_control,S1_pair+F1,val,940,7822,hg19,1,0.15220952033996582
gcn_graph_b,graph_b_guide_similarity_control,S1_pair+F1,val,941,7822,hg19,1,0.16635914146900177
gcn_graph_b,graph_b_guide_similarity_control,S1_pair+F1,val,942,7822,hg19,1,0.1505114734172821
gcn_graph_b,graph_b_guide_similarity_control,S1_pair+F1,val,943,7822,hg19,1,0.23450857400894165
gcn_graph_b,graph_b_guide_similarity_control,S1_pair+F1,val,944,7822,hg19,1,0.1503915786743164
gcn_graph_b,graph_b_guide_similarity_control,S1_pair+F1,val,945,7822,hg19,1,0.1522422730922699
gcn_graph_b,graph_b_guide_similarity_control,S1_pair+F1,val,946,7822,hg19,1,0.16642342507839203
gcn_graph_b,graph_b_guide_similarity_control,S1_pair+F1,val,947,7822,hg19,1,0.19038544595241547
gcn_graph_b,graph_b_guide_similarity_control,S1_pair+F1,val,948,7822,hg19,1,0.1521851271390915
gcn_graph_b,graph_b_guide_similarity_control,S1_pair+F1,val,949,7822,hg19,1,0.16500909626483917
gcn_graph_b,graph_b_guide_similarity_control,S1_pair+F1,val,950,7822,hg19,1,0.15667268633842468
gcn_graph_b,graph_b_guide_similarity_control,S1_pair+F1,val,951,7822,hg19,1,0.1552935540676117
gcn_graph_b,graph_b_guide_similarity_control,S1_pair+F1,val,952,7822,hg19,1,0.16436660289764404
gcn_graph_b,graph_b_guide_similarity_control,S1_pair+F1,val,953,7822,hg19,1,0.14061734080314636
gcn_graph_b,graph_b_guide_similarity_control,S1_pair+F1,val,954,7822,hg19,1,0.15830601751804352
gcn_graph_b,graph_b_guide_similarity_control,S1_pair+F1,val,955,7822,hg19,1,0.1455175131559372
gcn_graph_b,graph_b_guide_similarity_control,S1_pair+F1,val,956,7822,hg19,1,0.15503381192684174
gcn_graph_b,graph_b_guide_similarity_control,S1_pair+F1,val,957,7822,hg19,1,0.1511922925710678
gcn_graph_b,graph_b_guide_similarity_control,S1_pair+F1,val,958,7822,hg19,1,0.14925538003444672
gcn_graph_b,graph_b_guide_similarity_control,S1_pair+F1,val,959,7822,hg19,1,0.1600092202425003
gcn_graph_b,graph_b_guide_similarity_control,S1_pair+F1,val,960,7822,hg19,1,0.1461075097322464
gcn_graph_b,graph_b_guide_similarity_control,S1_pair+F1,val,961,7822,hg19,1,0.16720876097679138
gcn_graph_b,graph_b_guide_similarity_control,S1_pair+F1,val,962,7822,hg19,1,0.144354447722435
gcn_graph_b,graph_b_guide_similarity_control,S1_pair+F1,val,963,7822,hg19,1,0.14557573199272156
gcn_graph_b,graph_b_guide_similarity_control,S1_pair+F1,val,964,7822,hg19,1,0.1460670381784439
gcn_graph_b,graph_b_guide_similarity_control,S1_pair+F1,val,965,7822,hg19,1,0.1484307050704956
gcn_graph_b,graph_b_guide_similarity_control,S1_pair+F1,val,966,7822,hg19,1,0.14103814959526062
gcn_graph_b,graph_b_guide_similarity_control,S1_pair+F1,val,967,7822,hg19,1,0.15275095403194427
gcn_graph_b,graph_b_guide_similarity_control,S1_pair+F1,val,968,7822,hg19,1,0.20423689484596252
gcn_graph_b,graph_b_guide_similarity_control,S1_pair+F1,val,969,7822,hg19,1,0.1558760404586792
gcn_graph_b,graph_b_guide_similarity_control,S1_pair+F1,val,970,7822,hg19,1,0.15947459638118744
gcn_graph_b,graph_b_guide_similarity_control,S1_pair+F1,val,971,7822,hg19,1,0.21974295377731323
gcn_graph_b,graph_b_guide_similarity_control,S1_pair+F1,val,972,7822,hg19,1,0.12315619736909866
gcn_graph_b,graph_b_guide_similarity_control,S1_pair+F1,val,973,7822,hg19,1,0.15605013072490692
gcn_graph_b,graph_b_guide_similarity_control,S1_pair+F1,val,974,7822,hg19,1,0.14433646202087402
gcn_graph_b,graph_b_guide_similarity_control,S1_pair+F1,val,975,7822,hg19,1,0.14717645943164825
gcn_graph_b,graph_b_guide_similarity_control,S1_pair+F1,val,976,7822,hg19,1,0.13532815873622894
gcn_graph_b,graph_b_guide_similarity_control,S1_pair+F1,val,977,7822,hg19,1,0.16239996254444122
gcn_graph_b,graph_b_guide_similarity_control,S1_pair+F1,val,978,7822,hg19,1,0.1460675746202469
gcn_graph_b,graph_b_guide_similarity_control,S1_pair+F1,val,979,7822,hg19,1,0.16177326440811157
gcn_graph_b,graph_b_guide_similarity_control,S1_pair+F1,val,980,7822,hg19,1,0.13720589876174927
gcn_graph_b,graph_b_guide_similarity_control,S1_pair+F1,val,981,7822,hg19,1,0.15634606778621674
gcn_graph_b,graph_b_guide_similarity_control,S1_pair+F1,val,982,7822,hg19,1,0.18617013096809387
gcn_graph_b,graph_b_guide_similarity_control,S1_pair+F1,val,983,7822,hg19,1,0.14171616733074188
gcn_graph_b,graph_b_guide_similarity_control,S1_pair+F1,val,984,7822,hg19,1,0.15353211760520935
gcn_graph_b,graph_b_guide_similarity_control,S1_pair+F1,val,985,7822,hg19,1,0.14790162444114685
gcn_graph_b,graph_b_guide_similarity_control,S1_pair+F1,val,986,7822,hg19,1,0.13900010287761688
gcn_graph_b,graph_b_guide_similarity_control,S1_pair+F1,val,987,7822,hg19,1,0.16203364729881287
gcn_graph_b,graph_b_guide_similarity_control,S1_pair+F1,val,988,7822,hg19,1,0.14708879590034485
gcn_graph_b,graph_b_guide_similarity_control,S1_pair+F1,val,989,7822,hg19,1,0.1755022257566452
gcn_graph_b,graph_b_guide_similarity_control,S1_pair+F1,val,990,7822,hg19,1,0.15904924273490906
gcn_graph_b,graph_b_guide_similarity_control,S1_pair+F1,val,991,7822,hg19,1,0.162371426820755
gcn_graph_b,graph_b_guide_similarity_control,S1_pair+F1,val,992,7822,hg19,1,0.15385518968105316
gcn_graph_b,graph_b_guide_similarity_control,S1_pair+F1,val,993,7822,hg19,1,0.16457109153270721
gcn_graph_b,graph_b_guide_similarity_control,S1_pair+F1,val,994,7822,hg19,1,0.171893909573555
gcn_graph_b,graph_b_guide_similarity_control,S1_pair+F1,val,995,7822,hg19,1,0.15208016335964203
gcn_graph_b,graph_b_guide_similarity_control,S1_pair+F1,val,996,7822,hg19,1,0.14503946900367737
gcn_graph_b,graph_b_guide_similarity_control,S1_pair+F1,val,997,7822,hg19,1,0.18266887962818146
gcn_graph_b,graph_b_guide_similarity_control,S1_pair+F1,val,998,7822,hg19,1,0.13773290812969208
gcn_graph_b,graph_b_guide_similarity_control,S1_pair+F1,val,999,7822,hg19,1,0.1473211795091629
gcn_graph_b,graph_b_guide_similarity_control,S1_pair+F1,val,1000,7822,hg19,1,0.15371806919574738
gcn_graph_b,graph_b_guide_similarity_control,S1_pair+F1,val,1001,7822,hg19,1,0.14827154576778412
gcn_graph_b,graph_b_guide_similarity_control,S1_pair+F1,val,1002,7822,hg19,1,0.22307270765304565
gcn_graph_b,graph_b_guide_similarity_control,S1_pair+F1,val,1003,7822,hg19,1,0.15105541050434113
gcn_graph_b,graph_b_guide_similarity_control,S1_pair+F1,val,1004,7822,hg19,1,0.16007591784000397
gcn_graph_b,graph_b_guide_similarity_control,S1_pair+F1,val,1005,7822,hg19,1,0.15835504233837128
gcn_graph_b,graph_b_guide_similarity_control,S1_pair+F1,val,1006,7822,hg19,1,0.16895858943462372
gcn_graph_b,graph_b_guide_similarity_control,S1_pair+F1,val,1007,7822,hg19,1,0.150638610124588
gcn_graph_b,graph_b_guide_similarity_control,S1_pair+F1,val,1008,7822,hg19,1,0.1471511423587799
gcn_graph_b,graph_b_guide_similarity_control,S1_pair+F1,val,1009,7822,hg19,1,0.17158012092113495
gcn_graph_b,graph_b_guide_similarity_control,S1_pair+F1,val,1010,7822,hg19,1,0.1527753323316574
gcn_graph_b,graph_b_guide_similarity_control,S1_pair+F1,val,1011,7822,hg19,1,0.1690637618303299
gcn_graph_b,graph_b_guide_similarity_control,S1_pair+F1,val,1012,7822,hg19,1,0.1534881293773651
gcn_graph_b,graph_b_guide_similarity_control,S1_pair+F1,val,1013,7822,hg19,1,0.20228101313114166
gcn_graph_b,graph_b_guide_similarity_control,S1_pair+F1,val,1014,7822,hg19,1,0.1667999029159546
gcn_graph_b,graph_b_guide_similarity_control,S1_pair+F1,val,1015,7822,hg19,1,0.1459260731935501
gcn_graph_b,graph_b_guide_similarity_control,S1_pair+F1,val,1016,7822,hg19,1,0.14907206594944
gcn_graph_b,graph_b_guide_similarity_control,S1_pair+F1,val,1017,7822,hg19,1,0.15141086280345917
gcn_graph_b,graph_b_guide_similarity_control,S1_pair+F1,val,1018,7822,hg19,1,0.1495482474565506
gcn_graph_b,graph_b_guide_similarity_control,S1_pair+F1,val,1019,7822,hg19,1,0.13707301020622253
gcn_graph_b,graph_b_guide_similarity_control,S1_pair+F1,val,1020,7822,hg19,1,0.16852562129497528
gcn_graph_b,graph_b_guide_similarity_control,S1_pair+F1,val,1021,7822,hg19,1,0.16664963960647583
gcn_graph_b,graph_b_guide_similarity_control,S1_pair+F1,val,1022,7822,hg19,1,0.15965303778648376
gcn_graph_b,graph_b_guide_similarity_control,S1_pair+F1,val,1023,7822,hg19,1,0.17057295143604279
gcn_graph_b,graph_b_guide_similarity_control,S1_pair+F1,val,1024,7822,hg19,1,0.17348988354206085
gcn_graph_b,graph_b_guide_similarity_control,S1_pair+F1,val,1025,7822,hg19,1,0.1459638774394989
gcn_graph_b,graph_b_guide_similarity_control,S1_pair+F1,val,1026,7822,hg19,1,0.14275899529457092
gcn_graph_b,graph_b_guide_similarity_control,S1_pair+F1,val,1027,7822,hg19,1,0.18929432332515717
gcn_graph_b,graph_b_guide_similarity_control,S1_pair+F1,val,1028,7822,hg19,1,0.15424372255802155
gcn_graph_b,graph_b_guide_similarity_control,S1_pair+F1,val,1029,7822,hg19,1,0.15165190398693085
gcn_graph_b,graph_b_guide_similarity_control,S1_pair+F1,val,1030,7822,hg19,1,0.16070102155208588
gcn_graph_b,graph_b_guide_similarity_control,S1_pair+F1,val,1031,7822,hg19,1,0.15945889055728912
gcn_graph_b,graph_b_guide_similarity_control,S1_pair+F1,val,1032,7822,hg19,1,0.1671615093946457
gcn_graph_b,graph_b_guide_similarity_control,S1_pair+F1,val,1033,7822,hg19,1,0.14946609735488892
gcn_graph_b,graph_b_guide_similarity_control,S1_pair+F1,val,1034,7822,hg19,1,0.16548572480678558
gcn_graph_b,graph_b_guide_similarity_control,S1_pair+F1,val,1035,7822,hg19,1,0.14986586570739746
gcn_graph_b,graph_b_guide_similarity_control,S1_pair+F1,val,1036,7822,hg19,1,0.14558835327625275
gcn_graph_b,graph_b_guide_similarity_control,S1_pair+F1,val,1037,7822,hg19,1,0.1726660281419754
gcn_graph_b,graph_b_guide_similarity_control,S1_pair+F1,val,1038,7822,hg19,1,0.14042223989963531
gcn_graph_b,graph_b_guide_similarity_control,S1_pair+F1,val,1039,7822,hg19,1,0.15800556540489197
gcn_graph_b,graph_b_guide_similarity_control,S1_pair+F1,val,1040,7822,hg19,1,0.16360166668891907
gcn_graph_b,graph_b_guide_similarity_control,S1_pair+F1,val,1041,7822,hg19,1,0.1490882933139801
gcn_graph_b,graph_b_guide_similarity_control,S1_pair+F1,val,1042,7822,hg19,1,0.1650066375732422
gcn_graph_b,graph_b_guide_similarity_control,S1_pair+F1,val,1043,7822,hg19,1,0.15374644100666046
gcn_graph_b,graph_b_guide_similarity_control,S1_pair+F1,val,1044,7822,hg19,1,0.15804055333137512
gcn_graph_b,graph_b_guide_similarity_control,S1_pair+F1,val,1045,7822,hg19,1,0.15072794258594513
gcn_graph_b,graph_b_guide_similarity_control,S1_pair+F1,val,1046,7822,hg19,1,0.17684964835643768
gcn_graph_b,graph_b_guide_similarity_control,S1_pair+F1,val,1047,7822,hg19,1,0.14637331664562225
gcn_graph_b,graph_b_guide_similarity_control,S1_pair+F1,val,1048,7822,hg19,1,0.13306370377540588
gcn_graph_b,graph_b_guide_similarity_control,S1_pair+F1,val,1049,7822,hg19,1,0.14986875653266907
gcn_graph_b,graph_b_guide_similarity_control,S1_pair+F1,val,1050,7822,hg19,1,0.1641383022069931
gcn_graph_b,graph_b_guide_similarity_control,S1_pair+F1,val,1051,7822,hg19,1,0.14209219813346863
gcn_graph_b,graph_b_guide_similarity_control,S1_pair+F1,val,1052,7822,hg19,1,0.1584397256374359
gcn_graph_b,graph_b_guide_similarity_control,S1_pair+F1,val,1053,7822,hg19,1,0.16411377489566803
gcn_graph_b,graph_b_guide_similarity_control,S1_pair+F1,val,1054,7822,hg19,1,0.14388638734817505
gcn_graph_b,graph_b_guide_similarity_control,S1_pair+F1,val,1055,7822,hg19,1,0.15337133407592773
gcn_graph_b,graph_b_guide_similarity_control,S1_pair+F1,val,1056,7822,hg19,1,0.15916740894317627
gcn_graph_b,graph_b_guide_similarity_control,S1_pair+F1,val,1057,7822,hg19,1,0.14662715792655945
gcn_graph_b,graph_b_guide_similarity_control,S1_pair+F1,val,1058,7822,hg19,1,0.1365804374217987
gcn_graph_b,graph_b_guide_similarity_control,S1_pair+F1,val,1059,7822,hg19,1,0.17994122207164764
gcn_graph_b,graph_b_guide_similarity_control,S1_pair+F1,val,1060,7822,hg19,1,0.15193308889865875
gcn_graph_b,graph_b_guide_similarity_control,S1_pair+F1,val,1061,7822,hg19,1,0.16269509494304657
gcn_graph_b,graph_b_guide_similarity_control,S1_pair+F1,val,1062,7822,hg19,1,0.17976224422454834
gcn_graph_b,graph_b_guide_similarity_control,S1_pair+F1,val,1063,7822,hg19,1,0.1444014608860016
gcn_graph_b,graph_b_guide_similarity_control,S1_pair+F1,val,1064,7822,hg19,1,0.1601923555135727
gcn_graph_b,graph_b_guide_similarity_control,S1_pair+F1,val,1065,7822,hg19,1,0.1562894582748413
gcn_graph_b,graph_b_guide_similarity_control,S1_pair+F1,val,1066,7822,hg19,1,0.16125063598155975
gcn_graph_b,graph_b_guide_similarity_control,S1_pair+F1,val,1067,7822,hg19,1,0.1610260158777237
gcn_graph_b,graph_b_guide_similarity_control,S1_pair+F1,val,1068,7822,hg19,1,0.15949316322803497
gcn_graph_b,graph_b_guide_similarity_control,S1_pair+F1,val,1069,7822,hg19,1,0.15658807754516602
gcn_graph_b,graph_b_guide_similarity_control,S1_pair+F1,val,1070,7822,hg19,1,0.14296649396419525
gcn_graph_b,graph_b_guide_similarity_control,S1_pair+F1,val,1071,7822,hg19,1,0.16939133405685425
gcn_graph_b,graph_b_guide_similarity_control,S1_pair+F1,val,1072,7822,hg19,1,0.1545792520046234
gcn_graph_b,graph_b_guide_similarity_control,S1_pair+F1,val,1073,7822,hg19,1,0.14755788445472717
gcn_graph_b,graph_b_guide_similarity_control,S1_pair+F1,val,1074,7822,hg19,1,0.14642243087291718
gcn_graph_b,graph_b_guide_similarity_control,S1_pair+F1,val,1075,7822,hg19,1,0.1489221304655075
gcn_graph_b,graph_b_guide_similarity_control,S1_pair+F1,val,1076,7822,hg19,1,0.14770999550819397
gcn_graph_b,graph_b_guide_similarity_control,S1_pair+F1,val,1077,7822,hg19,1,0.1632544845342636
gcn_graph_b,graph_b_guide_similarity_control,S1_pair+F1,val,1078,7822,hg19,1,0.14785149693489075
gcn_graph_b,graph_b_guide_similarity_control,S1_pair+F1,val,1079,7822,hg19,1,0.15491849184036255
gcn_graph_b,graph_b_guide_similarity_control,S1_pair+F1,val,1080,7822,hg19,1,0.16187356412410736
gcn_graph_b,graph_b_guide_similarity_control,S1_pair+F1,val,1081,7822,hg19,1,0.16088272631168365
gcn_graph_b,graph_b_guide_similarity_control,S1_pair+F1,val,1082,7822,hg19,1,0.15104714035987854
gcn_graph_b,graph_b_guide_similarity_control,S1_pair+F1,val,1083,7822,hg19,1,0.14109888672828674
gcn_graph_b,graph_b_guide_similarity_control,S1_pair+F1,val,1084,7822,hg19,1,0.14997151494026184
gcn_graph_b,graph_b_guide_similarity_control,S1_pair+F1,val,1085,7822,hg19,1,0.15120930969715118
gcn_graph_b,graph_b_guide_similarity_control,S1_pair+F1,val,1086,7822,hg19,1,0.15254046022891998
gcn_graph_b,graph_b_guide_similarity_control,S1_pair+F1,val,1087,7822,hg19,1,0.1775701493024826
gcn_graph_b,graph_b_guide_similarity_control,S1_pair+F1,val,1088,7822,hg19,1,0.1542878895998001
gcn_graph_b,graph_b_guide_similarity_control,S1_pair+F1,val,1089,7822,hg19,1,0.16437272727489471
gcn_graph_b,graph_b_guide_similarity_control,S1_pair+F1,val,1090,7822,hg19,1,0.15342746675014496
gcn_graph_b,graph_b_guide_similarity_control,S1_pair+F1,val,1091,7822,hg19,1,0.1591644287109375
gcn_graph_b,graph_b_guide_similarity_control,S1_pair+F1,val,1092,7822,hg19,1,0.1433531492948532
gcn_graph_b,graph_b_guide_similarity_control,S1_pair+F1,val,1093,7822,hg19,1,0.15749652683734894
gcn_graph_b,graph_b_guide_similarity_control,S1_pair+F1,val,1094,7822,hg19,1,0.14379405975341797
gcn_graph_b,graph_b_guide_similarity_control,S1_pair+F1,val,1095,7822,hg19,1,0.17271165549755096
gcn_graph_b,graph_b_guide_similarity_control,S1_pair+F1,val,1096,7822,hg19,1,0.1552921086549759
gcn_graph_b,graph_b_guide_similarity_control,S1_pair+F1,val,1097,7822,hg19,1,0.1526474505662918
gcn_graph_b,graph_b_guide_similarity_control,S1_pair+F1,val,1098,7822,hg19,1,0.14236728847026825
gcn_graph_b,graph_b_guide_similarity_control,S1_pair+F1,val,1099,7822,hg19,1,0.1395832896232605
gcn_graph_b,graph_b_guide_similarity_control,S1_pair+F1,val,1100,7822,hg19,1,0.15833334624767303
gcn_graph_b,graph_b_guide_similarity_control,S1_pair+F1,val,1101,7822,hg19,1,0.15172931551933289
gcn_graph_b,graph_b_guide_similarity_control,S1_pair+F1,val,1102,7822,hg19,1,0.13931462168693542
gcn_graph_b,graph_b_guide_similarity_control,S1_pair+F1,val,1103,7822,hg19,1,0.1766456961631775
gcn_graph_b,graph_b_guide_similarity_control,S1_pair+F1,val,1104,7822,hg19,1,0.1439211517572403
gcn_graph_b,graph_b_guide_similarity_control,S1_pair+F1,val,1105,7822,hg19,1,0.16868992149829865
gcn_graph_b,graph_b_guide_similarity_control,S1_pair+F1,val,1106,7822,hg19,1,0.1559189409017563
gcn_graph_b,graph_b_guide_similarity_control,S1_pair+F1,val,1107,7822,hg19,1,0.1278514713048935
gcn_graph_b,graph_b_guide_similarity_control,S1_pair+F1,val,1108,7822,hg19,1,0.17983020842075348
gcn_graph_b,graph_b_guide_similarity_control,S1_pair+F1,val,1109,7822,hg19,1,0.14365623891353607
gcn_graph_b,graph_b_guide_similarity_control,S1_pair+F1,val,1110,7822,hg19,1,0.14948472380638123
gcn_graph_b,graph_b_guide_similarity_control,S1_pair+F1,val,1111,7822,hg19,1,0.14621798694133759
gcn_graph_b,graph_b_guide_similarity_control,S1_pair+F1,val,1112,7822,hg19,1,0.17879228293895721
gcn_graph_b,graph_b_guide_similarity_control,S1_pair+F1,val,1113,7822,hg19,1,0.15167340636253357
gcn_graph_b,graph_b_guide_similarity_control,S1_pair+F1,val,1114,7822,hg19,1,0.14423224329948425
gcn_graph_b,graph_b_guide_similarity_control,S1_pair+F1,val,1115,7822,hg19,1,0.16922341287136078
gcn_graph_b,graph_b_guide_similarity_control,S1_pair+F1,val,1116,7822,hg19,1,0.16933786869049072
gcn_graph_b,graph_b_guide_similarity_control,S1_pair+F1,val,1117,7822,hg19,1,0.16871698200702667
gcn_graph_b,graph_b_guide_similarity_control,S1_pair+F1,val,1118,7822,hg19,1,0.15719634294509888
gcn_graph_b,graph_b_guide_similarity_control,S1_pair+F1,val,1119,7822,hg19,1,0.14348746836185455
gcn_graph_b,graph_b_guide_similarity_control,S1_pair+F1,val,1120,7822,hg19,1,0.14906077086925507
gcn_graph_b,graph_b_guide_similarity_control,S1_pair+F1,val,1121,7822,hg19,1,0.14250805974006653
gcn_graph_b,graph_b_guide_similarity_control,S1_pair+F1,val,1122,7822,hg19,1,0.17358560860157013
gcn_graph_b,graph_b_guide_similarity_control,S1_pair+F1,val,1123,7822,hg19,1,0.16202734410762787
gcn_graph_b,graph_b_guide_similarity_control,S1_pair+F1,val,1124,7822,hg19,1,0.14391162991523743
gcn_graph_b,graph_b_guide_similarity_control,S1_pair+F1,val,1125,7822,hg19,1,0.1621393859386444
gcn_graph_b,graph_b_guide_similarity_control,S1_pair+F1,val,1126,7822,hg19,1,0.14472264051437378
gcn_graph_b,graph_b_guide_similarity_control,S1_pair+F1,val,1127,7822,hg19,1,0.1584068238735199
gcn_graph_b,graph_b_guide_similarity_control,S1_pair+F1,val,1128,7822,hg19,1,0.1630493849515915
gcn_graph_b,graph_b_guide_similarity_control,S1_pair+F1,val,1129,7822,hg19,1,0.15742601454257965
gcn_graph_b,graph_b_guide_similarity_control,S1_pair+F1,val,1130,7822,hg19,1,0.15682511031627655
gcn_graph_b,graph_b_guide_similarity_control,S1_pair+F1,val,1131,7822,hg19,1,0.13977880775928497
gcn_graph_b,graph_b_guide_similarity_control,S1_pair+F1,val,1132,7822,hg19,1,0.16341307759284973
gcn_graph_b,graph_b_guide_similarity_control,S1_pair+F1,val,1133,7822,hg19,1,0.14338846504688263
gcn_graph_b,graph_b_guide_similarity_control,S1_pair+F1,val,1134,7822,hg19,1,0.14234846830368042
gcn_graph_b,graph_b_guide_similarity_control,S1_pair+F1,val,1135,7822,hg19,1,0.172159805893898
gcn_graph_b,graph_b_guide_similarity_control,S1_pair+F1,val,1136,7822,hg19,1,0.16852471232414246
gcn_graph_b,graph_b_guide_similarity_control,S1_pair+F1,val,1137,7822,hg19,1,0.16271789371967316
gcn_graph_b,graph_b_guide_similarity_control,S1_pair+F1,val,1138,7822,hg19,1,0.16583052277565002
gcn_graph_b,graph_b_guide_similarity_control,S1_pair+F1,val,1139,7822,hg19,1,0.1770157814025879
gcn_graph_b,graph_b_guide_similarity_control,S1_pair+F1,val,1140,7822,hg19,1,0.14299575984477997
gcn_graph_b,graph_b_guide_similarity_control,S1_pair+F1,val,1141,7822,hg19,1,0.16174615919589996
gcn_graph_b,graph_b_guide_similarity_control,S1_pair+F1,val,1142,7822,hg19,1,0.15174007415771484
gcn_graph_b,graph_b_guide_similarity_control,S1_pair+F1,val,1143,7822,hg19,1,0.14101555943489075
gcn_graph_b,graph_b_guide_similarity_control,S1_pair+F1,val,1144,7822,hg19,1,0.13983125984668732
gcn_graph_b,graph_b_guide_similarity_control,S1_pair+F1,val,1145,7822,hg19,1,0.16510896384716034
gcn_graph_b,graph_b_guide_similarity_control,S1_pair+F1,val,1146,7822,hg19,1,0.16838108003139496
gcn_graph_b,graph_b_guide_similarity_control,S1_pair+F1,val,1147,7822,hg19,1,0.13882260024547577
gcn_graph_b,graph_b_guide_similarity_control,S1_pair+F1,val,1148,7822,hg19,1,0.1566162109375
gcn_graph_b,graph_b_guide_similarity_control,S1_pair+F1,val,1149,7822,hg19,1,0.17857465147972107
gcn_graph_b,graph_b_guide_similarity_control,S1_pair+F1,val,1150,7822,hg19,1,0.16390535235404968
gcn_graph_b,graph_b_guide_similarity_control,S1_pair+F1,val,1151,7822,hg19,1,0.14723676443099976
gcn_graph_b,graph_b_guide_similarity_control,S1_pair+F1,val,1152,7822,hg19,1,0.15778693556785583
gcn_graph_b,graph_b_guide_similarity_control,S1_pair+F1,val,1153,7822,hg19,1,0.14664272964000702
gcn_graph_b,graph_b_guide_similarity_control,S1_pair+F1,val,1154,7822,hg19,1,0.15060338377952576
gcn_graph_b,graph_b_guide_similarity_control,S1_pair+F1,val,1155,7822,hg19,1,0.1490757316350937
gcn_graph_b,graph_b_guide_similarity_control,S1_pair+F1,val,1156,7822,hg19,1,0.1518811732530594
gcn_graph_b,graph_b_guide_similarity_control,S1_pair+F1,val,1157,7822,hg19,1,0.1698160022497177
gcn_graph_b,graph_b_guide_similarity_control,S1_pair+F1,val,1158,7822,hg19,1,0.17158012092113495
gcn_graph_b,graph_b_guide_similarity_control,S1_pair+F1,val,1159,7822,hg19,1,0.14998051524162292
gcn_graph_b,graph_b_guide_similarity_control,S1_pair+F1,val,1160,7822,hg19,1,0.15451954305171967
gcn_graph_b,graph_b_guide_similarity_control,S1_pair+F1,val,1161,7822,hg19,1,0.16332250833511353
gcn_graph_b,graph_b_guide_similarity_control,S1_pair+F1,val,1162,7822,hg19,1,0.14694294333457947
gcn_graph_b,graph_b_guide_similarity_control,S1_pair+F1,val,1163,7822,hg19,1,0.13300693035125732
gcn_graph_b,graph_b_guide_similarity_control,S1_pair+F1,val,1164,7822,hg19,1,0.15862102806568146
gcn_graph_b,graph_b_guide_similarity_control,S1_pair+F1,val,1165,7822,hg19,1,0.15409450232982635
gcn_graph_b,graph_b_guide_similarity_control,S1_pair+F1,val,1166,7822,hg19,1,0.13844910264015198
gcn_graph_b,graph_b_guide_similarity_control,S1_pair+F1,val,1167,7822,hg19,1,0.14300230145454407
gcn_graph_b,graph_b_guide_similarity_control,S1_pair+F1,val,1168,7822,hg19,1,0.14447076618671417
gcn_graph_b,graph_b_guide_similarity_control,S1_pair+F1,val,1169,7822,hg19,1,0.16849419474601746
gcn_graph_b,graph_b_guide_similarity_control,S1_pair+F1,val,1170,7822,hg19,1,0.16046790778636932
gcn_graph_b,graph_b_guide_similarity_control,S1_pair+F1,val,1171,7822,hg19,1,0.14488111436367035
gcn_graph_b,graph_b_guide_similarity_control,S1_pair+F1,val,1172,7822,hg19,1,0.13996654748916626
gcn_graph_b,graph_b_guide_similarity_control,S1_pair+F1,val,1173,7822,hg19,1,0.15059787034988403
gcn_graph_b,graph_b_guide_similarity_control,S1_pair+F1,val,1174,7822,hg19,1,0.1559974104166031
gcn_graph_b,graph_b_guide_similarity_control,S1_pair+F1,val,1175,7822,hg19,1,0.14215606451034546
gcn_graph_b,graph_b_guide_similarity_control,S1_pair+F1,val,1176,7822,hg19,1,0.16946327686309814
gcn_graph_b,graph_b_guide_similarity_control,S1_pair+F1,val,1177,7822,hg19,1,0.14421507716178894
gcn_graph_b,graph_b_guide_similarity_control,S1_pair+F1,val,1178,7822,hg19,1,0.13824239373207092
gcn_graph_b,graph_b_guide_similarity_control,S1_pair+F1,val,1179,7822,hg19,1,0.15849612653255463
gcn_graph_b,graph_b_guide_similarity_control,S1_pair+F1,val,1180,7822,hg19,1,0.16921308636665344
gcn_graph_b,graph_b_guide_similarity_control,S1_pair+F1,val,1181,7822,hg19,1,0.14546950161457062
gcn_graph_b,graph_b_guide_similarity_control,S1_pair+F1,val,1182,7822,hg19,1,0.16079163551330566
gcn_graph_b,graph_b_guide_similarity_control,S1_pair+F1,val,1183,7822,hg19,1,0.14529258012771606
gcn_graph_b,graph_b_guide_similarity_control,S1_pair+F1,val,1184,7822,hg19,1,0.153412327170372
gcn_graph_b,graph_b_guide_similarity_control,S1_pair+F1,val,1185,7822,hg19,1,0.15087662637233734
gcn_graph_b,graph_b_guide_similarity_control,S1_pair+F1,val,1186,7822,hg19,1,0.15376557409763336
gcn_graph_b,graph_b_guide_similarity_control,S1_pair+F1,val,1187,7822,hg19,1,0.15766631066799164
gcn_graph_b,graph_b_guide_similarity_control,S1_pair+F1,val,1188,7822,hg19,1,0.15519021451473236
gcn_graph_b,graph_b_guide_similarity_control,S1_pair+F1,val,1189,7822,hg19,1,0.14657625555992126
gcn_graph_b,graph_b_guide_similarity_control,S1_pair+F1,val,1190,7822,hg19,1,0.1700669378042221
gcn_graph_b,graph_b_guide_similarity_control,S1_pair+F1,val,1191,7822,hg19,1,0.14670713245868683
gcn_graph_b,graph_b_guide_similarity_control,S1_pair+F1,val,1192,7822,hg19,1,0.15293492376804352
gcn_graph_b,graph_b_guide_similarity_control,S1_pair+F1,val,1193,7822,hg19,1,0.1441652774810791
gcn_graph_b,graph_b_guide_similarity_control,S1_pair+F1,val,1194,7822,hg19,1,0.14785236120224
gcn_graph_b,graph_b_guide_similarity_control,S1_pair+F1,val,1195,7822,hg19,1,0.13792559504508972
gcn_graph_b,graph_b_guide_similarity_control,S1_pair+F1,val,1196,7822,hg19,1,0.1421353965997696
gcn_graph_b,graph_b_guide_similarity_control,S1_pair+F1,val,1197,7822,hg19,1,0.1596474051475525
gcn_graph_b,graph_b_guide_similarity_control,S1_pair+F1,val,1198,7822,hg19,1,0.1462969332933426
gcn_graph_b,graph_b_guide_similarity_control,S1_pair+F1,val,1199,7822,hg19,1,0.16369521617889404
gcn_graph_b,graph_b_guide_similarity_control,S1_pair+F1,val,1200,7822,hg19,1,0.1389729529619217
gcn_graph_b,graph_b_guide_similarity_control,S1_pair+F1,val,1201,7822,hg19,1,0.14398996531963348
gcn_graph_b,graph_b_guide_similarity_control,S1_pair+F1,val,1202,7822,hg19,1,0.1524747759103775
gcn_graph_b,graph_b_guide_similarity_control,S1_pair+F1,val,1203,7822,hg19,1,0.14745430648326874
gcn_graph_b,graph_b_guide_similarity_control,S1_pair+F1,val,1204,7822,hg19,1,0.15575072169303894
gcn_graph_b,graph_b_guide_similarity_control,S1_pair+F1,val,1205,7822,hg19,1,0.1455681473016739
gcn_graph_b,graph_b_guide_similarity_control,S1_pair+F1,val,1206,7822,hg19,1,0.16228899359703064
gcn_graph_b,graph_b_guide_similarity_control,S1_pair+F1,val,1207,7822,hg19,1,0.17293792963027954
gcn_graph_b,graph_b_guide_similarity_control,S1_pair+F1,val,1208,7822,hg19,1,0.14244188368320465
gcn_graph_b,graph_b_guide_similarity_control,S1_pair+F1,val,1209,7822,hg19,1,0.14372064173221588
gcn_graph_b,graph_b_guide_similarity_control,S1_pair+F1,val,1210,7822,hg19,1,0.1412610560655594
gcn_graph_b,graph_b_guide_similarity_control,S1_pair+F1,val,1211,7822,hg19,1,0.14716026186943054
gcn_graph_b,graph_b_guide_similarity_control,S1_pair+F1,val,1212,7822,hg19,1,0.15584786236286163
gcn_graph_b,graph_b_guide_similarity_control,S1_pair+F1,val,1213,7822,hg19,1,0.15211182832717896
gcn_graph_b,graph_b_guide_similarity_control,S1_pair+F1,val,1214,7822,hg19,1,0.14650218188762665
gcn_graph_b,graph_b_guide_similarity_control,S1_pair+F1,val,1215,7822,hg19,1,0.1629069447517395
gcn_graph_b,graph_b_guide_similarity_control,S1_pair+F1,val,1216,7822,hg19,1,0.16495512425899506
gcn_graph_b,graph_b_guide_similarity_control,S1_pair+F1,val,1217,7822,hg19,1,0.15704011917114258
gcn_graph_b,graph_b_guide_similarity_control,S1_pair+F1,val,1218,7822,hg19,1,0.16262663900852203
gcn_graph_b,graph_b_guide_similarity_control,S1_pair+F1,val,1219,7822,hg19,1,0.15433165431022644
gcn_graph_b,graph_b_guide_similarity_control,S1_pair+F1,val,1220,7822,hg19,1,0.1583857238292694
gcn_graph_b,graph_b_guide_similarity_control,S1_pair+F1,val,1221,7822,hg19,1,0.15912586450576782
gcn_graph_b,graph_b_guide_similarity_control,S1_pair+F1,val,1222,7822,hg19,1,0.16349010169506073
gcn_graph_b,graph_b_guide_similarity_control,S1_pair+F1,val,1223,7822,hg19,1,0.15363788604736328
gcn_graph_b,graph_b_guide_similarity_control,S1_pair+F1,val,1224,7822,hg19,1,0.15466085076332092
gcn_graph_b,graph_b_guide_similarity_control,S1_pair+F1,val,1225,7822,hg19,1,0.15769001841545105
gcn_graph_b,graph_b_guide_similarity_control,S1_pair+F1,val,1226,7822,hg19,1,0.1871234029531479
gcn_graph_b,graph_b_guide_similarity_control,S1_pair+F1,val,1227,7822,hg19,1,0.13624340295791626
gcn_graph_b,graph_b_guide_similarity_control,S1_pair+F1,val,1228,7822,hg19,1,0.153330460190773
gcn_graph_b,graph_b_guide_similarity_control,S1_pair+F1,val,1229,7822,hg19,1,0.15602312982082367
gcn_graph_b,graph_b_guide_similarity_control,S1_pair+F1,val,1230,7822,hg19,1,0.15337246656417847
gcn_graph_b,graph_b_guide_similarity_control,S1_pair+F1,val,1231,7822,hg19,1,0.1737499237060547
gcn_graph_b,graph_b_guide_similarity_control,S1_pair+F1,val,1232,7822,hg19,1,0.13594689965248108
gcn_graph_b,graph_b_guide_similarity_control,S1_pair+F1,val,1233,7822,hg19,1,0.13075178861618042
gcn_graph_b,graph_b_guide_similarity_control,S1_pair+F1,val,1234,7822,hg19,1,0.15760567784309387
gcn_graph_b,graph_b_guide_similarity_control,S1_pair+F1,val,1235,7822,hg19,1,0.15105168521404266
gcn_graph_b,graph_b_guide_similarity_control,S1_pair+F1,val,1236,7822,hg19,1,0.1524873971939087
gcn_graph_b,graph_b_guide_similarity_control,S1_pair+F1,val,1237,7822,hg19,1,0.15246273577213287
gcn_graph_b,graph_b_guide_similarity_control,S1_pair+F1,val,1238,7822,hg19,1,0.15275266766548157
gcn_graph_b,graph_b_guide_similarity_control,S1_pair+F1,val,1239,7822,hg19,1,0.13333988189697266
gcn_graph_b,graph_b_guide_similarity_control,S1_pair+F1,val,1240,7822,hg19,1,0.15548501908779144
gcn_graph_b,graph_b_guide_similarity_control,S1_pair+F1,val,1241,7822,hg19,1,0.15658889710903168
gcn_graph_b,graph_b_guide_similarity_control,S1_pair+F1,val,1242,7822,hg19,1,0.13134455680847168
gcn_graph_b,graph_b_guide_similarity_control,S1_pair+F1,val,1243,7822,hg19,1,0.14747118949890137
gcn_graph_b,graph_b_guide_similarity_control,S1_pair+F1,val,1244,7822,hg19,1,0.15441974997520447
gcn_graph_b,graph_b_guide_similarity_control,S1_pair+F1,val,1245,7822,hg19,1,0.14601005613803864
gcn_graph_b,graph_b_guide_similarity_control,S1_pair+F1,val,1246,7822,hg19,1,0.14820128679275513
gcn_graph_b,graph_b_guide_similarity_control,S1_pair+F1,val,1247,7822,hg19,1,0.1702204942703247
gcn_graph_b,graph_b_guide_similarity_control,S1_pair+F1,val,1248,7822,hg19,1,0.14346648752689362
gcn_graph_b,graph_b_guide_similarity_control,S1_pair+F1,val,1249,7822,hg19,1,0.15712064504623413
gcn_graph_b,graph_b_guide_similarity_control,S1_pair+F1,val,1250,7822,hg19,1,0.1808447241783142
gcn_graph_b,graph_b_guide_similarity_control,S1_pair+F1,val,1251,7822,hg19,1,0.15659430623054504
gcn_graph_b,graph_b_guide_similarity_control,S1_pair+F1,val,1252,7822,hg19,1,0.1763443499803543
gcn_graph_b,graph_b_guide_similarity_control,S1_pair+F1,val,1253,7822,hg19,1,0.1549205332994461
gcn_graph_b,graph_b_guide_similarity_control,S1_pair+F1,val,1254,7822,hg19,1,0.15956418216228485
gcn_graph_b,graph_b_guide_similarity_control,S1_pair+F1,val,1255,7822,hg19,1,0.15723612904548645
gcn_graph_b,graph_b_guide_similarity_control,S1_pair+F1,val,1256,7822,hg19,1,0.1552576869726181
gcn_graph_b,graph_b_guide_similarity_control,S1_pair+F1,val,1257,7822,hg19,1,0.1548987478017807
gcn_graph_b,graph_b_guide_similarity_control,S1_pair+F1,val,1258,7822,hg19,1,0.1460750848054886
gcn_graph_b,graph_b_guide_similarity_control,S1_pair+F1,val,1259,7822,hg19,1,0.14965157210826874
gcn_graph_b,graph_b_guide_similarity_control,S1_pair+F1,val,1260,7822,hg19,1,0.1638193279504776
gcn_graph_b,graph_b_guide_similarity_control,S1_pair+F1,val,1261,7822,hg19,1,0.16041512787342072
gcn_graph_b,graph_b_guide_similarity_control,S1_pair+F1,val,1262,7822,hg19,1,0.14298443496227264
gcn_graph_b,graph_b_guide_similarity_control,S1_pair+F1,val,1263,7822,hg19,1,0.14455801248550415
gcn_graph_b,graph_b_guide_similarity_control,S1_pair+F1,val,1264,7822,hg19,1,0.13216760754585266
gcn_graph_b,graph_b_guide_similarity_control,S1_pair+F1,val,1265,7822,hg19,1,0.138179749250412
gcn_graph_b,graph_b_guide_similarity_control,S1_pair+F1,val,1266,7822,hg19,1,0.24158822000026703
gcn_graph_b,graph_b_guide_similarity_control,S1_pair+F1,val,1267,7822,hg19,1,0.17220944166183472
gcn_graph_b,graph_b_guide_similarity_control,S1_pair+F1,val,1268,7822,hg19,1,0.13831855356693268
gcn_graph_b,graph_b_guide_similarity_control,S1_pair+F1,val,1269,7822,hg19,1,0.15389154851436615
gcn_graph_b,graph_b_guide_similarity_control,S1_pair+F1,val,1270,7822,hg19,1,0.1466117650270462
gcn_graph_b,graph_b_guide_similarity_control,S1_pair+F1,val,1271,7822,hg19,1,0.16214992105960846
gcn_graph_b,graph_b_guide_similarity_control,S1_pair+F1,val,1272,7822,hg19,1,0.15972831845283508
gcn_graph_b,graph_b_guide_similarity_control,S1_pair+F1,val,1273,7822,hg19,1,0.13833600282669067
gcn_graph_b,graph_b_guide_similarity_control,S1_pair+F1,val,1274,7822,hg19,1,0.14824329316616058
gcn_graph_b,graph_b_guide_similarity_control,S1_pair+F1,val,1275,7822,hg19,1,0.16422314941883087
gcn_graph_b,graph_b_guide_similarity_control,S1_pair+F1,val,1276,7822,hg19,1,0.1439710557460785
gcn_graph_b,graph_b_guide_similarity_control,S1_pair+F1,val,1277,7822,hg19,1,0.14494673907756805
gcn_graph_b,graph_b_guide_similarity_control,S1_pair+F1,val,1278,7822,hg19,1,0.1531568467617035
gcn_graph_b,graph_b_guide_similarity_control,S1_pair+F1,val,1279,7822,hg19,1,0.16654539108276367
gcn_graph_b,graph_b_guide_similarity_control,S1_pair+F1,val,1280,7822,hg19,1,0.15461455285549164
gcn_graph_b,graph_b_guide_similarity_control,S1_pair+F1,val,1281,7822,hg19,1,0.1427755057811737
gcn_graph_b,graph_b_guide_similarity_control,S1_pair+F1,val,1282,7822,hg19,1,0.16390055418014526
gcn_graph_b,graph_b_guide_similarity_control,S1_pair+F1,val,1283,7822,hg19,1,0.1405191868543625
gcn_graph_b,graph_b_guide_similarity_control,S1_pair+F1,val,1284,7822,hg19,1,0.17147281765937805
gcn_graph_b,graph_b_guide_similarity_control,S1_pair+F1,val,1285,7822,hg19,1,0.1362912505865097
gcn_graph_b,graph_b_guide_similarity_control,S1_pair+F1,val,1286,7822,hg19,1,0.146050825715065
gcn_graph_b,graph_b_guide_similarity_control,S1_pair+F1,val,1287,7822,hg19,1,0.15726186335086823
gcn_graph_b,graph_b_guide_similarity_control,S1_pair+F1,val,1288,7822,hg19,1,0.15407830476760864
gcn_graph_b,graph_b_guide_similarity_control,S1_pair+F1,val,1289,7822,hg19,1,0.15382903814315796
gcn_graph_b,graph_b_guide_similarity_control,S1_pair+F1,val,1290,7822,hg19,1,0.1516261249780655
gcn_graph_b,graph_b_guide_similarity_control,S1_pair+F1,val,1291,7822,hg19,1,0.13541226089000702
gcn_graph_b,graph_b_guide_similarity_control,S1_pair+F1,val,1292,7822,hg19,1,0.14027220010757446
gcn_graph_b,graph_b_guide_similarity_control,S1_pair+F1,val,1293,7822,hg19,1,0.1499694287776947
gcn_graph_b,graph_b_guide_similarity_control,S1_pair+F1,val,1294,7822,hg19,1,0.16679184138774872
gcn_graph_b,graph_b_guide_similarity_control,S1_pair+F1,val,1295,7822,hg19,1,0.16541776061058044
gcn_graph_b,graph_b_guide_similarity_control,S1_pair+F1,val,1296,7822,hg19,1,0.1544131636619568
gcn_graph_b,graph_b_guide_similarity_control,S1_pair+F1,val,1297,7822,hg19,1,0.15220269560813904
gcn_graph_b,graph_b_guide_similarity_control,S1_pair+F1,val,1298,7822,hg19,1,0.15720568597316742
gcn_graph_b,graph_b_guide_similarity_control,S1_pair+F1,val,1299,7822,hg19,1,0.16446155309677124
gcn_graph_b,graph_b_guide_similarity_control,S1_pair+F1,val,1300,7822,hg19,1,0.16033463180065155
gcn_graph_b,graph_b_guide_similarity_control,S1_pair+F1,val,1301,7822,hg19,1,0.14707358181476593
gcn_graph_b,graph_b_guide_similarity_control,S1_pair+F1,val,1302,7822,hg19,1,0.2943773567676544
gcn_graph_b,graph_b_guide_similarity_control,S1_pair+F1,val,1303,9584,hg38,1,0.40584293007850647
gcn_graph_b,graph_b_guide_similarity_control,S1_pair+F1,val,1304,9584,hg38,1,0.3012900650501251
gcn_graph_b,graph_b_guide_similarity_control,S1_pair+F1,val,1305,9584,hg38,1,0.2845573425292969
gcn_graph_b,graph_b_guide_similarity_control,S1_pair+F1,val,1306,9584,hg38,1,0.34783053398132324
gcn_graph_b,graph_b_guide_similarity_control,S1_pair+F1,val,1307,9584,hg38,1,0.3582518696784973
gcn_graph_b,graph_b_guide_similarity_control,S1_pair+F1,val,1308,9584,hg38,1,0.34765633940696716
gcn_graph_b,graph_b_guide_similarity_control,S1_pair+F1,val,1309,9584,hg38,1,0.32791867852211
gcn_graph_b,graph_b_guide_similarity_control,S1_pair+F1,val,1310,9584,hg38,1,0.31695035099983215
gcn_graph_b,graph_b_guide_similarity_control,S1_pair+F1,val,1311,9584,hg38,1,0.32159313559532166
gcn_graph_b,graph_b_guide_similarity_control,S1_pair+F1,val,1312,9584,hg38,1,0.34867578744888306
gcn_graph_b,graph_b_guide_similarity_control,S1_pair+F1,val,1313,9584,hg38,1,0.2998475730419159
gcn_graph_b,graph_b_guide_similarity_control,S1_pair+F1,val,1314,9584,hg38,1,0.31602081656455994
gcn_graph_b,graph_b_guide_similarity_control,S1_pair+F1,val,1315,9584,hg38,1,0.33062031865119934
gcn_graph_b,graph_b_guide_similarity_control,S1_pair+F1,val,1316,9584,hg38,1,0.3678114414215088
gcn_graph_b,graph_b_guide_similarity_control,S1_pair+F1,val,1317,9584,hg38,1,0.3319081664085388
gcn_graph_b,graph_b_guide_similarity_control,S1_pair+F1,val,1318,9584,hg38,1,0.3175372779369354
gcn_graph_b,graph_b_guide_similarity_control,S1_pair+F1,val,1319,9584,hg38,1,0.3299187421798706
gcn_graph_b,graph_b_guide_similarity_control,S1_pair+F1,val,1320,9584,hg38,1,0.3459821939468384
gcn_graph_b,graph_b_guide_similarity_control,S1_pair+F1,val,1321,9584,hg38,1,0.3247324824333191
gcn_graph_b,graph_b_guide_similarity_control,S1_pair+F1,val,1322,9584,hg38,1,0.2956620156764984
gcn_graph_b,graph_b_guide_similarity_control,S1_pair+F1,val,1323,9584,hg38,1,0.2920254170894623
gcn_graph_b,graph_b_guide_similarity_control,S1_pair+F1,val,1324,9584,hg38,1,0.36524346470832825
gcn_graph_b,graph_b_guide_similarity_control,S1_pair+F1,val,1325,9584,hg38,1,0.3237885534763336
gcn_graph_b,graph_b_guide_similarity_control,S1_pair+F1,val,1326,9584,hg38,1,0.3439302444458008
gcn_graph_b,graph_b_guide_similarity_control,S1_pair+F1,val,1327,9584,hg38,1,0.3646620810031891
gcn_graph_b,graph_b_guide_similarity_control,S1_pair+F1,val,1328,9584,hg38,1,0.37229377031326294
gcn_graph_b,graph_b_guide_similarity_control,S1_pair+F1,val,1329,9584,hg38,1,0.35687652230262756
gcn_graph_b,graph_b_guide_similarity_control,S1_pair+F1,val,1330,9584,hg38,1,0.3338952958583832
gcn_graph_b,graph_b_guide_similarity_control,S1_pair+F1,val,1331,9584,hg38,1,0.303713858127594
gcn_graph_b,graph_b_guide_similarity_control,S1_pair+F1,val,1332,9584,hg38,1,0.3236898183822632
gcn_graph_b,graph_b_guide_similarity_control,S1_pair+F1,val,1333,9584,hg38,1,0.35609444975852966
gcn_graph_b,graph_b_guide_similarity_control,S1_pair+F1,val,1334,9584,hg38,1,0.3312634527683258
gcn_graph_b,graph_b_guide_similarity_control,S1_pair+F1,val,1335,9584,hg38,1,0.3182925879955292
gcn_graph_b,graph_b_guide_similarity_control,S1_pair+F1,val,1336,9584,hg38,1,0.33462971448898315
gcn_graph_b,graph_b_guide_similarity_control,S1_pair+F1,val,1337,9584,hg38,1,0.3123036324977875
gcn_graph_b,graph_b_guide_similarity_control,S1_pair+F1,val,1338,9584,hg38,1,0.30029362440109253
gcn_graph_b,graph_b_guide_similarity_control,S1_pair+F1,val,1339,9584,hg38,1,0.35602867603302
gcn_graph_b,graph_b_guide_similarity_control,S1_pair+F1,val,1340,9584,hg38,1,0.3611806333065033
gcn_graph_b,graph_b_guide_similarity_control,S1_pair+F1,val,1341,9584,hg38,1,0.3178066313266754
gcn_graph_b,graph_b_guide_similarity_control,S1_pair+F1,val,1342,9584,hg38,1,0.33548226952552795
gcn_graph_b,graph_b_guide_similarity_control,S1_pair+F1,val,1343,9584,hg38,1,0.32946425676345825
gcn_graph_b,graph_b_guide_similarity_control,S1_pair+F1,val,1344,9584,hg38,1,0.31540921330451965
gcn_graph_b,graph_b_guide_similarity_control,S1_pair+F1,val,1345,9584,hg38,1,0.3431738018989563
gcn_graph_b,graph_b_guide_similarity_control,S1_pair+F1,val,1346,9584,hg38,1,0.3881382942199707
gcn_graph_b,graph_b_guide_similarity_control,S1_pair+F1,val,1347,9584,hg38,1,0.29005733132362366
gcn_graph_b,graph_b_guide_similarity_control,S1_pair+F1,val,1348,9584,hg38,1,0.36473825573921204
gcn_graph_b,graph_b_guide_similarity_control,S1_pair+F1,val,1349,9584,hg38,1,0.34236693382263184
gcn_graph_b,graph_b_guide_similarity_control,S1_pair+F1,val,1350,9584,hg38,1,0.38410088419914246
gcn_graph_b,graph_b_guide_similarity_control,S1_pair+F1,val,1351,9584,hg38,1,0.33332517743110657
gcn_graph_b,graph_b_guide_similarity_control,S1_pair+F1,val,1352,9584,hg38,1,0.33674630522727966
gcn_graph_b,graph_b_guide_similarity_control,S1_pair+F1,val,1353,9584,hg38,1,0.34837815165519714
gcn_graph_b,graph_b_guide_similarity_control,S1_pair+F1,val,1354,9584,hg38,1,0.3537529706954956
gcn_graph_b,graph_b_guide_similarity_control,S1_pair+F1,val,1355,9584,hg38,1,0.32691916823387146
gcn_graph_b,graph_b_guide_similarity_control,S1_pair+F1,val,1356,9584,hg38,1,0.34679412841796875
gcn_graph_b,graph_b_guide_similarity_control,S1_pair+F1,val,1357,9584,hg38,1,0.3720405101776123
gcn_graph_b,graph_b_guide_similarity_control,S1_pair+F1,val,1358,9584,hg38,1,0.33647191524505615
gcn_graph_b,graph_b_guide_similarity_control,S1_pair+F1,val,1359,9584,hg38,1,0.3409273326396942
gcn_graph_b,graph_b_guide_similarity_control,S1_pair+F1,val,1360,9584,hg38,1,0.38063108921051025
gcn_graph_b,graph_b_guide_similarity_control,S1_pair+F1,val,1361,9584,hg38,1,0.3510138690471649
gcn_graph_b,graph_b_guide_similarity_control,S1_pair+F1,val,1362,9584,hg38,1,0.32579103112220764
gcn_graph_b,graph_b_guide_similarity_control,S1_pair+F1,val,1363,9584,hg38,1,0.3587944209575653
gcn_graph_b,graph_b_guide_similarity_control,S1_pair+F1,val,1364,9584,hg38,1,0.3198268711566925
gcn_graph_b,graph_b_guide_similarity_control,S1_pair+F1,val,1365,9584,hg38,1,0.30889973044395447
gcn_graph_b,graph_b_guide_similarity_control,S1_pair+F1,val,1366,9584,hg38,1,0.29816561937332153
gcn_graph_b,graph_b_guide_similarity_control,S1_pair+F1,val,1367,9584,hg38,1,0.33080288767814636
gcn_graph_b,graph_b_guide_similarity_control,S1_pair+F1,val,1368,9584,hg38,1,0.33752623200416565
gcn_graph_b,graph_b_guide_similarity_control,S1_pair+F1,val,1369,9584,hg38,1,0.35482242703437805
gcn_graph_b,graph_b_guide_similarity_control,S1_pair+F1,val,1370,9584,hg38,1,0.34499838948249817
gcn_graph_b,graph_b_guide_similarity_control,S1_pair+F1,val,1371,9584,hg38,1,0.33035215735435486
gcn_graph_b,graph_b_guide_similarity_control,S1_pair+F1,val,1372,9584,hg38,1,0.31333374977111816
gcn_graph_b,graph_b_guide_similarity_control,S1_pair+F1,val,1373,9584,hg38,1,0.34388014674186707
gcn_graph_b,graph_b_guide_similarity_control,S1_pair+F1,val,1374,9584,hg38,1,0.30514025688171387
gcn_graph_b,graph_b_guide_similarity_control,S1_pair+F1,val,1375,9584,hg38,1,0.35084226727485657
gcn_graph_b,graph_b_guide_similarity_control,S1_pair+F1,val,1376,9584,hg38,1,0.32687339186668396
gcn_graph_b,graph_b_guide_similarity_control,S1_pair+F1,val,1377,9584,hg38,1,0.321086585521698
gcn_graph_b,graph_b_guide_similarity_control,S1_pair+F1,val,1378,9584,hg38,1,0.3194127380847931
gcn_graph_b,graph_b_guide_similarity_control,S1_pair+F1,val,1379,9584,hg38,1,0.30355319380760193
gcn_graph_b,graph_b_guide_similarity_control,S1_pair+F1,val,1380,9584,hg38,1,0.32080358266830444
gcn_graph_b,graph_b_guide_similarity_control,S1_pair+F1,val,1381,9584,hg38,1,0.3458799123764038
gcn_graph_b,graph_b_guide_similarity_control,S1_pair+F1,val,1382,9584,hg38,1,0.3183647692203522
gcn_graph_b,graph_b_guide_similarity_control,S1_pair+F1,val,1383,9584,hg38,1,0.3251388370990753
gcn_graph_b,graph_b_guide_similarity_control,S1_pair+F1,val,1384,9584,hg38,1,0.3030565679073334
gcn_graph_b,graph_b_guide_similarity_control,S1_pair+F1,val,1385,9584,hg38,1,0.35489538311958313
gcn_graph_b,graph_b_guide_similarity_control,S1_pair+F1,val,1386,9584,hg38,1,0.331339567899704
gcn_graph_b,graph_b_guide_similarity_control,S1_pair+F1,val,1387,9584,hg38,1,0.32446643710136414
gcn_graph_b,graph_b_guide_similarity_control,S1_pair+F1,val,1388,9584,hg38,1,0.34674009680747986
gcn_graph_b,graph_b_guide_similarity_control,S1_pair+F1,val,1389,9584,hg38,1,0.3323529064655304
gcn_graph_b,graph_b_guide_similarity_control,S1_pair+F1,val,1390,9584,hg38,1,0.3264825940132141
gcn_graph_b,graph_b_guide_similarity_control,S1_pair+F1,val,1391,9584,hg38,1,0.3257306218147278
gcn_graph_b,graph_b_guide_similarity_control,S1_pair+F1,val,1392,9584,hg38,1,0.37544456124305725
gcn_graph_b,graph_b_guide_similarity_control,S1_pair+F1,val,1393,9584,hg38,1,0.32788148522377014
gcn_graph_b,graph_b_guide_similarity_control,S1_pair+F1,val,1394,9584,hg38,1,0.3364424407482147
gcn_graph_b,graph_b_guide_similarity_control,S1_pair+F1,val,1395,9584,hg38,1,0.35151708126068115
gcn_graph_b,graph_b_guide_similarity_control,S1_pair+F1,val,1396,9584,hg38,1,0.35451754927635193
gcn_graph_b,graph_b_guide_similarity_control,S1_pair+F1,val,1397,9584,hg38,1,0.3613424301147461
gcn_graph_b,graph_b_guide_similarity_control,S1_pair+F1,val,1398,9584,hg38,1,0.32171690464019775
gcn_graph_b,graph_b_guide_similarity_control,S1_pair+F1,val,1399,9584,hg38,1,0.33634111285209656
gcn_graph_b,graph_b_guide_similarity_control,S1_pair+F1,val,1400,9584,hg38,0,0.33816391229629517
gcn_graph_b,graph_b_guide_similarity_control,S1_pair+F1,val,1401,9584,hg38,0,0.340209424495697
gcn_graph_b,graph_b_guide_similarity_control,S1_pair+F1,val,1402,9584,hg38,0,0.32207947969436646
gcn_graph_b,graph_b_guide_similarity_control,S1_pair+F1,val,1403,9584,hg38,0,0.34204357862472534
gcn_graph_b,graph_b_guide_similarity_control,S1_pair+F1,val,1404,9584,hg38,0,0.3658638298511505
gcn_graph_b,graph_b_guide_similarity_control,S1_pair+F1,val,1405,9584,hg38,0,0.29535067081451416
gcn_graph_b,graph_b_guide_similarity_control,S1_pair+F1,val,1406,9584,hg38,0,0.3351275324821472
gcn_graph_b,graph_b_guide_similarity_control,S1_pair+F1,val,1407,9584,hg38,0,0.34288132190704346
gcn_graph_b,graph_b_guide_similarity_control,S1_pair+F1,val,1408,9584,hg38,0,0.2842927873134613
gcn_graph_b,graph_b_guide_similarity_control,S1_pair+F1,val,1409,9584,hg38,0,0.3346487581729889
gcn_graph_b,graph_b_guide_similarity_control,S1_pair+F1,val,1410,9584,hg38,0,0.33156344294548035
gcn_graph_b,graph_b_guide_similarity_control,S1_pair+F1,val,1411,9584,hg38,0,0.3509501516819
gcn_graph_b,graph_b_guide_similarity_control,S1_pair+F1,val,1412,9584,hg38,0,0.3042905330657959
gcn_graph_b,graph_b_guide_similarity_control,S1_pair+F1,val,1413,9584,hg38,0,0.32105958461761475
gcn_graph_b,graph_b_guide_similarity_control,S1_pair+F1,val,1414,9584,hg38,0,0.3239119350910187
gcn_graph_b,graph_b_guide_similarity_control,S1_pair+F1,val,1415,9584,hg38,0,0.2995271682739258
gcn_graph_b,graph_b_guide_similarity_control,S1_pair+F1,val,1416,9584,hg38,0,0.32905781269073486
gcn_graph_b,graph_b_guide_similarity_control,S1_pair+F1,val,1417,9584,hg38,0,0.32878437638282776
gcn_graph_b,graph_b_guide_similarity_control,S1_pair+F1,val,1418,9584,hg38,0,0.3285958468914032
gcn_graph_b,graph_b_guide_similarity_control,S1_pair+F1,val,1419,9584,hg38,0,0.3021430969238281
gcn_graph_b,graph_b_guide_similarity_control,S1_pair+F1,val,1420,9584,hg38,0,0.28636980056762695
gcn_graph_b,graph_b_guide_similarity_control,S1_pair+F1,val,1421,9584,hg38,0,0.3538825213909149
gcn_graph_b,graph_b_guide_similarity_control,S1_pair+F1,val,1422,9584,hg38,0,0.32634058594703674
gcn_graph_b,graph_b_guide_similarity_control,S1_pair+F1,val,1423,9584,hg38,0,0.32879123091697693
gcn_graph_b,graph_b_guide_similarity_control,S1_pair+F1,val,1424,9584,hg38,0,0.31332603096961975
gcn_graph_b,graph_b_guide_similarity_control,S1_pair+F1,val,1425,9584,hg38,0,0.32998502254486084
gcn_graph_b,graph_b_guide_similarity_control,S1_pair+F1,val,1426,9584,hg38,0,0.3151758313179016
gcn_graph_b,graph_b_guide_similarity_control,S1_pair+F1,val,1427,9584,hg38,0,0.2994510233402252
gcn_graph_b,graph_b_guide_similarity_control,S1_pair+F1,val,1428,9584,hg38,0,0.3160701096057892
gcn_graph_b,graph_b_guide_similarity_control,S1_pair+F1,val,1429,9584,hg38,0,0.3673110902309418
gcn_graph_b,graph_b_guide_similarity_control,S1_pair+F1,val,1430,9584,hg38,0,0.3230052590370178
gcn_graph_b,graph_b_guide_similarity_control,S1_pair+F1,val,1431,9584,hg38,0,0.3440723121166229
gcn_graph_b,graph_b_guide_similarity_control,S1_pair+F1,val,1432,9584,hg38,0,0.35428234934806824
gcn_graph_b,graph_b_guide_similarity_control,S1_pair+F1,val,1433,9584,hg38,0,0.3190530240535736
gcn_graph_b,graph_b_guide_similarity_control,S1_pair+F1,val,1434,9584,hg38,0,0.36014944314956665
gcn_graph_b,graph_b_guide_similarity_control,S1_pair+F1,val,1435,9584,hg38,0,0.36318352818489075
gcn_graph_b,graph_b_guide_similarity_control,S1_pair+F1,val,1436,9584,hg38,0,0.34754881262779236
gcn_graph_b,graph_b_guide_similarity_control,S1_pair+F1,val,1437,9584,hg38,0,0.28647878766059875
gcn_graph_b,graph_b_guide_similarity_control,S1_pair+F1,val,1438,9584,hg38,0,0.32736313343048096
gcn_graph_b,graph_b_guide_similarity_control,S1_pair+F1,val,1439,9584,hg38,0,0.33552393317222595
gcn_graph_b,graph_b_guide_similarity_control,S1_pair+F1,val,1440,9584,hg38,0,0.36521637439727783
gcn_graph_b,graph_b_guide_similarity_control,S1_pair+F1,val,1441,9584,hg38,0,0.31410425901412964
gcn_graph_b,graph_b_guide_similarity_control,S1_pair+F1,val,1442,9584,hg38,0,0.3360818922519684
gcn_graph_b,graph_b_guide_similarity_control,S1_pair+F1,val,1443,9584,hg38,0,0.3195773959159851
gcn_graph_b,graph_b_guide_similarity_control,S1_pair+F1,val,1444,9584,hg38,0,0.3379727900028229
gcn_graph_b,graph_b_guide_similarity_control,S1_pair+F1,val,1445,9584,hg38,0,0.32907676696777344
gcn_graph_b,graph_b_guide_similarity_control,S1_pair+F1,val,1446,9584,hg38,0,0.31682321429252625
gcn_graph_b,graph_b_guide_similarity_control,S1_pair+F1,val,1447,9584,hg38,0,0.356186181306839
gcn_graph_b,graph_b_guide_similarity_control,S1_pair+F1,val,1448,9584,hg38,0,0.34121236205101013
gcn_graph_b,graph_b_guide_similarity_control,S1_pair+F1,val,1449,9584,hg38,0,0.31414180994033813
gcn_graph_b,graph_b_guide_similarity_control,S1_pair+F1,val,1450,9584,hg38,0,0.36924636363983154
gcn_graph_b,graph_b_guide_similarity_control,S1_pair+F1,val,1451,9584,hg38,0,0.35936617851257324
gcn_graph_b,graph_b_guide_similarity_control,S1_pair+F1,val,1452,9584,hg38,0,0.31426045298576355
gcn_graph_b,graph_b_guide_similarity_control,S1_pair+F1,val,1453,9584,hg38,0,0.3398054540157318
gcn_graph_b,graph_b_guide_similarity_control,S1_pair+F1,val,1454,9584,hg38,0,0.338674932718277
gcn_graph_b,graph_b_guide_similarity_control,S1_pair+F1,val,1455,9584,hg38,0,0.31018850207328796
gcn_graph_b,graph_b_guide_similarity_control,S1_pair+F1,val,1456,9584,hg38,0,0.31541454792022705
gcn_graph_b,graph_b_guide_similarity_control,S1_pair+F1,val,1457,9584,hg38,0,0.32441335916519165
gcn_graph_b,graph_b_guide_similarity_control,S1_pair+F1,val,1458,9584,hg38,0,0.3078877627849579
gcn_graph_b,graph_b_guide_similarity_control,S1_pair+F1,val,1459,9584,hg38,0,0.3668622076511383
gcn_graph_b,graph_b_guide_similarity_control,S1_pair+F1,val,1460,9584,hg38,0,0.34744325280189514
gcn_graph_b,graph_b_guide_similarity_control,S1_pair+F1,val,1461,9584,hg38,0,0.3267802298069
gcn_graph_b,graph_b_guide_similarity_control,S1_pair+F1,val,1462,9584,hg38,0,0.2820386290550232
gcn_graph_b,graph_b_guide_similarity_control,S1_pair+F1,val,1463,9584,hg38,0,0.3103044033050537
gcn_graph_b,graph_b_guide_similarity_control,S1_pair+F1,val,1464,9584,hg38,0,0.3519614338874817
gcn_graph_b,graph_b_guide_similarity_control,S1_pair+F1,val,1465,9584,hg38,0,0.30306360125541687
gcn_graph_b,graph_b_guide_similarity_control,S1_pair+F1,val,1466,9584,hg38,0,0.3209030330181122
gcn_graph_b,graph_b_guide_similarity_control,S1_pair+F1,val,1467,9584,hg38,0,0.36950114369392395
gcn_graph_b,graph_b_guide_similarity_control,S1_pair+F1,val,1468,9584,hg38,0,0.3277284502983093
gcn_graph_b,graph_b_guide_similarity_control,S1_pair+F1,val,1469,9584,hg38,0,0.3445433974266052
gcn_graph_b,graph_b_guide_similarity_control,S1_pair+F1,val,1470,9584,hg38,0,0.3428902328014374
gcn_graph_b,graph_b_guide_similarity_control,S1_pair+F1,val,1471,9584,hg38,0,0.396430641412735
gcn_graph_b,graph_b_guide_similarity_control,S1_pair+F1,val,1472,9584,hg38,0,0.3526031970977783
gcn_graph_b,graph_b_guide_similarity_control,S1_pair+F1,val,1473,9584,hg38,0,0.34063270688056946
gcn_graph_b,graph_b_guide_similarity_control,S1_pair+F1,val,1474,9584,hg38,0,0.33969566226005554
gcn_graph_b,graph_b_guide_similarity_control,S1_pair+F1,val,1475,9584,hg38,0,0.3524382412433624
gcn_graph_b,graph_b_guide_similarity_control,S1_pair+F1,val,1476,9584,hg38,0,0.32576224207878113
gcn_graph_b,graph_b_guide_similarity_control,S1_pair+F1,val,1477,9584,hg38,0,0.3212668299674988
gcn_graph_b,graph_b_guide_similarity_control,S1_pair+F1,val,1478,9584,hg38,0,0.33647191524505615
gcn_graph_b,graph_b_guide_similarity_control,S1_pair+F1,val,1479,9584,hg38,0,0.3552548885345459
gcn_graph_b,graph_b_guide_similarity_control,S1_pair+F1,val,1480,9584,hg38,0,0.31062161922454834
gcn_graph_b,graph_b_guide_similarity_control,S1_pair+F1,val,1481,9584,hg38,0,0.33610403537750244
gcn_graph_b,graph_b_guide_similarity_control,S1_pair+F1,val,1482,9584,hg38,0,0.33522769808769226
gcn_graph_b,graph_b_guide_similarity_control,S1_pair+F1,val,1483,9584,hg38,0,0.32513898611068726
gcn_graph_b,graph_b_guide_similarity_control,S1_pair+F1,val,1484,9584,hg38,0,0.3303852379322052
gcn_graph_b,graph_b_guide_similarity_control,S1_pair+F1,val,1485,9584,hg38,0,0.31834423542022705
gcn_graph_b,graph_b_guide_similarity_control,S1_pair+F1,val,1486,9584,hg38,0,0.33919981122016907
gcn_graph_b,graph_b_guide_similarity_control,S1_pair+F1,val,1487,9584,hg38,0,0.3113612234592438
gcn_graph_b,graph_b_guide_similarity_control,S1_pair+F1,val,1488,9584,hg38,0,0.36109867691993713
gcn_graph_b,graph_b_guide_similarity_control,S1_pair+F1,val,1489,9584,hg38,0,0.36284559965133667
gcn_graph_b,graph_b_guide_similarity_control,S1_pair+F1,val,1490,9584,hg38,0,0.3265821039676666
gcn_graph_b,graph_b_guide_similarity_control,S1_pair+F1,val,1491,9584,hg38,0,0.34013068675994873
gcn_graph_b,graph_b_guide_similarity_control,S1_pair+F1,val,1492,9584,hg38,0,0.34178683161735535
gcn_graph_b,graph_b_guide_similarity_control,S1_pair+F1,val,1493,9584,hg38,0,0.3033807575702667
gcn_graph_b,graph_b_guide_similarity_control,S1_pair+F1,val,1494,9584,hg38,0,0.33739590644836426
gcn_graph_b,graph_b_guide_similarity_control,S1_pair+F1,val,1495,9584,hg38,0,0.3714902400970459
gcn_graph_b,graph_b_guide_similarity_control,S1_pair+F1,val,1496,9584,hg38,0,0.3769999146461487
gcn_graph_b,graph_b_guide_similarity_control,S1_pair+F1,val,1497,9584,hg38,0,0.3408404290676117
gcn_graph_b,graph_b_guide_similarity_control,S1_pair+F1,val,1498,9584,hg38,0,0.32940956950187683
gcn_graph_b,graph_b_guide_similarity_control,S1_pair+F1,val,1499,9584,hg38,0,0.31457024812698364
gcn_graph_b,graph_b_guide_similarity_control,S1_pair+F1,val,1500,9584,hg38,0,0.33155855536460876
gcn_graph_b,graph_b_guide_similarity_control,S1_pair+F1,val,1501,9584,hg38,0,0.36164769530296326
gcn_graph_b,graph_b_guide_similarity_control,S1_pair+F1,val,1502,9584,hg38,0,0.2880159616470337
gcn_graph_b,graph_b_guide_similarity_control,S1_pair+F1,val,1503,9584,hg38,0,0.3156205713748932
gcn_graph_b,graph_b_guide_similarity_control,S1_pair+F1,val,1504,9584,hg38,0,0.3156817853450775
gcn_graph_b,graph_b_guide_similarity_control,S1_pair+F1,val,1505,9584,hg38,0,0.3391435146331787
gcn_graph_b,graph_b_guide_similarity_control,S1_pair+F1,val,1506,9584,hg38,0,0.37294575572013855
gcn_graph_b,graph_b_guide_similarity_control,S1_pair+F1,val,1507,9584,hg38,0,0.3372120261192322
gcn_graph_b,graph_b_guide_similarity_control,S1_pair+F1,val,1508,10151,hg38,1,0.5743345022201538
gcn_graph_b,graph_b_guide_similarity_control,S1_pair+F1,val,1509,10151,hg38,0,0.5134156942367554
gcn_graph_b,graph_b_guide_similarity_control,S1_pair+F1,val,1510,10151,hg38,0,0.49935394525527954
gcn_graph_b,graph_b_guide_similarity_control,S1_pair+F1,val,1511,10151,hg38,0,0.5090817809104919
gcn_graph_b,graph_b_guide_similarity_control,S1_pair+F1,val,1512,10151,hg38,1,0.5160900950431824
gcn_graph_b,graph_b_guide_similarity_control,S1_pair+F1,val,1513,10151,hg38,0,0.476190447807312
gcn_graph_b,graph_b_guide_similarity_control,S1_pair+F1,val,1514,10151,hg38,0,0.44783854484558105
gcn_graph_b,graph_b_guide_similarity_control,S1_pair+F1,val,1515,10151,hg38,0,0.5575318336486816
gcn_graph_b,graph_b_guide_similarity_control,S1_pair+F1,val,1516,10151,hg38,0,0.48178228735923767
gcn_graph_b,graph_b_guide_similarity_control,S1_pair+F1,val,1517,10151,hg38,0,0.5001914501190186
gcn_graph_b,graph_b_guide_similarity_control,S1_pair+F1,val,1518,10151,hg38,1,0.5039873123168945
gcn_graph_b,graph_b_guide_similarity_control,S1_pair+F1,val,1519,10151,hg38,0,0.4925675094127655
gcn_graph_b,graph_b_guide_similarity_control,S1_pair+F1,val,1520,10151,hg38,0,0.4915258288383484
gcn_graph_b,graph_b_guide_similarity_control,S1_pair+F1,val,1521,10151,hg38,0,0.5317835807800293
gcn_graph_b,graph_b_guide_similarity_control,S1_pair+F1,val,1522,10151,hg38,0,0.5442217588424683
gcn_graph_b,graph_b_guide_similarity_control,S1_pair+F1,val,1523,10151,hg38,0,0.49982160329818726
gcn_graph_b,graph_b_guide_similarity_control,S1_pair+F1,val,1524,10151,hg38,0,0.49260014295578003
gcn_graph_b,graph_b_guide_similarity_control,S1_pair+F1,val,1525,10151,hg38,1,0.5170747637748718
gcn_graph_b,graph_b_guide_similarity_control,S1_pair+F1,val,1526,10151,hg38,1,0.4800577461719513
gcn_graph_b,graph_b_guide_similarity_control,S1_pair+F1,val,1527,10151,hg38,0,0.5126129388809204
gcn_graph_b,graph_b_guide_similarity_control,S1_pair+F1,val,1528,10151,hg38,1,0.4843297004699707
gcn_graph_b,graph_b_guide_similarity_control,S1_pair+F1,val,1529,10151,hg38,0,0.5202422738075256
gcn_graph_b,graph_b_guide_similarity_control,S1_pair+F1,val,1530,10151,hg38,1,0.46773800253868103
gcn_graph_b,graph_b_guide_similarity_control,S1_pair+F1,val,1531,10151,hg38,1,0.4678337872028351
gcn_graph_b,graph_b_guide_similarity_control,S1_pair+F1,val,1532,10151,hg38,1,0.5281091928482056
gcn_graph_b,graph_b_guide_similarity_control,S1_pair+F1,val,1533,10151,hg38,0,0.49556025862693787
gcn_graph_b,graph_b_guide_similarity_control,S1_pair+F1,val,1534,10151,hg38,0,0.41192299127578735
gcn_graph_b,graph_b_guide_similarity_control,S1_pair+F1,val,1535,10151,hg38,1,0.4640783667564392
gcn_graph_b,graph_b_guide_similarity_control,S1_pair+F1,val,1536,10151,hg38,0,0.5275447964668274
gcn_graph_b,graph_b_guide_similarity_control,S1_pair+F1,val,1537,10151,hg38,1,0.4845687448978424
gcn_graph_b,graph_b_guide_similarity_control,S1_pair+F1,val,1538,10151,hg38,1,0.4736710488796234
gcn_graph_b,graph_b_guide_similarity_control,S1_pair+F1,val,1539,10151,hg38,1,0.5022968053817749
gcn_graph_b,graph_b_guide_similarity_control,S1_pair+F1,val,1540,10151,hg38,0,0.4923955500125885
gcn_graph_b,graph_b_guide_similarity_control,S1_pair+F1,val,1541,10151,hg38,0,0.5662714242935181
gcn_graph_b,graph_b_guide_similarity_control,S1_pair+F1,val,1542,10151,hg38,0,0.49088796973228455
gcn_graph_b,graph_b_guide_similarity_control,S1_pair+F1,val,1543,10151,hg38,0,0.5049334764480591
gcn_graph_b,graph_b_guide_similarity_control,S1_pair+F1,val,1544,10151,hg38,0,0.5218394994735718
gcn_graph_b,graph_b_guide_similarity_control,S1_pair+F1,val,1545,10151,hg38,0,0.4698675870895386
gcn_graph_b,graph_b_guide_similarity_control,S1_pair+F1,val,1546,10151,hg38,1,0.549795389175415
gcn_graph_b,graph_b_guide_similarity_control,S1_pair+F1,val,1547,10151,hg38,1,0.4477974772453308
gcn_graph_b,graph_b_guide_similarity_control,S1_pair+F1,val,1548,10151,hg38,1,0.5059990882873535
gcn_graph_b,graph_b_guide_similarity_control,S1_pair+F1,val,1549,10151,hg38,1,0.5260890126228333
gcn_graph_b,graph_b_guide_similarity_control,S1_pair+F1,val,1550,10151,hg38,0,0.4899216592311859
gcn_graph_b,graph_b_guide_similarity_control,S1_pair+F1,val,1551,10151,hg38,1,0.4718456566333771
gcn_graph_b,graph_b_guide_similarity_control,S1_pair+F1,val,1552,10151,hg38,1,0.4673769772052765
gcn_graph_b,graph_b_guide_similarity_control,S1_pair+F1,val,1553,10151,hg38,0,0.5397118330001831
gcn_graph_b,graph_b_guide_similarity_control,S1_pair+F1,val,1554,10151,hg38,0,0.5059990882873535
gcn_graph_b,graph_b_guide_similarity_control,S1_pair+F1,val,1555,10151,hg38,0,0.5232168436050415
gcn_graph_b,graph_b_guide_similarity_control,S1_pair+F1,val,1556,10151,hg38,1,0.501999020576477
gcn_graph_b,graph_b_guide_similarity_control,S1_pair+F1,val,1557,10151,hg38,0,0.472786545753479
gcn_graph_b,graph_b_guide_similarity_control,S1_pair+F1,val,1558,10151,hg38,1,0.474728524684906
gcn_graph_b,graph_b_guide_similarity_control,S1_pair+F1,val,1559,10151,hg38,1,0.5118492245674133
gcn_graph_b,graph_b_guide_similarity_control,S1_pair+F1,val,1560,10151,hg38,1,0.5321636199951172
gcn_graph_b,graph_b_guide_similarity_control,S1_pair+F1,val,1561,10151,hg38,1,0.5057290196418762
gcn_graph_b,graph_b_guide_similarity_control,S1_pair+F1,val,1562,10151,hg38,1,0.4789465367794037
gcn_graph_b,graph_b_guide_similarity_control,S1_pair+F1,val,1563,10151,hg38,1,0.47643667459487915
gcn_graph_b,graph_b_guide_similarity_control,S1_pair+F1,val,1564,10151,hg38,1,0.43403345346450806
gcn_graph_b,graph_b_guide_similarity_control,S1_pair+F1,val,1565,10151,hg38,1,0.4781454801559448
gcn_graph_b,graph_b_guide_similarity_control,S1_pair+F1,val,1566,10151,hg38,0,0.5075292587280273
gcn_graph_b,graph_b_guide_similarity_control,S1_pair+F1,val,1567,10151,hg38,1,0.506866991519928
gcn_graph_b,graph_b_guide_similarity_control,S1_pair+F1,val,1568,10151,hg38,0,0.4854496717453003
gcn_graph_b,graph_b_guide_similarity_control,S1_pair+F1,val,1569,10151,hg38,0,0.5300647616386414
gcn_graph_b,graph_b_guide_similarity_control,S1_pair+F1,val,1570,10151,hg38,0,0.4624454081058502
gcn_graph_b,graph_b_guide_similarity_control,S1_pair+F1,val,1571,10151,hg38,0,0.49281683564186096
gcn_graph_b,graph_b_guide_similarity_control,S1_pair+F1,val,1572,10151,hg38,0,0.4760172367095947
gcn_graph_b,graph_b_guide_similarity_control,S1_pair+F1,val,1573,10151,hg38,0,0.4873387813568115
gcn_graph_b,graph_b_guide_similarity_control,S1_pair+F1,val,1574,10151,hg38,1,0.49309030175209045
gcn_graph_b,graph_b_guide_similarity_control,S1_pair+F1,val,1575,10151,hg38,1,0.45974287390708923
gcn_graph_b,graph_b_guide_similarity_control,S1_pair+F1,val,1576,10151,hg38,1,0.4745174050331116
gcn_graph_b,graph_b_guide_similarity_control,S1_pair+F1,val,1577,10151,hg38,1,0.4398864507675171
gcn_graph_b,graph_b_guide_similarity_control,S1_pair+F1,val,1578,10151,hg38,0,0.4964257478713989
gcn_graph_b,graph_b_guide_similarity_control,S1_pair+F1,val,1579,10151,hg38,1,0.49162909388542175
gcn_graph_b,graph_b_guide_similarity_control,S1_pair+F1,val,1580,10151,hg38,0,0.5176003575325012
gcn_graph_b,graph_b_guide_similarity_control,S1_pair+F1,val,1581,10151,hg38,1,0.43574485182762146
gcn_graph_b,graph_b_guide_similarity_control,S1_pair+F1,val,1582,10151,hg38,0,0.4905862510204315
gcn_graph_b,graph_b_guide_similarity_control,S1_pair+F1,val,1583,10151,hg38,0,0.4729161858558655
gcn_graph_b,graph_b_guide_similarity_control,S1_pair+F1,val,1584,10151,hg38,0,0.5203014612197876
gcn_graph_b,graph_b_guide_similarity_control,S1_pair+F1,val,1585,10151,hg38,0,0.4979291260242462
gcn_graph_b,graph_b_guide_similarity_control,S1_pair+F1,val,1586,10151,hg38,0,0.47694632411003113
gcn_graph_b,graph_b_guide_similarity_control,S1_pair+F1,val,1587,10151,hg38,1,0.500678300857544
gcn_graph_b,graph_b_guide_similarity_control,S1_pair+F1,val,1588,10151,hg38,1,0.4823606610298157
gcn_graph_b,graph_b_guide_similarity_control,S1_pair+F1,val,1589,10151,hg38,1,0.4734727740287781
gcn_graph_b,graph_b_guide_similarity_control,S1_pair+F1,val,1590,10151,hg38,0,0.5185928344726562
gcn_graph_b,graph_b_guide_similarity_control,S1_pair+F1,val,1591,10151,hg38,0,0.5061696767807007
gcn_graph_b,graph_b_guide_similarity_control,S1_pair+F1,val,1592,10151,hg38,0,0.5055408477783203
gcn_graph_b,graph_b_guide_similarity_control,S1_pair+F1,val,1593,10151,hg38,1,0.5102322697639465
gcn_graph_b,graph_b_guide_similarity_control,S1_pair+F1,val,1594,10151,hg38,1,0.5060977935791016
gcn_graph_b,graph_b_guide_similarity_control,S1_pair+F1,val,1595,10151,hg38,0,0.450850248336792
gcn_graph_b,graph_b_guide_similarity_control,S1_pair+F1,val,1596,10151,hg38,0,0.4916421175003052
gcn_graph_b,graph_b_guide_similarity_control,S1_pair+F1,val,1597,10151,hg38,0,0.48945215344429016
gcn_graph_b,graph_b_guide_similarity_control,S1_pair+F1,val,1598,10151,hg38,0,0.5284641981124878
gcn_graph_b,graph_b_guide_similarity_control,S1_pair+F1,val,1599,10151,hg38,1,0.5227206945419312
gcn_graph_b,graph_b_guide_similarity_control,S1_pair+F1,val,1600,10151,hg38,1,0.45580875873565674
gcn_graph_b,graph_b_guide_similarity_control,S1_pair+F1,val,1601,10151,hg38,1,0.46141618490219116
gcn_graph_b,graph_b_guide_similarity_control,S1_pair+F1,val,1602,10151,hg38,0,0.4501115381717682
gcn_graph_b,graph_b_guide_similarity_control,S1_pair+F1,val,1603,10151,hg38,1,0.49898022413253784
gcn_graph_b,graph_b_guide_similarity_control,S1_pair+F1,val,1604,10151,hg38,1,0.49880558252334595
gcn_graph_b,graph_b_guide_similarity_control,S1_pair+F1,val,1605,10151,hg38,1,0.509131133556366
gcn_graph_b,graph_b_guide_similarity_control,S1_pair+F1,val,1606,10151,hg38,0,0.49456822872161865
gcn_graph_b,graph_b_guide_similarity_control,S1_pair+F1,val,1607,10151,hg38,0,0.4729727506637573
gcn_graph_b,graph_b_guide_similarity_control,S1_pair+F1,val,1608,10151,hg38,1,0.4926080107688904
gcn_graph_b,graph_b_guide_similarity_control,S1_pair+F1,val,1609,10151,hg38,1,0.46402814984321594
gcn_graph_b,graph_b_guide_similarity_control,S1_pair+F1,val,1610,10151,hg38,1,0.5236439108848572
gcn_graph_b,graph_b_guide_similarity_control,S1_pair+F1,val,1611,10151,hg38,0,0.4804578125476837
gcn_graph_b,graph_b_guide_similarity_control,S1_pair+F1,val,1612,10151,hg38,1,0.461824506521225
gcn_graph_b,graph_b_guide_similarity_control,S1_pair+F1,val,1613,10151,hg38,0,0.4733768403530121
gcn_graph_b,graph_b_guide_similarity_control,S1_pair+F1,val,1614,10151,hg38,0,0.4915911555290222
gcn_graph_b,graph_b_guide_similarity_control,S1_pair+F1,val,1615,10151,hg38,1,0.4961830675601959
gcn_graph_b,graph_b_guide_similarity_control,S1_pair+F1,val,1616,10151,hg38,1,0.4337184727191925
gcn_graph_b,graph_b_guide_similarity_control,S1_pair+F1,val,1617,10151,hg38,1,0.4929238557815552
gcn_graph_b,graph_b_guide_similarity_control,S1_pair+F1,val,1618,10151,hg38,0,0.41542091965675354
gcn_graph_b,graph_b_guide_similarity_control,S1_pair+F1,val,1619,10151,hg38,0,0.4450577199459076
gcn_graph_b,graph_b_guide_similarity_control,S1_pair+F1,val,1620,10151,hg38,0,0.4888981282711029
gcn_graph_b,graph_b_guide_similarity_control,S1_pair+F1,val,1621,10151,hg38,1,0.48850080370903015
gcn_graph_b,graph_b_guide_similarity_control,S1_pair+F1,val,1622,10151,hg38,0,0.4323522448539734
gcn_graph_b,graph_b_guide_similarity_control,S1_pair+F1,val,1623,10151,hg38,0,0.4640020728111267
gcn_graph_b,graph_b_guide_similarity_control,S1_pair+F1,val,1624,10151,hg38,0,0.4812038242816925
gcn_graph_b,graph_b_guide_similarity_control,S1_pair+F1,val,1625,10151,hg38,1,0.4830472469329834
gcn_graph_b,graph_b_guide_similarity_control,S1_pair+F1,val,1626,10151,hg38,1,0.4804019629955292
gcn_graph_b,graph_b_guide_similarity_control,S1_pair+F1,val,1627,10151,hg38,0,0.4978206157684326
gcn_graph_b,graph_b_guide_similarity_control,S1_pair+F1,val,1628,10151,hg38,0,0.4818742573261261
gcn_graph_b,graph_b_guide_similarity_control,S1_pair+F1,val,1629,10151,hg38,1,0.3828362226486206
gcn_graph_b,graph_b_guide_similarity_control,S1_pair+F1,val,1630,10151,hg38,0,0.44496262073516846
gcn_graph_b,graph_b_guide_similarity_control,S1_pair+F1,val,1631,10151,hg38,0,0.5728751420974731
gcn_graph_b,graph_b_guide_similarity_control,S1_pair+F1,val,1632,10151,hg38,0,0.47113242745399475
gcn_graph_b,graph_b_guide_similarity_control,S1_pair+F1,val,1633,10151,hg38,0,0.4368632435798645
gcn_graph_b,graph_b_guide_similarity_control,S1_pair+F1,val,1634,10151,hg38,0,0.5203197002410889
gcn_graph_b,graph_b_guide_similarity_control,S1_pair+F1,val,1635,10151,hg38,1,0.4942707419395447
gcn_graph_b,graph_b_guide_similarity_control,S1_pair+F1,val,1636,10575,hg19,1,0.9309952855110168
gcn_graph_b,graph_b_guide_similarity_control,S1_pair+F1,val,1637,10575,hg19,1,0.9252080917358398
gcn_graph_b,graph_b_guide_similarity_control,S1_pair+F1,val,1638,10575,hg19,0,0.9135160446166992
gcn_graph_b,graph_b_guide_similarity_control,S1_pair+F1,val,1639,10575,hg19,1,0.9177111983299255
gcn_graph_b,graph_b_guide_similarity_control,S1_pair+F1,val,1640,10799,hg19,1,0.7448517680168152
gcn_graph_b,graph_b_guide_similarity_control,S1_pair+F1,val,1641,10799,hg19,1,0.7098016142845154
gcn_graph_b,graph_b_guide_similarity_control,S1_pair+F1,val,1642,10799,hg19,1,0.7141224145889282
gcn_graph_b,graph_b_guide_similarity_control,S1_pair+F1,val,1643,10799,hg19,1,0.7114138603210449
gcn_graph_b,graph_b_guide_similarity_control,S1_pair+F1,val,1644,10799,hg19,1,0.7272434830665588
gcn_graph_b,graph_b_guide_similarity_control,S1_pair+F1,val,1645,10799,hg19,1,0.7465662360191345
gcn_graph_b,graph_b_guide_similarity_control,S1_pair+F1,val,1646,10799,hg19,1,0.7252979278564453
gcn_graph_b,graph_b_guide_similarity_control,S1_pair+F1,val,1647,10799,hg19,1,0.7107417583465576
gcn_graph_b,graph_b_guide_similarity_control,S1_pair+F1,val,1648,10799,hg19,1,0.7584013938903809
gcn_graph_b,graph_b_guide_similarity_control,S1_pair+F1,val,1649,10799,hg19,0,0.7405070066452026
gcn_graph_b,graph_b_guide_similarity_control,S1_pair+F1,val,1650,10799,hg19,1,0.7269682884216309
gcn_graph_b,graph_b_guide_similarity_control,S1_pair+F1,val,1651,10799,hg19,1,0.7229043245315552
gcn_graph_b,graph_b_guide_similarity_control,S1_pair+F1,val,1652,10799,hg19,1,0.7334050536155701
gcn_graph_b,graph_b_guide_similarity_control,S1_pair+F1,val,1653,10799,hg19,1,0.7218242287635803
gcn_graph_b,graph_b_guide_similarity_control,S1_pair+F1,val,1654,10799,hg19,0,0.7413026690483093
gcn_graph_b,graph_b_guide_similarity_control,S1_pair+F1,val,1655,10799,hg19,1,0.7100404500961304
gcn_graph_b,graph_b_guide_similarity_control,S1_pair+F1,val,1656,10799,hg19,1,0.7100404500961304
gcn_graph_b,graph_b_guide_similarity_control,S1_pair+F1,val,1657,10799,hg19,1,0.7198871970176697
gcn_graph_b,graph_b_guide_similarity_control,S1_pair+F1,val,1658,10799,hg19,1,0.6812141537666321
gcn_graph_b,graph_b_guide_similarity_control,S1_pair+F1,val,1659,10799,hg19,1,0.7592763304710388
gcn_graph_b,graph_b_guide_similarity_control,S1_pair+F1,val,1660,10799,hg19,1,0.7234014868736267
gcn_graph_b,graph_b_guide_similarity_control,S1_pair+F1,val,1661,10799,hg19,1,0.7326383590698242
gcn_graph_b,graph_b_guide_similarity_control,S1_pair+F1,val,1662,10799,hg19,1,0.7159985303878784
gcn_graph_b,graph_b_guide_similarity_control,S1_pair+F1,val,1663,10799,hg19,1,0.7379170656204224
gcn_graph_b,graph_b_guide_similarity_control,S1_pair+F1,val,1664,10799,hg19,1,0.7222446799278259
gcn_graph_b,graph_b_guide_similarity_control,S1_pair+F1,val,1665,10799,hg19,1,0.7410067915916443
gcn_graph_b,graph_b_guide_similarity_control,S1_pair+F1,val,1666,10799,hg19,1,0.7707209587097168
gcn_graph_b,graph_b_guide_similarity_control,S1_pair+F1,val,1667,10799,hg19,1,0.7367791533470154
gcn_graph_b,graph_b_guide_similarity_control,S1_pair+F1,val,1668,10843,hg19,1,0.9532794952392578
gcn_graph_b,graph_b_guide_similarity_control,S1_pair+F1,val,1669,10843,hg19,1,0.9467675685882568
gcn_graph_b,graph_b_guide_similarity_control,S1_pair+F1,val,1670,10843,hg19,1,0.9398040175437927
gcn_graph_b,graph_b_guide_similarity_control,S1_pair+F1,val,1671,10843,hg19,1,0.9415162205696106
gcn_graph_b,graph_b_guide_similarity_control,S1_pair+F1,val,1672,10843,hg19,1,0.9320310950279236
gcn_graph_b,graph_b_guide_similarity_control,S1_pair+F1,val,1673,10843,hg19,1,0.9468478560447693
gcn_graph_b,graph_b_guide_similarity_control,S1_pair+F1,val,1674,10843,hg19,1,0.9341886639595032
gcn_graph_b,graph_b_guide_similarity_control,S1_pair+F1,val,1675,10843,hg19,1,0.9436694383621216
gcn_graph_b,graph_b_guide_similarity_control,S1_pair+F1,val,1676,10843,hg19,1,0.9274976849555969
gcn_graph_b,graph_b_guide_similarity_control,S1_pair+F1,val,1677,10843,hg19,1,0.9316954016685486
gcn_graph_b,graph_b_guide_similarity_control,S1_pair+F1,val,1678,10843,hg19,1,0.9470552206039429
gcn_graph_b,graph_b_guide_similarity_control,S1_pair+F1,val,1679,10843,hg19,1,0.930252194404602
gcn_graph_b,graph_b_guide_similarity_control,S1_pair+F1,val,1680,10843,hg19,0,0.9066541194915771
gcn_graph_b,graph_b_guide_similarity_control,S1_pair+F1,val,1681,10856,hg19,1,0.842329740524292
gcn_graph_b,graph_b_guide_similarity_control,S1_pair+F1,val,1682,10856,hg19,1,0.8372964859008789
gcn_graph_b,graph_b_guide_similarity_control,S1_pair+F1,val,1683,10856,hg19,1,0.8293521404266357
gcn_graph_b,graph_b_guide_similarity_control,S1_pair+F1,val,1684,10856,hg19,1,0.8130378127098083
gcn_graph_b,graph_b_guide_similarity_control,S1_pair+F1,val,1685,10856,hg19,1,0.8199772238731384
gcn_graph_b,graph_b_guide_similarity_control,S1_pair+F1,val,1686,10856,hg19,1,0.8114096522331238
gcn_graph_b,graph_b_guide_similarity_control,S1_pair+F1,val,1687,10856,hg19,1,0.7978845834732056
gcn_graph_b,graph_b_guide_similarity_control,S1_pair+F1,val,1688,10856,hg19,1,0.8195140957832336
gcn_graph_b,graph_b_guide_similarity_control,S1_pair+F1,val,1689,10856,hg19,1,0.793117105960846
gcn_graph_b,graph_b_guide_similarity_control,S1_pair+F1,val,1690,10856,hg19,1,0.7815247774124146
gcn_graph_b,graph_b_guide_similarity_control,S1_pair+F1,val,1691,10856,hg19,1,0.7791202068328857
gcn_graph_b,graph_b_guide_similarity_control,S1_pair+F1,val,1692,10962,hg19,1,0.6831182837486267
gcn_graph_b,graph_b_guide_similarity_control,S1_pair+F1,val,1693,10962,hg19,1,0.719560444355011
gcn_graph_b,graph_b_guide_similarity_control,S1_pair+F1,val,1694,10962,hg19,1,0.6947031021118164
gcn_graph_b,graph_b_guide_similarity_control,S1_pair+F1,val,1695,10962,hg19,1,0.7079141736030579
gcn_graph_b,graph_b_guide_similarity_control,S1_pair+F1,val,1696,10962,hg19,1,0.6804549694061279
gcn_graph_b,graph_b_guide_similarity_control,S1_pair+F1,val,1697,10962,hg19,1,0.691795289516449
gcn_graph_b,graph_b_guide_similarity_control,S1_pair+F1,val,1698,10962,hg19,1,0.6990340948104858
gcn_graph_b,graph_b_guide_similarity_control,S1_pair+F1,val,1699,11040,hg19,1,0.721444308757782
gcn_graph_b,graph_b_guide_similarity_control,S1_pair+F1,val,1700,11040,hg19,1,0.6854583024978638
gcn_graph_b,graph_b_guide_similarity_control,S1_pair+F1,val,1701,11040,hg19,1,0.6966664791107178
gcn_graph_b,graph_b_guide_similarity_control,S1_pair+F1,val,1702,11040,hg19,1,0.6938600540161133
gcn_graph_b,graph_b_guide_similarity_control,S1_pair+F1,val,1703,11040,hg19,1,0.6827249526977539
gcn_graph_b,graph_b_guide_similarity_control,S1_pair+F1,val,1704,11040,hg19,1,0.7321292161941528
gcn_graph_b,graph_b_guide_similarity_control,S1_pair+F1,val,1705,11040,hg19,1,0.7100180983543396
gcn_graph_b,graph_b_guide_similarity_control,S1_pair+F1,val,1706,11040,hg19,1,0.7011711001396179
gcn_graph_b,graph_b_guide_similarity_control,S1_pair+F1,val,1707,11040,hg19,1,0.6942802667617798
gcn_graph_b,graph_b_guide_similarity_control,S1_pair+F1,val,1708,11065,hg19,1,0.2949414849281311
gcn_graph_b,graph_b_guide_similarity_control,S1_pair+F1,val,1709,11065,hg19,1,0.2758309245109558
gcn_graph_b,graph_b_guide_similarity_control,S1_pair+F1,val,1710,11065,hg19,1,0.28388118743896484
gcn_graph_b,graph_b_guide_similarity_control,S1_pair+F1,val,1711,11065,hg19,1,0.28906315565109253
gcn_graph_b,graph_b_guide_similarity_control,S1_pair+F1,val,1712,11065,hg19,1,0.25642645359039307
gcn_graph_b,graph_b_guide_similarity_control,S1_pair+F1,val,1713,11065,hg19,1,0.2449979931116104
gcn_graph_b,graph_b_guide_similarity_control,S1_pair+F1,val,1714,11065,hg19,1,0.25178274512290955
gcn_graph_b,graph_b_guide_similarity_control,S1_pair+F1,val,1715,11065,hg19,1,0.2607790231704712
gcn_graph_b,graph_b_guide_similarity_control,S1_pair+F1,val,1716,11065,hg19,1,0.2718338370323181
gcn_graph_b,graph_b_guide_similarity_control,S1_pair+F1,val,1717,11065,hg19,1,0.2605248987674713
gcn_graph_b,graph_b_guide_similarity_control,S1_pair+F1,val,1718,11065,hg19,1,0.2539450526237488
gcn_graph_b,graph_b_guide_similarity_control,S1_pair+F1,val,1719,11065,hg19,1,0.24915410578250885
gcn_graph_b,graph_b_guide_similarity_control,S1_pair+F1,val,1720,11065,hg19,1,0.26265159249305725
gcn_graph_b,graph_b_guide_similarity_control,S1_pair+F1,val,1721,11065,hg19,1,0.23051011562347412
gcn_graph_b,graph_b_guide_similarity_control,S1_pair+F1,val,1722,11065,hg19,1,0.26182034611701965
gcn_graph_b,graph_b_guide_similarity_control,S1_pair+F1,val,1723,11065,hg19,1,0.2658970057964325
gcn_graph_b,graph_b_guide_similarity_control,S1_pair+F1,val,1724,11065,hg19,1,0.26327937841415405
gcn_graph_b,graph_b_guide_similarity_control,S1_pair+F1,val,1725,11065,hg19,1,0.24651095271110535
gcn_graph_b,graph_b_guide_similarity_control,S1_pair+F1,val,1726,11065,hg19,1,0.2866203486919403
gcn_graph_b,graph_b_guide_similarity_control,S1_pair+F1,val,1727,11065,hg19,1,0.2516033947467804
gcn_graph_b,graph_b_guide_similarity_control,S1_pair+F1,val,1728,11065,hg19,1,0.2726469337940216
gcn_graph_b,graph_b_guide_similarity_control,S1_pair+F1,val,1729,11065,hg19,1,0.23684141039848328
gcn_graph_b,graph_b_guide_similarity_control,S1_pair+F1,val,1730,11065,hg19,1,0.24100275337696075
gcn_graph_b,graph_b_guide_similarity_control,S1_pair+F1,val,1731,11065,hg19,1,0.2610684335231781
gcn_graph_b,graph_b_guide_similarity_control,S1_pair+F1,val,1732,11065,hg19,1,0.22676531970500946
gcn_graph_b,graph_b_guide_similarity_control,S1_pair+F1,val,1733,11065,hg19,1,0.2782309949398041
gcn_graph_b,graph_b_guide_similarity_control,S1_pair+F1,test,0,228,hg19,1,0.12705498933792114
gcn_graph_b,graph_b_guide_similarity_control,S1_pair+F1,test,1,228,hg19,1,0.12991631031036377
gcn_graph_b,graph_b_guide_similarity_control,S1_pair+F1,test,2,228,hg19,0,0.11106788367033005
gcn_graph_b,graph_b_guide_similarity_control,S1_pair+F1,test,3,228,hg19,0,0.11819988489151001
gcn_graph_b,graph_b_guide_similarity_control,S1_pair+F1,test,4,228,hg19,1,0.12249599397182465
gcn_graph_b,graph_b_guide_similarity_control,S1_pair+F1,test,5,228,hg19,0,0.11645055562257767
gcn_graph_b,graph_b_guide_similarity_control,S1_pair+F1,test,6,228,hg19,0,0.1147627979516983
gcn_graph_b,graph_b_guide_similarity_control,S1_pair+F1,test,7,228,hg19,1,0.11719851195812225
gcn_graph_b,graph_b_guide_similarity_control,S1_pair+F1,test,8,228,hg19,0,0.11740205436944962
gcn_graph_b,graph_b_guide_similarity_control,S1_pair+F1,test,9,228,hg19,0,0.11280084401369095
gcn_graph_b,graph_b_guide_similarity_control,S1_pair+F1,test,10,228,hg19,1,0.1161971241235733
gcn_graph_b,graph_b_guide_similarity_control,S1_pair+F1,test,11,228,hg19,0,0.1101604476571083
gcn_graph_b,graph_b_guide_similarity_control,S1_pair+F1,test,12,278,hg19,1,0.5842143893241882
gcn_graph_b,graph_b_guide_similarity_control,S1_pair+F1,test,13,278,hg19,1,0.5762766599655151
gcn_graph_b,graph_b_guide_similarity_control,S1_pair+F1,test,14,278,hg19,1,0.4360276162624359
gcn_graph_b,graph_b_guide_similarity_control,S1_pair+F1,test,15,278,hg19,1,0.47876062989234924
gcn_graph_b,graph_b_guide_similarity_control,S1_pair+F1,test,16,278,hg19,1,0.4368443191051483
gcn_graph_b,graph_b_guide_similarity_control,S1_pair+F1,test,17,278,hg19,1,0.4037948250770569
gcn_graph_b,graph_b_guide_similarity_control,S1_pair+F1,test,18,278,hg19,1,0.37435317039489746
gcn_graph_b,graph_b_guide_similarity_control,S1_pair+F1,test,19,278,hg19,1,0.49335795640945435
gcn_graph_b,graph_b_guide_similarity_control,S1_pair+F1,test,20,278,hg19,1,0.5281510949134827
gcn_graph_b,graph_b_guide_similarity_control,S1_pair+F1,test,21,278,hg19,1,0.46109017729759216
gcn_graph_b,graph_b_guide_similarity_control,S1_pair+F1,test,22,278,hg19,1,0.4138771593570709
gcn_graph_b,graph_b_guide_similarity_control,S1_pair+F1,test,23,278,hg19,1,0.4156707525253296
gcn_graph_b,graph_b_guide_similarity_control,S1_pair+F1,test,24,278,hg19,1,0.42229005694389343
gcn_graph_b,graph_b_guide_similarity_control,S1_pair+F1,test,25,278,hg19,1,0.4401332437992096
gcn_graph_b,graph_b_guide_similarity_control,S1_pair+F1,test,26,635,hg19,1,0.22261697053909302
gcn_graph_b,graph_b_guide_similarity_control,S1_pair+F1,test,27,635,hg19,1,0.2114316076040268
gcn_graph_b,graph_b_guide_similarity_control,S1_pair+F1,test,28,635,hg19,1,0.184894859790802
gcn_graph_b,graph_b_guide_similarity_control,S1_pair+F1,test,29,804,hg19,1,0.7242834568023682
gcn_graph_b,graph_b_guide_similarity_control,S1_pair+F1,test,30,804,hg19,1,0.6436242461204529
gcn_graph_b,graph_b_guide_similarity_control,S1_pair+F1,test,31,804,hg19,1,0.6276854872703552
gcn_graph_b,graph_b_guide_similarity_control,S1_pair+F1,test,32,804,hg19,1,0.6327781677246094
gcn_graph_b,graph_b_guide_similarity_control,S1_pair+F1,test,33,1018,hg19,1,0.4387870132923126
gcn_graph_b,graph_b_guide_similarity_control,S1_pair+F1,test,34,1018,hg19,1,0.3899567425251007
gcn_graph_b,graph_b_guide_similarity_control,S1_pair+F1,test,35,1018,hg19,1,0.4150441288948059
gcn_graph_b,graph_b_guide_similarity_control,S1_pair+F1,test,36,1018,hg19,1,0.35678210854530334
gcn_graph_b,graph_b_guide_similarity_control,S1_pair+F1,test,37,1026,hg19,1,0.7135000824928284
gcn_graph_b,graph_b_guide_similarity_control,S1_pair+F1,test,38,1026,hg19,1,0.67640221118927
gcn_graph_b,graph_b_guide_similarity_control,S1_pair+F1,test,39,1028,mm10,0,0.08221156895160675
gcn_graph_b,graph_b_guide_similarity_control,S1_pair+F1,test,40,1028,mm10,0,0.07502738386392593
gcn_graph_b,graph_b_guide_similarity_control,S1_pair+F1,test,41,1028,mm10,0,0.08519900590181351
gcn_graph_b,graph_b_guide_similarity_control,S1_pair+F1,test,42,1028,mm10,0,0.08461041748523712
gcn_graph_b,graph_b_guide_similarity_control,S1_pair+F1,test,43,1028,mm10,0,0.07551177591085434
gcn_graph_b,graph_b_guide_similarity_control,S1_pair+F1,test,44,1028,mm10,0,0.07907652854919434
gcn_graph_b,graph_b_guide_similarity_control,S1_pair+F1,test,45,1028,mm10,1,0.08135397732257843
gcn_graph_b,graph_b_guide_similarity_control,S1_pair+F1,test,46,1028,mm10,0,0.08189833164215088
gcn_graph_b,graph_b_guide_similarity_control,S1_pair+F1,test,47,1028,mm10,0,0.07730475813150406
gcn_graph_b,graph_b_guide_similarity_control,S1_pair+F1,test,48,1028,mm10,0,0.08303823322057724
gcn_graph_b,graph_b_guide_similarity_control,S1_pair+F1,test,49,1028,mm10,0,0.08780073374509811
gcn_graph_b,graph_b_guide_similarity_control,S1_pair+F1,test,50,1028,mm10,0,0.08434534817934036
gcn_graph_b,graph_b_guide_similarity_control,S1_pair+F1,test,51,1028,mm10,0,0.08584935963153839
gcn_graph_b,graph_b_guide_similarity_control,S1_pair+F1,test,52,1028,mm10,0,0.07876024395227432
gcn_graph_b,graph_b_guide_similarity_control,S1_pair+F1,test,53,1028,mm10,0,0.0795678198337555
gcn_graph_b,graph_b_guide_similarity_control,S1_pair+F1,test,54,1044,mm10,0,0.1880933940410614
gcn_graph_b,graph_b_guide_similarity_control,S1_pair+F1,test,55,1044,mm10,0,0.17686425149440765
gcn_graph_b,graph_b_guide_similarity_control,S1_pair+F1,test,56,1044,mm10,0,0.19786590337753296
gcn_graph_b,graph_b_guide_similarity_control,S1_pair+F1,test,57,1044,mm10,0,0.17513029277324677
gcn_graph_b,graph_b_guide_similarity_control,S1_pair+F1,test,58,1044,mm10,1,0.1919703632593155
gcn_graph_b,graph_b_guide_similarity_control,S1_pair+F1,test,59,1044,mm10,0,0.19246290624141693
gcn_graph_b,graph_b_guide_similarity_control,S1_pair+F1,test,60,1044,mm10,0,0.17252647876739502
gcn_graph_b,graph_b_guide_similarity_control,S1_pair+F1,test,61,1044,mm10,0,0.17509618401527405
gcn_graph_b,graph_b_guide_similarity_control,S1_pair+F1,test,62,1044,mm10,0,0.17977194488048553
gcn_graph_b,graph_b_guide_similarity_control,S1_pair+F1,test,63,1044,mm10,0,0.16278253495693207
gcn_graph_b,graph_b_guide_similarity_control,S1_pair+F1,test,64,1044,mm10,0,0.15984474122524261
gcn_graph_b,graph_b_guide_similarity_control,S1_pair+F1,test,65,1044,mm10,0,0.17284250259399414
gcn_graph_b,graph_b_guide_similarity_control,S1_pair+F1,test,66,1044,mm10,0,0.19262167811393738
gcn_graph_b,graph_b_guide_similarity_control,S1_pair+F1,test,67,1060,mm10,1,0.14776694774627686
gcn_graph_b,graph_b_guide_similarity_control,S1_pair+F1,test,68,1060,mm10,0,0.13333378732204437
gcn_graph_b,graph_b_guide_similarity_control,S1_pair+F1,test,69,1060,mm10,0,0.14741110801696777
gcn_graph_b,graph_b_guide_similarity_control,S1_pair+F1,test,70,1060,mm10,0,0.1374841034412384
gcn_graph_b,graph_b_guide_similarity_control,S1_pair+F1,test,71,1060,mm10,0,0.1397848129272461
gcn_graph_b,graph_b_guide_similarity_control,S1_pair+F1,test,72,1060,mm10,0,0.1445237100124359
gcn_graph_b,graph_b_guide_similarity_control,S1_pair+F1,test,73,1060,mm10,1,0.1378730684518814
gcn_graph_b,graph_b_guide_similarity_control,S1_pair+F1,test,74,1060,mm10,0,0.14102238416671753
gcn_graph_b,graph_b_guide_similarity_control,S1_pair+F1,test,75,1060,mm10,0,0.150899738073349
gcn_graph_b,graph_b_guide_similarity_control,S1_pair+F1,test,76,1060,mm10,0,0.1452130526304245
gcn_graph_b,graph_b_guide_similarity_control,S1_pair+F1,test,77,1060,mm10,0,0.1292458325624466
gcn_graph_b,graph_b_guide_similarity_control,S1_pair+F1,test,78,1060,mm10,0,0.14858819544315338
gcn_graph_b,graph_b_guide_similarity_control,S1_pair+F1,test,79,1060,mm10,0,0.13946756720542908
gcn_graph_b,graph_b_guide_similarity_control,S1_pair+F1,test,80,1060,mm10,0,0.1451711803674698
gcn_graph_b,graph_b_guide_similarity_control,S1_pair+F1,test,81,1060,mm10,0,0.1245422214269638
gcn_graph_b,graph_b_guide_similarity_control,S1_pair+F1,test,82,1088,mm10,1,0.20242956280708313
gcn_graph_b,graph_b_guide_similarity_control,S1_pair+F1,test,83,1088,mm10,0,0.19334933161735535
gcn_graph_b,graph_b_guide_similarity_control,S1_pair+F1,test,84,1088,mm10,0,0.21574728190898895
gcn_graph_b,graph_b_guide_similarity_control,S1_pair+F1,test,85,1088,mm10,0,0.21607907116413116
gcn_graph_b,graph_b_guide_similarity_control,S1_pair+F1,test,86,1088,mm10,0,0.21247757971286774
gcn_graph_b,graph_b_guide_similarity_control,S1_pair+F1,test,87,1088,mm10,0,0.1959504783153534
gcn_graph_b,graph_b_guide_similarity_control,S1_pair+F1,test,88,1088,mm10,0,0.20858162641525269
gcn_graph_b,graph_b_guide_similarity_control,S1_pair+F1,test,89,1088,mm10,0,0.20234271883964539
gcn_graph_b,graph_b_guide_similarity_control,S1_pair+F1,test,90,1088,mm10,0,0.19420970976352692
gcn_graph_b,graph_b_guide_similarity_control,S1_pair+F1,test,91,1088,mm10,0,0.1921672374010086
gcn_graph_b,graph_b_guide_similarity_control,S1_pair+F1,test,92,1088,mm10,0,0.22726856172084808
gcn_graph_b,graph_b_guide_similarity_control,S1_pair+F1,test,93,1088,mm10,0,0.19534631073474884
gcn_graph_b,graph_b_guide_similarity_control,S1_pair+F1,test,94,1088,mm10,0,0.20481647551059723
gcn_graph_b,graph_b_guide_similarity_control,S1_pair+F1,test,95,1120,mm10,1,0.11471736431121826
gcn_graph_b,graph_b_guide_similarity_control,S1_pair+F1,test,96,1120,mm10,0,0.12203807383775711
gcn_graph_b,graph_b_guide_similarity_control,S1_pair+F1,test,97,1120,mm10,0,0.11458229273557663
gcn_graph_b,graph_b_guide_similarity_control,S1_pair+F1,test,98,1120,mm10,0,0.11400820314884186
gcn_graph_b,graph_b_guide_similarity_control,S1_pair+F1,test,99,1120,mm10,0,0.10688958317041397
gcn_graph_b,graph_b_guide_similarity_control,S1_pair+F1,test,100,1120,mm10,0,0.10750963538885117
gcn_graph_b,graph_b_guide_similarity_control,S1_pair+F1,test,101,1120,mm10,0,0.11108876764774323
gcn_graph_b,graph_b_guide_similarity_control,S1_pair+F1,test,102,1120,mm10,0,0.11237111687660217
gcn_graph_b,graph_b_guide_similarity_control,S1_pair+F1,test,103,1120,mm10,0,0.1096678078174591
gcn_graph_b,graph_b_guide_similarity_control,S1_pair+F1,test,104,1120,mm10,0,0.12385380268096924
gcn_graph_b,graph_b_guide_similarity_control,S1_pair+F1,test,105,1120,mm10,0,0.11532989889383316
gcn_graph_b,graph_b_guide_similarity_control,S1_pair+F1,test,106,1120,mm10,0,0.11375358700752258
gcn_graph_b,graph_b_guide_similarity_control,S1_pair+F1,test,107,1120,mm10,0,0.1271405816078186
gcn_graph_b,graph_b_guide_similarity_control,S1_pair+F1,test,108,1120,mm10,0,0.1098409965634346
gcn_graph_b,graph_b_guide_similarity_control,S1_pair+F1,test,109,1120,mm10,0,0.12410533428192139
gcn_graph_b,graph_b_guide_similarity_control,S1_pair+F1,test,110,1408,mm10,0,0.17028270661830902
gcn_graph_b,graph_b_guide_similarity_control,S1_pair+F1,test,111,1408,mm10,0,0.15895259380340576
gcn_graph_b,graph_b_guide_similarity_control,S1_pair+F1,test,112,1408,mm10,0,0.1594352126121521
gcn_graph_b,graph_b_guide_similarity_control,S1_pair+F1,test,113,1408,mm10,0,0.14119330048561096
gcn_graph_b,graph_b_guide_similarity_control,S1_pair+F1,test,114,1408,mm10,0,0.14701367914676666
gcn_graph_b,graph_b_guide_similarity_control,S1_pair+F1,test,115,1408,mm10,0,0.15418292582035065
gcn_graph_b,graph_b_guide_similarity_control,S1_pair+F1,test,116,1408,mm10,0,0.15282660722732544
gcn_graph_b,graph_b_guide_similarity_control,S1_pair+F1,test,117,1408,mm10,0,0.15757779777050018
gcn_graph_b,graph_b_guide_similarity_control,S1_pair+F1,test,118,1408,mm10,0,0.15353724360466003
gcn_graph_b,graph_b_guide_similarity_control,S1_pair+F1,test,119,1505,hg19,1,0.2633645236492157
gcn_graph_b,graph_b_guide_similarity_control,S1_pair+F1,test,120,1505,hg19,1,0.2235613316297531
gcn_graph_b,graph_b_guide_similarity_control,S1_pair+F1,test,121,1505,hg19,1,0.23009715974330902
gcn_graph_b,graph_b_guide_similarity_control,S1_pair+F1,test,122,1505,hg19,1,0.25051382184028625
gcn_graph_b,graph_b_guide_similarity_control,S1_pair+F1,test,123,1505,hg19,1,0.24491408467292786
gcn_graph_b,graph_b_guide_similarity_control,S1_pair+F1,test,124,1505,hg19,1,0.2360626757144928
gcn_graph_b,graph_b_guide_similarity_control,S1_pair+F1,test,125,1505,hg19,1,0.23429153859615326
gcn_graph_b,graph_b_guide_similarity_control,S1_pair+F1,test,126,1505,hg19,1,0.23116153478622437
gcn_graph_b,graph_b_guide_similarity_control,S1_pair+F1,test,127,1505,hg19,1,0.24833114445209503
gcn_graph_b,graph_b_guide_similarity_control,S1_pair+F1,test,128,1505,hg19,1,0.21070098876953125
gcn_graph_b,graph_b_guide_similarity_control,S1_pair+F1,test,129,1505,hg19,1,0.2396848201751709
gcn_graph_b,graph_b_guide_similarity_control,S1_pair+F1,test,130,1505,hg19,1,0.2181064486503601
gcn_graph_b,graph_b_guide_similarity_control,S1_pair+F1,test,131,1505,hg19,1,0.23273833096027374
gcn_graph_b,graph_b_guide_similarity_control,S1_pair+F1,test,132,1505,hg19,1,0.26226505637168884
gcn_graph_b,graph_b_guide_similarity_control,S1_pair+F1,test,133,1505,hg19,1,0.22387158870697021
gcn_graph_b,graph_b_guide_similarity_control,S1_pair+F1,test,134,1505,hg19,1,0.24377216398715973
gcn_graph_b,graph_b_guide_similarity_control,S1_pair+F1,test,135,1505,hg19,1,0.2677869498729706
gcn_graph_b,graph_b_guide_similarity_control,S1_pair+F1,test,136,1505,hg19,1,0.17768347263336182
gcn_graph_b,graph_b_guide_similarity_control,S1_pair+F1,test,137,1505,hg19,1,0.2188970148563385
gcn_graph_b,graph_b_guide_similarity_control,S1_pair+F1,test,138,1505,hg19,1,0.22473447024822235
gcn_graph_b,graph_b_guide_similarity_control,S1_pair+F1,test,139,1505,hg19,1,0.23060882091522217
gcn_graph_b,graph_b_guide_similarity_control,S1_pair+F1,test,140,1505,hg19,1,0.22671835124492645
gcn_graph_b,graph_b_guide_similarity_control,S1_pair+F1,test,141,1505,hg19,1,0.2529067099094391
gcn_graph_b,graph_b_guide_similarity_control,S1_pair+F1,test,142,1505,hg19,1,0.2106974720954895
gcn_graph_b,graph_b_guide_similarity_control,S1_pair+F1,test,143,1505,hg19,1,0.21170121431350708
gcn_graph_b,graph_b_guide_similarity_control,S1_pair+F1,test,144,1505,hg19,1,0.23359526693820953
gcn_graph_b,graph_b_guide_similarity_control,S1_pair+F1,test,145,1505,hg19,1,0.2505056858062744
gcn_graph_b,graph_b_guide_similarity_control,S1_pair+F1,test,146,1505,hg19,1,0.232844740152359
gcn_graph_b,graph_b_guide_similarity_control,S1_pair+F1,test,147,1505,hg19,1,0.2539483904838562
gcn_graph_b,graph_b_guide_similarity_control,S1_pair+F1,test,148,1505,hg19,1,0.2151215523481369
gcn_graph_b,graph_b_guide_similarity_control,S1_pair+F1,test,149,1505,hg19,1,0.2557794749736786
gcn_graph_b,graph_b_guide_similarity_control,S1_pair+F1,test,150,1505,hg19,1,0.2435828298330307
gcn_graph_b,graph_b_guide_similarity_control,S1_pair+F1,test,151,1505,hg19,1,0.25573867559432983
gcn_graph_b,graph_b_guide_similarity_control,S1_pair+F1,test,152,1505,hg19,1,0.24487261474132538
gcn_graph_b,graph_b_guide_similarity_control,S1_pair+F1,test,153,1505,hg19,1,0.21943797171115875
gcn_graph_b,graph_b_guide_similarity_control,S1_pair+F1,test,154,1505,hg19,1,0.21222716569900513
gcn_graph_b,graph_b_guide_similarity_control,S1_pair+F1,test,155,1505,hg19,1,0.23400166630744934
gcn_graph_b,graph_b_guide_similarity_control,S1_pair+F1,test,156,1505,hg19,1,0.2671337425708771
gcn_graph_b,graph_b_guide_similarity_control,S1_pair+F1,test,157,1505,hg19,1,0.26239731907844543
gcn_graph_b,graph_b_guide_similarity_control,S1_pair+F1,test,158,1505,hg19,1,0.26006069779396057
gcn_graph_b,graph_b_guide_similarity_control,S1_pair+F1,test,159,1505,hg19,1,0.22739484906196594
gcn_graph_b,graph_b_guide_similarity_control,S1_pair+F1,test,160,1505,hg19,1,0.2192937284708023
gcn_graph_b,graph_b_guide_similarity_control,S1_pair+F1,test,161,1505,hg19,1,0.26822948455810547
gcn_graph_b,graph_b_guide_similarity_control,S1_pair+F1,test,162,1505,hg19,1,0.24537107348442078
gcn_graph_b,graph_b_guide_similarity_control,S1_pair+F1,test,163,1505,hg19,1,0.2558942437171936
gcn_graph_b,graph_b_guide_similarity_control,S1_pair+F1,test,164,1505,hg19,1,0.25584888458251953
gcn_graph_b,graph_b_guide_similarity_control,S1_pair+F1,test,165,1505,hg19,1,0.2445448935031891
gcn_graph_b,graph_b_guide_similarity_control,S1_pair+F1,test,166,1505,hg19,1,0.24039867520332336
gcn_graph_b,graph_b_guide_similarity_control,S1_pair+F1,test,167,3265,hg19,1,0.9684864282608032
gcn_graph_b,graph_b_guide_similarity_control,S1_pair+F1,test,168,3265,hg19,1,0.9599922299385071
gcn_graph_b,graph_b_guide_similarity_control,S1_pair+F1,test,169,3265,hg19,1,0.9642653465270996
gcn_graph_b,graph_b_guide_similarity_control,S1_pair+F1,test,170,3265,hg19,1,0.965546727180481
gcn_graph_b,graph_b_guide_similarity_control,S1_pair+F1,test,171,3265,hg19,1,0.9586567282676697
gcn_graph_b,graph_b_guide_similarity_control,S1_pair+F1,test,172,3265,hg19,1,0.9635189771652222
gcn_graph_b,graph_b_guide_similarity_control,S1_pair+F1,test,173,3265,hg19,1,0.9630324840545654
gcn_graph_b,graph_b_guide_similarity_control,S1_pair+F1,test,174,3265,hg19,1,0.9625852704048157
gcn_graph_b,graph_b_guide_similarity_control,S1_pair+F1,test,175,3265,hg19,1,0.9587623476982117
gcn_graph_b,graph_b_guide_similarity_control,S1_pair+F1,test,176,3265,hg19,1,0.9632179141044617
gcn_graph_b,graph_b_guide_similarity_control,S1_pair+F1,test,177,3265,hg19,1,0.9576485753059387
gcn_graph_b,graph_b_guide_similarity_control,S1_pair+F1,test,178,3265,hg19,1,0.9613741040229797
gcn_graph_b,graph_b_guide_similarity_control,S1_pair+F1,test,179,3265,hg19,1,0.9554790258407593
gcn_graph_b,graph_b_guide_similarity_control,S1_pair+F1,test,180,3265,hg19,1,0.9584292769432068
gcn_graph_b,graph_b_guide_similarity_control,S1_pair+F1,test,181,3265,hg19,1,0.9568426609039307
gcn_graph_b,graph_b_guide_similarity_control,S1_pair+F1,test,182,3265,hg19,1,0.95928955078125
gcn_graph_b,graph_b_guide_similarity_control,S1_pair+F1,test,183,3265,hg19,1,0.9570114016532898
gcn_graph_b,graph_b_guide_similarity_control,S1_pair+F1,test,184,3265,hg19,1,0.9603106379508972
gcn_graph_b,graph_b_guide_similarity_control,S1_pair+F1,test,185,3265,hg19,1,0.9599515795707703
gcn_graph_b,graph_b_guide_similarity_control,S1_pair+F1,test,186,3265,hg19,1,0.963922381401062
gcn_graph_b,graph_b_guide_similarity_control,S1_pair+F1,test,187,3265,hg19,1,0.9605830907821655
gcn_graph_b,graph_b_guide_similarity_control,S1_pair+F1,test,188,3265,hg19,1,0.9567112922668457
gcn_graph_b,graph_b_guide_similarity_control,S1_pair+F1,test,189,3265,hg19,1,0.9633949398994446
gcn_graph_b,graph_b_guide_similarity_control,S1_pair+F1,test,190,3265,hg19,1,0.9583237171173096
gcn_graph_b,graph_b_guide_similarity_control,S1_pair+F1,test,191,3265,hg19,1,0.9660167098045349
gcn_graph_b,graph_b_guide_similarity_control,S1_pair+F1,test,192,3265,hg19,1,0.9615790843963623
gcn_graph_b,graph_b_guide_similarity_control,S1_pair+F1,test,193,3265,hg19,1,0.9565247297286987
gcn_graph_b,graph_b_guide_similarity_control,S1_pair+F1,test,194,3265,hg19,1,0.9612529277801514
gcn_graph_b,graph_b_guide_similarity_control,S1_pair+F1,test,195,3265,hg19,1,0.9620835781097412
gcn_graph_b,graph_b_guide_similarity_control,S1_pair+F1,test,196,3265,hg19,1,0.9575515389442444
gcn_graph_b,graph_b_guide_similarity_control,S1_pair+F1,test,197,3265,hg19,1,0.9606658220291138
gcn_graph_b,graph_b_guide_similarity_control,S1_pair+F1,test,198,3265,hg19,1,0.9584751725196838
gcn_graph_b,graph_b_guide_similarity_control,S1_pair+F1,test,199,3265,hg19,1,0.9571753144264221
gcn_graph_b,graph_b_guide_similarity_control,S1_pair+F1,test,200,3265,hg19,1,0.9584741592407227
gcn_graph_b,graph_b_guide_similarity_control,S1_pair+F1,test,201,3265,hg19,1,0.961665689945221
gcn_graph_b,graph_b_guide_similarity_control,S1_pair+F1,test,202,3300,hg19,1,0.8736167550086975
gcn_graph_b,graph_b_guide_similarity_control,S1_pair+F1,test,203,3300,hg19,1,0.837054431438446
gcn_graph_b,graph_b_guide_similarity_control,S1_pair+F1,test,204,3300,hg19,1,0.8495885729789734
gcn_graph_b,graph_b_guide_similarity_control,S1_pair+F1,test,205,3300,hg19,1,0.8706570267677307
gcn_graph_b,graph_b_guide_similarity_control,S1_pair+F1,test,206,3300,hg19,1,0.7876097559928894
gcn_graph_b,graph_b_guide_similarity_control,S1_pair+F1,test,207,3300,hg19,1,0.8565933704376221
gcn_graph_b,graph_b_guide_similarity_control,S1_pair+F1,test,208,3300,hg19,1,0.8560214638710022
gcn_graph_b,graph_b_guide_similarity_control,S1_pair+F1,test,209,3300,hg19,1,0.8082940578460693
gcn_graph_b,graph_b_guide_similarity_control,S1_pair+F1,test,210,3300,hg19,1,0.837033212184906
gcn_graph_b,graph_b_guide_similarity_control,S1_pair+F1,test,211,3300,hg19,1,0.8233605623245239
gcn_graph_b,graph_b_guide_similarity_control,S1_pair+F1,test,212,3300,hg19,1,0.8291833400726318
gcn_graph_b,graph_b_guide_similarity_control,S1_pair+F1,test,213,3300,hg19,1,0.8561316132545471
gcn_graph_b,graph_b_guide_similarity_control,S1_pair+F1,test,214,3300,hg19,1,0.8564819693565369
gcn_graph_b,graph_b_guide_similarity_control,S1_pair+F1,test,215,3300,hg19,1,0.8534843921661377
gcn_graph_b,graph_b_guide_similarity_control,S1_pair+F1,test,216,3300,hg19,1,0.8384450078010559
gcn_graph_b,graph_b_guide_similarity_control,S1_pair+F1,test,217,3300,hg19,1,0.8719944953918457
gcn_graph_b,graph_b_guide_similarity_control,S1_pair+F1,test,218,3300,hg19,1,0.8276933431625366
gcn_graph_b,graph_b_guide_similarity_control,S1_pair+F1,test,219,3300,hg19,1,0.8201901316642761
gcn_graph_b,graph_b_guide_similarity_control,S1_pair+F1,test,220,3300,hg19,1,0.8639840483665466
gcn_graph_b,graph_b_guide_similarity_control,S1_pair+F1,test,221,3300,hg19,1,0.8518828749656677
gcn_graph_b,graph_b_guide_similarity_control,S1_pair+F1,test,222,3300,hg19,1,0.8450526595115662
gcn_graph_b,graph_b_guide_similarity_control,S1_pair+F1,test,223,3300,hg19,1,0.8439295887947083
gcn_graph_b,graph_b_guide_similarity_control,S1_pair+F1,test,224,3300,hg19,1,0.8639715313911438
gcn_graph_b,graph_b_guide_similarity_control,S1_pair+F1,test,225,3300,hg19,1,0.8362143635749817
gcn_graph_b,graph_b_guide_similarity_control,S1_pair+F1,test,226,3300,hg19,1,0.857107400894165
gcn_graph_b,graph_b_guide_similarity_control,S1_pair+F1,test,227,3300,hg19,1,0.8519517183303833
gcn_graph_b,graph_b_guide_similarity_control,S1_pair+F1,test,228,3300,hg19,1,0.8325303792953491
gcn_graph_b,graph_b_guide_similarity_control,S1_pair+F1,test,229,3300,hg19,1,0.8536146879196167
gcn_graph_b,graph_b_guide_similarity_control,S1_pair+F1,test,230,3300,hg19,1,0.8416523933410645
gcn_graph_b,graph_b_guide_similarity_control,S1_pair+F1,test,231,3300,hg19,1,0.8456539511680603
gcn_graph_b,graph_b_guide_similarity_control,S1_pair+F1,test,232,3300,hg19,1,0.8347353935241699
gcn_graph_b,graph_b_guide_similarity_control,S1_pair+F1,test,233,3300,hg19,1,0.8509711623191833
gcn_graph_b,graph_b_guide_similarity_control,S1_pair+F1,test,234,3300,hg19,1,0.8629018664360046
gcn_graph_b,graph_b_guide_similarity_control,S1_pair+F1,test,235,3300,hg19,1,0.8284112215042114
gcn_graph_b,graph_b_guide_similarity_control,S1_pair+F1,test,236,3300,hg19,1,0.8761886358261108
gcn_graph_b,graph_b_guide_similarity_control,S1_pair+F1,test,237,3300,hg19,1,0.8256816267967224
gcn_graph_b,graph_b_guide_similarity_control,S1_pair+F1,test,238,3300,hg19,1,0.8614814281463623
gcn_graph_b,graph_b_guide_similarity_control,S1_pair+F1,test,239,3300,hg19,1,0.8312922716140747
gcn_graph_b,graph_b_guide_similarity_control,S1_pair+F1,test,240,3300,hg19,1,0.8497230410575867
gcn_graph_b,graph_b_guide_similarity_control,S1_pair+F1,test,241,3300,hg19,1,0.8263239860534668
gcn_graph_b,graph_b_guide_similarity_control,S1_pair+F1,test,242,3300,hg19,1,0.8691644668579102
gcn_graph_b,graph_b_guide_similarity_control,S1_pair+F1,test,243,3300,hg19,1,0.8416829705238342
gcn_graph_b,graph_b_guide_similarity_control,S1_pair+F1,test,244,3300,hg19,1,0.8361669182777405
gcn_graph_b,graph_b_guide_similarity_control,S1_pair+F1,test,245,3300,hg19,1,0.857371985912323
gcn_graph_b,graph_b_guide_similarity_control,S1_pair+F1,test,246,3300,hg19,1,0.8429404497146606
gcn_graph_b,graph_b_guide_similarity_control,S1_pair+F1,test,247,3300,hg19,1,0.8637647032737732
gcn_graph_b,graph_b_guide_similarity_control,S1_pair+F1,test,248,3300,hg19,1,0.8567584156990051
gcn_graph_b,graph_b_guide_similarity_control,S1_pair+F1,test,249,3300,hg19,1,0.8776593208312988
gcn_graph_b,graph_b_guide_similarity_control,S1_pair+F1,test,250,3300,hg19,1,0.8707123398780823
gcn_graph_b,graph_b_guide_similarity_control,S1_pair+F1,test,251,3300,hg19,1,0.821019172668457
gcn_graph_b,graph_b_guide_similarity_control,S1_pair+F1,test,252,3300,hg19,1,0.8620367646217346
gcn_graph_b,graph_b_guide_similarity_control,S1_pair+F1,test,253,3300,hg19,1,0.8821561336517334
gcn_graph_b,graph_b_guide_similarity_control,S1_pair+F1,test,254,3300,hg19,1,0.8476362824440002
gcn_graph_b,graph_b_guide_similarity_control,S1_pair+F1,test,255,3300,hg19,1,0.8558557033538818
gcn_graph_b,graph_b_guide_similarity_control,S1_pair+F1,test,256,3300,hg19,1,0.8604729771614075
gcn_graph_b,graph_b_guide_similarity_control,S1_pair+F1,test,257,3300,hg19,1,0.8516969084739685
gcn_graph_b,graph_b_guide_similarity_control,S1_pair+F1,test,258,3300,hg19,1,0.8568704128265381
gcn_graph_b,graph_b_guide_similarity_control,S1_pair+F1,test,259,3300,hg19,1,0.8736633658409119
gcn_graph_b,graph_b_guide_similarity_control,S1_pair+F1,test,260,3300,hg19,1,0.8635309934616089
gcn_graph_b,graph_b_guide_similarity_control,S1_pair+F1,test,261,3300,hg19,1,0.8536606431007385
gcn_graph_b,graph_b_guide_similarity_control,S1_pair+F1,test,262,3300,hg19,1,0.8290117383003235
gcn_graph_b,graph_b_guide_similarity_control,S1_pair+F1,test,263,3300,hg19,1,0.8713453412055969
gcn_graph_b,graph_b_guide_similarity_control,S1_pair+F1,test,264,3300,hg19,1,0.8439141511917114
gcn_graph_b,graph_b_guide_similarity_control,S1_pair+F1,test,265,3300,hg19,1,0.853672444820404
gcn_graph_b,graph_b_guide_similarity_control,S1_pair+F1,test,266,3300,hg19,1,0.8498750329017639
gcn_graph_b,graph_b_guide_similarity_control,S1_pair+F1,test,267,3300,hg19,1,0.8709596991539001
gcn_graph_b,graph_b_guide_similarity_control,S1_pair+F1,test,268,3300,hg19,1,0.8487020134925842
gcn_graph_b,graph_b_guide_similarity_control,S1_pair+F1,test,269,3300,hg19,1,0.8610672354698181
gcn_graph_b,graph_b_guide_similarity_control,S1_pair+F1,test,270,3300,hg19,1,0.8558575510978699
gcn_graph_b,graph_b_guide_similarity_control,S1_pair+F1,test,271,3300,hg19,1,0.8605612516403198
gcn_graph_b,graph_b_guide_similarity_control,S1_pair+F1,test,272,3300,hg19,1,0.8263498544692993
gcn_graph_b,graph_b_guide_similarity_control,S1_pair+F1,test,273,3300,hg19,1,0.8580635786056519
gcn_graph_b,graph_b_guide_similarity_control,S1_pair+F1,test,274,3300,hg19,1,0.8410637378692627
gcn_graph_b,graph_b_guide_similarity_control,S1_pair+F1,test,275,3300,hg19,1,0.8496043086051941
gcn_graph_b,graph_b_guide_similarity_control,S1_pair+F1,test,276,3300,hg19,1,0.8608870506286621
gcn_graph_b,graph_b_guide_similarity_control,S1_pair+F1,test,277,3300,hg19,1,0.8704481720924377
gcn_graph_b,graph_b_guide_similarity_control,S1_pair+F1,test,278,3300,hg19,1,0.849112331867218
gcn_graph_b,graph_b_guide_similarity_control,S1_pair+F1,test,279,3300,hg19,1,0.8470513820648193
gcn_graph_b,graph_b_guide_similarity_control,S1_pair+F1,test,280,3300,hg19,1,0.8376128673553467
gcn_graph_b,graph_b_guide_similarity_control,S1_pair+F1,test,281,3300,hg19,1,0.8699595928192139
gcn_graph_b,graph_b_guide_similarity_control,S1_pair+F1,test,282,3300,hg19,1,0.8484703898429871
gcn_graph_b,graph_b_guide_similarity_control,S1_pair+F1,test,283,3300,hg19,1,0.8627973198890686
gcn_graph_b,graph_b_guide_similarity_control,S1_pair+F1,test,284,3300,hg19,1,0.8490110039710999
gcn_graph_b,graph_b_guide_similarity_control,S1_pair+F1,test,285,3300,hg19,1,0.8534043431282043
gcn_graph_b,graph_b_guide_similarity_control,S1_pair+F1,test,286,3300,hg19,1,0.8702714443206787
gcn_graph_b,graph_b_guide_similarity_control,S1_pair+F1,test,287,3300,hg19,1,0.8311595320701599
gcn_graph_b,graph_b_guide_similarity_control,S1_pair+F1,test,288,3300,hg19,1,0.8438985347747803
gcn_graph_b,graph_b_guide_similarity_control,S1_pair+F1,test,289,3300,hg19,1,0.8550586700439453
gcn_graph_b,graph_b_guide_similarity_control,S1_pair+F1,test,290,3300,hg19,1,0.8401426076889038
gcn_graph_b,graph_b_guide_similarity_control,S1_pair+F1,test,291,3300,hg19,1,0.880565345287323
gcn_graph_b,graph_b_guide_similarity_control,S1_pair+F1,test,292,3300,hg19,1,0.8388155102729797
gcn_graph_b,graph_b_guide_similarity_control,S1_pair+F1,test,293,3300,hg19,1,0.8465579748153687
gcn_graph_b,graph_b_guide_similarity_control,S1_pair+F1,test,294,3300,hg19,1,0.875711977481842
gcn_graph_b,graph_b_guide_similarity_control,S1_pair+F1,test,295,3300,hg19,1,0.8810485601425171
gcn_graph_b,graph_b_guide_similarity_control,S1_pair+F1,test,296,3300,hg19,1,0.859620988368988
gcn_graph_b,graph_b_guide_similarity_control,S1_pair+F1,test,297,3300,hg19,1,0.8560625314712524
gcn_graph_b,graph_b_guide_similarity_control,S1_pair+F1,test,298,3300,hg19,1,0.852763831615448
gcn_graph_b,graph_b_guide_similarity_control,S1_pair+F1,test,299,3300,hg19,1,0.8687796592712402
gcn_graph_b,graph_b_guide_similarity_control,S1_pair+F1,test,300,3300,hg19,1,0.8763033747673035
gcn_graph_b,graph_b_guide_similarity_control,S1_pair+F1,test,301,3300,hg19,1,0.8744249939918518
gcn_graph_b,graph_b_guide_similarity_control,S1_pair+F1,test,302,3300,hg19,1,0.8494821190834045
gcn_graph_b,graph_b_guide_similarity_control,S1_pair+F1,test,303,3300,hg19,1,0.8510429859161377
gcn_graph_b,graph_b_guide_similarity_control,S1_pair+F1,test,304,3300,hg19,1,0.8590565323829651
gcn_graph_b,graph_b_guide_similarity_control,S1_pair+F1,test,305,3300,hg19,1,0.8628403544425964
gcn_graph_b,graph_b_guide_similarity_control,S1_pair+F1,test,306,3300,hg19,1,0.8681764006614685
gcn_graph_b,graph_b_guide_similarity_control,S1_pair+F1,test,307,3300,hg19,1,0.8642199635505676
gcn_graph_b,graph_b_guide_similarity_control,S1_pair+F1,test,308,3300,hg19,1,0.8474236726760864
gcn_graph_b,graph_b_guide_similarity_control,S1_pair+F1,test,309,3300,hg19,1,0.8877035975456238
gcn_graph_b,graph_b_guide_similarity_control,S1_pair+F1,test,310,3300,hg19,1,0.8649819493293762
gcn_graph_b,graph_b_guide_similarity_control,S1_pair+F1,test,311,3300,hg19,1,0.8375309109687805
gcn_graph_b,graph_b_guide_similarity_control,S1_pair+F1,test,312,3300,hg19,1,0.8618047833442688
gcn_graph_b,graph_b_guide_similarity_control,S1_pair+F1,test,313,3300,hg19,1,0.8682623505592346
gcn_graph_b,graph_b_guide_similarity_control,S1_pair+F1,test,314,3300,hg19,1,0.8551268577575684
gcn_graph_b,graph_b_guide_similarity_control,S1_pair+F1,test,315,3300,hg19,1,0.8767723441123962
gcn_graph_b,graph_b_guide_similarity_control,S1_pair+F1,test,316,3300,hg19,1,0.8612339496612549
gcn_graph_b,graph_b_guide_similarity_control,S1_pair+F1,test,317,3300,hg19,1,0.8515712022781372
gcn_graph_b,graph_b_guide_similarity_control,S1_pair+F1,test,318,3300,hg19,1,0.8525494337081909
gcn_graph_b,graph_b_guide_similarity_control,S1_pair+F1,test,319,3300,hg19,1,0.8595967888832092
gcn_graph_b,graph_b_guide_similarity_control,S1_pair+F1,test,320,3300,hg19,1,0.8626651167869568
gcn_graph_b,graph_b_guide_similarity_control,S1_pair+F1,test,321,3300,hg19,1,0.882213830947876
gcn_graph_b,graph_b_guide_similarity_control,S1_pair+F1,test,322,3420,hg19,1,0.42732855677604675
gcn_graph_b,graph_b_guide_similarity_control,S1_pair+F1,test,323,3420,hg19,1,0.3887712061405182
gcn_graph_b,graph_b_guide_similarity_control,S1_pair+F1,test,324,3420,hg19,1,0.37829095125198364
gcn_graph_b,graph_b_guide_similarity_control,S1_pair+F1,test,325,3420,hg19,1,0.386410117149353
gcn_graph_b,graph_b_guide_similarity_control,S1_pair+F1,test,326,3420,hg19,1,0.3644375205039978
gcn_graph_b,graph_b_guide_similarity_control,S1_pair+F1,test,327,3420,hg19,1,0.3865031898021698
gcn_graph_b,graph_b_guide_similarity_control,S1_pair+F1,test,328,3420,hg19,1,0.37137043476104736
gcn_graph_b,graph_b_guide_similarity_control,S1_pair+F1,test,329,3420,hg19,1,0.36810415983200073
gcn_graph_b,graph_b_guide_similarity_control,S1_pair+F1,test,330,3420,hg19,1,0.5370489358901978
gcn_graph_b,graph_b_guide_similarity_control,S1_pair+F1,test,331,3420,hg19,1,0.34612253308296204
gcn_graph_b,graph_b_guide_similarity_control,S1_pair+F1,test,332,3420,hg19,1,0.3986731767654419
gcn_graph_b,graph_b_guide_similarity_control,S1_pair+F1,test,333,3420,hg19,1,0.40213578939437866
gcn_graph_b,graph_b_guide_similarity_control,S1_pair+F1,test,334,3420,hg19,1,0.34823912382125854
gcn_graph_b,graph_b_guide_similarity_control,S1_pair+F1,test,335,3420,hg19,1,0.38958194851875305
gcn_graph_b,graph_b_guide_similarity_control,S1_pair+F1,test,336,3420,hg19,1,0.35173138976097107
gcn_graph_b,graph_b_guide_similarity_control,S1_pair+F1,test,337,3420,hg19,1,0.3818473815917969
gcn_graph_b,graph_b_guide_similarity_control,S1_pair+F1,test,338,3420,hg19,1,0.3509864807128906
gcn_graph_b,graph_b_guide_similarity_control,S1_pair+F1,test,339,3420,hg19,1,0.36306631565093994
gcn_graph_b,graph_b_guide_similarity_control,S1_pair+F1,test,340,3420,hg19,1,0.3909299671649933
gcn_graph_b,graph_b_guide_similarity_control,S1_pair+F1,test,341,3420,hg19,1,0.40944766998291016
gcn_graph_b,graph_b_guide_similarity_control,S1_pair+F1,test,342,3420,hg19,1,0.37905362248420715
gcn_graph_b,graph_b_guide_similarity_control,S1_pair+F1,test,343,3420,hg19,1,0.29727622866630554
gcn_graph_b,graph_b_guide_similarity_control,S1_pair+F1,test,344,3420,hg19,1,0.37851667404174805
gcn_graph_b,graph_b_guide_similarity_control,S1_pair+F1,test,345,3420,hg19,1,0.3636515736579895
gcn_graph_b,graph_b_guide_similarity_control,S1_pair+F1,test,346,3420,hg19,1,0.36950138211250305
gcn_graph_b,graph_b_guide_similarity_control,S1_pair+F1,test,347,3420,hg19,1,0.36054137349128723
gcn_graph_b,graph_b_guide_similarity_control,S1_pair+F1,test,348,3420,hg19,1,0.40022826194763184
gcn_graph_b,graph_b_guide_similarity_control,S1_pair+F1,test,349,3420,hg19,1,0.3502884805202484
gcn_graph_b,graph_b_guide_similarity_control,S1_pair+F1,test,350,3420,hg19,1,0.5500834584236145
gcn_graph_b,graph_b_guide_similarity_control,S1_pair+F1,test,351,3420,hg19,1,0.3379739820957184
gcn_graph_b,graph_b_guide_similarity_control,S1_pair+F1,test,352,3420,hg19,1,0.3497936725616455
gcn_graph_b,graph_b_guide_similarity_control,S1_pair+F1,test,353,3420,hg19,1,0.5522999167442322
gcn_graph_b,graph_b_guide_similarity_control,S1_pair+F1,test,354,3420,hg19,1,0.38905730843544006
gcn_graph_b,graph_b_guide_similarity_control,S1_pair+F1,test,355,3420,hg19,1,0.5272642374038696
gcn_graph_b,graph_b_guide_similarity_control,S1_pair+F1,test,356,3420,hg19,1,0.496305912733078
gcn_graph_b,graph_b_guide_similarity_control,S1_pair+F1,test,357,3420,hg19,1,0.39078274369239807
gcn_graph_b,graph_b_guide_similarity_control,S1_pair+F1,test,358,3420,hg19,1,0.3573492467403412
gcn_graph_b,graph_b_guide_similarity_control,S1_pair+F1,test,359,3420,hg19,1,0.4623895287513733
gcn_graph_b,graph_b_guide_similarity_control,S1_pair+F1,test,360,3420,hg19,1,0.5159345269203186
gcn_graph_b,graph_b_guide_similarity_control,S1_pair+F1,test,361,3420,hg19,1,0.5454309582710266
gcn_graph_b,graph_b_guide_similarity_control,S1_pair+F1,test,362,3420,hg19,1,0.5743319988250732
gcn_graph_b,graph_b_guide_similarity_control,S1_pair+F1,test,363,3420,hg19,1,0.5262367129325867
gcn_graph_b,graph_b_guide_similarity_control,S1_pair+F1,test,364,3420,hg19,1,0.530239999294281
gcn_graph_b,graph_b_guide_similarity_control,S1_pair+F1,test,365,3420,hg19,1,0.524287760257721
gcn_graph_b,graph_b_guide_similarity_control,S1_pair+F1,test,366,3420,hg19,1,0.3346099853515625
gcn_graph_b,graph_b_guide_similarity_control,S1_pair+F1,test,367,3420,hg19,1,0.4877418577671051
gcn_graph_b,graph_b_guide_similarity_control,S1_pair+F1,test,368,3420,hg19,1,0.5420393347740173
gcn_graph_b,graph_b_guide_similarity_control,S1_pair+F1,test,369,3420,hg19,1,0.5188062787055969
gcn_graph_b,graph_b_guide_similarity_control,S1_pair+F1,test,370,3420,hg19,1,0.5166888236999512
gcn_graph_b,graph_b_guide_similarity_control,S1_pair+F1,test,371,3420,hg19,1,0.5157442688941956
gcn_graph_b,graph_b_guide_similarity_control,S1_pair+F1,test,372,3420,hg19,1,0.5351389050483704
gcn_graph_b,graph_b_guide_similarity_control,S1_pair+F1,test,373,3420,hg19,1,0.5166683197021484
gcn_graph_b,graph_b_guide_similarity_control,S1_pair+F1,test,374,3420,hg19,1,0.5863602161407471
gcn_graph_b,graph_b_guide_similarity_control,S1_pair+F1,test,375,3420,hg19,1,0.5148123502731323
gcn_graph_b,graph_b_guide_similarity_control,S1_pair+F1,test,376,3420,hg19,1,0.5293008685112
gcn_graph_b,graph_b_guide_similarity_control,S1_pair+F1,test,377,3420,hg19,1,0.512579083442688
gcn_graph_b,graph_b_guide_similarity_control,S1_pair+F1,test,378,3420,hg19,1,0.5149766802787781
gcn_graph_b,graph_b_guide_similarity_control,S1_pair+F1,test,379,3420,hg19,1,0.3779412508010864
gcn_graph_b,graph_b_guide_similarity_control,S1_pair+F1,test,380,3420,hg19,1,0.5054457783699036
gcn_graph_b,graph_b_guide_similarity_control,S1_pair+F1,test,381,3420,hg19,1,0.4605972468852997
gcn_graph_b,graph_b_guide_similarity_control,S1_pair+F1,test,382,3420,hg19,1,0.48563385009765625
gcn_graph_b,graph_b_guide_similarity_control,S1_pair+F1,test,383,3420,hg19,1,0.5295207500457764
gcn_graph_b,graph_b_guide_similarity_control,S1_pair+F1,test,384,3420,hg19,1,0.518937885761261
gcn_graph_b,graph_b_guide_similarity_control,S1_pair+F1,test,385,3420,hg19,1,0.5044407844543457
gcn_graph_b,graph_b_guide_similarity_control,S1_pair+F1,test,386,3420,hg19,1,0.5690101385116577
gcn_graph_b,graph_b_guide_similarity_control,S1_pair+F1,test,387,3420,hg19,1,0.3850935995578766
gcn_graph_b,graph_b_guide_similarity_control,S1_pair+F1,test,388,3420,hg19,1,0.4065881073474884
gcn_graph_b,graph_b_guide_similarity_control,S1_pair+F1,test,389,3420,hg19,1,0.4236834943294525
gcn_graph_b,graph_b_guide_similarity_control,S1_pair+F1,test,390,3420,hg19,1,0.5498486161231995
gcn_graph_b,graph_b_guide_similarity_control,S1_pair+F1,test,391,3420,hg19,1,0.5003286004066467
gcn_graph_b,graph_b_guide_similarity_control,S1_pair+F1,test,392,3420,hg19,1,0.372926265001297
gcn_graph_b,graph_b_guide_similarity_control,S1_pair+F1,test,393,3420,hg19,1,0.5326218605041504
gcn_graph_b,graph_b_guide_similarity_control,S1_pair+F1,test,394,3420,hg19,1,0.4980708062648773
gcn_graph_b,graph_b_guide_similarity_control,S1_pair+F1,test,395,3420,hg19,1,0.3867717683315277
gcn_graph_b,graph_b_guide_similarity_control,S1_pair+F1,test,396,3420,hg19,1,0.5099138617515564
gcn_graph_b,graph_b_guide_similarity_control,S1_pair+F1,test,397,3420,hg19,1,0.5190104246139526
gcn_graph_b,graph_b_guide_similarity_control,S1_pair+F1,test,398,3420,hg19,1,0.48892855644226074
gcn_graph_b,graph_b_guide_similarity_control,S1_pair+F1,test,399,3420,hg19,1,0.514165997505188
gcn_graph_b,graph_b_guide_similarity_control,S1_pair+F1,test,400,3420,hg19,1,0.4024235010147095
gcn_graph_b,graph_b_guide_similarity_control,S1_pair+F1,test,401,3420,hg19,1,0.5380795001983643
gcn_graph_b,graph_b_guide_similarity_control,S1_pair+F1,test,402,3420,hg19,1,0.5304082632064819
gcn_graph_b,graph_b_guide_similarity_control,S1_pair+F1,test,403,3420,hg19,1,0.5109984278678894
gcn_graph_b,graph_b_guide_similarity_control,S1_pair+F1,test,404,3420,hg19,1,0.5336343050003052
gcn_graph_b,graph_b_guide_similarity_control,S1_pair+F1,test,405,3420,hg19,1,0.4812254309654236
gcn_graph_b,graph_b_guide_similarity_control,S1_pair+F1,test,406,3420,hg19,1,0.5241466164588928
gcn_graph_b,graph_b_guide_similarity_control,S1_pair+F1,test,407,3420,hg19,1,0.41343289613723755
gcn_graph_b,graph_b_guide_similarity_control,S1_pair+F1,test,408,3420,hg19,1,0.4949873387813568
gcn_graph_b,graph_b_guide_similarity_control,S1_pair+F1,test,409,3420,hg19,1,0.4976784884929657
gcn_graph_b,graph_b_guide_similarity_control,S1_pair+F1,test,410,3420,hg19,1,0.5044929385185242
gcn_graph_b,graph_b_guide_similarity_control,S1_pair+F1,test,411,3420,hg19,1,0.5391506552696228
gcn_graph_b,graph_b_guide_similarity_control,S1_pair+F1,test,412,3420,hg19,1,0.5233328342437744
gcn_graph_b,graph_b_guide_similarity_control,S1_pair+F1,test,413,3420,hg19,1,0.5206032395362854
gcn_graph_b,graph_b_guide_similarity_control,S1_pair+F1,test,414,3420,hg19,1,0.5479629635810852
gcn_graph_b,graph_b_guide_similarity_control,S1_pair+F1,test,415,3420,hg19,1,0.3700900673866272
gcn_graph_b,graph_b_guide_similarity_control,S1_pair+F1,test,416,3420,hg19,1,0.40645545721054077
gcn_graph_b,graph_b_guide_similarity_control,S1_pair+F1,test,417,3420,hg19,1,0.4859144687652588
gcn_graph_b,graph_b_guide_similarity_control,S1_pair+F1,test,418,3420,hg19,1,0.5432880520820618
gcn_graph_b,graph_b_guide_similarity_control,S1_pair+F1,test,419,3420,hg19,1,0.3822613060474396
gcn_graph_b,graph_b_guide_similarity_control,S1_pair+F1,test,420,3420,hg19,1,0.48474958539009094
gcn_graph_b,graph_b_guide_similarity_control,S1_pair+F1,test,421,3420,hg19,1,0.5307649374008179
gcn_graph_b,graph_b_guide_similarity_control,S1_pair+F1,test,422,3420,hg19,1,0.5542685389518738
gcn_graph_b,graph_b_guide_similarity_control,S1_pair+F1,test,423,3420,hg19,1,0.537697970867157
gcn_graph_b,graph_b_guide_similarity_control,S1_pair+F1,test,424,3420,hg19,1,0.4786241352558136
gcn_graph_b,graph_b_guide_similarity_control,S1_pair+F1,test,425,3420,hg19,1,0.5101009607315063
gcn_graph_b,graph_b_guide_similarity_control,S1_pair+F1,test,426,3420,hg19,1,0.5302582383155823
gcn_graph_b,graph_b_guide_similarity_control,S1_pair+F1,test,427,3420,hg19,1,0.5379201173782349
gcn_graph_b,graph_b_guide_similarity_control,S1_pair+F1,test,428,3420,hg19,1,0.5137772560119629
gcn_graph_b,graph_b_guide_similarity_control,S1_pair+F1,test,429,3420,hg19,1,0.4962511658668518
gcn_graph_b,graph_b_guide_similarity_control,S1_pair+F1,test,430,3420,hg19,1,0.5655024647712708
gcn_graph_b,graph_b_guide_similarity_control,S1_pair+F1,test,431,3420,hg19,1,0.5167148113250732
gcn_graph_b,graph_b_guide_similarity_control,S1_pair+F1,test,432,3420,hg19,1,0.4953538775444031
gcn_graph_b,graph_b_guide_similarity_control,S1_pair+F1,test,433,3420,hg19,1,0.5064846873283386
gcn_graph_b,graph_b_guide_similarity_control,S1_pair+F1,test,434,3420,hg19,1,0.5272901654243469
gcn_graph_b,graph_b_guide_similarity_control,S1_pair+F1,test,435,3420,hg19,1,0.5152279138565063
gcn_graph_b,graph_b_guide_similarity_control,S1_pair+F1,test,436,3420,hg19,1,0.5292444825172424
gcn_graph_b,graph_b_guide_similarity_control,S1_pair+F1,test,437,3420,hg19,1,0.5717360973358154
gcn_graph_b,graph_b_guide_similarity_control,S1_pair+F1,test,438,3420,hg19,1,0.49702730774879456
gcn_graph_b,graph_b_guide_similarity_control,S1_pair+F1,test,439,3420,hg19,1,0.5548575520515442
gcn_graph_b,graph_b_guide_similarity_control,S1_pair+F1,test,440,3420,hg19,1,0.5214565992355347
gcn_graph_b,graph_b_guide_similarity_control,S1_pair+F1,test,441,3420,hg19,1,0.5193463563919067
gcn_graph_b,graph_b_guide_similarity_control,S1_pair+F1,test,442,3420,hg19,1,0.514960765838623
gcn_graph_b,graph_b_guide_similarity_control,S1_pair+F1,test,443,3420,hg19,1,0.5220409035682678
gcn_graph_b,graph_b_guide_similarity_control,S1_pair+F1,test,444,3420,hg19,1,0.5157464146614075
gcn_graph_b,graph_b_guide_similarity_control,S1_pair+F1,test,445,3420,hg19,1,0.5065569877624512
gcn_graph_b,graph_b_guide_similarity_control,S1_pair+F1,test,446,3420,hg19,1,0.5735913515090942
gcn_graph_b,graph_b_guide_similarity_control,S1_pair+F1,test,447,3420,hg19,1,0.5435748100280762
gcn_graph_b,graph_b_guide_similarity_control,S1_pair+F1,test,448,3420,hg19,1,0.4975036382675171
gcn_graph_b,graph_b_guide_similarity_control,S1_pair+F1,test,449,3420,hg19,1,0.5143991112709045
gcn_graph_b,graph_b_guide_similarity_control,S1_pair+F1,test,450,3420,hg19,1,0.4425475001335144
gcn_graph_b,graph_b_guide_similarity_control,S1_pair+F1,test,451,3420,hg19,1,0.5144161581993103
gcn_graph_b,graph_b_guide_similarity_control,S1_pair+F1,test,452,3420,hg19,1,0.5148123502731323
gcn_graph_b,graph_b_guide_similarity_control,S1_pair+F1,test,453,3420,hg19,1,0.49466511607170105
gcn_graph_b,graph_b_guide_similarity_control,S1_pair+F1,test,454,3420,hg19,1,0.5327654480934143
gcn_graph_b,graph_b_guide_similarity_control,S1_pair+F1,test,455,3420,hg19,1,0.532081127166748
gcn_graph_b,graph_b_guide_similarity_control,S1_pair+F1,test,456,3420,hg19,1,0.47067588567733765
gcn_graph_b,graph_b_guide_similarity_control,S1_pair+F1,test,457,3420,hg19,1,0.534956693649292
gcn_graph_b,graph_b_guide_similarity_control,S1_pair+F1,test,458,3420,hg19,1,0.47609952092170715
gcn_graph_b,graph_b_guide_similarity_control,S1_pair+F1,test,459,3420,hg19,1,0.49987998604774475
gcn_graph_b,graph_b_guide_similarity_control,S1_pair+F1,test,460,3420,hg19,1,0.5082117915153503
gcn_graph_b,graph_b_guide_similarity_control,S1_pair+F1,test,461,3420,hg19,1,0.5408267378807068
gcn_graph_b,graph_b_guide_similarity_control,S1_pair+F1,test,462,3420,hg19,1,0.4912862181663513
gcn_graph_b,graph_b_guide_similarity_control,S1_pair+F1,test,463,3420,hg19,1,0.5321290493011475
gcn_graph_b,graph_b_guide_similarity_control,S1_pair+F1,test,464,3420,hg19,1,0.542630672454834
gcn_graph_b,graph_b_guide_similarity_control,S1_pair+F1,test,465,3420,hg19,1,0.5227208137512207
gcn_graph_b,graph_b_guide_similarity_control,S1_pair+F1,test,466,3420,hg19,1,0.5486143827438354
gcn_graph_b,graph_b_guide_similarity_control,S1_pair+F1,test,467,3420,hg19,1,0.5253157019615173
gcn_graph_b,graph_b_guide_similarity_control,S1_pair+F1,test,468,3420,hg19,1,0.4977909028530121
gcn_graph_b,graph_b_guide_similarity_control,S1_pair+F1,test,469,3420,hg19,1,0.5222240686416626
gcn_graph_b,graph_b_guide_similarity_control,S1_pair+F1,test,470,3420,hg19,1,0.5255251526832581
gcn_graph_b,graph_b_guide_similarity_control,S1_pair+F1,test,471,3420,hg19,1,0.5186019539833069
gcn_graph_b,graph_b_guide_similarity_control,S1_pair+F1,test,472,3420,hg19,1,0.5154731273651123
gcn_graph_b,graph_b_guide_similarity_control,S1_pair+F1,test,473,3420,hg19,1,0.5148123502731323
gcn_graph_b,graph_b_guide_similarity_control,S1_pair+F1,test,474,3420,hg19,1,0.5332638621330261
gcn_graph_b,graph_b_guide_similarity_control,S1_pair+F1,test,475,3420,hg19,1,0.5374886989593506
gcn_graph_b,graph_b_guide_similarity_control,S1_pair+F1,test,476,3420,hg19,1,0.5584324598312378
gcn_graph_b,graph_b_guide_similarity_control,S1_pair+F1,test,477,3420,hg19,1,0.5603161454200745
gcn_graph_b,graph_b_guide_similarity_control,S1_pair+F1,test,478,3420,hg19,1,0.5398278832435608
gcn_graph_b,graph_b_guide_similarity_control,S1_pair+F1,test,479,3420,hg19,1,0.5206683278083801
gcn_graph_b,graph_b_guide_similarity_control,S1_pair+F1,test,480,3420,hg19,1,0.5628741383552551
gcn_graph_b,graph_b_guide_similarity_control,S1_pair+F1,test,481,3420,hg19,1,0.5010260939598083
gcn_graph_b,graph_b_guide_similarity_control,S1_pair+F1,test,482,3420,hg19,1,0.5731443166732788
gcn_graph_b,graph_b_guide_similarity_control,S1_pair+F1,test,483,3420,hg19,1,0.5440464615821838
gcn_graph_b,graph_b_guide_similarity_control,S1_pair+F1,test,484,3420,hg19,1,0.5210700035095215
gcn_graph_b,graph_b_guide_similarity_control,S1_pair+F1,test,485,3420,hg19,1,0.5241596698760986
gcn_graph_b,graph_b_guide_similarity_control,S1_pair+F1,test,486,3420,hg19,1,0.5491052865982056
gcn_graph_b,graph_b_guide_similarity_control,S1_pair+F1,test,487,3420,hg19,1,0.5392967462539673
gcn_graph_b,graph_b_guide_similarity_control,S1_pair+F1,test,488,3420,hg19,1,0.5636919736862183
gcn_graph_b,graph_b_guide_similarity_control,S1_pair+F1,test,489,3420,hg19,1,0.5349559187889099
gcn_graph_b,graph_b_guide_similarity_control,S1_pair+F1,test,490,3420,hg19,1,0.5186096429824829
gcn_graph_b,graph_b_guide_similarity_control,S1_pair+F1,test,491,3420,hg19,1,0.5042726993560791
gcn_graph_b,graph_b_guide_similarity_control,S1_pair+F1,test,492,3420,hg19,1,0.5322578549385071
gcn_graph_b,graph_b_guide_similarity_control,S1_pair+F1,test,493,3420,hg19,1,0.4700295627117157
gcn_graph_b,graph_b_guide_similarity_control,S1_pair+F1,test,494,3420,hg19,1,0.5148123502731323
gcn_graph_b,graph_b_guide_similarity_control,S1_pair+F1,test,495,3420,hg19,1,0.525582492351532
gcn_graph_b,graph_b_guide_similarity_control,S1_pair+F1,test,496,3420,hg19,1,0.5233821272850037
gcn_graph_b,graph_b_guide_similarity_control,S1_pair+F1,test,497,3420,hg19,1,0.5326089859008789
gcn_graph_b,graph_b_guide_similarity_control,S1_pair+F1,test,498,3420,hg19,1,0.5131442546844482
gcn_graph_b,graph_b_guide_similarity_control,S1_pair+F1,test,499,3420,hg19,1,0.5154075026512146
gcn_graph_b,graph_b_guide_similarity_control,S1_pair+F1,test,500,3420,hg19,1,0.48998820781707764
gcn_graph_b,graph_b_guide_similarity_control,S1_pair+F1,test,501,3420,hg19,1,0.4971191883087158
gcn_graph_b,graph_b_guide_similarity_control,S1_pair+F1,test,502,3420,hg19,1,0.5219867825508118
gcn_graph_b,graph_b_guide_similarity_control,S1_pair+F1,test,503,3420,hg19,1,0.5155676007270813
gcn_graph_b,graph_b_guide_similarity_control,S1_pair+F1,test,504,3420,hg19,1,0.3532070517539978
gcn_graph_b,graph_b_guide_similarity_control,S1_pair+F1,test,505,3420,hg19,1,0.5362544655799866
gcn_graph_b,graph_b_guide_similarity_control,S1_pair+F1,test,506,3420,hg19,1,0.5131416916847229
gcn_graph_b,graph_b_guide_similarity_control,S1_pair+F1,test,507,3420,hg19,1,0.5284734964370728
gcn_graph_b,graph_b_guide_similarity_control,S1_pair+F1,test,508,3420,hg19,1,0.5211634039878845
gcn_graph_b,graph_b_guide_similarity_control,S1_pair+F1,test,509,3420,hg19,1,0.5121030807495117
gcn_graph_b,graph_b_guide_similarity_control,S1_pair+F1,test,510,3420,hg19,1,0.5643470287322998
gcn_graph_b,graph_b_guide_similarity_control,S1_pair+F1,test,511,3420,hg19,1,0.5372626185417175
gcn_graph_b,graph_b_guide_similarity_control,S1_pair+F1,test,512,3420,hg19,1,0.5093141198158264
gcn_graph_b,graph_b_guide_similarity_control,S1_pair+F1,test,513,3420,hg19,1,0.562812089920044
gcn_graph_b,graph_b_guide_similarity_control,S1_pair+F1,test,514,3420,hg19,1,0.5183035135269165
gcn_graph_b,graph_b_guide_similarity_control,S1_pair+F1,test,515,3420,hg19,1,0.52481609582901
gcn_graph_b,graph_b_guide_similarity_control,S1_pair+F1,test,516,3420,hg19,1,0.5539016723632812
gcn_graph_b,graph_b_guide_similarity_control,S1_pair+F1,test,517,3420,hg19,1,0.5573572516441345
gcn_graph_b,graph_b_guide_similarity_control,S1_pair+F1,test,518,3420,hg19,1,0.5113505721092224
gcn_graph_b,graph_b_guide_similarity_control,S1_pair+F1,test,519,3420,hg19,1,0.5069838762283325
gcn_graph_b,graph_b_guide_similarity_control,S1_pair+F1,test,520,3420,hg19,1,0.5392785668373108
gcn_graph_b,graph_b_guide_similarity_control,S1_pair+F1,test,521,3420,hg19,1,0.44751986861228943
gcn_graph_b,graph_b_guide_similarity_control,S1_pair+F1,test,522,3420,hg19,1,0.5304246544837952
gcn_graph_b,graph_b_guide_similarity_control,S1_pair+F1,test,523,3420,hg19,1,0.5315253734588623
gcn_graph_b,graph_b_guide_similarity_control,S1_pair+F1,test,524,3420,hg19,1,0.5443198084831238
gcn_graph_b,graph_b_guide_similarity_control,S1_pair+F1,test,525,3420,hg19,1,0.5446988344192505
gcn_graph_b,graph_b_guide_similarity_control,S1_pair+F1,test,526,3420,hg19,1,0.526016116142273
gcn_graph_b,graph_b_guide_similarity_control,S1_pair+F1,test,527,3420,hg19,1,0.541428804397583
gcn_graph_b,graph_b_guide_similarity_control,S1_pair+F1,test,528,3420,hg19,1,0.5590373873710632
gcn_graph_b,graph_b_guide_similarity_control,S1_pair+F1,test,529,3420,hg19,1,0.5160526633262634
gcn_graph_b,graph_b_guide_similarity_control,S1_pair+F1,test,530,3420,hg19,1,0.5206683278083801
gcn_graph_b,graph_b_guide_similarity_control,S1_pair+F1,test,531,3420,hg19,1,0.5158149003982544
gcn_graph_b,graph_b_guide_similarity_control,S1_pair+F1,test,532,3420,hg19,1,0.5650364756584167
gcn_graph_b,graph_b_guide_similarity_control,S1_pair+F1,test,533,3420,hg19,1,0.48556357622146606
gcn_graph_b,graph_b_guide_similarity_control,S1_pair+F1,test,534,3420,hg19,1,0.5340071320533752
gcn_graph_b,graph_b_guide_similarity_control,S1_pair+F1,test,535,3420,hg19,1,0.5516117215156555
gcn_graph_b,graph_b_guide_similarity_control,S1_pair+F1,test,536,3420,hg19,1,0.525515079498291
gcn_graph_b,graph_b_guide_similarity_control,S1_pair+F1,test,537,3420,hg19,1,0.5312685966491699
gcn_graph_b,graph_b_guide_similarity_control,S1_pair+F1,test,538,3420,hg19,1,0.5482276678085327
gcn_graph_b,graph_b_guide_similarity_control,S1_pair+F1,test,539,3420,hg19,1,0.5460931658744812
gcn_graph_b,graph_b_guide_similarity_control,S1_pair+F1,test,540,3420,hg19,1,0.5104537606239319
gcn_graph_b,graph_b_guide_similarity_control,S1_pair+F1,test,541,3420,hg19,1,0.51263028383255
gcn_graph_b,graph_b_guide_similarity_control,S1_pair+F1,test,542,3420,hg19,1,0.5242820978164673
gcn_graph_b,graph_b_guide_similarity_control,S1_pair+F1,test,543,3420,hg19,1,0.552628219127655
gcn_graph_b,graph_b_guide_similarity_control,S1_pair+F1,test,544,3420,hg19,1,0.5165590047836304
gcn_graph_b,graph_b_guide_similarity_control,S1_pair+F1,test,545,3420,hg19,1,0.5298676490783691
gcn_graph_b,graph_b_guide_similarity_control,S1_pair+F1,test,546,3420,hg19,1,0.5573104619979858
gcn_graph_b,graph_b_guide_similarity_control,S1_pair+F1,test,547,3420,hg19,1,0.5237793326377869
gcn_graph_b,graph_b_guide_similarity_control,S1_pair+F1,test,548,3420,hg19,1,0.5227840542793274
gcn_graph_b,graph_b_guide_similarity_control,S1_pair+F1,test,549,3420,hg19,1,0.5182605385780334
gcn_graph_b,graph_b_guide_similarity_control,S1_pair+F1,test,550,3420,hg19,1,0.5536180138587952
gcn_graph_b,graph_b_guide_similarity_control,S1_pair+F1,test,551,3420,hg19,1,0.5254193544387817
gcn_graph_b,graph_b_guide_similarity_control,S1_pair+F1,test,552,3420,hg19,1,0.5348942279815674
gcn_graph_b,graph_b_guide_similarity_control,S1_pair+F1,test,553,3420,hg19,1,0.4774460792541504
gcn_graph_b,graph_b_guide_similarity_control,S1_pair+F1,test,554,3420,hg19,1,0.5378397703170776
gcn_graph_b,graph_b_guide_similarity_control,S1_pair+F1,test,555,3420,hg19,1,0.5749754905700684
gcn_graph_b,graph_b_guide_similarity_control,S1_pair+F1,test,556,3420,hg19,1,0.5455357432365417
gcn_graph_b,graph_b_guide_similarity_control,S1_pair+F1,test,557,3420,hg19,1,0.5357831120491028
gcn_graph_b,graph_b_guide_similarity_control,S1_pair+F1,test,558,3420,hg19,1,0.5214148163795471
gcn_graph_b,graph_b_guide_similarity_control,S1_pair+F1,test,559,3420,hg19,1,0.39335519075393677
gcn_graph_b,graph_b_guide_similarity_control,S1_pair+F1,test,560,3420,hg19,1,0.5146130323410034
gcn_graph_b,graph_b_guide_similarity_control,S1_pair+F1,test,561,3420,hg19,1,0.48805275559425354
gcn_graph_b,graph_b_guide_similarity_control,S1_pair+F1,test,562,3420,hg19,1,0.5075097680091858
gcn_graph_b,graph_b_guide_similarity_control,S1_pair+F1,test,563,3420,hg19,1,0.5325641632080078
gcn_graph_b,graph_b_guide_similarity_control,S1_pair+F1,test,564,3420,hg19,1,0.5326068997383118
gcn_graph_b,graph_b_guide_similarity_control,S1_pair+F1,test,565,3420,hg19,1,0.5270352363586426
gcn_graph_b,graph_b_guide_similarity_control,S1_pair+F1,test,566,3420,hg19,1,0.5507258772850037
gcn_graph_b,graph_b_guide_similarity_control,S1_pair+F1,test,567,3420,hg19,1,0.5098971724510193
gcn_graph_b,graph_b_guide_similarity_control,S1_pair+F1,test,568,3420,hg19,1,0.5292252898216248
gcn_graph_b,graph_b_guide_similarity_control,S1_pair+F1,test,569,3420,hg19,1,0.5265213251113892
gcn_graph_b,graph_b_guide_similarity_control,S1_pair+F1,test,570,3420,hg19,1,0.5028504729270935
gcn_graph_b,graph_b_guide_similarity_control,S1_pair+F1,test,571,3420,hg19,1,0.5351530909538269
gcn_graph_b,graph_b_guide_similarity_control,S1_pair+F1,test,572,3420,hg19,1,0.4931267201900482
gcn_graph_b,graph_b_guide_similarity_control,S1_pair+F1,test,573,3420,hg19,1,0.5030412673950195
gcn_graph_b,graph_b_guide_similarity_control,S1_pair+F1,test,574,3420,hg19,1,0.5718395113945007
gcn_graph_b,graph_b_guide_similarity_control,S1_pair+F1,test,575,3420,hg19,1,0.5776993632316589
gcn_graph_b,graph_b_guide_similarity_control,S1_pair+F1,test,576,3420,hg19,1,0.48086437582969666
gcn_graph_b,graph_b_guide_similarity_control,S1_pair+F1,test,577,3420,hg19,1,0.5087181925773621
gcn_graph_b,graph_b_guide_similarity_control,S1_pair+F1,test,578,3420,hg19,1,0.5379046201705933
gcn_graph_b,graph_b_guide_similarity_control,S1_pair+F1,test,579,3420,hg19,1,0.5069780349731445
gcn_graph_b,graph_b_guide_similarity_control,S1_pair+F1,test,580,3420,hg19,1,0.4909503757953644
gcn_graph_b,graph_b_guide_similarity_control,S1_pair+F1,test,581,3420,hg19,1,0.552312970161438
gcn_graph_b,graph_b_guide_similarity_control,S1_pair+F1,test,582,3420,hg19,1,0.531126856803894
gcn_graph_b,graph_b_guide_similarity_control,S1_pair+F1,test,583,3420,hg19,1,0.5324128270149231
gcn_graph_b,graph_b_guide_similarity_control,S1_pair+F1,test,584,3420,hg19,1,0.5583287477493286
gcn_graph_b,graph_b_guide_similarity_control,S1_pair+F1,test,585,3420,hg19,1,0.5043573975563049
gcn_graph_b,graph_b_guide_similarity_control,S1_pair+F1,test,586,3420,hg19,1,0.5524676442146301
gcn_graph_b,graph_b_guide_similarity_control,S1_pair+F1,test,587,3420,hg19,1,0.48450392484664917
gcn_graph_b,graph_b_guide_similarity_control,S1_pair+F1,test,588,3420,hg19,1,0.5187346935272217
gcn_graph_b,graph_b_guide_similarity_control,S1_pair+F1,test,589,3420,hg19,1,0.5220078825950623
gcn_graph_b,graph_b_guide_similarity_control,S1_pair+F1,test,590,3420,hg19,1,0.5233821272850037
gcn_graph_b,graph_b_guide_similarity_control,S1_pair+F1,test,591,3420,hg19,1,0.513249933719635
gcn_graph_b,graph_b_guide_similarity_control,S1_pair+F1,test,592,3420,hg19,1,0.5066995024681091
gcn_graph_b,graph_b_guide_similarity_control,S1_pair+F1,test,593,3420,hg19,1,0.5315926671028137
gcn_graph_b,graph_b_guide_similarity_control,S1_pair+F1,test,594,3420,hg19,1,0.5143128633499146
gcn_graph_b,graph_b_guide_similarity_control,S1_pair+F1,test,595,3420,hg19,1,0.49853160977363586
gcn_graph_b,graph_b_guide_similarity_control,S1_pair+F1,test,596,3420,hg19,1,0.4852580428123474
gcn_graph_b,graph_b_guide_similarity_control,S1_pair+F1,test,597,3420,hg19,1,0.5250027179718018
gcn_graph_b,graph_b_guide_similarity_control,S1_pair+F1,test,598,3420,hg19,1,0.543498694896698
gcn_graph_b,graph_b_guide_similarity_control,S1_pair+F1,test,599,3420,hg19,1,0.5330942273139954
gcn_graph_b,graph_b_guide_similarity_control,S1_pair+F1,test,600,3420,hg19,1,0.5422942638397217
gcn_graph_b,graph_b_guide_similarity_control,S1_pair+F1,test,601,3420,hg19,1,0.5066506862640381
gcn_graph_b,graph_b_guide_similarity_control,S1_pair+F1,test,602,3420,hg19,1,0.5041389465332031
gcn_graph_b,graph_b_guide_similarity_control,S1_pair+F1,test,603,3420,hg19,1,0.5215470194816589
gcn_graph_b,graph_b_guide_similarity_control,S1_pair+F1,test,604,3420,hg19,1,0.506006121635437
gcn_graph_b,graph_b_guide_similarity_control,S1_pair+F1,test,605,3420,hg19,1,0.5047062635421753
gcn_graph_b,graph_b_guide_similarity_control,S1_pair+F1,test,606,3420,hg19,1,0.5583698749542236
gcn_graph_b,graph_b_guide_similarity_control,S1_pair+F1,test,607,3420,hg19,1,0.5614746809005737
gcn_graph_b,graph_b_guide_similarity_control,S1_pair+F1,test,608,3420,hg19,1,0.5261237025260925
gcn_graph_b,graph_b_guide_similarity_control,S1_pair+F1,test,609,3420,hg19,1,0.5222849249839783
gcn_graph_b,graph_b_guide_similarity_control,S1_pair+F1,test,610,3420,hg19,1,0.4996921420097351
gcn_graph_b,graph_b_guide_similarity_control,S1_pair+F1,test,611,3420,hg19,1,0.4979078471660614
gcn_graph_b,graph_b_guide_similarity_control,S1_pair+F1,test,612,3420,hg19,1,0.5580083131790161
gcn_graph_b,graph_b_guide_similarity_control,S1_pair+F1,test,613,3420,hg19,1,0.5457385182380676
gcn_graph_b,graph_b_guide_similarity_control,S1_pair+F1,test,614,3420,hg19,1,0.5088549256324768
gcn_graph_b,graph_b_guide_similarity_control,S1_pair+F1,test,615,3420,hg19,1,0.5255981683731079
gcn_graph_b,graph_b_guide_similarity_control,S1_pair+F1,test,616,3420,hg19,1,0.5380352735519409
gcn_graph_b,graph_b_guide_similarity_control,S1_pair+F1,test,617,3420,hg19,1,0.4868481159210205
gcn_graph_b,graph_b_guide_similarity_control,S1_pair+F1,test,618,3420,hg19,1,0.543876588344574
gcn_graph_b,graph_b_guide_similarity_control,S1_pair+F1,test,619,3420,hg19,1,0.4834884703159332
gcn_graph_b,graph_b_guide_similarity_control,S1_pair+F1,test,620,3420,hg19,1,0.5274524092674255
gcn_graph_b,graph_b_guide_similarity_control,S1_pair+F1,test,621,3420,hg19,1,0.5242887735366821
gcn_graph_b,graph_b_guide_similarity_control,S1_pair+F1,test,622,3420,hg19,1,0.5024054050445557
gcn_graph_b,graph_b_guide_similarity_control,S1_pair+F1,test,623,3420,hg19,1,0.49183765053749084
gcn_graph_b,graph_b_guide_similarity_control,S1_pair+F1,test,624,3420,hg19,1,0.504989743232727
gcn_graph_b,graph_b_guide_similarity_control,S1_pair+F1,test,625,3420,hg19,1,0.5237838625907898
gcn_graph_b,graph_b_guide_similarity_control,S1_pair+F1,test,626,3420,hg19,1,0.5613075494766235
gcn_graph_b,graph_b_guide_similarity_control,S1_pair+F1,test,627,3420,hg19,1,0.5211648941040039
gcn_graph_b,graph_b_guide_similarity_control,S1_pair+F1,test,628,3420,hg19,1,0.5551726818084717
gcn_graph_b,graph_b_guide_similarity_control,S1_pair+F1,test,629,3420,hg19,1,0.5765299797058105
gcn_graph_b,graph_b_guide_similarity_control,S1_pair+F1,test,630,3420,hg19,1,0.5113652944564819
gcn_graph_b,graph_b_guide_similarity_control,S1_pair+F1,test,631,3420,hg19,1,0.5239611864089966
gcn_graph_b,graph_b_guide_similarity_control,S1_pair+F1,test,632,3420,hg19,1,0.5152814388275146
gcn_graph_b,graph_b_guide_similarity_control,S1_pair+F1,test,633,3420,hg19,1,0.522711455821991
gcn_graph_b,graph_b_guide_similarity_control,S1_pair+F1,test,634,3420,hg19,1,0.5521630644798279
gcn_graph_b,graph_b_guide_similarity_control,S1_pair+F1,test,635,3420,hg19,1,0.47049733996391296
gcn_graph_b,graph_b_guide_similarity_control,S1_pair+F1,test,636,3420,hg19,1,0.46881625056266785
gcn_graph_b,graph_b_guide_similarity_control,S1_pair+F1,test,637,3420,hg19,1,0.5367595553398132
gcn_graph_b,graph_b_guide_similarity_control,S1_pair+F1,test,638,3420,hg19,1,0.5646920204162598
gcn_graph_b,graph_b_guide_similarity_control,S1_pair+F1,test,639,3420,hg19,1,0.5288670063018799
gcn_graph_b,graph_b_guide_similarity_control,S1_pair+F1,test,640,3420,hg19,1,0.4999038279056549
gcn_graph_b,graph_b_guide_similarity_control,S1_pair+F1,test,641,3420,hg19,1,0.5321239829063416
gcn_graph_b,graph_b_guide_similarity_control,S1_pair+F1,test,642,7696,hg19,1,0.7790765166282654
gcn_graph_b,graph_b_guide_similarity_control,S1_pair+F1,test,643,7696,hg19,1,0.7628609538078308
gcn_graph_b,graph_b_guide_similarity_control,S1_pair+F1,test,644,7696,hg19,1,0.7650191187858582
gcn_graph_b,graph_b_guide_similarity_control,S1_pair+F1,test,645,7696,hg19,1,0.7494539618492126
gcn_graph_b,graph_b_guide_similarity_control,S1_pair+F1,test,646,7696,hg19,1,0.7716454863548279
gcn_graph_b,graph_b_guide_similarity_control,S1_pair+F1,test,647,7696,hg19,1,0.7504763603210449
gcn_graph_b,graph_b_guide_similarity_control,S1_pair+F1,test,648,7696,hg19,1,0.7541030049324036
gcn_graph_b,graph_b_guide_similarity_control,S1_pair+F1,test,649,7696,hg19,1,0.7538323402404785
gcn_graph_b,graph_b_guide_similarity_control,S1_pair+F1,test,650,7696,hg19,1,0.7373462915420532
gcn_graph_b,graph_b_guide_similarity_control,S1_pair+F1,test,651,7696,hg19,1,0.7829272150993347
gcn_graph_b,graph_b_guide_similarity_control,S1_pair+F1,test,652,7696,hg19,1,0.7447589635848999
gcn_graph_b,graph_b_guide_similarity_control,S1_pair+F1,test,653,7696,hg19,1,0.7855422496795654
gcn_graph_b,graph_b_guide_similarity_control,S1_pair+F1,test,654,7696,hg19,1,0.7461986541748047
gcn_graph_b,graph_b_guide_similarity_control,S1_pair+F1,test,655,7696,hg19,1,0.7623381614685059
gcn_graph_b,graph_b_guide_similarity_control,S1_pair+F1,test,656,7696,hg19,1,0.7541854977607727
gcn_graph_b,graph_b_guide_similarity_control,S1_pair+F1,test,657,7696,hg19,1,0.7527110576629639
gcn_graph_b,graph_b_guide_similarity_control,S1_pair+F1,test,658,7696,hg19,1,0.7373462915420532
gcn_graph_b,graph_b_guide_similarity_control,S1_pair+F1,test,659,7696,hg19,1,0.7625320553779602
gcn_graph_b,graph_b_guide_similarity_control,S1_pair+F1,test,660,7696,hg19,1,0.7547112703323364
gcn_graph_b,graph_b_guide_similarity_control,S1_pair+F1,test,661,7696,hg19,1,0.7534912824630737
gcn_graph_b,graph_b_guide_similarity_control,S1_pair+F1,test,662,7696,hg19,1,0.7649188041687012
gcn_graph_b,graph_b_guide_similarity_control,S1_pair+F1,test,663,7696,hg19,1,0.7495008707046509
gcn_graph_b,graph_b_guide_similarity_control,S1_pair+F1,test,664,7696,hg19,1,0.7483352422714233
gcn_graph_b,graph_b_guide_similarity_control,S1_pair+F1,test,665,7696,hg19,1,0.7600106000900269
gcn_graph_b,graph_b_guide_similarity_control,S1_pair+F1,test,666,7696,hg19,1,0.7384841442108154
gcn_graph_b,graph_b_guide_similarity_control,S1_pair+F1,test,667,7696,hg19,1,0.7648780941963196
gcn_graph_b,graph_b_guide_similarity_control,S1_pair+F1,test,668,7696,hg19,1,0.7580190300941467
gcn_graph_b,graph_b_guide_similarity_control,S1_pair+F1,test,669,7696,hg19,1,0.7838804721832275
gcn_graph_b,graph_b_guide_similarity_control,S1_pair+F1,test,670,7696,hg19,1,0.7568060159683228
gcn_graph_b,graph_b_guide_similarity_control,S1_pair+F1,test,671,7696,hg19,1,0.7373462915420532
gcn_graph_b,graph_b_guide_similarity_control,S1_pair+F1,test,672,7696,hg19,1,0.7947900295257568
gcn_graph_b,graph_b_guide_similarity_control,S1_pair+F1,test,673,7696,hg19,1,0.7530574202537537
gcn_graph_b,graph_b_guide_similarity_control,S1_pair+F1,test,674,7696,hg19,1,0.7503796219825745
gcn_graph_b,graph_b_guide_similarity_control,S1_pair+F1,test,675,7696,hg19,1,0.7677913904190063
gcn_graph_b,graph_b_guide_similarity_control,S1_pair+F1,test,676,7696,hg19,1,0.7660050392150879
gcn_graph_b,graph_b_guide_similarity_control,S1_pair+F1,test,677,7696,hg19,1,0.6946985125541687
gcn_graph_b,graph_b_guide_similarity_control,S1_pair+F1,test,678,7696,hg19,1,0.7414616942405701
gcn_graph_b,graph_b_guide_similarity_control,S1_pair+F1,test,679,7696,hg19,1,0.750934362411499
gcn_graph_b,graph_b_guide_similarity_control,S1_pair+F1,test,680,7696,hg19,1,0.7778015732765198
gcn_graph_b,graph_b_guide_similarity_control,S1_pair+F1,test,681,7696,hg19,1,0.7465579509735107
gcn_graph_b,graph_b_guide_similarity_control,S1_pair+F1,test,682,7696,hg19,1,0.7607617378234863
gcn_graph_b,graph_b_guide_similarity_control,S1_pair+F1,test,683,7696,hg19,1,0.7450144290924072
gcn_graph_b,graph_b_guide_similarity_control,S1_pair+F1,test,684,7696,hg19,1,0.7657729983329773
gcn_graph_b,graph_b_guide_similarity_control,S1_pair+F1,test,685,7696,hg19,1,0.7633605003356934
gcn_graph_b,graph_b_guide_similarity_control,S1_pair+F1,test,686,7696,hg19,1,0.7565743923187256
gcn_graph_b,graph_b_guide_similarity_control,S1_pair+F1,test,687,7696,hg19,1,0.7447726726531982
gcn_graph_b,graph_b_guide_similarity_control,S1_pair+F1,test,688,7696,hg19,1,0.7379047274589539
gcn_graph_b,graph_b_guide_similarity_control,S1_pair+F1,test,689,7696,hg19,1,0.7423347234725952
gcn_graph_b,graph_b_guide_similarity_control,S1_pair+F1,test,690,7696,hg19,1,0.7305058836936951
gcn_graph_b,graph_b_guide_similarity_control,S1_pair+F1,test,691,7696,hg19,1,0.741478443145752
gcn_graph_b,graph_b_guide_similarity_control,S1_pair+F1,test,692,7696,hg19,1,0.8017482757568359
gcn_graph_b,graph_b_guide_similarity_control,S1_pair+F1,test,693,7696,hg19,1,0.7740492224693298
gcn_graph_b,graph_b_guide_similarity_control,S1_pair+F1,test,694,7696,hg19,1,0.7365862131118774
gcn_graph_b,graph_b_guide_similarity_control,S1_pair+F1,test,695,7696,hg19,1,0.7497310042381287
gcn_graph_b,graph_b_guide_similarity_control,S1_pair+F1,test,696,7696,hg19,1,0.7467954754829407
gcn_graph_b,graph_b_guide_similarity_control,S1_pair+F1,test,697,7696,hg19,1,0.7513541579246521
gcn_graph_b,graph_b_guide_similarity_control,S1_pair+F1,test,698,7696,hg19,1,0.7653360366821289
gcn_graph_b,graph_b_guide_similarity_control,S1_pair+F1,test,699,7696,hg19,1,0.73077392578125
gcn_graph_b,graph_b_guide_similarity_control,S1_pair+F1,test,700,7696,hg19,1,0.7645308971405029
gcn_graph_b,graph_b_guide_similarity_control,S1_pair+F1,test,701,7696,hg19,1,0.7316554188728333
gcn_graph_b,graph_b_guide_similarity_control,S1_pair+F1,test,702,7696,hg19,1,0.7702217698097229
gcn_graph_b,graph_b_guide_similarity_control,S1_pair+F1,test,703,7696,hg19,1,0.753233015537262
gcn_graph_b,graph_b_guide_similarity_control,S1_pair+F1,test,704,7696,hg19,1,0.7621750235557556
gcn_graph_b,graph_b_guide_similarity_control,S1_pair+F1,test,705,7696,hg19,1,0.7588301301002502
gcn_graph_b,graph_b_guide_similarity_control,S1_pair+F1,test,706,7696,hg19,1,0.7263875603675842
gcn_graph_b,graph_b_guide_similarity_control,S1_pair+F1,test,707,7696,hg19,1,0.7944633364677429
gcn_graph_b,graph_b_guide_similarity_control,S1_pair+F1,test,708,7696,hg19,1,0.7501258850097656
gcn_graph_b,graph_b_guide_similarity_control,S1_pair+F1,test,709,7696,hg19,1,0.7753760814666748
gcn_graph_b,graph_b_guide_similarity_control,S1_pair+F1,test,710,7696,hg19,1,0.7534346580505371
gcn_graph_b,graph_b_guide_similarity_control,S1_pair+F1,test,711,7696,hg19,1,0.7426294088363647
gcn_graph_b,graph_b_guide_similarity_control,S1_pair+F1,test,712,7696,hg19,1,0.784680962562561
gcn_graph_b,graph_b_guide_similarity_control,S1_pair+F1,test,713,7696,hg19,1,0.7847225069999695
gcn_graph_b,graph_b_guide_similarity_control,S1_pair+F1,test,714,7696,hg19,1,0.7623989582061768
gcn_graph_b,graph_b_guide_similarity_control,S1_pair+F1,test,715,7696,hg19,1,0.7503288388252258
gcn_graph_b,graph_b_guide_similarity_control,S1_pair+F1,test,716,7696,hg19,1,0.7752530574798584
gcn_graph_b,graph_b_guide_similarity_control,S1_pair+F1,test,717,7696,hg19,1,0.7435265779495239
gcn_graph_b,graph_b_guide_similarity_control,S1_pair+F1,test,718,7696,hg19,1,0.7521684169769287
gcn_graph_b,graph_b_guide_similarity_control,S1_pair+F1,test,719,7696,hg19,1,0.7927889823913574
gcn_graph_b,graph_b_guide_similarity_control,S1_pair+F1,test,720,7696,hg19,1,0.7796825766563416
gcn_graph_b,graph_b_guide_similarity_control,S1_pair+F1,test,721,7696,hg19,1,0.752053439617157
gcn_graph_b,graph_b_guide_similarity_control,S1_pair+F1,test,722,7696,hg19,1,0.750602662563324
gcn_graph_b,graph_b_guide_similarity_control,S1_pair+F1,test,723,7696,hg19,1,0.7441615462303162
gcn_graph_b,graph_b_guide_similarity_control,S1_pair+F1,test,724,7696,hg19,1,0.7432477474212646
gcn_graph_b,graph_b_guide_similarity_control,S1_pair+F1,test,725,7696,hg19,1,0.772204577922821
gcn_graph_b,graph_b_guide_similarity_control,S1_pair+F1,test,726,7696,hg19,1,0.7493627667427063
gcn_graph_b,graph_b_guide_similarity_control,S1_pair+F1,test,727,7696,hg19,1,0.7784252166748047
gcn_graph_b,graph_b_guide_similarity_control,S1_pair+F1,test,728,7696,hg19,1,0.7508582472801208
gcn_graph_b,graph_b_guide_similarity_control,S1_pair+F1,test,729,7696,hg19,1,0.7635726928710938
gcn_graph_b,graph_b_guide_similarity_control,S1_pair+F1,test,730,7696,hg19,1,0.7780414819717407
gcn_graph_b,graph_b_guide_similarity_control,S1_pair+F1,test,731,7696,hg19,1,0.7858096957206726
gcn_graph_b,graph_b_guide_similarity_control,S1_pair+F1,test,732,7696,hg19,1,0.7552530765533447
gcn_graph_b,graph_b_guide_similarity_control,S1_pair+F1,test,733,7696,hg19,1,0.7506360411643982
gcn_graph_b,graph_b_guide_similarity_control,S1_pair+F1,test,734,7696,hg19,1,0.768491804599762
gcn_graph_b,graph_b_guide_similarity_control,S1_pair+F1,test,735,7696,hg19,1,0.7699131965637207
gcn_graph_b,graph_b_guide_similarity_control,S1_pair+F1,test,736,7696,hg19,1,0.7836915254592896
gcn_graph_b,graph_b_guide_similarity_control,S1_pair+F1,test,737,7696,hg19,1,0.7920303344726562
gcn_graph_b,graph_b_guide_similarity_control,S1_pair+F1,test,738,7696,hg19,1,0.7794728875160217
gcn_graph_b,graph_b_guide_similarity_control,S1_pair+F1,test,739,7696,hg19,1,0.7884997725486755
gcn_graph_b,graph_b_guide_similarity_control,S1_pair+F1,test,740,7696,hg19,1,0.7198988199234009
gcn_graph_b,graph_b_guide_similarity_control,S1_pair+F1,test,741,7696,hg19,1,0.759975790977478
gcn_graph_b,graph_b_guide_similarity_control,S1_pair+F1,test,742,7696,hg19,1,0.7636041045188904
gcn_graph_b,graph_b_guide_similarity_control,S1_pair+F1,test,743,7696,hg19,1,0.7692509889602661
gcn_graph_b,graph_b_guide_similarity_control,S1_pair+F1,test,744,7696,hg19,1,0.7305787205696106
gcn_graph_b,graph_b_guide_similarity_control,S1_pair+F1,test,745,7696,hg19,1,0.7813017964363098
gcn_graph_b,graph_b_guide_similarity_control,S1_pair+F1,test,746,7696,hg19,1,0.7800267934799194
gcn_graph_b,graph_b_guide_similarity_control,S1_pair+F1,test,747,7696,hg19,1,0.7762205004692078
gcn_graph_b,graph_b_guide_similarity_control,S1_pair+F1,test,748,7696,hg19,1,0.7692501544952393
gcn_graph_b,graph_b_guide_similarity_control,S1_pair+F1,test,749,7696,hg19,1,0.788386881351471
gcn_graph_b,graph_b_guide_similarity_control,S1_pair+F1,test,750,7696,hg19,1,0.696173906326294
gcn_graph_b,graph_b_guide_similarity_control,S1_pair+F1,test,751,7696,hg19,1,0.796137273311615
gcn_graph_b,graph_b_guide_similarity_control,S1_pair+F1,test,752,7696,hg19,1,0.753783643245697
gcn_graph_b,graph_b_guide_similarity_control,S1_pair+F1,test,753,7696,hg19,1,0.7130521535873413
gcn_graph_b,graph_b_guide_similarity_control,S1_pair+F1,test,754,7696,hg19,1,0.7704145312309265
gcn_graph_b,graph_b_guide_similarity_control,S1_pair+F1,test,755,7696,hg19,1,0.8047358989715576
gcn_graph_b,graph_b_guide_similarity_control,S1_pair+F1,test,756,7696,hg19,1,0.784998893737793
gcn_graph_b,graph_b_guide_similarity_control,S1_pair+F1,test,757,7696,hg19,1,0.769440770149231
gcn_graph_b,graph_b_guide_similarity_control,S1_pair+F1,test,758,7696,hg19,1,0.7640765309333801
gcn_graph_b,graph_b_guide_similarity_control,S1_pair+F1,test,759,7696,hg19,1,0.769646167755127
gcn_graph_b,graph_b_guide_similarity_control,S1_pair+F1,test,760,7696,hg19,1,0.7762887477874756
gcn_graph_b,graph_b_guide_similarity_control,S1_pair+F1,test,761,7696,hg19,1,0.7989421486854553
gcn_graph_b,graph_b_guide_similarity_control,S1_pair+F1,test,762,7696,hg19,1,0.7767460942268372
gcn_graph_b,graph_b_guide_similarity_control,S1_pair+F1,test,763,7696,hg19,1,0.7362412214279175
gcn_graph_b,graph_b_guide_similarity_control,S1_pair+F1,test,764,7696,hg19,1,0.7818004488945007
gcn_graph_b,graph_b_guide_similarity_control,S1_pair+F1,test,765,7696,hg19,1,0.7888954281806946
gcn_graph_b,graph_b_guide_similarity_control,S1_pair+F1,test,766,7696,hg19,1,0.7583783268928528
gcn_graph_b,graph_b_guide_similarity_control,S1_pair+F1,test,767,7696,hg19,1,0.3842092454433441
gcn_graph_b,graph_b_guide_similarity_control,S1_pair+F1,test,768,8319,hg19,1,0.7684091329574585
gcn_graph_b,graph_b_guide_similarity_control,S1_pair+F1,test,769,8319,hg19,1,0.7569500803947449
gcn_graph_b,graph_b_guide_similarity_control,S1_pair+F1,test,770,8319,hg19,1,0.7418533563613892
gcn_graph_b,graph_b_guide_similarity_control,S1_pair+F1,test,771,8319,hg19,1,0.7502380609512329
gcn_graph_b,graph_b_guide_similarity_control,S1_pair+F1,test,772,8319,hg19,1,0.7462064623832703
gcn_graph_b,graph_b_guide_similarity_control,S1_pair+F1,test,773,8319,hg19,1,0.7338283658027649
gcn_graph_b,graph_b_guide_similarity_control,S1_pair+F1,test,774,8319,hg19,1,0.7454750537872314
gcn_graph_b,graph_b_guide_similarity_control,S1_pair+F1,test,775,8319,hg19,1,0.7447700500488281
gcn_graph_b,graph_b_guide_similarity_control,S1_pair+F1,test,776,8319,hg19,1,0.7338283658027649
gcn_graph_b,graph_b_guide_similarity_control,S1_pair+F1,test,777,8319,hg19,1,0.7493271231651306
gcn_graph_b,graph_b_guide_similarity_control,S1_pair+F1,test,778,8319,hg19,1,0.7344766855239868
gcn_graph_b,graph_b_guide_similarity_control,S1_pair+F1,test,779,8319,hg19,1,0.7460217475891113
gcn_graph_b,graph_b_guide_similarity_control,S1_pair+F1,test,780,8319,hg19,1,0.7341959476470947
gcn_graph_b,graph_b_guide_similarity_control,S1_pair+F1,test,781,8319,hg19,1,0.767986536026001
gcn_graph_b,graph_b_guide_similarity_control,S1_pair+F1,test,782,8319,hg19,1,0.7364705801010132
gcn_graph_b,graph_b_guide_similarity_control,S1_pair+F1,test,783,8319,hg19,1,0.7585499286651611
gcn_graph_b,graph_b_guide_similarity_control,S1_pair+F1,test,784,8319,hg19,1,0.7443411350250244
gcn_graph_b,graph_b_guide_similarity_control,S1_pair+F1,test,785,8319,hg19,1,0.7503373026847839
gcn_graph_b,graph_b_guide_similarity_control,S1_pair+F1,test,786,8319,hg19,1,0.7795647382736206
gcn_graph_b,graph_b_guide_similarity_control,S1_pair+F1,test,787,8319,hg19,1,0.7820509076118469
gcn_graph_b,graph_b_guide_similarity_control,S1_pair+F1,test,788,8319,hg19,1,0.7590197920799255
gcn_graph_b,graph_b_guide_similarity_control,S1_pair+F1,test,789,8319,hg19,1,0.7622807025909424
gcn_graph_b,graph_b_guide_similarity_control,S1_pair+F1,test,790,8319,hg19,1,0.7613362669944763
gcn_graph_b,graph_b_guide_similarity_control,S1_pair+F1,test,791,8319,hg19,1,0.7609339356422424
gcn_graph_b,graph_b_guide_similarity_control,S1_pair+F1,test,792,8319,hg19,1,0.7338283658027649
gcn_graph_b,graph_b_guide_similarity_control,S1_pair+F1,test,793,8319,hg19,1,0.756062388420105
gcn_graph_b,graph_b_guide_similarity_control,S1_pair+F1,test,794,8319,hg19,1,0.7802005410194397
gcn_graph_b,graph_b_guide_similarity_control,S1_pair+F1,test,795,8319,hg19,1,0.7567279934883118
gcn_graph_b,graph_b_guide_similarity_control,S1_pair+F1,test,796,8319,hg19,1,0.7809839248657227
gcn_graph_b,graph_b_guide_similarity_control,S1_pair+F1,test,797,8319,hg19,1,0.7377527952194214
gcn_graph_b,graph_b_guide_similarity_control,S1_pair+F1,test,798,8319,hg19,1,0.7413884997367859
gcn_graph_b,graph_b_guide_similarity_control,S1_pair+F1,test,799,8319,hg19,1,0.7274438738822937
gcn_graph_b,graph_b_guide_similarity_control,S1_pair+F1,test,800,8319,hg19,1,0.7340017557144165
gcn_graph_b,graph_b_guide_similarity_control,S1_pair+F1,test,801,8319,hg19,1,0.7544159293174744
gcn_graph_b,graph_b_guide_similarity_control,S1_pair+F1,test,802,8319,hg19,1,0.7986405491828918
gcn_graph_b,graph_b_guide_similarity_control,S1_pair+F1,test,803,8319,hg19,1,0.7914627194404602
gcn_graph_b,graph_b_guide_similarity_control,S1_pair+F1,test,804,8319,hg19,1,0.7472894191741943
gcn_graph_b,graph_b_guide_similarity_control,S1_pair+F1,test,805,8319,hg19,1,0.7532013058662415
gcn_graph_b,graph_b_guide_similarity_control,S1_pair+F1,test,806,8319,hg19,1,0.7493204474449158
gcn_graph_b,graph_b_guide_similarity_control,S1_pair+F1,test,807,8319,hg19,1,0.7471760511398315
gcn_graph_b,graph_b_guide_similarity_control,S1_pair+F1,test,808,8319,hg19,1,0.7396236658096313
gcn_graph_b,graph_b_guide_similarity_control,S1_pair+F1,test,809,8319,hg19,1,0.7526842951774597
gcn_graph_b,graph_b_guide_similarity_control,S1_pair+F1,test,810,8319,hg19,1,0.7638586163520813
gcn_graph_b,graph_b_guide_similarity_control,S1_pair+F1,test,811,8319,hg19,1,0.7705609798431396
gcn_graph_b,graph_b_guide_similarity_control,S1_pair+F1,test,812,8319,hg19,1,0.6907690763473511
gcn_graph_b,graph_b_guide_similarity_control,S1_pair+F1,test,813,8319,hg19,1,0.7622944712638855
gcn_graph_b,graph_b_guide_similarity_control,S1_pair+F1,test,814,8319,hg19,1,0.7387366890907288
gcn_graph_b,graph_b_guide_similarity_control,S1_pair+F1,test,815,8319,hg19,1,0.7599459886550903
gcn_graph_b,graph_b_guide_similarity_control,S1_pair+F1,test,816,8319,hg19,1,0.7323439717292786
gcn_graph_b,graph_b_guide_similarity_control,S1_pair+F1,test,817,8319,hg19,1,0.740558922290802
gcn_graph_b,graph_b_guide_similarity_control,S1_pair+F1,test,818,8319,hg19,1,0.7376963496208191
gcn_graph_b,graph_b_guide_similarity_control,S1_pair+F1,test,819,8319,hg19,1,0.726580798625946
gcn_graph_b,graph_b_guide_similarity_control,S1_pair+F1,test,820,8319,hg19,1,0.7272955775260925
gcn_graph_b,graph_b_guide_similarity_control,S1_pair+F1,test,821,8319,hg19,1,0.7608333826065063
gcn_graph_b,graph_b_guide_similarity_control,S1_pair+F1,test,822,8319,hg19,1,0.7415370345115662
gcn_graph_b,graph_b_guide_similarity_control,S1_pair+F1,test,823,8319,hg19,1,0.7468293905258179
gcn_graph_b,graph_b_guide_similarity_control,S1_pair+F1,test,824,8319,hg19,1,0.776678740978241
gcn_graph_b,graph_b_guide_similarity_control,S1_pair+F1,test,825,8319,hg19,1,0.7387187480926514
gcn_graph_b,graph_b_guide_similarity_control,S1_pair+F1,test,826,8319,hg19,1,0.7427854537963867
gcn_graph_b,graph_b_guide_similarity_control,S1_pair+F1,test,827,8319,hg19,1,0.7480913400650024
gcn_graph_b,graph_b_guide_similarity_control,S1_pair+F1,test,828,8319,hg19,1,0.7482176423072815
gcn_graph_b,graph_b_guide_similarity_control,S1_pair+F1,test,829,8319,hg19,1,0.7465541362762451
gcn_graph_b,graph_b_guide_similarity_control,S1_pair+F1,test,830,8319,hg19,1,0.7744871377944946
gcn_graph_b,graph_b_guide_similarity_control,S1_pair+F1,test,831,8319,hg19,1,0.7619142532348633
gcn_graph_b,graph_b_guide_similarity_control,S1_pair+F1,test,832,8319,hg19,1,0.7761381268501282
gcn_graph_b,graph_b_guide_similarity_control,S1_pair+F1,test,833,8319,hg19,1,0.7466118335723877
gcn_graph_b,graph_b_guide_similarity_control,S1_pair+F1,test,834,8319,hg19,1,0.7400091290473938
gcn_graph_b,graph_b_guide_similarity_control,S1_pair+F1,test,835,8319,hg19,1,0.7675864100456238
gcn_graph_b,graph_b_guide_similarity_control,S1_pair+F1,test,836,8319,hg19,1,0.7394641041755676
gcn_graph_b,graph_b_guide_similarity_control,S1_pair+F1,test,837,8319,hg19,1,0.7319955229759216
gcn_graph_b,graph_b_guide_similarity_control,S1_pair+F1,test,838,8319,hg19,1,0.7380352020263672
gcn_graph_b,graph_b_guide_similarity_control,S1_pair+F1,test,839,8319,hg19,1,0.7494028806686401
gcn_graph_b,graph_b_guide_similarity_control,S1_pair+F1,test,840,8319,hg19,1,0.7493748068809509
gcn_graph_b,graph_b_guide_similarity_control,S1_pair+F1,test,841,8319,hg19,1,0.7748557329177856
gcn_graph_b,graph_b_guide_similarity_control,S1_pair+F1,test,842,8319,hg19,1,0.7586012482643127
gcn_graph_b,graph_b_guide_similarity_control,S1_pair+F1,test,843,8319,hg19,1,0.7597725987434387
gcn_graph_b,graph_b_guide_similarity_control,S1_pair+F1,test,844,8319,hg19,1,0.7714691162109375
gcn_graph_b,graph_b_guide_similarity_control,S1_pair+F1,test,845,8319,hg19,1,0.7580908536911011
gcn_graph_b,graph_b_guide_similarity_control,S1_pair+F1,test,846,8319,hg19,1,0.7506622076034546
gcn_graph_b,graph_b_guide_similarity_control,S1_pair+F1,test,847,8319,hg19,1,0.7492514252662659
gcn_graph_b,graph_b_guide_similarity_control,S1_pair+F1,test,848,8319,hg19,1,0.7720667123794556
gcn_graph_b,graph_b_guide_similarity_control,S1_pair+F1,test,849,8319,hg19,1,0.722015380859375
gcn_graph_b,graph_b_guide_similarity_control,S1_pair+F1,test,850,8319,hg19,1,0.7759345769882202
gcn_graph_b,graph_b_guide_similarity_control,S1_pair+F1,test,851,8319,hg19,1,0.7707730531692505
gcn_graph_b,graph_b_guide_similarity_control,S1_pair+F1,test,852,8319,hg19,1,0.7503354549407959
gcn_graph_b,graph_b_guide_similarity_control,S1_pair+F1,test,853,8319,hg19,1,0.6922844648361206
gcn_graph_b,graph_b_guide_similarity_control,S1_pair+F1,test,854,8319,hg19,1,0.7847235798835754
gcn_graph_b,graph_b_guide_similarity_control,S1_pair+F1,test,855,8319,hg19,1,0.7895930409431458
gcn_graph_b,graph_b_guide_similarity_control,S1_pair+F1,test,856,8319,hg19,1,0.7459442019462585
gcn_graph_b,graph_b_guide_similarity_control,S1_pair+F1,test,857,8319,hg19,1,0.7621597051620483
gcn_graph_b,graph_b_guide_similarity_control,S1_pair+F1,test,858,8319,hg19,1,0.7582375407218933
gcn_graph_b,graph_b_guide_similarity_control,S1_pair+F1,test,859,8319,hg19,1,0.7777368426322937
gcn_graph_b,graph_b_guide_similarity_control,S1_pair+F1,test,860,8319,hg19,1,0.7157804369926453
gcn_graph_b,graph_b_guide_similarity_control,S1_pair+F1,test,861,8319,hg19,1,0.7549561858177185
gcn_graph_b,graph_b_guide_similarity_control,S1_pair+F1,test,862,8319,hg19,1,0.7758408188819885
gcn_graph_b,graph_b_guide_similarity_control,S1_pair+F1,test,863,8319,hg19,1,0.759410560131073
gcn_graph_b,graph_b_guide_similarity_control,S1_pair+F1,test,864,8319,hg19,1,0.7765895128250122
gcn_graph_b,graph_b_guide_similarity_control,S1_pair+F1,test,865,8319,hg19,1,0.7965183854103088
gcn_graph_b,graph_b_guide_similarity_control,S1_pair+F1,test,866,8319,hg19,1,0.766546905040741
gcn_graph_b,graph_b_guide_similarity_control,S1_pair+F1,test,867,8319,hg19,1,0.7357141971588135
gcn_graph_b,graph_b_guide_similarity_control,S1_pair+F1,test,868,8319,hg19,1,0.3785243332386017
gcn_graph_b,graph_b_guide_similarity_control,S1_pair+F1,test,869,8420,hg19,1,0.2402646839618683
gcn_graph_b,graph_b_guide_similarity_control,S1_pair+F1,test,870,8420,hg19,1,0.21650153398513794
gcn_graph_b,graph_b_guide_similarity_control,S1_pair+F1,test,871,8420,hg19,1,0.21770823001861572
gcn_graph_b,graph_b_guide_similarity_control,S1_pair+F1,test,872,8420,hg19,1,0.2042079120874405
gcn_graph_b,graph_b_guide_similarity_control,S1_pair+F1,test,873,8420,hg19,1,0.19538931548595428
gcn_graph_b,graph_b_guide_similarity_control,S1_pair+F1,test,874,8420,hg19,1,0.19644410908222198
gcn_graph_b,graph_b_guide_similarity_control,S1_pair+F1,test,875,8420,hg19,1,0.20236743986606598
gcn_graph_b,graph_b_guide_similarity_control,S1_pair+F1,test,876,8420,hg19,1,0.15487045049667358
gcn_graph_b,graph_b_guide_similarity_control,S1_pair+F1,test,877,8420,hg19,1,0.2264401614665985
gcn_graph_b,graph_b_guide_similarity_control,S1_pair+F1,test,878,8420,hg19,1,0.16550856828689575
gcn_graph_b,graph_b_guide_similarity_control,S1_pair+F1,test,879,8420,hg19,1,0.21873340010643005
gcn_graph_b,graph_b_guide_similarity_control,S1_pair+F1,test,880,8420,hg19,1,0.2254900485277176
gcn_graph_b,graph_b_guide_similarity_control,S1_pair+F1,test,881,8420,hg19,1,0.17647428810596466
gcn_graph_b,graph_b_guide_similarity_control,S1_pair+F1,test,882,8420,hg19,1,0.18187537789344788
gcn_graph_b,graph_b_guide_similarity_control,S1_pair+F1,test,883,8420,hg19,1,0.14308418333530426
gcn_graph_b,graph_b_guide_similarity_control,S1_pair+F1,test,884,8420,hg19,1,0.16232386231422424
gcn_graph_b,graph_b_guide_similarity_control,S1_pair+F1,test,885,8420,hg19,1,0.21388065814971924
gcn_graph_b,graph_b_guide_similarity_control,S1_pair+F1,test,886,8420,hg19,1,0.16734550893306732
gcn_graph_b,graph_b_guide_similarity_control,S1_pair+F1,test,887,8420,hg19,1,0.16033241152763367
gcn_graph_b,graph_b_guide_similarity_control,S1_pair+F1,test,888,8420,hg19,1,0.20177192986011505
gcn_graph_b,graph_b_guide_similarity_control,S1_pair+F1,test,889,8420,hg19,1,0.1473284810781479
gcn_graph_b,graph_b_guide_similarity_control,S1_pair+F1,test,890,8420,hg19,1,0.1467948853969574
gcn_graph_b,graph_b_guide_similarity_control,S1_pair+F1,test,891,8420,hg19,1,0.14930257201194763
gcn_graph_b,graph_b_guide_similarity_control,S1_pair+F1,test,892,8420,hg19,1,0.17344234883785248
gcn_graph_b,graph_b_guide_similarity_control,S1_pair+F1,test,893,8420,hg19,1,0.1561785340309143
gcn_graph_b,graph_b_guide_similarity_control,S1_pair+F1,test,894,8420,hg19,1,0.14454703032970428
gcn_graph_b,graph_b_guide_similarity_control,S1_pair+F1,test,895,8420,hg19,1,0.15403370559215546
gcn_graph_b,graph_b_guide_similarity_control,S1_pair+F1,test,896,8420,hg19,1,0.2008189857006073
gcn_graph_b,graph_b_guide_similarity_control,S1_pair+F1,test,897,8420,hg19,1,0.22174987196922302
gcn_graph_b,graph_b_guide_similarity_control,S1_pair+F1,test,898,8420,hg19,1,0.17671358585357666
gcn_graph_b,graph_b_guide_similarity_control,S1_pair+F1,test,899,8420,hg19,1,0.16402071714401245
gcn_graph_b,graph_b_guide_similarity_control,S1_pair+F1,test,900,8420,hg19,1,0.157668799161911
gcn_graph_b,graph_b_guide_similarity_control,S1_pair+F1,test,901,8420,hg19,1,0.14444997906684875
gcn_graph_b,graph_b_guide_similarity_control,S1_pair+F1,test,902,8420,hg19,1,0.2141008824110031
gcn_graph_b,graph_b_guide_similarity_control,S1_pair+F1,test,903,8420,hg19,1,0.16084106266498566
gcn_graph_b,graph_b_guide_similarity_control,S1_pair+F1,test,904,8420,hg19,1,0.20538711547851562
gcn_graph_b,graph_b_guide_similarity_control,S1_pair+F1,test,905,8420,hg19,1,0.16180932521820068
gcn_graph_b,graph_b_guide_similarity_control,S1_pair+F1,test,906,8420,hg19,1,0.20493870973587036
gcn_graph_b,graph_b_guide_similarity_control,S1_pair+F1,test,907,8420,hg19,1,0.14596715569496155
gcn_graph_b,graph_b_guide_similarity_control,S1_pair+F1,test,908,8420,hg19,1,0.18027713894844055
gcn_graph_b,graph_b_guide_similarity_control,S1_pair+F1,test,909,8420,hg19,1,0.16297008097171783
gcn_graph_b,graph_b_guide_similarity_control,S1_pair+F1,test,910,8420,hg19,1,0.14258863031864166
gcn_graph_b,graph_b_guide_similarity_control,S1_pair+F1,test,911,8420,hg19,1,0.16963887214660645
gcn_graph_b,graph_b_guide_similarity_control,S1_pair+F1,test,912,8420,hg19,1,0.24285566806793213
gcn_graph_b,graph_b_guide_similarity_control,S1_pair+F1,test,913,8420,hg19,1,0.16387532651424408
gcn_graph_b,graph_b_guide_similarity_control,S1_pair+F1,test,914,8420,hg19,1,0.22151924669742584
gcn_graph_b,graph_b_guide_similarity_control,S1_pair+F1,test,915,8420,hg19,1,0.15327157080173492
gcn_graph_b,graph_b_guide_similarity_control,S1_pair+F1,test,916,8420,hg19,1,0.16759616136550903
gcn_graph_b,graph_b_guide_similarity_control,S1_pair+F1,test,917,8420,hg19,1,0.21327178180217743
gcn_graph_b,graph_b_guide_similarity_control,S1_pair+F1,test,918,8420,hg19,1,0.2057379186153412
gcn_graph_b,graph_b_guide_similarity_control,S1_pair+F1,test,919,8420,hg19,1,0.1609785407781601
gcn_graph_b,graph_b_guide_similarity_control,S1_pair+F1,test,920,8420,hg19,1,0.1636127084493637
gcn_graph_b,graph_b_guide_similarity_control,S1_pair+F1,test,921,8420,hg19,1,0.16610337793827057
gcn_graph_b,graph_b_guide_similarity_control,S1_pair+F1,test,922,8420,hg19,1,0.1601940393447876
gcn_graph_b,graph_b_guide_similarity_control,S1_pair+F1,test,923,8420,hg19,1,0.14706739783287048
gcn_graph_b,graph_b_guide_similarity_control,S1_pair+F1,test,924,8420,hg19,1,0.20259268581867218
gcn_graph_b,graph_b_guide_similarity_control,S1_pair+F1,test,925,8420,hg19,1,0.15642665326595306
gcn_graph_b,graph_b_guide_similarity_control,S1_pair+F1,test,926,8420,hg19,1,0.1728617399930954
gcn_graph_b,graph_b_guide_similarity_control,S1_pair+F1,test,927,8420,hg19,1,0.1500827521085739
gcn_graph_b,graph_b_guide_similarity_control,S1_pair+F1,test,928,8420,hg19,1,0.18691803514957428
gcn_graph_b,graph_b_guide_similarity_control,S1_pair+F1,test,929,8420,hg19,1,0.1838982254266739
gcn_graph_b,graph_b_guide_similarity_control,S1_pair+F1,test,930,8420,hg19,1,0.1473035216331482
gcn_graph_b,graph_b_guide_similarity_control,S1_pair+F1,test,931,8420,hg19,1,0.22032082080841064
gcn_graph_b,graph_b_guide_similarity_control,S1_pair+F1,test,932,8420,hg19,1,0.20713262259960175
gcn_graph_b,graph_b_guide_similarity_control,S1_pair+F1,test,933,8420,hg19,1,0.21737059950828552
gcn_graph_b,graph_b_guide_similarity_control,S1_pair+F1,test,934,8420,hg19,1,0.18011076748371124
gcn_graph_b,graph_b_guide_similarity_control,S1_pair+F1,test,935,8420,hg19,1,0.16481450200080872
gcn_graph_b,graph_b_guide_similarity_control,S1_pair+F1,test,936,8420,hg19,1,0.1577659398317337
gcn_graph_b,graph_b_guide_similarity_control,S1_pair+F1,test,937,8420,hg19,1,0.20783010125160217
gcn_graph_b,graph_b_guide_similarity_control,S1_pair+F1,test,938,8420,hg19,1,0.16512492299079895
gcn_graph_b,graph_b_guide_similarity_control,S1_pair+F1,test,939,8420,hg19,1,0.1328778713941574
gcn_graph_b,graph_b_guide_similarity_control,S1_pair+F1,test,940,8420,hg19,1,0.15138660371303558
gcn_graph_b,graph_b_guide_similarity_control,S1_pair+F1,test,941,8420,hg19,1,0.16186340153217316
gcn_graph_b,graph_b_guide_similarity_control,S1_pair+F1,test,942,8420,hg19,1,0.160403311252594
gcn_graph_b,graph_b_guide_similarity_control,S1_pair+F1,test,943,8420,hg19,1,0.14727236330509186
gcn_graph_b,graph_b_guide_similarity_control,S1_pair+F1,test,944,8420,hg19,1,0.1788250356912613
gcn_graph_b,graph_b_guide_similarity_control,S1_pair+F1,test,945,8420,hg19,1,0.15301425755023956
gcn_graph_b,graph_b_guide_similarity_control,S1_pair+F1,test,946,8420,hg19,1,0.1706821471452713
gcn_graph_b,graph_b_guide_similarity_control,S1_pair+F1,test,947,8420,hg19,1,0.17066295444965363
gcn_graph_b,graph_b_guide_similarity_control,S1_pair+F1,test,948,8420,hg19,1,0.17343606054782867
gcn_graph_b,graph_b_guide_similarity_control,S1_pair+F1,test,949,8420,hg19,1,0.19998784363269806
gcn_graph_b,graph_b_guide_similarity_control,S1_pair+F1,test,950,8420,hg19,1,0.15149925649166107
gcn_graph_b,graph_b_guide_similarity_control,S1_pair+F1,test,951,8420,hg19,1,0.15813805162906647
gcn_graph_b,graph_b_guide_similarity_control,S1_pair+F1,test,952,8420,hg19,1,0.17506849765777588
gcn_graph_b,graph_b_guide_similarity_control,S1_pair+F1,test,953,8420,hg19,1,0.180375337600708
gcn_graph_b,graph_b_guide_similarity_control,S1_pair+F1,test,954,8420,hg19,1,0.21138347685337067
gcn_graph_b,graph_b_guide_similarity_control,S1_pair+F1,test,955,8420,hg19,1,0.1720709502696991
gcn_graph_b,graph_b_guide_similarity_control,S1_pair+F1,test,956,8420,hg19,1,0.2093377262353897
gcn_graph_b,graph_b_guide_similarity_control,S1_pair+F1,test,957,8420,hg19,1,0.16122572124004364
gcn_graph_b,graph_b_guide_similarity_control,S1_pair+F1,test,958,8420,hg19,1,0.17344234883785248
gcn_graph_b,graph_b_guide_similarity_control,S1_pair+F1,test,959,8420,hg19,1,0.14318962395191193
gcn_graph_b,graph_b_guide_similarity_control,S1_pair+F1,test,960,8420,hg19,1,0.17506849765777588
gcn_graph_b,graph_b_guide_similarity_control,S1_pair+F1,test,961,8420,hg19,1,0.1819208264350891
gcn_graph_b,graph_b_guide_similarity_control,S1_pair+F1,test,962,8420,hg19,1,0.1680433303117752
gcn_graph_b,graph_b_guide_similarity_control,S1_pair+F1,test,963,8420,hg19,1,0.1616726964712143
gcn_graph_b,graph_b_guide_similarity_control,S1_pair+F1,test,964,8420,hg19,1,0.13963089883327484
gcn_graph_b,graph_b_guide_similarity_control,S1_pair+F1,test,965,8420,hg19,1,0.16639657318592072
gcn_graph_b,graph_b_guide_similarity_control,S1_pair+F1,test,966,8420,hg19,1,0.1505076289176941
gcn_graph_b,graph_b_guide_similarity_control,S1_pair+F1,test,967,8420,hg19,1,0.1567705124616623
gcn_graph_b,graph_b_guide_similarity_control,S1_pair+F1,test,968,8420,hg19,1,0.15309256315231323
gcn_graph_b,graph_b_guide_similarity_control,S1_pair+F1,test,969,8420,hg19,1,0.14753833413124084
gcn_graph_b,graph_b_guide_similarity_control,S1_pair+F1,test,970,8420,hg19,1,0.16604728996753693
gcn_graph_b,graph_b_guide_similarity_control,S1_pair+F1,test,971,8420,hg19,1,0.15763498842716217
gcn_graph_b,graph_b_guide_similarity_control,S1_pair+F1,test,972,8420,hg19,1,0.16307950019836426
gcn_graph_b,graph_b_guide_similarity_control,S1_pair+F1,test,973,8420,hg19,1,0.1651429980993271
gcn_graph_b,graph_b_guide_similarity_control,S1_pair+F1,test,974,8420,hg19,1,0.15779128670692444
gcn_graph_b,graph_b_guide_similarity_control,S1_pair+F1,test,975,8420,hg19,1,0.17113807797431946
gcn_graph_b,graph_b_guide_similarity_control,S1_pair+F1,test,976,8420,hg19,1,0.16581085324287415
gcn_graph_b,graph_b_guide_similarity_control,S1_pair+F1,test,977,8420,hg19,1,0.14197146892547607
gcn_graph_b,graph_b_guide_similarity_control,S1_pair+F1,test,978,8420,hg19,1,0.15595580637454987
gcn_graph_b,graph_b_guide_similarity_control,S1_pair+F1,test,979,8420,hg19,1,0.15232782065868378
gcn_graph_b,graph_b_guide_similarity_control,S1_pair+F1,test,980,8420,hg19,1,0.14973953366279602
gcn_graph_b,graph_b_guide_similarity_control,S1_pair+F1,test,981,8420,hg19,1,0.1476713865995407
gcn_graph_b,graph_b_guide_similarity_control,S1_pair+F1,test,982,8420,hg19,1,0.1579049974679947
gcn_graph_b,graph_b_guide_similarity_control,S1_pair+F1,test,983,8420,hg19,1,0.14980226755142212
gcn_graph_b,graph_b_guide_similarity_control,S1_pair+F1,test,984,8420,hg19,1,0.1668553650379181
gcn_graph_b,graph_b_guide_similarity_control,S1_pair+F1,test,985,8420,hg19,1,0.17370463907718658
gcn_graph_b,graph_b_guide_similarity_control,S1_pair+F1,test,986,8420,hg19,1,0.14530882239341736
gcn_graph_b,graph_b_guide_similarity_control,S1_pair+F1,test,987,8420,hg19,1,0.21903134882450104
gcn_graph_b,graph_b_guide_similarity_control,S1_pair+F1,test,988,8420,hg19,1,0.16367396712303162
gcn_graph_b,graph_b_guide_similarity_control,S1_pair+F1,test,989,8420,hg19,1,0.14528745412826538
gcn_graph_b,graph_b_guide_similarity_control,S1_pair+F1,test,990,8420,hg19,1,0.15028318762779236
gcn_graph_b,graph_b_guide_similarity_control,S1_pair+F1,test,991,8420,hg19,1,0.15825387835502625
gcn_graph_b,graph_b_guide_similarity_control,S1_pair+F1,test,992,8420,hg19,1,0.15576907992362976
gcn_graph_b,graph_b_guide_similarity_control,S1_pair+F1,test,993,8420,hg19,1,0.1654704511165619
gcn_graph_b,graph_b_guide_similarity_control,S1_pair+F1,test,994,8420,hg19,1,0.1553419828414917
gcn_graph_b,graph_b_guide_similarity_control,S1_pair+F1,test,995,8420,hg19,1,0.1605827659368515
gcn_graph_b,graph_b_guide_similarity_control,S1_pair+F1,test,996,8420,hg19,1,0.14639292657375336
gcn_graph_b,graph_b_guide_similarity_control,S1_pair+F1,test,997,8420,hg19,1,0.1511179357767105
gcn_graph_b,graph_b_guide_similarity_control,S1_pair+F1,test,998,8420,hg19,1,0.17196643352508545
gcn_graph_b,graph_b_guide_similarity_control,S1_pair+F1,test,999,8420,hg19,1,0.1533304750919342
gcn_graph_b,graph_b_guide_similarity_control,S1_pair+F1,test,1000,8420,hg19,1,0.22908827662467957
gcn_graph_b,graph_b_guide_similarity_control,S1_pair+F1,test,1001,8420,hg19,1,0.20717951655387878
gcn_graph_b,graph_b_guide_similarity_control,S1_pair+F1,test,1002,8420,hg19,1,0.20773473381996155
gcn_graph_b,graph_b_guide_similarity_control,S1_pair+F1,test,1003,8420,hg19,1,0.1462634950876236
gcn_graph_b,graph_b_guide_similarity_control,S1_pair+F1,test,1004,8420,hg19,1,0.1558942347764969
gcn_graph_b,graph_b_guide_similarity_control,S1_pair+F1,test,1005,8420,hg19,1,0.1643134206533432
gcn_graph_b,graph_b_guide_similarity_control,S1_pair+F1,test,1006,8420,hg19,1,0.17400451004505157
gcn_graph_b,graph_b_guide_similarity_control,S1_pair+F1,test,1007,8420,hg19,1,0.14547328650951385
gcn_graph_b,graph_b_guide_similarity_control,S1_pair+F1,test,1008,8420,hg19,1,0.16582675278186798
gcn_graph_b,graph_b_guide_similarity_control,S1_pair+F1,test,1009,8420,hg19,1,0.16529899835586548
gcn_graph_b,graph_b_guide_similarity_control,S1_pair+F1,test,1010,8420,hg19,1,0.16743645071983337
gcn_graph_b,graph_b_guide_similarity_control,S1_pair+F1,test,1011,8420,hg19,1,0.15684911608695984
gcn_graph_b,graph_b_guide_similarity_control,S1_pair+F1,test,1012,8420,hg19,1,0.15861080586910248
gcn_graph_b,graph_b_guide_similarity_control,S1_pair+F1,test,1013,8420,hg19,1,0.16481317579746246
gcn_graph_b,graph_b_guide_similarity_control,S1_pair+F1,test,1014,8420,hg19,1,0.19205208122730255
gcn_graph_b,graph_b_guide_similarity_control,S1_pair+F1,test,1015,8420,hg19,1,0.15584662556648254
gcn_graph_b,graph_b_guide_similarity_control,S1_pair+F1,test,1016,8420,hg19,1,0.14602074027061462
gcn_graph_b,graph_b_guide_similarity_control,S1_pair+F1,test,1017,8420,hg19,1,0.20590181648731232
gcn_graph_b,graph_b_guide_similarity_control,S1_pair+F1,test,1018,8420,hg19,1,0.16214820742607117
gcn_graph_b,graph_b_guide_similarity_control,S1_pair+F1,test,1019,8420,hg19,1,0.16042177379131317
gcn_graph_b,graph_b_guide_similarity_control,S1_pair+F1,test,1020,8420,hg19,1,0.1696181446313858
gcn_graph_b,graph_b_guide_similarity_control,S1_pair+F1,test,1021,8420,hg19,1,0.15064039826393127
gcn_graph_b,graph_b_guide_similarity_control,S1_pair+F1,test,1022,8420,hg19,1,0.1637640744447708
gcn_graph_b,graph_b_guide_similarity_control,S1_pair+F1,test,1023,8420,hg19,1,0.15719565749168396
gcn_graph_b,graph_b_guide_similarity_control,S1_pair+F1,test,1024,8420,hg19,1,0.15929730236530304
gcn_graph_b,graph_b_guide_similarity_control,S1_pair+F1,test,1025,8420,hg19,1,0.16625849902629852
gcn_graph_b,graph_b_guide_similarity_control,S1_pair+F1,test,1026,8420,hg19,1,0.15750685334205627
gcn_graph_b,graph_b_guide_similarity_control,S1_pair+F1,test,1027,8420,hg19,1,0.21986182034015656
gcn_graph_b,graph_b_guide_similarity_control,S1_pair+F1,test,1028,8420,hg19,1,0.16527362167835236
gcn_graph_b,graph_b_guide_similarity_control,S1_pair+F1,test,1029,8420,hg19,1,0.18434982001781464
gcn_graph_b,graph_b_guide_similarity_control,S1_pair+F1,test,1030,8420,hg19,1,0.15696777403354645
gcn_graph_b,graph_b_guide_similarity_control,S1_pair+F1,test,1031,8420,hg19,1,0.15172572433948517
gcn_graph_b,graph_b_guide_similarity_control,S1_pair+F1,test,1032,8420,hg19,1,0.18107490241527557
gcn_graph_b,graph_b_guide_similarity_control,S1_pair+F1,test,1033,8420,hg19,1,0.16481971740722656
gcn_graph_b,graph_b_guide_similarity_control,S1_pair+F1,test,1034,8420,hg19,1,0.1620296984910965
gcn_graph_b,graph_b_guide_similarity_control,S1_pair+F1,test,1035,8420,hg19,1,0.15088722109794617
gcn_graph_b,graph_b_guide_similarity_control,S1_pair+F1,test,1036,8420,hg19,1,0.17753417789936066
gcn_graph_b,graph_b_guide_similarity_control,S1_pair+F1,test,1037,8420,hg19,1,0.1582573652267456
gcn_graph_b,graph_b_guide_similarity_control,S1_pair+F1,test,1038,8420,hg19,1,0.15289504826068878
gcn_graph_b,graph_b_guide_similarity_control,S1_pair+F1,test,1039,8420,hg19,1,0.22101280093193054
gcn_graph_b,graph_b_guide_similarity_control,S1_pair+F1,test,1040,8420,hg19,1,0.127682164311409
gcn_graph_b,graph_b_guide_similarity_control,S1_pair+F1,test,1041,8420,hg19,1,0.15221136808395386
gcn_graph_b,graph_b_guide_similarity_control,S1_pair+F1,test,1042,8420,hg19,1,0.16134138405323029
gcn_graph_b,graph_b_guide_similarity_control,S1_pair+F1,test,1043,8420,hg19,1,0.17303986847400665
gcn_graph_b,graph_b_guide_similarity_control,S1_pair+F1,test,1044,8420,hg19,1,0.17082665860652924
gcn_graph_b,graph_b_guide_similarity_control,S1_pair+F1,test,1045,8420,hg19,1,0.16480998694896698
gcn_graph_b,graph_b_guide_similarity_control,S1_pair+F1,test,1046,8420,hg19,1,0.14377300441265106
gcn_graph_b,graph_b_guide_similarity_control,S1_pair+F1,test,1047,8420,hg19,1,0.1761809140443802
gcn_graph_b,graph_b_guide_similarity_control,S1_pair+F1,test,1048,8420,hg19,1,0.14944639801979065
gcn_graph_b,graph_b_guide_similarity_control,S1_pair+F1,test,1049,8420,hg19,1,0.17817789316177368
gcn_graph_b,graph_b_guide_similarity_control,S1_pair+F1,test,1050,8420,hg19,1,0.15463317930698395
gcn_graph_b,graph_b_guide_similarity_control,S1_pair+F1,test,1051,8420,hg19,1,0.1573011577129364
gcn_graph_b,graph_b_guide_similarity_control,S1_pair+F1,test,1052,8420,hg19,1,0.17047061026096344
gcn_graph_b,graph_b_guide_similarity_control,S1_pair+F1,test,1053,8420,hg19,1,0.1490294486284256
gcn_graph_b,graph_b_guide_similarity_control,S1_pair+F1,test,1054,8420,hg19,1,0.15443155169487
gcn_graph_b,graph_b_guide_similarity_control,S1_pair+F1,test,1055,8420,hg19,1,0.14225026965141296
gcn_graph_b,graph_b_guide_similarity_control,S1_pair+F1,test,1056,8420,hg19,1,0.14041639864444733
gcn_graph_b,graph_b_guide_similarity_control,S1_pair+F1,test,1057,8420,hg19,1,0.16982533037662506
gcn_graph_b,graph_b_guide_similarity_control,S1_pair+F1,test,1058,8420,hg19,1,0.16822338104248047
gcn_graph_b,graph_b_guide_similarity_control,S1_pair+F1,test,1059,8420,hg19,1,0.17227981984615326
gcn_graph_b,graph_b_guide_similarity_control,S1_pair+F1,test,1060,8420,hg19,1,0.1481849104166031
gcn_graph_b,graph_b_guide_similarity_control,S1_pair+F1,test,1061,8420,hg19,1,0.15592846274375916
gcn_graph_b,graph_b_guide_similarity_control,S1_pair+F1,test,1062,8420,hg19,1,0.17414040863513947
gcn_graph_b,graph_b_guide_similarity_control,S1_pair+F1,test,1063,8420,hg19,1,0.15259702503681183
gcn_graph_b,graph_b_guide_similarity_control,S1_pair+F1,test,1064,8420,hg19,1,0.17192722856998444
gcn_graph_b,graph_b_guide_similarity_control,S1_pair+F1,test,1065,8420,hg19,1,0.14753757417201996
gcn_graph_b,graph_b_guide_similarity_control,S1_pair+F1,test,1066,8420,hg19,1,0.16787685453891754
gcn_graph_b,graph_b_guide_similarity_control,S1_pair+F1,test,1067,8420,hg19,1,0.16774609684944153
gcn_graph_b,graph_b_guide_similarity_control,S1_pair+F1,test,1068,8420,hg19,1,0.15191489458084106
gcn_graph_b,graph_b_guide_similarity_control,S1_pair+F1,test,1069,8420,hg19,1,0.16524308919906616
gcn_graph_b,graph_b_guide_similarity_control,S1_pair+F1,test,1070,8420,hg19,1,0.1542256623506546
gcn_graph_b,graph_b_guide_similarity_control,S1_pair+F1,test,1071,8420,hg19,1,0.16639217734336853
gcn_graph_b,graph_b_guide_similarity_control,S1_pair+F1,test,1072,8420,hg19,1,0.16743223369121552
gcn_graph_b,graph_b_guide_similarity_control,S1_pair+F1,test,1073,8420,hg19,1,0.2037573754787445
gcn_graph_b,graph_b_guide_similarity_control,S1_pair+F1,test,1074,8420,hg19,1,0.1695156693458557
gcn_graph_b,graph_b_guide_similarity_control,S1_pair+F1,test,1075,8420,hg19,1,0.15014219284057617
gcn_graph_b,graph_b_guide_similarity_control,S1_pair+F1,test,1076,8420,hg19,1,0.17305849492549896
gcn_graph_b,graph_b_guide_similarity_control,S1_pair+F1,test,1077,8420,hg19,1,0.16868217289447784
gcn_graph_b,graph_b_guide_similarity_control,S1_pair+F1,test,1078,8420,hg19,1,0.15432682633399963
gcn_graph_b,graph_b_guide_similarity_control,S1_pair+F1,test,1079,8420,hg19,1,0.22427062690258026
gcn_graph_b,graph_b_guide_similarity_control,S1_pair+F1,test,1080,8420,hg19,1,0.1593737155199051
gcn_graph_b,graph_b_guide_similarity_control,S1_pair+F1,test,1081,8420,hg19,1,0.15466448664665222
gcn_graph_b,graph_b_guide_similarity_control,S1_pair+F1,test,1082,8420,hg19,1,0.1603412926197052
gcn_graph_b,graph_b_guide_similarity_control,S1_pair+F1,test,1083,8420,hg19,1,0.1577116996049881
gcn_graph_b,graph_b_guide_similarity_control,S1_pair+F1,test,1084,8420,hg19,1,0.1495826691389084
gcn_graph_b,graph_b_guide_similarity_control,S1_pair+F1,test,1085,8420,hg19,1,0.16261816024780273
gcn_graph_b,graph_b_guide_similarity_control,S1_pair+F1,test,1086,8420,hg19,1,0.16142113506793976
gcn_graph_b,graph_b_guide_similarity_control,S1_pair+F1,test,1087,8420,hg19,1,0.16351217031478882
gcn_graph_b,graph_b_guide_similarity_control,S1_pair+F1,test,1088,8420,hg19,1,0.15222036838531494
gcn_graph_b,graph_b_guide_similarity_control,S1_pair+F1,test,1089,8420,hg19,1,0.17234152555465698
gcn_graph_b,graph_b_guide_similarity_control,S1_pair+F1,test,1090,8420,hg19,1,0.15842783451080322
gcn_graph_b,graph_b_guide_similarity_control,S1_pair+F1,test,1091,8420,hg19,1,0.17489363253116608
gcn_graph_b,graph_b_guide_similarity_control,S1_pair+F1,test,1092,8420,hg19,1,0.16629311442375183
gcn_graph_b,graph_b_guide_similarity_control,S1_pair+F1,test,1093,8420,hg19,1,0.13704660534858704
gcn_graph_b,graph_b_guide_similarity_control,S1_pair+F1,test,1094,8420,hg19,1,0.15958532691001892
gcn_graph_b,graph_b_guide_similarity_control,S1_pair+F1,test,1095,8420,hg19,1,0.17088861763477325
gcn_graph_b,graph_b_guide_similarity_control,S1_pair+F1,test,1096,8420,hg19,1,0.1569712609052658
gcn_graph_b,graph_b_guide_similarity_control,S1_pair+F1,test,1097,8420,hg19,1,0.15343530476093292
gcn_graph_b,graph_b_guide_similarity_control,S1_pair+F1,test,1098,8420,hg19,1,0.16835814714431763
gcn_graph_b,graph_b_guide_similarity_control,S1_pair+F1,test,1099,8420,hg19,1,0.16192126274108887
gcn_graph_b,graph_b_guide_similarity_control,S1_pair+F1,test,1100,8420,hg19,1,0.14797766506671906
gcn_graph_b,graph_b_guide_similarity_control,S1_pair+F1,test,1101,8420,hg19,1,0.17748773097991943
gcn_graph_b,graph_b_guide_similarity_control,S1_pair+F1,test,1102,8420,hg19,1,0.15275709331035614
gcn_graph_b,graph_b_guide_similarity_control,S1_pair+F1,test,1103,8420,hg19,1,0.16309480369091034
gcn_graph_b,graph_b_guide_similarity_control,S1_pair+F1,test,1104,8420,hg19,1,0.174766406416893
gcn_graph_b,graph_b_guide_similarity_control,S1_pair+F1,test,1105,8420,hg19,1,0.14880137145519257
gcn_graph_b,graph_b_guide_similarity_control,S1_pair+F1,test,1106,8420,hg19,1,0.18567746877670288
gcn_graph_b,graph_b_guide_similarity_control,S1_pair+F1,test,1107,8420,hg19,1,0.161468043923378
gcn_graph_b,graph_b_guide_similarity_control,S1_pair+F1,test,1108,8420,hg19,1,0.15642955899238586
gcn_graph_b,graph_b_guide_similarity_control,S1_pair+F1,test,1109,8420,hg19,1,0.1519588977098465
gcn_graph_b,graph_b_guide_similarity_control,S1_pair+F1,test,1110,8420,hg19,1,0.15594547986984253
gcn_graph_b,graph_b_guide_similarity_control,S1_pair+F1,test,1111,8420,hg19,1,0.16093724966049194
gcn_graph_b,graph_b_guide_similarity_control,S1_pair+F1,test,1112,8420,hg19,1,0.16192865371704102
gcn_graph_b,graph_b_guide_similarity_control,S1_pair+F1,test,1113,8420,hg19,1,0.1831969916820526
gcn_graph_b,graph_b_guide_similarity_control,S1_pair+F1,test,1114,8420,hg19,1,0.1918458342552185
gcn_graph_b,graph_b_guide_similarity_control,S1_pair+F1,test,1115,8420,hg19,1,0.145559623837471
gcn_graph_b,graph_b_guide_similarity_control,S1_pair+F1,test,1116,8420,hg19,1,0.16211119294166565
gcn_graph_b,graph_b_guide_similarity_control,S1_pair+F1,test,1117,8420,hg19,1,0.17935869097709656
gcn_graph_b,graph_b_guide_similarity_control,S1_pair+F1,test,1118,8420,hg19,1,0.14700095355510712
gcn_graph_b,graph_b_guide_similarity_control,S1_pair+F1,test,1119,8420,hg19,1,0.16923364996910095
gcn_graph_b,graph_b_guide_similarity_control,S1_pair+F1,test,1120,8420,hg19,1,0.14559663832187653
gcn_graph_b,graph_b_guide_similarity_control,S1_pair+F1,test,1121,8420,hg19,1,0.15653018653392792
gcn_graph_b,graph_b_guide_similarity_control,S1_pair+F1,test,1122,8420,hg19,1,0.15839184820652008
gcn_graph_b,graph_b_guide_similarity_control,S1_pair+F1,test,1123,8420,hg19,1,0.17753417789936066
gcn_graph_b,graph_b_guide_similarity_control,S1_pair+F1,test,1124,8420,hg19,1,0.15591445565223694
gcn_graph_b,graph_b_guide_similarity_control,S1_pair+F1,test,1125,8420,hg19,1,0.15516425669193268
gcn_graph_b,graph_b_guide_similarity_control,S1_pair+F1,test,1126,8420,hg19,1,0.17071464657783508
gcn_graph_b,graph_b_guide_similarity_control,S1_pair+F1,test,1127,8420,hg19,1,0.15082305669784546
gcn_graph_b,graph_b_guide_similarity_control,S1_pair+F1,test,1128,8420,hg19,1,0.16755352914333344
gcn_graph_b,graph_b_guide_similarity_control,S1_pair+F1,test,1129,8420,hg19,1,0.17282438278198242
gcn_graph_b,graph_b_guide_similarity_control,S1_pair+F1,test,1130,8420,hg19,1,0.16886210441589355
gcn_graph_b,graph_b_guide_similarity_control,S1_pair+F1,test,1131,8420,hg19,1,0.15167753398418427
gcn_graph_b,graph_b_guide_similarity_control,S1_pair+F1,test,1132,8420,hg19,1,0.18900464475154877
gcn_graph_b,graph_b_guide_similarity_control,S1_pair+F1,test,1133,8420,hg19,1,0.14992129802703857
gcn_graph_b,graph_b_guide_similarity_control,S1_pair+F1,test,1134,8420,hg19,1,0.15668828785419464
gcn_graph_b,graph_b_guide_similarity_control,S1_pair+F1,test,1135,8420,hg19,1,0.16438521444797516
gcn_graph_b,graph_b_guide_similarity_control,S1_pair+F1,test,1136,8420,hg19,1,0.15643584728240967
gcn_graph_b,graph_b_guide_similarity_control,S1_pair+F1,test,1137,8420,hg19,1,0.1713220775127411
gcn_graph_b,graph_b_guide_similarity_control,S1_pair+F1,test,1138,8420,hg19,1,0.14955410361289978
gcn_graph_b,graph_b_guide_similarity_control,S1_pair+F1,test,1139,8420,hg19,1,0.15577231347560883
gcn_graph_b,graph_b_guide_similarity_control,S1_pair+F1,test,1140,8420,hg19,1,0.1812630444765091
gcn_graph_b,graph_b_guide_similarity_control,S1_pair+F1,test,1141,8420,hg19,1,0.15177878737449646
gcn_graph_b,graph_b_guide_similarity_control,S1_pair+F1,test,1142,8420,hg19,1,0.15977948904037476
gcn_graph_b,graph_b_guide_similarity_control,S1_pair+F1,test,1143,8420,hg19,1,0.14856775104999542
gcn_graph_b,graph_b_guide_similarity_control,S1_pair+F1,test,1144,8420,hg19,1,0.16444256901741028
gcn_graph_b,graph_b_guide_similarity_control,S1_pair+F1,test,1145,8420,hg19,1,0.18259015679359436
gcn_graph_b,graph_b_guide_similarity_control,S1_pair+F1,test,1146,8420,hg19,1,0.1698576658964157
gcn_graph_b,graph_b_guide_similarity_control,S1_pair+F1,test,1147,8420,hg19,1,0.15806181728839874
gcn_graph_b,graph_b_guide_similarity_control,S1_pair+F1,test,1148,8420,hg19,1,0.15023446083068848
gcn_graph_b,graph_b_guide_similarity_control,S1_pair+F1,test,1149,8420,hg19,1,0.15742935240268707
gcn_graph_b,graph_b_guide_similarity_control,S1_pair+F1,test,1150,8420,hg19,1,0.17129631340503693
gcn_graph_b,graph_b_guide_similarity_control,S1_pair+F1,test,1151,8420,hg19,1,0.14273203909397125
gcn_graph_b,graph_b_guide_similarity_control,S1_pair+F1,test,1152,8420,hg19,1,0.16587860882282257
gcn_graph_b,graph_b_guide_similarity_control,S1_pair+F1,test,1153,8420,hg19,1,0.16556867957115173
gcn_graph_b,graph_b_guide_similarity_control,S1_pair+F1,test,1154,8420,hg19,1,0.13240382075309753
gcn_graph_b,graph_b_guide_similarity_control,S1_pair+F1,test,1155,8420,hg19,1,0.1463678479194641
gcn_graph_b,graph_b_guide_similarity_control,S1_pair+F1,test,1156,8420,hg19,1,0.148753359913826
gcn_graph_b,graph_b_guide_similarity_control,S1_pair+F1,test,1157,8420,hg19,1,0.15564130246639252
gcn_graph_b,graph_b_guide_similarity_control,S1_pair+F1,test,1158,8420,hg19,1,0.24596543610095978
gcn_graph_b,graph_b_guide_similarity_control,S1_pair+F1,test,1159,8420,hg19,1,0.15200677514076233
gcn_graph_b,graph_b_guide_similarity_control,S1_pair+F1,test,1160,8420,hg19,1,0.1753077208995819
gcn_graph_b,graph_b_guide_similarity_control,S1_pair+F1,test,1161,8420,hg19,1,0.15033473074436188
gcn_graph_b,graph_b_guide_similarity_control,S1_pair+F1,test,1162,8420,hg19,1,0.16016696393489838
gcn_graph_b,graph_b_guide_similarity_control,S1_pair+F1,test,1163,8420,hg19,1,0.1445120871067047
gcn_graph_b,graph_b_guide_similarity_control,S1_pair+F1,test,1164,8420,hg19,1,0.14544112980365753
gcn_graph_b,graph_b_guide_similarity_control,S1_pair+F1,test,1165,8420,hg19,1,0.14868485927581787
gcn_graph_b,graph_b_guide_similarity_control,S1_pair+F1,test,1166,8420,hg19,1,0.16350984573364258
gcn_graph_b,graph_b_guide_similarity_control,S1_pair+F1,test,1167,8420,hg19,1,0.15417519211769104
gcn_graph_b,graph_b_guide_similarity_control,S1_pair+F1,test,1168,8420,hg19,1,0.14407771825790405
gcn_graph_b,graph_b_guide_similarity_control,S1_pair+F1,test,1169,8420,hg19,1,0.1689034104347229
gcn_graph_b,graph_b_guide_similarity_control,S1_pair+F1,test,1170,8420,hg19,1,0.13776950538158417
gcn_graph_b,graph_b_guide_similarity_control,S1_pair+F1,test,1171,8420,hg19,1,0.1472959965467453
gcn_graph_b,graph_b_guide_similarity_control,S1_pair+F1,test,1172,8420,hg19,1,0.14862488210201263
gcn_graph_b,graph_b_guide_similarity_control,S1_pair+F1,test,1173,8420,hg19,1,0.1490342766046524
gcn_graph_b,graph_b_guide_similarity_control,S1_pair+F1,test,1174,8420,hg19,1,0.16421112418174744
gcn_graph_b,graph_b_guide_similarity_control,S1_pair+F1,test,1175,8420,hg19,1,0.1670500636100769
gcn_graph_b,graph_b_guide_similarity_control,S1_pair+F1,test,1176,8420,hg19,1,0.15481801331043243
gcn_graph_b,graph_b_guide_similarity_control,S1_pair+F1,test,1177,8420,hg19,1,0.1487986445426941
gcn_graph_b,graph_b_guide_similarity_control,S1_pair+F1,test,1178,8420,hg19,1,0.1530972123146057
gcn_graph_b,graph_b_guide_similarity_control,S1_pair+F1,test,1179,8420,hg19,1,0.14197656512260437
gcn_graph_b,graph_b_guide_similarity_control,S1_pair+F1,test,1180,8420,hg19,1,0.16763384640216827
gcn_graph_b,graph_b_guide_similarity_control,S1_pair+F1,test,1181,8420,hg19,1,0.1422533541917801
gcn_graph_b,graph_b_guide_similarity_control,S1_pair+F1,test,1182,8420,hg19,1,0.14096832275390625
gcn_graph_b,graph_b_guide_similarity_control,S1_pair+F1,test,1183,8420,hg19,1,0.15177924931049347
gcn_graph_b,graph_b_guide_similarity_control,S1_pair+F1,test,1184,8420,hg19,1,0.16331376135349274
gcn_graph_b,graph_b_guide_similarity_control,S1_pair+F1,test,1185,8420,hg19,1,0.15907053649425507
gcn_graph_b,graph_b_guide_similarity_control,S1_pair+F1,test,1186,8420,hg19,1,0.18507014214992523
gcn_graph_b,graph_b_guide_similarity_control,S1_pair+F1,test,1187,8420,hg19,1,0.149100661277771
gcn_graph_b,graph_b_guide_similarity_control,S1_pair+F1,test,1188,8420,hg19,1,0.1577879786491394
gcn_graph_b,graph_b_guide_similarity_control,S1_pair+F1,test,1189,8420,hg19,1,0.16121862828731537
gcn_graph_b,graph_b_guide_similarity_control,S1_pair+F1,test,1190,8420,hg19,1,0.14506962895393372
gcn_graph_b,graph_b_guide_similarity_control,S1_pair+F1,test,1191,8420,hg19,1,0.14475104212760925
gcn_graph_b,graph_b_guide_similarity_control,S1_pair+F1,test,1192,8420,hg19,1,0.16149957478046417
gcn_graph_b,graph_b_guide_similarity_control,S1_pair+F1,test,1193,8420,hg19,1,0.15064039826393127
gcn_graph_b,graph_b_guide_similarity_control,S1_pair+F1,test,1194,8420,hg19,1,0.15418873727321625
gcn_graph_b,graph_b_guide_similarity_control,S1_pair+F1,test,1195,8420,hg19,1,0.18205054104328156
gcn_graph_b,graph_b_guide_similarity_control,S1_pair+F1,test,1196,8420,hg19,1,0.15033845603466034
gcn_graph_b,graph_b_guide_similarity_control,S1_pair+F1,test,1197,8420,hg19,1,0.13919195532798767
gcn_graph_b,graph_b_guide_similarity_control,S1_pair+F1,test,1198,8420,hg19,1,0.14728660881519318
gcn_graph_b,graph_b_guide_similarity_control,S1_pair+F1,test,1199,8420,hg19,1,0.13994821906089783
gcn_graph_b,graph_b_guide_similarity_control,S1_pair+F1,test,1200,8420,hg19,1,0.14124342799186707
gcn_graph_b,graph_b_guide_similarity_control,S1_pair+F1,test,1201,8420,hg19,1,0.16645796597003937
gcn_graph_b,graph_b_guide_similarity_control,S1_pair+F1,test,1202,8420,hg19,1,0.15860967338085175
gcn_graph_b,graph_b_guide_similarity_control,S1_pair+F1,test,1203,8420,hg19,1,0.15325672924518585
gcn_graph_b,graph_b_guide_similarity_control,S1_pair+F1,test,1204,8420,hg19,1,0.16401231288909912
gcn_graph_b,graph_b_guide_similarity_control,S1_pair+F1,test,1205,8420,hg19,1,0.17899896204471588
gcn_graph_b,graph_b_guide_similarity_control,S1_pair+F1,test,1206,8420,hg19,1,0.16925260424613953
gcn_graph_b,graph_b_guide_similarity_control,S1_pair+F1,test,1207,8420,hg19,1,0.16763384640216827
gcn_graph_b,graph_b_guide_similarity_control,S1_pair+F1,test,1208,8420,hg19,1,0.14854587614536285
gcn_graph_b,graph_b_guide_similarity_control,S1_pair+F1,test,1209,8420,hg19,1,0.17455951869487762
gcn_graph_b,graph_b_guide_similarity_control,S1_pair+F1,test,1210,8420,hg19,1,0.15037351846694946
gcn_graph_b,graph_b_guide_similarity_control,S1_pair+F1,test,1211,8420,hg19,1,0.142246812582016
gcn_graph_b,graph_b_guide_similarity_control,S1_pair+F1,test,1212,8420,hg19,1,0.15967917442321777
gcn_graph_b,graph_b_guide_similarity_control,S1_pair+F1,test,1213,8420,hg19,1,0.15104298293590546
gcn_graph_b,graph_b_guide_similarity_control,S1_pair+F1,test,1214,8420,hg19,1,0.14851200580596924
gcn_graph_b,graph_b_guide_similarity_control,S1_pair+F1,test,1215,8420,hg19,1,0.14386047422885895
gcn_graph_b,graph_b_guide_similarity_control,S1_pair+F1,test,1216,8420,hg19,1,0.1796664595603943
gcn_graph_b,graph_b_guide_similarity_control,S1_pair+F1,test,1217,8420,hg19,1,0.15988512337207794
gcn_graph_b,graph_b_guide_similarity_control,S1_pair+F1,test,1218,8420,hg19,1,0.1462545096874237
gcn_graph_b,graph_b_guide_similarity_control,S1_pair+F1,test,1219,8420,hg19,1,0.15635797381401062
gcn_graph_b,graph_b_guide_similarity_control,S1_pair+F1,test,1220,8420,hg19,1,0.14638981223106384
gcn_graph_b,graph_b_guide_similarity_control,S1_pair+F1,test,1221,8420,hg19,1,0.14714506268501282
gcn_graph_b,graph_b_guide_similarity_control,S1_pair+F1,test,1222,8420,hg19,1,0.1630142629146576
gcn_graph_b,graph_b_guide_similarity_control,S1_pair+F1,test,1223,8420,hg19,1,0.1440814733505249
gcn_graph_b,graph_b_guide_similarity_control,S1_pair+F1,test,1224,8420,hg19,1,0.15243524312973022
gcn_graph_b,graph_b_guide_similarity_control,S1_pair+F1,test,1225,8420,hg19,1,0.17861783504486084
gcn_graph_b,graph_b_guide_similarity_control,S1_pair+F1,test,1226,8420,hg19,1,0.1469060629606247
gcn_graph_b,graph_b_guide_similarity_control,S1_pair+F1,test,1227,8420,hg19,1,0.15901149809360504
gcn_graph_b,graph_b_guide_similarity_control,S1_pair+F1,test,1228,8420,hg19,1,0.17519019544124603
gcn_graph_b,graph_b_guide_similarity_control,S1_pair+F1,test,1229,8420,hg19,1,0.1521150916814804
gcn_graph_b,graph_b_guide_similarity_control,S1_pair+F1,test,1230,8420,hg19,1,0.15147541463375092
gcn_graph_b,graph_b_guide_similarity_control,S1_pair+F1,test,1231,8420,hg19,1,0.15327951312065125
gcn_graph_b,graph_b_guide_similarity_control,S1_pair+F1,test,1232,8420,hg19,1,0.1607181280851364
gcn_graph_b,graph_b_guide_similarity_control,S1_pair+F1,test,1233,8420,hg19,1,0.1463431715965271
gcn_graph_b,graph_b_guide_similarity_control,S1_pair+F1,test,1234,8420,hg19,1,0.1600029170513153
gcn_graph_b,graph_b_guide_similarity_control,S1_pair+F1,test,1235,8420,hg19,1,0.1707935333251953
gcn_graph_b,graph_b_guide_similarity_control,S1_pair+F1,test,1236,8420,hg19,1,0.15935306251049042
gcn_graph_b,graph_b_guide_similarity_control,S1_pair+F1,test,1237,8420,hg19,1,0.13905256986618042
gcn_graph_b,graph_b_guide_similarity_control,S1_pair+F1,test,1238,8420,hg19,1,0.16074953973293304
gcn_graph_b,graph_b_guide_similarity_control,S1_pair+F1,test,1239,8420,hg19,1,0.14942021667957306
gcn_graph_b,graph_b_guide_similarity_control,S1_pair+F1,test,1240,8420,hg19,1,0.14703938364982605
gcn_graph_b,graph_b_guide_similarity_control,S1_pair+F1,test,1241,8420,hg19,1,0.15100426971912384
gcn_graph_b,graph_b_guide_similarity_control,S1_pair+F1,test,1242,8420,hg19,1,0.1624671369791031
gcn_graph_b,graph_b_guide_similarity_control,S1_pair+F1,test,1243,8420,hg19,1,0.168496236205101
gcn_graph_b,graph_b_guide_similarity_control,S1_pair+F1,test,1244,8420,hg19,1,0.1636403203010559
gcn_graph_b,graph_b_guide_similarity_control,S1_pair+F1,test,1245,8420,hg19,1,0.1521197110414505
gcn_graph_b,graph_b_guide_similarity_control,S1_pair+F1,test,1246,8420,hg19,1,0.1486581265926361
gcn_graph_b,graph_b_guide_similarity_control,S1_pair+F1,test,1247,8420,hg19,1,0.1654336303472519
gcn_graph_b,graph_b_guide_similarity_control,S1_pair+F1,test,1248,8420,hg19,1,0.14307843148708344
gcn_graph_b,graph_b_guide_similarity_control,S1_pair+F1,test,1249,8420,hg19,1,0.1900201141834259
gcn_graph_b,graph_b_guide_similarity_control,S1_pair+F1,test,1250,8420,hg19,1,0.14995098114013672
gcn_graph_b,graph_b_guide_similarity_control,S1_pair+F1,test,1251,8420,hg19,1,0.16291719675064087
gcn_graph_b,graph_b_guide_similarity_control,S1_pair+F1,test,1252,8420,hg19,1,0.17926356196403503
gcn_graph_b,graph_b_guide_similarity_control,S1_pair+F1,test,1253,8420,hg19,1,0.1485530436038971
gcn_graph_b,graph_b_guide_similarity_control,S1_pair+F1,test,1254,8420,hg19,1,0.15856528282165527
gcn_graph_b,graph_b_guide_similarity_control,S1_pair+F1,test,1255,8420,hg19,1,0.15050740540027618
gcn_graph_b,graph_b_guide_similarity_control,S1_pair+F1,test,1256,8420,hg19,1,0.16059672832489014
gcn_graph_b,graph_b_guide_similarity_control,S1_pair+F1,test,1257,8420,hg19,1,0.1692710965871811
gcn_graph_b,graph_b_guide_similarity_control,S1_pair+F1,test,1258,8420,hg19,1,0.16311456263065338
gcn_graph_b,graph_b_guide_similarity_control,S1_pair+F1,test,1259,8420,hg19,1,0.1531900316476822
gcn_graph_b,graph_b_guide_similarity_control,S1_pair+F1,test,1260,8420,hg19,1,0.1585320383310318
gcn_graph_b,graph_b_guide_similarity_control,S1_pair+F1,test,1261,8420,hg19,1,0.15902571380138397
gcn_graph_b,graph_b_guide_similarity_control,S1_pair+F1,test,1262,8420,hg19,1,0.1768180876970291
gcn_graph_b,graph_b_guide_similarity_control,S1_pair+F1,test,1263,8420,hg19,1,0.15386058390140533
gcn_graph_b,graph_b_guide_similarity_control,S1_pair+F1,test,1264,8420,hg19,1,0.13689646124839783
gcn_graph_b,graph_b_guide_similarity_control,S1_pair+F1,test,1265,8420,hg19,1,0.18534086644649506
gcn_graph_b,graph_b_guide_similarity_control,S1_pair+F1,test,1266,8420,hg19,1,0.1758967638015747
gcn_graph_b,graph_b_guide_similarity_control,S1_pair+F1,test,1267,8420,hg19,1,0.14781375229358673
gcn_graph_b,graph_b_guide_similarity_control,S1_pair+F1,test,1268,8420,hg19,1,0.15740641951560974
gcn_graph_b,graph_b_guide_similarity_control,S1_pair+F1,test,1269,8420,hg19,1,0.15600834786891937
gcn_graph_b,graph_b_guide_similarity_control,S1_pair+F1,test,1270,8420,hg19,1,0.1772196888923645
gcn_graph_b,graph_b_guide_similarity_control,S1_pair+F1,test,1271,8420,hg19,1,0.1586398035287857
gcn_graph_b,graph_b_guide_similarity_control,S1_pair+F1,test,1272,8420,hg19,1,0.1547771394252777
gcn_graph_b,graph_b_guide_similarity_control,S1_pair+F1,test,1273,8420,hg19,1,0.15450236201286316
gcn_graph_b,graph_b_guide_similarity_control,S1_pair+F1,test,1274,8420,hg19,1,0.1636975258588791
gcn_graph_b,graph_b_guide_similarity_control,S1_pair+F1,test,1275,8420,hg19,1,0.14529861509799957
gcn_graph_b,graph_b_guide_similarity_control,S1_pair+F1,test,1276,8420,hg19,1,0.17283686995506287
gcn_graph_b,graph_b_guide_similarity_control,S1_pair+F1,test,1277,9251,hg38,1,0.4563756585121155
gcn_graph_b,graph_b_guide_similarity_control,S1_pair+F1,test,1278,9251,hg38,1,0.4580060541629791
gcn_graph_b,graph_b_guide_similarity_control,S1_pair+F1,test,1279,9251,hg38,1,0.3985064923763275
gcn_graph_b,graph_b_guide_similarity_control,S1_pair+F1,test,1280,9251,hg38,1,0.3657439053058624
gcn_graph_b,graph_b_guide_similarity_control,S1_pair+F1,test,1281,9251,hg38,1,0.40000462532043457
gcn_graph_b,graph_b_guide_similarity_control,S1_pair+F1,test,1282,9251,hg38,1,0.39062511920928955
gcn_graph_b,graph_b_guide_similarity_control,S1_pair+F1,test,1283,9251,hg38,1,0.40000462532043457
gcn_graph_b,graph_b_guide_similarity_control,S1_pair+F1,test,1284,9251,hg38,1,0.4070521891117096
gcn_graph_b,graph_b_guide_similarity_control,S1_pair+F1,test,1285,9251,hg38,1,0.41806575655937195
gcn_graph_b,graph_b_guide_similarity_control,S1_pair+F1,test,1286,9251,hg38,1,0.41833871603012085
gcn_graph_b,graph_b_guide_similarity_control,S1_pair+F1,test,1287,9251,hg38,1,0.40151312947273254
gcn_graph_b,graph_b_guide_similarity_control,S1_pair+F1,test,1288,9251,hg38,1,0.3911437392234802
gcn_graph_b,graph_b_guide_similarity_control,S1_pair+F1,test,1289,9251,hg38,1,0.41662588715553284
gcn_graph_b,graph_b_guide_similarity_control,S1_pair+F1,test,1290,9251,hg38,1,0.4070186913013458
gcn_graph_b,graph_b_guide_similarity_control,S1_pair+F1,test,1291,9251,hg38,1,0.3871089816093445
gcn_graph_b,graph_b_guide_similarity_control,S1_pair+F1,test,1292,9251,hg38,1,0.4097229242324829
gcn_graph_b,graph_b_guide_similarity_control,S1_pair+F1,test,1293,9251,hg38,1,0.39862099289894104
gcn_graph_b,graph_b_guide_similarity_control,S1_pair+F1,test,1294,9251,hg38,1,0.39855268597602844
gcn_graph_b,graph_b_guide_similarity_control,S1_pair+F1,test,1295,9251,hg38,1,0.38215452432632446
gcn_graph_b,graph_b_guide_similarity_control,S1_pair+F1,test,1296,9251,hg38,1,0.42828261852264404
gcn_graph_b,graph_b_guide_similarity_control,S1_pair+F1,test,1297,9251,hg38,1,0.42426177859306335
gcn_graph_b,graph_b_guide_similarity_control,S1_pair+F1,test,1298,9251,hg38,1,0.39369311928749084
gcn_graph_b,graph_b_guide_similarity_control,S1_pair+F1,test,1299,9251,hg38,1,0.4210197627544403
gcn_graph_b,graph_b_guide_similarity_control,S1_pair+F1,test,1300,9251,hg38,1,0.3735952079296112
gcn_graph_b,graph_b_guide_similarity_control,S1_pair+F1,test,1301,9251,hg38,1,0.4095185399055481
gcn_graph_b,graph_b_guide_similarity_control,S1_pair+F1,test,1302,9251,hg38,1,0.41826990246772766
gcn_graph_b,graph_b_guide_similarity_control,S1_pair+F1,test,1303,9251,hg38,1,0.38820406794548035
gcn_graph_b,graph_b_guide_similarity_control,S1_pair+F1,test,1304,9251,hg38,1,0.4210197627544403
gcn_graph_b,graph_b_guide_similarity_control,S1_pair+F1,test,1305,9251,hg38,1,0.42877042293548584
gcn_graph_b,graph_b_guide_similarity_control,S1_pair+F1,test,1306,9251,hg38,1,0.42933499813079834
gcn_graph_b,graph_b_guide_similarity_control,S1_pair+F1,test,1307,9251,hg38,1,0.3674255609512329
gcn_graph_b,graph_b_guide_similarity_control,S1_pair+F1,test,1308,9251,hg38,1,0.41826990246772766
gcn_graph_b,graph_b_guide_similarity_control,S1_pair+F1,test,1309,9251,hg38,1,0.43405473232269287
gcn_graph_b,graph_b_guide_similarity_control,S1_pair+F1,test,1310,9251,hg38,1,0.3823826313018799
gcn_graph_b,graph_b_guide_similarity_control,S1_pair+F1,test,1311,9251,hg38,1,0.36192700266838074
gcn_graph_b,graph_b_guide_similarity_control,S1_pair+F1,test,1312,9251,hg38,1,0.3821709454059601
gcn_graph_b,graph_b_guide_similarity_control,S1_pair+F1,test,1313,9251,hg38,1,0.3971949517726898
gcn_graph_b,graph_b_guide_similarity_control,S1_pair+F1,test,1314,9251,hg38,1,0.3971182405948639
gcn_graph_b,graph_b_guide_similarity_control,S1_pair+F1,test,1315,9251,hg38,1,0.41969582438468933
gcn_graph_b,graph_b_guide_similarity_control,S1_pair+F1,test,1316,9251,hg38,1,0.3533521890640259
gcn_graph_b,graph_b_guide_similarity_control,S1_pair+F1,test,1317,9251,hg38,1,0.3940749168395996
gcn_graph_b,graph_b_guide_similarity_control,S1_pair+F1,test,1318,9251,hg38,1,0.40764370560646057
gcn_graph_b,graph_b_guide_similarity_control,S1_pair+F1,test,1319,9251,hg38,1,0.40853142738342285
gcn_graph_b,graph_b_guide_similarity_control,S1_pair+F1,test,1320,9251,hg38,1,0.3858872354030609
gcn_graph_b,graph_b_guide_similarity_control,S1_pair+F1,test,1321,9251,hg38,1,0.3649635314941406
gcn_graph_b,graph_b_guide_similarity_control,S1_pair+F1,test,1322,9251,hg38,1,0.40898388624191284
gcn_graph_b,graph_b_guide_similarity_control,S1_pair+F1,test,1323,9251,hg38,1,0.371664822101593
gcn_graph_b,graph_b_guide_similarity_control,S1_pair+F1,test,1324,9251,hg38,1,0.39784395694732666
gcn_graph_b,graph_b_guide_similarity_control,S1_pair+F1,test,1325,9251,hg38,1,0.4017241597175598
gcn_graph_b,graph_b_guide_similarity_control,S1_pair+F1,test,1326,9251,hg38,1,0.40232083201408386
gcn_graph_b,graph_b_guide_similarity_control,S1_pair+F1,test,1327,9251,hg38,1,0.3962743580341339
gcn_graph_b,graph_b_guide_similarity_control,S1_pair+F1,test,1328,9251,hg38,1,0.4182351529598236
gcn_graph_b,graph_b_guide_similarity_control,S1_pair+F1,test,1329,9251,hg38,1,0.3363168239593506
gcn_graph_b,graph_b_guide_similarity_control,S1_pair+F1,test,1330,9251,hg38,1,0.37060803174972534
gcn_graph_b,graph_b_guide_similarity_control,S1_pair+F1,test,1331,9251,hg38,1,0.37702658772468567
gcn_graph_b,graph_b_guide_similarity_control,S1_pair+F1,test,1332,9251,hg38,1,0.40399256348609924
gcn_graph_b,graph_b_guide_similarity_control,S1_pair+F1,test,1333,9251,hg38,1,0.39033591747283936
gcn_graph_b,graph_b_guide_similarity_control,S1_pair+F1,test,1334,9251,hg38,1,0.40409842133522034
gcn_graph_b,graph_b_guide_similarity_control,S1_pair+F1,test,1335,9251,hg38,1,0.3550202250480652
gcn_graph_b,graph_b_guide_similarity_control,S1_pair+F1,test,1336,9251,hg38,1,0.3624733090400696
gcn_graph_b,graph_b_guide_similarity_control,S1_pair+F1,test,1337,9251,hg38,1,0.4003164768218994
gcn_graph_b,graph_b_guide_similarity_control,S1_pair+F1,test,1338,9251,hg38,1,0.42060092091560364
gcn_graph_b,graph_b_guide_similarity_control,S1_pair+F1,test,1339,9251,hg38,1,0.401662677526474
gcn_graph_b,graph_b_guide_similarity_control,S1_pair+F1,test,1340,9251,hg38,1,0.42361682653427124
gcn_graph_b,graph_b_guide_similarity_control,S1_pair+F1,test,1341,9251,hg38,1,0.3427583873271942
gcn_graph_b,graph_b_guide_similarity_control,S1_pair+F1,test,1342,9251,hg38,1,0.3854796588420868
gcn_graph_b,graph_b_guide_similarity_control,S1_pair+F1,test,1343,9251,hg38,1,0.4253567159175873
gcn_graph_b,graph_b_guide_similarity_control,S1_pair+F1,test,1344,9251,hg38,1,0.39510831236839294
gcn_graph_b,graph_b_guide_similarity_control,S1_pair+F1,test,1345,9251,hg38,1,0.40738198161125183
gcn_graph_b,graph_b_guide_similarity_control,S1_pair+F1,test,1346,9251,hg38,1,0.4028152525424957
gcn_graph_b,graph_b_guide_similarity_control,S1_pair+F1,test,1347,9251,hg38,1,0.3824548125267029
gcn_graph_b,graph_b_guide_similarity_control,S1_pair+F1,test,1348,9251,hg38,1,0.36309385299682617
gcn_graph_b,graph_b_guide_similarity_control,S1_pair+F1,test,1349,9251,hg38,1,0.3363460898399353
gcn_graph_b,graph_b_guide_similarity_control,S1_pair+F1,test,1350,9251,hg38,1,0.40172669291496277
gcn_graph_b,graph_b_guide_similarity_control,S1_pair+F1,test,1351,9251,hg38,1,0.3641129732131958
gcn_graph_b,graph_b_guide_similarity_control,S1_pair+F1,test,1352,9251,hg38,1,0.401647686958313
gcn_graph_b,graph_b_guide_similarity_control,S1_pair+F1,test,1353,9251,hg38,1,0.4615373909473419
gcn_graph_b,graph_b_guide_similarity_control,S1_pair+F1,test,1354,9251,hg38,1,0.3949802815914154
gcn_graph_b,graph_b_guide_similarity_control,S1_pair+F1,test,1355,9251,hg38,1,0.33884596824645996
gcn_graph_b,graph_b_guide_similarity_control,S1_pair+F1,test,1356,9251,hg38,1,0.4294646680355072
gcn_graph_b,graph_b_guide_similarity_control,S1_pair+F1,test,1357,9251,hg38,1,0.40909072756767273
gcn_graph_b,graph_b_guide_similarity_control,S1_pair+F1,test,1358,9251,hg38,1,0.3876558840274811
gcn_graph_b,graph_b_guide_similarity_control,S1_pair+F1,test,1359,9251,hg38,1,0.39837151765823364
gcn_graph_b,graph_b_guide_similarity_control,S1_pair+F1,test,1360,9251,hg38,1,0.4001653492450714
gcn_graph_b,graph_b_guide_similarity_control,S1_pair+F1,test,1361,9251,hg38,1,0.3858659267425537
gcn_graph_b,graph_b_guide_similarity_control,S1_pair+F1,test,1362,9251,hg38,1,0.36288928985595703
gcn_graph_b,graph_b_guide_similarity_control,S1_pair+F1,test,1363,9251,hg38,1,0.40181267261505127
gcn_graph_b,graph_b_guide_similarity_control,S1_pair+F1,test,1364,9251,hg38,1,0.3909376859664917
gcn_graph_b,graph_b_guide_similarity_control,S1_pair+F1,test,1365,9251,hg38,1,0.4457666575908661
gcn_graph_b,graph_b_guide_similarity_control,S1_pair+F1,test,1366,9251,hg38,1,0.43827125430107117
gcn_graph_b,graph_b_guide_similarity_control,S1_pair+F1,test,1367,9251,hg38,1,0.3750667870044708
gcn_graph_b,graph_b_guide_similarity_control,S1_pair+F1,test,1368,9251,hg38,1,0.3604671359062195
gcn_graph_b,graph_b_guide_similarity_control,S1_pair+F1,test,1369,9251,hg38,1,0.36206257343292236
gcn_graph_b,graph_b_guide_similarity_control,S1_pair+F1,test,1370,9251,hg38,1,0.42834895849227905
gcn_graph_b,graph_b_guide_similarity_control,S1_pair+F1,test,1371,9251,hg38,1,0.4185279309749603
gcn_graph_b,graph_b_guide_similarity_control,S1_pair+F1,test,1372,9251,hg38,1,0.3557460904121399
gcn_graph_b,graph_b_guide_similarity_control,S1_pair+F1,test,1373,9251,hg38,0,0.3896976411342621
gcn_graph_b,graph_b_guide_similarity_control,S1_pair+F1,test,1374,9251,hg38,0,0.38238948583602905
gcn_graph_b,graph_b_guide_similarity_control,S1_pair+F1,test,1375,9251,hg38,0,0.3598593473434448
gcn_graph_b,graph_b_guide_similarity_control,S1_pair+F1,test,1376,9251,hg38,0,0.3941652774810791
gcn_graph_b,graph_b_guide_similarity_control,S1_pair+F1,test,1377,9251,hg38,0,0.37357810139656067
gcn_graph_b,graph_b_guide_similarity_control,S1_pair+F1,test,1378,9251,hg38,0,0.40165627002716064
gcn_graph_b,graph_b_guide_similarity_control,S1_pair+F1,test,1379,9251,hg38,0,0.3553302586078644
gcn_graph_b,graph_b_guide_similarity_control,S1_pair+F1,test,1380,9251,hg38,0,0.3903409540653229
gcn_graph_b,graph_b_guide_similarity_control,S1_pair+F1,test,1381,9251,hg38,0,0.4090048670768738
gcn_graph_b,graph_b_guide_similarity_control,S1_pair+F1,test,1382,9251,hg38,0,0.4295669198036194
gcn_graph_b,graph_b_guide_similarity_control,S1_pair+F1,test,1383,9251,hg38,0,0.3870221674442291
gcn_graph_b,graph_b_guide_similarity_control,S1_pair+F1,test,1384,9251,hg38,0,0.4061819314956665
gcn_graph_b,graph_b_guide_similarity_control,S1_pair+F1,test,1385,9251,hg38,0,0.39802849292755127
gcn_graph_b,graph_b_guide_similarity_control,S1_pair+F1,test,1386,9251,hg38,0,0.4093647301197052
gcn_graph_b,graph_b_guide_similarity_control,S1_pair+F1,test,1387,9251,hg38,0,0.3555161952972412
gcn_graph_b,graph_b_guide_similarity_control,S1_pair+F1,test,1388,9251,hg38,0,0.40507322549819946
gcn_graph_b,graph_b_guide_similarity_control,S1_pair+F1,test,1389,9251,hg38,0,0.3888629376888275
gcn_graph_b,graph_b_guide_similarity_control,S1_pair+F1,test,1390,9251,hg38,0,0.39841821789741516
gcn_graph_b,graph_b_guide_similarity_control,S1_pair+F1,test,1391,9251,hg38,0,0.3812527358531952
gcn_graph_b,graph_b_guide_similarity_control,S1_pair+F1,test,1392,9251,hg38,0,0.3587273359298706
gcn_graph_b,graph_b_guide_similarity_control,S1_pair+F1,test,1393,9251,hg38,0,0.41525304317474365
gcn_graph_b,graph_b_guide_similarity_control,S1_pair+F1,test,1394,9251,hg38,0,0.434461772441864
gcn_graph_b,graph_b_guide_similarity_control,S1_pair+F1,test,1395,9251,hg38,0,0.38508766889572144
gcn_graph_b,graph_b_guide_similarity_control,S1_pair+F1,test,1396,9251,hg38,0,0.3991096615791321
gcn_graph_b,graph_b_guide_similarity_control,S1_pair+F1,test,1397,9251,hg38,0,0.3730394244194031
gcn_graph_b,graph_b_guide_similarity_control,S1_pair+F1,test,1398,9251,hg38,0,0.4084441363811493
gcn_graph_b,graph_b_guide_similarity_control,S1_pair+F1,test,1399,9251,hg38,0,0.3548772931098938
gcn_graph_b,graph_b_guide_similarity_control,S1_pair+F1,test,1400,9251,hg38,0,0.3899385929107666
gcn_graph_b,graph_b_guide_similarity_control,S1_pair+F1,test,1401,9251,hg38,0,0.4185279309749603
gcn_graph_b,graph_b_guide_similarity_control,S1_pair+F1,test,1402,9251,hg38,0,0.3510778844356537
gcn_graph_b,graph_b_guide_similarity_control,S1_pair+F1,test,1403,9251,hg38,0,0.40985414385795593
gcn_graph_b,graph_b_guide_similarity_control,S1_pair+F1,test,1404,9251,hg38,0,0.40489500761032104
gcn_graph_b,graph_b_guide_similarity_control,S1_pair+F1,test,1405,9251,hg38,0,0.37889713048934937
gcn_graph_b,graph_b_guide_similarity_control,S1_pair+F1,test,1406,9251,hg38,0,0.4023054242134094
gcn_graph_b,graph_b_guide_similarity_control,S1_pair+F1,test,1407,9251,hg38,0,0.32196301221847534
gcn_graph_b,graph_b_guide_similarity_control,S1_pair+F1,test,1408,9251,hg38,0,0.3951437473297119
gcn_graph_b,graph_b_guide_similarity_control,S1_pair+F1,test,1409,9251,hg38,0,0.3899039030075073
gcn_graph_b,graph_b_guide_similarity_control,S1_pair+F1,test,1410,9251,hg38,0,0.32244953513145447
gcn_graph_b,graph_b_guide_similarity_control,S1_pair+F1,test,1411,9251,hg38,0,0.3940824568271637
gcn_graph_b,graph_b_guide_similarity_control,S1_pair+F1,test,1412,9251,hg38,0,0.45122575759887695
gcn_graph_b,graph_b_guide_similarity_control,S1_pair+F1,test,1413,9251,hg38,0,0.4083646237850189
gcn_graph_b,graph_b_guide_similarity_control,S1_pair+F1,test,1414,9251,hg38,0,0.44724568724632263
gcn_graph_b,graph_b_guide_similarity_control,S1_pair+F1,test,1415,9251,hg38,0,0.3944814205169678
gcn_graph_b,graph_b_guide_similarity_control,S1_pair+F1,test,1416,9251,hg38,0,0.37508049607276917
gcn_graph_b,graph_b_guide_similarity_control,S1_pair+F1,test,1417,9251,hg38,0,0.39722707867622375
gcn_graph_b,graph_b_guide_similarity_control,S1_pair+F1,test,1418,9251,hg38,0,0.4557678997516632
gcn_graph_b,graph_b_guide_similarity_control,S1_pair+F1,test,1419,9251,hg38,0,0.3448483943939209
gcn_graph_b,graph_b_guide_similarity_control,S1_pair+F1,test,1420,9251,hg38,0,0.3782809376716614
gcn_graph_b,graph_b_guide_similarity_control,S1_pair+F1,test,1421,9251,hg38,0,0.39299654960632324
gcn_graph_b,graph_b_guide_similarity_control,S1_pair+F1,test,1422,9251,hg38,0,0.37745049595832825
gcn_graph_b,graph_b_guide_similarity_control,S1_pair+F1,test,1423,9251,hg38,0,0.395934522151947
gcn_graph_b,graph_b_guide_similarity_control,S1_pair+F1,test,1424,9251,hg38,0,0.35387590527534485
gcn_graph_b,graph_b_guide_similarity_control,S1_pair+F1,test,1425,9251,hg38,0,0.37965109944343567
gcn_graph_b,graph_b_guide_similarity_control,S1_pair+F1,test,1426,9251,hg38,0,0.4079844653606415
gcn_graph_b,graph_b_guide_similarity_control,S1_pair+F1,test,1427,9251,hg38,0,0.41021379828453064
gcn_graph_b,graph_b_guide_similarity_control,S1_pair+F1,test,1428,9251,hg38,0,0.4203735589981079
gcn_graph_b,graph_b_guide_similarity_control,S1_pair+F1,test,1429,9251,hg38,0,0.4049610495567322
gcn_graph_b,graph_b_guide_similarity_control,S1_pair+F1,test,1430,9251,hg38,0,0.4185279309749603
gcn_graph_b,graph_b_guide_similarity_control,S1_pair+F1,test,1431,9251,hg38,0,0.3985098600387573
gcn_graph_b,graph_b_guide_similarity_control,S1_pair+F1,test,1432,9251,hg38,0,0.4231521189212799
gcn_graph_b,graph_b_guide_similarity_control,S1_pair+F1,test,1433,9251,hg38,0,0.3977503776550293
gcn_graph_b,graph_b_guide_similarity_control,S1_pair+F1,test,1434,9251,hg38,0,0.3775359094142914
gcn_graph_b,graph_b_guide_similarity_control,S1_pair+F1,test,1435,9251,hg38,0,0.3894839882850647
gcn_graph_b,graph_b_guide_similarity_control,S1_pair+F1,test,1436,9251,hg38,0,0.4399479329586029
gcn_graph_b,graph_b_guide_similarity_control,S1_pair+F1,test,1437,9251,hg38,0,0.38457149267196655
gcn_graph_b,graph_b_guide_similarity_control,S1_pair+F1,test,1438,9251,hg38,0,0.36398833990097046
gcn_graph_b,graph_b_guide_similarity_control,S1_pair+F1,test,1439,9251,hg38,0,0.4390759766101837
gcn_graph_b,graph_b_guide_similarity_control,S1_pair+F1,test,1440,9251,hg38,0,0.3791254162788391
gcn_graph_b,graph_b_guide_similarity_control,S1_pair+F1,test,1441,9251,hg38,0,0.3894180953502655
gcn_graph_b,graph_b_guide_similarity_control,S1_pair+F1,test,1442,9251,hg38,0,0.4165894389152527
gcn_graph_b,graph_b_guide_similarity_control,S1_pair+F1,test,1443,9251,hg38,0,0.3956669569015503
gcn_graph_b,graph_b_guide_similarity_control,S1_pair+F1,test,1444,9251,hg38,0,0.4261341392993927
gcn_graph_b,graph_b_guide_similarity_control,S1_pair+F1,test,1445,9251,hg38,0,0.4182117283344269
gcn_graph_b,graph_b_guide_similarity_control,S1_pair+F1,test,1446,9251,hg38,0,0.38483983278274536
gcn_graph_b,graph_b_guide_similarity_control,S1_pair+F1,test,1447,9251,hg38,0,0.4013831317424774
gcn_graph_b,graph_b_guide_similarity_control,S1_pair+F1,test,1448,9251,hg38,0,0.3812527358531952
gcn_graph_b,graph_b_guide_similarity_control,S1_pair+F1,test,1449,9251,hg38,0,0.38767749071121216
gcn_graph_b,graph_b_guide_similarity_control,S1_pair+F1,test,1450,9251,hg38,0,0.39731353521347046
gcn_graph_b,graph_b_guide_similarity_control,S1_pair+F1,test,1451,9251,hg38,0,0.3416423797607422
gcn_graph_b,graph_b_guide_similarity_control,S1_pair+F1,test,1452,9251,hg38,0,0.41655269265174866
gcn_graph_b,graph_b_guide_similarity_control,S1_pair+F1,test,1453,10597,hg19,1,0.10907034575939178
gcn_graph_b,graph_b_guide_similarity_control,S1_pair+F1,test,1454,10597,hg19,1,0.09399907290935516
gcn_graph_b,graph_b_guide_similarity_control,S1_pair+F1,test,1455,10599,hg19,1,0.519289493560791
gcn_graph_b,graph_b_guide_similarity_control,S1_pair+F1,test,1456,10599,hg19,1,0.48738887906074524
gcn_graph_b,graph_b_guide_similarity_control,S1_pair+F1,test,1457,10599,hg19,1,0.5139588117599487
gcn_graph_b,graph_b_guide_similarity_control,S1_pair+F1,test,1458,10599,hg19,1,0.5190452337265015
gcn_graph_b,graph_b_guide_similarity_control,S1_pair+F1,test,1459,10599,hg19,1,0.5021339654922485
gcn_graph_b,graph_b_guide_similarity_control,S1_pair+F1,test,1460,10599,hg19,1,0.4639565944671631
gcn_graph_b,graph_b_guide_similarity_control,S1_pair+F1,test,1461,10599,hg19,1,0.5006518959999084
gcn_graph_b,graph_b_guide_similarity_control,S1_pair+F1,test,1462,10599,hg19,1,0.5202569365501404
gcn_graph_b,graph_b_guide_similarity_control,S1_pair+F1,test,1463,10599,hg19,1,0.5159099102020264
gcn_graph_b,graph_b_guide_similarity_control,S1_pair+F1,test,1464,10599,hg19,1,0.5176486372947693
gcn_graph_b,graph_b_guide_similarity_control,S1_pair+F1,test,1465,10599,hg19,1,0.4988469183444977
gcn_graph_b,graph_b_guide_similarity_control,S1_pair+F1,test,1466,10599,hg19,1,0.5104472637176514
gcn_graph_b,graph_b_guide_similarity_control,S1_pair+F1,test,1467,10599,hg19,1,0.4870222806930542
gcn_graph_b,graph_b_guide_similarity_control,S1_pair+F1,test,1468,10599,hg19,1,0.5216128826141357
gcn_graph_b,graph_b_guide_similarity_control,S1_pair+F1,test,1469,10599,hg19,1,0.5281621813774109
gcn_graph_b,graph_b_guide_similarity_control,S1_pair+F1,test,1470,10599,hg19,1,0.4766741096973419
gcn_graph_b,graph_b_guide_similarity_control,S1_pair+F1,test,1471,10599,hg19,1,0.47670161724090576
gcn_graph_b,graph_b_guide_similarity_control,S1_pair+F1,test,1472,10599,hg19,1,0.5034732222557068
gcn_graph_b,graph_b_guide_similarity_control,S1_pair+F1,test,1473,10599,hg19,1,0.4900210201740265
gcn_graph_b,graph_b_guide_similarity_control,S1_pair+F1,test,1474,10599,hg19,1,0.49383243918418884
gcn_graph_b,graph_b_guide_similarity_control,S1_pair+F1,test,1475,10599,hg19,1,0.5262976884841919
gcn_graph_b,graph_b_guide_similarity_control,S1_pair+F1,test,1476,10599,hg19,1,0.5359458327293396
gcn_graph_b,graph_b_guide_similarity_control,S1_pair+F1,test,1477,10599,hg19,1,0.5004850029945374
gcn_graph_b,graph_b_guide_similarity_control,S1_pair+F1,test,1478,10599,hg19,1,0.48484712839126587
gcn_graph_b,graph_b_guide_similarity_control,S1_pair+F1,test,1479,10599,hg19,1,0.5134565234184265
gcn_graph_b,graph_b_guide_similarity_control,S1_pair+F1,test,1480,10599,hg19,1,0.524071216583252
gcn_graph_b,graph_b_guide_similarity_control,S1_pair+F1,test,1481,10599,hg19,1,0.49559286236763
gcn_graph_b,graph_b_guide_similarity_control,S1_pair+F1,test,1482,10599,hg19,1,0.5023552179336548
gcn_graph_b,graph_b_guide_similarity_control,S1_pair+F1,test,1483,10599,hg19,1,0.5117241740226746
gcn_graph_b,graph_b_guide_similarity_control,S1_pair+F1,test,1484,10599,hg19,1,0.531644880771637
gcn_graph_b,graph_b_guide_similarity_control,S1_pair+F1,test,1485,10599,hg19,1,0.4782898426055908
gcn_graph_b,graph_b_guide_similarity_control,S1_pair+F1,test,1486,10599,hg19,1,0.5222465991973877
gcn_graph_b,graph_b_guide_similarity_control,S1_pair+F1,test,1487,10599,hg19,1,0.5341297388076782
gcn_graph_b,graph_b_guide_similarity_control,S1_pair+F1,test,1488,10957,hg19,1,0.435563862323761
gcn_graph_b,graph_b_guide_similarity_control,S1_pair+F1,test,1489,10957,hg19,1,0.39114323258399963
gcn_graph_b,graph_b_guide_similarity_control,S1_pair+F1,test,1490,10957,hg19,1,0.38430842757225037
gcn_graph_b,graph_b_guide_similarity_control,S1_pair+F1,test,1491,10957,hg19,1,0.44117674231529236
gcn_graph_b,graph_b_guide_similarity_control,S1_pair+F1,test,1492,10990,hg19,1,0.1989019513130188
gcn_graph_b,graph_b_guide_similarity_control,S1_pair+F1,test,1493,10990,hg19,1,0.18937672674655914
gcn_graph_b,graph_b_guide_similarity_control,S1_pair+F1,test,1494,10990,hg19,1,0.16117532551288605
gcn_graph_b,graph_b_guide_similarity_control,S1_pair+F1,test,1495,10990,hg19,1,0.18373948335647583
gcn_graph_b,graph_b_guide_similarity_control,S1_pair+F1,test,1496,10990,hg19,1,0.17041201889514923
gcn_graph_b,graph_b_guide_similarity_control,S1_pair+F1,test,1497,10990,hg19,1,0.18191289901733398
gcn_graph_b,graph_b_guide_similarity_control,S1_pair+F1,test,1498,10990,hg19,1,0.17231430113315582
gcn_graph_b,graph_b_guide_similarity_control,S1_pair+F1,test,1499,10990,hg19,1,0.17021822929382324
gcn_graph_b,graph_b_guide_similarity_control,S1_pair+F1,test,1500,10990,hg19,1,0.16714273393154144
gcn_graph_b,graph_b_guide_similarity_control,S1_pair+F1,test,1501,10990,hg19,1,0.1750631332397461
gcn_graph_b,graph_b_guide_similarity_control,S1_pair+F1,test,1502,10990,hg19,1,0.1563730388879776
gcn_graph_b,graph_b_guide_similarity_control,S1_pair+F1,test,1503,10990,hg19,1,0.17198657989501953
gcn_graph_b,graph_b_guide_similarity_control,S1_pair+F1,test,1504,10990,hg19,1,0.159470334649086
gcn_graph_b,graph_b_guide_similarity_control,S1_pair+F1,test,1505,10990,hg19,1,0.18416732549667358
gcn_graph_b,graph_b_guide_similarity_control,S1_pair+F1,test,1506,10990,hg19,1,0.1777200549840927
gcn_graph_b,graph_b_guide_similarity_control,S1_pair+F1,test,1507,10990,hg19,1,0.17929603159427643
gcn_graph_b,graph_b_guide_similarity_control,S1_pair+F1,test,1508,10990,hg19,1,0.18122540414333344
gcn_graph_b,graph_b_guide_similarity_control,S1_pair+F1,test,1509,10990,hg19,1,0.16911326348781586
gcn_graph_b,graph_b_guide_similarity_control,S1_pair+F1,test,1510,10990,hg19,1,0.16308292746543884
gcn_graph_b,graph_b_guide_similarity_control,S1_pair+F1,test,1511,10990,hg19,1,0.18297278881072998
gcn_graph_b,graph_b_guide_similarity_control,S1_pair+F1,test,1512,11012,hg19,1,0.08868034183979034
gcn_graph_b,graph_b_guide_similarity_control,S1_pair+F1,test,1513,11012,hg19,1,0.0967031940817833
gcn_graph_b,graph_b_guide_similarity_control,S1_pair+F1,test,1514,11012,hg19,1,0.1134389117360115
gcn_graph_b,graph_b_guide_similarity_control,S1_pair+F1,test,1515,11012,hg19,1,0.09159945696592331
gcn_graph_b,graph_b_guide_similarity_control,S1_pair+F1,test,1516,11012,hg19,1,0.10140421986579895
gcn_graph_b,graph_b_guide_similarity_control,S1_pair+F1,test,1517,11012,hg19,1,0.0990222841501236
gcn_graph_b,graph_b_guide_similarity_control,S1_pair+F1,test,1518,11012,hg19,1,0.10107044875621796
gcn_graph_b,graph_b_guide_similarity_control,S1_pair+F1,test,1519,11012,hg19,1,0.08476344496011734
gcn_graph_b,graph_b_guide_similarity_control,S1_pair+F1,test,1520,11173,hg19,1,0.5942910313606262
gcn_graph_b,graph_b_guide_similarity_control,S1_pair+F1,test,1521,11173,hg19,1,0.6173856854438782
gcn_graph_b,graph_b_guide_similarity_control,S1_pair+F1,test,1522,11173,hg19,1,0.5910097360610962
gcn_graph_b,graph_b_guide_similarity_control,S1_pair+F1,test,1523,11173,hg19,1,0.606035590171814
gcn_graph_b,graph_b_guide_similarity_control,S1_pair+F1,test,1524,11173,hg19,1,0.6537623405456543
gcn_graph_b,graph_b_guide_similarity_control,S1_pair+F1,test,1525,11173,hg19,1,0.5979219079017639
gcn_graph_b,graph_b_guide_similarity_control,S1_pair+F1,test,1526,11173,hg19,1,0.762202262878418
gcn_graph_b,graph_b_guide_similarity_control,S1_pair+F1,test,1527,11173,hg19,1,0.6613773107528687
gcn_graph_b,graph_b_guide_similarity_control,S1_pair+F1,test,1528,11173,hg19,1,0.6636921763420105
gcn_graph_b,graph_b_guide_similarity_control,S1_pair+F1,test,1529,11173,hg19,1,0.6374226212501526
gcn_graph_b,graph_b_guide_similarity_control,S1_pair+F1,test,1530,11173,hg19,1,0.7818692326545715
gcn_graph_b,graph_b_guide_similarity_control,S1_pair+F1,test,1531,11173,hg19,1,0.7820844650268555
gcn_graph_b,graph_b_guide_similarity_control,S1_pair+F1,test,1532,11173,hg19,1,0.60734623670578
gcn_graph_b,graph_b_guide_similarity_control,S1_pair+F1,test,1533,11173,hg19,1,0.6702921390533447
gcn_graph_b,graph_b_guide_similarity_control,S1_pair+F1,test,1534,11173,hg19,1,0.6262149810791016
gcn_graph_b,graph_b_guide_similarity_control,S1_pair+F1,test,1535,11173,hg19,1,0.6229544281959534
gcn_graph_b,graph_b_guide_similarity_control,S1_pair+F1,test,1536,11173,hg19,1,0.6138242483139038
gcn_graph_b,graph_b_guide_similarity_control,S1_pair+F1,test,1537,11173,hg19,1,0.6589562296867371
gcn_graph_b,graph_b_guide_similarity_control,S1_pair+F1,test,1538,11173,hg19,1,0.670602023601532
gcn_graph_b,graph_b_guide_similarity_control,S1_pair+F1,test,1539,11173,hg19,1,0.7861558794975281
gcn_graph_b,graph_b_guide_similarity_control,S1_pair+F1,test,1540,11173,hg19,1,0.6220438480377197
gcn_graph_b,graph_b_guide_similarity_control,S1_pair+F1,test,1541,11173,hg19,1,0.6172246932983398
gcn_graph_b,graph_b_guide_similarity_control,S1_pair+F1,test,1542,11173,hg19,1,0.6934815049171448
gcn_graph_b,graph_b_guide_similarity_control,S1_pair+F1,test,1543,11173,hg19,1,0.631294846534729
gcn_graph_b,graph_b_guide_similarity_control,S1_pair+F1,test,1544,11173,hg19,1,0.6634830236434937
gcn_graph_b,graph_b_guide_similarity_control,S1_pair+F1,test,1545,11173,hg19,1,0.6865776777267456
gcn_graph_b,graph_b_guide_similarity_control,S1_pair+F1,test,1546,11173,hg19,1,0.6291729211807251
gcn_graph_b,graph_b_guide_similarity_control,S1_pair+F1,test,1547,11173,hg19,1,0.6404265761375427
gcn_graph_b,graph_b_guide_similarity_control,S1_pair+F1,test,1548,11173,hg19,1,0.6239200830459595
gcn_graph_b,graph_b_guide_similarity_control,S1_pair+F1,test,1549,11173,hg19,1,0.6542505621910095
gcn_graph_b,graph_b_guide_similarity_control,S1_pair+F1,test,1550,11173,hg19,1,0.7883735299110413
gcn_graph_b,graph_b_guide_similarity_control,S1_pair+F1,test,1551,11173,hg19,1,0.6751797795295715
gcn_graph_b,graph_b_guide_similarity_control,S1_pair+F1,test,1552,11173,hg19,1,0.7967392802238464
gcn_graph_b,graph_b_guide_similarity_control,S1_pair+F1,test,1553,11173,hg19,1,0.6100853681564331
gcn_graph_b,graph_b_guide_similarity_control,S1_pair+F1,test,1554,11173,hg19,1,0.7882794141769409
gcn_graph_b,graph_b_guide_similarity_control,S1_pair+F1,test,1555,11173,hg19,1,0.658383309841156
gcn_graph_b,graph_b_guide_similarity_control,S1_pair+F1,test,1556,11173,hg19,1,0.6520357131958008
gcn_graph_b,graph_b_guide_similarity_control,S1_pair+F1,test,1557,11173,hg19,1,0.6487044095993042
gcn_graph_b,graph_b_guide_similarity_control,S1_pair+F1,test,1558,11173,hg19,1,0.7718797922134399
gcn_graph_b,graph_b_guide_similarity_control,S1_pair+F1,test,1559,11173,hg19,1,0.675555944442749
gcn_graph_b,graph_b_guide_similarity_control,S1_pair+F1,test,1560,11173,hg19,1,0.6801219582557678
gcn_graph_b,graph_b_guide_similarity_control,S1_pair+F1,test,1561,11173,hg19,1,0.792395830154419
gcn_graph_b,graph_b_guide_similarity_control,S1_pair+F1,test,1562,11173,hg19,1,0.769173800945282
gcn_graph_b,graph_b_guide_similarity_control,S1_pair+F1,test,1563,11173,hg19,1,0.6408132314682007
gcn_graph_b,graph_b_guide_similarity_control,S1_pair+F1,test,1564,11173,hg19,1,0.7785701155662537
gcn_graph_b,graph_b_guide_similarity_control,S1_pair+F1,test,1565,11173,hg19,1,0.662169873714447
gcn_graph_b,graph_b_guide_similarity_control,S1_pair+F1,test,1566,11173,hg19,1,0.6253870725631714
gcn_graph_b,graph_b_guide_similarity_control,S1_pair+F1,test,1567,11173,hg19,1,0.6817583441734314
gcn_graph_b,graph_b_guide_similarity_control,S1_pair+F1,test,1568,11173,hg19,1,0.6136279106140137
gcn_graph_b,graph_b_guide_similarity_control,S1_pair+F1,test,1569,11173,hg19,1,0.7978208065032959
gcn_graph_b,graph_b_guide_similarity_control,S1_pair+F1,test,1570,11173,hg19,1,0.7569540739059448
gcn_graph_b,graph_b_guide_similarity_control,S1_pair+F1,test,1571,11173,hg19,1,0.7801496982574463
gcn_graph_b,graph_b_guide_similarity_control,S1_pair+F1,test,1572,11173,hg19,1,0.6671720743179321
gcn_graph_b,graph_b_guide_similarity_control,S1_pair+F1,test,1573,11173,hg19,1,0.6377475261688232
gcn_graph_b,graph_b_guide_similarity_control,S1_pair+F1,test,1574,11173,hg19,1,0.689581573009491
gcn_graph_b,graph_b_guide_similarity_control,S1_pair+F1,test,1575,11173,hg19,1,0.6423183083534241
gcn_graph_b,graph_b_guide_similarity_control,S1_pair+F1,test,1576,11173,hg19,1,0.7993666529655457
gcn_graph_b,graph_b_guide_similarity_control,S1_pair+F1,test,1577,11173,hg19,1,0.7808298468589783
gcn_graph_b,graph_b_guide_similarity_control,S1_pair+F1,test,1578,11173,hg19,1,0.683162271976471
gcn_graph_b,graph_b_guide_similarity_control,S1_pair+F1,test,1579,11173,hg19,1,0.6593503355979919
gcn_graph_b,graph_b_guide_similarity_control,S1_pair+F1,test,1580,11173,hg19,1,0.6750472784042358
gcn_graph_b,graph_b_guide_similarity_control,S1_pair+F1,test,1581,11173,hg19,1,0.7728559374809265
gcn_graph_b,graph_b_guide_similarity_control,S1_pair+F1,test,1582,11173,hg19,1,0.7753994464874268
gcn_graph_b,graph_b_guide_similarity_control,S1_pair+F1,test,1583,11173,hg19,1,0.6791626214981079
gcn_graph_b,graph_b_guide_similarity_control,S1_pair+F1,test,1584,11173,hg19,1,0.6249126195907593
gcn_graph_b,graph_b_guide_similarity_control,S1_pair+F1,test,1585,11173,hg19,1,0.776846170425415
gcn_graph_b,graph_b_guide_similarity_control,S1_pair+F1,test,1586,11173,hg19,1,0.7775475382804871
gcn_graph_b,graph_b_guide_similarity_control,S1_pair+F1,test,1587,11173,hg19,1,0.7625840306282043
gcn_graph_b,graph_b_guide_similarity_control,S1_pair+F1,test,1588,11173,hg19,1,0.6375104188919067
gcn_graph_b,graph_b_guide_similarity_control,S1_pair+F1,test,1589,11173,hg19,1,0.7877161502838135
gcn_graph_b,graph_b_guide_similarity_control,S1_pair+F1,test,1590,11173,hg19,1,0.7783960700035095
gcn_graph_b,graph_b_guide_similarity_control,S1_pair+F1,test,1591,11173,hg19,1,0.6178147792816162
gcn_graph_b,graph_b_guide_similarity_control,S1_pair+F1,test,1592,11173,hg19,1,0.6566332578659058
gcn_graph_b,graph_b_guide_similarity_control,S1_pair+F1,test,1593,11173,hg19,1,0.6663479804992676
gcn_graph_b,graph_b_guide_similarity_control,S1_pair+F1,test,1594,11173,hg19,1,0.7815374732017517
gcn_graph_b,graph_b_guide_similarity_control,S1_pair+F1,test,1595,11173,hg19,1,0.6489904522895813
gcn_graph_b,graph_b_guide_similarity_control,S1_pair+F1,test,1596,11173,hg19,1,0.7825207114219666
gcn_graph_b,graph_b_guide_similarity_control,S1_pair+F1,test,1597,11173,hg19,1,0.6552879214286804
gcn_graph_b,graph_b_guide_similarity_control,S1_pair+F1,test,1598,11173,hg19,1,0.7884592413902283
gcn_graph_b,graph_b_guide_similarity_control,S1_pair+F1,test,1599,11173,hg19,1,0.7687464952468872
gcn_graph_b,graph_b_guide_similarity_control,S1_pair+F1,test,1600,11173,hg19,1,0.6741117238998413
gcn_graph_b,graph_b_guide_similarity_control,S1_pair+F1,test,1601,11173,hg19,1,0.6635143756866455
gcn_graph_b,graph_b_guide_similarity_control,S1_pair+F1,test,1602,11173,hg19,1,0.7702063322067261
gcn_graph_b,graph_b_guide_similarity_control,S1_pair+F1,test,1603,11173,hg19,1,0.7885574698448181
gcn_graph_b,graph_b_guide_similarity_control,S1_pair+F1,test,1604,11173,hg19,1,0.673238217830658
gcn_graph_b,graph_b_guide_similarity_control,S1_pair+F1,test,1605,11173,hg19,1,0.6770477294921875
gcn_graph_b,graph_b_guide_similarity_control,S1_pair+F1,test,1606,11173,hg19,1,0.6326738595962524
gcn_graph_b,graph_b_guide_similarity_control,S1_pair+F1,test,1607,11173,hg19,1,0.6668761968612671
gcn_graph_b,graph_b_guide_similarity_control,S1_pair+F1,test,1608,11173,hg19,1,0.6468247771263123
gcn_graph_b,graph_b_guide_similarity_control,S1_pair+F1,test,1609,11173,hg19,1,0.7749207019805908
gcn_graph_b,graph_b_guide_similarity_control,S1_pair+F1,test,1610,11173,hg19,1,0.6609567403793335
gcn_graph_b,graph_b_guide_similarity_control,S1_pair+F1,test,1611,11173,hg19,1,0.6835929751396179
gcn_graph_b,graph_b_guide_similarity_control,S1_pair+F1,test,1612,11173,hg19,1,0.7872003316879272
gcn_graph_b,graph_b_guide_similarity_control,S1_pair+F1,test,1613,11173,hg19,1,0.6888307929039001
gcn_graph_b,graph_b_guide_similarity_control,S1_pair+F1,test,1614,11173,hg19,1,0.7652838230133057
gcn_graph_b,graph_b_guide_similarity_control,S1_pair+F1,test,1615,11173,hg19,1,0.650087833404541
gcn_graph_b,graph_b_guide_similarity_control,S1_pair+F1,test,1616,11173,hg19,1,0.6494202613830566
gcn_graph_b,graph_b_guide_similarity_control,S1_pair+F1,test,1617,11173,hg19,1,0.6575333476066589
gcn_graph_b,graph_b_guide_similarity_control,S1_pair+F1,test,1618,11173,hg19,1,0.6637741327285767
gcn_graph_b,graph_b_guide_similarity_control,S1_pair+F1,test,1619,11173,hg19,1,0.6835557222366333
gcn_graph_b,graph_b_guide_similarity_control,S1_pair+F1,test,1620,11173,hg19,1,0.642977774143219
gcn_graph_b,graph_b_guide_similarity_control,S1_pair+F1,test,1621,11173,hg19,1,0.7908484935760498
gcn_graph_b,graph_b_guide_similarity_control,S1_pair+F1,test,1622,11173,hg19,1,0.7885633111000061
gcn_graph_b,graph_b_guide_similarity_control,S1_pair+F1,test,1623,11173,hg19,1,0.6875081062316895
gcn_graph_b,graph_b_guide_similarity_control,S1_pair+F1,test,1624,11173,hg19,1,0.7681135535240173
gcn_graph_b,graph_b_guide_similarity_control,S1_pair+F1,test,1625,11173,hg19,1,0.6880242228507996
gcn_graph_b,graph_b_guide_similarity_control,S1_pair+F1,test,1626,11173,hg19,1,0.6632519960403442
gcn_graph_b,graph_b_guide_similarity_control,S1_pair+F1,test,1627,11173,hg19,1,0.6910604238510132
gcn_graph_b,graph_b_guide_similarity_control,S1_pair+F1,test,1628,11173,hg19,1,0.6715629696846008
gcn_graph_b,graph_b_guide_similarity_control,S1_pair+F1,test,1629,11173,hg19,1,0.657935380935669
gcn_graph_b,graph_b_guide_similarity_control,S1_pair+F1,test,1630,11173,hg19,1,0.6950870156288147
gcn_graph_b,graph_b_guide_similarity_control,S1_pair+F1,test,1631,11173,hg19,1,0.669457733631134
gcn_graph_b,graph_b_guide_similarity_control,S1_pair+F1,test,1632,11173,hg19,1,0.7721876502037048
gcn_graph_b,graph_b_guide_similarity_control,S1_pair+F1,test,1633,11173,hg19,1,0.7539733648300171
gcn_graph_b,graph_b_guide_similarity_control,S1_pair+F1,test,1634,11173,hg19,1,0.7825540900230408
gcn_graph_b,graph_b_guide_similarity_control,S1_pair+F1,test,1635,11173,hg19,1,0.6923102736473083
gcn_graph_b,graph_b_guide_similarity_control,S1_pair+F1,test,1636,11173,hg19,1,0.7688397169113159
gcn_graph_b,graph_b_guide_similarity_control,S1_pair+F1,test,1637,11173,hg19,1,0.7676950693130493
gcn_graph_b,graph_b_guide_similarity_control,S1_pair+F1,test,1638,11173,hg19,1,0.6919950246810913
gcn_graph_b,graph_b_guide_similarity_control,S1_pair+F1,test,1639,11173,hg19,1,0.6687316298484802
gcn_graph_b,graph_b_guide_similarity_control,S1_pair+F1,test,1640,11173,hg19,1,0.7837146520614624
gcn_graph_b,graph_b_guide_similarity_control,S1_pair+F1,test,1641,11173,hg19,1,0.6411882638931274
gcn_graph_b,graph_b_guide_similarity_control,S1_pair+F1,test,1642,11173,hg19,1,0.6577511429786682
gcn_graph_b,graph_b_guide_similarity_control,S1_pair+F1,test,1643,11173,hg19,1,0.6965718865394592
gcn_graph_b,graph_b_guide_similarity_control,S1_pair+F1,test,1644,11173,hg19,1,0.6222208142280579
gcn_graph_b,graph_b_guide_similarity_control,S1_pair+F1,test,1645,11173,hg19,1,0.661848783493042
gcn_graph_b,graph_b_guide_similarity_control,S1_pair+F1,test,1646,11173,hg19,1,0.7887635827064514
gcn_graph_b,graph_b_guide_similarity_control,S1_pair+F1,test,1647,11173,hg19,1,0.636728048324585
gcn_graph_b,graph_b_guide_similarity_control,S1_pair+F1,test,1648,11173,hg19,1,0.7796409130096436
gcn_graph_b,graph_b_guide_similarity_control,S1_pair+F1,test,1649,11173,hg19,1,0.6937304139137268
gcn_graph_b,graph_b_guide_similarity_control,S1_pair+F1,test,1650,11173,hg19,1,0.6826958060264587
gcn_graph_b,graph_b_guide_similarity_control,S1_pair+F1,test,1651,11173,hg19,1,0.682278573513031
gcn_graph_b,graph_b_guide_similarity_control,S1_pair+F1,test,1652,11173,hg19,1,0.6941354870796204
gcn_graph_b,graph_b_guide_similarity_control,S1_pair+F1,test,1653,11173,hg19,1,0.6609663963317871
gcn_graph_b,graph_b_guide_similarity_control,S1_pair+F1,test,1654,11173,hg19,1,0.6849115490913391
gcn_graph_b,graph_b_guide_similarity_control,S1_pair+F1,test,1655,11173,hg19,1,0.6600179672241211
gcn_graph_b,graph_b_guide_similarity_control,S1_pair+F1,test,1656,11173,hg19,1,0.6756502389907837
gcn_graph_b,graph_b_guide_similarity_control,S1_pair+F1,test,1657,11173,hg19,1,0.6579254865646362
gcn_graph_b,graph_b_guide_similarity_control,S1_pair+F1,test,1658,11173,hg19,1,0.7734612226486206
gcn_graph_b,graph_b_guide_similarity_control,S1_pair+F1,test,1659,11173,hg19,1,0.6855971217155457
gcn_graph_b,graph_b_guide_similarity_control,S1_pair+F1,test,1660,11173,hg19,1,0.660173773765564
gcn_graph_b,graph_b_guide_similarity_control,S1_pair+F1,test,1661,11173,hg19,1,0.6454241275787354
gcn_graph_b,graph_b_guide_similarity_control,S1_pair+F1,test,1662,11173,hg19,1,0.7749834656715393
gcn_graph_b,graph_b_guide_similarity_control,S1_pair+F1,test,1663,11173,hg19,1,0.7720057368278503
gcn_graph_b,graph_b_guide_similarity_control,S1_pair+F1,test,1664,11173,hg19,1,0.6792928576469421
gcn_graph_b,graph_b_guide_similarity_control,S1_pair+F1,test,1665,11299,hg19,1,0.24669820070266724
gcn_graph_b,graph_b_guide_similarity_control,S1_pair+F1,test,1666,11299,hg19,1,0.22690583765506744
gcn_graph_b,graph_b_guide_similarity_control,S1_pair+F1,test,1667,11299,hg19,1,0.23087243735790253
gcn_graph_b,graph_b_guide_similarity_control,S1_pair+F1,test,1668,11299,hg19,1,0.23414212465286255
gcn_graph_b,graph_b_guide_similarity_control,S1_pair+F1,test,1669,11299,hg19,1,0.20623567700386047
gcn_graph_b,graph_b_guide_similarity_control,S1_pair+F1,test,1670,11299,hg19,1,0.20039163529872894
gcn_graph_b,graph_b_guide_similarity_control,S1_pair+F1,test,1671,11299,hg19,1,0.20863622426986694
gcn_graph_b,graph_b_guide_similarity_control,S1_pair+F1,test,1672,11299,hg19,1,0.21336188912391663
gcn_graph_b,graph_b_guide_similarity_control,S1_pair+F1,test,1673,11299,hg19,1,0.22504079341888428
gcn_graph_b,graph_b_guide_similarity_control,S1_pair+F1,test,1674,11299,hg19,1,0.1882542073726654
gcn_graph_b,graph_b_guide_similarity_control,S1_pair+F1,test,1675,11299,hg19,1,0.21345336735248566
gcn_graph_b,graph_b_guide_similarity_control,S1_pair+F1,test,1676,11487,hg19,1,0.6452519297599792
gcn_graph_b,graph_b_guide_similarity_control,S1_pair+F1,test,1677,11487,hg19,1,0.6428874731063843
gcn_graph_b,graph_b_guide_similarity_control,S1_pair+F1,test,1678,11487,hg19,1,0.6430370211601257
gcn_graph_b,graph_b_guide_similarity_control,S1_pair+F1,test,1679,11487,hg19,1,0.6044102907180786
gcn_graph_b,graph_b_guide_similarity_control,S1_pair+F1,test,1680,11487,hg19,1,0.6376182436943054
gcn_graph_b,graph_b_guide_similarity_control,S1_pair+F1,test,1681,11487,hg19,1,0.6423557996749878
gcn_graph_b,graph_b_guide_similarity_control,S1_pair+F1,test,1682,11487,hg19,1,0.6421499848365784
gcn_graph_b,graph_b_guide_similarity_control,S1_pair+F1,test,1683,11487,hg19,1,0.679841160774231
gcn_graph_b,graph_b_guide_similarity_control,S1_pair+F1,test,1684,11487,hg19,1,0.6671065092086792
gcn_graph_b,graph_b_guide_similarity_control,S1_pair+F1,test,1685,11487,hg19,1,0.6725382208824158
gcn_graph_b,graph_b_guide_similarity_control,S1_pair+F1,test,1686,11487,hg19,1,0.6522058844566345
gcn_graph_b,graph_b_guide_similarity_control,S1_pair+F1,test,1687,11487,hg19,1,0.658694863319397
gcn_graph_b,graph_b_guide_similarity_control,S1_pair+F1,test,1688,11487,hg19,1,0.6518728137016296
gcn_graph_b,graph_b_guide_similarity_control,S1_pair+F1,test,1689,11506,hg19,1,0.6138097047805786
gcn_graph_b,graph_b_guide_similarity_control,S1_pair+F1,test,1690,11506,hg19,1,0.5784145593643188
gcn_graph_b,graph_b_guide_similarity_control,S1_pair+F1,test,1691,11506,hg19,1,0.5719490051269531
gcn_graph_b,graph_b_guide_similarity_control,S1_pair+F1,test,1692,11506,hg19,0,0.532289445400238
gcn_graph_b,graph_b_guide_similarity_control,S1_pair+F1,test,1693,11506,hg19,1,0.5736613273620605
gcn_graph_b,graph_b_guide_similarity_control,S1_pair+F1,test,1694,11506,hg19,1,0.598768413066864
gcn_graph_b,graph_b_guide_similarity_control,S1_pair+F1,test,1695,11506,hg19,0,0.5958128571510315
gcn_graph_b,graph_b_guide_similarity_control,S1_pair+F1,test,1696,11506,hg19,0,0.5848727226257324
gcn_graph_b,graph_b_guide_similarity_control,S1_pair+F1,test,1697,11506,hg19,0,0.5909194946289062
gcn_graph_b,graph_b_guide_similarity_control,S1_pair+F1,test,1698,11506,hg19,0,0.5748867988586426
gcn_graph_b,graph_b_guide_similarity_control,S1_pair+F1,test,1699,11506,hg19,0,0.5667630434036255
gcn_graph_b,graph_b_guide_similarity_control,S1_pair+F1,test,1700,11506,hg19,0,0.3595712184906006
gcn_graph_b,graph_b_guide_similarity_control,S1_pair+F1,test,1701,11506,hg19,0,0.5739513039588928
